[2026-09-22T16:19:33.316+0000] {processor.py:161} INFO - Started process (PID=96) to work on /home/airflow/.local/lib/python3.12/site-packages/airflow/example_dags/example_dynamic_task_mapping.py
[2026-09-22T16:19:33.317+0000] {processor.py:830} INFO - Processing file /home/airflow/.local/lib/python3.12/site-packages/airflow/example_dags/example_dynamic_task_mapping.py for tasks to queue
[2026-09-22T16:19:33.321+0000] {logging_mixin.py:188} INFO - [2026-09-22T16:19:33.321+0000] {dagbag.py:545} INFO - Filling up the DagBag from /home/airflow/.local/lib/python3.12/site-packages/airflow/example_dags/example_dynamic_task_mapping.py
[2026-09-22T16:19:33.332+0000] {processor.py:840} INFO - DAG(s) 'example_dynamic_task_mapping' retrieved from /home/airflow/.local/lib/python3.12/site-packages/airflow/example_dags/example_dynamic_task_mapping.py
[2026-09-22T16:19:33.477+0000] {logging_mixin.py:188} INFO - [2026-09-22T16:19:33.476+0000] {dag.py:3089} INFO - Sync 1 DAGs
[2026-09-22T16:19:33.501+0000] {logging_mixin.py:188} INFO - [2026-09-22T16:19:33.501+0000] {dag.py:3947} INFO - Setting next_dagrun for example_dynamic_task_mapping to 2022-03-04 00:00:00+00:00, run_after=2022-03-05 00:00:00+00:00
[2026-09-22T16:19:33.529+0000] {processor.py:183} INFO - Processing /home/airflow/.local/lib/python3.12/site-packages/airflow/example_dags/example_dynamic_task_mapping.py took 0.221 seconds
[2026-09-22T16:20:03.793+0000] {processor.py:161} INFO - Started process (PID=154) to work on /home/airflow/.local/lib/python3.12/site-packages/airflow/example_dags/example_dynamic_task_mapping.py
[2026-09-22T16:20:03.795+0000] {processor.py:830} INFO - Processing file /home/airflow/.local/lib/python3.12/site-packages/airflow/example_dags/example_dynamic_task_mapping.py for tasks to queue
[2026-09-22T16:20:03.801+0000] {logging_mixin.py:188} INFO - [2026-09-22T16:20:03.800+0000] {dagbag.py:545} INFO - Filling up the DagBag from /home/airflow/.local/lib/python3.12/site-packages/airflow/example_dags/example_dynamic_task_mapping.py
[2026-09-22T16:20:03.812+0000] {processor.py:840} INFO - DAG(s) 'example_dynamic_task_mapping' retrieved from /home/airflow/.local/lib/python3.12/site-packages/airflow/example_dags/example_dynamic_task_mapping.py
[2026-09-22T16:20:03.845+0000] {logging_mixin.py:188} INFO - [2026-09-22T16:20:03.844+0000] {dag.py:3089} INFO - Sync 1 DAGs
[2026-09-22T16:20:03.879+0000] {logging_mixin.py:188} INFO - [2026-09-22T16:20:03.878+0000] {dag.py:3947} INFO - Setting next_dagrun for example_dynamic_task_mapping to 2022-03-04 00:00:00+00:00, run_after=2022-03-05 00:00:00+00:00
[2026-09-22T16:20:03.913+0000] {processor.py:183} INFO - Processing /home/airflow/.local/lib/python3.12/site-packages/airflow/example_dags/example_dynamic_task_mapping.py took 0.132 seconds
[2026-09-22T16:20:34.335+0000] {processor.py:161} INFO - Started process (PID=211) to work on /home/airflow/.local/lib/python3.12/site-packages/airflow/example_dags/example_dynamic_task_mapping.py
[2026-09-22T16:20:34.336+0000] {processor.py:830} INFO - Processing file /home/airflow/.local/lib/python3.12/site-packages/airflow/example_dags/example_dynamic_task_mapping.py for tasks to queue
[2026-09-22T16:20:34.339+0000] {logging_mixin.py:188} INFO - [2026-09-22T16:20:34.339+0000] {dagbag.py:545} INFO - Filling up the DagBag from /home/airflow/.local/lib/python3.12/site-packages/airflow/example_dags/example_dynamic_task_mapping.py
[2026-09-22T16:20:34.347+0000] {processor.py:840} INFO - DAG(s) 'example_dynamic_task_mapping' retrieved from /home/airflow/.local/lib/python3.12/site-packages/airflow/example_dags/example_dynamic_task_mapping.py
[2026-09-22T16:20:34.374+0000] {logging_mixin.py:188} INFO - [2026-09-22T16:20:34.374+0000] {dag.py:3089} INFO - Sync 1 DAGs
[2026-09-22T16:20:34.399+0000] {logging_mixin.py:188} INFO - [2026-09-22T16:20:34.399+0000] {dag.py:3947} INFO - Setting next_dagrun for example_dynamic_task_mapping to 2022-03-04 00:00:00+00:00, run_after=2022-03-05 00:00:00+00:00
[2026-09-22T16:20:34.424+0000] {processor.py:183} INFO - Processing /home/airflow/.local/lib/python3.12/site-packages/airflow/example_dags/example_dynamic_task_mapping.py took 0.096 seconds
[2026-09-22T16:21:04.664+0000] {processor.py:161} INFO - Started process (PID=269) to work on /home/airflow/.local/lib/python3.12/site-packages/airflow/example_dags/example_dynamic_task_mapping.py
[2026-09-22T16:21:04.666+0000] {processor.py:830} INFO - Processing file /home/airflow/.local/lib/python3.12/site-packages/airflow/example_dags/example_dynamic_task_mapping.py for tasks to queue
[2026-09-22T16:21:04.669+0000] {logging_mixin.py:188} INFO - [2026-09-22T16:21:04.669+0000] {dagbag.py:545} INFO - Filling up the DagBag from /home/airflow/.local/lib/python3.12/site-packages/airflow/example_dags/example_dynamic_task_mapping.py
[2026-09-22T16:21:04.678+0000] {processor.py:840} INFO - DAG(s) 'example_dynamic_task_mapping' retrieved from /home/airflow/.local/lib/python3.12/site-packages/airflow/example_dags/example_dynamic_task_mapping.py
[2026-09-22T16:21:04.705+0000] {logging_mixin.py:188} INFO - [2026-09-22T16:21:04.704+0000] {dag.py:3089} INFO - Sync 1 DAGs
[2026-09-22T16:21:04.732+0000] {logging_mixin.py:188} INFO - [2026-09-22T16:21:04.731+0000] {dag.py:3947} INFO - Setting next_dagrun for example_dynamic_task_mapping to 2022-03-04 00:00:00+00:00, run_after=2022-03-05 00:00:00+00:00
[2026-09-22T16:21:04.768+0000] {processor.py:183} INFO - Processing /home/airflow/.local/lib/python3.12/site-packages/airflow/example_dags/example_dynamic_task_mapping.py took 0.112 seconds
[2026-09-22T16:21:34.959+0000] {processor.py:161} INFO - Started process (PID=327) to work on /home/airflow/.local/lib/python3.12/site-packages/airflow/example_dags/example_dynamic_task_mapping.py
[2026-09-22T16:21:34.960+0000] {processor.py:830} INFO - Processing file /home/airflow/.local/lib/python3.12/site-packages/airflow/example_dags/example_dynamic_task_mapping.py for tasks to queue
[2026-09-22T16:21:34.963+0000] {logging_mixin.py:188} INFO - [2026-09-22T16:21:34.963+0000] {dagbag.py:545} INFO - Filling up the DagBag from /home/airflow/.local/lib/python3.12/site-packages/airflow/example_dags/example_dynamic_task_mapping.py
[2026-09-22T16:21:34.973+0000] {processor.py:840} INFO - DAG(s) 'example_dynamic_task_mapping' retrieved from /home/airflow/.local/lib/python3.12/site-packages/airflow/example_dags/example_dynamic_task_mapping.py
[2026-09-22T16:21:35.004+0000] {logging_mixin.py:188} INFO - [2026-09-22T16:21:35.004+0000] {dag.py:3089} INFO - Sync 1 DAGs
[2026-09-22T16:21:35.041+0000] {logging_mixin.py:188} INFO - [2026-09-22T16:21:35.041+0000] {dag.py:3947} INFO - Setting next_dagrun for example_dynamic_task_mapping to 2022-03-04 00:00:00+00:00, run_after=2022-03-05 00:00:00+00:00
[2026-09-22T16:21:35.126+0000] {processor.py:183} INFO - Processing /home/airflow/.local/lib/python3.12/site-packages/airflow/example_dags/example_dynamic_task_mapping.py took 0.176 seconds
[2026-09-22T16:22:05.455+0000] {processor.py:161} INFO - Started process (PID=385) to work on /home/airflow/.local/lib/python3.12/site-packages/airflow/example_dags/example_dynamic_task_mapping.py
[2026-09-22T16:22:05.457+0000] {processor.py:830} INFO - Processing file /home/airflow/.local/lib/python3.12/site-packages/airflow/example_dags/example_dynamic_task_mapping.py for tasks to queue
[2026-09-22T16:22:05.460+0000] {logging_mixin.py:188} INFO - [2026-09-22T16:22:05.459+0000] {dagbag.py:545} INFO - Filling up the DagBag from /home/airflow/.local/lib/python3.12/site-packages/airflow/example_dags/example_dynamic_task_mapping.py
[2026-09-22T16:22:05.471+0000] {processor.py:840} INFO - DAG(s) 'example_dynamic_task_mapping' retrieved from /home/airflow/.local/lib/python3.12/site-packages/airflow/example_dags/example_dynamic_task_mapping.py
[2026-09-22T16:22:05.503+0000] {logging_mixin.py:188} INFO - [2026-09-22T16:22:05.502+0000] {dag.py:3089} INFO - Sync 1 DAGs
[2026-09-22T16:22:05.537+0000] {logging_mixin.py:188} INFO - [2026-09-22T16:22:05.537+0000] {dag.py:3947} INFO - Setting next_dagrun for example_dynamic_task_mapping to 2022-03-04 00:00:00+00:00, run_after=2022-03-05 00:00:00+00:00
[2026-09-22T16:22:05.619+0000] {processor.py:183} INFO - Processing /home/airflow/.local/lib/python3.12/site-packages/airflow/example_dags/example_dynamic_task_mapping.py took 0.173 seconds
[2026-09-22T16:22:35.746+0000] {processor.py:161} INFO - Started process (PID=444) to work on /home/airflow/.local/lib/python3.12/site-packages/airflow/example_dags/example_dynamic_task_mapping.py
[2026-09-22T16:22:35.750+0000] {processor.py:830} INFO - Processing file /home/airflow/.local/lib/python3.12/site-packages/airflow/example_dags/example_dynamic_task_mapping.py for tasks to queue
[2026-09-22T16:22:35.755+0000] {logging_mixin.py:188} INFO - [2026-09-22T16:22:35.754+0000] {dagbag.py:545} INFO - Filling up the DagBag from /home/airflow/.local/lib/python3.12/site-packages/airflow/example_dags/example_dynamic_task_mapping.py
[2026-09-22T16:22:35.767+0000] {processor.py:840} INFO - DAG(s) 'example_dynamic_task_mapping' retrieved from /home/airflow/.local/lib/python3.12/site-packages/airflow/example_dags/example_dynamic_task_mapping.py
[2026-09-22T16:22:35.797+0000] {logging_mixin.py:188} INFO - [2026-09-22T16:22:35.797+0000] {dag.py:3089} INFO - Sync 1 DAGs
[2026-09-22T16:22:35.828+0000] {logging_mixin.py:188} INFO - [2026-09-22T16:22:35.828+0000] {dag.py:3947} INFO - Setting next_dagrun for example_dynamic_task_mapping to 2022-03-04 00:00:00+00:00, run_after=2022-03-05 00:00:00+00:00
[2026-09-22T16:22:35.858+0000] {processor.py:183} INFO - Processing /home/airflow/.local/lib/python3.12/site-packages/airflow/example_dags/example_dynamic_task_mapping.py took 0.121 seconds
[2026-09-22T16:23:06.496+0000] {processor.py:161} INFO - Started process (PID=501) to work on /home/airflow/.local/lib/python3.12/site-packages/airflow/example_dags/example_dynamic_task_mapping.py
[2026-09-22T16:23:06.498+0000] {processor.py:830} INFO - Processing file /home/airflow/.local/lib/python3.12/site-packages/airflow/example_dags/example_dynamic_task_mapping.py for tasks to queue
[2026-09-22T16:23:06.502+0000] {logging_mixin.py:188} INFO - [2026-09-22T16:23:06.501+0000] {dagbag.py:545} INFO - Filling up the DagBag from /home/airflow/.local/lib/python3.12/site-packages/airflow/example_dags/example_dynamic_task_mapping.py
[2026-09-22T16:23:06.517+0000] {processor.py:840} INFO - DAG(s) 'example_dynamic_task_mapping' retrieved from /home/airflow/.local/lib/python3.12/site-packages/airflow/example_dags/example_dynamic_task_mapping.py
[2026-09-22T16:23:06.545+0000] {logging_mixin.py:188} INFO - [2026-09-22T16:23:06.544+0000] {dag.py:3089} INFO - Sync 1 DAGs
[2026-09-22T16:23:06.575+0000] {logging_mixin.py:188} INFO - [2026-09-22T16:23:06.575+0000] {dag.py:3947} INFO - Setting next_dagrun for example_dynamic_task_mapping to 2022-03-04 00:00:00+00:00, run_after=2022-03-05 00:00:00+00:00
[2026-09-22T16:23:06.666+0000] {processor.py:183} INFO - Processing /home/airflow/.local/lib/python3.12/site-packages/airflow/example_dags/example_dynamic_task_mapping.py took 0.178 seconds
[2026-09-22T16:23:36.940+0000] {processor.py:161} INFO - Started process (PID=559) to work on /home/airflow/.local/lib/python3.12/site-packages/airflow/example_dags/example_dynamic_task_mapping.py
[2026-09-22T16:23:36.943+0000] {processor.py:830} INFO - Processing file /home/airflow/.local/lib/python3.12/site-packages/airflow/example_dags/example_dynamic_task_mapping.py for tasks to queue
[2026-09-22T16:23:36.946+0000] {logging_mixin.py:188} INFO - [2026-09-22T16:23:36.945+0000] {dagbag.py:545} INFO - Filling up the DagBag from /home/airflow/.local/lib/python3.12/site-packages/airflow/example_dags/example_dynamic_task_mapping.py
[2026-09-22T16:23:36.958+0000] {processor.py:840} INFO - DAG(s) 'example_dynamic_task_mapping' retrieved from /home/airflow/.local/lib/python3.12/site-packages/airflow/example_dags/example_dynamic_task_mapping.py
[2026-09-22T16:23:36.985+0000] {logging_mixin.py:188} INFO - [2026-09-22T16:23:36.984+0000] {dag.py:3089} INFO - Sync 1 DAGs
[2026-09-22T16:23:37.015+0000] {logging_mixin.py:188} INFO - [2026-09-22T16:23:37.015+0000] {dag.py:3947} INFO - Setting next_dagrun for example_dynamic_task_mapping to 2022-03-04 00:00:00+00:00, run_after=2022-03-05 00:00:00+00:00
[2026-09-22T16:23:37.041+0000] {processor.py:183} INFO - Processing /home/airflow/.local/lib/python3.12/site-packages/airflow/example_dags/example_dynamic_task_mapping.py took 0.113 seconds
[2026-09-22T16:24:07.919+0000] {processor.py:161} INFO - Started process (PID=617) to work on /home/airflow/.local/lib/python3.12/site-packages/airflow/example_dags/example_dynamic_task_mapping.py
[2026-09-22T16:24:07.921+0000] {processor.py:830} INFO - Processing file /home/airflow/.local/lib/python3.12/site-packages/airflow/example_dags/example_dynamic_task_mapping.py for tasks to queue
[2026-09-22T16:24:07.924+0000] {logging_mixin.py:188} INFO - [2026-09-22T16:24:07.924+0000] {dagbag.py:545} INFO - Filling up the DagBag from /home/airflow/.local/lib/python3.12/site-packages/airflow/example_dags/example_dynamic_task_mapping.py
[2026-09-22T16:24:07.936+0000] {processor.py:840} INFO - DAG(s) 'example_dynamic_task_mapping' retrieved from /home/airflow/.local/lib/python3.12/site-packages/airflow/example_dags/example_dynamic_task_mapping.py
[2026-09-22T16:24:07.966+0000] {logging_mixin.py:188} INFO - [2026-09-22T16:24:07.966+0000] {dag.py:3089} INFO - Sync 1 DAGs
[2026-09-22T16:24:07.997+0000] {logging_mixin.py:188} INFO - [2026-09-22T16:24:07.997+0000] {dag.py:3947} INFO - Setting next_dagrun for example_dynamic_task_mapping to 2022-03-04 00:00:00+00:00, run_after=2022-03-05 00:00:00+00:00
[2026-09-22T16:24:08.081+0000] {processor.py:183} INFO - Processing /home/airflow/.local/lib/python3.12/site-packages/airflow/example_dags/example_dynamic_task_mapping.py took 0.171 seconds
[2026-09-22T16:24:38.554+0000] {processor.py:161} INFO - Started process (PID=675) to work on /home/airflow/.local/lib/python3.12/site-packages/airflow/example_dags/example_dynamic_task_mapping.py
[2026-09-22T16:24:38.556+0000] {processor.py:830} INFO - Processing file /home/airflow/.local/lib/python3.12/site-packages/airflow/example_dags/example_dynamic_task_mapping.py for tasks to queue
[2026-09-22T16:24:38.558+0000] {logging_mixin.py:188} INFO - [2026-09-22T16:24:38.558+0000] {dagbag.py:545} INFO - Filling up the DagBag from /home/airflow/.local/lib/python3.12/site-packages/airflow/example_dags/example_dynamic_task_mapping.py
[2026-09-22T16:24:38.566+0000] {processor.py:840} INFO - DAG(s) 'example_dynamic_task_mapping' retrieved from /home/airflow/.local/lib/python3.12/site-packages/airflow/example_dags/example_dynamic_task_mapping.py
[2026-09-22T16:24:38.594+0000] {logging_mixin.py:188} INFO - [2026-09-22T16:24:38.594+0000] {dag.py:3089} INFO - Sync 1 DAGs
[2026-09-22T16:24:38.628+0000] {logging_mixin.py:188} INFO - [2026-09-22T16:24:38.628+0000] {dag.py:3947} INFO - Setting next_dagrun for example_dynamic_task_mapping to 2022-03-04 00:00:00+00:00, run_after=2022-03-05 00:00:00+00:00
[2026-09-22T16:24:38.662+0000] {processor.py:183} INFO - Processing /home/airflow/.local/lib/python3.12/site-packages/airflow/example_dags/example_dynamic_task_mapping.py took 0.118 seconds
[2026-09-22T16:25:08.845+0000] {processor.py:161} INFO - Started process (PID=733) to work on /home/airflow/.local/lib/python3.12/site-packages/airflow/example_dags/example_dynamic_task_mapping.py
[2026-09-22T16:25:08.847+0000] {processor.py:830} INFO - Processing file /home/airflow/.local/lib/python3.12/site-packages/airflow/example_dags/example_dynamic_task_mapping.py for tasks to queue
[2026-09-22T16:25:08.851+0000] {logging_mixin.py:188} INFO - [2026-09-22T16:25:08.850+0000] {dagbag.py:545} INFO - Filling up the DagBag from /home/airflow/.local/lib/python3.12/site-packages/airflow/example_dags/example_dynamic_task_mapping.py
[2026-09-22T16:25:08.861+0000] {processor.py:840} INFO - DAG(s) 'example_dynamic_task_mapping' retrieved from /home/airflow/.local/lib/python3.12/site-packages/airflow/example_dags/example_dynamic_task_mapping.py
[2026-09-22T16:25:08.894+0000] {logging_mixin.py:188} INFO - [2026-09-22T16:25:08.893+0000] {dag.py:3089} INFO - Sync 1 DAGs
[2026-09-22T16:25:08.926+0000] {logging_mixin.py:188} INFO - [2026-09-22T16:25:08.926+0000] {dag.py:3947} INFO - Setting next_dagrun for example_dynamic_task_mapping to 2022-03-04 00:00:00+00:00, run_after=2022-03-05 00:00:00+00:00
[2026-09-22T16:25:08.950+0000] {processor.py:183} INFO - Processing /home/airflow/.local/lib/python3.12/site-packages/airflow/example_dags/example_dynamic_task_mapping.py took 0.115 seconds
[2026-09-22T16:25:39.428+0000] {processor.py:161} INFO - Started process (PID=791) to work on /home/airflow/.local/lib/python3.12/site-packages/airflow/example_dags/example_dynamic_task_mapping.py
[2026-09-22T16:25:39.432+0000] {processor.py:830} INFO - Processing file /home/airflow/.local/lib/python3.12/site-packages/airflow/example_dags/example_dynamic_task_mapping.py for tasks to queue
[2026-09-22T16:25:39.435+0000] {logging_mixin.py:188} INFO - [2026-09-22T16:25:39.435+0000] {dagbag.py:545} INFO - Filling up the DagBag from /home/airflow/.local/lib/python3.12/site-packages/airflow/example_dags/example_dynamic_task_mapping.py
[2026-09-22T16:25:39.452+0000] {processor.py:840} INFO - DAG(s) 'example_dynamic_task_mapping' retrieved from /home/airflow/.local/lib/python3.12/site-packages/airflow/example_dags/example_dynamic_task_mapping.py
[2026-09-22T16:25:39.484+0000] {logging_mixin.py:188} INFO - [2026-09-22T16:25:39.484+0000] {dag.py:3089} INFO - Sync 1 DAGs
[2026-09-22T16:25:39.533+0000] {logging_mixin.py:188} INFO - [2026-09-22T16:25:39.533+0000] {dag.py:3947} INFO - Setting next_dagrun for example_dynamic_task_mapping to 2022-03-04 00:00:00+00:00, run_after=2022-03-05 00:00:00+00:00
[2026-09-22T16:25:39.593+0000] {processor.py:183} INFO - Processing /home/airflow/.local/lib/python3.12/site-packages/airflow/example_dags/example_dynamic_task_mapping.py took 0.179 seconds
[2026-09-22T16:26:10.045+0000] {processor.py:161} INFO - Started process (PID=849) to work on /home/airflow/.local/lib/python3.12/site-packages/airflow/example_dags/example_dynamic_task_mapping.py
[2026-09-22T16:26:10.047+0000] {processor.py:830} INFO - Processing file /home/airflow/.local/lib/python3.12/site-packages/airflow/example_dags/example_dynamic_task_mapping.py for tasks to queue
[2026-09-22T16:26:10.050+0000] {logging_mixin.py:188} INFO - [2026-09-22T16:26:10.050+0000] {dagbag.py:545} INFO - Filling up the DagBag from /home/airflow/.local/lib/python3.12/site-packages/airflow/example_dags/example_dynamic_task_mapping.py
[2026-09-22T16:26:10.063+0000] {processor.py:840} INFO - DAG(s) 'example_dynamic_task_mapping' retrieved from /home/airflow/.local/lib/python3.12/site-packages/airflow/example_dags/example_dynamic_task_mapping.py
[2026-09-22T16:26:10.096+0000] {logging_mixin.py:188} INFO - [2026-09-22T16:26:10.095+0000] {dag.py:3089} INFO - Sync 1 DAGs
[2026-09-22T16:26:10.143+0000] {logging_mixin.py:188} INFO - [2026-09-22T16:26:10.142+0000] {dag.py:3947} INFO - Setting next_dagrun for example_dynamic_task_mapping to 2022-03-04 00:00:00+00:00, run_after=2022-03-05 00:00:00+00:00
[2026-09-22T16:26:10.182+0000] {processor.py:183} INFO - Processing /home/airflow/.local/lib/python3.12/site-packages/airflow/example_dags/example_dynamic_task_mapping.py took 0.146 seconds
[2026-09-22T16:26:40.283+0000] {processor.py:161} INFO - Started process (PID=907) to work on /home/airflow/.local/lib/python3.12/site-packages/airflow/example_dags/example_dynamic_task_mapping.py
[2026-09-22T16:26:40.285+0000] {processor.py:830} INFO - Processing file /home/airflow/.local/lib/python3.12/site-packages/airflow/example_dags/example_dynamic_task_mapping.py for tasks to queue
[2026-09-22T16:26:40.290+0000] {logging_mixin.py:188} INFO - [2026-09-22T16:26:40.289+0000] {dagbag.py:545} INFO - Filling up the DagBag from /home/airflow/.local/lib/python3.12/site-packages/airflow/example_dags/example_dynamic_task_mapping.py
[2026-09-22T16:26:40.303+0000] {processor.py:840} INFO - DAG(s) 'example_dynamic_task_mapping' retrieved from /home/airflow/.local/lib/python3.12/site-packages/airflow/example_dags/example_dynamic_task_mapping.py
[2026-09-22T16:26:40.346+0000] {logging_mixin.py:188} INFO - [2026-09-22T16:26:40.346+0000] {dag.py:3089} INFO - Sync 1 DAGs
[2026-09-22T16:26:40.392+0000] {logging_mixin.py:188} INFO - [2026-09-22T16:26:40.391+0000] {dag.py:3947} INFO - Setting next_dagrun for example_dynamic_task_mapping to 2022-03-04 00:00:00+00:00, run_after=2022-03-05 00:00:00+00:00
[2026-09-22T16:26:40.432+0000] {processor.py:183} INFO - Processing /home/airflow/.local/lib/python3.12/site-packages/airflow/example_dags/example_dynamic_task_mapping.py took 0.162 seconds
[2026-09-22T16:27:10.840+0000] {processor.py:161} INFO - Started process (PID=965) to work on /home/airflow/.local/lib/python3.12/site-packages/airflow/example_dags/example_dynamic_task_mapping.py
[2026-09-22T16:27:10.842+0000] {processor.py:830} INFO - Processing file /home/airflow/.local/lib/python3.12/site-packages/airflow/example_dags/example_dynamic_task_mapping.py for tasks to queue
[2026-09-22T16:27:10.845+0000] {logging_mixin.py:188} INFO - [2026-09-22T16:27:10.845+0000] {dagbag.py:545} INFO - Filling up the DagBag from /home/airflow/.local/lib/python3.12/site-packages/airflow/example_dags/example_dynamic_task_mapping.py
[2026-09-22T16:27:10.855+0000] {processor.py:840} INFO - DAG(s) 'example_dynamic_task_mapping' retrieved from /home/airflow/.local/lib/python3.12/site-packages/airflow/example_dags/example_dynamic_task_mapping.py
[2026-09-22T16:27:10.879+0000] {logging_mixin.py:188} INFO - [2026-09-22T16:27:10.879+0000] {dag.py:3089} INFO - Sync 1 DAGs
[2026-09-22T16:27:10.911+0000] {logging_mixin.py:188} INFO - [2026-09-22T16:27:10.911+0000] {dag.py:3947} INFO - Setting next_dagrun for example_dynamic_task_mapping to 2022-03-04 00:00:00+00:00, run_after=2022-03-05 00:00:00+00:00
[2026-09-22T16:27:10.974+0000] {processor.py:183} INFO - Processing /home/airflow/.local/lib/python3.12/site-packages/airflow/example_dags/example_dynamic_task_mapping.py took 0.144 seconds
[2026-09-22T16:27:41.115+0000] {processor.py:161} INFO - Started process (PID=1023) to work on /home/airflow/.local/lib/python3.12/site-packages/airflow/example_dags/example_dynamic_task_mapping.py
[2026-09-22T16:27:41.116+0000] {processor.py:830} INFO - Processing file /home/airflow/.local/lib/python3.12/site-packages/airflow/example_dags/example_dynamic_task_mapping.py for tasks to queue
[2026-09-22T16:27:41.120+0000] {logging_mixin.py:188} INFO - [2026-09-22T16:27:41.119+0000] {dagbag.py:545} INFO - Filling up the DagBag from /home/airflow/.local/lib/python3.12/site-packages/airflow/example_dags/example_dynamic_task_mapping.py
[2026-09-22T16:27:41.128+0000] {processor.py:840} INFO - DAG(s) 'example_dynamic_task_mapping' retrieved from /home/airflow/.local/lib/python3.12/site-packages/airflow/example_dags/example_dynamic_task_mapping.py
[2026-09-22T16:27:41.157+0000] {logging_mixin.py:188} INFO - [2026-09-22T16:27:41.156+0000] {dag.py:3089} INFO - Sync 1 DAGs
[2026-09-22T16:27:41.184+0000] {logging_mixin.py:188} INFO - [2026-09-22T16:27:41.184+0000] {dag.py:3947} INFO - Setting next_dagrun for example_dynamic_task_mapping to 2022-03-04 00:00:00+00:00, run_after=2022-03-05 00:00:00+00:00
[2026-09-22T16:27:41.210+0000] {processor.py:183} INFO - Processing /home/airflow/.local/lib/python3.12/site-packages/airflow/example_dags/example_dynamic_task_mapping.py took 0.102 seconds
[2026-09-22T16:28:11.418+0000] {processor.py:161} INFO - Started process (PID=1081) to work on /home/airflow/.local/lib/python3.12/site-packages/airflow/example_dags/example_dynamic_task_mapping.py
[2026-09-22T16:28:11.420+0000] {processor.py:830} INFO - Processing file /home/airflow/.local/lib/python3.12/site-packages/airflow/example_dags/example_dynamic_task_mapping.py for tasks to queue
[2026-09-22T16:28:11.423+0000] {logging_mixin.py:188} INFO - [2026-09-22T16:28:11.423+0000] {dagbag.py:545} INFO - Filling up the DagBag from /home/airflow/.local/lib/python3.12/site-packages/airflow/example_dags/example_dynamic_task_mapping.py
[2026-09-22T16:28:11.434+0000] {processor.py:840} INFO - DAG(s) 'example_dynamic_task_mapping' retrieved from /home/airflow/.local/lib/python3.12/site-packages/airflow/example_dags/example_dynamic_task_mapping.py
[2026-09-22T16:28:11.457+0000] {logging_mixin.py:188} INFO - [2026-09-22T16:28:11.457+0000] {dag.py:3089} INFO - Sync 1 DAGs
[2026-09-22T16:28:11.482+0000] {logging_mixin.py:188} INFO - [2026-09-22T16:28:11.481+0000] {dag.py:3947} INFO - Setting next_dagrun for example_dynamic_task_mapping to 2022-03-04 00:00:00+00:00, run_after=2022-03-05 00:00:00+00:00
[2026-09-22T16:28:11.509+0000] {processor.py:183} INFO - Processing /home/airflow/.local/lib/python3.12/site-packages/airflow/example_dags/example_dynamic_task_mapping.py took 0.099 seconds
[2026-09-22T16:28:42.579+0000] {processor.py:161} INFO - Started process (PID=1139) to work on /home/airflow/.local/lib/python3.12/site-packages/airflow/example_dags/example_dynamic_task_mapping.py
[2026-09-22T16:28:42.581+0000] {processor.py:830} INFO - Processing file /home/airflow/.local/lib/python3.12/site-packages/airflow/example_dags/example_dynamic_task_mapping.py for tasks to queue
[2026-09-22T16:28:42.584+0000] {logging_mixin.py:188} INFO - [2026-09-22T16:28:42.583+0000] {dagbag.py:545} INFO - Filling up the DagBag from /home/airflow/.local/lib/python3.12/site-packages/airflow/example_dags/example_dynamic_task_mapping.py
[2026-09-22T16:28:42.597+0000] {processor.py:840} INFO - DAG(s) 'example_dynamic_task_mapping' retrieved from /home/airflow/.local/lib/python3.12/site-packages/airflow/example_dags/example_dynamic_task_mapping.py
[2026-09-22T16:28:42.628+0000] {logging_mixin.py:188} INFO - [2026-09-22T16:28:42.628+0000] {dag.py:3089} INFO - Sync 1 DAGs
[2026-09-22T16:28:42.663+0000] {logging_mixin.py:188} INFO - [2026-09-22T16:28:42.662+0000] {dag.py:3947} INFO - Setting next_dagrun for example_dynamic_task_mapping to 2022-03-04 00:00:00+00:00, run_after=2022-03-05 00:00:00+00:00
[2026-09-22T16:28:42.691+0000] {processor.py:183} INFO - Processing /home/airflow/.local/lib/python3.12/site-packages/airflow/example_dags/example_dynamic_task_mapping.py took 0.122 seconds
[2026-09-22T16:29:13.260+0000] {processor.py:161} INFO - Started process (PID=1197) to work on /home/airflow/.local/lib/python3.12/site-packages/airflow/example_dags/example_dynamic_task_mapping.py
[2026-09-22T16:29:13.267+0000] {processor.py:830} INFO - Processing file /home/airflow/.local/lib/python3.12/site-packages/airflow/example_dags/example_dynamic_task_mapping.py for tasks to queue
[2026-09-22T16:29:13.274+0000] {logging_mixin.py:188} INFO - [2026-09-22T16:29:13.273+0000] {dagbag.py:545} INFO - Filling up the DagBag from /home/airflow/.local/lib/python3.12/site-packages/airflow/example_dags/example_dynamic_task_mapping.py
[2026-09-22T16:29:13.296+0000] {processor.py:840} INFO - DAG(s) 'example_dynamic_task_mapping' retrieved from /home/airflow/.local/lib/python3.12/site-packages/airflow/example_dags/example_dynamic_task_mapping.py
[2026-09-22T16:29:13.332+0000] {logging_mixin.py:188} INFO - [2026-09-22T16:29:13.331+0000] {dag.py:3089} INFO - Sync 1 DAGs
[2026-09-22T16:29:13.365+0000] {logging_mixin.py:188} INFO - [2026-09-22T16:29:13.365+0000] {dag.py:3947} INFO - Setting next_dagrun for example_dynamic_task_mapping to 2022-03-04 00:00:00+00:00, run_after=2022-03-05 00:00:00+00:00
[2026-09-22T16:29:13.389+0000] {processor.py:183} INFO - Processing /home/airflow/.local/lib/python3.12/site-packages/airflow/example_dags/example_dynamic_task_mapping.py took 0.152 seconds
[2026-09-22T16:29:44.377+0000] {processor.py:161} INFO - Started process (PID=1254) to work on /home/airflow/.local/lib/python3.12/site-packages/airflow/example_dags/example_dynamic_task_mapping.py
[2026-09-22T16:29:44.379+0000] {processor.py:830} INFO - Processing file /home/airflow/.local/lib/python3.12/site-packages/airflow/example_dags/example_dynamic_task_mapping.py for tasks to queue
[2026-09-22T16:29:44.382+0000] {logging_mixin.py:188} INFO - [2026-09-22T16:29:44.382+0000] {dagbag.py:545} INFO - Filling up the DagBag from /home/airflow/.local/lib/python3.12/site-packages/airflow/example_dags/example_dynamic_task_mapping.py
[2026-09-22T16:29:44.391+0000] {processor.py:840} INFO - DAG(s) 'example_dynamic_task_mapping' retrieved from /home/airflow/.local/lib/python3.12/site-packages/airflow/example_dags/example_dynamic_task_mapping.py
[2026-09-22T16:29:44.414+0000] {logging_mixin.py:188} INFO - [2026-09-22T16:29:44.414+0000] {dag.py:3089} INFO - Sync 1 DAGs
[2026-09-22T16:29:44.441+0000] {logging_mixin.py:188} INFO - [2026-09-22T16:29:44.441+0000] {dag.py:3947} INFO - Setting next_dagrun for example_dynamic_task_mapping to 2022-03-04 00:00:00+00:00, run_after=2022-03-05 00:00:00+00:00
[2026-09-22T16:29:44.522+0000] {processor.py:183} INFO - Processing /home/airflow/.local/lib/python3.12/site-packages/airflow/example_dags/example_dynamic_task_mapping.py took 0.152 seconds
[2026-09-22T16:30:14.801+0000] {processor.py:161} INFO - Started process (PID=1312) to work on /home/airflow/.local/lib/python3.12/site-packages/airflow/example_dags/example_dynamic_task_mapping.py
[2026-09-22T16:30:14.803+0000] {processor.py:830} INFO - Processing file /home/airflow/.local/lib/python3.12/site-packages/airflow/example_dags/example_dynamic_task_mapping.py for tasks to queue
[2026-09-22T16:30:14.807+0000] {logging_mixin.py:188} INFO - [2026-09-22T16:30:14.806+0000] {dagbag.py:545} INFO - Filling up the DagBag from /home/airflow/.local/lib/python3.12/site-packages/airflow/example_dags/example_dynamic_task_mapping.py
[2026-09-22T16:30:14.819+0000] {processor.py:840} INFO - DAG(s) 'example_dynamic_task_mapping' retrieved from /home/airflow/.local/lib/python3.12/site-packages/airflow/example_dags/example_dynamic_task_mapping.py
[2026-09-22T16:30:14.849+0000] {logging_mixin.py:188} INFO - [2026-09-22T16:30:14.848+0000] {dag.py:3089} INFO - Sync 1 DAGs
[2026-09-22T16:30:14.878+0000] {logging_mixin.py:188} INFO - [2026-09-22T16:30:14.877+0000] {dag.py:3947} INFO - Setting next_dagrun for example_dynamic_task_mapping to 2022-03-04 00:00:00+00:00, run_after=2022-03-05 00:00:00+00:00
[2026-09-22T16:30:14.907+0000] {processor.py:183} INFO - Processing /home/airflow/.local/lib/python3.12/site-packages/airflow/example_dags/example_dynamic_task_mapping.py took 0.117 seconds
[2026-09-22T16:30:45.561+0000] {processor.py:161} INFO - Started process (PID=1370) to work on /home/airflow/.local/lib/python3.12/site-packages/airflow/example_dags/example_dynamic_task_mapping.py
[2026-09-22T16:30:45.562+0000] {processor.py:830} INFO - Processing file /home/airflow/.local/lib/python3.12/site-packages/airflow/example_dags/example_dynamic_task_mapping.py for tasks to queue
[2026-09-22T16:30:45.566+0000] {logging_mixin.py:188} INFO - [2026-09-22T16:30:45.565+0000] {dagbag.py:545} INFO - Filling up the DagBag from /home/airflow/.local/lib/python3.12/site-packages/airflow/example_dags/example_dynamic_task_mapping.py
[2026-09-22T16:30:45.577+0000] {processor.py:840} INFO - DAG(s) 'example_dynamic_task_mapping' retrieved from /home/airflow/.local/lib/python3.12/site-packages/airflow/example_dags/example_dynamic_task_mapping.py
[2026-09-22T16:30:45.607+0000] {logging_mixin.py:188} INFO - [2026-09-22T16:30:45.607+0000] {dag.py:3089} INFO - Sync 1 DAGs
[2026-09-22T16:30:45.643+0000] {logging_mixin.py:188} INFO - [2026-09-22T16:30:45.643+0000] {dag.py:3947} INFO - Setting next_dagrun for example_dynamic_task_mapping to 2022-03-04 00:00:00+00:00, run_after=2022-03-05 00:00:00+00:00
[2026-09-22T16:30:45.676+0000] {processor.py:183} INFO - Processing /home/airflow/.local/lib/python3.12/site-packages/airflow/example_dags/example_dynamic_task_mapping.py took 0.125 seconds
[2026-09-22T16:31:16.473+0000] {processor.py:161} INFO - Started process (PID=1428) to work on /home/airflow/.local/lib/python3.12/site-packages/airflow/example_dags/example_dynamic_task_mapping.py
[2026-09-22T16:31:16.476+0000] {processor.py:830} INFO - Processing file /home/airflow/.local/lib/python3.12/site-packages/airflow/example_dags/example_dynamic_task_mapping.py for tasks to queue
[2026-09-22T16:31:16.480+0000] {logging_mixin.py:188} INFO - [2026-09-22T16:31:16.479+0000] {dagbag.py:545} INFO - Filling up the DagBag from /home/airflow/.local/lib/python3.12/site-packages/airflow/example_dags/example_dynamic_task_mapping.py
[2026-09-22T16:31:16.493+0000] {processor.py:840} INFO - DAG(s) 'example_dynamic_task_mapping' retrieved from /home/airflow/.local/lib/python3.12/site-packages/airflow/example_dags/example_dynamic_task_mapping.py
[2026-09-22T16:31:16.529+0000] {logging_mixin.py:188} INFO - [2026-09-22T16:31:16.529+0000] {dag.py:3089} INFO - Sync 1 DAGs
[2026-09-22T16:31:16.569+0000] {logging_mixin.py:188} INFO - [2026-09-22T16:31:16.569+0000] {dag.py:3947} INFO - Setting next_dagrun for example_dynamic_task_mapping to 2022-03-04 00:00:00+00:00, run_after=2022-03-05 00:00:00+00:00
[2026-09-22T16:31:16.631+0000] {processor.py:183} INFO - Processing /home/airflow/.local/lib/python3.12/site-packages/airflow/example_dags/example_dynamic_task_mapping.py took 0.173 seconds
[2026-09-22T16:31:46.837+0000] {processor.py:161} INFO - Started process (PID=1486) to work on /home/airflow/.local/lib/python3.12/site-packages/airflow/example_dags/example_dynamic_task_mapping.py
[2026-09-22T16:31:46.838+0000] {processor.py:830} INFO - Processing file /home/airflow/.local/lib/python3.12/site-packages/airflow/example_dags/example_dynamic_task_mapping.py for tasks to queue
[2026-09-22T16:31:46.846+0000] {logging_mixin.py:188} INFO - [2026-09-22T16:31:46.845+0000] {dagbag.py:545} INFO - Filling up the DagBag from /home/airflow/.local/lib/python3.12/site-packages/airflow/example_dags/example_dynamic_task_mapping.py
[2026-09-22T16:31:46.856+0000] {processor.py:840} INFO - DAG(s) 'example_dynamic_task_mapping' retrieved from /home/airflow/.local/lib/python3.12/site-packages/airflow/example_dags/example_dynamic_task_mapping.py
[2026-09-22T16:31:46.900+0000] {logging_mixin.py:188} INFO - [2026-09-22T16:31:46.900+0000] {dag.py:3089} INFO - Sync 1 DAGs
[2026-09-22T16:31:46.950+0000] {logging_mixin.py:188} INFO - [2026-09-22T16:31:46.949+0000] {dag.py:3947} INFO - Setting next_dagrun for example_dynamic_task_mapping to 2022-03-04 00:00:00+00:00, run_after=2022-03-05 00:00:00+00:00
[2026-09-22T16:31:46.986+0000] {processor.py:183} INFO - Processing /home/airflow/.local/lib/python3.12/site-packages/airflow/example_dags/example_dynamic_task_mapping.py took 0.158 seconds
[2026-09-22T16:32:17.223+0000] {processor.py:161} INFO - Started process (PID=1544) to work on /home/airflow/.local/lib/python3.12/site-packages/airflow/example_dags/example_dynamic_task_mapping.py
[2026-09-22T16:32:17.225+0000] {processor.py:830} INFO - Processing file /home/airflow/.local/lib/python3.12/site-packages/airflow/example_dags/example_dynamic_task_mapping.py for tasks to queue
[2026-09-22T16:32:17.228+0000] {logging_mixin.py:188} INFO - [2026-09-22T16:32:17.227+0000] {dagbag.py:545} INFO - Filling up the DagBag from /home/airflow/.local/lib/python3.12/site-packages/airflow/example_dags/example_dynamic_task_mapping.py
[2026-09-22T16:32:17.238+0000] {processor.py:840} INFO - DAG(s) 'example_dynamic_task_mapping' retrieved from /home/airflow/.local/lib/python3.12/site-packages/airflow/example_dags/example_dynamic_task_mapping.py
[2026-09-22T16:32:17.266+0000] {logging_mixin.py:188} INFO - [2026-09-22T16:32:17.266+0000] {dag.py:3089} INFO - Sync 1 DAGs
[2026-09-22T16:32:17.303+0000] {logging_mixin.py:188} INFO - [2026-09-22T16:32:17.303+0000] {dag.py:3947} INFO - Setting next_dagrun for example_dynamic_task_mapping to 2022-03-04 00:00:00+00:00, run_after=2022-03-05 00:00:00+00:00
[2026-09-22T16:32:17.358+0000] {processor.py:183} INFO - Processing /home/airflow/.local/lib/python3.12/site-packages/airflow/example_dags/example_dynamic_task_mapping.py took 0.144 seconds
[2026-09-22T16:32:48.128+0000] {processor.py:161} INFO - Started process (PID=1602) to work on /home/airflow/.local/lib/python3.12/site-packages/airflow/example_dags/example_dynamic_task_mapping.py
[2026-09-22T16:32:48.130+0000] {processor.py:830} INFO - Processing file /home/airflow/.local/lib/python3.12/site-packages/airflow/example_dags/example_dynamic_task_mapping.py for tasks to queue
[2026-09-22T16:32:48.134+0000] {logging_mixin.py:188} INFO - [2026-09-22T16:32:48.133+0000] {dagbag.py:545} INFO - Filling up the DagBag from /home/airflow/.local/lib/python3.12/site-packages/airflow/example_dags/example_dynamic_task_mapping.py
[2026-09-22T16:32:48.145+0000] {processor.py:840} INFO - DAG(s) 'example_dynamic_task_mapping' retrieved from /home/airflow/.local/lib/python3.12/site-packages/airflow/example_dags/example_dynamic_task_mapping.py
[2026-09-22T16:32:48.175+0000] {logging_mixin.py:188} INFO - [2026-09-22T16:32:48.175+0000] {dag.py:3089} INFO - Sync 1 DAGs
[2026-09-22T16:32:48.209+0000] {logging_mixin.py:188} INFO - [2026-09-22T16:32:48.209+0000] {dag.py:3947} INFO - Setting next_dagrun for example_dynamic_task_mapping to 2022-03-04 00:00:00+00:00, run_after=2022-03-05 00:00:00+00:00
[2026-09-22T16:32:48.302+0000] {processor.py:183} INFO - Processing /home/airflow/.local/lib/python3.12/site-packages/airflow/example_dags/example_dynamic_task_mapping.py took 0.187 seconds
[2026-09-22T16:33:18.468+0000] {processor.py:161} INFO - Started process (PID=1660) to work on /home/airflow/.local/lib/python3.12/site-packages/airflow/example_dags/example_dynamic_task_mapping.py
[2026-09-22T16:33:18.470+0000] {processor.py:830} INFO - Processing file /home/airflow/.local/lib/python3.12/site-packages/airflow/example_dags/example_dynamic_task_mapping.py for tasks to queue
[2026-09-22T16:33:18.474+0000] {logging_mixin.py:188} INFO - [2026-09-22T16:33:18.473+0000] {dagbag.py:545} INFO - Filling up the DagBag from /home/airflow/.local/lib/python3.12/site-packages/airflow/example_dags/example_dynamic_task_mapping.py
[2026-09-22T16:33:18.489+0000] {processor.py:840} INFO - DAG(s) 'example_dynamic_task_mapping' retrieved from /home/airflow/.local/lib/python3.12/site-packages/airflow/example_dags/example_dynamic_task_mapping.py
[2026-09-22T16:33:18.526+0000] {logging_mixin.py:188} INFO - [2026-09-22T16:33:18.525+0000] {dag.py:3089} INFO - Sync 1 DAGs
[2026-09-22T16:33:18.564+0000] {logging_mixin.py:188} INFO - [2026-09-22T16:33:18.563+0000] {dag.py:3947} INFO - Setting next_dagrun for example_dynamic_task_mapping to 2022-03-04 00:00:00+00:00, run_after=2022-03-05 00:00:00+00:00
[2026-09-22T16:33:18.644+0000] {processor.py:183} INFO - Processing /home/airflow/.local/lib/python3.12/site-packages/airflow/example_dags/example_dynamic_task_mapping.py took 0.187 seconds
[2026-09-22T16:33:49.836+0000] {processor.py:161} INFO - Started process (PID=1718) to work on /home/airflow/.local/lib/python3.12/site-packages/airflow/example_dags/example_dynamic_task_mapping.py
[2026-09-22T16:33:49.838+0000] {processor.py:830} INFO - Processing file /home/airflow/.local/lib/python3.12/site-packages/airflow/example_dags/example_dynamic_task_mapping.py for tasks to queue
[2026-09-22T16:33:49.841+0000] {logging_mixin.py:188} INFO - [2026-09-22T16:33:49.840+0000] {dagbag.py:545} INFO - Filling up the DagBag from /home/airflow/.local/lib/python3.12/site-packages/airflow/example_dags/example_dynamic_task_mapping.py
[2026-09-22T16:33:49.855+0000] {processor.py:840} INFO - DAG(s) 'example_dynamic_task_mapping' retrieved from /home/airflow/.local/lib/python3.12/site-packages/airflow/example_dags/example_dynamic_task_mapping.py
[2026-09-22T16:33:49.899+0000] {logging_mixin.py:188} INFO - [2026-09-22T16:33:49.898+0000] {dag.py:3089} INFO - Sync 1 DAGs
[2026-09-22T16:33:49.929+0000] {logging_mixin.py:188} INFO - [2026-09-22T16:33:49.929+0000] {dag.py:3947} INFO - Setting next_dagrun for example_dynamic_task_mapping to 2022-03-04 00:00:00+00:00, run_after=2022-03-05 00:00:00+00:00
[2026-09-22T16:33:49.960+0000] {processor.py:183} INFO - Processing /home/airflow/.local/lib/python3.12/site-packages/airflow/example_dags/example_dynamic_task_mapping.py took 0.135 seconds
[2026-09-22T16:34:21.066+0000] {processor.py:161} INFO - Started process (PID=1776) to work on /home/airflow/.local/lib/python3.12/site-packages/airflow/example_dags/example_dynamic_task_mapping.py
[2026-09-22T16:34:21.068+0000] {processor.py:830} INFO - Processing file /home/airflow/.local/lib/python3.12/site-packages/airflow/example_dags/example_dynamic_task_mapping.py for tasks to queue
[2026-09-22T16:34:21.073+0000] {logging_mixin.py:188} INFO - [2026-09-22T16:34:21.072+0000] {dagbag.py:545} INFO - Filling up the DagBag from /home/airflow/.local/lib/python3.12/site-packages/airflow/example_dags/example_dynamic_task_mapping.py
[2026-09-22T16:34:21.086+0000] {processor.py:840} INFO - DAG(s) 'example_dynamic_task_mapping' retrieved from /home/airflow/.local/lib/python3.12/site-packages/airflow/example_dags/example_dynamic_task_mapping.py
[2026-09-22T16:34:21.117+0000] {logging_mixin.py:188} INFO - [2026-09-22T16:34:21.116+0000] {dag.py:3089} INFO - Sync 1 DAGs
[2026-09-22T16:34:21.149+0000] {logging_mixin.py:188} INFO - [2026-09-22T16:34:21.149+0000] {dag.py:3947} INFO - Setting next_dagrun for example_dynamic_task_mapping to 2022-03-04 00:00:00+00:00, run_after=2022-03-05 00:00:00+00:00
[2026-09-22T16:34:21.242+0000] {processor.py:183} INFO - Processing /home/airflow/.local/lib/python3.12/site-packages/airflow/example_dags/example_dynamic_task_mapping.py took 0.187 seconds
[2026-09-22T16:34:51.362+0000] {processor.py:161} INFO - Started process (PID=1834) to work on /home/airflow/.local/lib/python3.12/site-packages/airflow/example_dags/example_dynamic_task_mapping.py
[2026-09-22T16:34:51.363+0000] {processor.py:830} INFO - Processing file /home/airflow/.local/lib/python3.12/site-packages/airflow/example_dags/example_dynamic_task_mapping.py for tasks to queue
[2026-09-22T16:34:51.367+0000] {logging_mixin.py:188} INFO - [2026-09-22T16:34:51.366+0000] {dagbag.py:545} INFO - Filling up the DagBag from /home/airflow/.local/lib/python3.12/site-packages/airflow/example_dags/example_dynamic_task_mapping.py
[2026-09-22T16:34:51.377+0000] {processor.py:840} INFO - DAG(s) 'example_dynamic_task_mapping' retrieved from /home/airflow/.local/lib/python3.12/site-packages/airflow/example_dags/example_dynamic_task_mapping.py
[2026-09-22T16:34:51.402+0000] {logging_mixin.py:188} INFO - [2026-09-22T16:34:51.402+0000] {dag.py:3089} INFO - Sync 1 DAGs
[2026-09-22T16:34:51.432+0000] {logging_mixin.py:188} INFO - [2026-09-22T16:34:51.432+0000] {dag.py:3947} INFO - Setting next_dagrun for example_dynamic_task_mapping to 2022-03-04 00:00:00+00:00, run_after=2022-03-05 00:00:00+00:00
[2026-09-22T16:34:51.458+0000] {processor.py:183} INFO - Processing /home/airflow/.local/lib/python3.12/site-packages/airflow/example_dags/example_dynamic_task_mapping.py took 0.103 seconds
[2026-09-22T16:35:21.789+0000] {processor.py:161} INFO - Started process (PID=1892) to work on /home/airflow/.local/lib/python3.12/site-packages/airflow/example_dags/example_dynamic_task_mapping.py
[2026-09-22T16:35:21.790+0000] {processor.py:830} INFO - Processing file /home/airflow/.local/lib/python3.12/site-packages/airflow/example_dags/example_dynamic_task_mapping.py for tasks to queue
[2026-09-22T16:35:21.793+0000] {logging_mixin.py:188} INFO - [2026-09-22T16:35:21.793+0000] {dagbag.py:545} INFO - Filling up the DagBag from /home/airflow/.local/lib/python3.12/site-packages/airflow/example_dags/example_dynamic_task_mapping.py
[2026-09-22T16:35:21.804+0000] {processor.py:840} INFO - DAG(s) 'example_dynamic_task_mapping' retrieved from /home/airflow/.local/lib/python3.12/site-packages/airflow/example_dags/example_dynamic_task_mapping.py
[2026-09-22T16:35:21.838+0000] {logging_mixin.py:188} INFO - [2026-09-22T16:35:21.837+0000] {dag.py:3089} INFO - Sync 1 DAGs
[2026-09-22T16:35:21.872+0000] {logging_mixin.py:188} INFO - [2026-09-22T16:35:21.871+0000] {dag.py:3947} INFO - Setting next_dagrun for example_dynamic_task_mapping to 2022-03-04 00:00:00+00:00, run_after=2022-03-05 00:00:00+00:00
[2026-09-22T16:35:21.961+0000] {processor.py:183} INFO - Processing /home/airflow/.local/lib/python3.12/site-packages/airflow/example_dags/example_dynamic_task_mapping.py took 0.183 seconds
[2026-09-22T16:35:52.433+0000] {processor.py:161} INFO - Started process (PID=1950) to work on /home/airflow/.local/lib/python3.12/site-packages/airflow/example_dags/example_dynamic_task_mapping.py
[2026-09-22T16:35:52.435+0000] {processor.py:830} INFO - Processing file /home/airflow/.local/lib/python3.12/site-packages/airflow/example_dags/example_dynamic_task_mapping.py for tasks to queue
[2026-09-22T16:35:52.438+0000] {logging_mixin.py:188} INFO - [2026-09-22T16:35:52.437+0000] {dagbag.py:545} INFO - Filling up the DagBag from /home/airflow/.local/lib/python3.12/site-packages/airflow/example_dags/example_dynamic_task_mapping.py
[2026-09-22T16:35:52.447+0000] {processor.py:840} INFO - DAG(s) 'example_dynamic_task_mapping' retrieved from /home/airflow/.local/lib/python3.12/site-packages/airflow/example_dags/example_dynamic_task_mapping.py
[2026-09-22T16:35:52.474+0000] {logging_mixin.py:188} INFO - [2026-09-22T16:35:52.474+0000] {dag.py:3089} INFO - Sync 1 DAGs
[2026-09-22T16:35:52.514+0000] {logging_mixin.py:188} INFO - [2026-09-22T16:35:52.513+0000] {dag.py:3947} INFO - Setting next_dagrun for example_dynamic_task_mapping to 2022-03-04 00:00:00+00:00, run_after=2022-03-05 00:00:00+00:00
[2026-09-22T16:35:52.596+0000] {processor.py:183} INFO - Processing /home/airflow/.local/lib/python3.12/site-packages/airflow/example_dags/example_dynamic_task_mapping.py took 0.171 seconds
[2026-09-22T16:36:23.321+0000] {processor.py:161} INFO - Started process (PID=2008) to work on /home/airflow/.local/lib/python3.12/site-packages/airflow/example_dags/example_dynamic_task_mapping.py
[2026-09-22T16:36:23.323+0000] {processor.py:830} INFO - Processing file /home/airflow/.local/lib/python3.12/site-packages/airflow/example_dags/example_dynamic_task_mapping.py for tasks to queue
[2026-09-22T16:36:23.327+0000] {logging_mixin.py:188} INFO - [2026-09-22T16:36:23.326+0000] {dagbag.py:545} INFO - Filling up the DagBag from /home/airflow/.local/lib/python3.12/site-packages/airflow/example_dags/example_dynamic_task_mapping.py
[2026-09-22T16:36:23.344+0000] {processor.py:840} INFO - DAG(s) 'example_dynamic_task_mapping' retrieved from /home/airflow/.local/lib/python3.12/site-packages/airflow/example_dags/example_dynamic_task_mapping.py
[2026-09-22T16:36:23.383+0000] {logging_mixin.py:188} INFO - [2026-09-22T16:36:23.383+0000] {dag.py:3089} INFO - Sync 1 DAGs
[2026-09-22T16:36:23.420+0000] {logging_mixin.py:188} INFO - [2026-09-22T16:36:23.420+0000] {dag.py:3947} INFO - Setting next_dagrun for example_dynamic_task_mapping to 2022-03-04 00:00:00+00:00, run_after=2022-03-05 00:00:00+00:00
[2026-09-22T16:36:23.454+0000] {processor.py:183} INFO - Processing /home/airflow/.local/lib/python3.12/site-packages/airflow/example_dags/example_dynamic_task_mapping.py took 0.144 seconds
[2026-09-22T16:36:54.154+0000] {processor.py:161} INFO - Started process (PID=2066) to work on /home/airflow/.local/lib/python3.12/site-packages/airflow/example_dags/example_dynamic_task_mapping.py
[2026-09-22T16:36:54.156+0000] {processor.py:830} INFO - Processing file /home/airflow/.local/lib/python3.12/site-packages/airflow/example_dags/example_dynamic_task_mapping.py for tasks to queue
[2026-09-22T16:36:54.159+0000] {logging_mixin.py:188} INFO - [2026-09-22T16:36:54.158+0000] {dagbag.py:545} INFO - Filling up the DagBag from /home/airflow/.local/lib/python3.12/site-packages/airflow/example_dags/example_dynamic_task_mapping.py
[2026-09-22T16:36:54.171+0000] {processor.py:840} INFO - DAG(s) 'example_dynamic_task_mapping' retrieved from /home/airflow/.local/lib/python3.12/site-packages/airflow/example_dags/example_dynamic_task_mapping.py
[2026-09-22T16:36:54.200+0000] {logging_mixin.py:188} INFO - [2026-09-22T16:36:54.200+0000] {dag.py:3089} INFO - Sync 1 DAGs
[2026-09-22T16:36:54.235+0000] {logging_mixin.py:188} INFO - [2026-09-22T16:36:54.234+0000] {dag.py:3947} INFO - Setting next_dagrun for example_dynamic_task_mapping to 2022-03-04 00:00:00+00:00, run_after=2022-03-05 00:00:00+00:00
[2026-09-22T16:36:54.568+0000] {processor.py:183} INFO - Processing /home/airflow/.local/lib/python3.12/site-packages/airflow/example_dags/example_dynamic_task_mapping.py took 0.422 seconds
[2026-09-22T16:37:24.742+0000] {processor.py:161} INFO - Started process (PID=2124) to work on /home/airflow/.local/lib/python3.12/site-packages/airflow/example_dags/example_dynamic_task_mapping.py
[2026-09-22T16:37:24.743+0000] {processor.py:830} INFO - Processing file /home/airflow/.local/lib/python3.12/site-packages/airflow/example_dags/example_dynamic_task_mapping.py for tasks to queue
[2026-09-22T16:37:24.747+0000] {logging_mixin.py:188} INFO - [2026-09-22T16:37:24.746+0000] {dagbag.py:545} INFO - Filling up the DagBag from /home/airflow/.local/lib/python3.12/site-packages/airflow/example_dags/example_dynamic_task_mapping.py
[2026-09-22T16:37:24.758+0000] {processor.py:840} INFO - DAG(s) 'example_dynamic_task_mapping' retrieved from /home/airflow/.local/lib/python3.12/site-packages/airflow/example_dags/example_dynamic_task_mapping.py
[2026-09-22T16:37:24.788+0000] {logging_mixin.py:188} INFO - [2026-09-22T16:37:24.788+0000] {dag.py:3089} INFO - Sync 1 DAGs
[2026-09-22T16:37:24.814+0000] {logging_mixin.py:188} INFO - [2026-09-22T16:37:24.814+0000] {dag.py:3947} INFO - Setting next_dagrun for example_dynamic_task_mapping to 2022-03-04 00:00:00+00:00, run_after=2022-03-05 00:00:00+00:00
[2026-09-22T16:37:24.864+0000] {processor.py:183} INFO - Processing /home/airflow/.local/lib/python3.12/site-packages/airflow/example_dags/example_dynamic_task_mapping.py took 0.134 seconds
[2026-09-22T16:37:55.004+0000] {processor.py:161} INFO - Started process (PID=2182) to work on /home/airflow/.local/lib/python3.12/site-packages/airflow/example_dags/example_dynamic_task_mapping.py
[2026-09-22T16:37:55.005+0000] {processor.py:830} INFO - Processing file /home/airflow/.local/lib/python3.12/site-packages/airflow/example_dags/example_dynamic_task_mapping.py for tasks to queue
[2026-09-22T16:37:55.008+0000] {logging_mixin.py:188} INFO - [2026-09-22T16:37:55.007+0000] {dagbag.py:545} INFO - Filling up the DagBag from /home/airflow/.local/lib/python3.12/site-packages/airflow/example_dags/example_dynamic_task_mapping.py
[2026-09-22T16:37:55.021+0000] {processor.py:840} INFO - DAG(s) 'example_dynamic_task_mapping' retrieved from /home/airflow/.local/lib/python3.12/site-packages/airflow/example_dags/example_dynamic_task_mapping.py
[2026-09-22T16:37:55.049+0000] {logging_mixin.py:188} INFO - [2026-09-22T16:37:55.049+0000] {dag.py:3089} INFO - Sync 1 DAGs
[2026-09-22T16:37:55.083+0000] {logging_mixin.py:188} INFO - [2026-09-22T16:37:55.083+0000] {dag.py:3947} INFO - Setting next_dagrun for example_dynamic_task_mapping to 2022-03-04 00:00:00+00:00, run_after=2022-03-05 00:00:00+00:00
[2026-09-22T16:37:55.111+0000] {processor.py:183} INFO - Processing /home/airflow/.local/lib/python3.12/site-packages/airflow/example_dags/example_dynamic_task_mapping.py took 0.117 seconds
[2026-09-22T16:38:26.894+0000] {processor.py:161} INFO - Started process (PID=2240) to work on /home/airflow/.local/lib/python3.12/site-packages/airflow/example_dags/example_dynamic_task_mapping.py
[2026-09-22T16:38:26.896+0000] {processor.py:830} INFO - Processing file /home/airflow/.local/lib/python3.12/site-packages/airflow/example_dags/example_dynamic_task_mapping.py for tasks to queue
[2026-09-22T16:38:26.900+0000] {logging_mixin.py:188} INFO - [2026-09-22T16:38:26.899+0000] {dagbag.py:545} INFO - Filling up the DagBag from /home/airflow/.local/lib/python3.12/site-packages/airflow/example_dags/example_dynamic_task_mapping.py
[2026-09-22T16:38:26.909+0000] {processor.py:840} INFO - DAG(s) 'example_dynamic_task_mapping' retrieved from /home/airflow/.local/lib/python3.12/site-packages/airflow/example_dags/example_dynamic_task_mapping.py
[2026-09-22T16:38:27.120+0000] {logging_mixin.py:188} INFO - [2026-09-22T16:38:27.120+0000] {dag.py:3089} INFO - Sync 1 DAGs
[2026-09-22T16:38:27.153+0000] {logging_mixin.py:188} INFO - [2026-09-22T16:38:27.152+0000] {dag.py:3947} INFO - Setting next_dagrun for example_dynamic_task_mapping to 2022-03-04 00:00:00+00:00, run_after=2022-03-05 00:00:00+00:00
[2026-09-22T16:38:27.235+0000] {processor.py:183} INFO - Processing /home/airflow/.local/lib/python3.12/site-packages/airflow/example_dags/example_dynamic_task_mapping.py took 0.351 seconds
[2026-09-22T16:41:50.137+0000] {processor.py:161} INFO - Started process (PID=97) to work on /home/airflow/.local/lib/python3.12/site-packages/airflow/example_dags/example_dynamic_task_mapping.py
[2026-09-22T16:41:50.139+0000] {processor.py:830} INFO - Processing file /home/airflow/.local/lib/python3.12/site-packages/airflow/example_dags/example_dynamic_task_mapping.py for tasks to queue
[2026-09-22T16:41:50.142+0000] {logging_mixin.py:188} INFO - [2026-09-22T16:41:50.141+0000] {dagbag.py:545} INFO - Filling up the DagBag from /home/airflow/.local/lib/python3.12/site-packages/airflow/example_dags/example_dynamic_task_mapping.py
[2026-09-22T16:41:50.152+0000] {processor.py:840} INFO - DAG(s) 'example_dynamic_task_mapping' retrieved from /home/airflow/.local/lib/python3.12/site-packages/airflow/example_dags/example_dynamic_task_mapping.py
[2026-09-22T16:41:50.374+0000] {logging_mixin.py:188} INFO - [2026-09-22T16:41:50.373+0000] {dag.py:3089} INFO - Sync 1 DAGs
[2026-09-22T16:41:50.428+0000] {logging_mixin.py:188} INFO - [2026-09-22T16:41:50.427+0000] {dag.py:3947} INFO - Setting next_dagrun for example_dynamic_task_mapping to 2022-03-04 00:00:00+00:00, run_after=2022-03-05 00:00:00+00:00
[2026-09-22T16:41:50.465+0000] {processor.py:183} INFO - Processing /home/airflow/.local/lib/python3.12/site-packages/airflow/example_dags/example_dynamic_task_mapping.py took 0.338 seconds
[2026-09-22T16:42:20.619+0000] {processor.py:161} INFO - Started process (PID=155) to work on /home/airflow/.local/lib/python3.12/site-packages/airflow/example_dags/example_dynamic_task_mapping.py
[2026-09-22T16:42:20.621+0000] {processor.py:830} INFO - Processing file /home/airflow/.local/lib/python3.12/site-packages/airflow/example_dags/example_dynamic_task_mapping.py for tasks to queue
[2026-09-22T16:42:20.625+0000] {logging_mixin.py:188} INFO - [2026-09-22T16:42:20.624+0000] {dagbag.py:545} INFO - Filling up the DagBag from /home/airflow/.local/lib/python3.12/site-packages/airflow/example_dags/example_dynamic_task_mapping.py
[2026-09-22T16:42:20.640+0000] {processor.py:840} INFO - DAG(s) 'example_dynamic_task_mapping' retrieved from /home/airflow/.local/lib/python3.12/site-packages/airflow/example_dags/example_dynamic_task_mapping.py
[2026-09-22T16:42:20.672+0000] {logging_mixin.py:188} INFO - [2026-09-22T16:42:20.672+0000] {dag.py:3089} INFO - Sync 1 DAGs
[2026-09-22T16:42:20.731+0000] {logging_mixin.py:188} INFO - [2026-09-22T16:42:20.730+0000] {dag.py:3947} INFO - Setting next_dagrun for example_dynamic_task_mapping to 2022-03-04 00:00:00+00:00, run_after=2022-03-05 00:00:00+00:00
[2026-09-22T16:42:20.846+0000] {processor.py:183} INFO - Processing /home/airflow/.local/lib/python3.12/site-packages/airflow/example_dags/example_dynamic_task_mapping.py took 0.238 seconds
[2026-09-22T16:43:50.570+0000] {processor.py:161} INFO - Started process (PID=97) to work on /home/airflow/.local/lib/python3.12/site-packages/airflow/example_dags/example_dynamic_task_mapping.py
[2026-09-22T16:43:50.572+0000] {processor.py:830} INFO - Processing file /home/airflow/.local/lib/python3.12/site-packages/airflow/example_dags/example_dynamic_task_mapping.py for tasks to queue
[2026-09-22T16:43:50.575+0000] {logging_mixin.py:188} INFO - [2026-09-22T16:43:50.575+0000] {dagbag.py:545} INFO - Filling up the DagBag from /home/airflow/.local/lib/python3.12/site-packages/airflow/example_dags/example_dynamic_task_mapping.py
[2026-09-22T16:43:50.587+0000] {processor.py:840} INFO - DAG(s) 'example_dynamic_task_mapping' retrieved from /home/airflow/.local/lib/python3.12/site-packages/airflow/example_dags/example_dynamic_task_mapping.py
[2026-09-22T16:43:50.749+0000] {logging_mixin.py:188} INFO - [2026-09-22T16:43:50.748+0000] {dag.py:3089} INFO - Sync 1 DAGs
[2026-09-22T16:43:50.775+0000] {logging_mixin.py:188} INFO - [2026-09-22T16:43:50.774+0000] {dag.py:3947} INFO - Setting next_dagrun for example_dynamic_task_mapping to 2022-03-04 00:00:00+00:00, run_after=2022-03-05 00:00:00+00:00
[2026-09-22T16:43:50.865+0000] {processor.py:183} INFO - Processing /home/airflow/.local/lib/python3.12/site-packages/airflow/example_dags/example_dynamic_task_mapping.py took 0.302 seconds
[2026-09-22T16:44:21.390+0000] {processor.py:161} INFO - Started process (PID=160) to work on /home/airflow/.local/lib/python3.12/site-packages/airflow/example_dags/example_dynamic_task_mapping.py
[2026-09-22T16:44:21.391+0000] {processor.py:830} INFO - Processing file /home/airflow/.local/lib/python3.12/site-packages/airflow/example_dags/example_dynamic_task_mapping.py for tasks to queue
[2026-09-22T16:44:21.394+0000] {logging_mixin.py:188} INFO - [2026-09-22T16:44:21.394+0000] {dagbag.py:545} INFO - Filling up the DagBag from /home/airflow/.local/lib/python3.12/site-packages/airflow/example_dags/example_dynamic_task_mapping.py
[2026-09-22T16:44:21.404+0000] {processor.py:840} INFO - DAG(s) 'example_dynamic_task_mapping' retrieved from /home/airflow/.local/lib/python3.12/site-packages/airflow/example_dags/example_dynamic_task_mapping.py
[2026-09-22T16:44:21.433+0000] {logging_mixin.py:188} INFO - [2026-09-22T16:44:21.433+0000] {dag.py:3089} INFO - Sync 1 DAGs
[2026-09-22T16:44:21.473+0000] {logging_mixin.py:188} INFO - [2026-09-22T16:44:21.472+0000] {dag.py:3947} INFO - Setting next_dagrun for example_dynamic_task_mapping to 2022-03-04 00:00:00+00:00, run_after=2022-03-05 00:00:00+00:00
[2026-09-22T16:44:21.509+0000] {processor.py:183} INFO - Processing /home/airflow/.local/lib/python3.12/site-packages/airflow/example_dags/example_dynamic_task_mapping.py took 0.126 seconds
[2026-09-22T16:44:51.876+0000] {processor.py:161} INFO - Started process (PID=218) to work on /home/airflow/.local/lib/python3.12/site-packages/airflow/example_dags/example_dynamic_task_mapping.py
[2026-09-22T16:44:51.878+0000] {processor.py:830} INFO - Processing file /home/airflow/.local/lib/python3.12/site-packages/airflow/example_dags/example_dynamic_task_mapping.py for tasks to queue
[2026-09-22T16:44:51.882+0000] {logging_mixin.py:188} INFO - [2026-09-22T16:44:51.881+0000] {dagbag.py:545} INFO - Filling up the DagBag from /home/airflow/.local/lib/python3.12/site-packages/airflow/example_dags/example_dynamic_task_mapping.py
[2026-09-22T16:44:51.896+0000] {processor.py:840} INFO - DAG(s) 'example_dynamic_task_mapping' retrieved from /home/airflow/.local/lib/python3.12/site-packages/airflow/example_dags/example_dynamic_task_mapping.py
[2026-09-22T16:44:51.929+0000] {logging_mixin.py:188} INFO - [2026-09-22T16:44:51.929+0000] {dag.py:3089} INFO - Sync 1 DAGs
[2026-09-22T16:44:51.973+0000] {logging_mixin.py:188} INFO - [2026-09-22T16:44:51.972+0000] {dag.py:3947} INFO - Setting next_dagrun for example_dynamic_task_mapping to 2022-03-04 00:00:00+00:00, run_after=2022-03-05 00:00:00+00:00
[2026-09-22T16:44:52.006+0000] {processor.py:183} INFO - Processing /home/airflow/.local/lib/python3.12/site-packages/airflow/example_dags/example_dynamic_task_mapping.py took 0.142 seconds
[2026-09-22T16:45:22.201+0000] {processor.py:161} INFO - Started process (PID=276) to work on /home/airflow/.local/lib/python3.12/site-packages/airflow/example_dags/example_dynamic_task_mapping.py
[2026-09-22T16:45:22.202+0000] {processor.py:830} INFO - Processing file /home/airflow/.local/lib/python3.12/site-packages/airflow/example_dags/example_dynamic_task_mapping.py for tasks to queue
[2026-09-22T16:45:22.206+0000] {logging_mixin.py:188} INFO - [2026-09-22T16:45:22.206+0000] {dagbag.py:545} INFO - Filling up the DagBag from /home/airflow/.local/lib/python3.12/site-packages/airflow/example_dags/example_dynamic_task_mapping.py
[2026-09-22T16:45:22.220+0000] {processor.py:840} INFO - DAG(s) 'example_dynamic_task_mapping' retrieved from /home/airflow/.local/lib/python3.12/site-packages/airflow/example_dags/example_dynamic_task_mapping.py
[2026-09-22T16:45:22.261+0000] {logging_mixin.py:188} INFO - [2026-09-22T16:45:22.261+0000] {dag.py:3089} INFO - Sync 1 DAGs
[2026-09-22T16:45:22.291+0000] {logging_mixin.py:188} INFO - [2026-09-22T16:45:22.291+0000] {dag.py:3947} INFO - Setting next_dagrun for example_dynamic_task_mapping to 2022-03-04 00:00:00+00:00, run_after=2022-03-05 00:00:00+00:00
[2026-09-22T16:45:22.319+0000] {processor.py:183} INFO - Processing /home/airflow/.local/lib/python3.12/site-packages/airflow/example_dags/example_dynamic_task_mapping.py took 0.130 seconds
[2026-09-22T16:45:52.700+0000] {processor.py:161} INFO - Started process (PID=334) to work on /home/airflow/.local/lib/python3.12/site-packages/airflow/example_dags/example_dynamic_task_mapping.py
[2026-09-22T16:45:52.701+0000] {processor.py:830} INFO - Processing file /home/airflow/.local/lib/python3.12/site-packages/airflow/example_dags/example_dynamic_task_mapping.py for tasks to queue
[2026-09-22T16:45:52.704+0000] {logging_mixin.py:188} INFO - [2026-09-22T16:45:52.704+0000] {dagbag.py:545} INFO - Filling up the DagBag from /home/airflow/.local/lib/python3.12/site-packages/airflow/example_dags/example_dynamic_task_mapping.py
[2026-09-22T16:45:52.717+0000] {processor.py:840} INFO - DAG(s) 'example_dynamic_task_mapping' retrieved from /home/airflow/.local/lib/python3.12/site-packages/airflow/example_dags/example_dynamic_task_mapping.py
[2026-09-22T16:45:52.751+0000] {logging_mixin.py:188} INFO - [2026-09-22T16:45:52.751+0000] {dag.py:3089} INFO - Sync 1 DAGs
[2026-09-22T16:45:52.791+0000] {logging_mixin.py:188} INFO - [2026-09-22T16:45:52.791+0000] {dag.py:3947} INFO - Setting next_dagrun for example_dynamic_task_mapping to 2022-03-04 00:00:00+00:00, run_after=2022-03-05 00:00:00+00:00
[2026-09-22T16:45:52.858+0000] {processor.py:183} INFO - Processing /home/airflow/.local/lib/python3.12/site-packages/airflow/example_dags/example_dynamic_task_mapping.py took 0.170 seconds
[2026-09-22T16:46:23.243+0000] {processor.py:161} INFO - Started process (PID=392) to work on /home/airflow/.local/lib/python3.12/site-packages/airflow/example_dags/example_dynamic_task_mapping.py
[2026-09-22T16:46:23.245+0000] {processor.py:830} INFO - Processing file /home/airflow/.local/lib/python3.12/site-packages/airflow/example_dags/example_dynamic_task_mapping.py for tasks to queue
[2026-09-22T16:46:23.249+0000] {logging_mixin.py:188} INFO - [2026-09-22T16:46:23.249+0000] {dagbag.py:545} INFO - Filling up the DagBag from /home/airflow/.local/lib/python3.12/site-packages/airflow/example_dags/example_dynamic_task_mapping.py
[2026-09-22T16:46:23.258+0000] {processor.py:840} INFO - DAG(s) 'example_dynamic_task_mapping' retrieved from /home/airflow/.local/lib/python3.12/site-packages/airflow/example_dags/example_dynamic_task_mapping.py
[2026-09-22T16:46:23.283+0000] {logging_mixin.py:188} INFO - [2026-09-22T16:46:23.283+0000] {dag.py:3089} INFO - Sync 1 DAGs
[2026-09-22T16:46:23.311+0000] {logging_mixin.py:188} INFO - [2026-09-22T16:46:23.310+0000] {dag.py:3947} INFO - Setting next_dagrun for example_dynamic_task_mapping to 2022-03-04 00:00:00+00:00, run_after=2022-03-05 00:00:00+00:00
[2026-09-22T16:46:23.346+0000] {processor.py:183} INFO - Processing /home/airflow/.local/lib/python3.12/site-packages/airflow/example_dags/example_dynamic_task_mapping.py took 0.112 seconds
[2026-09-22T16:46:54.171+0000] {processor.py:161} INFO - Started process (PID=450) to work on /home/airflow/.local/lib/python3.12/site-packages/airflow/example_dags/example_dynamic_task_mapping.py
[2026-09-22T16:46:54.173+0000] {processor.py:830} INFO - Processing file /home/airflow/.local/lib/python3.12/site-packages/airflow/example_dags/example_dynamic_task_mapping.py for tasks to queue
[2026-09-22T16:46:54.176+0000] {logging_mixin.py:188} INFO - [2026-09-22T16:46:54.175+0000] {dagbag.py:545} INFO - Filling up the DagBag from /home/airflow/.local/lib/python3.12/site-packages/airflow/example_dags/example_dynamic_task_mapping.py
[2026-09-22T16:46:54.190+0000] {processor.py:840} INFO - DAG(s) 'example_dynamic_task_mapping' retrieved from /home/airflow/.local/lib/python3.12/site-packages/airflow/example_dags/example_dynamic_task_mapping.py
[2026-09-22T16:46:54.220+0000] {logging_mixin.py:188} INFO - [2026-09-22T16:46:54.219+0000] {dag.py:3089} INFO - Sync 1 DAGs
[2026-09-22T16:46:54.253+0000] {logging_mixin.py:188} INFO - [2026-09-22T16:46:54.253+0000] {dag.py:3947} INFO - Setting next_dagrun for example_dynamic_task_mapping to 2022-03-04 00:00:00+00:00, run_after=2022-03-05 00:00:00+00:00
[2026-09-22T16:46:54.344+0000] {processor.py:183} INFO - Processing /home/airflow/.local/lib/python3.12/site-packages/airflow/example_dags/example_dynamic_task_mapping.py took 0.183 seconds
[2026-09-22T16:47:24.623+0000] {processor.py:161} INFO - Started process (PID=508) to work on /home/airflow/.local/lib/python3.12/site-packages/airflow/example_dags/example_dynamic_task_mapping.py
[2026-09-22T16:47:24.625+0000] {processor.py:830} INFO - Processing file /home/airflow/.local/lib/python3.12/site-packages/airflow/example_dags/example_dynamic_task_mapping.py for tasks to queue
[2026-09-22T16:47:24.629+0000] {logging_mixin.py:188} INFO - [2026-09-22T16:47:24.629+0000] {dagbag.py:545} INFO - Filling up the DagBag from /home/airflow/.local/lib/python3.12/site-packages/airflow/example_dags/example_dynamic_task_mapping.py
[2026-09-22T16:47:24.643+0000] {processor.py:840} INFO - DAG(s) 'example_dynamic_task_mapping' retrieved from /home/airflow/.local/lib/python3.12/site-packages/airflow/example_dags/example_dynamic_task_mapping.py
[2026-09-22T16:47:24.672+0000] {logging_mixin.py:188} INFO - [2026-09-22T16:47:24.671+0000] {dag.py:3089} INFO - Sync 1 DAGs
[2026-09-22T16:47:24.700+0000] {logging_mixin.py:188} INFO - [2026-09-22T16:47:24.699+0000] {dag.py:3947} INFO - Setting next_dagrun for example_dynamic_task_mapping to 2022-03-04 00:00:00+00:00, run_after=2022-03-05 00:00:00+00:00
[2026-09-22T16:47:24.724+0000] {processor.py:183} INFO - Processing /home/airflow/.local/lib/python3.12/site-packages/airflow/example_dags/example_dynamic_task_mapping.py took 0.107 seconds
[2026-09-22T16:47:54.901+0000] {processor.py:161} INFO - Started process (PID=566) to work on /home/airflow/.local/lib/python3.12/site-packages/airflow/example_dags/example_dynamic_task_mapping.py
[2026-09-22T16:47:54.902+0000] {processor.py:830} INFO - Processing file /home/airflow/.local/lib/python3.12/site-packages/airflow/example_dags/example_dynamic_task_mapping.py for tasks to queue
[2026-09-22T16:47:54.906+0000] {logging_mixin.py:188} INFO - [2026-09-22T16:47:54.905+0000] {dagbag.py:545} INFO - Filling up the DagBag from /home/airflow/.local/lib/python3.12/site-packages/airflow/example_dags/example_dynamic_task_mapping.py
[2026-09-22T16:47:54.920+0000] {processor.py:840} INFO - DAG(s) 'example_dynamic_task_mapping' retrieved from /home/airflow/.local/lib/python3.12/site-packages/airflow/example_dags/example_dynamic_task_mapping.py
[2026-09-22T16:47:54.959+0000] {logging_mixin.py:188} INFO - [2026-09-22T16:47:54.958+0000] {dag.py:3089} INFO - Sync 1 DAGs
[2026-09-22T16:47:54.997+0000] {logging_mixin.py:188} INFO - [2026-09-22T16:47:54.996+0000] {dag.py:3947} INFO - Setting next_dagrun for example_dynamic_task_mapping to 2022-03-04 00:00:00+00:00, run_after=2022-03-05 00:00:00+00:00
[2026-09-22T16:47:55.038+0000] {processor.py:183} INFO - Processing /home/airflow/.local/lib/python3.12/site-packages/airflow/example_dags/example_dynamic_task_mapping.py took 0.145 seconds
[2026-09-22T16:48:25.836+0000] {processor.py:161} INFO - Started process (PID=624) to work on /home/airflow/.local/lib/python3.12/site-packages/airflow/example_dags/example_dynamic_task_mapping.py
[2026-09-22T16:48:25.838+0000] {processor.py:830} INFO - Processing file /home/airflow/.local/lib/python3.12/site-packages/airflow/example_dags/example_dynamic_task_mapping.py for tasks to queue
[2026-09-22T16:48:25.842+0000] {logging_mixin.py:188} INFO - [2026-09-22T16:48:25.842+0000] {dagbag.py:545} INFO - Filling up the DagBag from /home/airflow/.local/lib/python3.12/site-packages/airflow/example_dags/example_dynamic_task_mapping.py
[2026-09-22T16:48:25.853+0000] {processor.py:840} INFO - DAG(s) 'example_dynamic_task_mapping' retrieved from /home/airflow/.local/lib/python3.12/site-packages/airflow/example_dags/example_dynamic_task_mapping.py
[2026-09-22T16:48:25.886+0000] {logging_mixin.py:188} INFO - [2026-09-22T16:48:25.886+0000] {dag.py:3089} INFO - Sync 1 DAGs
[2026-09-22T16:48:25.922+0000] {logging_mixin.py:188} INFO - [2026-09-22T16:48:25.921+0000] {dag.py:3947} INFO - Setting next_dagrun for example_dynamic_task_mapping to 2022-03-04 00:00:00+00:00, run_after=2022-03-05 00:00:00+00:00
[2026-09-22T16:48:26.013+0000] {processor.py:183} INFO - Processing /home/airflow/.local/lib/python3.12/site-packages/airflow/example_dags/example_dynamic_task_mapping.py took 0.191 seconds
[2026-09-22T16:48:57.098+0000] {processor.py:161} INFO - Started process (PID=682) to work on /home/airflow/.local/lib/python3.12/site-packages/airflow/example_dags/example_dynamic_task_mapping.py
[2026-09-22T16:48:57.100+0000] {processor.py:830} INFO - Processing file /home/airflow/.local/lib/python3.12/site-packages/airflow/example_dags/example_dynamic_task_mapping.py for tasks to queue
[2026-09-22T16:48:57.103+0000] {logging_mixin.py:188} INFO - [2026-09-22T16:48:57.102+0000] {dagbag.py:545} INFO - Filling up the DagBag from /home/airflow/.local/lib/python3.12/site-packages/airflow/example_dags/example_dynamic_task_mapping.py
[2026-09-22T16:48:57.111+0000] {processor.py:840} INFO - DAG(s) 'example_dynamic_task_mapping' retrieved from /home/airflow/.local/lib/python3.12/site-packages/airflow/example_dags/example_dynamic_task_mapping.py
[2026-09-22T16:48:57.142+0000] {logging_mixin.py:188} INFO - [2026-09-22T16:48:57.142+0000] {dag.py:3089} INFO - Sync 1 DAGs
[2026-09-22T16:48:57.174+0000] {logging_mixin.py:188} INFO - [2026-09-22T16:48:57.174+0000] {dag.py:3947} INFO - Setting next_dagrun for example_dynamic_task_mapping to 2022-03-04 00:00:00+00:00, run_after=2022-03-05 00:00:00+00:00
[2026-09-22T16:48:57.226+0000] {processor.py:183} INFO - Processing /home/airflow/.local/lib/python3.12/site-packages/airflow/example_dags/example_dynamic_task_mapping.py took 0.136 seconds
[2026-09-22T16:49:27.940+0000] {processor.py:161} INFO - Started process (PID=741) to work on /home/airflow/.local/lib/python3.12/site-packages/airflow/example_dags/example_dynamic_task_mapping.py
[2026-09-22T16:49:27.944+0000] {processor.py:830} INFO - Processing file /home/airflow/.local/lib/python3.12/site-packages/airflow/example_dags/example_dynamic_task_mapping.py for tasks to queue
[2026-09-22T16:49:27.953+0000] {logging_mixin.py:188} INFO - [2026-09-22T16:49:27.952+0000] {dagbag.py:545} INFO - Filling up the DagBag from /home/airflow/.local/lib/python3.12/site-packages/airflow/example_dags/example_dynamic_task_mapping.py
[2026-09-22T16:49:27.975+0000] {processor.py:840} INFO - DAG(s) 'example_dynamic_task_mapping' retrieved from /home/airflow/.local/lib/python3.12/site-packages/airflow/example_dags/example_dynamic_task_mapping.py
[2026-09-22T16:49:28.038+0000] {logging_mixin.py:188} INFO - [2026-09-22T16:49:28.037+0000] {dag.py:3089} INFO - Sync 1 DAGs
[2026-09-22T16:49:28.119+0000] {logging_mixin.py:188} INFO - [2026-09-22T16:49:28.118+0000] {dag.py:3947} INFO - Setting next_dagrun for example_dynamic_task_mapping to 2022-03-04 00:00:00+00:00, run_after=2022-03-05 00:00:00+00:00
[2026-09-22T16:49:28.220+0000] {processor.py:183} INFO - Processing /home/airflow/.local/lib/python3.12/site-packages/airflow/example_dags/example_dynamic_task_mapping.py took 0.303 seconds
[2026-09-22T16:49:58.901+0000] {processor.py:161} INFO - Started process (PID=799) to work on /home/airflow/.local/lib/python3.12/site-packages/airflow/example_dags/example_dynamic_task_mapping.py
[2026-09-22T16:49:58.904+0000] {processor.py:830} INFO - Processing file /home/airflow/.local/lib/python3.12/site-packages/airflow/example_dags/example_dynamic_task_mapping.py for tasks to queue
[2026-09-22T16:49:58.917+0000] {logging_mixin.py:188} INFO - [2026-09-22T16:49:58.916+0000] {dagbag.py:545} INFO - Filling up the DagBag from /home/airflow/.local/lib/python3.12/site-packages/airflow/example_dags/example_dynamic_task_mapping.py
[2026-09-22T16:49:58.941+0000] {processor.py:840} INFO - DAG(s) 'example_dynamic_task_mapping' retrieved from /home/airflow/.local/lib/python3.12/site-packages/airflow/example_dags/example_dynamic_task_mapping.py
[2026-09-22T16:49:58.984+0000] {logging_mixin.py:188} INFO - [2026-09-22T16:49:58.983+0000] {dag.py:3089} INFO - Sync 1 DAGs
[2026-09-22T16:49:59.041+0000] {logging_mixin.py:188} INFO - [2026-09-22T16:49:59.040+0000] {dag.py:3947} INFO - Setting next_dagrun for example_dynamic_task_mapping to 2022-03-04 00:00:00+00:00, run_after=2022-03-05 00:00:00+00:00
[2026-09-22T16:49:59.162+0000] {processor.py:183} INFO - Processing /home/airflow/.local/lib/python3.12/site-packages/airflow/example_dags/example_dynamic_task_mapping.py took 0.278 seconds
[2026-09-22T16:50:29.720+0000] {processor.py:161} INFO - Started process (PID=858) to work on /home/airflow/.local/lib/python3.12/site-packages/airflow/example_dags/example_dynamic_task_mapping.py
[2026-09-22T16:50:29.723+0000] {processor.py:830} INFO - Processing file /home/airflow/.local/lib/python3.12/site-packages/airflow/example_dags/example_dynamic_task_mapping.py for tasks to queue
[2026-09-22T16:50:29.726+0000] {logging_mixin.py:188} INFO - [2026-09-22T16:50:29.726+0000] {dagbag.py:545} INFO - Filling up the DagBag from /home/airflow/.local/lib/python3.12/site-packages/airflow/example_dags/example_dynamic_task_mapping.py
[2026-09-22T16:50:29.740+0000] {processor.py:840} INFO - DAG(s) 'example_dynamic_task_mapping' retrieved from /home/airflow/.local/lib/python3.12/site-packages/airflow/example_dags/example_dynamic_task_mapping.py
[2026-09-22T16:50:29.770+0000] {logging_mixin.py:188} INFO - [2026-09-22T16:50:29.769+0000] {dag.py:3089} INFO - Sync 1 DAGs
[2026-09-22T16:50:29.802+0000] {logging_mixin.py:188} INFO - [2026-09-22T16:50:29.802+0000] {dag.py:3947} INFO - Setting next_dagrun for example_dynamic_task_mapping to 2022-03-04 00:00:00+00:00, run_after=2022-03-05 00:00:00+00:00
[2026-09-22T16:50:29.902+0000] {processor.py:183} INFO - Processing /home/airflow/.local/lib/python3.12/site-packages/airflow/example_dags/example_dynamic_task_mapping.py took 0.192 seconds
[2026-09-22T16:51:00.353+0000] {processor.py:161} INFO - Started process (PID=916) to work on /home/airflow/.local/lib/python3.12/site-packages/airflow/example_dags/example_dynamic_task_mapping.py
[2026-09-22T16:51:00.355+0000] {processor.py:830} INFO - Processing file /home/airflow/.local/lib/python3.12/site-packages/airflow/example_dags/example_dynamic_task_mapping.py for tasks to queue
[2026-09-22T16:51:00.363+0000] {logging_mixin.py:188} INFO - [2026-09-22T16:51:00.362+0000] {dagbag.py:545} INFO - Filling up the DagBag from /home/airflow/.local/lib/python3.12/site-packages/airflow/example_dags/example_dynamic_task_mapping.py
[2026-09-22T16:51:00.377+0000] {processor.py:840} INFO - DAG(s) 'example_dynamic_task_mapping' retrieved from /home/airflow/.local/lib/python3.12/site-packages/airflow/example_dags/example_dynamic_task_mapping.py
[2026-09-22T16:51:00.419+0000] {logging_mixin.py:188} INFO - [2026-09-22T16:51:00.419+0000] {dag.py:3089} INFO - Sync 1 DAGs
[2026-09-22T16:51:00.464+0000] {logging_mixin.py:188} INFO - [2026-09-22T16:51:00.463+0000] {dag.py:3947} INFO - Setting next_dagrun for example_dynamic_task_mapping to 2022-03-04 00:00:00+00:00, run_after=2022-03-05 00:00:00+00:00
[2026-09-22T16:51:00.502+0000] {processor.py:183} INFO - Processing /home/airflow/.local/lib/python3.12/site-packages/airflow/example_dags/example_dynamic_task_mapping.py took 0.166 seconds
[2026-09-22T16:51:30.838+0000] {processor.py:161} INFO - Started process (PID=974) to work on /home/airflow/.local/lib/python3.12/site-packages/airflow/example_dags/example_dynamic_task_mapping.py
[2026-09-22T16:51:30.840+0000] {processor.py:830} INFO - Processing file /home/airflow/.local/lib/python3.12/site-packages/airflow/example_dags/example_dynamic_task_mapping.py for tasks to queue
[2026-09-22T16:51:30.844+0000] {logging_mixin.py:188} INFO - [2026-09-22T16:51:30.843+0000] {dagbag.py:545} INFO - Filling up the DagBag from /home/airflow/.local/lib/python3.12/site-packages/airflow/example_dags/example_dynamic_task_mapping.py
[2026-09-22T16:51:30.855+0000] {processor.py:840} INFO - DAG(s) 'example_dynamic_task_mapping' retrieved from /home/airflow/.local/lib/python3.12/site-packages/airflow/example_dags/example_dynamic_task_mapping.py
[2026-09-22T16:51:30.893+0000] {logging_mixin.py:188} INFO - [2026-09-22T16:51:30.893+0000] {dag.py:3089} INFO - Sync 1 DAGs
[2026-09-22T16:51:30.936+0000] {logging_mixin.py:188} INFO - [2026-09-22T16:51:30.935+0000] {dag.py:3947} INFO - Setting next_dagrun for example_dynamic_task_mapping to 2022-03-04 00:00:00+00:00, run_after=2022-03-05 00:00:00+00:00
[2026-09-22T16:51:30.992+0000] {processor.py:183} INFO - Processing /home/airflow/.local/lib/python3.12/site-packages/airflow/example_dags/example_dynamic_task_mapping.py took 0.166 seconds
[2026-09-22T16:52:24.057+0000] {processor.py:161} INFO - Started process (PID=1024) to work on /home/airflow/.local/lib/python3.12/site-packages/airflow/example_dags/example_dynamic_task_mapping.py
[2026-09-22T16:52:24.059+0000] {processor.py:830} INFO - Processing file /home/airflow/.local/lib/python3.12/site-packages/airflow/example_dags/example_dynamic_task_mapping.py for tasks to queue
[2026-09-22T16:52:24.061+0000] {logging_mixin.py:188} INFO - [2026-09-22T16:52:24.061+0000] {dagbag.py:545} INFO - Filling up the DagBag from /home/airflow/.local/lib/python3.12/site-packages/airflow/example_dags/example_dynamic_task_mapping.py
[2026-09-22T16:52:24.069+0000] {processor.py:840} INFO - DAG(s) 'example_dynamic_task_mapping' retrieved from /home/airflow/.local/lib/python3.12/site-packages/airflow/example_dags/example_dynamic_task_mapping.py
[2026-09-22T16:52:24.091+0000] {logging_mixin.py:188} INFO - [2026-09-22T16:52:24.091+0000] {dag.py:3089} INFO - Sync 1 DAGs
[2026-09-22T16:52:24.118+0000] {logging_mixin.py:188} INFO - [2026-09-22T16:52:24.118+0000] {dag.py:3947} INFO - Setting next_dagrun for example_dynamic_task_mapping to 2022-03-04 00:00:00+00:00, run_after=2022-03-05 00:00:00+00:00
[2026-09-22T16:52:24.148+0000] {processor.py:183} INFO - Processing /home/airflow/.local/lib/python3.12/site-packages/airflow/example_dags/example_dynamic_task_mapping.py took 0.098 seconds
[2026-09-22T16:52:55.116+0000] {processor.py:161} INFO - Started process (PID=1082) to work on /home/airflow/.local/lib/python3.12/site-packages/airflow/example_dags/example_dynamic_task_mapping.py
[2026-09-22T16:52:55.117+0000] {processor.py:830} INFO - Processing file /home/airflow/.local/lib/python3.12/site-packages/airflow/example_dags/example_dynamic_task_mapping.py for tasks to queue
[2026-09-22T16:52:55.119+0000] {logging_mixin.py:188} INFO - [2026-09-22T16:52:55.118+0000] {dagbag.py:545} INFO - Filling up the DagBag from /home/airflow/.local/lib/python3.12/site-packages/airflow/example_dags/example_dynamic_task_mapping.py
[2026-09-22T16:52:55.128+0000] {processor.py:840} INFO - DAG(s) 'example_dynamic_task_mapping' retrieved from /home/airflow/.local/lib/python3.12/site-packages/airflow/example_dags/example_dynamic_task_mapping.py
[2026-09-22T16:52:55.150+0000] {logging_mixin.py:188} INFO - [2026-09-22T16:52:55.149+0000] {dag.py:3089} INFO - Sync 1 DAGs
[2026-09-22T16:52:55.173+0000] {logging_mixin.py:188} INFO - [2026-09-22T16:52:55.172+0000] {dag.py:3947} INFO - Setting next_dagrun for example_dynamic_task_mapping to 2022-03-04 00:00:00+00:00, run_after=2022-03-05 00:00:00+00:00
[2026-09-22T16:52:55.201+0000] {processor.py:183} INFO - Processing /home/airflow/.local/lib/python3.12/site-packages/airflow/example_dags/example_dynamic_task_mapping.py took 0.091 seconds
[2026-09-22T16:53:25.376+0000] {processor.py:161} INFO - Started process (PID=1140) to work on /home/airflow/.local/lib/python3.12/site-packages/airflow/example_dags/example_dynamic_task_mapping.py
[2026-09-22T16:53:25.378+0000] {processor.py:830} INFO - Processing file /home/airflow/.local/lib/python3.12/site-packages/airflow/example_dags/example_dynamic_task_mapping.py for tasks to queue
[2026-09-22T16:53:25.382+0000] {logging_mixin.py:188} INFO - [2026-09-22T16:53:25.382+0000] {dagbag.py:545} INFO - Filling up the DagBag from /home/airflow/.local/lib/python3.12/site-packages/airflow/example_dags/example_dynamic_task_mapping.py
[2026-09-22T16:53:25.395+0000] {processor.py:840} INFO - DAG(s) 'example_dynamic_task_mapping' retrieved from /home/airflow/.local/lib/python3.12/site-packages/airflow/example_dags/example_dynamic_task_mapping.py
[2026-09-22T16:53:25.417+0000] {logging_mixin.py:188} INFO - [2026-09-22T16:53:25.417+0000] {dag.py:3089} INFO - Sync 1 DAGs
[2026-09-22T16:53:25.450+0000] {logging_mixin.py:188} INFO - [2026-09-22T16:53:25.450+0000] {dag.py:3947} INFO - Setting next_dagrun for example_dynamic_task_mapping to 2022-03-04 00:00:00+00:00, run_after=2022-03-05 00:00:00+00:00
[2026-09-22T16:53:25.469+0000] {processor.py:183} INFO - Processing /home/airflow/.local/lib/python3.12/site-packages/airflow/example_dags/example_dynamic_task_mapping.py took 0.112 seconds
[2026-09-22T16:53:55.506+0000] {processor.py:161} INFO - Started process (PID=1204) to work on /home/airflow/.local/lib/python3.12/site-packages/airflow/example_dags/example_dynamic_task_mapping.py
[2026-09-22T16:53:55.507+0000] {processor.py:830} INFO - Processing file /home/airflow/.local/lib/python3.12/site-packages/airflow/example_dags/example_dynamic_task_mapping.py for tasks to queue
[2026-09-22T16:53:55.509+0000] {logging_mixin.py:188} INFO - [2026-09-22T16:53:55.509+0000] {dagbag.py:545} INFO - Filling up the DagBag from /home/airflow/.local/lib/python3.12/site-packages/airflow/example_dags/example_dynamic_task_mapping.py
[2026-09-22T16:53:55.516+0000] {processor.py:840} INFO - DAG(s) 'example_dynamic_task_mapping' retrieved from /home/airflow/.local/lib/python3.12/site-packages/airflow/example_dags/example_dynamic_task_mapping.py
[2026-09-22T16:53:55.535+0000] {logging_mixin.py:188} INFO - [2026-09-22T16:53:55.535+0000] {dag.py:3089} INFO - Sync 1 DAGs
[2026-09-22T16:53:55.559+0000] {logging_mixin.py:188} INFO - [2026-09-22T16:53:55.559+0000] {dag.py:3947} INFO - Setting next_dagrun for example_dynamic_task_mapping to 2022-03-04 00:00:00+00:00, run_after=2022-03-05 00:00:00+00:00
[2026-09-22T16:53:55.580+0000] {processor.py:183} INFO - Processing /home/airflow/.local/lib/python3.12/site-packages/airflow/example_dags/example_dynamic_task_mapping.py took 0.080 seconds
[2026-09-22T16:54:25.802+0000] {processor.py:161} INFO - Started process (PID=1262) to work on /home/airflow/.local/lib/python3.12/site-packages/airflow/example_dags/example_dynamic_task_mapping.py
[2026-09-22T16:54:25.804+0000] {processor.py:830} INFO - Processing file /home/airflow/.local/lib/python3.12/site-packages/airflow/example_dags/example_dynamic_task_mapping.py for tasks to queue
[2026-09-22T16:54:25.808+0000] {logging_mixin.py:188} INFO - [2026-09-22T16:54:25.807+0000] {dagbag.py:545} INFO - Filling up the DagBag from /home/airflow/.local/lib/python3.12/site-packages/airflow/example_dags/example_dynamic_task_mapping.py
[2026-09-22T16:54:25.819+0000] {processor.py:840} INFO - DAG(s) 'example_dynamic_task_mapping' retrieved from /home/airflow/.local/lib/python3.12/site-packages/airflow/example_dags/example_dynamic_task_mapping.py
[2026-09-22T16:54:25.848+0000] {logging_mixin.py:188} INFO - [2026-09-22T16:54:25.847+0000] {dag.py:3089} INFO - Sync 1 DAGs
[2026-09-22T16:54:25.880+0000] {logging_mixin.py:188} INFO - [2026-09-22T16:54:25.879+0000] {dag.py:3947} INFO - Setting next_dagrun for example_dynamic_task_mapping to 2022-03-04 00:00:00+00:00, run_after=2022-03-05 00:00:00+00:00
[2026-09-22T16:54:25.909+0000] {processor.py:183} INFO - Processing /home/airflow/.local/lib/python3.12/site-packages/airflow/example_dags/example_dynamic_task_mapping.py took 0.113 seconds
[2026-09-22T16:54:56.317+0000] {processor.py:161} INFO - Started process (PID=1320) to work on /home/airflow/.local/lib/python3.12/site-packages/airflow/example_dags/example_dynamic_task_mapping.py
[2026-09-22T16:54:56.318+0000] {processor.py:830} INFO - Processing file /home/airflow/.local/lib/python3.12/site-packages/airflow/example_dags/example_dynamic_task_mapping.py for tasks to queue
[2026-09-22T16:54:56.322+0000] {logging_mixin.py:188} INFO - [2026-09-22T16:54:56.321+0000] {dagbag.py:545} INFO - Filling up the DagBag from /home/airflow/.local/lib/python3.12/site-packages/airflow/example_dags/example_dynamic_task_mapping.py
[2026-09-22T16:54:56.329+0000] {processor.py:840} INFO - DAG(s) 'example_dynamic_task_mapping' retrieved from /home/airflow/.local/lib/python3.12/site-packages/airflow/example_dags/example_dynamic_task_mapping.py
[2026-09-22T16:54:56.353+0000] {logging_mixin.py:188} INFO - [2026-09-22T16:54:56.353+0000] {dag.py:3089} INFO - Sync 1 DAGs
[2026-09-22T16:54:56.375+0000] {logging_mixin.py:188} INFO - [2026-09-22T16:54:56.375+0000] {dag.py:3947} INFO - Setting next_dagrun for example_dynamic_task_mapping to 2022-03-04 00:00:00+00:00, run_after=2022-03-05 00:00:00+00:00
[2026-09-22T16:54:56.395+0000] {processor.py:183} INFO - Processing /home/airflow/.local/lib/python3.12/site-packages/airflow/example_dags/example_dynamic_task_mapping.py took 0.084 seconds
[2026-09-22T16:55:26.690+0000] {processor.py:161} INFO - Started process (PID=1378) to work on /home/airflow/.local/lib/python3.12/site-packages/airflow/example_dags/example_dynamic_task_mapping.py
[2026-09-22T16:55:26.692+0000] {processor.py:830} INFO - Processing file /home/airflow/.local/lib/python3.12/site-packages/airflow/example_dags/example_dynamic_task_mapping.py for tasks to queue
[2026-09-22T16:55:26.694+0000] {logging_mixin.py:188} INFO - [2026-09-22T16:55:26.693+0000] {dagbag.py:545} INFO - Filling up the DagBag from /home/airflow/.local/lib/python3.12/site-packages/airflow/example_dags/example_dynamic_task_mapping.py
[2026-09-22T16:55:26.701+0000] {processor.py:840} INFO - DAG(s) 'example_dynamic_task_mapping' retrieved from /home/airflow/.local/lib/python3.12/site-packages/airflow/example_dags/example_dynamic_task_mapping.py
[2026-09-22T16:55:26.728+0000] {logging_mixin.py:188} INFO - [2026-09-22T16:55:26.728+0000] {dag.py:3089} INFO - Sync 1 DAGs
[2026-09-22T16:55:26.752+0000] {logging_mixin.py:188} INFO - [2026-09-22T16:55:26.752+0000] {dag.py:3947} INFO - Setting next_dagrun for example_dynamic_task_mapping to 2022-03-04 00:00:00+00:00, run_after=2022-03-05 00:00:00+00:00
[2026-09-22T16:55:26.777+0000] {processor.py:183} INFO - Processing /home/airflow/.local/lib/python3.12/site-packages/airflow/example_dags/example_dynamic_task_mapping.py took 0.095 seconds
[2026-09-22T16:55:57.093+0000] {processor.py:161} INFO - Started process (PID=1436) to work on /home/airflow/.local/lib/python3.12/site-packages/airflow/example_dags/example_dynamic_task_mapping.py
[2026-09-22T16:55:57.094+0000] {processor.py:830} INFO - Processing file /home/airflow/.local/lib/python3.12/site-packages/airflow/example_dags/example_dynamic_task_mapping.py for tasks to queue
[2026-09-22T16:55:57.096+0000] {logging_mixin.py:188} INFO - [2026-09-22T16:55:57.096+0000] {dagbag.py:545} INFO - Filling up the DagBag from /home/airflow/.local/lib/python3.12/site-packages/airflow/example_dags/example_dynamic_task_mapping.py
[2026-09-22T16:55:57.104+0000] {processor.py:840} INFO - DAG(s) 'example_dynamic_task_mapping' retrieved from /home/airflow/.local/lib/python3.12/site-packages/airflow/example_dags/example_dynamic_task_mapping.py
[2026-09-22T16:55:57.124+0000] {logging_mixin.py:188} INFO - [2026-09-22T16:55:57.124+0000] {dag.py:3089} INFO - Sync 1 DAGs
[2026-09-22T16:55:57.144+0000] {logging_mixin.py:188} INFO - [2026-09-22T16:55:57.144+0000] {dag.py:3947} INFO - Setting next_dagrun for example_dynamic_task_mapping to 2022-03-04 00:00:00+00:00, run_after=2022-03-05 00:00:00+00:00
[2026-09-22T16:55:57.165+0000] {processor.py:183} INFO - Processing /home/airflow/.local/lib/python3.12/site-packages/airflow/example_dags/example_dynamic_task_mapping.py took 0.078 seconds
[2026-09-22T16:56:28.052+0000] {processor.py:161} INFO - Started process (PID=1494) to work on /home/airflow/.local/lib/python3.12/site-packages/airflow/example_dags/example_dynamic_task_mapping.py
[2026-09-22T16:56:28.054+0000] {processor.py:830} INFO - Processing file /home/airflow/.local/lib/python3.12/site-packages/airflow/example_dags/example_dynamic_task_mapping.py for tasks to queue
[2026-09-22T16:56:28.057+0000] {logging_mixin.py:188} INFO - [2026-09-22T16:56:28.056+0000] {dagbag.py:545} INFO - Filling up the DagBag from /home/airflow/.local/lib/python3.12/site-packages/airflow/example_dags/example_dynamic_task_mapping.py
[2026-09-22T16:56:28.063+0000] {processor.py:840} INFO - DAG(s) 'example_dynamic_task_mapping' retrieved from /home/airflow/.local/lib/python3.12/site-packages/airflow/example_dags/example_dynamic_task_mapping.py
[2026-09-22T16:56:28.080+0000] {logging_mixin.py:188} INFO - [2026-09-22T16:56:28.080+0000] {dag.py:3089} INFO - Sync 1 DAGs
[2026-09-22T16:56:28.101+0000] {logging_mixin.py:188} INFO - [2026-09-22T16:56:28.100+0000] {dag.py:3947} INFO - Setting next_dagrun for example_dynamic_task_mapping to 2022-03-04 00:00:00+00:00, run_after=2022-03-05 00:00:00+00:00
[2026-09-22T16:56:28.121+0000] {processor.py:183} INFO - Processing /home/airflow/.local/lib/python3.12/site-packages/airflow/example_dags/example_dynamic_task_mapping.py took 0.075 seconds
[2026-09-22T16:58:05.438+0000] {processor.py:161} INFO - Started process (PID=114) to work on /home/airflow/.local/lib/python3.12/site-packages/airflow/example_dags/example_dynamic_task_mapping.py
[2026-09-22T16:58:05.440+0000] {processor.py:830} INFO - Processing file /home/airflow/.local/lib/python3.12/site-packages/airflow/example_dags/example_dynamic_task_mapping.py for tasks to queue
[2026-09-22T16:58:05.442+0000] {logging_mixin.py:188} INFO - [2026-09-22T16:58:05.442+0000] {dagbag.py:545} INFO - Filling up the DagBag from /home/airflow/.local/lib/python3.12/site-packages/airflow/example_dags/example_dynamic_task_mapping.py
[2026-09-22T16:58:05.450+0000] {processor.py:840} INFO - DAG(s) 'example_dynamic_task_mapping' retrieved from /home/airflow/.local/lib/python3.12/site-packages/airflow/example_dags/example_dynamic_task_mapping.py
[2026-09-22T16:58:05.571+0000] {logging_mixin.py:188} INFO - [2026-09-22T16:58:05.570+0000] {dag.py:3089} INFO - Sync 1 DAGs
[2026-09-22T16:58:05.596+0000] {logging_mixin.py:188} INFO - [2026-09-22T16:58:05.595+0000] {dag.py:3947} INFO - Setting next_dagrun for example_dynamic_task_mapping to 2022-03-04 00:00:00+00:00, run_after=2022-03-05 00:00:00+00:00
[2026-09-22T16:58:05.622+0000] {processor.py:183} INFO - Processing /home/airflow/.local/lib/python3.12/site-packages/airflow/example_dags/example_dynamic_task_mapping.py took 0.190 seconds
[2026-09-22T16:58:35.888+0000] {processor.py:161} INFO - Started process (PID=172) to work on /home/airflow/.local/lib/python3.12/site-packages/airflow/example_dags/example_dynamic_task_mapping.py
[2026-09-22T16:58:35.889+0000] {processor.py:830} INFO - Processing file /home/airflow/.local/lib/python3.12/site-packages/airflow/example_dags/example_dynamic_task_mapping.py for tasks to queue
[2026-09-22T16:58:35.891+0000] {logging_mixin.py:188} INFO - [2026-09-22T16:58:35.891+0000] {dagbag.py:545} INFO - Filling up the DagBag from /home/airflow/.local/lib/python3.12/site-packages/airflow/example_dags/example_dynamic_task_mapping.py
[2026-09-22T16:58:35.896+0000] {processor.py:840} INFO - DAG(s) 'example_dynamic_task_mapping' retrieved from /home/airflow/.local/lib/python3.12/site-packages/airflow/example_dags/example_dynamic_task_mapping.py
[2026-09-22T16:58:35.912+0000] {logging_mixin.py:188} INFO - [2026-09-22T16:58:35.912+0000] {dag.py:3089} INFO - Sync 1 DAGs
[2026-09-22T16:58:35.929+0000] {logging_mixin.py:188} INFO - [2026-09-22T16:58:35.929+0000] {dag.py:3947} INFO - Setting next_dagrun for example_dynamic_task_mapping to 2022-03-04 00:00:00+00:00, run_after=2022-03-05 00:00:00+00:00
[2026-09-22T16:58:35.947+0000] {processor.py:183} INFO - Processing /home/airflow/.local/lib/python3.12/site-packages/airflow/example_dags/example_dynamic_task_mapping.py took 0.065 seconds
[2026-09-22T16:59:06.879+0000] {processor.py:161} INFO - Started process (PID=230) to work on /home/airflow/.local/lib/python3.12/site-packages/airflow/example_dags/example_dynamic_task_mapping.py
[2026-09-22T16:59:06.880+0000] {processor.py:830} INFO - Processing file /home/airflow/.local/lib/python3.12/site-packages/airflow/example_dags/example_dynamic_task_mapping.py for tasks to queue
[2026-09-22T16:59:06.885+0000] {logging_mixin.py:188} INFO - [2026-09-22T16:59:06.885+0000] {dagbag.py:545} INFO - Filling up the DagBag from /home/airflow/.local/lib/python3.12/site-packages/airflow/example_dags/example_dynamic_task_mapping.py
[2026-09-22T16:59:06.893+0000] {processor.py:840} INFO - DAG(s) 'example_dynamic_task_mapping' retrieved from /home/airflow/.local/lib/python3.12/site-packages/airflow/example_dags/example_dynamic_task_mapping.py
[2026-09-22T16:59:06.912+0000] {logging_mixin.py:188} INFO - [2026-09-22T16:59:06.912+0000] {dag.py:3089} INFO - Sync 1 DAGs
[2026-09-22T16:59:06.932+0000] {logging_mixin.py:188} INFO - [2026-09-22T16:59:06.932+0000] {dag.py:3947} INFO - Setting next_dagrun for example_dynamic_task_mapping to 2022-03-04 00:00:00+00:00, run_after=2022-03-05 00:00:00+00:00
[2026-09-22T16:59:06.952+0000] {processor.py:183} INFO - Processing /home/airflow/.local/lib/python3.12/site-packages/airflow/example_dags/example_dynamic_task_mapping.py took 0.079 seconds
[2026-09-22T16:59:37.289+0000] {processor.py:161} INFO - Started process (PID=288) to work on /home/airflow/.local/lib/python3.12/site-packages/airflow/example_dags/example_dynamic_task_mapping.py
[2026-09-22T16:59:37.291+0000] {processor.py:830} INFO - Processing file /home/airflow/.local/lib/python3.12/site-packages/airflow/example_dags/example_dynamic_task_mapping.py for tasks to queue
[2026-09-22T16:59:37.293+0000] {logging_mixin.py:188} INFO - [2026-09-22T16:59:37.292+0000] {dagbag.py:545} INFO - Filling up the DagBag from /home/airflow/.local/lib/python3.12/site-packages/airflow/example_dags/example_dynamic_task_mapping.py
[2026-09-22T16:59:37.300+0000] {processor.py:840} INFO - DAG(s) 'example_dynamic_task_mapping' retrieved from /home/airflow/.local/lib/python3.12/site-packages/airflow/example_dags/example_dynamic_task_mapping.py
[2026-09-22T16:59:37.320+0000] {logging_mixin.py:188} INFO - [2026-09-22T16:59:37.320+0000] {dag.py:3089} INFO - Sync 1 DAGs
[2026-09-22T16:59:37.340+0000] {logging_mixin.py:188} INFO - [2026-09-22T16:59:37.340+0000] {dag.py:3947} INFO - Setting next_dagrun for example_dynamic_task_mapping to 2022-03-04 00:00:00+00:00, run_after=2022-03-05 00:00:00+00:00
[2026-09-22T16:59:37.358+0000] {processor.py:183} INFO - Processing /home/airflow/.local/lib/python3.12/site-packages/airflow/example_dags/example_dynamic_task_mapping.py took 0.076 seconds
[2026-09-22T17:00:07.595+0000] {processor.py:161} INFO - Started process (PID=346) to work on /home/airflow/.local/lib/python3.12/site-packages/airflow/example_dags/example_dynamic_task_mapping.py
[2026-09-22T17:00:07.597+0000] {processor.py:830} INFO - Processing file /home/airflow/.local/lib/python3.12/site-packages/airflow/example_dags/example_dynamic_task_mapping.py for tasks to queue
[2026-09-22T17:00:07.599+0000] {logging_mixin.py:188} INFO - [2026-09-22T17:00:07.599+0000] {dagbag.py:545} INFO - Filling up the DagBag from /home/airflow/.local/lib/python3.12/site-packages/airflow/example_dags/example_dynamic_task_mapping.py
[2026-09-22T17:00:07.611+0000] {processor.py:840} INFO - DAG(s) 'example_dynamic_task_mapping' retrieved from /home/airflow/.local/lib/python3.12/site-packages/airflow/example_dags/example_dynamic_task_mapping.py
[2026-09-22T17:00:07.640+0000] {logging_mixin.py:188} INFO - [2026-09-22T17:00:07.639+0000] {dag.py:3089} INFO - Sync 1 DAGs
[2026-09-22T17:00:07.672+0000] {logging_mixin.py:188} INFO - [2026-09-22T17:00:07.671+0000] {dag.py:3947} INFO - Setting next_dagrun for example_dynamic_task_mapping to 2022-03-04 00:00:00+00:00, run_after=2022-03-05 00:00:00+00:00
[2026-09-22T17:00:07.697+0000] {processor.py:183} INFO - Processing /home/airflow/.local/lib/python3.12/site-packages/airflow/example_dags/example_dynamic_task_mapping.py took 0.108 seconds
[2026-09-22T17:00:38.160+0000] {processor.py:161} INFO - Started process (PID=404) to work on /home/airflow/.local/lib/python3.12/site-packages/airflow/example_dags/example_dynamic_task_mapping.py
[2026-09-22T17:00:38.161+0000] {processor.py:830} INFO - Processing file /home/airflow/.local/lib/python3.12/site-packages/airflow/example_dags/example_dynamic_task_mapping.py for tasks to queue
[2026-09-22T17:00:38.163+0000] {logging_mixin.py:188} INFO - [2026-09-22T17:00:38.163+0000] {dagbag.py:545} INFO - Filling up the DagBag from /home/airflow/.local/lib/python3.12/site-packages/airflow/example_dags/example_dynamic_task_mapping.py
[2026-09-22T17:00:38.170+0000] {processor.py:840} INFO - DAG(s) 'example_dynamic_task_mapping' retrieved from /home/airflow/.local/lib/python3.12/site-packages/airflow/example_dags/example_dynamic_task_mapping.py
[2026-09-22T17:00:38.189+0000] {logging_mixin.py:188} INFO - [2026-09-22T17:00:38.189+0000] {dag.py:3089} INFO - Sync 1 DAGs
[2026-09-22T17:00:38.210+0000] {logging_mixin.py:188} INFO - [2026-09-22T17:00:38.209+0000] {dag.py:3947} INFO - Setting next_dagrun for example_dynamic_task_mapping to 2022-03-04 00:00:00+00:00, run_after=2022-03-05 00:00:00+00:00
[2026-09-22T17:00:38.230+0000] {processor.py:183} INFO - Processing /home/airflow/.local/lib/python3.12/site-packages/airflow/example_dags/example_dynamic_task_mapping.py took 0.075 seconds
[2026-09-22T17:01:08.589+0000] {processor.py:161} INFO - Started process (PID=462) to work on /home/airflow/.local/lib/python3.12/site-packages/airflow/example_dags/example_dynamic_task_mapping.py
[2026-09-22T17:01:08.590+0000] {processor.py:830} INFO - Processing file /home/airflow/.local/lib/python3.12/site-packages/airflow/example_dags/example_dynamic_task_mapping.py for tasks to queue
[2026-09-22T17:01:08.592+0000] {logging_mixin.py:188} INFO - [2026-09-22T17:01:08.592+0000] {dagbag.py:545} INFO - Filling up the DagBag from /home/airflow/.local/lib/python3.12/site-packages/airflow/example_dags/example_dynamic_task_mapping.py
[2026-09-22T17:01:08.598+0000] {processor.py:840} INFO - DAG(s) 'example_dynamic_task_mapping' retrieved from /home/airflow/.local/lib/python3.12/site-packages/airflow/example_dags/example_dynamic_task_mapping.py
[2026-09-22T17:01:08.629+0000] {logging_mixin.py:188} INFO - [2026-09-22T17:01:08.629+0000] {dag.py:3089} INFO - Sync 1 DAGs
[2026-09-22T17:01:08.659+0000] {logging_mixin.py:188} INFO - [2026-09-22T17:01:08.659+0000] {dag.py:3947} INFO - Setting next_dagrun for example_dynamic_task_mapping to 2022-03-04 00:00:00+00:00, run_after=2022-03-05 00:00:00+00:00
[2026-09-22T17:01:08.687+0000] {processor.py:183} INFO - Processing /home/airflow/.local/lib/python3.12/site-packages/airflow/example_dags/example_dynamic_task_mapping.py took 0.104 seconds
[2026-09-22T17:01:39.243+0000] {processor.py:161} INFO - Started process (PID=520) to work on /home/airflow/.local/lib/python3.12/site-packages/airflow/example_dags/example_dynamic_task_mapping.py
[2026-09-22T17:01:39.244+0000] {processor.py:830} INFO - Processing file /home/airflow/.local/lib/python3.12/site-packages/airflow/example_dags/example_dynamic_task_mapping.py for tasks to queue
[2026-09-22T17:01:39.247+0000] {logging_mixin.py:188} INFO - [2026-09-22T17:01:39.246+0000] {dagbag.py:545} INFO - Filling up the DagBag from /home/airflow/.local/lib/python3.12/site-packages/airflow/example_dags/example_dynamic_task_mapping.py
[2026-09-22T17:01:39.255+0000] {processor.py:840} INFO - DAG(s) 'example_dynamic_task_mapping' retrieved from /home/airflow/.local/lib/python3.12/site-packages/airflow/example_dags/example_dynamic_task_mapping.py
[2026-09-22T17:01:39.275+0000] {logging_mixin.py:188} INFO - [2026-09-22T17:01:39.275+0000] {dag.py:3089} INFO - Sync 1 DAGs
[2026-09-22T17:01:39.295+0000] {logging_mixin.py:188} INFO - [2026-09-22T17:01:39.295+0000] {dag.py:3947} INFO - Setting next_dagrun for example_dynamic_task_mapping to 2022-03-04 00:00:00+00:00, run_after=2022-03-05 00:00:00+00:00
[2026-09-22T17:01:39.317+0000] {processor.py:183} INFO - Processing /home/airflow/.local/lib/python3.12/site-packages/airflow/example_dags/example_dynamic_task_mapping.py took 0.080 seconds
[2026-09-22T17:02:10.491+0000] {processor.py:161} INFO - Started process (PID=578) to work on /home/airflow/.local/lib/python3.12/site-packages/airflow/example_dags/example_dynamic_task_mapping.py
[2026-09-22T17:02:10.493+0000] {processor.py:830} INFO - Processing file /home/airflow/.local/lib/python3.12/site-packages/airflow/example_dags/example_dynamic_task_mapping.py for tasks to queue
[2026-09-22T17:02:10.497+0000] {logging_mixin.py:188} INFO - [2026-09-22T17:02:10.496+0000] {dagbag.py:545} INFO - Filling up the DagBag from /home/airflow/.local/lib/python3.12/site-packages/airflow/example_dags/example_dynamic_task_mapping.py
[2026-09-22T17:02:10.509+0000] {processor.py:840} INFO - DAG(s) 'example_dynamic_task_mapping' retrieved from /home/airflow/.local/lib/python3.12/site-packages/airflow/example_dags/example_dynamic_task_mapping.py
[2026-09-22T17:02:10.538+0000] {logging_mixin.py:188} INFO - [2026-09-22T17:02:10.538+0000] {dag.py:3089} INFO - Sync 1 DAGs
[2026-09-22T17:02:10.567+0000] {logging_mixin.py:188} INFO - [2026-09-22T17:02:10.566+0000] {dag.py:3947} INFO - Setting next_dagrun for example_dynamic_task_mapping to 2022-03-04 00:00:00+00:00, run_after=2022-03-05 00:00:00+00:00
[2026-09-22T17:02:10.606+0000] {processor.py:183} INFO - Processing /home/airflow/.local/lib/python3.12/site-packages/airflow/example_dags/example_dynamic_task_mapping.py took 0.124 seconds
[2026-09-22T17:03:34.091+0000] {processor.py:161} INFO - Started process (PID=112) to work on /home/airflow/.local/lib/python3.12/site-packages/airflow/example_dags/example_dynamic_task_mapping.py
[2026-09-22T17:03:34.093+0000] {processor.py:830} INFO - Processing file /home/airflow/.local/lib/python3.12/site-packages/airflow/example_dags/example_dynamic_task_mapping.py for tasks to queue
[2026-09-22T17:03:34.095+0000] {logging_mixin.py:188} INFO - [2026-09-22T17:03:34.095+0000] {dagbag.py:545} INFO - Filling up the DagBag from /home/airflow/.local/lib/python3.12/site-packages/airflow/example_dags/example_dynamic_task_mapping.py
[2026-09-22T17:03:34.104+0000] {processor.py:840} INFO - DAG(s) 'example_dynamic_task_mapping' retrieved from /home/airflow/.local/lib/python3.12/site-packages/airflow/example_dags/example_dynamic_task_mapping.py
[2026-09-22T17:03:34.228+0000] {logging_mixin.py:188} INFO - [2026-09-22T17:03:34.227+0000] {dag.py:3089} INFO - Sync 1 DAGs
[2026-09-22T17:03:34.251+0000] {logging_mixin.py:188} INFO - [2026-09-22T17:03:34.251+0000] {dag.py:3947} INFO - Setting next_dagrun for example_dynamic_task_mapping to 2022-03-04 00:00:00+00:00, run_after=2022-03-05 00:00:00+00:00
[2026-09-22T17:03:34.273+0000] {processor.py:183} INFO - Processing /home/airflow/.local/lib/python3.12/site-packages/airflow/example_dags/example_dynamic_task_mapping.py took 0.190 seconds
[2026-09-22T17:04:04.466+0000] {processor.py:161} INFO - Started process (PID=170) to work on /home/airflow/.local/lib/python3.12/site-packages/airflow/example_dags/example_dynamic_task_mapping.py
[2026-09-22T17:04:04.467+0000] {processor.py:830} INFO - Processing file /home/airflow/.local/lib/python3.12/site-packages/airflow/example_dags/example_dynamic_task_mapping.py for tasks to queue
[2026-09-22T17:04:04.469+0000] {logging_mixin.py:188} INFO - [2026-09-22T17:04:04.469+0000] {dagbag.py:545} INFO - Filling up the DagBag from /home/airflow/.local/lib/python3.12/site-packages/airflow/example_dags/example_dynamic_task_mapping.py
[2026-09-22T17:04:04.475+0000] {processor.py:840} INFO - DAG(s) 'example_dynamic_task_mapping' retrieved from /home/airflow/.local/lib/python3.12/site-packages/airflow/example_dags/example_dynamic_task_mapping.py
[2026-09-22T17:04:04.493+0000] {logging_mixin.py:188} INFO - [2026-09-22T17:04:04.493+0000] {dag.py:3089} INFO - Sync 1 DAGs
[2026-09-22T17:04:04.510+0000] {logging_mixin.py:188} INFO - [2026-09-22T17:04:04.510+0000] {dag.py:3947} INFO - Setting next_dagrun for example_dynamic_task_mapping to 2022-03-04 00:00:00+00:00, run_after=2022-03-05 00:00:00+00:00
[2026-09-22T17:04:04.529+0000] {processor.py:183} INFO - Processing /home/airflow/.local/lib/python3.12/site-packages/airflow/example_dags/example_dynamic_task_mapping.py took 0.069 seconds
[2026-09-22T17:04:35.349+0000] {processor.py:161} INFO - Started process (PID=228) to work on /home/airflow/.local/lib/python3.12/site-packages/airflow/example_dags/example_dynamic_task_mapping.py
[2026-09-22T17:04:35.350+0000] {processor.py:830} INFO - Processing file /home/airflow/.local/lib/python3.12/site-packages/airflow/example_dags/example_dynamic_task_mapping.py for tasks to queue
[2026-09-22T17:04:35.353+0000] {logging_mixin.py:188} INFO - [2026-09-22T17:04:35.353+0000] {dagbag.py:545} INFO - Filling up the DagBag from /home/airflow/.local/lib/python3.12/site-packages/airflow/example_dags/example_dynamic_task_mapping.py
[2026-09-22T17:04:35.360+0000] {processor.py:840} INFO - DAG(s) 'example_dynamic_task_mapping' retrieved from /home/airflow/.local/lib/python3.12/site-packages/airflow/example_dags/example_dynamic_task_mapping.py
[2026-09-22T17:04:35.380+0000] {logging_mixin.py:188} INFO - [2026-09-22T17:04:35.379+0000] {dag.py:3089} INFO - Sync 1 DAGs
[2026-09-22T17:04:35.407+0000] {logging_mixin.py:188} INFO - [2026-09-22T17:04:35.407+0000] {dag.py:3947} INFO - Setting next_dagrun for example_dynamic_task_mapping to 2022-03-04 00:00:00+00:00, run_after=2022-03-05 00:00:00+00:00
[2026-09-22T17:04:35.429+0000] {processor.py:183} INFO - Processing /home/airflow/.local/lib/python3.12/site-packages/airflow/example_dags/example_dynamic_task_mapping.py took 0.086 seconds
[2026-09-22T17:05:06.224+0000] {processor.py:161} INFO - Started process (PID=286) to work on /home/airflow/.local/lib/python3.12/site-packages/airflow/example_dags/example_dynamic_task_mapping.py
[2026-09-22T17:05:06.225+0000] {processor.py:830} INFO - Processing file /home/airflow/.local/lib/python3.12/site-packages/airflow/example_dags/example_dynamic_task_mapping.py for tasks to queue
[2026-09-22T17:05:06.227+0000] {logging_mixin.py:188} INFO - [2026-09-22T17:05:06.227+0000] {dagbag.py:545} INFO - Filling up the DagBag from /home/airflow/.local/lib/python3.12/site-packages/airflow/example_dags/example_dynamic_task_mapping.py
[2026-09-22T17:05:06.237+0000] {processor.py:840} INFO - DAG(s) 'example_dynamic_task_mapping' retrieved from /home/airflow/.local/lib/python3.12/site-packages/airflow/example_dags/example_dynamic_task_mapping.py
[2026-09-22T17:05:06.255+0000] {logging_mixin.py:188} INFO - [2026-09-22T17:05:06.255+0000] {dag.py:3089} INFO - Sync 1 DAGs
[2026-09-22T17:05:06.274+0000] {logging_mixin.py:188} INFO - [2026-09-22T17:05:06.274+0000] {dag.py:3947} INFO - Setting next_dagrun for example_dynamic_task_mapping to 2022-03-04 00:00:00+00:00, run_after=2022-03-05 00:00:00+00:00
[2026-09-22T17:05:06.297+0000] {processor.py:183} INFO - Processing /home/airflow/.local/lib/python3.12/site-packages/airflow/example_dags/example_dynamic_task_mapping.py took 0.079 seconds
[2026-09-22T17:05:36.591+0000] {processor.py:161} INFO - Started process (PID=344) to work on /home/airflow/.local/lib/python3.12/site-packages/airflow/example_dags/example_dynamic_task_mapping.py
[2026-09-22T17:05:36.592+0000] {processor.py:830} INFO - Processing file /home/airflow/.local/lib/python3.12/site-packages/airflow/example_dags/example_dynamic_task_mapping.py for tasks to queue
[2026-09-22T17:05:36.595+0000] {logging_mixin.py:188} INFO - [2026-09-22T17:05:36.595+0000] {dagbag.py:545} INFO - Filling up the DagBag from /home/airflow/.local/lib/python3.12/site-packages/airflow/example_dags/example_dynamic_task_mapping.py
[2026-09-22T17:05:36.607+0000] {processor.py:840} INFO - DAG(s) 'example_dynamic_task_mapping' retrieved from /home/airflow/.local/lib/python3.12/site-packages/airflow/example_dags/example_dynamic_task_mapping.py
[2026-09-22T17:05:36.641+0000] {logging_mixin.py:188} INFO - [2026-09-22T17:05:36.640+0000] {dag.py:3089} INFO - Sync 1 DAGs
[2026-09-22T17:05:36.685+0000] {logging_mixin.py:188} INFO - [2026-09-22T17:05:36.684+0000] {dag.py:3947} INFO - Setting next_dagrun for example_dynamic_task_mapping to 2022-03-04 00:00:00+00:00, run_after=2022-03-05 00:00:00+00:00
[2026-09-22T17:05:36.722+0000] {processor.py:183} INFO - Processing /home/airflow/.local/lib/python3.12/site-packages/airflow/example_dags/example_dynamic_task_mapping.py took 0.141 seconds
[2026-09-22T17:06:07.173+0000] {processor.py:161} INFO - Started process (PID=402) to work on /home/airflow/.local/lib/python3.12/site-packages/airflow/example_dags/example_dynamic_task_mapping.py
[2026-09-22T17:06:07.175+0000] {processor.py:830} INFO - Processing file /home/airflow/.local/lib/python3.12/site-packages/airflow/example_dags/example_dynamic_task_mapping.py for tasks to queue
[2026-09-22T17:06:07.178+0000] {logging_mixin.py:188} INFO - [2026-09-22T17:06:07.177+0000] {dagbag.py:545} INFO - Filling up the DagBag from /home/airflow/.local/lib/python3.12/site-packages/airflow/example_dags/example_dynamic_task_mapping.py
[2026-09-22T17:06:07.190+0000] {processor.py:840} INFO - DAG(s) 'example_dynamic_task_mapping' retrieved from /home/airflow/.local/lib/python3.12/site-packages/airflow/example_dags/example_dynamic_task_mapping.py
[2026-09-22T17:06:07.217+0000] {logging_mixin.py:188} INFO - [2026-09-22T17:06:07.216+0000] {dag.py:3089} INFO - Sync 1 DAGs
[2026-09-22T17:06:07.257+0000] {logging_mixin.py:188} INFO - [2026-09-22T17:06:07.256+0000] {dag.py:3947} INFO - Setting next_dagrun for example_dynamic_task_mapping to 2022-03-04 00:00:00+00:00, run_after=2022-03-05 00:00:00+00:00
[2026-09-22T17:06:07.282+0000] {processor.py:183} INFO - Processing /home/airflow/.local/lib/python3.12/site-packages/airflow/example_dags/example_dynamic_task_mapping.py took 0.119 seconds
[2026-09-22T17:06:37.931+0000] {processor.py:161} INFO - Started process (PID=460) to work on /home/airflow/.local/lib/python3.12/site-packages/airflow/example_dags/example_dynamic_task_mapping.py
[2026-09-22T17:06:37.932+0000] {processor.py:830} INFO - Processing file /home/airflow/.local/lib/python3.12/site-packages/airflow/example_dags/example_dynamic_task_mapping.py for tasks to queue
[2026-09-22T17:06:37.934+0000] {logging_mixin.py:188} INFO - [2026-09-22T17:06:37.934+0000] {dagbag.py:545} INFO - Filling up the DagBag from /home/airflow/.local/lib/python3.12/site-packages/airflow/example_dags/example_dynamic_task_mapping.py
[2026-09-22T17:06:37.940+0000] {processor.py:840} INFO - DAG(s) 'example_dynamic_task_mapping' retrieved from /home/airflow/.local/lib/python3.12/site-packages/airflow/example_dags/example_dynamic_task_mapping.py
[2026-09-22T17:06:37.958+0000] {logging_mixin.py:188} INFO - [2026-09-22T17:06:37.958+0000] {dag.py:3089} INFO - Sync 1 DAGs
[2026-09-22T17:06:37.976+0000] {logging_mixin.py:188} INFO - [2026-09-22T17:06:37.975+0000] {dag.py:3947} INFO - Setting next_dagrun for example_dynamic_task_mapping to 2022-03-04 00:00:00+00:00, run_after=2022-03-05 00:00:00+00:00
[2026-09-22T17:06:37.999+0000] {processor.py:183} INFO - Processing /home/airflow/.local/lib/python3.12/site-packages/airflow/example_dags/example_dynamic_task_mapping.py took 0.073 seconds
[2026-09-22T17:07:08.737+0000] {processor.py:161} INFO - Started process (PID=518) to work on /home/airflow/.local/lib/python3.12/site-packages/airflow/example_dags/example_dynamic_task_mapping.py
[2026-09-22T17:07:08.738+0000] {processor.py:830} INFO - Processing file /home/airflow/.local/lib/python3.12/site-packages/airflow/example_dags/example_dynamic_task_mapping.py for tasks to queue
[2026-09-22T17:07:08.741+0000] {logging_mixin.py:188} INFO - [2026-09-22T17:07:08.741+0000] {dagbag.py:545} INFO - Filling up the DagBag from /home/airflow/.local/lib/python3.12/site-packages/airflow/example_dags/example_dynamic_task_mapping.py
[2026-09-22T17:07:08.755+0000] {processor.py:840} INFO - DAG(s) 'example_dynamic_task_mapping' retrieved from /home/airflow/.local/lib/python3.12/site-packages/airflow/example_dags/example_dynamic_task_mapping.py
[2026-09-22T17:07:08.798+0000] {logging_mixin.py:188} INFO - [2026-09-22T17:07:08.798+0000] {dag.py:3089} INFO - Sync 1 DAGs
[2026-09-22T17:07:08.823+0000] {logging_mixin.py:188} INFO - [2026-09-22T17:07:08.823+0000] {dag.py:3947} INFO - Setting next_dagrun for example_dynamic_task_mapping to 2022-03-04 00:00:00+00:00, run_after=2022-03-05 00:00:00+00:00
[2026-09-22T17:07:08.847+0000] {processor.py:183} INFO - Processing /home/airflow/.local/lib/python3.12/site-packages/airflow/example_dags/example_dynamic_task_mapping.py took 0.117 seconds
[2026-09-22T17:07:39.312+0000] {processor.py:161} INFO - Started process (PID=576) to work on /home/airflow/.local/lib/python3.12/site-packages/airflow/example_dags/example_dynamic_task_mapping.py
[2026-09-22T17:07:39.313+0000] {processor.py:830} INFO - Processing file /home/airflow/.local/lib/python3.12/site-packages/airflow/example_dags/example_dynamic_task_mapping.py for tasks to queue
[2026-09-22T17:07:39.316+0000] {logging_mixin.py:188} INFO - [2026-09-22T17:07:39.315+0000] {dagbag.py:545} INFO - Filling up the DagBag from /home/airflow/.local/lib/python3.12/site-packages/airflow/example_dags/example_dynamic_task_mapping.py
[2026-09-22T17:07:39.323+0000] {processor.py:840} INFO - DAG(s) 'example_dynamic_task_mapping' retrieved from /home/airflow/.local/lib/python3.12/site-packages/airflow/example_dags/example_dynamic_task_mapping.py
[2026-09-22T17:07:39.342+0000] {logging_mixin.py:188} INFO - [2026-09-22T17:07:39.342+0000] {dag.py:3089} INFO - Sync 1 DAGs
[2026-09-22T17:07:39.364+0000] {logging_mixin.py:188} INFO - [2026-09-22T17:07:39.364+0000] {dag.py:3947} INFO - Setting next_dagrun for example_dynamic_task_mapping to 2022-03-04 00:00:00+00:00, run_after=2022-03-05 00:00:00+00:00
[2026-09-22T17:07:39.385+0000] {processor.py:183} INFO - Processing /home/airflow/.local/lib/python3.12/site-packages/airflow/example_dags/example_dynamic_task_mapping.py took 0.078 seconds
[2026-09-22T17:08:09.659+0000] {processor.py:161} INFO - Started process (PID=634) to work on /home/airflow/.local/lib/python3.12/site-packages/airflow/example_dags/example_dynamic_task_mapping.py
[2026-09-22T17:08:09.660+0000] {processor.py:830} INFO - Processing file /home/airflow/.local/lib/python3.12/site-packages/airflow/example_dags/example_dynamic_task_mapping.py for tasks to queue
[2026-09-22T17:08:09.662+0000] {logging_mixin.py:188} INFO - [2026-09-22T17:08:09.662+0000] {dagbag.py:545} INFO - Filling up the DagBag from /home/airflow/.local/lib/python3.12/site-packages/airflow/example_dags/example_dynamic_task_mapping.py
[2026-09-22T17:08:09.669+0000] {processor.py:840} INFO - DAG(s) 'example_dynamic_task_mapping' retrieved from /home/airflow/.local/lib/python3.12/site-packages/airflow/example_dags/example_dynamic_task_mapping.py
[2026-09-22T17:08:09.687+0000] {logging_mixin.py:188} INFO - [2026-09-22T17:08:09.687+0000] {dag.py:3089} INFO - Sync 1 DAGs
[2026-09-22T17:08:09.707+0000] {logging_mixin.py:188} INFO - [2026-09-22T17:08:09.707+0000] {dag.py:3947} INFO - Setting next_dagrun for example_dynamic_task_mapping to 2022-03-04 00:00:00+00:00, run_after=2022-03-05 00:00:00+00:00
[2026-09-22T17:08:09.726+0000] {processor.py:183} INFO - Processing /home/airflow/.local/lib/python3.12/site-packages/airflow/example_dags/example_dynamic_task_mapping.py took 0.072 seconds
[2026-09-22T17:08:39.911+0000] {processor.py:161} INFO - Started process (PID=698) to work on /home/airflow/.local/lib/python3.12/site-packages/airflow/example_dags/example_dynamic_task_mapping.py
[2026-09-22T17:08:39.912+0000] {processor.py:830} INFO - Processing file /home/airflow/.local/lib/python3.12/site-packages/airflow/example_dags/example_dynamic_task_mapping.py for tasks to queue
[2026-09-22T17:08:39.914+0000] {logging_mixin.py:188} INFO - [2026-09-22T17:08:39.914+0000] {dagbag.py:545} INFO - Filling up the DagBag from /home/airflow/.local/lib/python3.12/site-packages/airflow/example_dags/example_dynamic_task_mapping.py
[2026-09-22T17:08:39.920+0000] {processor.py:840} INFO - DAG(s) 'example_dynamic_task_mapping' retrieved from /home/airflow/.local/lib/python3.12/site-packages/airflow/example_dags/example_dynamic_task_mapping.py
[2026-09-22T17:08:39.937+0000] {logging_mixin.py:188} INFO - [2026-09-22T17:08:39.937+0000] {dag.py:3089} INFO - Sync 1 DAGs
[2026-09-22T17:08:39.957+0000] {logging_mixin.py:188} INFO - [2026-09-22T17:08:39.957+0000] {dag.py:3947} INFO - Setting next_dagrun for example_dynamic_task_mapping to 2022-03-04 00:00:00+00:00, run_after=2022-03-05 00:00:00+00:00
[2026-09-22T17:08:39.983+0000] {processor.py:183} INFO - Processing /home/airflow/.local/lib/python3.12/site-packages/airflow/example_dags/example_dynamic_task_mapping.py took 0.078 seconds
[2026-09-22T17:09:10.184+0000] {processor.py:161} INFO - Started process (PID=756) to work on /home/airflow/.local/lib/python3.12/site-packages/airflow/example_dags/example_dynamic_task_mapping.py
[2026-09-22T17:09:10.185+0000] {processor.py:830} INFO - Processing file /home/airflow/.local/lib/python3.12/site-packages/airflow/example_dags/example_dynamic_task_mapping.py for tasks to queue
[2026-09-22T17:09:10.187+0000] {logging_mixin.py:188} INFO - [2026-09-22T17:09:10.187+0000] {dagbag.py:545} INFO - Filling up the DagBag from /home/airflow/.local/lib/python3.12/site-packages/airflow/example_dags/example_dynamic_task_mapping.py
[2026-09-22T17:09:10.193+0000] {processor.py:840} INFO - DAG(s) 'example_dynamic_task_mapping' retrieved from /home/airflow/.local/lib/python3.12/site-packages/airflow/example_dags/example_dynamic_task_mapping.py
[2026-09-22T17:09:10.211+0000] {logging_mixin.py:188} INFO - [2026-09-22T17:09:10.210+0000] {dag.py:3089} INFO - Sync 1 DAGs
[2026-09-22T17:09:10.229+0000] {logging_mixin.py:188} INFO - [2026-09-22T17:09:10.229+0000] {dag.py:3947} INFO - Setting next_dagrun for example_dynamic_task_mapping to 2022-03-04 00:00:00+00:00, run_after=2022-03-05 00:00:00+00:00
[2026-09-22T17:09:10.250+0000] {processor.py:183} INFO - Processing /home/airflow/.local/lib/python3.12/site-packages/airflow/example_dags/example_dynamic_task_mapping.py took 0.073 seconds
[2026-09-22T17:09:40.434+0000] {processor.py:161} INFO - Started process (PID=814) to work on /home/airflow/.local/lib/python3.12/site-packages/airflow/example_dags/example_dynamic_task_mapping.py
[2026-09-22T17:09:40.435+0000] {processor.py:830} INFO - Processing file /home/airflow/.local/lib/python3.12/site-packages/airflow/example_dags/example_dynamic_task_mapping.py for tasks to queue
[2026-09-22T17:09:40.437+0000] {logging_mixin.py:188} INFO - [2026-09-22T17:09:40.437+0000] {dagbag.py:545} INFO - Filling up the DagBag from /home/airflow/.local/lib/python3.12/site-packages/airflow/example_dags/example_dynamic_task_mapping.py
[2026-09-22T17:09:40.443+0000] {processor.py:840} INFO - DAG(s) 'example_dynamic_task_mapping' retrieved from /home/airflow/.local/lib/python3.12/site-packages/airflow/example_dags/example_dynamic_task_mapping.py
[2026-09-22T17:09:40.460+0000] {logging_mixin.py:188} INFO - [2026-09-22T17:09:40.460+0000] {dag.py:3089} INFO - Sync 1 DAGs
[2026-09-22T17:09:40.479+0000] {logging_mixin.py:188} INFO - [2026-09-22T17:09:40.478+0000] {dag.py:3947} INFO - Setting next_dagrun for example_dynamic_task_mapping to 2022-03-04 00:00:00+00:00, run_after=2022-03-05 00:00:00+00:00
[2026-09-22T17:09:40.501+0000] {processor.py:183} INFO - Processing /home/airflow/.local/lib/python3.12/site-packages/airflow/example_dags/example_dynamic_task_mapping.py took 0.072 seconds
[2026-09-22T17:10:10.610+0000] {processor.py:161} INFO - Started process (PID=872) to work on /home/airflow/.local/lib/python3.12/site-packages/airflow/example_dags/example_dynamic_task_mapping.py
[2026-09-22T17:10:10.611+0000] {processor.py:830} INFO - Processing file /home/airflow/.local/lib/python3.12/site-packages/airflow/example_dags/example_dynamic_task_mapping.py for tasks to queue
[2026-09-22T17:10:10.613+0000] {logging_mixin.py:188} INFO - [2026-09-22T17:10:10.613+0000] {dagbag.py:545} INFO - Filling up the DagBag from /home/airflow/.local/lib/python3.12/site-packages/airflow/example_dags/example_dynamic_task_mapping.py
[2026-09-22T17:10:10.620+0000] {processor.py:840} INFO - DAG(s) 'example_dynamic_task_mapping' retrieved from /home/airflow/.local/lib/python3.12/site-packages/airflow/example_dags/example_dynamic_task_mapping.py
[2026-09-22T17:10:10.640+0000] {logging_mixin.py:188} INFO - [2026-09-22T17:10:10.640+0000] {dag.py:3089} INFO - Sync 1 DAGs
[2026-09-22T17:10:10.658+0000] {logging_mixin.py:188} INFO - [2026-09-22T17:10:10.658+0000] {dag.py:3947} INFO - Setting next_dagrun for example_dynamic_task_mapping to 2022-03-04 00:00:00+00:00, run_after=2022-03-05 00:00:00+00:00
[2026-09-22T17:10:10.680+0000] {processor.py:183} INFO - Processing /home/airflow/.local/lib/python3.12/site-packages/airflow/example_dags/example_dynamic_task_mapping.py took 0.075 seconds
[2026-09-22T17:10:40.747+0000] {processor.py:161} INFO - Started process (PID=930) to work on /home/airflow/.local/lib/python3.12/site-packages/airflow/example_dags/example_dynamic_task_mapping.py
[2026-09-22T17:10:40.749+0000] {processor.py:830} INFO - Processing file /home/airflow/.local/lib/python3.12/site-packages/airflow/example_dags/example_dynamic_task_mapping.py for tasks to queue
[2026-09-22T17:10:40.750+0000] {logging_mixin.py:188} INFO - [2026-09-22T17:10:40.750+0000] {dagbag.py:545} INFO - Filling up the DagBag from /home/airflow/.local/lib/python3.12/site-packages/airflow/example_dags/example_dynamic_task_mapping.py
[2026-09-22T17:10:40.757+0000] {processor.py:840} INFO - DAG(s) 'example_dynamic_task_mapping' retrieved from /home/airflow/.local/lib/python3.12/site-packages/airflow/example_dags/example_dynamic_task_mapping.py
[2026-09-22T17:10:40.776+0000] {logging_mixin.py:188} INFO - [2026-09-22T17:10:40.776+0000] {dag.py:3089} INFO - Sync 1 DAGs
[2026-09-22T17:10:40.798+0000] {logging_mixin.py:188} INFO - [2026-09-22T17:10:40.798+0000] {dag.py:3947} INFO - Setting next_dagrun for example_dynamic_task_mapping to 2022-03-04 00:00:00+00:00, run_after=2022-03-05 00:00:00+00:00
[2026-09-22T17:10:40.820+0000] {processor.py:183} INFO - Processing /home/airflow/.local/lib/python3.12/site-packages/airflow/example_dags/example_dynamic_task_mapping.py took 0.078 seconds
[2026-09-22T17:11:11.044+0000] {processor.py:161} INFO - Started process (PID=988) to work on /home/airflow/.local/lib/python3.12/site-packages/airflow/example_dags/example_dynamic_task_mapping.py
[2026-09-22T17:11:11.045+0000] {processor.py:830} INFO - Processing file /home/airflow/.local/lib/python3.12/site-packages/airflow/example_dags/example_dynamic_task_mapping.py for tasks to queue
[2026-09-22T17:11:11.047+0000] {logging_mixin.py:188} INFO - [2026-09-22T17:11:11.047+0000] {dagbag.py:545} INFO - Filling up the DagBag from /home/airflow/.local/lib/python3.12/site-packages/airflow/example_dags/example_dynamic_task_mapping.py
[2026-09-22T17:11:11.053+0000] {processor.py:840} INFO - DAG(s) 'example_dynamic_task_mapping' retrieved from /home/airflow/.local/lib/python3.12/site-packages/airflow/example_dags/example_dynamic_task_mapping.py
[2026-09-22T17:11:11.073+0000] {logging_mixin.py:188} INFO - [2026-09-22T17:11:11.072+0000] {dag.py:3089} INFO - Sync 1 DAGs
[2026-09-22T17:11:11.090+0000] {logging_mixin.py:188} INFO - [2026-09-22T17:11:11.090+0000] {dag.py:3947} INFO - Setting next_dagrun for example_dynamic_task_mapping to 2022-03-04 00:00:00+00:00, run_after=2022-03-05 00:00:00+00:00
[2026-09-22T17:11:11.108+0000] {processor.py:183} INFO - Processing /home/airflow/.local/lib/python3.12/site-packages/airflow/example_dags/example_dynamic_task_mapping.py took 0.068 seconds
[2026-09-22T17:11:41.449+0000] {processor.py:161} INFO - Started process (PID=1046) to work on /home/airflow/.local/lib/python3.12/site-packages/airflow/example_dags/example_dynamic_task_mapping.py
[2026-09-22T17:11:41.450+0000] {processor.py:830} INFO - Processing file /home/airflow/.local/lib/python3.12/site-packages/airflow/example_dags/example_dynamic_task_mapping.py for tasks to queue
[2026-09-22T17:11:41.453+0000] {logging_mixin.py:188} INFO - [2026-09-22T17:11:41.453+0000] {dagbag.py:545} INFO - Filling up the DagBag from /home/airflow/.local/lib/python3.12/site-packages/airflow/example_dags/example_dynamic_task_mapping.py
[2026-09-22T17:11:41.460+0000] {processor.py:840} INFO - DAG(s) 'example_dynamic_task_mapping' retrieved from /home/airflow/.local/lib/python3.12/site-packages/airflow/example_dags/example_dynamic_task_mapping.py
[2026-09-22T17:11:41.479+0000] {logging_mixin.py:188} INFO - [2026-09-22T17:11:41.478+0000] {dag.py:3089} INFO - Sync 1 DAGs
[2026-09-22T17:11:41.498+0000] {logging_mixin.py:188} INFO - [2026-09-22T17:11:41.497+0000] {dag.py:3947} INFO - Setting next_dagrun for example_dynamic_task_mapping to 2022-03-04 00:00:00+00:00, run_after=2022-03-05 00:00:00+00:00
[2026-09-22T17:11:41.518+0000] {processor.py:183} INFO - Processing /home/airflow/.local/lib/python3.12/site-packages/airflow/example_dags/example_dynamic_task_mapping.py took 0.076 seconds
[2026-09-22T17:12:11.594+0000] {processor.py:161} INFO - Started process (PID=1104) to work on /home/airflow/.local/lib/python3.12/site-packages/airflow/example_dags/example_dynamic_task_mapping.py
[2026-09-22T17:12:11.595+0000] {processor.py:830} INFO - Processing file /home/airflow/.local/lib/python3.12/site-packages/airflow/example_dags/example_dynamic_task_mapping.py for tasks to queue
[2026-09-22T17:12:11.597+0000] {logging_mixin.py:188} INFO - [2026-09-22T17:12:11.597+0000] {dagbag.py:545} INFO - Filling up the DagBag from /home/airflow/.local/lib/python3.12/site-packages/airflow/example_dags/example_dynamic_task_mapping.py
[2026-09-22T17:12:11.604+0000] {processor.py:840} INFO - DAG(s) 'example_dynamic_task_mapping' retrieved from /home/airflow/.local/lib/python3.12/site-packages/airflow/example_dags/example_dynamic_task_mapping.py
[2026-09-22T17:12:11.621+0000] {logging_mixin.py:188} INFO - [2026-09-22T17:12:11.621+0000] {dag.py:3089} INFO - Sync 1 DAGs
[2026-09-22T17:12:11.639+0000] {logging_mixin.py:188} INFO - [2026-09-22T17:12:11.639+0000] {dag.py:3947} INFO - Setting next_dagrun for example_dynamic_task_mapping to 2022-03-04 00:00:00+00:00, run_after=2022-03-05 00:00:00+00:00
[2026-09-22T17:12:11.657+0000] {processor.py:183} INFO - Processing /home/airflow/.local/lib/python3.12/site-packages/airflow/example_dags/example_dynamic_task_mapping.py took 0.069 seconds
[2026-09-22T17:12:41.915+0000] {processor.py:161} INFO - Started process (PID=1162) to work on /home/airflow/.local/lib/python3.12/site-packages/airflow/example_dags/example_dynamic_task_mapping.py
[2026-09-22T17:12:41.917+0000] {processor.py:830} INFO - Processing file /home/airflow/.local/lib/python3.12/site-packages/airflow/example_dags/example_dynamic_task_mapping.py for tasks to queue
[2026-09-22T17:12:41.919+0000] {logging_mixin.py:188} INFO - [2026-09-22T17:12:41.919+0000] {dagbag.py:545} INFO - Filling up the DagBag from /home/airflow/.local/lib/python3.12/site-packages/airflow/example_dags/example_dynamic_task_mapping.py
[2026-09-22T17:12:41.927+0000] {processor.py:840} INFO - DAG(s) 'example_dynamic_task_mapping' retrieved from /home/airflow/.local/lib/python3.12/site-packages/airflow/example_dags/example_dynamic_task_mapping.py
[2026-09-22T17:12:41.948+0000] {logging_mixin.py:188} INFO - [2026-09-22T17:12:41.947+0000] {dag.py:3089} INFO - Sync 1 DAGs
[2026-09-22T17:12:41.970+0000] {logging_mixin.py:188} INFO - [2026-09-22T17:12:41.970+0000] {dag.py:3947} INFO - Setting next_dagrun for example_dynamic_task_mapping to 2022-03-04 00:00:00+00:00, run_after=2022-03-05 00:00:00+00:00
[2026-09-22T17:12:41.990+0000] {processor.py:183} INFO - Processing /home/airflow/.local/lib/python3.12/site-packages/airflow/example_dags/example_dynamic_task_mapping.py took 0.082 seconds
[2026-09-22T17:13:12.261+0000] {processor.py:161} INFO - Started process (PID=1220) to work on /home/airflow/.local/lib/python3.12/site-packages/airflow/example_dags/example_dynamic_task_mapping.py
[2026-09-22T17:13:12.263+0000] {processor.py:830} INFO - Processing file /home/airflow/.local/lib/python3.12/site-packages/airflow/example_dags/example_dynamic_task_mapping.py for tasks to queue
[2026-09-22T17:13:12.266+0000] {logging_mixin.py:188} INFO - [2026-09-22T17:13:12.266+0000] {dagbag.py:545} INFO - Filling up the DagBag from /home/airflow/.local/lib/python3.12/site-packages/airflow/example_dags/example_dynamic_task_mapping.py
[2026-09-22T17:13:12.272+0000] {processor.py:840} INFO - DAG(s) 'example_dynamic_task_mapping' retrieved from /home/airflow/.local/lib/python3.12/site-packages/airflow/example_dags/example_dynamic_task_mapping.py
[2026-09-22T17:13:12.292+0000] {logging_mixin.py:188} INFO - [2026-09-22T17:13:12.292+0000] {dag.py:3089} INFO - Sync 1 DAGs
[2026-09-22T17:13:12.311+0000] {logging_mixin.py:188} INFO - [2026-09-22T17:13:12.311+0000] {dag.py:3947} INFO - Setting next_dagrun for example_dynamic_task_mapping to 2022-03-04 00:00:00+00:00, run_after=2022-03-05 00:00:00+00:00
[2026-09-22T17:13:12.331+0000] {processor.py:183} INFO - Processing /home/airflow/.local/lib/python3.12/site-packages/airflow/example_dags/example_dynamic_task_mapping.py took 0.076 seconds
