[2026-09-22T16:19:29.035+0000] {processor.py:161} INFO - Started process (PID=75) to work on /home/airflow/.local/lib/python3.12/site-packages/airflow/example_dags/example_branch_operator_decorator.py
[2026-09-22T16:19:29.040+0000] {processor.py:830} INFO - Processing file /home/airflow/.local/lib/python3.12/site-packages/airflow/example_dags/example_branch_operator_decorator.py for tasks to queue
[2026-09-22T16:19:29.043+0000] {logging_mixin.py:188} INFO - [2026-09-22T16:19:29.043+0000] {dagbag.py:545} INFO - Filling up the DagBag from /home/airflow/.local/lib/python3.12/site-packages/airflow/example_dags/example_branch_operator_decorator.py
[2026-09-22T16:19:29.124+0000] {processor.py:840} INFO - DAG(s) 'example_branch_python_operator_decorator' retrieved from /home/airflow/.local/lib/python3.12/site-packages/airflow/example_dags/example_branch_operator_decorator.py
[2026-09-22T16:19:29.480+0000] {logging_mixin.py:188} INFO - [2026-09-22T16:19:29.480+0000] {dag.py:3089} INFO - Sync 1 DAGs
[2026-09-22T16:19:29.542+0000] {logging_mixin.py:188} INFO - [2026-09-22T16:19:29.542+0000] {dag.py:3947} INFO - Setting next_dagrun for example_branch_python_operator_decorator to 2026-09-21 00:00:00+00:00, run_after=2026-09-22 00:00:00+00:00
[2026-09-22T16:19:29.601+0000] {processor.py:183} INFO - Processing /home/airflow/.local/lib/python3.12/site-packages/airflow/example_dags/example_branch_operator_decorator.py took 0.578 seconds
[2026-09-22T16:20:00.105+0000] {processor.py:161} INFO - Started process (PID=138) to work on /home/airflow/.local/lib/python3.12/site-packages/airflow/example_dags/example_branch_operator_decorator.py
[2026-09-22T16:20:00.106+0000] {processor.py:830} INFO - Processing file /home/airflow/.local/lib/python3.12/site-packages/airflow/example_dags/example_branch_operator_decorator.py for tasks to queue
[2026-09-22T16:20:00.110+0000] {logging_mixin.py:188} INFO - [2026-09-22T16:20:00.109+0000] {dagbag.py:545} INFO - Filling up the DagBag from /home/airflow/.local/lib/python3.12/site-packages/airflow/example_dags/example_branch_operator_decorator.py
[2026-09-22T16:20:00.171+0000] {processor.py:840} INFO - DAG(s) 'example_branch_python_operator_decorator' retrieved from /home/airflow/.local/lib/python3.12/site-packages/airflow/example_dags/example_branch_operator_decorator.py
[2026-09-22T16:20:00.234+0000] {logging_mixin.py:188} INFO - [2026-09-22T16:20:00.234+0000] {dag.py:3089} INFO - Sync 1 DAGs
[2026-09-22T16:20:00.277+0000] {logging_mixin.py:188} INFO - [2026-09-22T16:20:00.277+0000] {dag.py:3947} INFO - Setting next_dagrun for example_branch_python_operator_decorator to 2026-09-21 00:00:00+00:00, run_after=2026-09-22 00:00:00+00:00
[2026-09-22T16:20:00.310+0000] {processor.py:183} INFO - Processing /home/airflow/.local/lib/python3.12/site-packages/airflow/example_dags/example_branch_operator_decorator.py took 0.217 seconds
[2026-09-22T16:20:30.579+0000] {processor.py:161} INFO - Started process (PID=195) to work on /home/airflow/.local/lib/python3.12/site-packages/airflow/example_dags/example_branch_operator_decorator.py
[2026-09-22T16:20:30.580+0000] {processor.py:830} INFO - Processing file /home/airflow/.local/lib/python3.12/site-packages/airflow/example_dags/example_branch_operator_decorator.py for tasks to queue
[2026-09-22T16:20:30.583+0000] {logging_mixin.py:188} INFO - [2026-09-22T16:20:30.583+0000] {dagbag.py:545} INFO - Filling up the DagBag from /home/airflow/.local/lib/python3.12/site-packages/airflow/example_dags/example_branch_operator_decorator.py
[2026-09-22T16:20:30.612+0000] {processor.py:840} INFO - DAG(s) 'example_branch_python_operator_decorator' retrieved from /home/airflow/.local/lib/python3.12/site-packages/airflow/example_dags/example_branch_operator_decorator.py
[2026-09-22T16:20:30.645+0000] {logging_mixin.py:188} INFO - [2026-09-22T16:20:30.645+0000] {dag.py:3089} INFO - Sync 1 DAGs
[2026-09-22T16:20:30.671+0000] {logging_mixin.py:188} INFO - [2026-09-22T16:20:30.671+0000] {dag.py:3947} INFO - Setting next_dagrun for example_branch_python_operator_decorator to 2026-09-21 00:00:00+00:00, run_after=2026-09-22 00:00:00+00:00
[2026-09-22T16:20:30.694+0000] {processor.py:183} INFO - Processing /home/airflow/.local/lib/python3.12/site-packages/airflow/example_dags/example_branch_operator_decorator.py took 0.128 seconds
[2026-09-22T16:21:00.923+0000] {processor.py:161} INFO - Started process (PID=253) to work on /home/airflow/.local/lib/python3.12/site-packages/airflow/example_dags/example_branch_operator_decorator.py
[2026-09-22T16:21:00.927+0000] {processor.py:830} INFO - Processing file /home/airflow/.local/lib/python3.12/site-packages/airflow/example_dags/example_branch_operator_decorator.py for tasks to queue
[2026-09-22T16:21:00.934+0000] {logging_mixin.py:188} INFO - [2026-09-22T16:21:00.933+0000] {dagbag.py:545} INFO - Filling up the DagBag from /home/airflow/.local/lib/python3.12/site-packages/airflow/example_dags/example_branch_operator_decorator.py
[2026-09-22T16:21:00.972+0000] {processor.py:840} INFO - DAG(s) 'example_branch_python_operator_decorator' retrieved from /home/airflow/.local/lib/python3.12/site-packages/airflow/example_dags/example_branch_operator_decorator.py
[2026-09-22T16:21:01.010+0000] {logging_mixin.py:188} INFO - [2026-09-22T16:21:01.010+0000] {dag.py:3089} INFO - Sync 1 DAGs
[2026-09-22T16:21:01.041+0000] {logging_mixin.py:188} INFO - [2026-09-22T16:21:01.040+0000] {dag.py:3947} INFO - Setting next_dagrun for example_branch_python_operator_decorator to 2026-09-21 00:00:00+00:00, run_after=2026-09-22 00:00:00+00:00
[2026-09-22T16:21:01.067+0000] {processor.py:183} INFO - Processing /home/airflow/.local/lib/python3.12/site-packages/airflow/example_dags/example_branch_operator_decorator.py took 0.161 seconds
[2026-09-22T16:21:31.143+0000] {processor.py:161} INFO - Started process (PID=311) to work on /home/airflow/.local/lib/python3.12/site-packages/airflow/example_dags/example_branch_operator_decorator.py
[2026-09-22T16:21:31.145+0000] {processor.py:830} INFO - Processing file /home/airflow/.local/lib/python3.12/site-packages/airflow/example_dags/example_branch_operator_decorator.py for tasks to queue
[2026-09-22T16:21:31.148+0000] {logging_mixin.py:188} INFO - [2026-09-22T16:21:31.147+0000] {dagbag.py:545} INFO - Filling up the DagBag from /home/airflow/.local/lib/python3.12/site-packages/airflow/example_dags/example_branch_operator_decorator.py
[2026-09-22T16:21:31.178+0000] {processor.py:840} INFO - DAG(s) 'example_branch_python_operator_decorator' retrieved from /home/airflow/.local/lib/python3.12/site-packages/airflow/example_dags/example_branch_operator_decorator.py
[2026-09-22T16:21:31.218+0000] {logging_mixin.py:188} INFO - [2026-09-22T16:21:31.218+0000] {dag.py:3089} INFO - Sync 1 DAGs
[2026-09-22T16:21:31.254+0000] {logging_mixin.py:188} INFO - [2026-09-22T16:21:31.253+0000] {dag.py:3947} INFO - Setting next_dagrun for example_branch_python_operator_decorator to 2026-09-21 00:00:00+00:00, run_after=2026-09-22 00:00:00+00:00
[2026-09-22T16:21:31.313+0000] {processor.py:183} INFO - Processing /home/airflow/.local/lib/python3.12/site-packages/airflow/example_dags/example_branch_operator_decorator.py took 0.179 seconds
[2026-09-22T16:22:02.340+0000] {processor.py:161} INFO - Started process (PID=369) to work on /home/airflow/.local/lib/python3.12/site-packages/airflow/example_dags/example_branch_operator_decorator.py
[2026-09-22T16:22:02.342+0000] {processor.py:830} INFO - Processing file /home/airflow/.local/lib/python3.12/site-packages/airflow/example_dags/example_branch_operator_decorator.py for tasks to queue
[2026-09-22T16:22:02.345+0000] {logging_mixin.py:188} INFO - [2026-09-22T16:22:02.345+0000] {dagbag.py:545} INFO - Filling up the DagBag from /home/airflow/.local/lib/python3.12/site-packages/airflow/example_dags/example_branch_operator_decorator.py
[2026-09-22T16:22:02.381+0000] {processor.py:840} INFO - DAG(s) 'example_branch_python_operator_decorator' retrieved from /home/airflow/.local/lib/python3.12/site-packages/airflow/example_dags/example_branch_operator_decorator.py
[2026-09-22T16:22:02.418+0000] {logging_mixin.py:188} INFO - [2026-09-22T16:22:02.418+0000] {dag.py:3089} INFO - Sync 1 DAGs
[2026-09-22T16:22:02.449+0000] {logging_mixin.py:188} INFO - [2026-09-22T16:22:02.448+0000] {dag.py:3947} INFO - Setting next_dagrun for example_branch_python_operator_decorator to 2026-09-21 00:00:00+00:00, run_after=2026-09-22 00:00:00+00:00
[2026-09-22T16:22:02.513+0000] {processor.py:183} INFO - Processing /home/airflow/.local/lib/python3.12/site-packages/airflow/example_dags/example_branch_operator_decorator.py took 0.182 seconds
[2026-09-22T16:22:33.079+0000] {processor.py:161} INFO - Started process (PID=427) to work on /home/airflow/.local/lib/python3.12/site-packages/airflow/example_dags/example_branch_operator_decorator.py
[2026-09-22T16:22:33.080+0000] {processor.py:830} INFO - Processing file /home/airflow/.local/lib/python3.12/site-packages/airflow/example_dags/example_branch_operator_decorator.py for tasks to queue
[2026-09-22T16:22:33.082+0000] {logging_mixin.py:188} INFO - [2026-09-22T16:22:33.082+0000] {dagbag.py:545} INFO - Filling up the DagBag from /home/airflow/.local/lib/python3.12/site-packages/airflow/example_dags/example_branch_operator_decorator.py
[2026-09-22T16:22:33.115+0000] {processor.py:840} INFO - DAG(s) 'example_branch_python_operator_decorator' retrieved from /home/airflow/.local/lib/python3.12/site-packages/airflow/example_dags/example_branch_operator_decorator.py
[2026-09-22T16:22:33.159+0000] {logging_mixin.py:188} INFO - [2026-09-22T16:22:33.158+0000] {dag.py:3089} INFO - Sync 1 DAGs
[2026-09-22T16:22:33.194+0000] {logging_mixin.py:188} INFO - [2026-09-22T16:22:33.193+0000] {dag.py:3947} INFO - Setting next_dagrun for example_branch_python_operator_decorator to 2026-09-21 00:00:00+00:00, run_after=2026-09-22 00:00:00+00:00
[2026-09-22T16:22:33.226+0000] {processor.py:183} INFO - Processing /home/airflow/.local/lib/python3.12/site-packages/airflow/example_dags/example_branch_operator_decorator.py took 0.154 seconds
[2026-09-22T16:23:03.469+0000] {processor.py:161} INFO - Started process (PID=485) to work on /home/airflow/.local/lib/python3.12/site-packages/airflow/example_dags/example_branch_operator_decorator.py
[2026-09-22T16:23:03.470+0000] {processor.py:830} INFO - Processing file /home/airflow/.local/lib/python3.12/site-packages/airflow/example_dags/example_branch_operator_decorator.py for tasks to queue
[2026-09-22T16:23:03.473+0000] {logging_mixin.py:188} INFO - [2026-09-22T16:23:03.473+0000] {dagbag.py:545} INFO - Filling up the DagBag from /home/airflow/.local/lib/python3.12/site-packages/airflow/example_dags/example_branch_operator_decorator.py
[2026-09-22T16:23:03.498+0000] {processor.py:840} INFO - DAG(s) 'example_branch_python_operator_decorator' retrieved from /home/airflow/.local/lib/python3.12/site-packages/airflow/example_dags/example_branch_operator_decorator.py
[2026-09-22T16:23:03.536+0000] {logging_mixin.py:188} INFO - [2026-09-22T16:23:03.536+0000] {dag.py:3089} INFO - Sync 1 DAGs
[2026-09-22T16:23:03.566+0000] {logging_mixin.py:188} INFO - [2026-09-22T16:23:03.565+0000] {dag.py:3947} INFO - Setting next_dagrun for example_branch_python_operator_decorator to 2026-09-21 00:00:00+00:00, run_after=2026-09-22 00:00:00+00:00
[2026-09-22T16:23:03.592+0000] {processor.py:183} INFO - Processing /home/airflow/.local/lib/python3.12/site-packages/airflow/example_dags/example_branch_operator_decorator.py took 0.134 seconds
[2026-09-22T16:23:33.846+0000] {processor.py:161} INFO - Started process (PID=543) to work on /home/airflow/.local/lib/python3.12/site-packages/airflow/example_dags/example_branch_operator_decorator.py
[2026-09-22T16:23:33.847+0000] {processor.py:830} INFO - Processing file /home/airflow/.local/lib/python3.12/site-packages/airflow/example_dags/example_branch_operator_decorator.py for tasks to queue
[2026-09-22T16:23:33.850+0000] {logging_mixin.py:188} INFO - [2026-09-22T16:23:33.850+0000] {dagbag.py:545} INFO - Filling up the DagBag from /home/airflow/.local/lib/python3.12/site-packages/airflow/example_dags/example_branch_operator_decorator.py
[2026-09-22T16:23:33.890+0000] {processor.py:840} INFO - DAG(s) 'example_branch_python_operator_decorator' retrieved from /home/airflow/.local/lib/python3.12/site-packages/airflow/example_dags/example_branch_operator_decorator.py
[2026-09-22T16:23:33.937+0000] {logging_mixin.py:188} INFO - [2026-09-22T16:23:33.937+0000] {dag.py:3089} INFO - Sync 1 DAGs
[2026-09-22T16:23:33.978+0000] {logging_mixin.py:188} INFO - [2026-09-22T16:23:33.977+0000] {dag.py:3947} INFO - Setting next_dagrun for example_branch_python_operator_decorator to 2026-09-21 00:00:00+00:00, run_after=2026-09-22 00:00:00+00:00
[2026-09-22T16:23:34.035+0000] {processor.py:183} INFO - Processing /home/airflow/.local/lib/python3.12/site-packages/airflow/example_dags/example_branch_operator_decorator.py took 0.201 seconds
[2026-09-22T16:24:04.208+0000] {processor.py:161} INFO - Started process (PID=601) to work on /home/airflow/.local/lib/python3.12/site-packages/airflow/example_dags/example_branch_operator_decorator.py
[2026-09-22T16:24:04.210+0000] {processor.py:830} INFO - Processing file /home/airflow/.local/lib/python3.12/site-packages/airflow/example_dags/example_branch_operator_decorator.py for tasks to queue
[2026-09-22T16:24:04.213+0000] {logging_mixin.py:188} INFO - [2026-09-22T16:24:04.213+0000] {dagbag.py:545} INFO - Filling up the DagBag from /home/airflow/.local/lib/python3.12/site-packages/airflow/example_dags/example_branch_operator_decorator.py
[2026-09-22T16:24:04.237+0000] {processor.py:840} INFO - DAG(s) 'example_branch_python_operator_decorator' retrieved from /home/airflow/.local/lib/python3.12/site-packages/airflow/example_dags/example_branch_operator_decorator.py
[2026-09-22T16:24:04.276+0000] {logging_mixin.py:188} INFO - [2026-09-22T16:24:04.275+0000] {dag.py:3089} INFO - Sync 1 DAGs
[2026-09-22T16:24:04.310+0000] {logging_mixin.py:188} INFO - [2026-09-22T16:24:04.309+0000] {dag.py:3947} INFO - Setting next_dagrun for example_branch_python_operator_decorator to 2026-09-21 00:00:00+00:00, run_after=2026-09-22 00:00:00+00:00
[2026-09-22T16:24:04.338+0000] {processor.py:183} INFO - Processing /home/airflow/.local/lib/python3.12/site-packages/airflow/example_dags/example_branch_operator_decorator.py took 0.140 seconds
[2026-09-22T16:24:34.565+0000] {processor.py:161} INFO - Started process (PID=659) to work on /home/airflow/.local/lib/python3.12/site-packages/airflow/example_dags/example_branch_operator_decorator.py
[2026-09-22T16:24:34.566+0000] {processor.py:830} INFO - Processing file /home/airflow/.local/lib/python3.12/site-packages/airflow/example_dags/example_branch_operator_decorator.py for tasks to queue
[2026-09-22T16:24:34.571+0000] {logging_mixin.py:188} INFO - [2026-09-22T16:24:34.570+0000] {dagbag.py:545} INFO - Filling up the DagBag from /home/airflow/.local/lib/python3.12/site-packages/airflow/example_dags/example_branch_operator_decorator.py
[2026-09-22T16:24:34.597+0000] {processor.py:840} INFO - DAG(s) 'example_branch_python_operator_decorator' retrieved from /home/airflow/.local/lib/python3.12/site-packages/airflow/example_dags/example_branch_operator_decorator.py
[2026-09-22T16:24:34.631+0000] {logging_mixin.py:188} INFO - [2026-09-22T16:24:34.630+0000] {dag.py:3089} INFO - Sync 1 DAGs
[2026-09-22T16:24:34.658+0000] {logging_mixin.py:188} INFO - [2026-09-22T16:24:34.658+0000] {dag.py:3947} INFO - Setting next_dagrun for example_branch_python_operator_decorator to 2026-09-21 00:00:00+00:00, run_after=2026-09-22 00:00:00+00:00
[2026-09-22T16:24:34.687+0000] {processor.py:183} INFO - Processing /home/airflow/.local/lib/python3.12/site-packages/airflow/example_dags/example_branch_operator_decorator.py took 0.132 seconds
[2026-09-22T16:25:05.082+0000] {processor.py:161} INFO - Started process (PID=717) to work on /home/airflow/.local/lib/python3.12/site-packages/airflow/example_dags/example_branch_operator_decorator.py
[2026-09-22T16:25:05.084+0000] {processor.py:830} INFO - Processing file /home/airflow/.local/lib/python3.12/site-packages/airflow/example_dags/example_branch_operator_decorator.py for tasks to queue
[2026-09-22T16:25:05.089+0000] {logging_mixin.py:188} INFO - [2026-09-22T16:25:05.089+0000] {dagbag.py:545} INFO - Filling up the DagBag from /home/airflow/.local/lib/python3.12/site-packages/airflow/example_dags/example_branch_operator_decorator.py
[2026-09-22T16:25:05.117+0000] {processor.py:840} INFO - DAG(s) 'example_branch_python_operator_decorator' retrieved from /home/airflow/.local/lib/python3.12/site-packages/airflow/example_dags/example_branch_operator_decorator.py
[2026-09-22T16:25:05.160+0000] {logging_mixin.py:188} INFO - [2026-09-22T16:25:05.160+0000] {dag.py:3089} INFO - Sync 1 DAGs
[2026-09-22T16:25:05.198+0000] {logging_mixin.py:188} INFO - [2026-09-22T16:25:05.197+0000] {dag.py:3947} INFO - Setting next_dagrun for example_branch_python_operator_decorator to 2026-09-21 00:00:00+00:00, run_after=2026-09-22 00:00:00+00:00
[2026-09-22T16:25:05.228+0000] {processor.py:183} INFO - Processing /home/airflow/.local/lib/python3.12/site-packages/airflow/example_dags/example_branch_operator_decorator.py took 0.158 seconds
[2026-09-22T16:25:35.503+0000] {processor.py:161} INFO - Started process (PID=775) to work on /home/airflow/.local/lib/python3.12/site-packages/airflow/example_dags/example_branch_operator_decorator.py
[2026-09-22T16:25:35.505+0000] {processor.py:830} INFO - Processing file /home/airflow/.local/lib/python3.12/site-packages/airflow/example_dags/example_branch_operator_decorator.py for tasks to queue
[2026-09-22T16:25:35.509+0000] {logging_mixin.py:188} INFO - [2026-09-22T16:25:35.508+0000] {dagbag.py:545} INFO - Filling up the DagBag from /home/airflow/.local/lib/python3.12/site-packages/airflow/example_dags/example_branch_operator_decorator.py
[2026-09-22T16:25:35.539+0000] {processor.py:840} INFO - DAG(s) 'example_branch_python_operator_decorator' retrieved from /home/airflow/.local/lib/python3.12/site-packages/airflow/example_dags/example_branch_operator_decorator.py
[2026-09-22T16:25:35.573+0000] {logging_mixin.py:188} INFO - [2026-09-22T16:25:35.573+0000] {dag.py:3089} INFO - Sync 1 DAGs
[2026-09-22T16:25:35.604+0000] {logging_mixin.py:188} INFO - [2026-09-22T16:25:35.603+0000] {dag.py:3947} INFO - Setting next_dagrun for example_branch_python_operator_decorator to 2026-09-21 00:00:00+00:00, run_after=2026-09-22 00:00:00+00:00
[2026-09-22T16:25:35.631+0000] {processor.py:183} INFO - Processing /home/airflow/.local/lib/python3.12/site-packages/airflow/example_dags/example_branch_operator_decorator.py took 0.142 seconds
[2026-09-22T16:26:05.904+0000] {processor.py:161} INFO - Started process (PID=833) to work on /home/airflow/.local/lib/python3.12/site-packages/airflow/example_dags/example_branch_operator_decorator.py
[2026-09-22T16:26:05.906+0000] {processor.py:830} INFO - Processing file /home/airflow/.local/lib/python3.12/site-packages/airflow/example_dags/example_branch_operator_decorator.py for tasks to queue
[2026-09-22T16:26:05.912+0000] {logging_mixin.py:188} INFO - [2026-09-22T16:26:05.911+0000] {dagbag.py:545} INFO - Filling up the DagBag from /home/airflow/.local/lib/python3.12/site-packages/airflow/example_dags/example_branch_operator_decorator.py
[2026-09-22T16:26:05.951+0000] {processor.py:840} INFO - DAG(s) 'example_branch_python_operator_decorator' retrieved from /home/airflow/.local/lib/python3.12/site-packages/airflow/example_dags/example_branch_operator_decorator.py
[2026-09-22T16:26:05.998+0000] {logging_mixin.py:188} INFO - [2026-09-22T16:26:05.998+0000] {dag.py:3089} INFO - Sync 1 DAGs
[2026-09-22T16:26:06.031+0000] {logging_mixin.py:188} INFO - [2026-09-22T16:26:06.031+0000] {dag.py:3947} INFO - Setting next_dagrun for example_branch_python_operator_decorator to 2026-09-21 00:00:00+00:00, run_after=2026-09-22 00:00:00+00:00
[2026-09-22T16:26:06.087+0000] {processor.py:183} INFO - Processing /home/airflow/.local/lib/python3.12/site-packages/airflow/example_dags/example_branch_operator_decorator.py took 0.193 seconds
[2026-09-22T16:26:36.356+0000] {processor.py:161} INFO - Started process (PID=891) to work on /home/airflow/.local/lib/python3.12/site-packages/airflow/example_dags/example_branch_operator_decorator.py
[2026-09-22T16:26:36.357+0000] {processor.py:830} INFO - Processing file /home/airflow/.local/lib/python3.12/site-packages/airflow/example_dags/example_branch_operator_decorator.py for tasks to queue
[2026-09-22T16:26:36.360+0000] {logging_mixin.py:188} INFO - [2026-09-22T16:26:36.360+0000] {dagbag.py:545} INFO - Filling up the DagBag from /home/airflow/.local/lib/python3.12/site-packages/airflow/example_dags/example_branch_operator_decorator.py
[2026-09-22T16:26:36.383+0000] {processor.py:840} INFO - DAG(s) 'example_branch_python_operator_decorator' retrieved from /home/airflow/.local/lib/python3.12/site-packages/airflow/example_dags/example_branch_operator_decorator.py
[2026-09-22T16:26:36.433+0000] {logging_mixin.py:188} INFO - [2026-09-22T16:26:36.433+0000] {dag.py:3089} INFO - Sync 1 DAGs
[2026-09-22T16:26:36.469+0000] {logging_mixin.py:188} INFO - [2026-09-22T16:26:36.468+0000] {dag.py:3947} INFO - Setting next_dagrun for example_branch_python_operator_decorator to 2026-09-21 00:00:00+00:00, run_after=2026-09-22 00:00:00+00:00
[2026-09-22T16:26:36.522+0000] {processor.py:183} INFO - Processing /home/airflow/.local/lib/python3.12/site-packages/airflow/example_dags/example_branch_operator_decorator.py took 0.174 seconds
[2026-09-22T16:27:06.777+0000] {processor.py:161} INFO - Started process (PID=949) to work on /home/airflow/.local/lib/python3.12/site-packages/airflow/example_dags/example_branch_operator_decorator.py
[2026-09-22T16:27:06.780+0000] {processor.py:830} INFO - Processing file /home/airflow/.local/lib/python3.12/site-packages/airflow/example_dags/example_branch_operator_decorator.py for tasks to queue
[2026-09-22T16:27:06.784+0000] {logging_mixin.py:188} INFO - [2026-09-22T16:27:06.784+0000] {dagbag.py:545} INFO - Filling up the DagBag from /home/airflow/.local/lib/python3.12/site-packages/airflow/example_dags/example_branch_operator_decorator.py
[2026-09-22T16:27:06.824+0000] {processor.py:840} INFO - DAG(s) 'example_branch_python_operator_decorator' retrieved from /home/airflow/.local/lib/python3.12/site-packages/airflow/example_dags/example_branch_operator_decorator.py
[2026-09-22T16:27:06.885+0000] {logging_mixin.py:188} INFO - [2026-09-22T16:27:06.884+0000] {dag.py:3089} INFO - Sync 1 DAGs
[2026-09-22T16:27:06.919+0000] {logging_mixin.py:188} INFO - [2026-09-22T16:27:06.919+0000] {dag.py:3947} INFO - Setting next_dagrun for example_branch_python_operator_decorator to 2026-09-21 00:00:00+00:00, run_after=2026-09-22 00:00:00+00:00
[2026-09-22T16:27:06.992+0000] {processor.py:183} INFO - Processing /home/airflow/.local/lib/python3.12/site-packages/airflow/example_dags/example_branch_operator_decorator.py took 0.227 seconds
[2026-09-22T16:27:37.825+0000] {processor.py:161} INFO - Started process (PID=1007) to work on /home/airflow/.local/lib/python3.12/site-packages/airflow/example_dags/example_branch_operator_decorator.py
[2026-09-22T16:27:37.826+0000] {processor.py:830} INFO - Processing file /home/airflow/.local/lib/python3.12/site-packages/airflow/example_dags/example_branch_operator_decorator.py for tasks to queue
[2026-09-22T16:27:37.829+0000] {logging_mixin.py:188} INFO - [2026-09-22T16:27:37.829+0000] {dagbag.py:545} INFO - Filling up the DagBag from /home/airflow/.local/lib/python3.12/site-packages/airflow/example_dags/example_branch_operator_decorator.py
[2026-09-22T16:27:37.858+0000] {processor.py:840} INFO - DAG(s) 'example_branch_python_operator_decorator' retrieved from /home/airflow/.local/lib/python3.12/site-packages/airflow/example_dags/example_branch_operator_decorator.py
[2026-09-22T16:27:37.903+0000] {logging_mixin.py:188} INFO - [2026-09-22T16:27:37.903+0000] {dag.py:3089} INFO - Sync 1 DAGs
[2026-09-22T16:27:37.939+0000] {logging_mixin.py:188} INFO - [2026-09-22T16:27:37.939+0000] {dag.py:3947} INFO - Setting next_dagrun for example_branch_python_operator_decorator to 2026-09-21 00:00:00+00:00, run_after=2026-09-22 00:00:00+00:00
[2026-09-22T16:27:38.006+0000] {processor.py:183} INFO - Processing /home/airflow/.local/lib/python3.12/site-packages/airflow/example_dags/example_branch_operator_decorator.py took 0.193 seconds
[2026-09-22T16:28:08.396+0000] {processor.py:161} INFO - Started process (PID=1065) to work on /home/airflow/.local/lib/python3.12/site-packages/airflow/example_dags/example_branch_operator_decorator.py
[2026-09-22T16:28:08.398+0000] {processor.py:830} INFO - Processing file /home/airflow/.local/lib/python3.12/site-packages/airflow/example_dags/example_branch_operator_decorator.py for tasks to queue
[2026-09-22T16:28:08.401+0000] {logging_mixin.py:188} INFO - [2026-09-22T16:28:08.401+0000] {dagbag.py:545} INFO - Filling up the DagBag from /home/airflow/.local/lib/python3.12/site-packages/airflow/example_dags/example_branch_operator_decorator.py
[2026-09-22T16:28:08.428+0000] {processor.py:840} INFO - DAG(s) 'example_branch_python_operator_decorator' retrieved from /home/airflow/.local/lib/python3.12/site-packages/airflow/example_dags/example_branch_operator_decorator.py
[2026-09-22T16:28:08.466+0000] {logging_mixin.py:188} INFO - [2026-09-22T16:28:08.466+0000] {dag.py:3089} INFO - Sync 1 DAGs
[2026-09-22T16:28:08.493+0000] {logging_mixin.py:188} INFO - [2026-09-22T16:28:08.492+0000] {dag.py:3947} INFO - Setting next_dagrun for example_branch_python_operator_decorator to 2026-09-21 00:00:00+00:00, run_after=2026-09-22 00:00:00+00:00
[2026-09-22T16:28:08.550+0000] {processor.py:183} INFO - Processing /home/airflow/.local/lib/python3.12/site-packages/airflow/example_dags/example_branch_operator_decorator.py took 0.167 seconds
[2026-09-22T16:28:38.691+0000] {processor.py:161} INFO - Started process (PID=1123) to work on /home/airflow/.local/lib/python3.12/site-packages/airflow/example_dags/example_branch_operator_decorator.py
[2026-09-22T16:28:38.692+0000] {processor.py:830} INFO - Processing file /home/airflow/.local/lib/python3.12/site-packages/airflow/example_dags/example_branch_operator_decorator.py for tasks to queue
[2026-09-22T16:28:38.696+0000] {logging_mixin.py:188} INFO - [2026-09-22T16:28:38.695+0000] {dagbag.py:545} INFO - Filling up the DagBag from /home/airflow/.local/lib/python3.12/site-packages/airflow/example_dags/example_branch_operator_decorator.py
[2026-09-22T16:28:38.724+0000] {processor.py:840} INFO - DAG(s) 'example_branch_python_operator_decorator' retrieved from /home/airflow/.local/lib/python3.12/site-packages/airflow/example_dags/example_branch_operator_decorator.py
[2026-09-22T16:28:38.767+0000] {logging_mixin.py:188} INFO - [2026-09-22T16:28:38.767+0000] {dag.py:3089} INFO - Sync 1 DAGs
[2026-09-22T16:28:38.802+0000] {logging_mixin.py:188} INFO - [2026-09-22T16:28:38.801+0000] {dag.py:3947} INFO - Setting next_dagrun for example_branch_python_operator_decorator to 2026-09-21 00:00:00+00:00, run_after=2026-09-22 00:00:00+00:00
[2026-09-22T16:28:38.864+0000] {processor.py:183} INFO - Processing /home/airflow/.local/lib/python3.12/site-packages/airflow/example_dags/example_branch_operator_decorator.py took 0.184 seconds
[2026-09-22T16:29:09.320+0000] {processor.py:161} INFO - Started process (PID=1181) to work on /home/airflow/.local/lib/python3.12/site-packages/airflow/example_dags/example_branch_operator_decorator.py
[2026-09-22T16:29:09.322+0000] {processor.py:830} INFO - Processing file /home/airflow/.local/lib/python3.12/site-packages/airflow/example_dags/example_branch_operator_decorator.py for tasks to queue
[2026-09-22T16:29:09.325+0000] {logging_mixin.py:188} INFO - [2026-09-22T16:29:09.324+0000] {dagbag.py:545} INFO - Filling up the DagBag from /home/airflow/.local/lib/python3.12/site-packages/airflow/example_dags/example_branch_operator_decorator.py
[2026-09-22T16:29:09.354+0000] {processor.py:840} INFO - DAG(s) 'example_branch_python_operator_decorator' retrieved from /home/airflow/.local/lib/python3.12/site-packages/airflow/example_dags/example_branch_operator_decorator.py
[2026-09-22T16:29:09.394+0000] {logging_mixin.py:188} INFO - [2026-09-22T16:29:09.394+0000] {dag.py:3089} INFO - Sync 1 DAGs
[2026-09-22T16:29:09.424+0000] {logging_mixin.py:188} INFO - [2026-09-22T16:29:09.423+0000] {dag.py:3947} INFO - Setting next_dagrun for example_branch_python_operator_decorator to 2026-09-21 00:00:00+00:00, run_after=2026-09-22 00:00:00+00:00
[2026-09-22T16:29:09.461+0000] {processor.py:183} INFO - Processing /home/airflow/.local/lib/python3.12/site-packages/airflow/example_dags/example_branch_operator_decorator.py took 0.150 seconds
[2026-09-22T16:29:39.901+0000] {processor.py:161} INFO - Started process (PID=1238) to work on /home/airflow/.local/lib/python3.12/site-packages/airflow/example_dags/example_branch_operator_decorator.py
[2026-09-22T16:29:39.903+0000] {processor.py:830} INFO - Processing file /home/airflow/.local/lib/python3.12/site-packages/airflow/example_dags/example_branch_operator_decorator.py for tasks to queue
[2026-09-22T16:29:39.907+0000] {logging_mixin.py:188} INFO - [2026-09-22T16:29:39.906+0000] {dagbag.py:545} INFO - Filling up the DagBag from /home/airflow/.local/lib/python3.12/site-packages/airflow/example_dags/example_branch_operator_decorator.py
[2026-09-22T16:29:39.954+0000] {processor.py:840} INFO - DAG(s) 'example_branch_python_operator_decorator' retrieved from /home/airflow/.local/lib/python3.12/site-packages/airflow/example_dags/example_branch_operator_decorator.py
[2026-09-22T16:29:40.006+0000] {logging_mixin.py:188} INFO - [2026-09-22T16:29:40.006+0000] {dag.py:3089} INFO - Sync 1 DAGs
[2026-09-22T16:29:40.047+0000] {logging_mixin.py:188} INFO - [2026-09-22T16:29:40.047+0000] {dag.py:3947} INFO - Setting next_dagrun for example_branch_python_operator_decorator to 2026-09-21 00:00:00+00:00, run_after=2026-09-22 00:00:00+00:00
[2026-09-22T16:29:40.081+0000] {processor.py:183} INFO - Processing /home/airflow/.local/lib/python3.12/site-packages/airflow/example_dags/example_branch_operator_decorator.py took 0.189 seconds
[2026-09-22T16:30:10.944+0000] {processor.py:161} INFO - Started process (PID=1296) to work on /home/airflow/.local/lib/python3.12/site-packages/airflow/example_dags/example_branch_operator_decorator.py
[2026-09-22T16:30:10.945+0000] {processor.py:830} INFO - Processing file /home/airflow/.local/lib/python3.12/site-packages/airflow/example_dags/example_branch_operator_decorator.py for tasks to queue
[2026-09-22T16:30:10.948+0000] {logging_mixin.py:188} INFO - [2026-09-22T16:30:10.948+0000] {dagbag.py:545} INFO - Filling up the DagBag from /home/airflow/.local/lib/python3.12/site-packages/airflow/example_dags/example_branch_operator_decorator.py
[2026-09-22T16:30:10.978+0000] {processor.py:840} INFO - DAG(s) 'example_branch_python_operator_decorator' retrieved from /home/airflow/.local/lib/python3.12/site-packages/airflow/example_dags/example_branch_operator_decorator.py
[2026-09-22T16:30:11.018+0000] {logging_mixin.py:188} INFO - [2026-09-22T16:30:11.017+0000] {dag.py:3089} INFO - Sync 1 DAGs
[2026-09-22T16:30:11.047+0000] {logging_mixin.py:188} INFO - [2026-09-22T16:30:11.047+0000] {dag.py:3947} INFO - Setting next_dagrun for example_branch_python_operator_decorator to 2026-09-21 00:00:00+00:00, run_after=2026-09-22 00:00:00+00:00
[2026-09-22T16:30:11.153+0000] {processor.py:183} INFO - Processing /home/airflow/.local/lib/python3.12/site-packages/airflow/example_dags/example_branch_operator_decorator.py took 0.218 seconds
[2026-09-22T16:30:41.742+0000] {processor.py:161} INFO - Started process (PID=1354) to work on /home/airflow/.local/lib/python3.12/site-packages/airflow/example_dags/example_branch_operator_decorator.py
[2026-09-22T16:30:41.743+0000] {processor.py:830} INFO - Processing file /home/airflow/.local/lib/python3.12/site-packages/airflow/example_dags/example_branch_operator_decorator.py for tasks to queue
[2026-09-22T16:30:41.746+0000] {logging_mixin.py:188} INFO - [2026-09-22T16:30:41.746+0000] {dagbag.py:545} INFO - Filling up the DagBag from /home/airflow/.local/lib/python3.12/site-packages/airflow/example_dags/example_branch_operator_decorator.py
[2026-09-22T16:30:41.779+0000] {processor.py:840} INFO - DAG(s) 'example_branch_python_operator_decorator' retrieved from /home/airflow/.local/lib/python3.12/site-packages/airflow/example_dags/example_branch_operator_decorator.py
[2026-09-22T16:30:41.832+0000] {logging_mixin.py:188} INFO - [2026-09-22T16:30:41.832+0000] {dag.py:3089} INFO - Sync 1 DAGs
[2026-09-22T16:30:41.873+0000] {logging_mixin.py:188} INFO - [2026-09-22T16:30:41.873+0000] {dag.py:3947} INFO - Setting next_dagrun for example_branch_python_operator_decorator to 2026-09-21 00:00:00+00:00, run_after=2026-09-22 00:00:00+00:00
[2026-09-22T16:30:41.928+0000] {processor.py:183} INFO - Processing /home/airflow/.local/lib/python3.12/site-packages/airflow/example_dags/example_branch_operator_decorator.py took 0.202 seconds
[2026-09-22T16:31:12.267+0000] {processor.py:161} INFO - Started process (PID=1412) to work on /home/airflow/.local/lib/python3.12/site-packages/airflow/example_dags/example_branch_operator_decorator.py
[2026-09-22T16:31:12.269+0000] {processor.py:830} INFO - Processing file /home/airflow/.local/lib/python3.12/site-packages/airflow/example_dags/example_branch_operator_decorator.py for tasks to queue
[2026-09-22T16:31:12.276+0000] {logging_mixin.py:188} INFO - [2026-09-22T16:31:12.274+0000] {dagbag.py:545} INFO - Filling up the DagBag from /home/airflow/.local/lib/python3.12/site-packages/airflow/example_dags/example_branch_operator_decorator.py
[2026-09-22T16:31:12.345+0000] {processor.py:840} INFO - DAG(s) 'example_branch_python_operator_decorator' retrieved from /home/airflow/.local/lib/python3.12/site-packages/airflow/example_dags/example_branch_operator_decorator.py
[2026-09-22T16:31:12.435+0000] {logging_mixin.py:188} INFO - [2026-09-22T16:31:12.435+0000] {dag.py:3089} INFO - Sync 1 DAGs
[2026-09-22T16:31:12.483+0000] {logging_mixin.py:188} INFO - [2026-09-22T16:31:12.483+0000] {dag.py:3947} INFO - Setting next_dagrun for example_branch_python_operator_decorator to 2026-09-21 00:00:00+00:00, run_after=2026-09-22 00:00:00+00:00
[2026-09-22T16:31:12.527+0000] {processor.py:183} INFO - Processing /home/airflow/.local/lib/python3.12/site-packages/airflow/example_dags/example_branch_operator_decorator.py took 0.271 seconds
[2026-09-22T16:31:42.712+0000] {processor.py:161} INFO - Started process (PID=1470) to work on /home/airflow/.local/lib/python3.12/site-packages/airflow/example_dags/example_branch_operator_decorator.py
[2026-09-22T16:31:42.714+0000] {processor.py:830} INFO - Processing file /home/airflow/.local/lib/python3.12/site-packages/airflow/example_dags/example_branch_operator_decorator.py for tasks to queue
[2026-09-22T16:31:42.718+0000] {logging_mixin.py:188} INFO - [2026-09-22T16:31:42.717+0000] {dagbag.py:545} INFO - Filling up the DagBag from /home/airflow/.local/lib/python3.12/site-packages/airflow/example_dags/example_branch_operator_decorator.py
[2026-09-22T16:31:42.751+0000] {processor.py:840} INFO - DAG(s) 'example_branch_python_operator_decorator' retrieved from /home/airflow/.local/lib/python3.12/site-packages/airflow/example_dags/example_branch_operator_decorator.py
[2026-09-22T16:31:42.826+0000] {logging_mixin.py:188} INFO - [2026-09-22T16:31:42.825+0000] {dag.py:3089} INFO - Sync 1 DAGs
[2026-09-22T16:31:42.896+0000] {logging_mixin.py:188} INFO - [2026-09-22T16:31:42.895+0000] {dag.py:3947} INFO - Setting next_dagrun for example_branch_python_operator_decorator to 2026-09-21 00:00:00+00:00, run_after=2026-09-22 00:00:00+00:00
[2026-09-22T16:31:42.953+0000] {processor.py:183} INFO - Processing /home/airflow/.local/lib/python3.12/site-packages/airflow/example_dags/example_branch_operator_decorator.py took 0.250 seconds
[2026-09-22T16:32:13.964+0000] {processor.py:161} INFO - Started process (PID=1528) to work on /home/airflow/.local/lib/python3.12/site-packages/airflow/example_dags/example_branch_operator_decorator.py
[2026-09-22T16:32:13.966+0000] {processor.py:830} INFO - Processing file /home/airflow/.local/lib/python3.12/site-packages/airflow/example_dags/example_branch_operator_decorator.py for tasks to queue
[2026-09-22T16:32:13.970+0000] {logging_mixin.py:188} INFO - [2026-09-22T16:32:13.970+0000] {dagbag.py:545} INFO - Filling up the DagBag from /home/airflow/.local/lib/python3.12/site-packages/airflow/example_dags/example_branch_operator_decorator.py
[2026-09-22T16:32:14.000+0000] {processor.py:840} INFO - DAG(s) 'example_branch_python_operator_decorator' retrieved from /home/airflow/.local/lib/python3.12/site-packages/airflow/example_dags/example_branch_operator_decorator.py
[2026-09-22T16:32:14.051+0000] {logging_mixin.py:188} INFO - [2026-09-22T16:32:14.051+0000] {dag.py:3089} INFO - Sync 1 DAGs
[2026-09-22T16:32:14.086+0000] {logging_mixin.py:188} INFO - [2026-09-22T16:32:14.086+0000] {dag.py:3947} INFO - Setting next_dagrun for example_branch_python_operator_decorator to 2026-09-21 00:00:00+00:00, run_after=2026-09-22 00:00:00+00:00
[2026-09-22T16:32:14.157+0000] {processor.py:183} INFO - Processing /home/airflow/.local/lib/python3.12/site-packages/airflow/example_dags/example_branch_operator_decorator.py took 0.201 seconds
[2026-09-22T16:32:44.793+0000] {processor.py:161} INFO - Started process (PID=1586) to work on /home/airflow/.local/lib/python3.12/site-packages/airflow/example_dags/example_branch_operator_decorator.py
[2026-09-22T16:32:44.795+0000] {processor.py:830} INFO - Processing file /home/airflow/.local/lib/python3.12/site-packages/airflow/example_dags/example_branch_operator_decorator.py for tasks to queue
[2026-09-22T16:32:44.798+0000] {logging_mixin.py:188} INFO - [2026-09-22T16:32:44.797+0000] {dagbag.py:545} INFO - Filling up the DagBag from /home/airflow/.local/lib/python3.12/site-packages/airflow/example_dags/example_branch_operator_decorator.py
[2026-09-22T16:32:44.832+0000] {processor.py:840} INFO - DAG(s) 'example_branch_python_operator_decorator' retrieved from /home/airflow/.local/lib/python3.12/site-packages/airflow/example_dags/example_branch_operator_decorator.py
[2026-09-22T16:32:44.878+0000] {logging_mixin.py:188} INFO - [2026-09-22T16:32:44.877+0000] {dag.py:3089} INFO - Sync 1 DAGs
[2026-09-22T16:32:44.912+0000] {logging_mixin.py:188} INFO - [2026-09-22T16:32:44.912+0000] {dag.py:3947} INFO - Setting next_dagrun for example_branch_python_operator_decorator to 2026-09-21 00:00:00+00:00, run_after=2026-09-22 00:00:00+00:00
[2026-09-22T16:32:44.988+0000] {processor.py:183} INFO - Processing /home/airflow/.local/lib/python3.12/site-packages/airflow/example_dags/example_branch_operator_decorator.py took 0.204 seconds
[2026-09-22T16:33:15.052+0000] {processor.py:161} INFO - Started process (PID=1643) to work on /home/airflow/.local/lib/python3.12/site-packages/airflow/example_dags/example_branch_operator_decorator.py
[2026-09-22T16:33:15.054+0000] {processor.py:830} INFO - Processing file /home/airflow/.local/lib/python3.12/site-packages/airflow/example_dags/example_branch_operator_decorator.py for tasks to queue
[2026-09-22T16:33:15.057+0000] {logging_mixin.py:188} INFO - [2026-09-22T16:33:15.056+0000] {dagbag.py:545} INFO - Filling up the DagBag from /home/airflow/.local/lib/python3.12/site-packages/airflow/example_dags/example_branch_operator_decorator.py
[2026-09-22T16:33:15.087+0000] {processor.py:840} INFO - DAG(s) 'example_branch_python_operator_decorator' retrieved from /home/airflow/.local/lib/python3.12/site-packages/airflow/example_dags/example_branch_operator_decorator.py
[2026-09-22T16:33:15.132+0000] {logging_mixin.py:188} INFO - [2026-09-22T16:33:15.131+0000] {dag.py:3089} INFO - Sync 1 DAGs
[2026-09-22T16:33:15.160+0000] {logging_mixin.py:188} INFO - [2026-09-22T16:33:15.160+0000] {dag.py:3947} INFO - Setting next_dagrun for example_branch_python_operator_decorator to 2026-09-21 00:00:00+00:00, run_after=2026-09-22 00:00:00+00:00
[2026-09-22T16:33:15.216+0000] {processor.py:183} INFO - Processing /home/airflow/.local/lib/python3.12/site-packages/airflow/example_dags/example_branch_operator_decorator.py took 0.176 seconds
[2026-09-22T16:33:45.461+0000] {processor.py:161} INFO - Started process (PID=1701) to work on /home/airflow/.local/lib/python3.12/site-packages/airflow/example_dags/example_branch_operator_decorator.py
[2026-09-22T16:33:45.463+0000] {processor.py:830} INFO - Processing file /home/airflow/.local/lib/python3.12/site-packages/airflow/example_dags/example_branch_operator_decorator.py for tasks to queue
[2026-09-22T16:33:45.466+0000] {logging_mixin.py:188} INFO - [2026-09-22T16:33:45.465+0000] {dagbag.py:545} INFO - Filling up the DagBag from /home/airflow/.local/lib/python3.12/site-packages/airflow/example_dags/example_branch_operator_decorator.py
[2026-09-22T16:33:45.518+0000] {processor.py:840} INFO - DAG(s) 'example_branch_python_operator_decorator' retrieved from /home/airflow/.local/lib/python3.12/site-packages/airflow/example_dags/example_branch_operator_decorator.py
[2026-09-22T16:33:45.590+0000] {logging_mixin.py:188} INFO - [2026-09-22T16:33:45.589+0000] {dag.py:3089} INFO - Sync 1 DAGs
[2026-09-22T16:33:45.658+0000] {logging_mixin.py:188} INFO - [2026-09-22T16:33:45.658+0000] {dag.py:3947} INFO - Setting next_dagrun for example_branch_python_operator_decorator to 2026-09-21 00:00:00+00:00, run_after=2026-09-22 00:00:00+00:00
[2026-09-22T16:33:45.708+0000] {processor.py:183} INFO - Processing /home/airflow/.local/lib/python3.12/site-packages/airflow/example_dags/example_branch_operator_decorator.py took 0.263 seconds
[2026-09-22T16:34:15.938+0000] {processor.py:161} INFO - Started process (PID=1760) to work on /home/airflow/.local/lib/python3.12/site-packages/airflow/example_dags/example_branch_operator_decorator.py
[2026-09-22T16:34:15.940+0000] {processor.py:830} INFO - Processing file /home/airflow/.local/lib/python3.12/site-packages/airflow/example_dags/example_branch_operator_decorator.py for tasks to queue
[2026-09-22T16:34:15.944+0000] {logging_mixin.py:188} INFO - [2026-09-22T16:34:15.943+0000] {dagbag.py:545} INFO - Filling up the DagBag from /home/airflow/.local/lib/python3.12/site-packages/airflow/example_dags/example_branch_operator_decorator.py
[2026-09-22T16:34:15.981+0000] {processor.py:840} INFO - DAG(s) 'example_branch_python_operator_decorator' retrieved from /home/airflow/.local/lib/python3.12/site-packages/airflow/example_dags/example_branch_operator_decorator.py
[2026-09-22T16:34:16.027+0000] {logging_mixin.py:188} INFO - [2026-09-22T16:34:16.026+0000] {dag.py:3089} INFO - Sync 1 DAGs
[2026-09-22T16:34:16.063+0000] {logging_mixin.py:188} INFO - [2026-09-22T16:34:16.062+0000] {dag.py:3947} INFO - Setting next_dagrun for example_branch_python_operator_decorator to 2026-09-21 00:00:00+00:00, run_after=2026-09-22 00:00:00+00:00
[2026-09-22T16:34:16.135+0000] {processor.py:183} INFO - Processing /home/airflow/.local/lib/python3.12/site-packages/airflow/example_dags/example_branch_operator_decorator.py took 0.207 seconds
[2026-09-22T16:34:46.390+0000] {processor.py:161} INFO - Started process (PID=1818) to work on /home/airflow/.local/lib/python3.12/site-packages/airflow/example_dags/example_branch_operator_decorator.py
[2026-09-22T16:34:46.391+0000] {processor.py:830} INFO - Processing file /home/airflow/.local/lib/python3.12/site-packages/airflow/example_dags/example_branch_operator_decorator.py for tasks to queue
[2026-09-22T16:34:46.395+0000] {logging_mixin.py:188} INFO - [2026-09-22T16:34:46.394+0000] {dagbag.py:545} INFO - Filling up the DagBag from /home/airflow/.local/lib/python3.12/site-packages/airflow/example_dags/example_branch_operator_decorator.py
[2026-09-22T16:34:46.430+0000] {processor.py:840} INFO - DAG(s) 'example_branch_python_operator_decorator' retrieved from /home/airflow/.local/lib/python3.12/site-packages/airflow/example_dags/example_branch_operator_decorator.py
[2026-09-22T16:34:46.481+0000] {logging_mixin.py:188} INFO - [2026-09-22T16:34:46.481+0000] {dag.py:3089} INFO - Sync 1 DAGs
[2026-09-22T16:34:46.523+0000] {logging_mixin.py:188} INFO - [2026-09-22T16:34:46.523+0000] {dag.py:3947} INFO - Setting next_dagrun for example_branch_python_operator_decorator to 2026-09-21 00:00:00+00:00, run_after=2026-09-22 00:00:00+00:00
[2026-09-22T16:34:46.573+0000] {processor.py:183} INFO - Processing /home/airflow/.local/lib/python3.12/site-packages/airflow/example_dags/example_branch_operator_decorator.py took 0.193 seconds
[2026-09-22T16:35:16.915+0000] {processor.py:161} INFO - Started process (PID=1876) to work on /home/airflow/.local/lib/python3.12/site-packages/airflow/example_dags/example_branch_operator_decorator.py
[2026-09-22T16:35:16.917+0000] {processor.py:830} INFO - Processing file /home/airflow/.local/lib/python3.12/site-packages/airflow/example_dags/example_branch_operator_decorator.py for tasks to queue
[2026-09-22T16:35:16.920+0000] {logging_mixin.py:188} INFO - [2026-09-22T16:35:16.919+0000] {dagbag.py:545} INFO - Filling up the DagBag from /home/airflow/.local/lib/python3.12/site-packages/airflow/example_dags/example_branch_operator_decorator.py
[2026-09-22T16:35:16.946+0000] {processor.py:840} INFO - DAG(s) 'example_branch_python_operator_decorator' retrieved from /home/airflow/.local/lib/python3.12/site-packages/airflow/example_dags/example_branch_operator_decorator.py
[2026-09-22T16:35:16.982+0000] {logging_mixin.py:188} INFO - [2026-09-22T16:35:16.982+0000] {dag.py:3089} INFO - Sync 1 DAGs
[2026-09-22T16:35:17.012+0000] {logging_mixin.py:188} INFO - [2026-09-22T16:35:17.012+0000] {dag.py:3947} INFO - Setting next_dagrun for example_branch_python_operator_decorator to 2026-09-21 00:00:00+00:00, run_after=2026-09-22 00:00:00+00:00
[2026-09-22T16:35:17.105+0000] {processor.py:183} INFO - Processing /home/airflow/.local/lib/python3.12/site-packages/airflow/example_dags/example_branch_operator_decorator.py took 0.197 seconds
[2026-09-22T16:35:47.285+0000] {processor.py:161} INFO - Started process (PID=1934) to work on /home/airflow/.local/lib/python3.12/site-packages/airflow/example_dags/example_branch_operator_decorator.py
[2026-09-22T16:35:47.287+0000] {processor.py:830} INFO - Processing file /home/airflow/.local/lib/python3.12/site-packages/airflow/example_dags/example_branch_operator_decorator.py for tasks to queue
[2026-09-22T16:35:47.290+0000] {logging_mixin.py:188} INFO - [2026-09-22T16:35:47.289+0000] {dagbag.py:545} INFO - Filling up the DagBag from /home/airflow/.local/lib/python3.12/site-packages/airflow/example_dags/example_branch_operator_decorator.py
[2026-09-22T16:35:47.313+0000] {processor.py:840} INFO - DAG(s) 'example_branch_python_operator_decorator' retrieved from /home/airflow/.local/lib/python3.12/site-packages/airflow/example_dags/example_branch_operator_decorator.py
[2026-09-22T16:35:47.348+0000] {logging_mixin.py:188} INFO - [2026-09-22T16:35:47.348+0000] {dag.py:3089} INFO - Sync 1 DAGs
[2026-09-22T16:35:47.380+0000] {logging_mixin.py:188} INFO - [2026-09-22T16:35:47.379+0000] {dag.py:3947} INFO - Setting next_dagrun for example_branch_python_operator_decorator to 2026-09-21 00:00:00+00:00, run_after=2026-09-22 00:00:00+00:00
[2026-09-22T16:35:47.462+0000] {processor.py:183} INFO - Processing /home/airflow/.local/lib/python3.12/site-packages/airflow/example_dags/example_branch_operator_decorator.py took 0.184 seconds
[2026-09-22T16:36:18.149+0000] {processor.py:161} INFO - Started process (PID=1992) to work on /home/airflow/.local/lib/python3.12/site-packages/airflow/example_dags/example_branch_operator_decorator.py
[2026-09-22T16:36:18.152+0000] {processor.py:830} INFO - Processing file /home/airflow/.local/lib/python3.12/site-packages/airflow/example_dags/example_branch_operator_decorator.py for tasks to queue
[2026-09-22T16:36:18.155+0000] {logging_mixin.py:188} INFO - [2026-09-22T16:36:18.154+0000] {dagbag.py:545} INFO - Filling up the DagBag from /home/airflow/.local/lib/python3.12/site-packages/airflow/example_dags/example_branch_operator_decorator.py
[2026-09-22T16:36:18.190+0000] {processor.py:840} INFO - DAG(s) 'example_branch_python_operator_decorator' retrieved from /home/airflow/.local/lib/python3.12/site-packages/airflow/example_dags/example_branch_operator_decorator.py
[2026-09-22T16:36:18.244+0000] {logging_mixin.py:188} INFO - [2026-09-22T16:36:18.244+0000] {dag.py:3089} INFO - Sync 1 DAGs
[2026-09-22T16:36:18.281+0000] {logging_mixin.py:188} INFO - [2026-09-22T16:36:18.280+0000] {dag.py:3947} INFO - Setting next_dagrun for example_branch_python_operator_decorator to 2026-09-21 00:00:00+00:00, run_after=2026-09-22 00:00:00+00:00
[2026-09-22T16:36:18.313+0000] {processor.py:183} INFO - Processing /home/airflow/.local/lib/python3.12/site-packages/airflow/example_dags/example_branch_operator_decorator.py took 0.173 seconds
[2026-09-22T16:36:49.057+0000] {processor.py:161} INFO - Started process (PID=2050) to work on /home/airflow/.local/lib/python3.12/site-packages/airflow/example_dags/example_branch_operator_decorator.py
[2026-09-22T16:36:49.059+0000] {processor.py:830} INFO - Processing file /home/airflow/.local/lib/python3.12/site-packages/airflow/example_dags/example_branch_operator_decorator.py for tasks to queue
[2026-09-22T16:36:49.063+0000] {logging_mixin.py:188} INFO - [2026-09-22T16:36:49.062+0000] {dagbag.py:545} INFO - Filling up the DagBag from /home/airflow/.local/lib/python3.12/site-packages/airflow/example_dags/example_branch_operator_decorator.py
[2026-09-22T16:36:49.107+0000] {processor.py:840} INFO - DAG(s) 'example_branch_python_operator_decorator' retrieved from /home/airflow/.local/lib/python3.12/site-packages/airflow/example_dags/example_branch_operator_decorator.py
[2026-09-22T16:36:49.159+0000] {logging_mixin.py:188} INFO - [2026-09-22T16:36:49.159+0000] {dag.py:3089} INFO - Sync 1 DAGs
[2026-09-22T16:36:49.207+0000] {logging_mixin.py:188} INFO - [2026-09-22T16:36:49.207+0000] {dag.py:3947} INFO - Setting next_dagrun for example_branch_python_operator_decorator to 2026-09-21 00:00:00+00:00, run_after=2026-09-22 00:00:00+00:00
[2026-09-22T16:36:49.508+0000] {processor.py:183} INFO - Processing /home/airflow/.local/lib/python3.12/site-packages/airflow/example_dags/example_branch_operator_decorator.py took 0.463 seconds
[2026-09-22T16:37:20.286+0000] {processor.py:161} INFO - Started process (PID=2108) to work on /home/airflow/.local/lib/python3.12/site-packages/airflow/example_dags/example_branch_operator_decorator.py
[2026-09-22T16:37:20.288+0000] {processor.py:830} INFO - Processing file /home/airflow/.local/lib/python3.12/site-packages/airflow/example_dags/example_branch_operator_decorator.py for tasks to queue
[2026-09-22T16:37:20.291+0000] {logging_mixin.py:188} INFO - [2026-09-22T16:37:20.291+0000] {dagbag.py:545} INFO - Filling up the DagBag from /home/airflow/.local/lib/python3.12/site-packages/airflow/example_dags/example_branch_operator_decorator.py
[2026-09-22T16:37:20.336+0000] {processor.py:840} INFO - DAG(s) 'example_branch_python_operator_decorator' retrieved from /home/airflow/.local/lib/python3.12/site-packages/airflow/example_dags/example_branch_operator_decorator.py
[2026-09-22T16:37:20.388+0000] {logging_mixin.py:188} INFO - [2026-09-22T16:37:20.387+0000] {dag.py:3089} INFO - Sync 1 DAGs
[2026-09-22T16:37:20.465+0000] {logging_mixin.py:188} INFO - [2026-09-22T16:37:20.464+0000] {dag.py:3947} INFO - Setting next_dagrun for example_branch_python_operator_decorator to 2026-09-21 00:00:00+00:00, run_after=2026-09-22 00:00:00+00:00
[2026-09-22T16:37:20.588+0000] {processor.py:183} INFO - Processing /home/airflow/.local/lib/python3.12/site-packages/airflow/example_dags/example_branch_operator_decorator.py took 0.314 seconds
[2026-09-22T16:37:51.692+0000] {processor.py:161} INFO - Started process (PID=2164) to work on /home/airflow/.local/lib/python3.12/site-packages/airflow/example_dags/example_branch_operator_decorator.py
[2026-09-22T16:37:51.693+0000] {processor.py:830} INFO - Processing file /home/airflow/.local/lib/python3.12/site-packages/airflow/example_dags/example_branch_operator_decorator.py for tasks to queue
[2026-09-22T16:37:51.697+0000] {logging_mixin.py:188} INFO - [2026-09-22T16:37:51.696+0000] {dagbag.py:545} INFO - Filling up the DagBag from /home/airflow/.local/lib/python3.12/site-packages/airflow/example_dags/example_branch_operator_decorator.py
[2026-09-22T16:37:51.721+0000] {processor.py:840} INFO - DAG(s) 'example_branch_python_operator_decorator' retrieved from /home/airflow/.local/lib/python3.12/site-packages/airflow/example_dags/example_branch_operator_decorator.py
[2026-09-22T16:37:51.772+0000] {logging_mixin.py:188} INFO - [2026-09-22T16:37:51.771+0000] {dag.py:3089} INFO - Sync 1 DAGs
[2026-09-22T16:37:51.805+0000] {logging_mixin.py:188} INFO - [2026-09-22T16:37:51.805+0000] {dag.py:3947} INFO - Setting next_dagrun for example_branch_python_operator_decorator to 2026-09-21 00:00:00+00:00, run_after=2026-09-22 00:00:00+00:00
[2026-09-22T16:37:51.840+0000] {processor.py:183} INFO - Processing /home/airflow/.local/lib/python3.12/site-packages/airflow/example_dags/example_branch_operator_decorator.py took 0.157 seconds
[2026-09-22T16:38:22.471+0000] {processor.py:161} INFO - Started process (PID=2222) to work on /home/airflow/.local/lib/python3.12/site-packages/airflow/example_dags/example_branch_operator_decorator.py
[2026-09-22T16:38:22.473+0000] {processor.py:830} INFO - Processing file /home/airflow/.local/lib/python3.12/site-packages/airflow/example_dags/example_branch_operator_decorator.py for tasks to queue
[2026-09-22T16:38:22.477+0000] {logging_mixin.py:188} INFO - [2026-09-22T16:38:22.477+0000] {dagbag.py:545} INFO - Filling up the DagBag from /home/airflow/.local/lib/python3.12/site-packages/airflow/example_dags/example_branch_operator_decorator.py
[2026-09-22T16:38:22.512+0000] {processor.py:840} INFO - DAG(s) 'example_branch_python_operator_decorator' retrieved from /home/airflow/.local/lib/python3.12/site-packages/airflow/example_dags/example_branch_operator_decorator.py
[2026-09-22T16:38:22.604+0000] {logging_mixin.py:188} INFO - [2026-09-22T16:38:22.604+0000] {dag.py:3089} INFO - Sync 1 DAGs
[2026-09-22T16:38:22.909+0000] {logging_mixin.py:188} INFO - [2026-09-22T16:38:22.908+0000] {dag.py:3947} INFO - Setting next_dagrun for example_branch_python_operator_decorator to 2026-09-21 00:00:00+00:00, run_after=2026-09-22 00:00:00+00:00
[2026-09-22T16:38:22.946+0000] {processor.py:183} INFO - Processing /home/airflow/.local/lib/python3.12/site-packages/airflow/example_dags/example_branch_operator_decorator.py took 0.484 seconds
[2026-09-22T16:41:46.491+0000] {processor.py:161} INFO - Started process (PID=81) to work on /home/airflow/.local/lib/python3.12/site-packages/airflow/example_dags/example_branch_operator_decorator.py
[2026-09-22T16:41:46.494+0000] {processor.py:830} INFO - Processing file /home/airflow/.local/lib/python3.12/site-packages/airflow/example_dags/example_branch_operator_decorator.py for tasks to queue
[2026-09-22T16:41:46.498+0000] {logging_mixin.py:188} INFO - [2026-09-22T16:41:46.497+0000] {dagbag.py:545} INFO - Filling up the DagBag from /home/airflow/.local/lib/python3.12/site-packages/airflow/example_dags/example_branch_operator_decorator.py
[2026-09-22T16:41:46.556+0000] {processor.py:840} INFO - DAG(s) 'example_branch_python_operator_decorator' retrieved from /home/airflow/.local/lib/python3.12/site-packages/airflow/example_dags/example_branch_operator_decorator.py
[2026-09-22T16:41:46.731+0000] {logging_mixin.py:188} INFO - [2026-09-22T16:41:46.731+0000] {dag.py:3089} INFO - Sync 1 DAGs
[2026-09-22T16:41:46.767+0000] {logging_mixin.py:188} INFO - [2026-09-22T16:41:46.767+0000] {dag.py:3947} INFO - Setting next_dagrun for example_branch_python_operator_decorator to 2026-09-21 00:00:00+00:00, run_after=2026-09-22 00:00:00+00:00
[2026-09-22T16:41:46.846+0000] {processor.py:183} INFO - Processing /home/airflow/.local/lib/python3.12/site-packages/airflow/example_dags/example_branch_operator_decorator.py took 0.369 seconds
[2026-09-22T16:42:17.415+0000] {processor.py:161} INFO - Started process (PID=139) to work on /home/airflow/.local/lib/python3.12/site-packages/airflow/example_dags/example_branch_operator_decorator.py
[2026-09-22T16:42:17.417+0000] {processor.py:830} INFO - Processing file /home/airflow/.local/lib/python3.12/site-packages/airflow/example_dags/example_branch_operator_decorator.py for tasks to queue
[2026-09-22T16:42:17.423+0000] {logging_mixin.py:188} INFO - [2026-09-22T16:42:17.422+0000] {dagbag.py:545} INFO - Filling up the DagBag from /home/airflow/.local/lib/python3.12/site-packages/airflow/example_dags/example_branch_operator_decorator.py
[2026-09-22T16:42:17.459+0000] {processor.py:840} INFO - DAG(s) 'example_branch_python_operator_decorator' retrieved from /home/airflow/.local/lib/python3.12/site-packages/airflow/example_dags/example_branch_operator_decorator.py
[2026-09-22T16:42:17.497+0000] {logging_mixin.py:188} INFO - [2026-09-22T16:42:17.496+0000] {dag.py:3089} INFO - Sync 1 DAGs
[2026-09-22T16:42:17.533+0000] {logging_mixin.py:188} INFO - [2026-09-22T16:42:17.533+0000] {dag.py:3947} INFO - Setting next_dagrun for example_branch_python_operator_decorator to 2026-09-21 00:00:00+00:00, run_after=2026-09-22 00:00:00+00:00
[2026-09-22T16:42:17.562+0000] {processor.py:183} INFO - Processing /home/airflow/.local/lib/python3.12/site-packages/airflow/example_dags/example_branch_operator_decorator.py took 0.158 seconds
[2026-09-22T16:43:47.243+0000] {processor.py:161} INFO - Started process (PID=81) to work on /home/airflow/.local/lib/python3.12/site-packages/airflow/example_dags/example_branch_operator_decorator.py
[2026-09-22T16:43:47.245+0000] {processor.py:830} INFO - Processing file /home/airflow/.local/lib/python3.12/site-packages/airflow/example_dags/example_branch_operator_decorator.py for tasks to queue
[2026-09-22T16:43:47.249+0000] {logging_mixin.py:188} INFO - [2026-09-22T16:43:47.248+0000] {dagbag.py:545} INFO - Filling up the DagBag from /home/airflow/.local/lib/python3.12/site-packages/airflow/example_dags/example_branch_operator_decorator.py
[2026-09-22T16:43:47.276+0000] {processor.py:840} INFO - DAG(s) 'example_branch_python_operator_decorator' retrieved from /home/airflow/.local/lib/python3.12/site-packages/airflow/example_dags/example_branch_operator_decorator.py
[2026-09-22T16:43:47.481+0000] {logging_mixin.py:188} INFO - [2026-09-22T16:43:47.481+0000] {dag.py:3089} INFO - Sync 1 DAGs
[2026-09-22T16:43:47.513+0000] {logging_mixin.py:188} INFO - [2026-09-22T16:43:47.513+0000] {dag.py:3947} INFO - Setting next_dagrun for example_branch_python_operator_decorator to 2026-09-21 00:00:00+00:00, run_after=2026-09-22 00:00:00+00:00
[2026-09-22T16:43:47.548+0000] {processor.py:183} INFO - Processing /home/airflow/.local/lib/python3.12/site-packages/airflow/example_dags/example_branch_operator_decorator.py took 0.311 seconds
[2026-09-22T16:44:18.044+0000] {processor.py:161} INFO - Started process (PID=138) to work on /home/airflow/.local/lib/python3.12/site-packages/airflow/example_dags/example_branch_operator_decorator.py
[2026-09-22T16:44:18.045+0000] {processor.py:830} INFO - Processing file /home/airflow/.local/lib/python3.12/site-packages/airflow/example_dags/example_branch_operator_decorator.py for tasks to queue
[2026-09-22T16:44:18.047+0000] {logging_mixin.py:188} INFO - [2026-09-22T16:44:18.047+0000] {dagbag.py:545} INFO - Filling up the DagBag from /home/airflow/.local/lib/python3.12/site-packages/airflow/example_dags/example_branch_operator_decorator.py
[2026-09-22T16:44:18.077+0000] {processor.py:840} INFO - DAG(s) 'example_branch_python_operator_decorator' retrieved from /home/airflow/.local/lib/python3.12/site-packages/airflow/example_dags/example_branch_operator_decorator.py
[2026-09-22T16:44:18.122+0000] {logging_mixin.py:188} INFO - [2026-09-22T16:44:18.121+0000] {dag.py:3089} INFO - Sync 1 DAGs
[2026-09-22T16:44:18.156+0000] {logging_mixin.py:188} INFO - [2026-09-22T16:44:18.155+0000] {dag.py:3947} INFO - Setting next_dagrun for example_branch_python_operator_decorator to 2026-09-21 00:00:00+00:00, run_after=2026-09-22 00:00:00+00:00
[2026-09-22T16:44:18.218+0000] {processor.py:183} INFO - Processing /home/airflow/.local/lib/python3.12/site-packages/airflow/example_dags/example_branch_operator_decorator.py took 0.183 seconds
[2026-09-22T16:44:49.069+0000] {processor.py:161} INFO - Started process (PID=202) to work on /home/airflow/.local/lib/python3.12/site-packages/airflow/example_dags/example_branch_operator_decorator.py
[2026-09-22T16:44:49.071+0000] {processor.py:830} INFO - Processing file /home/airflow/.local/lib/python3.12/site-packages/airflow/example_dags/example_branch_operator_decorator.py for tasks to queue
[2026-09-22T16:44:49.074+0000] {logging_mixin.py:188} INFO - [2026-09-22T16:44:49.073+0000] {dagbag.py:545} INFO - Filling up the DagBag from /home/airflow/.local/lib/python3.12/site-packages/airflow/example_dags/example_branch_operator_decorator.py
[2026-09-22T16:44:49.102+0000] {processor.py:840} INFO - DAG(s) 'example_branch_python_operator_decorator' retrieved from /home/airflow/.local/lib/python3.12/site-packages/airflow/example_dags/example_branch_operator_decorator.py
[2026-09-22T16:44:49.141+0000] {logging_mixin.py:188} INFO - [2026-09-22T16:44:49.141+0000] {dag.py:3089} INFO - Sync 1 DAGs
[2026-09-22T16:44:49.183+0000] {logging_mixin.py:188} INFO - [2026-09-22T16:44:49.182+0000] {dag.py:3947} INFO - Setting next_dagrun for example_branch_python_operator_decorator to 2026-09-21 00:00:00+00:00, run_after=2026-09-22 00:00:00+00:00
[2026-09-22T16:44:49.218+0000] {processor.py:183} INFO - Processing /home/airflow/.local/lib/python3.12/site-packages/airflow/example_dags/example_branch_operator_decorator.py took 0.158 seconds
[2026-09-22T16:45:19.523+0000] {processor.py:161} INFO - Started process (PID=260) to work on /home/airflow/.local/lib/python3.12/site-packages/airflow/example_dags/example_branch_operator_decorator.py
[2026-09-22T16:45:19.524+0000] {processor.py:830} INFO - Processing file /home/airflow/.local/lib/python3.12/site-packages/airflow/example_dags/example_branch_operator_decorator.py for tasks to queue
[2026-09-22T16:45:19.526+0000] {logging_mixin.py:188} INFO - [2026-09-22T16:45:19.526+0000] {dagbag.py:545} INFO - Filling up the DagBag from /home/airflow/.local/lib/python3.12/site-packages/airflow/example_dags/example_branch_operator_decorator.py
[2026-09-22T16:45:19.559+0000] {processor.py:840} INFO - DAG(s) 'example_branch_python_operator_decorator' retrieved from /home/airflow/.local/lib/python3.12/site-packages/airflow/example_dags/example_branch_operator_decorator.py
[2026-09-22T16:45:19.607+0000] {logging_mixin.py:188} INFO - [2026-09-22T16:45:19.607+0000] {dag.py:3089} INFO - Sync 1 DAGs
[2026-09-22T16:45:19.649+0000] {logging_mixin.py:188} INFO - [2026-09-22T16:45:19.648+0000] {dag.py:3947} INFO - Setting next_dagrun for example_branch_python_operator_decorator to 2026-09-21 00:00:00+00:00, run_after=2026-09-22 00:00:00+00:00
[2026-09-22T16:45:19.715+0000] {processor.py:183} INFO - Processing /home/airflow/.local/lib/python3.12/site-packages/airflow/example_dags/example_branch_operator_decorator.py took 0.202 seconds
[2026-09-22T16:45:50.409+0000] {processor.py:161} INFO - Started process (PID=318) to work on /home/airflow/.local/lib/python3.12/site-packages/airflow/example_dags/example_branch_operator_decorator.py
[2026-09-22T16:45:50.411+0000] {processor.py:830} INFO - Processing file /home/airflow/.local/lib/python3.12/site-packages/airflow/example_dags/example_branch_operator_decorator.py for tasks to queue
[2026-09-22T16:45:50.416+0000] {logging_mixin.py:188} INFO - [2026-09-22T16:45:50.415+0000] {dagbag.py:545} INFO - Filling up the DagBag from /home/airflow/.local/lib/python3.12/site-packages/airflow/example_dags/example_branch_operator_decorator.py
[2026-09-22T16:45:50.450+0000] {processor.py:840} INFO - DAG(s) 'example_branch_python_operator_decorator' retrieved from /home/airflow/.local/lib/python3.12/site-packages/airflow/example_dags/example_branch_operator_decorator.py
[2026-09-22T16:45:50.499+0000] {logging_mixin.py:188} INFO - [2026-09-22T16:45:50.499+0000] {dag.py:3089} INFO - Sync 1 DAGs
[2026-09-22T16:45:50.539+0000] {logging_mixin.py:188} INFO - [2026-09-22T16:45:50.539+0000] {dag.py:3947} INFO - Setting next_dagrun for example_branch_python_operator_decorator to 2026-09-21 00:00:00+00:00, run_after=2026-09-22 00:00:00+00:00
[2026-09-22T16:45:50.574+0000] {processor.py:183} INFO - Processing /home/airflow/.local/lib/python3.12/site-packages/airflow/example_dags/example_branch_operator_decorator.py took 0.177 seconds
[2026-09-22T16:46:20.805+0000] {processor.py:161} INFO - Started process (PID=376) to work on /home/airflow/.local/lib/python3.12/site-packages/airflow/example_dags/example_branch_operator_decorator.py
[2026-09-22T16:46:20.806+0000] {processor.py:830} INFO - Processing file /home/airflow/.local/lib/python3.12/site-packages/airflow/example_dags/example_branch_operator_decorator.py for tasks to queue
[2026-09-22T16:46:20.810+0000] {logging_mixin.py:188} INFO - [2026-09-22T16:46:20.809+0000] {dagbag.py:545} INFO - Filling up the DagBag from /home/airflow/.local/lib/python3.12/site-packages/airflow/example_dags/example_branch_operator_decorator.py
[2026-09-22T16:46:20.841+0000] {processor.py:840} INFO - DAG(s) 'example_branch_python_operator_decorator' retrieved from /home/airflow/.local/lib/python3.12/site-packages/airflow/example_dags/example_branch_operator_decorator.py
[2026-09-22T16:46:20.884+0000] {logging_mixin.py:188} INFO - [2026-09-22T16:46:20.884+0000] {dag.py:3089} INFO - Sync 1 DAGs
[2026-09-22T16:46:20.919+0000] {logging_mixin.py:188} INFO - [2026-09-22T16:46:20.919+0000] {dag.py:3947} INFO - Setting next_dagrun for example_branch_python_operator_decorator to 2026-09-21 00:00:00+00:00, run_after=2026-09-22 00:00:00+00:00
[2026-09-22T16:46:20.950+0000] {processor.py:183} INFO - Processing /home/airflow/.local/lib/python3.12/site-packages/airflow/example_dags/example_branch_operator_decorator.py took 0.155 seconds
[2026-09-22T16:46:51.994+0000] {processor.py:161} INFO - Started process (PID=434) to work on /home/airflow/.local/lib/python3.12/site-packages/airflow/example_dags/example_branch_operator_decorator.py
[2026-09-22T16:46:51.996+0000] {processor.py:830} INFO - Processing file /home/airflow/.local/lib/python3.12/site-packages/airflow/example_dags/example_branch_operator_decorator.py for tasks to queue
[2026-09-22T16:46:52.001+0000] {logging_mixin.py:188} INFO - [2026-09-22T16:46:52.001+0000] {dagbag.py:545} INFO - Filling up the DagBag from /home/airflow/.local/lib/python3.12/site-packages/airflow/example_dags/example_branch_operator_decorator.py
[2026-09-22T16:46:52.039+0000] {processor.py:840} INFO - DAG(s) 'example_branch_python_operator_decorator' retrieved from /home/airflow/.local/lib/python3.12/site-packages/airflow/example_dags/example_branch_operator_decorator.py
[2026-09-22T16:46:52.074+0000] {logging_mixin.py:188} INFO - [2026-09-22T16:46:52.074+0000] {dag.py:3089} INFO - Sync 1 DAGs
[2026-09-22T16:46:52.103+0000] {logging_mixin.py:188} INFO - [2026-09-22T16:46:52.102+0000] {dag.py:3947} INFO - Setting next_dagrun for example_branch_python_operator_decorator to 2026-09-21 00:00:00+00:00, run_after=2026-09-22 00:00:00+00:00
[2026-09-22T16:46:52.179+0000] {processor.py:183} INFO - Processing /home/airflow/.local/lib/python3.12/site-packages/airflow/example_dags/example_branch_operator_decorator.py took 0.193 seconds
[2026-09-22T16:47:22.293+0000] {processor.py:161} INFO - Started process (PID=492) to work on /home/airflow/.local/lib/python3.12/site-packages/airflow/example_dags/example_branch_operator_decorator.py
[2026-09-22T16:47:22.294+0000] {processor.py:830} INFO - Processing file /home/airflow/.local/lib/python3.12/site-packages/airflow/example_dags/example_branch_operator_decorator.py for tasks to queue
[2026-09-22T16:47:22.298+0000] {logging_mixin.py:188} INFO - [2026-09-22T16:47:22.297+0000] {dagbag.py:545} INFO - Filling up the DagBag from /home/airflow/.local/lib/python3.12/site-packages/airflow/example_dags/example_branch_operator_decorator.py
[2026-09-22T16:47:22.329+0000] {processor.py:840} INFO - DAG(s) 'example_branch_python_operator_decorator' retrieved from /home/airflow/.local/lib/python3.12/site-packages/airflow/example_dags/example_branch_operator_decorator.py
[2026-09-22T16:47:22.373+0000] {logging_mixin.py:188} INFO - [2026-09-22T16:47:22.372+0000] {dag.py:3089} INFO - Sync 1 DAGs
[2026-09-22T16:47:22.406+0000] {logging_mixin.py:188} INFO - [2026-09-22T16:47:22.405+0000] {dag.py:3947} INFO - Setting next_dagrun for example_branch_python_operator_decorator to 2026-09-21 00:00:00+00:00, run_after=2026-09-22 00:00:00+00:00
[2026-09-22T16:47:22.433+0000] {processor.py:183} INFO - Processing /home/airflow/.local/lib/python3.12/site-packages/airflow/example_dags/example_branch_operator_decorator.py took 0.149 seconds
[2026-09-22T16:47:52.862+0000] {processor.py:161} INFO - Started process (PID=550) to work on /home/airflow/.local/lib/python3.12/site-packages/airflow/example_dags/example_branch_operator_decorator.py
[2026-09-22T16:47:52.864+0000] {processor.py:830} INFO - Processing file /home/airflow/.local/lib/python3.12/site-packages/airflow/example_dags/example_branch_operator_decorator.py for tasks to queue
[2026-09-22T16:47:52.866+0000] {logging_mixin.py:188} INFO - [2026-09-22T16:47:52.866+0000] {dagbag.py:545} INFO - Filling up the DagBag from /home/airflow/.local/lib/python3.12/site-packages/airflow/example_dags/example_branch_operator_decorator.py
[2026-09-22T16:47:52.896+0000] {processor.py:840} INFO - DAG(s) 'example_branch_python_operator_decorator' retrieved from /home/airflow/.local/lib/python3.12/site-packages/airflow/example_dags/example_branch_operator_decorator.py
[2026-09-22T16:47:52.953+0000] {logging_mixin.py:188} INFO - [2026-09-22T16:47:52.952+0000] {dag.py:3089} INFO - Sync 1 DAGs
[2026-09-22T16:47:53.020+0000] {logging_mixin.py:188} INFO - [2026-09-22T16:47:53.019+0000] {dag.py:3947} INFO - Setting next_dagrun for example_branch_python_operator_decorator to 2026-09-21 00:00:00+00:00, run_after=2026-09-22 00:00:00+00:00
[2026-09-22T16:47:53.061+0000] {processor.py:183} INFO - Processing /home/airflow/.local/lib/python3.12/site-packages/airflow/example_dags/example_branch_operator_decorator.py took 0.207 seconds
[2026-09-22T16:48:23.498+0000] {processor.py:161} INFO - Started process (PID=608) to work on /home/airflow/.local/lib/python3.12/site-packages/airflow/example_dags/example_branch_operator_decorator.py
[2026-09-22T16:48:23.500+0000] {processor.py:830} INFO - Processing file /home/airflow/.local/lib/python3.12/site-packages/airflow/example_dags/example_branch_operator_decorator.py for tasks to queue
[2026-09-22T16:48:23.505+0000] {logging_mixin.py:188} INFO - [2026-09-22T16:48:23.504+0000] {dagbag.py:545} INFO - Filling up the DagBag from /home/airflow/.local/lib/python3.12/site-packages/airflow/example_dags/example_branch_operator_decorator.py
[2026-09-22T16:48:23.538+0000] {processor.py:840} INFO - DAG(s) 'example_branch_python_operator_decorator' retrieved from /home/airflow/.local/lib/python3.12/site-packages/airflow/example_dags/example_branch_operator_decorator.py
[2026-09-22T16:48:23.577+0000] {logging_mixin.py:188} INFO - [2026-09-22T16:48:23.576+0000] {dag.py:3089} INFO - Sync 1 DAGs
[2026-09-22T16:48:23.606+0000] {logging_mixin.py:188} INFO - [2026-09-22T16:48:23.605+0000] {dag.py:3947} INFO - Setting next_dagrun for example_branch_python_operator_decorator to 2026-09-21 00:00:00+00:00, run_after=2026-09-22 00:00:00+00:00
[2026-09-22T16:48:23.685+0000] {processor.py:183} INFO - Processing /home/airflow/.local/lib/python3.12/site-packages/airflow/example_dags/example_branch_operator_decorator.py took 0.197 seconds
[2026-09-22T16:48:53.749+0000] {processor.py:161} INFO - Started process (PID=666) to work on /home/airflow/.local/lib/python3.12/site-packages/airflow/example_dags/example_branch_operator_decorator.py
[2026-09-22T16:48:53.751+0000] {processor.py:830} INFO - Processing file /home/airflow/.local/lib/python3.12/site-packages/airflow/example_dags/example_branch_operator_decorator.py for tasks to queue
[2026-09-22T16:48:53.754+0000] {logging_mixin.py:188} INFO - [2026-09-22T16:48:53.754+0000] {dagbag.py:545} INFO - Filling up the DagBag from /home/airflow/.local/lib/python3.12/site-packages/airflow/example_dags/example_branch_operator_decorator.py
[2026-09-22T16:48:53.799+0000] {processor.py:840} INFO - DAG(s) 'example_branch_python_operator_decorator' retrieved from /home/airflow/.local/lib/python3.12/site-packages/airflow/example_dags/example_branch_operator_decorator.py
[2026-09-22T16:48:53.842+0000] {logging_mixin.py:188} INFO - [2026-09-22T16:48:53.841+0000] {dag.py:3089} INFO - Sync 1 DAGs
[2026-09-22T16:48:53.878+0000] {logging_mixin.py:188} INFO - [2026-09-22T16:48:53.877+0000] {dag.py:3947} INFO - Setting next_dagrun for example_branch_python_operator_decorator to 2026-09-21 00:00:00+00:00, run_after=2026-09-22 00:00:00+00:00
[2026-09-22T16:48:53.908+0000] {processor.py:183} INFO - Processing /home/airflow/.local/lib/python3.12/site-packages/airflow/example_dags/example_branch_operator_decorator.py took 0.175 seconds
[2026-09-22T16:49:24.652+0000] {processor.py:161} INFO - Started process (PID=725) to work on /home/airflow/.local/lib/python3.12/site-packages/airflow/example_dags/example_branch_operator_decorator.py
[2026-09-22T16:49:24.654+0000] {processor.py:830} INFO - Processing file /home/airflow/.local/lib/python3.12/site-packages/airflow/example_dags/example_branch_operator_decorator.py for tasks to queue
[2026-09-22T16:49:24.659+0000] {logging_mixin.py:188} INFO - [2026-09-22T16:49:24.658+0000] {dagbag.py:545} INFO - Filling up the DagBag from /home/airflow/.local/lib/python3.12/site-packages/airflow/example_dags/example_branch_operator_decorator.py
[2026-09-22T16:49:24.701+0000] {processor.py:840} INFO - DAG(s) 'example_branch_python_operator_decorator' retrieved from /home/airflow/.local/lib/python3.12/site-packages/airflow/example_dags/example_branch_operator_decorator.py
[2026-09-22T16:49:24.773+0000] {logging_mixin.py:188} INFO - [2026-09-22T16:49:24.772+0000] {dag.py:3089} INFO - Sync 1 DAGs
[2026-09-22T16:49:24.818+0000] {logging_mixin.py:188} INFO - [2026-09-22T16:49:24.818+0000] {dag.py:3947} INFO - Setting next_dagrun for example_branch_python_operator_decorator to 2026-09-21 00:00:00+00:00, run_after=2026-09-22 00:00:00+00:00
[2026-09-22T16:49:24.918+0000] {processor.py:183} INFO - Processing /home/airflow/.local/lib/python3.12/site-packages/airflow/example_dags/example_branch_operator_decorator.py took 0.278 seconds
[2026-09-22T16:49:55.129+0000] {processor.py:161} INFO - Started process (PID=783) to work on /home/airflow/.local/lib/python3.12/site-packages/airflow/example_dags/example_branch_operator_decorator.py
[2026-09-22T16:49:55.131+0000] {processor.py:830} INFO - Processing file /home/airflow/.local/lib/python3.12/site-packages/airflow/example_dags/example_branch_operator_decorator.py for tasks to queue
[2026-09-22T16:49:55.134+0000] {logging_mixin.py:188} INFO - [2026-09-22T16:49:55.134+0000] {dagbag.py:545} INFO - Filling up the DagBag from /home/airflow/.local/lib/python3.12/site-packages/airflow/example_dags/example_branch_operator_decorator.py
[2026-09-22T16:49:55.165+0000] {processor.py:840} INFO - DAG(s) 'example_branch_python_operator_decorator' retrieved from /home/airflow/.local/lib/python3.12/site-packages/airflow/example_dags/example_branch_operator_decorator.py
[2026-09-22T16:49:55.209+0000] {logging_mixin.py:188} INFO - [2026-09-22T16:49:55.209+0000] {dag.py:3089} INFO - Sync 1 DAGs
[2026-09-22T16:49:55.243+0000] {logging_mixin.py:188} INFO - [2026-09-22T16:49:55.243+0000] {dag.py:3947} INFO - Setting next_dagrun for example_branch_python_operator_decorator to 2026-09-21 00:00:00+00:00, run_after=2026-09-22 00:00:00+00:00
[2026-09-22T16:49:55.332+0000] {processor.py:183} INFO - Processing /home/airflow/.local/lib/python3.12/site-packages/airflow/example_dags/example_branch_operator_decorator.py took 0.214 seconds
[2026-09-22T16:50:25.438+0000] {processor.py:161} INFO - Started process (PID=842) to work on /home/airflow/.local/lib/python3.12/site-packages/airflow/example_dags/example_branch_operator_decorator.py
[2026-09-22T16:50:25.439+0000] {processor.py:830} INFO - Processing file /home/airflow/.local/lib/python3.12/site-packages/airflow/example_dags/example_branch_operator_decorator.py for tasks to queue
[2026-09-22T16:50:25.442+0000] {logging_mixin.py:188} INFO - [2026-09-22T16:50:25.442+0000] {dagbag.py:545} INFO - Filling up the DagBag from /home/airflow/.local/lib/python3.12/site-packages/airflow/example_dags/example_branch_operator_decorator.py
[2026-09-22T16:50:25.466+0000] {processor.py:840} INFO - DAG(s) 'example_branch_python_operator_decorator' retrieved from /home/airflow/.local/lib/python3.12/site-packages/airflow/example_dags/example_branch_operator_decorator.py
[2026-09-22T16:50:25.511+0000] {logging_mixin.py:188} INFO - [2026-09-22T16:50:25.510+0000] {dag.py:3089} INFO - Sync 1 DAGs
[2026-09-22T16:50:25.549+0000] {logging_mixin.py:188} INFO - [2026-09-22T16:50:25.549+0000] {dag.py:3947} INFO - Setting next_dagrun for example_branch_python_operator_decorator to 2026-09-21 00:00:00+00:00, run_after=2026-09-22 00:00:00+00:00
[2026-09-22T16:50:25.632+0000] {processor.py:183} INFO - Processing /home/airflow/.local/lib/python3.12/site-packages/airflow/example_dags/example_branch_operator_decorator.py took 0.201 seconds
[2026-09-22T16:50:56.264+0000] {processor.py:161} INFO - Started process (PID=900) to work on /home/airflow/.local/lib/python3.12/site-packages/airflow/example_dags/example_branch_operator_decorator.py
[2026-09-22T16:50:56.268+0000] {processor.py:830} INFO - Processing file /home/airflow/.local/lib/python3.12/site-packages/airflow/example_dags/example_branch_operator_decorator.py for tasks to queue
[2026-09-22T16:50:56.277+0000] {logging_mixin.py:188} INFO - [2026-09-22T16:50:56.275+0000] {dagbag.py:545} INFO - Filling up the DagBag from /home/airflow/.local/lib/python3.12/site-packages/airflow/example_dags/example_branch_operator_decorator.py
[2026-09-22T16:50:56.327+0000] {processor.py:840} INFO - DAG(s) 'example_branch_python_operator_decorator' retrieved from /home/airflow/.local/lib/python3.12/site-packages/airflow/example_dags/example_branch_operator_decorator.py
[2026-09-22T16:50:56.394+0000] {logging_mixin.py:188} INFO - [2026-09-22T16:50:56.394+0000] {dag.py:3089} INFO - Sync 1 DAGs
[2026-09-22T16:50:56.443+0000] {logging_mixin.py:188} INFO - [2026-09-22T16:50:56.442+0000] {dag.py:3947} INFO - Setting next_dagrun for example_branch_python_operator_decorator to 2026-09-21 00:00:00+00:00, run_after=2026-09-22 00:00:00+00:00
[2026-09-22T16:50:56.487+0000] {processor.py:183} INFO - Processing /home/airflow/.local/lib/python3.12/site-packages/airflow/example_dags/example_branch_operator_decorator.py took 0.239 seconds
[2026-09-22T16:51:27.347+0000] {processor.py:161} INFO - Started process (PID=958) to work on /home/airflow/.local/lib/python3.12/site-packages/airflow/example_dags/example_branch_operator_decorator.py
[2026-09-22T16:51:27.350+0000] {processor.py:830} INFO - Processing file /home/airflow/.local/lib/python3.12/site-packages/airflow/example_dags/example_branch_operator_decorator.py for tasks to queue
[2026-09-22T16:51:27.355+0000] {logging_mixin.py:188} INFO - [2026-09-22T16:51:27.354+0000] {dagbag.py:545} INFO - Filling up the DagBag from /home/airflow/.local/lib/python3.12/site-packages/airflow/example_dags/example_branch_operator_decorator.py
[2026-09-22T16:51:27.420+0000] {processor.py:840} INFO - DAG(s) 'example_branch_python_operator_decorator' retrieved from /home/airflow/.local/lib/python3.12/site-packages/airflow/example_dags/example_branch_operator_decorator.py
[2026-09-22T16:51:27.564+0000] {logging_mixin.py:188} INFO - [2026-09-22T16:51:27.564+0000] {dag.py:3089} INFO - Sync 1 DAGs
[2026-09-22T16:51:27.625+0000] {logging_mixin.py:188} INFO - [2026-09-22T16:51:27.625+0000] {dag.py:3947} INFO - Setting next_dagrun for example_branch_python_operator_decorator to 2026-09-21 00:00:00+00:00, run_after=2026-09-22 00:00:00+00:00
[2026-09-22T16:51:27.668+0000] {processor.py:183} INFO - Processing /home/airflow/.local/lib/python3.12/site-packages/airflow/example_dags/example_branch_operator_decorator.py took 0.342 seconds
[2026-09-22T16:52:22.310+0000] {processor.py:161} INFO - Started process (PID=1008) to work on /home/airflow/.local/lib/python3.12/site-packages/airflow/example_dags/example_branch_operator_decorator.py
[2026-09-22T16:52:22.312+0000] {processor.py:830} INFO - Processing file /home/airflow/.local/lib/python3.12/site-packages/airflow/example_dags/example_branch_operator_decorator.py for tasks to queue
[2026-09-22T16:52:22.323+0000] {logging_mixin.py:188} INFO - [2026-09-22T16:52:22.323+0000] {dagbag.py:545} INFO - Filling up the DagBag from /home/airflow/.local/lib/python3.12/site-packages/airflow/example_dags/example_branch_operator_decorator.py
[2026-09-22T16:52:22.409+0000] {processor.py:840} INFO - DAG(s) 'example_branch_python_operator_decorator' retrieved from /home/airflow/.local/lib/python3.12/site-packages/airflow/example_dags/example_branch_operator_decorator.py
[2026-09-22T16:52:22.508+0000] {logging_mixin.py:188} INFO - [2026-09-22T16:52:22.508+0000] {dag.py:3089} INFO - Sync 1 DAGs
[2026-09-22T16:52:22.542+0000] {logging_mixin.py:188} INFO - [2026-09-22T16:52:22.542+0000] {dag.py:3947} INFO - Setting next_dagrun for example_branch_python_operator_decorator to 2026-09-21 00:00:00+00:00, run_after=2026-09-22 00:00:00+00:00
[2026-09-22T16:52:22.581+0000] {processor.py:183} INFO - Processing /home/airflow/.local/lib/python3.12/site-packages/airflow/example_dags/example_branch_operator_decorator.py took 0.284 seconds
[2026-09-22T16:52:52.693+0000] {processor.py:161} INFO - Started process (PID=1066) to work on /home/airflow/.local/lib/python3.12/site-packages/airflow/example_dags/example_branch_operator_decorator.py
[2026-09-22T16:52:52.694+0000] {processor.py:830} INFO - Processing file /home/airflow/.local/lib/python3.12/site-packages/airflow/example_dags/example_branch_operator_decorator.py for tasks to queue
[2026-09-22T16:52:52.696+0000] {logging_mixin.py:188} INFO - [2026-09-22T16:52:52.696+0000] {dagbag.py:545} INFO - Filling up the DagBag from /home/airflow/.local/lib/python3.12/site-packages/airflow/example_dags/example_branch_operator_decorator.py
[2026-09-22T16:52:52.713+0000] {processor.py:840} INFO - DAG(s) 'example_branch_python_operator_decorator' retrieved from /home/airflow/.local/lib/python3.12/site-packages/airflow/example_dags/example_branch_operator_decorator.py
[2026-09-22T16:52:52.736+0000] {logging_mixin.py:188} INFO - [2026-09-22T16:52:52.736+0000] {dag.py:3089} INFO - Sync 1 DAGs
[2026-09-22T16:52:52.756+0000] {logging_mixin.py:188} INFO - [2026-09-22T16:52:52.756+0000] {dag.py:3947} INFO - Setting next_dagrun for example_branch_python_operator_decorator to 2026-09-21 00:00:00+00:00, run_after=2026-09-22 00:00:00+00:00
[2026-09-22T16:52:52.780+0000] {processor.py:183} INFO - Processing /home/airflow/.local/lib/python3.12/site-packages/airflow/example_dags/example_branch_operator_decorator.py took 0.093 seconds
[2026-09-22T16:53:23.136+0000] {processor.py:161} INFO - Started process (PID=1124) to work on /home/airflow/.local/lib/python3.12/site-packages/airflow/example_dags/example_branch_operator_decorator.py
[2026-09-22T16:53:23.137+0000] {processor.py:830} INFO - Processing file /home/airflow/.local/lib/python3.12/site-packages/airflow/example_dags/example_branch_operator_decorator.py for tasks to queue
[2026-09-22T16:53:23.140+0000] {logging_mixin.py:188} INFO - [2026-09-22T16:53:23.139+0000] {dagbag.py:545} INFO - Filling up the DagBag from /home/airflow/.local/lib/python3.12/site-packages/airflow/example_dags/example_branch_operator_decorator.py
[2026-09-22T16:53:23.160+0000] {processor.py:840} INFO - DAG(s) 'example_branch_python_operator_decorator' retrieved from /home/airflow/.local/lib/python3.12/site-packages/airflow/example_dags/example_branch_operator_decorator.py
[2026-09-22T16:53:23.185+0000] {logging_mixin.py:188} INFO - [2026-09-22T16:53:23.185+0000] {dag.py:3089} INFO - Sync 1 DAGs
[2026-09-22T16:53:23.209+0000] {logging_mixin.py:188} INFO - [2026-09-22T16:53:23.208+0000] {dag.py:3947} INFO - Setting next_dagrun for example_branch_python_operator_decorator to 2026-09-21 00:00:00+00:00, run_after=2026-09-22 00:00:00+00:00
[2026-09-22T16:53:23.234+0000] {processor.py:183} INFO - Processing /home/airflow/.local/lib/python3.12/site-packages/airflow/example_dags/example_branch_operator_decorator.py took 0.104 seconds
[2026-09-22T16:53:53.402+0000] {processor.py:161} INFO - Started process (PID=1182) to work on /home/airflow/.local/lib/python3.12/site-packages/airflow/example_dags/example_branch_operator_decorator.py
[2026-09-22T16:53:53.404+0000] {processor.py:830} INFO - Processing file /home/airflow/.local/lib/python3.12/site-packages/airflow/example_dags/example_branch_operator_decorator.py for tasks to queue
[2026-09-22T16:53:53.406+0000] {logging_mixin.py:188} INFO - [2026-09-22T16:53:53.406+0000] {dagbag.py:545} INFO - Filling up the DagBag from /home/airflow/.local/lib/python3.12/site-packages/airflow/example_dags/example_branch_operator_decorator.py
[2026-09-22T16:53:53.425+0000] {processor.py:840} INFO - DAG(s) 'example_branch_python_operator_decorator' retrieved from /home/airflow/.local/lib/python3.12/site-packages/airflow/example_dags/example_branch_operator_decorator.py
[2026-09-22T16:53:53.452+0000] {logging_mixin.py:188} INFO - [2026-09-22T16:53:53.451+0000] {dag.py:3089} INFO - Sync 1 DAGs
[2026-09-22T16:53:53.473+0000] {logging_mixin.py:188} INFO - [2026-09-22T16:53:53.472+0000] {dag.py:3947} INFO - Setting next_dagrun for example_branch_python_operator_decorator to 2026-09-21 00:00:00+00:00, run_after=2026-09-22 00:00:00+00:00
[2026-09-22T16:53:53.494+0000] {processor.py:183} INFO - Processing /home/airflow/.local/lib/python3.12/site-packages/airflow/example_dags/example_branch_operator_decorator.py took 0.097 seconds
[2026-09-22T16:54:23.569+0000] {processor.py:161} INFO - Started process (PID=1240) to work on /home/airflow/.local/lib/python3.12/site-packages/airflow/example_dags/example_branch_operator_decorator.py
[2026-09-22T16:54:23.571+0000] {processor.py:830} INFO - Processing file /home/airflow/.local/lib/python3.12/site-packages/airflow/example_dags/example_branch_operator_decorator.py for tasks to queue
[2026-09-22T16:54:23.573+0000] {logging_mixin.py:188} INFO - [2026-09-22T16:54:23.572+0000] {dagbag.py:545} INFO - Filling up the DagBag from /home/airflow/.local/lib/python3.12/site-packages/airflow/example_dags/example_branch_operator_decorator.py
[2026-09-22T16:54:23.592+0000] {processor.py:840} INFO - DAG(s) 'example_branch_python_operator_decorator' retrieved from /home/airflow/.local/lib/python3.12/site-packages/airflow/example_dags/example_branch_operator_decorator.py
[2026-09-22T16:54:23.619+0000] {logging_mixin.py:188} INFO - [2026-09-22T16:54:23.618+0000] {dag.py:3089} INFO - Sync 1 DAGs
[2026-09-22T16:54:23.640+0000] {logging_mixin.py:188} INFO - [2026-09-22T16:54:23.640+0000] {dag.py:3947} INFO - Setting next_dagrun for example_branch_python_operator_decorator to 2026-09-21 00:00:00+00:00, run_after=2026-09-22 00:00:00+00:00
[2026-09-22T16:54:23.660+0000] {processor.py:183} INFO - Processing /home/airflow/.local/lib/python3.12/site-packages/airflow/example_dags/example_branch_operator_decorator.py took 0.096 seconds
[2026-09-22T16:54:54.128+0000] {processor.py:161} INFO - Started process (PID=1298) to work on /home/airflow/.local/lib/python3.12/site-packages/airflow/example_dags/example_branch_operator_decorator.py
[2026-09-22T16:54:54.129+0000] {processor.py:830} INFO - Processing file /home/airflow/.local/lib/python3.12/site-packages/airflow/example_dags/example_branch_operator_decorator.py for tasks to queue
[2026-09-22T16:54:54.130+0000] {logging_mixin.py:188} INFO - [2026-09-22T16:54:54.130+0000] {dagbag.py:545} INFO - Filling up the DagBag from /home/airflow/.local/lib/python3.12/site-packages/airflow/example_dags/example_branch_operator_decorator.py
[2026-09-22T16:54:54.157+0000] {processor.py:840} INFO - DAG(s) 'example_branch_python_operator_decorator' retrieved from /home/airflow/.local/lib/python3.12/site-packages/airflow/example_dags/example_branch_operator_decorator.py
[2026-09-22T16:54:54.199+0000] {logging_mixin.py:188} INFO - [2026-09-22T16:54:54.198+0000] {dag.py:3089} INFO - Sync 1 DAGs
[2026-09-22T16:54:54.247+0000] {logging_mixin.py:188} INFO - [2026-09-22T16:54:54.247+0000] {dag.py:3947} INFO - Setting next_dagrun for example_branch_python_operator_decorator to 2026-09-21 00:00:00+00:00, run_after=2026-09-22 00:00:00+00:00
[2026-09-22T16:54:54.288+0000] {processor.py:183} INFO - Processing /home/airflow/.local/lib/python3.12/site-packages/airflow/example_dags/example_branch_operator_decorator.py took 0.166 seconds
[2026-09-22T16:55:24.527+0000] {processor.py:161} INFO - Started process (PID=1356) to work on /home/airflow/.local/lib/python3.12/site-packages/airflow/example_dags/example_branch_operator_decorator.py
[2026-09-22T16:55:24.529+0000] {processor.py:830} INFO - Processing file /home/airflow/.local/lib/python3.12/site-packages/airflow/example_dags/example_branch_operator_decorator.py for tasks to queue
[2026-09-22T16:55:24.530+0000] {logging_mixin.py:188} INFO - [2026-09-22T16:55:24.530+0000] {dagbag.py:545} INFO - Filling up the DagBag from /home/airflow/.local/lib/python3.12/site-packages/airflow/example_dags/example_branch_operator_decorator.py
[2026-09-22T16:55:24.549+0000] {processor.py:840} INFO - DAG(s) 'example_branch_python_operator_decorator' retrieved from /home/airflow/.local/lib/python3.12/site-packages/airflow/example_dags/example_branch_operator_decorator.py
[2026-09-22T16:55:24.578+0000] {logging_mixin.py:188} INFO - [2026-09-22T16:55:24.578+0000] {dag.py:3089} INFO - Sync 1 DAGs
[2026-09-22T16:55:24.667+0000] {logging_mixin.py:188} INFO - [2026-09-22T16:55:24.667+0000] {dag.py:3947} INFO - Setting next_dagrun for example_branch_python_operator_decorator to 2026-09-21 00:00:00+00:00, run_after=2026-09-22 00:00:00+00:00
[2026-09-22T16:55:24.706+0000] {processor.py:183} INFO - Processing /home/airflow/.local/lib/python3.12/site-packages/airflow/example_dags/example_branch_operator_decorator.py took 0.184 seconds
[2026-09-22T16:55:55.120+0000] {processor.py:161} INFO - Started process (PID=1414) to work on /home/airflow/.local/lib/python3.12/site-packages/airflow/example_dags/example_branch_operator_decorator.py
[2026-09-22T16:55:55.122+0000] {processor.py:830} INFO - Processing file /home/airflow/.local/lib/python3.12/site-packages/airflow/example_dags/example_branch_operator_decorator.py for tasks to queue
[2026-09-22T16:55:55.124+0000] {logging_mixin.py:188} INFO - [2026-09-22T16:55:55.124+0000] {dagbag.py:545} INFO - Filling up the DagBag from /home/airflow/.local/lib/python3.12/site-packages/airflow/example_dags/example_branch_operator_decorator.py
[2026-09-22T16:55:55.146+0000] {processor.py:840} INFO - DAG(s) 'example_branch_python_operator_decorator' retrieved from /home/airflow/.local/lib/python3.12/site-packages/airflow/example_dags/example_branch_operator_decorator.py
[2026-09-22T16:55:55.172+0000] {logging_mixin.py:188} INFO - [2026-09-22T16:55:55.172+0000] {dag.py:3089} INFO - Sync 1 DAGs
[2026-09-22T16:55:55.192+0000] {logging_mixin.py:188} INFO - [2026-09-22T16:55:55.192+0000] {dag.py:3947} INFO - Setting next_dagrun for example_branch_python_operator_decorator to 2026-09-21 00:00:00+00:00, run_after=2026-09-22 00:00:00+00:00
[2026-09-22T16:55:55.213+0000] {processor.py:183} INFO - Processing /home/airflow/.local/lib/python3.12/site-packages/airflow/example_dags/example_branch_operator_decorator.py took 0.100 seconds
[2026-09-22T16:56:26.012+0000] {processor.py:161} INFO - Started process (PID=1478) to work on /home/airflow/.local/lib/python3.12/site-packages/airflow/example_dags/example_branch_operator_decorator.py
[2026-09-22T16:56:26.014+0000] {processor.py:830} INFO - Processing file /home/airflow/.local/lib/python3.12/site-packages/airflow/example_dags/example_branch_operator_decorator.py for tasks to queue
[2026-09-22T16:56:26.016+0000] {logging_mixin.py:188} INFO - [2026-09-22T16:56:26.016+0000] {dagbag.py:545} INFO - Filling up the DagBag from /home/airflow/.local/lib/python3.12/site-packages/airflow/example_dags/example_branch_operator_decorator.py
[2026-09-22T16:56:26.036+0000] {processor.py:840} INFO - DAG(s) 'example_branch_python_operator_decorator' retrieved from /home/airflow/.local/lib/python3.12/site-packages/airflow/example_dags/example_branch_operator_decorator.py
[2026-09-22T16:56:26.065+0000] {logging_mixin.py:188} INFO - [2026-09-22T16:56:26.065+0000] {dag.py:3089} INFO - Sync 1 DAGs
[2026-09-22T16:56:26.093+0000] {logging_mixin.py:188} INFO - [2026-09-22T16:56:26.092+0000] {dag.py:3947} INFO - Setting next_dagrun for example_branch_python_operator_decorator to 2026-09-21 00:00:00+00:00, run_after=2026-09-22 00:00:00+00:00
[2026-09-22T16:56:26.116+0000] {processor.py:183} INFO - Processing /home/airflow/.local/lib/python3.12/site-packages/airflow/example_dags/example_branch_operator_decorator.py took 0.109 seconds
[2026-09-22T16:58:02.933+0000] {processor.py:161} INFO - Started process (PID=98) to work on /home/airflow/.local/lib/python3.12/site-packages/airflow/example_dags/example_branch_operator_decorator.py
[2026-09-22T16:58:02.935+0000] {processor.py:830} INFO - Processing file /home/airflow/.local/lib/python3.12/site-packages/airflow/example_dags/example_branch_operator_decorator.py for tasks to queue
[2026-09-22T16:58:02.938+0000] {logging_mixin.py:188} INFO - [2026-09-22T16:58:02.937+0000] {dagbag.py:545} INFO - Filling up the DagBag from /home/airflow/.local/lib/python3.12/site-packages/airflow/example_dags/example_branch_operator_decorator.py
[2026-09-22T16:58:02.965+0000] {processor.py:840} INFO - DAG(s) 'example_branch_python_operator_decorator' retrieved from /home/airflow/.local/lib/python3.12/site-packages/airflow/example_dags/example_branch_operator_decorator.py
[2026-09-22T16:58:03.095+0000] {logging_mixin.py:188} INFO - [2026-09-22T16:58:03.095+0000] {dag.py:3089} INFO - Sync 1 DAGs
[2026-09-22T16:58:03.119+0000] {logging_mixin.py:188} INFO - [2026-09-22T16:58:03.119+0000] {dag.py:3947} INFO - Setting next_dagrun for example_branch_python_operator_decorator to 2026-09-21 00:00:00+00:00, run_after=2026-09-22 00:00:00+00:00
[2026-09-22T16:58:03.144+0000] {processor.py:183} INFO - Processing /home/airflow/.local/lib/python3.12/site-packages/airflow/example_dags/example_branch_operator_decorator.py took 0.218 seconds
[2026-09-22T16:58:33.864+0000] {processor.py:161} INFO - Started process (PID=156) to work on /home/airflow/.local/lib/python3.12/site-packages/airflow/example_dags/example_branch_operator_decorator.py
[2026-09-22T16:58:33.865+0000] {processor.py:830} INFO - Processing file /home/airflow/.local/lib/python3.12/site-packages/airflow/example_dags/example_branch_operator_decorator.py for tasks to queue
[2026-09-22T16:58:33.867+0000] {logging_mixin.py:188} INFO - [2026-09-22T16:58:33.867+0000] {dagbag.py:545} INFO - Filling up the DagBag from /home/airflow/.local/lib/python3.12/site-packages/airflow/example_dags/example_branch_operator_decorator.py
[2026-09-22T16:58:33.886+0000] {processor.py:840} INFO - DAG(s) 'example_branch_python_operator_decorator' retrieved from /home/airflow/.local/lib/python3.12/site-packages/airflow/example_dags/example_branch_operator_decorator.py
[2026-09-22T16:58:33.914+0000] {logging_mixin.py:188} INFO - [2026-09-22T16:58:33.914+0000] {dag.py:3089} INFO - Sync 1 DAGs
[2026-09-22T16:58:33.937+0000] {logging_mixin.py:188} INFO - [2026-09-22T16:58:33.936+0000] {dag.py:3947} INFO - Setting next_dagrun for example_branch_python_operator_decorator to 2026-09-21 00:00:00+00:00, run_after=2026-09-22 00:00:00+00:00
[2026-09-22T16:58:33.958+0000] {processor.py:183} INFO - Processing /home/airflow/.local/lib/python3.12/site-packages/airflow/example_dags/example_branch_operator_decorator.py took 0.099 seconds
[2026-09-22T16:59:04.833+0000] {processor.py:161} INFO - Started process (PID=214) to work on /home/airflow/.local/lib/python3.12/site-packages/airflow/example_dags/example_branch_operator_decorator.py
[2026-09-22T16:59:04.834+0000] {processor.py:830} INFO - Processing file /home/airflow/.local/lib/python3.12/site-packages/airflow/example_dags/example_branch_operator_decorator.py for tasks to queue
[2026-09-22T16:59:04.835+0000] {logging_mixin.py:188} INFO - [2026-09-22T16:59:04.835+0000] {dagbag.py:545} INFO - Filling up the DagBag from /home/airflow/.local/lib/python3.12/site-packages/airflow/example_dags/example_branch_operator_decorator.py
[2026-09-22T16:59:04.854+0000] {processor.py:840} INFO - DAG(s) 'example_branch_python_operator_decorator' retrieved from /home/airflow/.local/lib/python3.12/site-packages/airflow/example_dags/example_branch_operator_decorator.py
[2026-09-22T16:59:04.878+0000] {logging_mixin.py:188} INFO - [2026-09-22T16:59:04.877+0000] {dag.py:3089} INFO - Sync 1 DAGs
[2026-09-22T16:59:04.895+0000] {logging_mixin.py:188} INFO - [2026-09-22T16:59:04.895+0000] {dag.py:3947} INFO - Setting next_dagrun for example_branch_python_operator_decorator to 2026-09-21 00:00:00+00:00, run_after=2026-09-22 00:00:00+00:00
[2026-09-22T16:59:04.914+0000] {processor.py:183} INFO - Processing /home/airflow/.local/lib/python3.12/site-packages/airflow/example_dags/example_branch_operator_decorator.py took 0.086 seconds
[2026-09-22T16:59:35.140+0000] {processor.py:161} INFO - Started process (PID=272) to work on /home/airflow/.local/lib/python3.12/site-packages/airflow/example_dags/example_branch_operator_decorator.py
[2026-09-22T16:59:35.141+0000] {processor.py:830} INFO - Processing file /home/airflow/.local/lib/python3.12/site-packages/airflow/example_dags/example_branch_operator_decorator.py for tasks to queue
[2026-09-22T16:59:35.142+0000] {logging_mixin.py:188} INFO - [2026-09-22T16:59:35.142+0000] {dagbag.py:545} INFO - Filling up the DagBag from /home/airflow/.local/lib/python3.12/site-packages/airflow/example_dags/example_branch_operator_decorator.py
[2026-09-22T16:59:35.160+0000] {processor.py:840} INFO - DAG(s) 'example_branch_python_operator_decorator' retrieved from /home/airflow/.local/lib/python3.12/site-packages/airflow/example_dags/example_branch_operator_decorator.py
[2026-09-22T16:59:35.192+0000] {logging_mixin.py:188} INFO - [2026-09-22T16:59:35.191+0000] {dag.py:3089} INFO - Sync 1 DAGs
[2026-09-22T16:59:35.217+0000] {logging_mixin.py:188} INFO - [2026-09-22T16:59:35.217+0000] {dag.py:3947} INFO - Setting next_dagrun for example_branch_python_operator_decorator to 2026-09-21 00:00:00+00:00, run_after=2026-09-22 00:00:00+00:00
[2026-09-22T16:59:35.248+0000] {processor.py:183} INFO - Processing /home/airflow/.local/lib/python3.12/site-packages/airflow/example_dags/example_branch_operator_decorator.py took 0.114 seconds
[2026-09-22T17:00:05.550+0000] {processor.py:161} INFO - Started process (PID=330) to work on /home/airflow/.local/lib/python3.12/site-packages/airflow/example_dags/example_branch_operator_decorator.py
[2026-09-22T17:00:05.552+0000] {processor.py:830} INFO - Processing file /home/airflow/.local/lib/python3.12/site-packages/airflow/example_dags/example_branch_operator_decorator.py for tasks to queue
[2026-09-22T17:00:05.555+0000] {logging_mixin.py:188} INFO - [2026-09-22T17:00:05.555+0000] {dagbag.py:545} INFO - Filling up the DagBag from /home/airflow/.local/lib/python3.12/site-packages/airflow/example_dags/example_branch_operator_decorator.py
[2026-09-22T17:00:05.573+0000] {processor.py:840} INFO - DAG(s) 'example_branch_python_operator_decorator' retrieved from /home/airflow/.local/lib/python3.12/site-packages/airflow/example_dags/example_branch_operator_decorator.py
[2026-09-22T17:00:05.605+0000] {logging_mixin.py:188} INFO - [2026-09-22T17:00:05.605+0000] {dag.py:3089} INFO - Sync 1 DAGs
[2026-09-22T17:00:05.628+0000] {logging_mixin.py:188} INFO - [2026-09-22T17:00:05.627+0000] {dag.py:3947} INFO - Setting next_dagrun for example_branch_python_operator_decorator to 2026-09-21 00:00:00+00:00, run_after=2026-09-22 00:00:00+00:00
[2026-09-22T17:00:05.649+0000] {processor.py:183} INFO - Processing /home/airflow/.local/lib/python3.12/site-packages/airflow/example_dags/example_branch_operator_decorator.py took 0.104 seconds
[2026-09-22T17:00:36.042+0000] {processor.py:161} INFO - Started process (PID=388) to work on /home/airflow/.local/lib/python3.12/site-packages/airflow/example_dags/example_branch_operator_decorator.py
[2026-09-22T17:00:36.043+0000] {processor.py:830} INFO - Processing file /home/airflow/.local/lib/python3.12/site-packages/airflow/example_dags/example_branch_operator_decorator.py for tasks to queue
[2026-09-22T17:00:36.045+0000] {logging_mixin.py:188} INFO - [2026-09-22T17:00:36.045+0000] {dagbag.py:545} INFO - Filling up the DagBag from /home/airflow/.local/lib/python3.12/site-packages/airflow/example_dags/example_branch_operator_decorator.py
[2026-09-22T17:00:36.064+0000] {processor.py:840} INFO - DAG(s) 'example_branch_python_operator_decorator' retrieved from /home/airflow/.local/lib/python3.12/site-packages/airflow/example_dags/example_branch_operator_decorator.py
[2026-09-22T17:00:36.086+0000] {logging_mixin.py:188} INFO - [2026-09-22T17:00:36.086+0000] {dag.py:3089} INFO - Sync 1 DAGs
[2026-09-22T17:00:36.106+0000] {logging_mixin.py:188} INFO - [2026-09-22T17:00:36.106+0000] {dag.py:3947} INFO - Setting next_dagrun for example_branch_python_operator_decorator to 2026-09-21 00:00:00+00:00, run_after=2026-09-22 00:00:00+00:00
[2026-09-22T17:00:36.127+0000] {processor.py:183} INFO - Processing /home/airflow/.local/lib/python3.12/site-packages/airflow/example_dags/example_branch_operator_decorator.py took 0.090 seconds
[2026-09-22T17:01:06.545+0000] {processor.py:161} INFO - Started process (PID=446) to work on /home/airflow/.local/lib/python3.12/site-packages/airflow/example_dags/example_branch_operator_decorator.py
[2026-09-22T17:01:06.546+0000] {processor.py:830} INFO - Processing file /home/airflow/.local/lib/python3.12/site-packages/airflow/example_dags/example_branch_operator_decorator.py for tasks to queue
[2026-09-22T17:01:06.548+0000] {logging_mixin.py:188} INFO - [2026-09-22T17:01:06.548+0000] {dagbag.py:545} INFO - Filling up the DagBag from /home/airflow/.local/lib/python3.12/site-packages/airflow/example_dags/example_branch_operator_decorator.py
[2026-09-22T17:01:06.569+0000] {processor.py:840} INFO - DAG(s) 'example_branch_python_operator_decorator' retrieved from /home/airflow/.local/lib/python3.12/site-packages/airflow/example_dags/example_branch_operator_decorator.py
[2026-09-22T17:01:06.596+0000] {logging_mixin.py:188} INFO - [2026-09-22T17:01:06.595+0000] {dag.py:3089} INFO - Sync 1 DAGs
[2026-09-22T17:01:06.614+0000] {logging_mixin.py:188} INFO - [2026-09-22T17:01:06.614+0000] {dag.py:3947} INFO - Setting next_dagrun for example_branch_python_operator_decorator to 2026-09-21 00:00:00+00:00, run_after=2026-09-22 00:00:00+00:00
[2026-09-22T17:01:06.632+0000] {processor.py:183} INFO - Processing /home/airflow/.local/lib/python3.12/site-packages/airflow/example_dags/example_branch_operator_decorator.py took 0.093 seconds
[2026-09-22T17:01:37.110+0000] {processor.py:161} INFO - Started process (PID=504) to work on /home/airflow/.local/lib/python3.12/site-packages/airflow/example_dags/example_branch_operator_decorator.py
[2026-09-22T17:01:37.111+0000] {processor.py:830} INFO - Processing file /home/airflow/.local/lib/python3.12/site-packages/airflow/example_dags/example_branch_operator_decorator.py for tasks to queue
[2026-09-22T17:01:37.112+0000] {logging_mixin.py:188} INFO - [2026-09-22T17:01:37.112+0000] {dagbag.py:545} INFO - Filling up the DagBag from /home/airflow/.local/lib/python3.12/site-packages/airflow/example_dags/example_branch_operator_decorator.py
[2026-09-22T17:01:37.131+0000] {processor.py:840} INFO - DAG(s) 'example_branch_python_operator_decorator' retrieved from /home/airflow/.local/lib/python3.12/site-packages/airflow/example_dags/example_branch_operator_decorator.py
[2026-09-22T17:01:37.157+0000] {logging_mixin.py:188} INFO - [2026-09-22T17:01:37.157+0000] {dag.py:3089} INFO - Sync 1 DAGs
[2026-09-22T17:01:37.177+0000] {logging_mixin.py:188} INFO - [2026-09-22T17:01:37.177+0000] {dag.py:3947} INFO - Setting next_dagrun for example_branch_python_operator_decorator to 2026-09-21 00:00:00+00:00, run_after=2026-09-22 00:00:00+00:00
[2026-09-22T17:01:37.202+0000] {processor.py:183} INFO - Processing /home/airflow/.local/lib/python3.12/site-packages/airflow/example_dags/example_branch_operator_decorator.py took 0.098 seconds
[2026-09-22T17:02:08.106+0000] {processor.py:161} INFO - Started process (PID=562) to work on /home/airflow/.local/lib/python3.12/site-packages/airflow/example_dags/example_branch_operator_decorator.py
[2026-09-22T17:02:08.108+0000] {processor.py:830} INFO - Processing file /home/airflow/.local/lib/python3.12/site-packages/airflow/example_dags/example_branch_operator_decorator.py for tasks to queue
[2026-09-22T17:02:08.110+0000] {logging_mixin.py:188} INFO - [2026-09-22T17:02:08.110+0000] {dagbag.py:545} INFO - Filling up the DagBag from /home/airflow/.local/lib/python3.12/site-packages/airflow/example_dags/example_branch_operator_decorator.py
[2026-09-22T17:02:08.129+0000] {processor.py:840} INFO - DAG(s) 'example_branch_python_operator_decorator' retrieved from /home/airflow/.local/lib/python3.12/site-packages/airflow/example_dags/example_branch_operator_decorator.py
[2026-09-22T17:02:08.161+0000] {logging_mixin.py:188} INFO - [2026-09-22T17:02:08.160+0000] {dag.py:3089} INFO - Sync 1 DAGs
[2026-09-22T17:02:08.210+0000] {logging_mixin.py:188} INFO - [2026-09-22T17:02:08.210+0000] {dag.py:3947} INFO - Setting next_dagrun for example_branch_python_operator_decorator to 2026-09-21 00:00:00+00:00, run_after=2026-09-22 00:00:00+00:00
[2026-09-22T17:02:08.250+0000] {processor.py:183} INFO - Processing /home/airflow/.local/lib/python3.12/site-packages/airflow/example_dags/example_branch_operator_decorator.py took 0.149 seconds
[2026-09-22T17:03:31.603+0000] {processor.py:161} INFO - Started process (PID=96) to work on /home/airflow/.local/lib/python3.12/site-packages/airflow/example_dags/example_branch_operator_decorator.py
[2026-09-22T17:03:31.605+0000] {processor.py:830} INFO - Processing file /home/airflow/.local/lib/python3.12/site-packages/airflow/example_dags/example_branch_operator_decorator.py for tasks to queue
[2026-09-22T17:03:31.608+0000] {logging_mixin.py:188} INFO - [2026-09-22T17:03:31.607+0000] {dagbag.py:545} INFO - Filling up the DagBag from /home/airflow/.local/lib/python3.12/site-packages/airflow/example_dags/example_branch_operator_decorator.py
[2026-09-22T17:03:31.652+0000] {processor.py:840} INFO - DAG(s) 'example_branch_python_operator_decorator' retrieved from /home/airflow/.local/lib/python3.12/site-packages/airflow/example_dags/example_branch_operator_decorator.py
[2026-09-22T17:03:31.863+0000] {logging_mixin.py:188} INFO - [2026-09-22T17:03:31.862+0000] {dag.py:3089} INFO - Sync 1 DAGs
[2026-09-22T17:03:31.893+0000] {logging_mixin.py:188} INFO - [2026-09-22T17:03:31.893+0000] {dag.py:3947} INFO - Setting next_dagrun for example_branch_python_operator_decorator to 2026-09-21 00:00:00+00:00, run_after=2026-09-22 00:00:00+00:00
[2026-09-22T17:03:31.926+0000] {processor.py:183} INFO - Processing /home/airflow/.local/lib/python3.12/site-packages/airflow/example_dags/example_branch_operator_decorator.py took 0.332 seconds
[2026-09-22T17:04:02.361+0000] {processor.py:161} INFO - Started process (PID=154) to work on /home/airflow/.local/lib/python3.12/site-packages/airflow/example_dags/example_branch_operator_decorator.py
[2026-09-22T17:04:02.362+0000] {processor.py:830} INFO - Processing file /home/airflow/.local/lib/python3.12/site-packages/airflow/example_dags/example_branch_operator_decorator.py for tasks to queue
[2026-09-22T17:04:02.365+0000] {logging_mixin.py:188} INFO - [2026-09-22T17:04:02.364+0000] {dagbag.py:545} INFO - Filling up the DagBag from /home/airflow/.local/lib/python3.12/site-packages/airflow/example_dags/example_branch_operator_decorator.py
[2026-09-22T17:04:02.389+0000] {processor.py:840} INFO - DAG(s) 'example_branch_python_operator_decorator' retrieved from /home/airflow/.local/lib/python3.12/site-packages/airflow/example_dags/example_branch_operator_decorator.py
[2026-09-22T17:04:02.415+0000] {logging_mixin.py:188} INFO - [2026-09-22T17:04:02.415+0000] {dag.py:3089} INFO - Sync 1 DAGs
[2026-09-22T17:04:02.435+0000] {logging_mixin.py:188} INFO - [2026-09-22T17:04:02.434+0000] {dag.py:3947} INFO - Setting next_dagrun for example_branch_python_operator_decorator to 2026-09-21 00:00:00+00:00, run_after=2026-09-22 00:00:00+00:00
[2026-09-22T17:04:02.457+0000] {processor.py:183} INFO - Processing /home/airflow/.local/lib/python3.12/site-packages/airflow/example_dags/example_branch_operator_decorator.py took 0.101 seconds
[2026-09-22T17:04:33.202+0000] {processor.py:161} INFO - Started process (PID=212) to work on /home/airflow/.local/lib/python3.12/site-packages/airflow/example_dags/example_branch_operator_decorator.py
[2026-09-22T17:04:33.203+0000] {processor.py:830} INFO - Processing file /home/airflow/.local/lib/python3.12/site-packages/airflow/example_dags/example_branch_operator_decorator.py for tasks to queue
[2026-09-22T17:04:33.204+0000] {logging_mixin.py:188} INFO - [2026-09-22T17:04:33.204+0000] {dagbag.py:545} INFO - Filling up the DagBag from /home/airflow/.local/lib/python3.12/site-packages/airflow/example_dags/example_branch_operator_decorator.py
[2026-09-22T17:04:33.221+0000] {processor.py:840} INFO - DAG(s) 'example_branch_python_operator_decorator' retrieved from /home/airflow/.local/lib/python3.12/site-packages/airflow/example_dags/example_branch_operator_decorator.py
[2026-09-22T17:04:33.247+0000] {logging_mixin.py:188} INFO - [2026-09-22T17:04:33.247+0000] {dag.py:3089} INFO - Sync 1 DAGs
[2026-09-22T17:04:33.266+0000] {logging_mixin.py:188} INFO - [2026-09-22T17:04:33.266+0000] {dag.py:3947} INFO - Setting next_dagrun for example_branch_python_operator_decorator to 2026-09-21 00:00:00+00:00, run_after=2026-09-22 00:00:00+00:00
[2026-09-22T17:04:33.294+0000] {processor.py:183} INFO - Processing /home/airflow/.local/lib/python3.12/site-packages/airflow/example_dags/example_branch_operator_decorator.py took 0.097 seconds
[2026-09-22T17:05:03.979+0000] {processor.py:161} INFO - Started process (PID=270) to work on /home/airflow/.local/lib/python3.12/site-packages/airflow/example_dags/example_branch_operator_decorator.py
[2026-09-22T17:05:03.980+0000] {processor.py:830} INFO - Processing file /home/airflow/.local/lib/python3.12/site-packages/airflow/example_dags/example_branch_operator_decorator.py for tasks to queue
[2026-09-22T17:05:03.983+0000] {logging_mixin.py:188} INFO - [2026-09-22T17:05:03.983+0000] {dagbag.py:545} INFO - Filling up the DagBag from /home/airflow/.local/lib/python3.12/site-packages/airflow/example_dags/example_branch_operator_decorator.py
[2026-09-22T17:05:04.003+0000] {processor.py:840} INFO - DAG(s) 'example_branch_python_operator_decorator' retrieved from /home/airflow/.local/lib/python3.12/site-packages/airflow/example_dags/example_branch_operator_decorator.py
[2026-09-22T17:05:04.034+0000] {logging_mixin.py:188} INFO - [2026-09-22T17:05:04.033+0000] {dag.py:3089} INFO - Sync 1 DAGs
[2026-09-22T17:05:04.078+0000] {logging_mixin.py:188} INFO - [2026-09-22T17:05:04.077+0000] {dag.py:3947} INFO - Setting next_dagrun for example_branch_python_operator_decorator to 2026-09-21 00:00:00+00:00, run_after=2026-09-22 00:00:00+00:00
[2026-09-22T17:05:04.117+0000] {processor.py:183} INFO - Processing /home/airflow/.local/lib/python3.12/site-packages/airflow/example_dags/example_branch_operator_decorator.py took 0.143 seconds
[2026-09-22T17:05:34.285+0000] {processor.py:161} INFO - Started process (PID=328) to work on /home/airflow/.local/lib/python3.12/site-packages/airflow/example_dags/example_branch_operator_decorator.py
[2026-09-22T17:05:34.286+0000] {processor.py:830} INFO - Processing file /home/airflow/.local/lib/python3.12/site-packages/airflow/example_dags/example_branch_operator_decorator.py for tasks to queue
[2026-09-22T17:05:34.287+0000] {logging_mixin.py:188} INFO - [2026-09-22T17:05:34.287+0000] {dagbag.py:545} INFO - Filling up the DagBag from /home/airflow/.local/lib/python3.12/site-packages/airflow/example_dags/example_branch_operator_decorator.py
[2026-09-22T17:05:34.305+0000] {processor.py:840} INFO - DAG(s) 'example_branch_python_operator_decorator' retrieved from /home/airflow/.local/lib/python3.12/site-packages/airflow/example_dags/example_branch_operator_decorator.py
[2026-09-22T17:05:34.340+0000] {logging_mixin.py:188} INFO - [2026-09-22T17:05:34.339+0000] {dag.py:3089} INFO - Sync 1 DAGs
[2026-09-22T17:05:34.366+0000] {logging_mixin.py:188} INFO - [2026-09-22T17:05:34.365+0000] {dag.py:3947} INFO - Setting next_dagrun for example_branch_python_operator_decorator to 2026-09-21 00:00:00+00:00, run_after=2026-09-22 00:00:00+00:00
[2026-09-22T17:05:34.393+0000] {processor.py:183} INFO - Processing /home/airflow/.local/lib/python3.12/site-packages/airflow/example_dags/example_branch_operator_decorator.py took 0.114 seconds
[2026-09-22T17:06:04.538+0000] {processor.py:161} INFO - Started process (PID=386) to work on /home/airflow/.local/lib/python3.12/site-packages/airflow/example_dags/example_branch_operator_decorator.py
[2026-09-22T17:06:04.539+0000] {processor.py:830} INFO - Processing file /home/airflow/.local/lib/python3.12/site-packages/airflow/example_dags/example_branch_operator_decorator.py for tasks to queue
[2026-09-22T17:06:04.542+0000] {logging_mixin.py:188} INFO - [2026-09-22T17:06:04.541+0000] {dagbag.py:545} INFO - Filling up the DagBag from /home/airflow/.local/lib/python3.12/site-packages/airflow/example_dags/example_branch_operator_decorator.py
[2026-09-22T17:06:04.571+0000] {processor.py:840} INFO - DAG(s) 'example_branch_python_operator_decorator' retrieved from /home/airflow/.local/lib/python3.12/site-packages/airflow/example_dags/example_branch_operator_decorator.py
[2026-09-22T17:06:04.610+0000] {logging_mixin.py:188} INFO - [2026-09-22T17:06:04.609+0000] {dag.py:3089} INFO - Sync 1 DAGs
[2026-09-22T17:06:04.661+0000] {logging_mixin.py:188} INFO - [2026-09-22T17:06:04.661+0000] {dag.py:3947} INFO - Setting next_dagrun for example_branch_python_operator_decorator to 2026-09-21 00:00:00+00:00, run_after=2026-09-22 00:00:00+00:00
[2026-09-22T17:06:04.696+0000] {processor.py:183} INFO - Processing /home/airflow/.local/lib/python3.12/site-packages/airflow/example_dags/example_branch_operator_decorator.py took 0.166 seconds
[2026-09-22T17:06:34.876+0000] {processor.py:161} INFO - Started process (PID=444) to work on /home/airflow/.local/lib/python3.12/site-packages/airflow/example_dags/example_branch_operator_decorator.py
[2026-09-22T17:06:34.877+0000] {processor.py:830} INFO - Processing file /home/airflow/.local/lib/python3.12/site-packages/airflow/example_dags/example_branch_operator_decorator.py for tasks to queue
[2026-09-22T17:06:34.879+0000] {logging_mixin.py:188} INFO - [2026-09-22T17:06:34.879+0000] {dagbag.py:545} INFO - Filling up the DagBag from /home/airflow/.local/lib/python3.12/site-packages/airflow/example_dags/example_branch_operator_decorator.py
[2026-09-22T17:06:34.905+0000] {processor.py:840} INFO - DAG(s) 'example_branch_python_operator_decorator' retrieved from /home/airflow/.local/lib/python3.12/site-packages/airflow/example_dags/example_branch_operator_decorator.py
[2026-09-22T17:06:34.939+0000] {logging_mixin.py:188} INFO - [2026-09-22T17:06:34.939+0000] {dag.py:3089} INFO - Sync 1 DAGs
[2026-09-22T17:06:34.963+0000] {logging_mixin.py:188} INFO - [2026-09-22T17:06:34.963+0000] {dag.py:3947} INFO - Setting next_dagrun for example_branch_python_operator_decorator to 2026-09-21 00:00:00+00:00, run_after=2026-09-22 00:00:00+00:00
[2026-09-22T17:06:34.989+0000] {processor.py:183} INFO - Processing /home/airflow/.local/lib/python3.12/site-packages/airflow/example_dags/example_branch_operator_decorator.py took 0.118 seconds
[2026-09-22T17:07:05.464+0000] {processor.py:161} INFO - Started process (PID=502) to work on /home/airflow/.local/lib/python3.12/site-packages/airflow/example_dags/example_branch_operator_decorator.py
[2026-09-22T17:07:05.465+0000] {processor.py:830} INFO - Processing file /home/airflow/.local/lib/python3.12/site-packages/airflow/example_dags/example_branch_operator_decorator.py for tasks to queue
[2026-09-22T17:07:05.468+0000] {logging_mixin.py:188} INFO - [2026-09-22T17:07:05.467+0000] {dagbag.py:545} INFO - Filling up the DagBag from /home/airflow/.local/lib/python3.12/site-packages/airflow/example_dags/example_branch_operator_decorator.py
[2026-09-22T17:07:05.491+0000] {processor.py:840} INFO - DAG(s) 'example_branch_python_operator_decorator' retrieved from /home/airflow/.local/lib/python3.12/site-packages/airflow/example_dags/example_branch_operator_decorator.py
[2026-09-22T17:07:05.528+0000] {logging_mixin.py:188} INFO - [2026-09-22T17:07:05.527+0000] {dag.py:3089} INFO - Sync 1 DAGs
[2026-09-22T17:07:05.555+0000] {logging_mixin.py:188} INFO - [2026-09-22T17:07:05.554+0000] {dag.py:3947} INFO - Setting next_dagrun for example_branch_python_operator_decorator to 2026-09-21 00:00:00+00:00, run_after=2026-09-22 00:00:00+00:00
[2026-09-22T17:07:05.580+0000] {processor.py:183} INFO - Processing /home/airflow/.local/lib/python3.12/site-packages/airflow/example_dags/example_branch_operator_decorator.py took 0.121 seconds
[2026-09-22T17:07:36.360+0000] {processor.py:161} INFO - Started process (PID=560) to work on /home/airflow/.local/lib/python3.12/site-packages/airflow/example_dags/example_branch_operator_decorator.py
[2026-09-22T17:07:36.361+0000] {processor.py:830} INFO - Processing file /home/airflow/.local/lib/python3.12/site-packages/airflow/example_dags/example_branch_operator_decorator.py for tasks to queue
[2026-09-22T17:07:36.363+0000] {logging_mixin.py:188} INFO - [2026-09-22T17:07:36.363+0000] {dagbag.py:545} INFO - Filling up the DagBag from /home/airflow/.local/lib/python3.12/site-packages/airflow/example_dags/example_branch_operator_decorator.py
[2026-09-22T17:07:36.379+0000] {processor.py:840} INFO - DAG(s) 'example_branch_python_operator_decorator' retrieved from /home/airflow/.local/lib/python3.12/site-packages/airflow/example_dags/example_branch_operator_decorator.py
[2026-09-22T17:07:36.403+0000] {logging_mixin.py:188} INFO - [2026-09-22T17:07:36.402+0000] {dag.py:3089} INFO - Sync 1 DAGs
[2026-09-22T17:07:36.422+0000] {logging_mixin.py:188} INFO - [2026-09-22T17:07:36.422+0000] {dag.py:3947} INFO - Setting next_dagrun for example_branch_python_operator_decorator to 2026-09-21 00:00:00+00:00, run_after=2026-09-22 00:00:00+00:00
[2026-09-22T17:07:36.441+0000] {processor.py:183} INFO - Processing /home/airflow/.local/lib/python3.12/site-packages/airflow/example_dags/example_branch_operator_decorator.py took 0.088 seconds
[2026-09-22T17:08:06.617+0000] {processor.py:161} INFO - Started process (PID=618) to work on /home/airflow/.local/lib/python3.12/site-packages/airflow/example_dags/example_branch_operator_decorator.py
[2026-09-22T17:08:06.618+0000] {processor.py:830} INFO - Processing file /home/airflow/.local/lib/python3.12/site-packages/airflow/example_dags/example_branch_operator_decorator.py for tasks to queue
[2026-09-22T17:08:06.622+0000] {logging_mixin.py:188} INFO - [2026-09-22T17:08:06.621+0000] {dagbag.py:545} INFO - Filling up the DagBag from /home/airflow/.local/lib/python3.12/site-packages/airflow/example_dags/example_branch_operator_decorator.py
[2026-09-22T17:08:06.651+0000] {processor.py:840} INFO - DAG(s) 'example_branch_python_operator_decorator' retrieved from /home/airflow/.local/lib/python3.12/site-packages/airflow/example_dags/example_branch_operator_decorator.py
[2026-09-22T17:08:06.688+0000] {logging_mixin.py:188} INFO - [2026-09-22T17:08:06.688+0000] {dag.py:3089} INFO - Sync 1 DAGs
[2026-09-22T17:08:06.717+0000] {logging_mixin.py:188} INFO - [2026-09-22T17:08:06.717+0000] {dag.py:3947} INFO - Setting next_dagrun for example_branch_python_operator_decorator to 2026-09-21 00:00:00+00:00, run_after=2026-09-22 00:00:00+00:00
[2026-09-22T17:08:06.745+0000] {processor.py:183} INFO - Processing /home/airflow/.local/lib/python3.12/site-packages/airflow/example_dags/example_branch_operator_decorator.py took 0.139 seconds
[2026-09-22T17:08:37.038+0000] {processor.py:161} INFO - Started process (PID=682) to work on /home/airflow/.local/lib/python3.12/site-packages/airflow/example_dags/example_branch_operator_decorator.py
[2026-09-22T17:08:37.039+0000] {processor.py:830} INFO - Processing file /home/airflow/.local/lib/python3.12/site-packages/airflow/example_dags/example_branch_operator_decorator.py for tasks to queue
[2026-09-22T17:08:37.040+0000] {logging_mixin.py:188} INFO - [2026-09-22T17:08:37.040+0000] {dagbag.py:545} INFO - Filling up the DagBag from /home/airflow/.local/lib/python3.12/site-packages/airflow/example_dags/example_branch_operator_decorator.py
[2026-09-22T17:08:37.058+0000] {processor.py:840} INFO - DAG(s) 'example_branch_python_operator_decorator' retrieved from /home/airflow/.local/lib/python3.12/site-packages/airflow/example_dags/example_branch_operator_decorator.py
[2026-09-22T17:08:37.082+0000] {logging_mixin.py:188} INFO - [2026-09-22T17:08:37.082+0000] {dag.py:3089} INFO - Sync 1 DAGs
[2026-09-22T17:08:37.101+0000] {logging_mixin.py:188} INFO - [2026-09-22T17:08:37.100+0000] {dag.py:3947} INFO - Setting next_dagrun for example_branch_python_operator_decorator to 2026-09-21 00:00:00+00:00, run_after=2026-09-22 00:00:00+00:00
[2026-09-22T17:08:37.121+0000] {processor.py:183} INFO - Processing /home/airflow/.local/lib/python3.12/site-packages/airflow/example_dags/example_branch_operator_decorator.py took 0.088 seconds
[2026-09-22T17:09:07.220+0000] {processor.py:161} INFO - Started process (PID=740) to work on /home/airflow/.local/lib/python3.12/site-packages/airflow/example_dags/example_branch_operator_decorator.py
[2026-09-22T17:09:07.221+0000] {processor.py:830} INFO - Processing file /home/airflow/.local/lib/python3.12/site-packages/airflow/example_dags/example_branch_operator_decorator.py for tasks to queue
[2026-09-22T17:09:07.223+0000] {logging_mixin.py:188} INFO - [2026-09-22T17:09:07.223+0000] {dagbag.py:545} INFO - Filling up the DagBag from /home/airflow/.local/lib/python3.12/site-packages/airflow/example_dags/example_branch_operator_decorator.py
[2026-09-22T17:09:07.240+0000] {processor.py:840} INFO - DAG(s) 'example_branch_python_operator_decorator' retrieved from /home/airflow/.local/lib/python3.12/site-packages/airflow/example_dags/example_branch_operator_decorator.py
[2026-09-22T17:09:07.265+0000] {logging_mixin.py:188} INFO - [2026-09-22T17:09:07.264+0000] {dag.py:3089} INFO - Sync 1 DAGs
[2026-09-22T17:09:07.284+0000] {logging_mixin.py:188} INFO - [2026-09-22T17:09:07.284+0000] {dag.py:3947} INFO - Setting next_dagrun for example_branch_python_operator_decorator to 2026-09-21 00:00:00+00:00, run_after=2026-09-22 00:00:00+00:00
[2026-09-22T17:09:07.305+0000] {processor.py:183} INFO - Processing /home/airflow/.local/lib/python3.12/site-packages/airflow/example_dags/example_branch_operator_decorator.py took 0.090 seconds
[2026-09-22T17:09:37.383+0000] {processor.py:161} INFO - Started process (PID=798) to work on /home/airflow/.local/lib/python3.12/site-packages/airflow/example_dags/example_branch_operator_decorator.py
[2026-09-22T17:09:37.384+0000] {processor.py:830} INFO - Processing file /home/airflow/.local/lib/python3.12/site-packages/airflow/example_dags/example_branch_operator_decorator.py for tasks to queue
[2026-09-22T17:09:37.387+0000] {logging_mixin.py:188} INFO - [2026-09-22T17:09:37.386+0000] {dagbag.py:545} INFO - Filling up the DagBag from /home/airflow/.local/lib/python3.12/site-packages/airflow/example_dags/example_branch_operator_decorator.py
[2026-09-22T17:09:37.409+0000] {processor.py:840} INFO - DAG(s) 'example_branch_python_operator_decorator' retrieved from /home/airflow/.local/lib/python3.12/site-packages/airflow/example_dags/example_branch_operator_decorator.py
[2026-09-22T17:09:37.440+0000] {logging_mixin.py:188} INFO - [2026-09-22T17:09:37.440+0000] {dag.py:3089} INFO - Sync 1 DAGs
[2026-09-22T17:09:37.466+0000] {logging_mixin.py:188} INFO - [2026-09-22T17:09:37.465+0000] {dag.py:3947} INFO - Setting next_dagrun for example_branch_python_operator_decorator to 2026-09-21 00:00:00+00:00, run_after=2026-09-22 00:00:00+00:00
[2026-09-22T17:09:37.491+0000] {processor.py:183} INFO - Processing /home/airflow/.local/lib/python3.12/site-packages/airflow/example_dags/example_branch_operator_decorator.py took 0.116 seconds
[2026-09-22T17:10:07.692+0000] {processor.py:161} INFO - Started process (PID=856) to work on /home/airflow/.local/lib/python3.12/site-packages/airflow/example_dags/example_branch_operator_decorator.py
[2026-09-22T17:10:07.694+0000] {processor.py:830} INFO - Processing file /home/airflow/.local/lib/python3.12/site-packages/airflow/example_dags/example_branch_operator_decorator.py for tasks to queue
[2026-09-22T17:10:07.695+0000] {logging_mixin.py:188} INFO - [2026-09-22T17:10:07.695+0000] {dagbag.py:545} INFO - Filling up the DagBag from /home/airflow/.local/lib/python3.12/site-packages/airflow/example_dags/example_branch_operator_decorator.py
[2026-09-22T17:10:07.725+0000] {processor.py:840} INFO - DAG(s) 'example_branch_python_operator_decorator' retrieved from /home/airflow/.local/lib/python3.12/site-packages/airflow/example_dags/example_branch_operator_decorator.py
[2026-09-22T17:10:07.762+0000] {logging_mixin.py:188} INFO - [2026-09-22T17:10:07.761+0000] {dag.py:3089} INFO - Sync 1 DAGs
[2026-09-22T17:10:07.792+0000] {logging_mixin.py:188} INFO - [2026-09-22T17:10:07.792+0000] {dag.py:3947} INFO - Setting next_dagrun for example_branch_python_operator_decorator to 2026-09-21 00:00:00+00:00, run_after=2026-09-22 00:00:00+00:00
[2026-09-22T17:10:07.818+0000] {processor.py:183} INFO - Processing /home/airflow/.local/lib/python3.12/site-packages/airflow/example_dags/example_branch_operator_decorator.py took 0.131 seconds
[2026-09-22T17:10:38.658+0000] {processor.py:161} INFO - Started process (PID=914) to work on /home/airflow/.local/lib/python3.12/site-packages/airflow/example_dags/example_branch_operator_decorator.py
[2026-09-22T17:10:38.660+0000] {processor.py:830} INFO - Processing file /home/airflow/.local/lib/python3.12/site-packages/airflow/example_dags/example_branch_operator_decorator.py for tasks to queue
[2026-09-22T17:10:38.662+0000] {logging_mixin.py:188} INFO - [2026-09-22T17:10:38.662+0000] {dagbag.py:545} INFO - Filling up the DagBag from /home/airflow/.local/lib/python3.12/site-packages/airflow/example_dags/example_branch_operator_decorator.py
[2026-09-22T17:10:38.686+0000] {processor.py:840} INFO - DAG(s) 'example_branch_python_operator_decorator' retrieved from /home/airflow/.local/lib/python3.12/site-packages/airflow/example_dags/example_branch_operator_decorator.py
[2026-09-22T17:10:38.709+0000] {logging_mixin.py:188} INFO - [2026-09-22T17:10:38.709+0000] {dag.py:3089} INFO - Sync 1 DAGs
[2026-09-22T17:10:38.728+0000] {logging_mixin.py:188} INFO - [2026-09-22T17:10:38.727+0000] {dag.py:3947} INFO - Setting next_dagrun for example_branch_python_operator_decorator to 2026-09-21 00:00:00+00:00, run_after=2026-09-22 00:00:00+00:00
[2026-09-22T17:10:38.748+0000] {processor.py:183} INFO - Processing /home/airflow/.local/lib/python3.12/site-packages/airflow/example_dags/example_branch_operator_decorator.py took 0.096 seconds
[2026-09-22T17:11:09.017+0000] {processor.py:161} INFO - Started process (PID=972) to work on /home/airflow/.local/lib/python3.12/site-packages/airflow/example_dags/example_branch_operator_decorator.py
[2026-09-22T17:11:09.018+0000] {processor.py:830} INFO - Processing file /home/airflow/.local/lib/python3.12/site-packages/airflow/example_dags/example_branch_operator_decorator.py for tasks to queue
[2026-09-22T17:11:09.020+0000] {logging_mixin.py:188} INFO - [2026-09-22T17:11:09.019+0000] {dagbag.py:545} INFO - Filling up the DagBag from /home/airflow/.local/lib/python3.12/site-packages/airflow/example_dags/example_branch_operator_decorator.py
[2026-09-22T17:11:09.038+0000] {processor.py:840} INFO - DAG(s) 'example_branch_python_operator_decorator' retrieved from /home/airflow/.local/lib/python3.12/site-packages/airflow/example_dags/example_branch_operator_decorator.py
[2026-09-22T17:11:09.065+0000] {logging_mixin.py:188} INFO - [2026-09-22T17:11:09.064+0000] {dag.py:3089} INFO - Sync 1 DAGs
[2026-09-22T17:11:09.085+0000] {logging_mixin.py:188} INFO - [2026-09-22T17:11:09.085+0000] {dag.py:3947} INFO - Setting next_dagrun for example_branch_python_operator_decorator to 2026-09-21 00:00:00+00:00, run_after=2026-09-22 00:00:00+00:00
[2026-09-22T17:11:09.107+0000] {processor.py:183} INFO - Processing /home/airflow/.local/lib/python3.12/site-packages/airflow/example_dags/example_branch_operator_decorator.py took 0.097 seconds
[2026-09-22T17:11:39.354+0000] {processor.py:161} INFO - Started process (PID=1030) to work on /home/airflow/.local/lib/python3.12/site-packages/airflow/example_dags/example_branch_operator_decorator.py
[2026-09-22T17:11:39.356+0000] {processor.py:830} INFO - Processing file /home/airflow/.local/lib/python3.12/site-packages/airflow/example_dags/example_branch_operator_decorator.py for tasks to queue
[2026-09-22T17:11:39.358+0000] {logging_mixin.py:188} INFO - [2026-09-22T17:11:39.358+0000] {dagbag.py:545} INFO - Filling up the DagBag from /home/airflow/.local/lib/python3.12/site-packages/airflow/example_dags/example_branch_operator_decorator.py
[2026-09-22T17:11:39.379+0000] {processor.py:840} INFO - DAG(s) 'example_branch_python_operator_decorator' retrieved from /home/airflow/.local/lib/python3.12/site-packages/airflow/example_dags/example_branch_operator_decorator.py
[2026-09-22T17:11:39.404+0000] {logging_mixin.py:188} INFO - [2026-09-22T17:11:39.404+0000] {dag.py:3089} INFO - Sync 1 DAGs
[2026-09-22T17:11:39.423+0000] {logging_mixin.py:188} INFO - [2026-09-22T17:11:39.423+0000] {dag.py:3947} INFO - Setting next_dagrun for example_branch_python_operator_decorator to 2026-09-21 00:00:00+00:00, run_after=2026-09-22 00:00:00+00:00
[2026-09-22T17:11:39.444+0000] {processor.py:183} INFO - Processing /home/airflow/.local/lib/python3.12/site-packages/airflow/example_dags/example_branch_operator_decorator.py took 0.097 seconds
[2026-09-22T17:12:09.577+0000] {processor.py:161} INFO - Started process (PID=1088) to work on /home/airflow/.local/lib/python3.12/site-packages/airflow/example_dags/example_branch_operator_decorator.py
[2026-09-22T17:12:09.578+0000] {processor.py:830} INFO - Processing file /home/airflow/.local/lib/python3.12/site-packages/airflow/example_dags/example_branch_operator_decorator.py for tasks to queue
[2026-09-22T17:12:09.580+0000] {logging_mixin.py:188} INFO - [2026-09-22T17:12:09.580+0000] {dagbag.py:545} INFO - Filling up the DagBag from /home/airflow/.local/lib/python3.12/site-packages/airflow/example_dags/example_branch_operator_decorator.py
[2026-09-22T17:12:09.599+0000] {processor.py:840} INFO - DAG(s) 'example_branch_python_operator_decorator' retrieved from /home/airflow/.local/lib/python3.12/site-packages/airflow/example_dags/example_branch_operator_decorator.py
[2026-09-22T17:12:09.627+0000] {logging_mixin.py:188} INFO - [2026-09-22T17:12:09.627+0000] {dag.py:3089} INFO - Sync 1 DAGs
[2026-09-22T17:12:09.647+0000] {logging_mixin.py:188} INFO - [2026-09-22T17:12:09.647+0000] {dag.py:3947} INFO - Setting next_dagrun for example_branch_python_operator_decorator to 2026-09-21 00:00:00+00:00, run_after=2026-09-22 00:00:00+00:00
[2026-09-22T17:12:09.667+0000] {processor.py:183} INFO - Processing /home/airflow/.local/lib/python3.12/site-packages/airflow/example_dags/example_branch_operator_decorator.py took 0.095 seconds
[2026-09-22T17:12:39.823+0000] {processor.py:161} INFO - Started process (PID=1146) to work on /home/airflow/.local/lib/python3.12/site-packages/airflow/example_dags/example_branch_operator_decorator.py
[2026-09-22T17:12:39.824+0000] {processor.py:830} INFO - Processing file /home/airflow/.local/lib/python3.12/site-packages/airflow/example_dags/example_branch_operator_decorator.py for tasks to queue
[2026-09-22T17:12:39.826+0000] {logging_mixin.py:188} INFO - [2026-09-22T17:12:39.826+0000] {dagbag.py:545} INFO - Filling up the DagBag from /home/airflow/.local/lib/python3.12/site-packages/airflow/example_dags/example_branch_operator_decorator.py
[2026-09-22T17:12:39.849+0000] {processor.py:840} INFO - DAG(s) 'example_branch_python_operator_decorator' retrieved from /home/airflow/.local/lib/python3.12/site-packages/airflow/example_dags/example_branch_operator_decorator.py
[2026-09-22T17:12:39.873+0000] {logging_mixin.py:188} INFO - [2026-09-22T17:12:39.873+0000] {dag.py:3089} INFO - Sync 1 DAGs
[2026-09-22T17:12:39.895+0000] {logging_mixin.py:188} INFO - [2026-09-22T17:12:39.894+0000] {dag.py:3947} INFO - Setting next_dagrun for example_branch_python_operator_decorator to 2026-09-21 00:00:00+00:00, run_after=2026-09-22 00:00:00+00:00
[2026-09-22T17:12:39.916+0000] {processor.py:183} INFO - Processing /home/airflow/.local/lib/python3.12/site-packages/airflow/example_dags/example_branch_operator_decorator.py took 0.100 seconds
[2026-09-22T17:13:10.207+0000] {processor.py:161} INFO - Started process (PID=1204) to work on /home/airflow/.local/lib/python3.12/site-packages/airflow/example_dags/example_branch_operator_decorator.py
[2026-09-22T17:13:10.208+0000] {processor.py:830} INFO - Processing file /home/airflow/.local/lib/python3.12/site-packages/airflow/example_dags/example_branch_operator_decorator.py for tasks to queue
[2026-09-22T17:13:10.210+0000] {logging_mixin.py:188} INFO - [2026-09-22T17:13:10.210+0000] {dagbag.py:545} INFO - Filling up the DagBag from /home/airflow/.local/lib/python3.12/site-packages/airflow/example_dags/example_branch_operator_decorator.py
[2026-09-22T17:13:10.227+0000] {processor.py:840} INFO - DAG(s) 'example_branch_python_operator_decorator' retrieved from /home/airflow/.local/lib/python3.12/site-packages/airflow/example_dags/example_branch_operator_decorator.py
[2026-09-22T17:13:10.256+0000] {logging_mixin.py:188} INFO - [2026-09-22T17:13:10.256+0000] {dag.py:3089} INFO - Sync 1 DAGs
[2026-09-22T17:13:10.280+0000] {logging_mixin.py:188} INFO - [2026-09-22T17:13:10.280+0000] {dag.py:3947} INFO - Setting next_dagrun for example_branch_python_operator_decorator to 2026-09-21 00:00:00+00:00, run_after=2026-09-22 00:00:00+00:00
[2026-09-22T17:13:10.354+0000] {processor.py:183} INFO - Processing /home/airflow/.local/lib/python3.12/site-packages/airflow/example_dags/example_branch_operator_decorator.py took 0.152 seconds
[2026-09-22T17:13:41.274+0000] {processor.py:161} INFO - Started process (PID=1262) to work on /home/airflow/.local/lib/python3.12/site-packages/airflow/example_dags/example_branch_operator_decorator.py
[2026-09-22T17:13:41.276+0000] {processor.py:830} INFO - Processing file /home/airflow/.local/lib/python3.12/site-packages/airflow/example_dags/example_branch_operator_decorator.py for tasks to queue
[2026-09-22T17:13:41.279+0000] {logging_mixin.py:188} INFO - [2026-09-22T17:13:41.278+0000] {dagbag.py:545} INFO - Filling up the DagBag from /home/airflow/.local/lib/python3.12/site-packages/airflow/example_dags/example_branch_operator_decorator.py
[2026-09-22T17:13:41.320+0000] {processor.py:840} INFO - DAG(s) 'example_branch_python_operator_decorator' retrieved from /home/airflow/.local/lib/python3.12/site-packages/airflow/example_dags/example_branch_operator_decorator.py
[2026-09-22T17:13:41.371+0000] {logging_mixin.py:188} INFO - [2026-09-22T17:13:41.371+0000] {dag.py:3089} INFO - Sync 1 DAGs
[2026-09-22T17:13:41.414+0000] {logging_mixin.py:188} INFO - [2026-09-22T17:13:41.414+0000] {dag.py:3947} INFO - Setting next_dagrun for example_branch_python_operator_decorator to 2026-09-21 00:00:00+00:00, run_after=2026-09-22 00:00:00+00:00
