[2026-09-22T16:19:35.460+0000] {processor.py:161} INFO - Started process (PID=107) to work on /home/airflow/.local/lib/python3.12/site-packages/airflow/example_dags/example_task_group.py
[2026-09-22T16:19:35.462+0000] {processor.py:830} INFO - Processing file /home/airflow/.local/lib/python3.12/site-packages/airflow/example_dags/example_task_group.py for tasks to queue
[2026-09-22T16:19:35.465+0000] {logging_mixin.py:188} INFO - [2026-09-22T16:19:35.464+0000] {dagbag.py:545} INFO - Filling up the DagBag from /home/airflow/.local/lib/python3.12/site-packages/airflow/example_dags/example_task_group.py
[2026-09-22T16:19:35.478+0000] {processor.py:840} INFO - DAG(s) 'example_task_group' retrieved from /home/airflow/.local/lib/python3.12/site-packages/airflow/example_dags/example_task_group.py
[2026-09-22T16:19:35.611+0000] {logging_mixin.py:188} INFO - [2026-09-22T16:19:35.610+0000] {dag.py:3089} INFO - Sync 1 DAGs
[2026-09-22T16:19:35.641+0000] {logging_mixin.py:188} INFO - [2026-09-22T16:19:35.640+0000] {dag.py:3947} INFO - Setting next_dagrun for example_task_group to 2026-09-21 00:00:00+00:00, run_after=2026-09-22 00:00:00+00:00
[2026-09-22T16:19:35.716+0000] {processor.py:183} INFO - Processing /home/airflow/.local/lib/python3.12/site-packages/airflow/example_dags/example_task_group.py took 0.265 seconds
[2026-09-22T16:20:05.786+0000] {processor.py:161} INFO - Started process (PID=165) to work on /home/airflow/.local/lib/python3.12/site-packages/airflow/example_dags/example_task_group.py
[2026-09-22T16:20:05.788+0000] {processor.py:830} INFO - Processing file /home/airflow/.local/lib/python3.12/site-packages/airflow/example_dags/example_task_group.py for tasks to queue
[2026-09-22T16:20:05.791+0000] {logging_mixin.py:188} INFO - [2026-09-22T16:20:05.790+0000] {dagbag.py:545} INFO - Filling up the DagBag from /home/airflow/.local/lib/python3.12/site-packages/airflow/example_dags/example_task_group.py
[2026-09-22T16:20:05.799+0000] {processor.py:840} INFO - DAG(s) 'example_task_group' retrieved from /home/airflow/.local/lib/python3.12/site-packages/airflow/example_dags/example_task_group.py
[2026-09-22T16:20:05.833+0000] {logging_mixin.py:188} INFO - [2026-09-22T16:20:05.833+0000] {dag.py:3089} INFO - Sync 1 DAGs
[2026-09-22T16:20:05.872+0000] {logging_mixin.py:188} INFO - [2026-09-22T16:20:05.871+0000] {dag.py:3947} INFO - Setting next_dagrun for example_task_group to 2026-09-21 00:00:00+00:00, run_after=2026-09-22 00:00:00+00:00
[2026-09-22T16:20:05.907+0000] {processor.py:183} INFO - Processing /home/airflow/.local/lib/python3.12/site-packages/airflow/example_dags/example_task_group.py took 0.130 seconds
[2026-09-22T16:20:36.607+0000] {processor.py:161} INFO - Started process (PID=222) to work on /home/airflow/.local/lib/python3.12/site-packages/airflow/example_dags/example_task_group.py
[2026-09-22T16:20:36.609+0000] {processor.py:830} INFO - Processing file /home/airflow/.local/lib/python3.12/site-packages/airflow/example_dags/example_task_group.py for tasks to queue
[2026-09-22T16:20:36.612+0000] {logging_mixin.py:188} INFO - [2026-09-22T16:20:36.612+0000] {dagbag.py:545} INFO - Filling up the DagBag from /home/airflow/.local/lib/python3.12/site-packages/airflow/example_dags/example_task_group.py
[2026-09-22T16:20:36.623+0000] {processor.py:840} INFO - DAG(s) 'example_task_group' retrieved from /home/airflow/.local/lib/python3.12/site-packages/airflow/example_dags/example_task_group.py
[2026-09-22T16:20:36.654+0000] {logging_mixin.py:188} INFO - [2026-09-22T16:20:36.653+0000] {dag.py:3089} INFO - Sync 1 DAGs
[2026-09-22T16:20:36.693+0000] {logging_mixin.py:188} INFO - [2026-09-22T16:20:36.693+0000] {dag.py:3947} INFO - Setting next_dagrun for example_task_group to 2026-09-21 00:00:00+00:00, run_after=2026-09-22 00:00:00+00:00
[2026-09-22T16:20:36.735+0000] {processor.py:183} INFO - Processing /home/airflow/.local/lib/python3.12/site-packages/airflow/example_dags/example_task_group.py took 0.138 seconds
[2026-09-22T16:21:07.073+0000] {processor.py:161} INFO - Started process (PID=280) to work on /home/airflow/.local/lib/python3.12/site-packages/airflow/example_dags/example_task_group.py
[2026-09-22T16:21:07.075+0000] {processor.py:830} INFO - Processing file /home/airflow/.local/lib/python3.12/site-packages/airflow/example_dags/example_task_group.py for tasks to queue
[2026-09-22T16:21:07.078+0000] {logging_mixin.py:188} INFO - [2026-09-22T16:21:07.078+0000] {dagbag.py:545} INFO - Filling up the DagBag from /home/airflow/.local/lib/python3.12/site-packages/airflow/example_dags/example_task_group.py
[2026-09-22T16:21:07.090+0000] {processor.py:840} INFO - DAG(s) 'example_task_group' retrieved from /home/airflow/.local/lib/python3.12/site-packages/airflow/example_dags/example_task_group.py
[2026-09-22T16:21:07.117+0000] {logging_mixin.py:188} INFO - [2026-09-22T16:21:07.117+0000] {dag.py:3089} INFO - Sync 1 DAGs
[2026-09-22T16:21:07.150+0000] {logging_mixin.py:188} INFO - [2026-09-22T16:21:07.149+0000] {dag.py:3947} INFO - Setting next_dagrun for example_task_group to 2026-09-21 00:00:00+00:00, run_after=2026-09-22 00:00:00+00:00
[2026-09-22T16:21:07.237+0000] {processor.py:183} INFO - Processing /home/airflow/.local/lib/python3.12/site-packages/airflow/example_dags/example_task_group.py took 0.174 seconds
[2026-09-22T16:21:37.976+0000] {processor.py:161} INFO - Started process (PID=338) to work on /home/airflow/.local/lib/python3.12/site-packages/airflow/example_dags/example_task_group.py
[2026-09-22T16:21:37.978+0000] {processor.py:830} INFO - Processing file /home/airflow/.local/lib/python3.12/site-packages/airflow/example_dags/example_task_group.py for tasks to queue
[2026-09-22T16:21:37.981+0000] {logging_mixin.py:188} INFO - [2026-09-22T16:21:37.980+0000] {dagbag.py:545} INFO - Filling up the DagBag from /home/airflow/.local/lib/python3.12/site-packages/airflow/example_dags/example_task_group.py
[2026-09-22T16:21:37.995+0000] {processor.py:840} INFO - DAG(s) 'example_task_group' retrieved from /home/airflow/.local/lib/python3.12/site-packages/airflow/example_dags/example_task_group.py
[2026-09-22T16:21:38.035+0000] {logging_mixin.py:188} INFO - [2026-09-22T16:21:38.035+0000] {dag.py:3089} INFO - Sync 1 DAGs
[2026-09-22T16:21:38.072+0000] {logging_mixin.py:188} INFO - [2026-09-22T16:21:38.072+0000] {dag.py:3947} INFO - Setting next_dagrun for example_task_group to 2026-09-21 00:00:00+00:00, run_after=2026-09-22 00:00:00+00:00
[2026-09-22T16:21:38.158+0000] {processor.py:183} INFO - Processing /home/airflow/.local/lib/python3.12/site-packages/airflow/example_dags/example_task_group.py took 0.190 seconds
[2026-09-22T16:22:08.565+0000] {processor.py:161} INFO - Started process (PID=396) to work on /home/airflow/.local/lib/python3.12/site-packages/airflow/example_dags/example_task_group.py
[2026-09-22T16:22:08.567+0000] {processor.py:830} INFO - Processing file /home/airflow/.local/lib/python3.12/site-packages/airflow/example_dags/example_task_group.py for tasks to queue
[2026-09-22T16:22:08.571+0000] {logging_mixin.py:188} INFO - [2026-09-22T16:22:08.571+0000] {dagbag.py:545} INFO - Filling up the DagBag from /home/airflow/.local/lib/python3.12/site-packages/airflow/example_dags/example_task_group.py
[2026-09-22T16:22:08.584+0000] {processor.py:840} INFO - DAG(s) 'example_task_group' retrieved from /home/airflow/.local/lib/python3.12/site-packages/airflow/example_dags/example_task_group.py
[2026-09-22T16:22:08.617+0000] {logging_mixin.py:188} INFO - [2026-09-22T16:22:08.617+0000] {dag.py:3089} INFO - Sync 1 DAGs
[2026-09-22T16:22:08.653+0000] {logging_mixin.py:188} INFO - [2026-09-22T16:22:08.652+0000] {dag.py:3947} INFO - Setting next_dagrun for example_task_group to 2026-09-21 00:00:00+00:00, run_after=2026-09-22 00:00:00+00:00
[2026-09-22T16:22:08.686+0000] {processor.py:183} INFO - Processing /home/airflow/.local/lib/python3.12/site-packages/airflow/example_dags/example_task_group.py took 0.131 seconds
[2026-09-22T16:22:38.919+0000] {processor.py:161} INFO - Started process (PID=454) to work on /home/airflow/.local/lib/python3.12/site-packages/airflow/example_dags/example_task_group.py
[2026-09-22T16:22:38.921+0000] {processor.py:830} INFO - Processing file /home/airflow/.local/lib/python3.12/site-packages/airflow/example_dags/example_task_group.py for tasks to queue
[2026-09-22T16:22:38.924+0000] {logging_mixin.py:188} INFO - [2026-09-22T16:22:38.923+0000] {dagbag.py:545} INFO - Filling up the DagBag from /home/airflow/.local/lib/python3.12/site-packages/airflow/example_dags/example_task_group.py
[2026-09-22T16:22:38.932+0000] {processor.py:840} INFO - DAG(s) 'example_task_group' retrieved from /home/airflow/.local/lib/python3.12/site-packages/airflow/example_dags/example_task_group.py
[2026-09-22T16:22:38.964+0000] {logging_mixin.py:188} INFO - [2026-09-22T16:22:38.964+0000] {dag.py:3089} INFO - Sync 1 DAGs
[2026-09-22T16:22:38.998+0000] {logging_mixin.py:188} INFO - [2026-09-22T16:22:38.998+0000] {dag.py:3947} INFO - Setting next_dagrun for example_task_group to 2026-09-21 00:00:00+00:00, run_after=2026-09-22 00:00:00+00:00
[2026-09-22T16:22:39.038+0000] {processor.py:183} INFO - Processing /home/airflow/.local/lib/python3.12/site-packages/airflow/example_dags/example_task_group.py took 0.128 seconds
[2026-09-22T16:23:09.245+0000] {processor.py:161} INFO - Started process (PID=511) to work on /home/airflow/.local/lib/python3.12/site-packages/airflow/example_dags/example_task_group.py
[2026-09-22T16:23:09.247+0000] {processor.py:830} INFO - Processing file /home/airflow/.local/lib/python3.12/site-packages/airflow/example_dags/example_task_group.py for tasks to queue
[2026-09-22T16:23:09.251+0000] {logging_mixin.py:188} INFO - [2026-09-22T16:23:09.250+0000] {dagbag.py:545} INFO - Filling up the DagBag from /home/airflow/.local/lib/python3.12/site-packages/airflow/example_dags/example_task_group.py
[2026-09-22T16:23:09.262+0000] {processor.py:840} INFO - DAG(s) 'example_task_group' retrieved from /home/airflow/.local/lib/python3.12/site-packages/airflow/example_dags/example_task_group.py
[2026-09-22T16:23:09.298+0000] {logging_mixin.py:188} INFO - [2026-09-22T16:23:09.298+0000] {dag.py:3089} INFO - Sync 1 DAGs
[2026-09-22T16:23:09.326+0000] {logging_mixin.py:188} INFO - [2026-09-22T16:23:09.326+0000] {dag.py:3947} INFO - Setting next_dagrun for example_task_group to 2026-09-21 00:00:00+00:00, run_after=2026-09-22 00:00:00+00:00
[2026-09-22T16:23:09.359+0000] {processor.py:183} INFO - Processing /home/airflow/.local/lib/python3.12/site-packages/airflow/example_dags/example_task_group.py took 0.125 seconds
[2026-09-22T16:23:39.723+0000] {processor.py:161} INFO - Started process (PID=569) to work on /home/airflow/.local/lib/python3.12/site-packages/airflow/example_dags/example_task_group.py
[2026-09-22T16:23:39.725+0000] {processor.py:830} INFO - Processing file /home/airflow/.local/lib/python3.12/site-packages/airflow/example_dags/example_task_group.py for tasks to queue
[2026-09-22T16:23:39.729+0000] {logging_mixin.py:188} INFO - [2026-09-22T16:23:39.728+0000] {dagbag.py:545} INFO - Filling up the DagBag from /home/airflow/.local/lib/python3.12/site-packages/airflow/example_dags/example_task_group.py
[2026-09-22T16:23:39.746+0000] {processor.py:840} INFO - DAG(s) 'example_task_group' retrieved from /home/airflow/.local/lib/python3.12/site-packages/airflow/example_dags/example_task_group.py
[2026-09-22T16:23:39.789+0000] {logging_mixin.py:188} INFO - [2026-09-22T16:23:39.789+0000] {dag.py:3089} INFO - Sync 1 DAGs
[2026-09-22T16:23:39.825+0000] {logging_mixin.py:188} INFO - [2026-09-22T16:23:39.825+0000] {dag.py:3947} INFO - Setting next_dagrun for example_task_group to 2026-09-21 00:00:00+00:00, run_after=2026-09-22 00:00:00+00:00
[2026-09-22T16:23:39.921+0000] {processor.py:183} INFO - Processing /home/airflow/.local/lib/python3.12/site-packages/airflow/example_dags/example_task_group.py took 0.213 seconds
[2026-09-22T16:24:10.287+0000] {processor.py:161} INFO - Started process (PID=627) to work on /home/airflow/.local/lib/python3.12/site-packages/airflow/example_dags/example_task_group.py
[2026-09-22T16:24:10.289+0000] {processor.py:830} INFO - Processing file /home/airflow/.local/lib/python3.12/site-packages/airflow/example_dags/example_task_group.py for tasks to queue
[2026-09-22T16:24:10.293+0000] {logging_mixin.py:188} INFO - [2026-09-22T16:24:10.293+0000] {dagbag.py:545} INFO - Filling up the DagBag from /home/airflow/.local/lib/python3.12/site-packages/airflow/example_dags/example_task_group.py
[2026-09-22T16:24:10.306+0000] {processor.py:840} INFO - DAG(s) 'example_task_group' retrieved from /home/airflow/.local/lib/python3.12/site-packages/airflow/example_dags/example_task_group.py
[2026-09-22T16:24:10.344+0000] {logging_mixin.py:188} INFO - [2026-09-22T16:24:10.344+0000] {dag.py:3089} INFO - Sync 1 DAGs
[2026-09-22T16:24:10.393+0000] {logging_mixin.py:188} INFO - [2026-09-22T16:24:10.393+0000] {dag.py:3947} INFO - Setting next_dagrun for example_task_group to 2026-09-21 00:00:00+00:00, run_after=2026-09-22 00:00:00+00:00
[2026-09-22T16:24:10.485+0000] {processor.py:183} INFO - Processing /home/airflow/.local/lib/python3.12/site-packages/airflow/example_dags/example_task_group.py took 0.210 seconds
[2026-09-22T16:24:40.581+0000] {processor.py:161} INFO - Started process (PID=685) to work on /home/airflow/.local/lib/python3.12/site-packages/airflow/example_dags/example_task_group.py
[2026-09-22T16:24:40.583+0000] {processor.py:830} INFO - Processing file /home/airflow/.local/lib/python3.12/site-packages/airflow/example_dags/example_task_group.py for tasks to queue
[2026-09-22T16:24:40.587+0000] {logging_mixin.py:188} INFO - [2026-09-22T16:24:40.587+0000] {dagbag.py:545} INFO - Filling up the DagBag from /home/airflow/.local/lib/python3.12/site-packages/airflow/example_dags/example_task_group.py
[2026-09-22T16:24:40.597+0000] {processor.py:840} INFO - DAG(s) 'example_task_group' retrieved from /home/airflow/.local/lib/python3.12/site-packages/airflow/example_dags/example_task_group.py
[2026-09-22T16:24:40.631+0000] {logging_mixin.py:188} INFO - [2026-09-22T16:24:40.631+0000] {dag.py:3089} INFO - Sync 1 DAGs
[2026-09-22T16:24:40.667+0000] {logging_mixin.py:188} INFO - [2026-09-22T16:24:40.667+0000] {dag.py:3947} INFO - Setting next_dagrun for example_task_group to 2026-09-21 00:00:00+00:00, run_after=2026-09-22 00:00:00+00:00
[2026-09-22T16:24:40.699+0000] {processor.py:183} INFO - Processing /home/airflow/.local/lib/python3.12/site-packages/airflow/example_dags/example_task_group.py took 0.128 seconds
[2026-09-22T16:25:11.068+0000] {processor.py:161} INFO - Started process (PID=743) to work on /home/airflow/.local/lib/python3.12/site-packages/airflow/example_dags/example_task_group.py
[2026-09-22T16:25:11.069+0000] {processor.py:830} INFO - Processing file /home/airflow/.local/lib/python3.12/site-packages/airflow/example_dags/example_task_group.py for tasks to queue
[2026-09-22T16:25:11.075+0000] {logging_mixin.py:188} INFO - [2026-09-22T16:25:11.074+0000] {dagbag.py:545} INFO - Filling up the DagBag from /home/airflow/.local/lib/python3.12/site-packages/airflow/example_dags/example_task_group.py
[2026-09-22T16:25:11.088+0000] {processor.py:840} INFO - DAG(s) 'example_task_group' retrieved from /home/airflow/.local/lib/python3.12/site-packages/airflow/example_dags/example_task_group.py
[2026-09-22T16:25:11.113+0000] {logging_mixin.py:188} INFO - [2026-09-22T16:25:11.113+0000] {dag.py:3089} INFO - Sync 1 DAGs
[2026-09-22T16:25:11.150+0000] {logging_mixin.py:188} INFO - [2026-09-22T16:25:11.150+0000] {dag.py:3947} INFO - Setting next_dagrun for example_task_group to 2026-09-21 00:00:00+00:00, run_after=2026-09-22 00:00:00+00:00
[2026-09-22T16:25:11.235+0000] {processor.py:183} INFO - Processing /home/airflow/.local/lib/python3.12/site-packages/airflow/example_dags/example_task_group.py took 0.176 seconds
[2026-09-22T16:25:41.541+0000] {processor.py:161} INFO - Started process (PID=801) to work on /home/airflow/.local/lib/python3.12/site-packages/airflow/example_dags/example_task_group.py
[2026-09-22T16:25:41.543+0000] {processor.py:830} INFO - Processing file /home/airflow/.local/lib/python3.12/site-packages/airflow/example_dags/example_task_group.py for tasks to queue
[2026-09-22T16:25:41.548+0000] {logging_mixin.py:188} INFO - [2026-09-22T16:25:41.547+0000] {dagbag.py:545} INFO - Filling up the DagBag from /home/airflow/.local/lib/python3.12/site-packages/airflow/example_dags/example_task_group.py
[2026-09-22T16:25:41.560+0000] {processor.py:840} INFO - DAG(s) 'example_task_group' retrieved from /home/airflow/.local/lib/python3.12/site-packages/airflow/example_dags/example_task_group.py
[2026-09-22T16:25:41.599+0000] {logging_mixin.py:188} INFO - [2026-09-22T16:25:41.598+0000] {dag.py:3089} INFO - Sync 1 DAGs
[2026-09-22T16:25:41.641+0000] {logging_mixin.py:188} INFO - [2026-09-22T16:25:41.640+0000] {dag.py:3947} INFO - Setting next_dagrun for example_task_group to 2026-09-21 00:00:00+00:00, run_after=2026-09-22 00:00:00+00:00
[2026-09-22T16:25:41.676+0000] {processor.py:183} INFO - Processing /home/airflow/.local/lib/python3.12/site-packages/airflow/example_dags/example_task_group.py took 0.145 seconds
[2026-09-22T16:26:12.334+0000] {processor.py:161} INFO - Started process (PID=859) to work on /home/airflow/.local/lib/python3.12/site-packages/airflow/example_dags/example_task_group.py
[2026-09-22T16:26:12.336+0000] {processor.py:830} INFO - Processing file /home/airflow/.local/lib/python3.12/site-packages/airflow/example_dags/example_task_group.py for tasks to queue
[2026-09-22T16:26:12.340+0000] {logging_mixin.py:188} INFO - [2026-09-22T16:26:12.340+0000] {dagbag.py:545} INFO - Filling up the DagBag from /home/airflow/.local/lib/python3.12/site-packages/airflow/example_dags/example_task_group.py
[2026-09-22T16:26:12.353+0000] {processor.py:840} INFO - DAG(s) 'example_task_group' retrieved from /home/airflow/.local/lib/python3.12/site-packages/airflow/example_dags/example_task_group.py
[2026-09-22T16:26:12.389+0000] {logging_mixin.py:188} INFO - [2026-09-22T16:26:12.388+0000] {dag.py:3089} INFO - Sync 1 DAGs
[2026-09-22T16:26:12.425+0000] {logging_mixin.py:188} INFO - [2026-09-22T16:26:12.425+0000] {dag.py:3947} INFO - Setting next_dagrun for example_task_group to 2026-09-21 00:00:00+00:00, run_after=2026-09-22 00:00:00+00:00
[2026-09-22T16:26:12.506+0000] {processor.py:183} INFO - Processing /home/airflow/.local/lib/python3.12/site-packages/airflow/example_dags/example_task_group.py took 0.181 seconds
[2026-09-22T16:26:43.438+0000] {processor.py:161} INFO - Started process (PID=917) to work on /home/airflow/.local/lib/python3.12/site-packages/airflow/example_dags/example_task_group.py
[2026-09-22T16:26:43.440+0000] {processor.py:830} INFO - Processing file /home/airflow/.local/lib/python3.12/site-packages/airflow/example_dags/example_task_group.py for tasks to queue
[2026-09-22T16:26:43.443+0000] {logging_mixin.py:188} INFO - [2026-09-22T16:26:43.442+0000] {dagbag.py:545} INFO - Filling up the DagBag from /home/airflow/.local/lib/python3.12/site-packages/airflow/example_dags/example_task_group.py
[2026-09-22T16:26:43.452+0000] {processor.py:840} INFO - DAG(s) 'example_task_group' retrieved from /home/airflow/.local/lib/python3.12/site-packages/airflow/example_dags/example_task_group.py
[2026-09-22T16:26:43.480+0000] {logging_mixin.py:188} INFO - [2026-09-22T16:26:43.480+0000] {dag.py:3089} INFO - Sync 1 DAGs
[2026-09-22T16:26:43.508+0000] {logging_mixin.py:188} INFO - [2026-09-22T16:26:43.507+0000] {dag.py:3947} INFO - Setting next_dagrun for example_task_group to 2026-09-21 00:00:00+00:00, run_after=2026-09-22 00:00:00+00:00
[2026-09-22T16:26:43.594+0000] {processor.py:183} INFO - Processing /home/airflow/.local/lib/python3.12/site-packages/airflow/example_dags/example_task_group.py took 0.164 seconds
[2026-09-22T16:27:14.095+0000] {processor.py:161} INFO - Started process (PID=975) to work on /home/airflow/.local/lib/python3.12/site-packages/airflow/example_dags/example_task_group.py
[2026-09-22T16:27:14.097+0000] {processor.py:830} INFO - Processing file /home/airflow/.local/lib/python3.12/site-packages/airflow/example_dags/example_task_group.py for tasks to queue
[2026-09-22T16:27:14.101+0000] {logging_mixin.py:188} INFO - [2026-09-22T16:27:14.100+0000] {dagbag.py:545} INFO - Filling up the DagBag from /home/airflow/.local/lib/python3.12/site-packages/airflow/example_dags/example_task_group.py
[2026-09-22T16:27:14.118+0000] {processor.py:840} INFO - DAG(s) 'example_task_group' retrieved from /home/airflow/.local/lib/python3.12/site-packages/airflow/example_dags/example_task_group.py
[2026-09-22T16:27:14.157+0000] {logging_mixin.py:188} INFO - [2026-09-22T16:27:14.156+0000] {dag.py:3089} INFO - Sync 1 DAGs
[2026-09-22T16:27:14.193+0000] {logging_mixin.py:188} INFO - [2026-09-22T16:27:14.193+0000] {dag.py:3947} INFO - Setting next_dagrun for example_task_group to 2026-09-21 00:00:00+00:00, run_after=2026-09-22 00:00:00+00:00
[2026-09-22T16:27:14.272+0000] {processor.py:183} INFO - Processing /home/airflow/.local/lib/python3.12/site-packages/airflow/example_dags/example_task_group.py took 0.186 seconds
[2026-09-22T16:27:44.409+0000] {processor.py:161} INFO - Started process (PID=1033) to work on /home/airflow/.local/lib/python3.12/site-packages/airflow/example_dags/example_task_group.py
[2026-09-22T16:27:44.410+0000] {processor.py:830} INFO - Processing file /home/airflow/.local/lib/python3.12/site-packages/airflow/example_dags/example_task_group.py for tasks to queue
[2026-09-22T16:27:44.414+0000] {logging_mixin.py:188} INFO - [2026-09-22T16:27:44.413+0000] {dagbag.py:545} INFO - Filling up the DagBag from /home/airflow/.local/lib/python3.12/site-packages/airflow/example_dags/example_task_group.py
[2026-09-22T16:27:44.424+0000] {processor.py:840} INFO - DAG(s) 'example_task_group' retrieved from /home/airflow/.local/lib/python3.12/site-packages/airflow/example_dags/example_task_group.py
[2026-09-22T16:27:44.463+0000] {logging_mixin.py:188} INFO - [2026-09-22T16:27:44.463+0000] {dag.py:3089} INFO - Sync 1 DAGs
[2026-09-22T16:27:44.517+0000] {logging_mixin.py:188} INFO - [2026-09-22T16:27:44.516+0000] {dag.py:3947} INFO - Setting next_dagrun for example_task_group to 2026-09-21 00:00:00+00:00, run_after=2026-09-22 00:00:00+00:00
[2026-09-22T16:27:44.608+0000] {processor.py:183} INFO - Processing /home/airflow/.local/lib/python3.12/site-packages/airflow/example_dags/example_task_group.py took 0.208 seconds
[2026-09-22T16:28:15.151+0000] {processor.py:161} INFO - Started process (PID=1091) to work on /home/airflow/.local/lib/python3.12/site-packages/airflow/example_dags/example_task_group.py
[2026-09-22T16:28:15.153+0000] {processor.py:830} INFO - Processing file /home/airflow/.local/lib/python3.12/site-packages/airflow/example_dags/example_task_group.py for tasks to queue
[2026-09-22T16:28:15.157+0000] {logging_mixin.py:188} INFO - [2026-09-22T16:28:15.156+0000] {dagbag.py:545} INFO - Filling up the DagBag from /home/airflow/.local/lib/python3.12/site-packages/airflow/example_dags/example_task_group.py
[2026-09-22T16:28:15.168+0000] {processor.py:840} INFO - DAG(s) 'example_task_group' retrieved from /home/airflow/.local/lib/python3.12/site-packages/airflow/example_dags/example_task_group.py
[2026-09-22T16:28:15.197+0000] {logging_mixin.py:188} INFO - [2026-09-22T16:28:15.197+0000] {dag.py:3089} INFO - Sync 1 DAGs
[2026-09-22T16:28:15.225+0000] {logging_mixin.py:188} INFO - [2026-09-22T16:28:15.225+0000] {dag.py:3947} INFO - Setting next_dagrun for example_task_group to 2026-09-21 00:00:00+00:00, run_after=2026-09-22 00:00:00+00:00
[2026-09-22T16:28:15.305+0000] {processor.py:183} INFO - Processing /home/airflow/.local/lib/python3.12/site-packages/airflow/example_dags/example_task_group.py took 0.162 seconds
[2026-09-22T16:28:45.454+0000] {processor.py:161} INFO - Started process (PID=1149) to work on /home/airflow/.local/lib/python3.12/site-packages/airflow/example_dags/example_task_group.py
[2026-09-22T16:28:45.455+0000] {processor.py:830} INFO - Processing file /home/airflow/.local/lib/python3.12/site-packages/airflow/example_dags/example_task_group.py for tasks to queue
[2026-09-22T16:28:45.458+0000] {logging_mixin.py:188} INFO - [2026-09-22T16:28:45.458+0000] {dagbag.py:545} INFO - Filling up the DagBag from /home/airflow/.local/lib/python3.12/site-packages/airflow/example_dags/example_task_group.py
[2026-09-22T16:28:45.472+0000] {processor.py:840} INFO - DAG(s) 'example_task_group' retrieved from /home/airflow/.local/lib/python3.12/site-packages/airflow/example_dags/example_task_group.py
[2026-09-22T16:28:45.507+0000] {logging_mixin.py:188} INFO - [2026-09-22T16:28:45.507+0000] {dag.py:3089} INFO - Sync 1 DAGs
[2026-09-22T16:28:45.544+0000] {logging_mixin.py:188} INFO - [2026-09-22T16:28:45.543+0000] {dag.py:3947} INFO - Setting next_dagrun for example_task_group to 2026-09-21 00:00:00+00:00, run_after=2026-09-22 00:00:00+00:00
[2026-09-22T16:28:45.640+0000] {processor.py:183} INFO - Processing /home/airflow/.local/lib/python3.12/site-packages/airflow/example_dags/example_task_group.py took 0.195 seconds
[2026-09-22T16:29:16.194+0000] {processor.py:161} INFO - Started process (PID=1207) to work on /home/airflow/.local/lib/python3.12/site-packages/airflow/example_dags/example_task_group.py
[2026-09-22T16:29:16.196+0000] {processor.py:830} INFO - Processing file /home/airflow/.local/lib/python3.12/site-packages/airflow/example_dags/example_task_group.py for tasks to queue
[2026-09-22T16:29:16.200+0000] {logging_mixin.py:188} INFO - [2026-09-22T16:29:16.199+0000] {dagbag.py:545} INFO - Filling up the DagBag from /home/airflow/.local/lib/python3.12/site-packages/airflow/example_dags/example_task_group.py
[2026-09-22T16:29:16.211+0000] {processor.py:840} INFO - DAG(s) 'example_task_group' retrieved from /home/airflow/.local/lib/python3.12/site-packages/airflow/example_dags/example_task_group.py
[2026-09-22T16:29:16.244+0000] {logging_mixin.py:188} INFO - [2026-09-22T16:29:16.244+0000] {dag.py:3089} INFO - Sync 1 DAGs
[2026-09-22T16:29:16.276+0000] {logging_mixin.py:188} INFO - [2026-09-22T16:29:16.275+0000] {dag.py:3947} INFO - Setting next_dagrun for example_task_group to 2026-09-21 00:00:00+00:00, run_after=2026-09-22 00:00:00+00:00
[2026-09-22T16:29:16.364+0000] {processor.py:183} INFO - Processing /home/airflow/.local/lib/python3.12/site-packages/airflow/example_dags/example_task_group.py took 0.180 seconds
[2026-09-22T16:29:46.891+0000] {processor.py:161} INFO - Started process (PID=1264) to work on /home/airflow/.local/lib/python3.12/site-packages/airflow/example_dags/example_task_group.py
[2026-09-22T16:29:46.893+0000] {processor.py:830} INFO - Processing file /home/airflow/.local/lib/python3.12/site-packages/airflow/example_dags/example_task_group.py for tasks to queue
[2026-09-22T16:29:46.896+0000] {logging_mixin.py:188} INFO - [2026-09-22T16:29:46.896+0000] {dagbag.py:545} INFO - Filling up the DagBag from /home/airflow/.local/lib/python3.12/site-packages/airflow/example_dags/example_task_group.py
[2026-09-22T16:29:46.907+0000] {processor.py:840} INFO - DAG(s) 'example_task_group' retrieved from /home/airflow/.local/lib/python3.12/site-packages/airflow/example_dags/example_task_group.py
[2026-09-22T16:29:46.939+0000] {logging_mixin.py:188} INFO - [2026-09-22T16:29:46.939+0000] {dag.py:3089} INFO - Sync 1 DAGs
[2026-09-22T16:29:46.967+0000] {logging_mixin.py:188} INFO - [2026-09-22T16:29:46.966+0000] {dag.py:3947} INFO - Setting next_dagrun for example_task_group to 2026-09-21 00:00:00+00:00, run_after=2026-09-22 00:00:00+00:00
[2026-09-22T16:29:46.999+0000] {processor.py:183} INFO - Processing /home/airflow/.local/lib/python3.12/site-packages/airflow/example_dags/example_task_group.py took 0.116 seconds
[2026-09-22T16:30:17.258+0000] {processor.py:161} INFO - Started process (PID=1322) to work on /home/airflow/.local/lib/python3.12/site-packages/airflow/example_dags/example_task_group.py
[2026-09-22T16:30:17.260+0000] {processor.py:830} INFO - Processing file /home/airflow/.local/lib/python3.12/site-packages/airflow/example_dags/example_task_group.py for tasks to queue
[2026-09-22T16:30:17.263+0000] {logging_mixin.py:188} INFO - [2026-09-22T16:30:17.262+0000] {dagbag.py:545} INFO - Filling up the DagBag from /home/airflow/.local/lib/python3.12/site-packages/airflow/example_dags/example_task_group.py
[2026-09-22T16:30:17.271+0000] {processor.py:840} INFO - DAG(s) 'example_task_group' retrieved from /home/airflow/.local/lib/python3.12/site-packages/airflow/example_dags/example_task_group.py
[2026-09-22T16:30:17.297+0000] {logging_mixin.py:188} INFO - [2026-09-22T16:30:17.297+0000] {dag.py:3089} INFO - Sync 1 DAGs
[2026-09-22T16:30:17.322+0000] {logging_mixin.py:188} INFO - [2026-09-22T16:30:17.322+0000] {dag.py:3947} INFO - Setting next_dagrun for example_task_group to 2026-09-21 00:00:00+00:00, run_after=2026-09-22 00:00:00+00:00
[2026-09-22T16:30:17.408+0000] {processor.py:183} INFO - Processing /home/airflow/.local/lib/python3.12/site-packages/airflow/example_dags/example_task_group.py took 0.161 seconds
[2026-09-22T16:30:47.697+0000] {processor.py:161} INFO - Started process (PID=1380) to work on /home/airflow/.local/lib/python3.12/site-packages/airflow/example_dags/example_task_group.py
[2026-09-22T16:30:47.698+0000] {processor.py:830} INFO - Processing file /home/airflow/.local/lib/python3.12/site-packages/airflow/example_dags/example_task_group.py for tasks to queue
[2026-09-22T16:30:47.702+0000] {logging_mixin.py:188} INFO - [2026-09-22T16:30:47.701+0000] {dagbag.py:545} INFO - Filling up the DagBag from /home/airflow/.local/lib/python3.12/site-packages/airflow/example_dags/example_task_group.py
[2026-09-22T16:30:47.713+0000] {processor.py:840} INFO - DAG(s) 'example_task_group' retrieved from /home/airflow/.local/lib/python3.12/site-packages/airflow/example_dags/example_task_group.py
[2026-09-22T16:30:47.755+0000] {logging_mixin.py:188} INFO - [2026-09-22T16:30:47.754+0000] {dag.py:3089} INFO - Sync 1 DAGs
[2026-09-22T16:30:47.798+0000] {logging_mixin.py:188} INFO - [2026-09-22T16:30:47.797+0000] {dag.py:3947} INFO - Setting next_dagrun for example_task_group to 2026-09-21 00:00:00+00:00, run_after=2026-09-22 00:00:00+00:00
[2026-09-22T16:30:47.885+0000] {processor.py:183} INFO - Processing /home/airflow/.local/lib/python3.12/site-packages/airflow/example_dags/example_task_group.py took 0.198 seconds
[2026-09-22T16:31:18.535+0000] {processor.py:161} INFO - Started process (PID=1438) to work on /home/airflow/.local/lib/python3.12/site-packages/airflow/example_dags/example_task_group.py
[2026-09-22T16:31:18.537+0000] {processor.py:830} INFO - Processing file /home/airflow/.local/lib/python3.12/site-packages/airflow/example_dags/example_task_group.py for tasks to queue
[2026-09-22T16:31:18.540+0000] {logging_mixin.py:188} INFO - [2026-09-22T16:31:18.540+0000] {dagbag.py:545} INFO - Filling up the DagBag from /home/airflow/.local/lib/python3.12/site-packages/airflow/example_dags/example_task_group.py
[2026-09-22T16:31:18.549+0000] {processor.py:840} INFO - DAG(s) 'example_task_group' retrieved from /home/airflow/.local/lib/python3.12/site-packages/airflow/example_dags/example_task_group.py
[2026-09-22T16:31:18.578+0000] {logging_mixin.py:188} INFO - [2026-09-22T16:31:18.577+0000] {dag.py:3089} INFO - Sync 1 DAGs
[2026-09-22T16:31:18.607+0000] {logging_mixin.py:188} INFO - [2026-09-22T16:31:18.606+0000] {dag.py:3947} INFO - Setting next_dagrun for example_task_group to 2026-09-21 00:00:00+00:00, run_after=2026-09-22 00:00:00+00:00
[2026-09-22T16:31:18.702+0000] {processor.py:183} INFO - Processing /home/airflow/.local/lib/python3.12/site-packages/airflow/example_dags/example_task_group.py took 0.175 seconds
[2026-09-22T16:31:49.288+0000] {processor.py:161} INFO - Started process (PID=1496) to work on /home/airflow/.local/lib/python3.12/site-packages/airflow/example_dags/example_task_group.py
[2026-09-22T16:31:49.290+0000] {processor.py:830} INFO - Processing file /home/airflow/.local/lib/python3.12/site-packages/airflow/example_dags/example_task_group.py for tasks to queue
[2026-09-22T16:31:49.293+0000] {logging_mixin.py:188} INFO - [2026-09-22T16:31:49.292+0000] {dagbag.py:545} INFO - Filling up the DagBag from /home/airflow/.local/lib/python3.12/site-packages/airflow/example_dags/example_task_group.py
[2026-09-22T16:31:49.305+0000] {processor.py:840} INFO - DAG(s) 'example_task_group' retrieved from /home/airflow/.local/lib/python3.12/site-packages/airflow/example_dags/example_task_group.py
[2026-09-22T16:31:49.338+0000] {logging_mixin.py:188} INFO - [2026-09-22T16:31:49.338+0000] {dag.py:3089} INFO - Sync 1 DAGs
[2026-09-22T16:31:49.368+0000] {logging_mixin.py:188} INFO - [2026-09-22T16:31:49.367+0000] {dag.py:3947} INFO - Setting next_dagrun for example_task_group to 2026-09-21 00:00:00+00:00, run_after=2026-09-22 00:00:00+00:00
[2026-09-22T16:31:49.414+0000] {processor.py:183} INFO - Processing /home/airflow/.local/lib/python3.12/site-packages/airflow/example_dags/example_task_group.py took 0.139 seconds
[2026-09-22T16:32:19.737+0000] {processor.py:161} INFO - Started process (PID=1554) to work on /home/airflow/.local/lib/python3.12/site-packages/airflow/example_dags/example_task_group.py
[2026-09-22T16:32:19.739+0000] {processor.py:830} INFO - Processing file /home/airflow/.local/lib/python3.12/site-packages/airflow/example_dags/example_task_group.py for tasks to queue
[2026-09-22T16:32:19.741+0000] {logging_mixin.py:188} INFO - [2026-09-22T16:32:19.741+0000] {dagbag.py:545} INFO - Filling up the DagBag from /home/airflow/.local/lib/python3.12/site-packages/airflow/example_dags/example_task_group.py
[2026-09-22T16:32:19.751+0000] {processor.py:840} INFO - DAG(s) 'example_task_group' retrieved from /home/airflow/.local/lib/python3.12/site-packages/airflow/example_dags/example_task_group.py
[2026-09-22T16:32:19.785+0000] {logging_mixin.py:188} INFO - [2026-09-22T16:32:19.785+0000] {dag.py:3089} INFO - Sync 1 DAGs
[2026-09-22T16:32:19.818+0000] {logging_mixin.py:188} INFO - [2026-09-22T16:32:19.818+0000] {dag.py:3947} INFO - Setting next_dagrun for example_task_group to 2026-09-21 00:00:00+00:00, run_after=2026-09-22 00:00:00+00:00
[2026-09-22T16:32:19.898+0000] {processor.py:183} INFO - Processing /home/airflow/.local/lib/python3.12/site-packages/airflow/example_dags/example_task_group.py took 0.170 seconds
[2026-09-22T16:32:50.604+0000] {processor.py:161} INFO - Started process (PID=1612) to work on /home/airflow/.local/lib/python3.12/site-packages/airflow/example_dags/example_task_group.py
[2026-09-22T16:32:50.606+0000] {processor.py:830} INFO - Processing file /home/airflow/.local/lib/python3.12/site-packages/airflow/example_dags/example_task_group.py for tasks to queue
[2026-09-22T16:32:50.611+0000] {logging_mixin.py:188} INFO - [2026-09-22T16:32:50.610+0000] {dagbag.py:545} INFO - Filling up the DagBag from /home/airflow/.local/lib/python3.12/site-packages/airflow/example_dags/example_task_group.py
[2026-09-22T16:32:50.631+0000] {processor.py:840} INFO - DAG(s) 'example_task_group' retrieved from /home/airflow/.local/lib/python3.12/site-packages/airflow/example_dags/example_task_group.py
[2026-09-22T16:32:50.686+0000] {logging_mixin.py:188} INFO - [2026-09-22T16:32:50.685+0000] {dag.py:3089} INFO - Sync 1 DAGs
[2026-09-22T16:32:50.732+0000] {logging_mixin.py:188} INFO - [2026-09-22T16:32:50.732+0000] {dag.py:3947} INFO - Setting next_dagrun for example_task_group to 2026-09-21 00:00:00+00:00, run_after=2026-09-22 00:00:00+00:00
[2026-09-22T16:32:50.776+0000] {processor.py:183} INFO - Processing /home/airflow/.local/lib/python3.12/site-packages/airflow/example_dags/example_task_group.py took 0.187 seconds
[2026-09-22T16:33:20.957+0000] {processor.py:161} INFO - Started process (PID=1670) to work on /home/airflow/.local/lib/python3.12/site-packages/airflow/example_dags/example_task_group.py
[2026-09-22T16:33:20.959+0000] {processor.py:830} INFO - Processing file /home/airflow/.local/lib/python3.12/site-packages/airflow/example_dags/example_task_group.py for tasks to queue
[2026-09-22T16:33:20.962+0000] {logging_mixin.py:188} INFO - [2026-09-22T16:33:20.962+0000] {dagbag.py:545} INFO - Filling up the DagBag from /home/airflow/.local/lib/python3.12/site-packages/airflow/example_dags/example_task_group.py
[2026-09-22T16:33:20.972+0000] {processor.py:840} INFO - DAG(s) 'example_task_group' retrieved from /home/airflow/.local/lib/python3.12/site-packages/airflow/example_dags/example_task_group.py
[2026-09-22T16:33:21.004+0000] {logging_mixin.py:188} INFO - [2026-09-22T16:33:21.003+0000] {dag.py:3089} INFO - Sync 1 DAGs
[2026-09-22T16:33:21.031+0000] {logging_mixin.py:188} INFO - [2026-09-22T16:33:21.031+0000] {dag.py:3947} INFO - Setting next_dagrun for example_task_group to 2026-09-21 00:00:00+00:00, run_after=2026-09-22 00:00:00+00:00
[2026-09-22T16:33:21.060+0000] {processor.py:183} INFO - Processing /home/airflow/.local/lib/python3.12/site-packages/airflow/example_dags/example_task_group.py took 0.116 seconds
[2026-09-22T16:33:51.208+0000] {processor.py:161} INFO - Started process (PID=1728) to work on /home/airflow/.local/lib/python3.12/site-packages/airflow/example_dags/example_task_group.py
[2026-09-22T16:33:51.210+0000] {processor.py:830} INFO - Processing file /home/airflow/.local/lib/python3.12/site-packages/airflow/example_dags/example_task_group.py for tasks to queue
[2026-09-22T16:33:51.213+0000] {logging_mixin.py:188} INFO - [2026-09-22T16:33:51.212+0000] {dagbag.py:545} INFO - Filling up the DagBag from /home/airflow/.local/lib/python3.12/site-packages/airflow/example_dags/example_task_group.py
[2026-09-22T16:33:51.222+0000] {processor.py:840} INFO - DAG(s) 'example_task_group' retrieved from /home/airflow/.local/lib/python3.12/site-packages/airflow/example_dags/example_task_group.py
[2026-09-22T16:33:51.260+0000] {logging_mixin.py:188} INFO - [2026-09-22T16:33:51.260+0000] {dag.py:3089} INFO - Sync 1 DAGs
[2026-09-22T16:33:51.290+0000] {logging_mixin.py:188} INFO - [2026-09-22T16:33:51.289+0000] {dag.py:3947} INFO - Setting next_dagrun for example_task_group to 2026-09-21 00:00:00+00:00, run_after=2026-09-22 00:00:00+00:00
[2026-09-22T16:33:51.324+0000] {processor.py:183} INFO - Processing /home/airflow/.local/lib/python3.12/site-packages/airflow/example_dags/example_task_group.py took 0.123 seconds
[2026-09-22T16:34:22.367+0000] {processor.py:161} INFO - Started process (PID=1786) to work on /home/airflow/.local/lib/python3.12/site-packages/airflow/example_dags/example_task_group.py
[2026-09-22T16:34:22.370+0000] {processor.py:830} INFO - Processing file /home/airflow/.local/lib/python3.12/site-packages/airflow/example_dags/example_task_group.py for tasks to queue
[2026-09-22T16:34:22.380+0000] {logging_mixin.py:188} INFO - [2026-09-22T16:34:22.379+0000] {dagbag.py:545} INFO - Filling up the DagBag from /home/airflow/.local/lib/python3.12/site-packages/airflow/example_dags/example_task_group.py
[2026-09-22T16:34:22.390+0000] {processor.py:840} INFO - DAG(s) 'example_task_group' retrieved from /home/airflow/.local/lib/python3.12/site-packages/airflow/example_dags/example_task_group.py
[2026-09-22T16:34:22.416+0000] {logging_mixin.py:188} INFO - [2026-09-22T16:34:22.416+0000] {dag.py:3089} INFO - Sync 1 DAGs
[2026-09-22T16:34:22.451+0000] {logging_mixin.py:188} INFO - [2026-09-22T16:34:22.451+0000] {dag.py:3947} INFO - Setting next_dagrun for example_task_group to 2026-09-21 00:00:00+00:00, run_after=2026-09-22 00:00:00+00:00
[2026-09-22T16:34:22.480+0000] {processor.py:183} INFO - Processing /home/airflow/.local/lib/python3.12/site-packages/airflow/example_dags/example_task_group.py took 0.136 seconds
[2026-09-22T16:34:53.693+0000] {processor.py:161} INFO - Started process (PID=1844) to work on /home/airflow/.local/lib/python3.12/site-packages/airflow/example_dags/example_task_group.py
[2026-09-22T16:34:53.694+0000] {processor.py:830} INFO - Processing file /home/airflow/.local/lib/python3.12/site-packages/airflow/example_dags/example_task_group.py for tasks to queue
[2026-09-22T16:34:53.697+0000] {logging_mixin.py:188} INFO - [2026-09-22T16:34:53.696+0000] {dagbag.py:545} INFO - Filling up the DagBag from /home/airflow/.local/lib/python3.12/site-packages/airflow/example_dags/example_task_group.py
[2026-09-22T16:34:53.706+0000] {processor.py:840} INFO - DAG(s) 'example_task_group' retrieved from /home/airflow/.local/lib/python3.12/site-packages/airflow/example_dags/example_task_group.py
[2026-09-22T16:34:53.739+0000] {logging_mixin.py:188} INFO - [2026-09-22T16:34:53.738+0000] {dag.py:3089} INFO - Sync 1 DAGs
[2026-09-22T16:34:53.773+0000] {logging_mixin.py:188} INFO - [2026-09-22T16:34:53.773+0000] {dag.py:3947} INFO - Setting next_dagrun for example_task_group to 2026-09-21 00:00:00+00:00, run_after=2026-09-22 00:00:00+00:00
[2026-09-22T16:34:53.803+0000] {processor.py:183} INFO - Processing /home/airflow/.local/lib/python3.12/site-packages/airflow/example_dags/example_task_group.py took 0.118 seconds
[2026-09-22T16:35:24.206+0000] {processor.py:161} INFO - Started process (PID=1902) to work on /home/airflow/.local/lib/python3.12/site-packages/airflow/example_dags/example_task_group.py
[2026-09-22T16:35:24.208+0000] {processor.py:830} INFO - Processing file /home/airflow/.local/lib/python3.12/site-packages/airflow/example_dags/example_task_group.py for tasks to queue
[2026-09-22T16:35:24.211+0000] {logging_mixin.py:188} INFO - [2026-09-22T16:35:24.210+0000] {dagbag.py:545} INFO - Filling up the DagBag from /home/airflow/.local/lib/python3.12/site-packages/airflow/example_dags/example_task_group.py
[2026-09-22T16:35:24.225+0000] {processor.py:840} INFO - DAG(s) 'example_task_group' retrieved from /home/airflow/.local/lib/python3.12/site-packages/airflow/example_dags/example_task_group.py
[2026-09-22T16:35:24.268+0000] {logging_mixin.py:188} INFO - [2026-09-22T16:35:24.267+0000] {dag.py:3089} INFO - Sync 1 DAGs
[2026-09-22T16:35:24.309+0000] {logging_mixin.py:188} INFO - [2026-09-22T16:35:24.308+0000] {dag.py:3947} INFO - Setting next_dagrun for example_task_group to 2026-09-21 00:00:00+00:00, run_after=2026-09-22 00:00:00+00:00
[2026-09-22T16:35:24.390+0000] {processor.py:183} INFO - Processing /home/airflow/.local/lib/python3.12/site-packages/airflow/example_dags/example_task_group.py took 0.194 seconds
[2026-09-22T16:35:55.090+0000] {processor.py:161} INFO - Started process (PID=1960) to work on /home/airflow/.local/lib/python3.12/site-packages/airflow/example_dags/example_task_group.py
[2026-09-22T16:35:55.094+0000] {processor.py:830} INFO - Processing file /home/airflow/.local/lib/python3.12/site-packages/airflow/example_dags/example_task_group.py for tasks to queue
[2026-09-22T16:35:55.099+0000] {logging_mixin.py:188} INFO - [2026-09-22T16:35:55.098+0000] {dagbag.py:545} INFO - Filling up the DagBag from /home/airflow/.local/lib/python3.12/site-packages/airflow/example_dags/example_task_group.py
[2026-09-22T16:35:55.120+0000] {processor.py:840} INFO - DAG(s) 'example_task_group' retrieved from /home/airflow/.local/lib/python3.12/site-packages/airflow/example_dags/example_task_group.py
[2026-09-22T16:35:55.178+0000] {logging_mixin.py:188} INFO - [2026-09-22T16:35:55.177+0000] {dag.py:3089} INFO - Sync 1 DAGs
[2026-09-22T16:35:55.225+0000] {logging_mixin.py:188} INFO - [2026-09-22T16:35:55.225+0000] {dag.py:3947} INFO - Setting next_dagrun for example_task_group to 2026-09-21 00:00:00+00:00, run_after=2026-09-22 00:00:00+00:00
[2026-09-22T16:35:55.307+0000] {processor.py:183} INFO - Processing /home/airflow/.local/lib/python3.12/site-packages/airflow/example_dags/example_task_group.py took 0.228 seconds
[2026-09-22T16:36:25.847+0000] {processor.py:161} INFO - Started process (PID=2018) to work on /home/airflow/.local/lib/python3.12/site-packages/airflow/example_dags/example_task_group.py
[2026-09-22T16:36:25.848+0000] {processor.py:830} INFO - Processing file /home/airflow/.local/lib/python3.12/site-packages/airflow/example_dags/example_task_group.py for tasks to queue
[2026-09-22T16:36:25.859+0000] {logging_mixin.py:188} INFO - [2026-09-22T16:36:25.853+0000] {dagbag.py:545} INFO - Filling up the DagBag from /home/airflow/.local/lib/python3.12/site-packages/airflow/example_dags/example_task_group.py
[2026-09-22T16:36:25.880+0000] {processor.py:840} INFO - DAG(s) 'example_task_group' retrieved from /home/airflow/.local/lib/python3.12/site-packages/airflow/example_dags/example_task_group.py
[2026-09-22T16:36:25.911+0000] {logging_mixin.py:188} INFO - [2026-09-22T16:36:25.910+0000] {dag.py:3089} INFO - Sync 1 DAGs
[2026-09-22T16:36:25.938+0000] {logging_mixin.py:188} INFO - [2026-09-22T16:36:25.938+0000] {dag.py:3947} INFO - Setting next_dagrun for example_task_group to 2026-09-21 00:00:00+00:00, run_after=2026-09-22 00:00:00+00:00
[2026-09-22T16:36:25.978+0000] {processor.py:183} INFO - Processing /home/airflow/.local/lib/python3.12/site-packages/airflow/example_dags/example_task_group.py took 0.139 seconds
[2026-09-22T16:36:56.534+0000] {processor.py:161} INFO - Started process (PID=2076) to work on /home/airflow/.local/lib/python3.12/site-packages/airflow/example_dags/example_task_group.py
[2026-09-22T16:36:56.536+0000] {processor.py:830} INFO - Processing file /home/airflow/.local/lib/python3.12/site-packages/airflow/example_dags/example_task_group.py for tasks to queue
[2026-09-22T16:36:56.541+0000] {logging_mixin.py:188} INFO - [2026-09-22T16:36:56.540+0000] {dagbag.py:545} INFO - Filling up the DagBag from /home/airflow/.local/lib/python3.12/site-packages/airflow/example_dags/example_task_group.py
[2026-09-22T16:36:56.555+0000] {processor.py:840} INFO - DAG(s) 'example_task_group' retrieved from /home/airflow/.local/lib/python3.12/site-packages/airflow/example_dags/example_task_group.py
[2026-09-22T16:36:56.602+0000] {logging_mixin.py:188} INFO - [2026-09-22T16:36:56.601+0000] {dag.py:3089} INFO - Sync 1 DAGs
[2026-09-22T16:36:56.838+0000] {logging_mixin.py:188} INFO - [2026-09-22T16:36:56.837+0000] {dag.py:3947} INFO - Setting next_dagrun for example_task_group to 2026-09-21 00:00:00+00:00, run_after=2026-09-22 00:00:00+00:00
[2026-09-22T16:36:56.922+0000] {processor.py:183} INFO - Processing /home/airflow/.local/lib/python3.12/site-packages/airflow/example_dags/example_task_group.py took 0.398 seconds
[2026-09-22T16:37:27.173+0000] {processor.py:161} INFO - Started process (PID=2134) to work on /home/airflow/.local/lib/python3.12/site-packages/airflow/example_dags/example_task_group.py
[2026-09-22T16:37:27.176+0000] {processor.py:830} INFO - Processing file /home/airflow/.local/lib/python3.12/site-packages/airflow/example_dags/example_task_group.py for tasks to queue
[2026-09-22T16:37:27.178+0000] {logging_mixin.py:188} INFO - [2026-09-22T16:37:27.178+0000] {dagbag.py:545} INFO - Filling up the DagBag from /home/airflow/.local/lib/python3.12/site-packages/airflow/example_dags/example_task_group.py
[2026-09-22T16:37:27.189+0000] {processor.py:840} INFO - DAG(s) 'example_task_group' retrieved from /home/airflow/.local/lib/python3.12/site-packages/airflow/example_dags/example_task_group.py
[2026-09-22T16:37:27.222+0000] {logging_mixin.py:188} INFO - [2026-09-22T16:37:27.221+0000] {dag.py:3089} INFO - Sync 1 DAGs
[2026-09-22T16:37:27.252+0000] {logging_mixin.py:188} INFO - [2026-09-22T16:37:27.252+0000] {dag.py:3947} INFO - Setting next_dagrun for example_task_group to 2026-09-21 00:00:00+00:00, run_after=2026-09-22 00:00:00+00:00
[2026-09-22T16:37:27.333+0000] {processor.py:183} INFO - Processing /home/airflow/.local/lib/python3.12/site-packages/airflow/example_dags/example_task_group.py took 0.169 seconds
[2026-09-22T16:37:57.966+0000] {processor.py:161} INFO - Started process (PID=2192) to work on /home/airflow/.local/lib/python3.12/site-packages/airflow/example_dags/example_task_group.py
[2026-09-22T16:37:57.968+0000] {processor.py:830} INFO - Processing file /home/airflow/.local/lib/python3.12/site-packages/airflow/example_dags/example_task_group.py for tasks to queue
[2026-09-22T16:37:57.971+0000] {logging_mixin.py:188} INFO - [2026-09-22T16:37:57.970+0000] {dagbag.py:545} INFO - Filling up the DagBag from /home/airflow/.local/lib/python3.12/site-packages/airflow/example_dags/example_task_group.py
[2026-09-22T16:37:57.979+0000] {processor.py:840} INFO - DAG(s) 'example_task_group' retrieved from /home/airflow/.local/lib/python3.12/site-packages/airflow/example_dags/example_task_group.py
[2026-09-22T16:37:58.024+0000] {logging_mixin.py:188} INFO - [2026-09-22T16:37:58.023+0000] {dag.py:3089} INFO - Sync 1 DAGs
[2026-09-22T16:37:58.065+0000] {logging_mixin.py:188} INFO - [2026-09-22T16:37:58.064+0000] {dag.py:3947} INFO - Setting next_dagrun for example_task_group to 2026-09-21 00:00:00+00:00, run_after=2026-09-22 00:00:00+00:00
[2026-09-22T16:37:58.145+0000] {processor.py:183} INFO - Processing /home/airflow/.local/lib/python3.12/site-packages/airflow/example_dags/example_task_group.py took 0.190 seconds
[2026-09-22T16:38:29.620+0000] {processor.py:161} INFO - Started process (PID=2250) to work on /home/airflow/.local/lib/python3.12/site-packages/airflow/example_dags/example_task_group.py
[2026-09-22T16:38:29.621+0000] {processor.py:830} INFO - Processing file /home/airflow/.local/lib/python3.12/site-packages/airflow/example_dags/example_task_group.py for tasks to queue
[2026-09-22T16:38:29.624+0000] {logging_mixin.py:188} INFO - [2026-09-22T16:38:29.623+0000] {dagbag.py:545} INFO - Filling up the DagBag from /home/airflow/.local/lib/python3.12/site-packages/airflow/example_dags/example_task_group.py
[2026-09-22T16:38:29.636+0000] {processor.py:840} INFO - DAG(s) 'example_task_group' retrieved from /home/airflow/.local/lib/python3.12/site-packages/airflow/example_dags/example_task_group.py
[2026-09-22T16:38:29.873+0000] {logging_mixin.py:188} INFO - [2026-09-22T16:38:29.873+0000] {dag.py:3089} INFO - Sync 1 DAGs
[2026-09-22T16:38:29.898+0000] {logging_mixin.py:188} INFO - [2026-09-22T16:38:29.898+0000] {dag.py:3947} INFO - Setting next_dagrun for example_task_group to 2026-09-21 00:00:00+00:00, run_after=2026-09-22 00:00:00+00:00
[2026-09-22T16:38:29.993+0000] {processor.py:183} INFO - Processing /home/airflow/.local/lib/python3.12/site-packages/airflow/example_dags/example_task_group.py took 0.383 seconds
[2026-09-22T16:41:52.620+0000] {processor.py:161} INFO - Started process (PID=108) to work on /home/airflow/.local/lib/python3.12/site-packages/airflow/example_dags/example_task_group.py
[2026-09-22T16:41:52.623+0000] {processor.py:830} INFO - Processing file /home/airflow/.local/lib/python3.12/site-packages/airflow/example_dags/example_task_group.py for tasks to queue
[2026-09-22T16:41:52.627+0000] {logging_mixin.py:188} INFO - [2026-09-22T16:41:52.626+0000] {dagbag.py:545} INFO - Filling up the DagBag from /home/airflow/.local/lib/python3.12/site-packages/airflow/example_dags/example_task_group.py
[2026-09-22T16:41:52.640+0000] {processor.py:840} INFO - DAG(s) 'example_task_group' retrieved from /home/airflow/.local/lib/python3.12/site-packages/airflow/example_dags/example_task_group.py
[2026-09-22T16:41:52.791+0000] {logging_mixin.py:188} INFO - [2026-09-22T16:41:52.791+0000] {dag.py:3089} INFO - Sync 1 DAGs
[2026-09-22T16:41:52.824+0000] {logging_mixin.py:188} INFO - [2026-09-22T16:41:52.823+0000] {dag.py:3947} INFO - Setting next_dagrun for example_task_group to 2026-09-21 00:00:00+00:00, run_after=2026-09-22 00:00:00+00:00
[2026-09-22T16:41:52.863+0000] {processor.py:183} INFO - Processing /home/airflow/.local/lib/python3.12/site-packages/airflow/example_dags/example_task_group.py took 0.253 seconds
[2026-09-22T16:42:23.193+0000] {processor.py:161} INFO - Started process (PID=166) to work on /home/airflow/.local/lib/python3.12/site-packages/airflow/example_dags/example_task_group.py
[2026-09-22T16:42:23.195+0000] {processor.py:830} INFO - Processing file /home/airflow/.local/lib/python3.12/site-packages/airflow/example_dags/example_task_group.py for tasks to queue
[2026-09-22T16:42:23.203+0000] {logging_mixin.py:188} INFO - [2026-09-22T16:42:23.202+0000] {dagbag.py:545} INFO - Filling up the DagBag from /home/airflow/.local/lib/python3.12/site-packages/airflow/example_dags/example_task_group.py
[2026-09-22T16:42:23.219+0000] {processor.py:840} INFO - DAG(s) 'example_task_group' retrieved from /home/airflow/.local/lib/python3.12/site-packages/airflow/example_dags/example_task_group.py
[2026-09-22T16:42:23.258+0000] {logging_mixin.py:188} INFO - [2026-09-22T16:42:23.257+0000] {dag.py:3089} INFO - Sync 1 DAGs
[2026-09-22T16:42:23.290+0000] {logging_mixin.py:188} INFO - [2026-09-22T16:42:23.290+0000] {dag.py:3947} INFO - Setting next_dagrun for example_task_group to 2026-09-21 00:00:00+00:00, run_after=2026-09-22 00:00:00+00:00
[2026-09-22T16:42:23.330+0000] {processor.py:183} INFO - Processing /home/airflow/.local/lib/python3.12/site-packages/airflow/example_dags/example_task_group.py took 0.150 seconds
[2026-09-22T16:43:52.773+0000] {processor.py:161} INFO - Started process (PID=108) to work on /home/airflow/.local/lib/python3.12/site-packages/airflow/example_dags/example_task_group.py
[2026-09-22T16:43:52.776+0000] {processor.py:830} INFO - Processing file /home/airflow/.local/lib/python3.12/site-packages/airflow/example_dags/example_task_group.py for tasks to queue
[2026-09-22T16:43:52.781+0000] {logging_mixin.py:188} INFO - [2026-09-22T16:43:52.780+0000] {dagbag.py:545} INFO - Filling up the DagBag from /home/airflow/.local/lib/python3.12/site-packages/airflow/example_dags/example_task_group.py
[2026-09-22T16:43:52.793+0000] {processor.py:840} INFO - DAG(s) 'example_task_group' retrieved from /home/airflow/.local/lib/python3.12/site-packages/airflow/example_dags/example_task_group.py
[2026-09-22T16:43:52.961+0000] {logging_mixin.py:188} INFO - [2026-09-22T16:43:52.960+0000] {dag.py:3089} INFO - Sync 1 DAGs
[2026-09-22T16:43:52.994+0000] {logging_mixin.py:188} INFO - [2026-09-22T16:43:52.993+0000] {dag.py:3947} INFO - Setting next_dagrun for example_task_group to 2026-09-21 00:00:00+00:00, run_after=2026-09-22 00:00:00+00:00
[2026-09-22T16:43:53.025+0000] {processor.py:183} INFO - Processing /home/airflow/.local/lib/python3.12/site-packages/airflow/example_dags/example_task_group.py took 0.261 seconds
[2026-09-22T16:44:23.787+0000] {processor.py:161} INFO - Started process (PID=171) to work on /home/airflow/.local/lib/python3.12/site-packages/airflow/example_dags/example_task_group.py
[2026-09-22T16:44:23.789+0000] {processor.py:830} INFO - Processing file /home/airflow/.local/lib/python3.12/site-packages/airflow/example_dags/example_task_group.py for tasks to queue
[2026-09-22T16:44:23.792+0000] {logging_mixin.py:188} INFO - [2026-09-22T16:44:23.792+0000] {dagbag.py:545} INFO - Filling up the DagBag from /home/airflow/.local/lib/python3.12/site-packages/airflow/example_dags/example_task_group.py
[2026-09-22T16:44:23.802+0000] {processor.py:840} INFO - DAG(s) 'example_task_group' retrieved from /home/airflow/.local/lib/python3.12/site-packages/airflow/example_dags/example_task_group.py
[2026-09-22T16:44:23.832+0000] {logging_mixin.py:188} INFO - [2026-09-22T16:44:23.832+0000] {dag.py:3089} INFO - Sync 1 DAGs
[2026-09-22T16:44:23.864+0000] {logging_mixin.py:188} INFO - [2026-09-22T16:44:23.863+0000] {dag.py:3947} INFO - Setting next_dagrun for example_task_group to 2026-09-21 00:00:00+00:00, run_after=2026-09-22 00:00:00+00:00
[2026-09-22T16:44:23.952+0000] {processor.py:183} INFO - Processing /home/airflow/.local/lib/python3.12/site-packages/airflow/example_dags/example_task_group.py took 0.172 seconds
[2026-09-22T16:44:54.133+0000] {processor.py:161} INFO - Started process (PID=229) to work on /home/airflow/.local/lib/python3.12/site-packages/airflow/example_dags/example_task_group.py
[2026-09-22T16:44:54.134+0000] {processor.py:830} INFO - Processing file /home/airflow/.local/lib/python3.12/site-packages/airflow/example_dags/example_task_group.py for tasks to queue
[2026-09-22T16:44:54.137+0000] {logging_mixin.py:188} INFO - [2026-09-22T16:44:54.137+0000] {dagbag.py:545} INFO - Filling up the DagBag from /home/airflow/.local/lib/python3.12/site-packages/airflow/example_dags/example_task_group.py
[2026-09-22T16:44:54.150+0000] {processor.py:840} INFO - DAG(s) 'example_task_group' retrieved from /home/airflow/.local/lib/python3.12/site-packages/airflow/example_dags/example_task_group.py
[2026-09-22T16:44:54.188+0000] {logging_mixin.py:188} INFO - [2026-09-22T16:44:54.187+0000] {dag.py:3089} INFO - Sync 1 DAGs
[2026-09-22T16:44:54.225+0000] {logging_mixin.py:188} INFO - [2026-09-22T16:44:54.225+0000] {dag.py:3947} INFO - Setting next_dagrun for example_task_group to 2026-09-21 00:00:00+00:00, run_after=2026-09-22 00:00:00+00:00
[2026-09-22T16:44:54.316+0000] {processor.py:183} INFO - Processing /home/airflow/.local/lib/python3.12/site-packages/airflow/example_dags/example_task_group.py took 0.193 seconds
[2026-09-22T16:45:24.399+0000] {processor.py:161} INFO - Started process (PID=286) to work on /home/airflow/.local/lib/python3.12/site-packages/airflow/example_dags/example_task_group.py
[2026-09-22T16:45:24.401+0000] {processor.py:830} INFO - Processing file /home/airflow/.local/lib/python3.12/site-packages/airflow/example_dags/example_task_group.py for tasks to queue
[2026-09-22T16:45:24.406+0000] {logging_mixin.py:188} INFO - [2026-09-22T16:45:24.406+0000] {dagbag.py:545} INFO - Filling up the DagBag from /home/airflow/.local/lib/python3.12/site-packages/airflow/example_dags/example_task_group.py
[2026-09-22T16:45:24.419+0000] {processor.py:840} INFO - DAG(s) 'example_task_group' retrieved from /home/airflow/.local/lib/python3.12/site-packages/airflow/example_dags/example_task_group.py
[2026-09-22T16:45:24.457+0000] {logging_mixin.py:188} INFO - [2026-09-22T16:45:24.456+0000] {dag.py:3089} INFO - Sync 1 DAGs
[2026-09-22T16:45:24.490+0000] {logging_mixin.py:188} INFO - [2026-09-22T16:45:24.490+0000] {dag.py:3947} INFO - Setting next_dagrun for example_task_group to 2026-09-21 00:00:00+00:00, run_after=2026-09-22 00:00:00+00:00
[2026-09-22T16:45:24.589+0000] {processor.py:183} INFO - Processing /home/airflow/.local/lib/python3.12/site-packages/airflow/example_dags/example_task_group.py took 0.201 seconds
[2026-09-22T16:45:54.934+0000] {processor.py:161} INFO - Started process (PID=344) to work on /home/airflow/.local/lib/python3.12/site-packages/airflow/example_dags/example_task_group.py
[2026-09-22T16:45:54.936+0000] {processor.py:830} INFO - Processing file /home/airflow/.local/lib/python3.12/site-packages/airflow/example_dags/example_task_group.py for tasks to queue
[2026-09-22T16:45:54.939+0000] {logging_mixin.py:188} INFO - [2026-09-22T16:45:54.939+0000] {dagbag.py:545} INFO - Filling up the DagBag from /home/airflow/.local/lib/python3.12/site-packages/airflow/example_dags/example_task_group.py
[2026-09-22T16:45:54.952+0000] {processor.py:840} INFO - DAG(s) 'example_task_group' retrieved from /home/airflow/.local/lib/python3.12/site-packages/airflow/example_dags/example_task_group.py
[2026-09-22T16:45:54.988+0000] {logging_mixin.py:188} INFO - [2026-09-22T16:45:54.988+0000] {dag.py:3089} INFO - Sync 1 DAGs
[2026-09-22T16:45:55.024+0000] {logging_mixin.py:188} INFO - [2026-09-22T16:45:55.024+0000] {dag.py:3947} INFO - Setting next_dagrun for example_task_group to 2026-09-21 00:00:00+00:00, run_after=2026-09-22 00:00:00+00:00
[2026-09-22T16:45:55.106+0000] {processor.py:183} INFO - Processing /home/airflow/.local/lib/python3.12/site-packages/airflow/example_dags/example_task_group.py took 0.185 seconds
[2026-09-22T16:46:25.359+0000] {processor.py:161} INFO - Started process (PID=402) to work on /home/airflow/.local/lib/python3.12/site-packages/airflow/example_dags/example_task_group.py
[2026-09-22T16:46:25.361+0000] {processor.py:830} INFO - Processing file /home/airflow/.local/lib/python3.12/site-packages/airflow/example_dags/example_task_group.py for tasks to queue
[2026-09-22T16:46:25.366+0000] {logging_mixin.py:188} INFO - [2026-09-22T16:46:25.365+0000] {dagbag.py:545} INFO - Filling up the DagBag from /home/airflow/.local/lib/python3.12/site-packages/airflow/example_dags/example_task_group.py
[2026-09-22T16:46:25.377+0000] {processor.py:840} INFO - DAG(s) 'example_task_group' retrieved from /home/airflow/.local/lib/python3.12/site-packages/airflow/example_dags/example_task_group.py
[2026-09-22T16:46:25.413+0000] {logging_mixin.py:188} INFO - [2026-09-22T16:46:25.412+0000] {dag.py:3089} INFO - Sync 1 DAGs
[2026-09-22T16:46:25.457+0000] {logging_mixin.py:188} INFO - [2026-09-22T16:46:25.457+0000] {dag.py:3947} INFO - Setting next_dagrun for example_task_group to 2026-09-21 00:00:00+00:00, run_after=2026-09-22 00:00:00+00:00
[2026-09-22T16:46:25.537+0000] {processor.py:183} INFO - Processing /home/airflow/.local/lib/python3.12/site-packages/airflow/example_dags/example_task_group.py took 0.190 seconds
[2026-09-22T16:46:56.321+0000] {processor.py:161} INFO - Started process (PID=460) to work on /home/airflow/.local/lib/python3.12/site-packages/airflow/example_dags/example_task_group.py
[2026-09-22T16:46:56.323+0000] {processor.py:830} INFO - Processing file /home/airflow/.local/lib/python3.12/site-packages/airflow/example_dags/example_task_group.py for tasks to queue
[2026-09-22T16:46:56.328+0000] {logging_mixin.py:188} INFO - [2026-09-22T16:46:56.327+0000] {dagbag.py:545} INFO - Filling up the DagBag from /home/airflow/.local/lib/python3.12/site-packages/airflow/example_dags/example_task_group.py
[2026-09-22T16:46:56.340+0000] {processor.py:840} INFO - DAG(s) 'example_task_group' retrieved from /home/airflow/.local/lib/python3.12/site-packages/airflow/example_dags/example_task_group.py
[2026-09-22T16:46:56.370+0000] {logging_mixin.py:188} INFO - [2026-09-22T16:46:56.369+0000] {dag.py:3089} INFO - Sync 1 DAGs
[2026-09-22T16:46:56.397+0000] {logging_mixin.py:188} INFO - [2026-09-22T16:46:56.396+0000] {dag.py:3947} INFO - Setting next_dagrun for example_task_group to 2026-09-21 00:00:00+00:00, run_after=2026-09-22 00:00:00+00:00
[2026-09-22T16:46:56.484+0000] {processor.py:183} INFO - Processing /home/airflow/.local/lib/python3.12/site-packages/airflow/example_dags/example_task_group.py took 0.173 seconds
[2026-09-22T16:47:27.100+0000] {processor.py:161} INFO - Started process (PID=518) to work on /home/airflow/.local/lib/python3.12/site-packages/airflow/example_dags/example_task_group.py
[2026-09-22T16:47:27.102+0000] {processor.py:830} INFO - Processing file /home/airflow/.local/lib/python3.12/site-packages/airflow/example_dags/example_task_group.py for tasks to queue
[2026-09-22T16:47:27.106+0000] {logging_mixin.py:188} INFO - [2026-09-22T16:47:27.105+0000] {dagbag.py:545} INFO - Filling up the DagBag from /home/airflow/.local/lib/python3.12/site-packages/airflow/example_dags/example_task_group.py
[2026-09-22T16:47:27.117+0000] {processor.py:840} INFO - DAG(s) 'example_task_group' retrieved from /home/airflow/.local/lib/python3.12/site-packages/airflow/example_dags/example_task_group.py
[2026-09-22T16:47:27.149+0000] {logging_mixin.py:188} INFO - [2026-09-22T16:47:27.148+0000] {dag.py:3089} INFO - Sync 1 DAGs
[2026-09-22T16:47:27.186+0000] {logging_mixin.py:188} INFO - [2026-09-22T16:47:27.185+0000] {dag.py:3947} INFO - Setting next_dagrun for example_task_group to 2026-09-21 00:00:00+00:00, run_after=2026-09-22 00:00:00+00:00
[2026-09-22T16:47:27.274+0000] {processor.py:183} INFO - Processing /home/airflow/.local/lib/python3.12/site-packages/airflow/example_dags/example_task_group.py took 0.185 seconds
[2026-09-22T16:47:57.406+0000] {processor.py:161} INFO - Started process (PID=576) to work on /home/airflow/.local/lib/python3.12/site-packages/airflow/example_dags/example_task_group.py
[2026-09-22T16:47:57.411+0000] {processor.py:830} INFO - Processing file /home/airflow/.local/lib/python3.12/site-packages/airflow/example_dags/example_task_group.py for tasks to queue
[2026-09-22T16:47:57.416+0000] {logging_mixin.py:188} INFO - [2026-09-22T16:47:57.415+0000] {dagbag.py:545} INFO - Filling up the DagBag from /home/airflow/.local/lib/python3.12/site-packages/airflow/example_dags/example_task_group.py
[2026-09-22T16:47:57.433+0000] {processor.py:840} INFO - DAG(s) 'example_task_group' retrieved from /home/airflow/.local/lib/python3.12/site-packages/airflow/example_dags/example_task_group.py
[2026-09-22T16:47:57.481+0000] {logging_mixin.py:188} INFO - [2026-09-22T16:47:57.480+0000] {dag.py:3089} INFO - Sync 1 DAGs
[2026-09-22T16:47:57.538+0000] {logging_mixin.py:188} INFO - [2026-09-22T16:47:57.538+0000] {dag.py:3947} INFO - Setting next_dagrun for example_task_group to 2026-09-21 00:00:00+00:00, run_after=2026-09-22 00:00:00+00:00
[2026-09-22T16:47:57.599+0000] {processor.py:183} INFO - Processing /home/airflow/.local/lib/python3.12/site-packages/airflow/example_dags/example_task_group.py took 0.208 seconds
[2026-09-22T16:48:27.650+0000] {processor.py:161} INFO - Started process (PID=633) to work on /home/airflow/.local/lib/python3.12/site-packages/airflow/example_dags/example_task_group.py
[2026-09-22T16:48:27.652+0000] {processor.py:830} INFO - Processing file /home/airflow/.local/lib/python3.12/site-packages/airflow/example_dags/example_task_group.py for tasks to queue
[2026-09-22T16:48:27.656+0000] {logging_mixin.py:188} INFO - [2026-09-22T16:48:27.655+0000] {dagbag.py:545} INFO - Filling up the DagBag from /home/airflow/.local/lib/python3.12/site-packages/airflow/example_dags/example_task_group.py
[2026-09-22T16:48:27.669+0000] {processor.py:840} INFO - DAG(s) 'example_task_group' retrieved from /home/airflow/.local/lib/python3.12/site-packages/airflow/example_dags/example_task_group.py
[2026-09-22T16:48:27.707+0000] {logging_mixin.py:188} INFO - [2026-09-22T16:48:27.706+0000] {dag.py:3089} INFO - Sync 1 DAGs
[2026-09-22T16:48:27.759+0000] {logging_mixin.py:188} INFO - [2026-09-22T16:48:27.758+0000] {dag.py:3947} INFO - Setting next_dagrun for example_task_group to 2026-09-21 00:00:00+00:00, run_after=2026-09-22 00:00:00+00:00
[2026-09-22T16:48:27.814+0000] {processor.py:183} INFO - Processing /home/airflow/.local/lib/python3.12/site-packages/airflow/example_dags/example_task_group.py took 0.176 seconds
[2026-09-22T16:48:58.710+0000] {processor.py:161} INFO - Started process (PID=692) to work on /home/airflow/.local/lib/python3.12/site-packages/airflow/example_dags/example_task_group.py
[2026-09-22T16:48:58.712+0000] {processor.py:830} INFO - Processing file /home/airflow/.local/lib/python3.12/site-packages/airflow/example_dags/example_task_group.py for tasks to queue
[2026-09-22T16:48:58.716+0000] {logging_mixin.py:188} INFO - [2026-09-22T16:48:58.716+0000] {dagbag.py:545} INFO - Filling up the DagBag from /home/airflow/.local/lib/python3.12/site-packages/airflow/example_dags/example_task_group.py
[2026-09-22T16:48:58.730+0000] {processor.py:840} INFO - DAG(s) 'example_task_group' retrieved from /home/airflow/.local/lib/python3.12/site-packages/airflow/example_dags/example_task_group.py
[2026-09-22T16:48:58.761+0000] {logging_mixin.py:188} INFO - [2026-09-22T16:48:58.760+0000] {dag.py:3089} INFO - Sync 1 DAGs
[2026-09-22T16:48:58.786+0000] {logging_mixin.py:188} INFO - [2026-09-22T16:48:58.785+0000] {dag.py:3947} INFO - Setting next_dagrun for example_task_group to 2026-09-21 00:00:00+00:00, run_after=2026-09-22 00:00:00+00:00
[2026-09-22T16:48:58.873+0000] {processor.py:183} INFO - Processing /home/airflow/.local/lib/python3.12/site-packages/airflow/example_dags/example_task_group.py took 0.171 seconds
[2026-09-22T16:49:30.147+0000] {processor.py:161} INFO - Started process (PID=751) to work on /home/airflow/.local/lib/python3.12/site-packages/airflow/example_dags/example_task_group.py
[2026-09-22T16:49:30.149+0000] {processor.py:830} INFO - Processing file /home/airflow/.local/lib/python3.12/site-packages/airflow/example_dags/example_task_group.py for tasks to queue
[2026-09-22T16:49:30.152+0000] {logging_mixin.py:188} INFO - [2026-09-22T16:49:30.151+0000] {dagbag.py:545} INFO - Filling up the DagBag from /home/airflow/.local/lib/python3.12/site-packages/airflow/example_dags/example_task_group.py
[2026-09-22T16:49:30.164+0000] {processor.py:840} INFO - DAG(s) 'example_task_group' retrieved from /home/airflow/.local/lib/python3.12/site-packages/airflow/example_dags/example_task_group.py
[2026-09-22T16:49:30.217+0000] {logging_mixin.py:188} INFO - [2026-09-22T16:49:30.217+0000] {dag.py:3089} INFO - Sync 1 DAGs
[2026-09-22T16:49:30.248+0000] {logging_mixin.py:188} INFO - [2026-09-22T16:49:30.248+0000] {dag.py:3947} INFO - Setting next_dagrun for example_task_group to 2026-09-21 00:00:00+00:00, run_after=2026-09-22 00:00:00+00:00
[2026-09-22T16:49:30.284+0000] {processor.py:183} INFO - Processing /home/airflow/.local/lib/python3.12/site-packages/airflow/example_dags/example_task_group.py took 0.146 seconds
[2026-09-22T16:50:00.952+0000] {processor.py:161} INFO - Started process (PID=809) to work on /home/airflow/.local/lib/python3.12/site-packages/airflow/example_dags/example_task_group.py
[2026-09-22T16:50:00.954+0000] {processor.py:830} INFO - Processing file /home/airflow/.local/lib/python3.12/site-packages/airflow/example_dags/example_task_group.py for tasks to queue
[2026-09-22T16:50:00.958+0000] {logging_mixin.py:188} INFO - [2026-09-22T16:50:00.957+0000] {dagbag.py:545} INFO - Filling up the DagBag from /home/airflow/.local/lib/python3.12/site-packages/airflow/example_dags/example_task_group.py
[2026-09-22T16:50:00.970+0000] {processor.py:840} INFO - DAG(s) 'example_task_group' retrieved from /home/airflow/.local/lib/python3.12/site-packages/airflow/example_dags/example_task_group.py
[2026-09-22T16:50:01.003+0000] {logging_mixin.py:188} INFO - [2026-09-22T16:50:01.002+0000] {dag.py:3089} INFO - Sync 1 DAGs
[2026-09-22T16:50:01.048+0000] {logging_mixin.py:188} INFO - [2026-09-22T16:50:01.047+0000] {dag.py:3947} INFO - Setting next_dagrun for example_task_group to 2026-09-21 00:00:00+00:00, run_after=2026-09-22 00:00:00+00:00
[2026-09-22T16:50:01.078+0000] {processor.py:183} INFO - Processing /home/airflow/.local/lib/python3.12/site-packages/airflow/example_dags/example_task_group.py took 0.138 seconds
[2026-09-22T16:50:31.967+0000] {processor.py:161} INFO - Started process (PID=868) to work on /home/airflow/.local/lib/python3.12/site-packages/airflow/example_dags/example_task_group.py
[2026-09-22T16:50:31.968+0000] {processor.py:830} INFO - Processing file /home/airflow/.local/lib/python3.12/site-packages/airflow/example_dags/example_task_group.py for tasks to queue
[2026-09-22T16:50:31.972+0000] {logging_mixin.py:188} INFO - [2026-09-22T16:50:31.971+0000] {dagbag.py:545} INFO - Filling up the DagBag from /home/airflow/.local/lib/python3.12/site-packages/airflow/example_dags/example_task_group.py
[2026-09-22T16:50:31.983+0000] {processor.py:840} INFO - DAG(s) 'example_task_group' retrieved from /home/airflow/.local/lib/python3.12/site-packages/airflow/example_dags/example_task_group.py
[2026-09-22T16:50:32.018+0000] {logging_mixin.py:188} INFO - [2026-09-22T16:50:32.018+0000] {dag.py:3089} INFO - Sync 1 DAGs
[2026-09-22T16:50:32.052+0000] {logging_mixin.py:188} INFO - [2026-09-22T16:50:32.051+0000] {dag.py:3947} INFO - Setting next_dagrun for example_task_group to 2026-09-21 00:00:00+00:00, run_after=2026-09-22 00:00:00+00:00
[2026-09-22T16:50:32.082+0000] {processor.py:183} INFO - Processing /home/airflow/.local/lib/python3.12/site-packages/airflow/example_dags/example_task_group.py took 0.126 seconds
[2026-09-22T16:51:03.207+0000] {processor.py:161} INFO - Started process (PID=926) to work on /home/airflow/.local/lib/python3.12/site-packages/airflow/example_dags/example_task_group.py
[2026-09-22T16:51:03.218+0000] {processor.py:830} INFO - Processing file /home/airflow/.local/lib/python3.12/site-packages/airflow/example_dags/example_task_group.py for tasks to queue
[2026-09-22T16:51:03.229+0000] {logging_mixin.py:188} INFO - [2026-09-22T16:51:03.228+0000] {dagbag.py:545} INFO - Filling up the DagBag from /home/airflow/.local/lib/python3.12/site-packages/airflow/example_dags/example_task_group.py
[2026-09-22T16:51:03.250+0000] {processor.py:840} INFO - DAG(s) 'example_task_group' retrieved from /home/airflow/.local/lib/python3.12/site-packages/airflow/example_dags/example_task_group.py
[2026-09-22T16:51:03.305+0000] {logging_mixin.py:188} INFO - [2026-09-22T16:51:03.305+0000] {dag.py:3089} INFO - Sync 1 DAGs
[2026-09-22T16:51:03.354+0000] {logging_mixin.py:188} INFO - [2026-09-22T16:51:03.353+0000] {dag.py:3947} INFO - Setting next_dagrun for example_task_group to 2026-09-21 00:00:00+00:00, run_after=2026-09-22 00:00:00+00:00
[2026-09-22T16:51:03.395+0000] {processor.py:183} INFO - Processing /home/airflow/.local/lib/python3.12/site-packages/airflow/example_dags/example_task_group.py took 0.198 seconds
[2026-09-22T16:51:34.244+0000] {processor.py:161} INFO - Started process (PID=984) to work on /home/airflow/.local/lib/python3.12/site-packages/airflow/example_dags/example_task_group.py
[2026-09-22T16:51:34.247+0000] {processor.py:830} INFO - Processing file /home/airflow/.local/lib/python3.12/site-packages/airflow/example_dags/example_task_group.py for tasks to queue
[2026-09-22T16:51:34.253+0000] {logging_mixin.py:188} INFO - [2026-09-22T16:51:34.251+0000] {dagbag.py:545} INFO - Filling up the DagBag from /home/airflow/.local/lib/python3.12/site-packages/airflow/example_dags/example_task_group.py
[2026-09-22T16:51:34.275+0000] {processor.py:840} INFO - DAG(s) 'example_task_group' retrieved from /home/airflow/.local/lib/python3.12/site-packages/airflow/example_dags/example_task_group.py
[2026-09-22T16:51:34.321+0000] {logging_mixin.py:188} INFO - [2026-09-22T16:51:34.320+0000] {dag.py:3089} INFO - Sync 1 DAGs
[2026-09-22T16:51:34.367+0000] {logging_mixin.py:188} INFO - [2026-09-22T16:51:34.366+0000] {dag.py:3947} INFO - Setting next_dagrun for example_task_group to 2026-09-21 00:00:00+00:00, run_after=2026-09-22 00:00:00+00:00
[2026-09-22T16:51:34.412+0000] {processor.py:183} INFO - Processing /home/airflow/.local/lib/python3.12/site-packages/airflow/example_dags/example_task_group.py took 0.180 seconds
[2026-09-22T16:52:25.061+0000] {processor.py:161} INFO - Started process (PID=1035) to work on /home/airflow/.local/lib/python3.12/site-packages/airflow/example_dags/example_task_group.py
[2026-09-22T16:52:25.062+0000] {processor.py:830} INFO - Processing file /home/airflow/.local/lib/python3.12/site-packages/airflow/example_dags/example_task_group.py for tasks to queue
[2026-09-22T16:52:25.064+0000] {logging_mixin.py:188} INFO - [2026-09-22T16:52:25.064+0000] {dagbag.py:545} INFO - Filling up the DagBag from /home/airflow/.local/lib/python3.12/site-packages/airflow/example_dags/example_task_group.py
[2026-09-22T16:52:25.073+0000] {processor.py:840} INFO - DAG(s) 'example_task_group' retrieved from /home/airflow/.local/lib/python3.12/site-packages/airflow/example_dags/example_task_group.py
[2026-09-22T16:52:25.097+0000] {logging_mixin.py:188} INFO - [2026-09-22T16:52:25.096+0000] {dag.py:3089} INFO - Sync 1 DAGs
[2026-09-22T16:52:25.131+0000] {logging_mixin.py:188} INFO - [2026-09-22T16:52:25.130+0000] {dag.py:3947} INFO - Setting next_dagrun for example_task_group to 2026-09-21 00:00:00+00:00, run_after=2026-09-22 00:00:00+00:00
[2026-09-22T16:52:25.167+0000] {processor.py:183} INFO - Processing /home/airflow/.local/lib/python3.12/site-packages/airflow/example_dags/example_task_group.py took 0.112 seconds
[2026-09-22T16:52:55.809+0000] {processor.py:161} INFO - Started process (PID=1099) to work on /home/airflow/.local/lib/python3.12/site-packages/airflow/example_dags/example_task_group.py
[2026-09-22T16:52:55.810+0000] {processor.py:830} INFO - Processing file /home/airflow/.local/lib/python3.12/site-packages/airflow/example_dags/example_task_group.py for tasks to queue
[2026-09-22T16:52:55.812+0000] {logging_mixin.py:188} INFO - [2026-09-22T16:52:55.811+0000] {dagbag.py:545} INFO - Filling up the DagBag from /home/airflow/.local/lib/python3.12/site-packages/airflow/example_dags/example_task_group.py
[2026-09-22T16:52:55.818+0000] {processor.py:840} INFO - DAG(s) 'example_task_group' retrieved from /home/airflow/.local/lib/python3.12/site-packages/airflow/example_dags/example_task_group.py
[2026-09-22T16:52:55.839+0000] {logging_mixin.py:188} INFO - [2026-09-22T16:52:55.839+0000] {dag.py:3089} INFO - Sync 1 DAGs
[2026-09-22T16:52:55.863+0000] {logging_mixin.py:188} INFO - [2026-09-22T16:52:55.863+0000] {dag.py:3947} INFO - Setting next_dagrun for example_task_group to 2026-09-21 00:00:00+00:00, run_after=2026-09-22 00:00:00+00:00
[2026-09-22T16:52:55.888+0000] {processor.py:183} INFO - Processing /home/airflow/.local/lib/python3.12/site-packages/airflow/example_dags/example_task_group.py took 0.085 seconds
[2026-09-22T16:53:25.959+0000] {processor.py:161} INFO - Started process (PID=1156) to work on /home/airflow/.local/lib/python3.12/site-packages/airflow/example_dags/example_task_group.py
[2026-09-22T16:53:25.961+0000] {processor.py:830} INFO - Processing file /home/airflow/.local/lib/python3.12/site-packages/airflow/example_dags/example_task_group.py for tasks to queue
[2026-09-22T16:53:25.963+0000] {logging_mixin.py:188} INFO - [2026-09-22T16:53:25.963+0000] {dagbag.py:545} INFO - Filling up the DagBag from /home/airflow/.local/lib/python3.12/site-packages/airflow/example_dags/example_task_group.py
[2026-09-22T16:53:25.971+0000] {processor.py:840} INFO - DAG(s) 'example_task_group' retrieved from /home/airflow/.local/lib/python3.12/site-packages/airflow/example_dags/example_task_group.py
[2026-09-22T16:53:25.993+0000] {logging_mixin.py:188} INFO - [2026-09-22T16:53:25.993+0000] {dag.py:3089} INFO - Sync 1 DAGs
[2026-09-22T16:53:26.010+0000] {logging_mixin.py:188} INFO - [2026-09-22T16:53:26.009+0000] {dag.py:3947} INFO - Setting next_dagrun for example_task_group to 2026-09-21 00:00:00+00:00, run_after=2026-09-22 00:00:00+00:00
[2026-09-22T16:53:26.029+0000] {processor.py:183} INFO - Processing /home/airflow/.local/lib/python3.12/site-packages/airflow/example_dags/example_task_group.py took 0.075 seconds
[2026-09-22T16:53:56.211+0000] {processor.py:161} INFO - Started process (PID=1214) to work on /home/airflow/.local/lib/python3.12/site-packages/airflow/example_dags/example_task_group.py
[2026-09-22T16:53:56.212+0000] {processor.py:830} INFO - Processing file /home/airflow/.local/lib/python3.12/site-packages/airflow/example_dags/example_task_group.py for tasks to queue
[2026-09-22T16:53:56.214+0000] {logging_mixin.py:188} INFO - [2026-09-22T16:53:56.214+0000] {dagbag.py:545} INFO - Filling up the DagBag from /home/airflow/.local/lib/python3.12/site-packages/airflow/example_dags/example_task_group.py
[2026-09-22T16:53:56.221+0000] {processor.py:840} INFO - DAG(s) 'example_task_group' retrieved from /home/airflow/.local/lib/python3.12/site-packages/airflow/example_dags/example_task_group.py
[2026-09-22T16:53:56.243+0000] {logging_mixin.py:188} INFO - [2026-09-22T16:53:56.243+0000] {dag.py:3089} INFO - Sync 1 DAGs
[2026-09-22T16:53:56.262+0000] {logging_mixin.py:188} INFO - [2026-09-22T16:53:56.262+0000] {dag.py:3947} INFO - Setting next_dagrun for example_task_group to 2026-09-21 00:00:00+00:00, run_after=2026-09-22 00:00:00+00:00
[2026-09-22T16:53:56.287+0000] {processor.py:183} INFO - Processing /home/airflow/.local/lib/python3.12/site-packages/airflow/example_dags/example_task_group.py took 0.081 seconds
[2026-09-22T16:54:26.401+0000] {processor.py:161} INFO - Started process (PID=1272) to work on /home/airflow/.local/lib/python3.12/site-packages/airflow/example_dags/example_task_group.py
[2026-09-22T16:54:26.402+0000] {processor.py:830} INFO - Processing file /home/airflow/.local/lib/python3.12/site-packages/airflow/example_dags/example_task_group.py for tasks to queue
[2026-09-22T16:54:26.405+0000] {logging_mixin.py:188} INFO - [2026-09-22T16:54:26.405+0000] {dagbag.py:545} INFO - Filling up the DagBag from /home/airflow/.local/lib/python3.12/site-packages/airflow/example_dags/example_task_group.py
[2026-09-22T16:54:26.412+0000] {processor.py:840} INFO - DAG(s) 'example_task_group' retrieved from /home/airflow/.local/lib/python3.12/site-packages/airflow/example_dags/example_task_group.py
[2026-09-22T16:54:26.432+0000] {logging_mixin.py:188} INFO - [2026-09-22T16:54:26.432+0000] {dag.py:3089} INFO - Sync 1 DAGs
[2026-09-22T16:54:26.451+0000] {logging_mixin.py:188} INFO - [2026-09-22T16:54:26.451+0000] {dag.py:3947} INFO - Setting next_dagrun for example_task_group to 2026-09-21 00:00:00+00:00, run_after=2026-09-22 00:00:00+00:00
[2026-09-22T16:54:26.472+0000] {processor.py:183} INFO - Processing /home/airflow/.local/lib/python3.12/site-packages/airflow/example_dags/example_task_group.py took 0.077 seconds
[2026-09-22T16:54:56.935+0000] {processor.py:161} INFO - Started process (PID=1330) to work on /home/airflow/.local/lib/python3.12/site-packages/airflow/example_dags/example_task_group.py
[2026-09-22T16:54:56.938+0000] {processor.py:830} INFO - Processing file /home/airflow/.local/lib/python3.12/site-packages/airflow/example_dags/example_task_group.py for tasks to queue
[2026-09-22T16:54:56.941+0000] {logging_mixin.py:188} INFO - [2026-09-22T16:54:56.941+0000] {dagbag.py:545} INFO - Filling up the DagBag from /home/airflow/.local/lib/python3.12/site-packages/airflow/example_dags/example_task_group.py
[2026-09-22T16:54:56.952+0000] {processor.py:840} INFO - DAG(s) 'example_task_group' retrieved from /home/airflow/.local/lib/python3.12/site-packages/airflow/example_dags/example_task_group.py
[2026-09-22T16:54:56.980+0000] {logging_mixin.py:188} INFO - [2026-09-22T16:54:56.980+0000] {dag.py:3089} INFO - Sync 1 DAGs
[2026-09-22T16:54:57.001+0000] {logging_mixin.py:188} INFO - [2026-09-22T16:54:57.001+0000] {dag.py:3947} INFO - Setting next_dagrun for example_task_group to 2026-09-21 00:00:00+00:00, run_after=2026-09-22 00:00:00+00:00
[2026-09-22T16:54:57.024+0000] {processor.py:183} INFO - Processing /home/airflow/.local/lib/python3.12/site-packages/airflow/example_dags/example_task_group.py took 0.096 seconds
[2026-09-22T16:55:27.278+0000] {processor.py:161} INFO - Started process (PID=1388) to work on /home/airflow/.local/lib/python3.12/site-packages/airflow/example_dags/example_task_group.py
[2026-09-22T16:55:27.279+0000] {processor.py:830} INFO - Processing file /home/airflow/.local/lib/python3.12/site-packages/airflow/example_dags/example_task_group.py for tasks to queue
[2026-09-22T16:55:27.281+0000] {logging_mixin.py:188} INFO - [2026-09-22T16:55:27.281+0000] {dagbag.py:545} INFO - Filling up the DagBag from /home/airflow/.local/lib/python3.12/site-packages/airflow/example_dags/example_task_group.py
[2026-09-22T16:55:27.288+0000] {processor.py:840} INFO - DAG(s) 'example_task_group' retrieved from /home/airflow/.local/lib/python3.12/site-packages/airflow/example_dags/example_task_group.py
[2026-09-22T16:55:27.308+0000] {logging_mixin.py:188} INFO - [2026-09-22T16:55:27.308+0000] {dag.py:3089} INFO - Sync 1 DAGs
[2026-09-22T16:55:27.328+0000] {logging_mixin.py:188} INFO - [2026-09-22T16:55:27.328+0000] {dag.py:3947} INFO - Setting next_dagrun for example_task_group to 2026-09-21 00:00:00+00:00, run_after=2026-09-22 00:00:00+00:00
[2026-09-22T16:55:27.352+0000] {processor.py:183} INFO - Processing /home/airflow/.local/lib/python3.12/site-packages/airflow/example_dags/example_task_group.py took 0.079 seconds
[2026-09-22T16:55:57.865+0000] {processor.py:161} INFO - Started process (PID=1446) to work on /home/airflow/.local/lib/python3.12/site-packages/airflow/example_dags/example_task_group.py
[2026-09-22T16:55:57.866+0000] {processor.py:830} INFO - Processing file /home/airflow/.local/lib/python3.12/site-packages/airflow/example_dags/example_task_group.py for tasks to queue
[2026-09-22T16:55:57.869+0000] {logging_mixin.py:188} INFO - [2026-09-22T16:55:57.868+0000] {dagbag.py:545} INFO - Filling up the DagBag from /home/airflow/.local/lib/python3.12/site-packages/airflow/example_dags/example_task_group.py
[2026-09-22T16:55:57.882+0000] {processor.py:840} INFO - DAG(s) 'example_task_group' retrieved from /home/airflow/.local/lib/python3.12/site-packages/airflow/example_dags/example_task_group.py
[2026-09-22T16:55:57.915+0000] {logging_mixin.py:188} INFO - [2026-09-22T16:55:57.915+0000] {dag.py:3089} INFO - Sync 1 DAGs
[2026-09-22T16:55:57.939+0000] {logging_mixin.py:188} INFO - [2026-09-22T16:55:57.939+0000] {dag.py:3947} INFO - Setting next_dagrun for example_task_group to 2026-09-21 00:00:00+00:00, run_after=2026-09-22 00:00:00+00:00
[2026-09-22T16:55:57.958+0000] {processor.py:183} INFO - Processing /home/airflow/.local/lib/python3.12/site-packages/airflow/example_dags/example_task_group.py took 0.100 seconds
[2026-09-22T16:56:28.567+0000] {processor.py:161} INFO - Started process (PID=1504) to work on /home/airflow/.local/lib/python3.12/site-packages/airflow/example_dags/example_task_group.py
[2026-09-22T16:56:28.568+0000] {processor.py:830} INFO - Processing file /home/airflow/.local/lib/python3.12/site-packages/airflow/example_dags/example_task_group.py for tasks to queue
[2026-09-22T16:56:28.571+0000] {logging_mixin.py:188} INFO - [2026-09-22T16:56:28.571+0000] {dagbag.py:545} INFO - Filling up the DagBag from /home/airflow/.local/lib/python3.12/site-packages/airflow/example_dags/example_task_group.py
[2026-09-22T16:56:28.577+0000] {processor.py:840} INFO - DAG(s) 'example_task_group' retrieved from /home/airflow/.local/lib/python3.12/site-packages/airflow/example_dags/example_task_group.py
[2026-09-22T16:56:28.598+0000] {logging_mixin.py:188} INFO - [2026-09-22T16:56:28.597+0000] {dag.py:3089} INFO - Sync 1 DAGs
[2026-09-22T16:56:28.618+0000] {logging_mixin.py:188} INFO - [2026-09-22T16:56:28.618+0000] {dag.py:3947} INFO - Setting next_dagrun for example_task_group to 2026-09-21 00:00:00+00:00, run_after=2026-09-22 00:00:00+00:00
[2026-09-22T16:56:28.645+0000] {processor.py:183} INFO - Processing /home/airflow/.local/lib/python3.12/site-packages/airflow/example_dags/example_task_group.py took 0.083 seconds
[2026-09-22T16:58:06.924+0000] {processor.py:161} INFO - Started process (PID=125) to work on /home/airflow/.local/lib/python3.12/site-packages/airflow/example_dags/example_task_group.py
[2026-09-22T16:58:06.926+0000] {processor.py:830} INFO - Processing file /home/airflow/.local/lib/python3.12/site-packages/airflow/example_dags/example_task_group.py for tasks to queue
[2026-09-22T16:58:06.930+0000] {logging_mixin.py:188} INFO - [2026-09-22T16:58:06.929+0000] {dagbag.py:545} INFO - Filling up the DagBag from /home/airflow/.local/lib/python3.12/site-packages/airflow/example_dags/example_task_group.py
[2026-09-22T16:58:06.942+0000] {processor.py:840} INFO - DAG(s) 'example_task_group' retrieved from /home/airflow/.local/lib/python3.12/site-packages/airflow/example_dags/example_task_group.py
[2026-09-22T16:58:07.104+0000] {logging_mixin.py:188} INFO - [2026-09-22T16:58:07.103+0000] {dag.py:3089} INFO - Sync 1 DAGs
[2026-09-22T16:58:07.132+0000] {logging_mixin.py:188} INFO - [2026-09-22T16:58:07.132+0000] {dag.py:3947} INFO - Setting next_dagrun for example_task_group to 2026-09-21 00:00:00+00:00, run_after=2026-09-22 00:00:00+00:00
[2026-09-22T16:58:07.160+0000] {processor.py:183} INFO - Processing /home/airflow/.local/lib/python3.12/site-packages/airflow/example_dags/example_task_group.py took 0.247 seconds
[2026-09-22T16:58:37.457+0000] {processor.py:161} INFO - Started process (PID=183) to work on /home/airflow/.local/lib/python3.12/site-packages/airflow/example_dags/example_task_group.py
[2026-09-22T16:58:37.458+0000] {processor.py:830} INFO - Processing file /home/airflow/.local/lib/python3.12/site-packages/airflow/example_dags/example_task_group.py for tasks to queue
[2026-09-22T16:58:37.460+0000] {logging_mixin.py:188} INFO - [2026-09-22T16:58:37.460+0000] {dagbag.py:545} INFO - Filling up the DagBag from /home/airflow/.local/lib/python3.12/site-packages/airflow/example_dags/example_task_group.py
[2026-09-22T16:58:37.466+0000] {processor.py:840} INFO - DAG(s) 'example_task_group' retrieved from /home/airflow/.local/lib/python3.12/site-packages/airflow/example_dags/example_task_group.py
[2026-09-22T16:58:37.486+0000] {logging_mixin.py:188} INFO - [2026-09-22T16:58:37.486+0000] {dag.py:3089} INFO - Sync 1 DAGs
[2026-09-22T16:58:37.505+0000] {logging_mixin.py:188} INFO - [2026-09-22T16:58:37.505+0000] {dag.py:3947} INFO - Setting next_dagrun for example_task_group to 2026-09-21 00:00:00+00:00, run_after=2026-09-22 00:00:00+00:00
[2026-09-22T16:58:37.525+0000] {processor.py:183} INFO - Processing /home/airflow/.local/lib/python3.12/site-packages/airflow/example_dags/example_task_group.py took 0.073 seconds
[2026-09-22T16:59:08.541+0000] {processor.py:161} INFO - Started process (PID=241) to work on /home/airflow/.local/lib/python3.12/site-packages/airflow/example_dags/example_task_group.py
[2026-09-22T16:59:08.542+0000] {processor.py:830} INFO - Processing file /home/airflow/.local/lib/python3.12/site-packages/airflow/example_dags/example_task_group.py for tasks to queue
[2026-09-22T16:59:08.544+0000] {logging_mixin.py:188} INFO - [2026-09-22T16:59:08.544+0000] {dagbag.py:545} INFO - Filling up the DagBag from /home/airflow/.local/lib/python3.12/site-packages/airflow/example_dags/example_task_group.py
[2026-09-22T16:59:08.551+0000] {processor.py:840} INFO - DAG(s) 'example_task_group' retrieved from /home/airflow/.local/lib/python3.12/site-packages/airflow/example_dags/example_task_group.py
[2026-09-22T16:59:08.572+0000] {logging_mixin.py:188} INFO - [2026-09-22T16:59:08.572+0000] {dag.py:3089} INFO - Sync 1 DAGs
[2026-09-22T16:59:08.596+0000] {logging_mixin.py:188} INFO - [2026-09-22T16:59:08.595+0000] {dag.py:3947} INFO - Setting next_dagrun for example_task_group to 2026-09-21 00:00:00+00:00, run_after=2026-09-22 00:00:00+00:00
[2026-09-22T16:59:08.618+0000] {processor.py:183} INFO - Processing /home/airflow/.local/lib/python3.12/site-packages/airflow/example_dags/example_task_group.py took 0.083 seconds
[2026-09-22T16:59:39.025+0000] {processor.py:161} INFO - Started process (PID=299) to work on /home/airflow/.local/lib/python3.12/site-packages/airflow/example_dags/example_task_group.py
[2026-09-22T16:59:39.026+0000] {processor.py:830} INFO - Processing file /home/airflow/.local/lib/python3.12/site-packages/airflow/example_dags/example_task_group.py for tasks to queue
[2026-09-22T16:59:39.027+0000] {logging_mixin.py:188} INFO - [2026-09-22T16:59:39.027+0000] {dagbag.py:545} INFO - Filling up the DagBag from /home/airflow/.local/lib/python3.12/site-packages/airflow/example_dags/example_task_group.py
[2026-09-22T16:59:39.034+0000] {processor.py:840} INFO - DAG(s) 'example_task_group' retrieved from /home/airflow/.local/lib/python3.12/site-packages/airflow/example_dags/example_task_group.py
[2026-09-22T16:59:39.058+0000] {logging_mixin.py:188} INFO - [2026-09-22T16:59:39.058+0000] {dag.py:3089} INFO - Sync 1 DAGs
[2026-09-22T16:59:39.083+0000] {logging_mixin.py:188} INFO - [2026-09-22T16:59:39.083+0000] {dag.py:3947} INFO - Setting next_dagrun for example_task_group to 2026-09-21 00:00:00+00:00, run_after=2026-09-22 00:00:00+00:00
[2026-09-22T16:59:39.108+0000] {processor.py:183} INFO - Processing /home/airflow/.local/lib/python3.12/site-packages/airflow/example_dags/example_task_group.py took 0.089 seconds
[2026-09-22T17:00:09.346+0000] {processor.py:161} INFO - Started process (PID=357) to work on /home/airflow/.local/lib/python3.12/site-packages/airflow/example_dags/example_task_group.py
[2026-09-22T17:00:09.347+0000] {processor.py:830} INFO - Processing file /home/airflow/.local/lib/python3.12/site-packages/airflow/example_dags/example_task_group.py for tasks to queue
[2026-09-22T17:00:09.350+0000] {logging_mixin.py:188} INFO - [2026-09-22T17:00:09.350+0000] {dagbag.py:545} INFO - Filling up the DagBag from /home/airflow/.local/lib/python3.12/site-packages/airflow/example_dags/example_task_group.py
[2026-09-22T17:00:09.361+0000] {processor.py:840} INFO - DAG(s) 'example_task_group' retrieved from /home/airflow/.local/lib/python3.12/site-packages/airflow/example_dags/example_task_group.py
[2026-09-22T17:00:09.382+0000] {logging_mixin.py:188} INFO - [2026-09-22T17:00:09.382+0000] {dag.py:3089} INFO - Sync 1 DAGs
[2026-09-22T17:00:09.407+0000] {logging_mixin.py:188} INFO - [2026-09-22T17:00:09.407+0000] {dag.py:3947} INFO - Setting next_dagrun for example_task_group to 2026-09-21 00:00:00+00:00, run_after=2026-09-22 00:00:00+00:00
[2026-09-22T17:00:09.427+0000] {processor.py:183} INFO - Processing /home/airflow/.local/lib/python3.12/site-packages/airflow/example_dags/example_task_group.py took 0.087 seconds
[2026-09-22T17:00:39.922+0000] {processor.py:161} INFO - Started process (PID=415) to work on /home/airflow/.local/lib/python3.12/site-packages/airflow/example_dags/example_task_group.py
[2026-09-22T17:00:39.923+0000] {processor.py:830} INFO - Processing file /home/airflow/.local/lib/python3.12/site-packages/airflow/example_dags/example_task_group.py for tasks to queue
[2026-09-22T17:00:39.926+0000] {logging_mixin.py:188} INFO - [2026-09-22T17:00:39.926+0000] {dagbag.py:545} INFO - Filling up the DagBag from /home/airflow/.local/lib/python3.12/site-packages/airflow/example_dags/example_task_group.py
[2026-09-22T17:00:39.933+0000] {processor.py:840} INFO - DAG(s) 'example_task_group' retrieved from /home/airflow/.local/lib/python3.12/site-packages/airflow/example_dags/example_task_group.py
[2026-09-22T17:00:39.957+0000] {logging_mixin.py:188} INFO - [2026-09-22T17:00:39.957+0000] {dag.py:3089} INFO - Sync 1 DAGs
[2026-09-22T17:00:39.978+0000] {logging_mixin.py:188} INFO - [2026-09-22T17:00:39.978+0000] {dag.py:3947} INFO - Setting next_dagrun for example_task_group to 2026-09-21 00:00:00+00:00, run_after=2026-09-22 00:00:00+00:00
[2026-09-22T17:00:40.000+0000] {processor.py:183} INFO - Processing /home/airflow/.local/lib/python3.12/site-packages/airflow/example_dags/example_task_group.py took 0.085 seconds
[2026-09-22T17:01:10.476+0000] {processor.py:161} INFO - Started process (PID=473) to work on /home/airflow/.local/lib/python3.12/site-packages/airflow/example_dags/example_task_group.py
[2026-09-22T17:01:10.478+0000] {processor.py:830} INFO - Processing file /home/airflow/.local/lib/python3.12/site-packages/airflow/example_dags/example_task_group.py for tasks to queue
[2026-09-22T17:01:10.481+0000] {logging_mixin.py:188} INFO - [2026-09-22T17:01:10.481+0000] {dagbag.py:545} INFO - Filling up the DagBag from /home/airflow/.local/lib/python3.12/site-packages/airflow/example_dags/example_task_group.py
[2026-09-22T17:01:10.492+0000] {processor.py:840} INFO - DAG(s) 'example_task_group' retrieved from /home/airflow/.local/lib/python3.12/site-packages/airflow/example_dags/example_task_group.py
[2026-09-22T17:01:10.525+0000] {logging_mixin.py:188} INFO - [2026-09-22T17:01:10.525+0000] {dag.py:3089} INFO - Sync 1 DAGs
[2026-09-22T17:01:10.559+0000] {logging_mixin.py:188} INFO - [2026-09-22T17:01:10.559+0000] {dag.py:3947} INFO - Setting next_dagrun for example_task_group to 2026-09-21 00:00:00+00:00, run_after=2026-09-22 00:00:00+00:00
[2026-09-22T17:01:10.600+0000] {processor.py:183} INFO - Processing /home/airflow/.local/lib/python3.12/site-packages/airflow/example_dags/example_task_group.py took 0.133 seconds
[2026-09-22T17:01:41.120+0000] {processor.py:161} INFO - Started process (PID=531) to work on /home/airflow/.local/lib/python3.12/site-packages/airflow/example_dags/example_task_group.py
[2026-09-22T17:01:41.121+0000] {processor.py:830} INFO - Processing file /home/airflow/.local/lib/python3.12/site-packages/airflow/example_dags/example_task_group.py for tasks to queue
[2026-09-22T17:01:41.123+0000] {logging_mixin.py:188} INFO - [2026-09-22T17:01:41.123+0000] {dagbag.py:545} INFO - Filling up the DagBag from /home/airflow/.local/lib/python3.12/site-packages/airflow/example_dags/example_task_group.py
[2026-09-22T17:01:41.129+0000] {processor.py:840} INFO - DAG(s) 'example_task_group' retrieved from /home/airflow/.local/lib/python3.12/site-packages/airflow/example_dags/example_task_group.py
[2026-09-22T17:01:41.153+0000] {logging_mixin.py:188} INFO - [2026-09-22T17:01:41.152+0000] {dag.py:3089} INFO - Sync 1 DAGs
[2026-09-22T17:01:41.173+0000] {logging_mixin.py:188} INFO - [2026-09-22T17:01:41.173+0000] {dag.py:3947} INFO - Setting next_dagrun for example_task_group to 2026-09-21 00:00:00+00:00, run_after=2026-09-22 00:00:00+00:00
[2026-09-22T17:01:41.197+0000] {processor.py:183} INFO - Processing /home/airflow/.local/lib/python3.12/site-packages/airflow/example_dags/example_task_group.py took 0.084 seconds
[2026-09-22T17:02:11.278+0000] {processor.py:161} INFO - Started process (PID=588) to work on /home/airflow/.local/lib/python3.12/site-packages/airflow/example_dags/example_task_group.py
[2026-09-22T17:02:11.279+0000] {processor.py:830} INFO - Processing file /home/airflow/.local/lib/python3.12/site-packages/airflow/example_dags/example_task_group.py for tasks to queue
[2026-09-22T17:02:11.281+0000] {logging_mixin.py:188} INFO - [2026-09-22T17:02:11.281+0000] {dagbag.py:545} INFO - Filling up the DagBag from /home/airflow/.local/lib/python3.12/site-packages/airflow/example_dags/example_task_group.py
[2026-09-22T17:02:11.290+0000] {processor.py:840} INFO - DAG(s) 'example_task_group' retrieved from /home/airflow/.local/lib/python3.12/site-packages/airflow/example_dags/example_task_group.py
[2026-09-22T17:02:11.315+0000] {logging_mixin.py:188} INFO - [2026-09-22T17:02:11.315+0000] {dag.py:3089} INFO - Sync 1 DAGs
[2026-09-22T17:02:11.338+0000] {logging_mixin.py:188} INFO - [2026-09-22T17:02:11.338+0000] {dag.py:3947} INFO - Setting next_dagrun for example_task_group to 2026-09-21 00:00:00+00:00, run_after=2026-09-22 00:00:00+00:00
[2026-09-22T17:02:11.360+0000] {processor.py:183} INFO - Processing /home/airflow/.local/lib/python3.12/site-packages/airflow/example_dags/example_task_group.py took 0.089 seconds
[2026-09-22T17:03:35.577+0000] {processor.py:161} INFO - Started process (PID=123) to work on /home/airflow/.local/lib/python3.12/site-packages/airflow/example_dags/example_task_group.py
[2026-09-22T17:03:35.579+0000] {processor.py:830} INFO - Processing file /home/airflow/.local/lib/python3.12/site-packages/airflow/example_dags/example_task_group.py for tasks to queue
[2026-09-22T17:03:35.582+0000] {logging_mixin.py:188} INFO - [2026-09-22T17:03:35.581+0000] {dagbag.py:545} INFO - Filling up the DagBag from /home/airflow/.local/lib/python3.12/site-packages/airflow/example_dags/example_task_group.py
[2026-09-22T17:03:35.594+0000] {processor.py:840} INFO - DAG(s) 'example_task_group' retrieved from /home/airflow/.local/lib/python3.12/site-packages/airflow/example_dags/example_task_group.py
[2026-09-22T17:03:35.728+0000] {logging_mixin.py:188} INFO - [2026-09-22T17:03:35.727+0000] {dag.py:3089} INFO - Sync 1 DAGs
[2026-09-22T17:03:35.753+0000] {logging_mixin.py:188} INFO - [2026-09-22T17:03:35.753+0000] {dag.py:3947} INFO - Setting next_dagrun for example_task_group to 2026-09-21 00:00:00+00:00, run_after=2026-09-22 00:00:00+00:00
[2026-09-22T17:03:35.777+0000] {processor.py:183} INFO - Processing /home/airflow/.local/lib/python3.12/site-packages/airflow/example_dags/example_task_group.py took 0.206 seconds
[2026-09-22T17:04:06.360+0000] {processor.py:161} INFO - Started process (PID=181) to work on /home/airflow/.local/lib/python3.12/site-packages/airflow/example_dags/example_task_group.py
[2026-09-22T17:04:06.361+0000] {processor.py:830} INFO - Processing file /home/airflow/.local/lib/python3.12/site-packages/airflow/example_dags/example_task_group.py for tasks to queue
[2026-09-22T17:04:06.363+0000] {logging_mixin.py:188} INFO - [2026-09-22T17:04:06.363+0000] {dagbag.py:545} INFO - Filling up the DagBag from /home/airflow/.local/lib/python3.12/site-packages/airflow/example_dags/example_task_group.py
[2026-09-22T17:04:06.373+0000] {processor.py:840} INFO - DAG(s) 'example_task_group' retrieved from /home/airflow/.local/lib/python3.12/site-packages/airflow/example_dags/example_task_group.py
[2026-09-22T17:04:06.403+0000] {logging_mixin.py:188} INFO - [2026-09-22T17:04:06.403+0000] {dag.py:3089} INFO - Sync 1 DAGs
[2026-09-22T17:04:06.444+0000] {logging_mixin.py:188} INFO - [2026-09-22T17:04:06.444+0000] {dag.py:3947} INFO - Setting next_dagrun for example_task_group to 2026-09-21 00:00:00+00:00, run_after=2026-09-22 00:00:00+00:00
[2026-09-22T17:04:06.478+0000] {processor.py:183} INFO - Processing /home/airflow/.local/lib/python3.12/site-packages/airflow/example_dags/example_task_group.py took 0.127 seconds
[2026-09-22T17:04:37.230+0000] {processor.py:161} INFO - Started process (PID=239) to work on /home/airflow/.local/lib/python3.12/site-packages/airflow/example_dags/example_task_group.py
[2026-09-22T17:04:37.231+0000] {processor.py:830} INFO - Processing file /home/airflow/.local/lib/python3.12/site-packages/airflow/example_dags/example_task_group.py for tasks to queue
[2026-09-22T17:04:37.233+0000] {logging_mixin.py:188} INFO - [2026-09-22T17:04:37.233+0000] {dagbag.py:545} INFO - Filling up the DagBag from /home/airflow/.local/lib/python3.12/site-packages/airflow/example_dags/example_task_group.py
[2026-09-22T17:04:37.242+0000] {processor.py:840} INFO - DAG(s) 'example_task_group' retrieved from /home/airflow/.local/lib/python3.12/site-packages/airflow/example_dags/example_task_group.py
[2026-09-22T17:04:37.263+0000] {logging_mixin.py:188} INFO - [2026-09-22T17:04:37.263+0000] {dag.py:3089} INFO - Sync 1 DAGs
[2026-09-22T17:04:37.286+0000] {logging_mixin.py:188} INFO - [2026-09-22T17:04:37.286+0000] {dag.py:3947} INFO - Setting next_dagrun for example_task_group to 2026-09-21 00:00:00+00:00, run_after=2026-09-22 00:00:00+00:00
[2026-09-22T17:04:37.309+0000] {processor.py:183} INFO - Processing /home/airflow/.local/lib/python3.12/site-packages/airflow/example_dags/example_task_group.py took 0.084 seconds
[2026-09-22T17:05:08.132+0000] {processor.py:161} INFO - Started process (PID=297) to work on /home/airflow/.local/lib/python3.12/site-packages/airflow/example_dags/example_task_group.py
[2026-09-22T17:05:08.135+0000] {processor.py:830} INFO - Processing file /home/airflow/.local/lib/python3.12/site-packages/airflow/example_dags/example_task_group.py for tasks to queue
[2026-09-22T17:05:08.138+0000] {logging_mixin.py:188} INFO - [2026-09-22T17:05:08.138+0000] {dagbag.py:545} INFO - Filling up the DagBag from /home/airflow/.local/lib/python3.12/site-packages/airflow/example_dags/example_task_group.py
[2026-09-22T17:05:08.151+0000] {processor.py:840} INFO - DAG(s) 'example_task_group' retrieved from /home/airflow/.local/lib/python3.12/site-packages/airflow/example_dags/example_task_group.py
[2026-09-22T17:05:08.186+0000] {logging_mixin.py:188} INFO - [2026-09-22T17:05:08.186+0000] {dag.py:3089} INFO - Sync 1 DAGs
[2026-09-22T17:05:08.229+0000] {logging_mixin.py:188} INFO - [2026-09-22T17:05:08.229+0000] {dag.py:3947} INFO - Setting next_dagrun for example_task_group to 2026-09-21 00:00:00+00:00, run_after=2026-09-22 00:00:00+00:00
[2026-09-22T17:05:08.277+0000] {processor.py:183} INFO - Processing /home/airflow/.local/lib/python3.12/site-packages/airflow/example_dags/example_task_group.py took 0.154 seconds
[2026-09-22T17:05:38.435+0000] {processor.py:161} INFO - Started process (PID=355) to work on /home/airflow/.local/lib/python3.12/site-packages/airflow/example_dags/example_task_group.py
[2026-09-22T17:05:38.436+0000] {processor.py:830} INFO - Processing file /home/airflow/.local/lib/python3.12/site-packages/airflow/example_dags/example_task_group.py for tasks to queue
[2026-09-22T17:05:38.438+0000] {logging_mixin.py:188} INFO - [2026-09-22T17:05:38.438+0000] {dagbag.py:545} INFO - Filling up the DagBag from /home/airflow/.local/lib/python3.12/site-packages/airflow/example_dags/example_task_group.py
[2026-09-22T17:05:38.444+0000] {processor.py:840} INFO - DAG(s) 'example_task_group' retrieved from /home/airflow/.local/lib/python3.12/site-packages/airflow/example_dags/example_task_group.py
[2026-09-22T17:05:38.466+0000] {logging_mixin.py:188} INFO - [2026-09-22T17:05:38.466+0000] {dag.py:3089} INFO - Sync 1 DAGs
[2026-09-22T17:05:38.483+0000] {logging_mixin.py:188} INFO - [2026-09-22T17:05:38.483+0000] {dag.py:3947} INFO - Setting next_dagrun for example_task_group to 2026-09-21 00:00:00+00:00, run_after=2026-09-22 00:00:00+00:00
[2026-09-22T17:05:38.506+0000] {processor.py:183} INFO - Processing /home/airflow/.local/lib/python3.12/site-packages/airflow/example_dags/example_task_group.py took 0.076 seconds
[2026-09-22T17:06:09.321+0000] {processor.py:161} INFO - Started process (PID=413) to work on /home/airflow/.local/lib/python3.12/site-packages/airflow/example_dags/example_task_group.py
[2026-09-22T17:06:09.323+0000] {processor.py:830} INFO - Processing file /home/airflow/.local/lib/python3.12/site-packages/airflow/example_dags/example_task_group.py for tasks to queue
[2026-09-22T17:06:09.327+0000] {logging_mixin.py:188} INFO - [2026-09-22T17:06:09.327+0000] {dagbag.py:545} INFO - Filling up the DagBag from /home/airflow/.local/lib/python3.12/site-packages/airflow/example_dags/example_task_group.py
[2026-09-22T17:06:09.340+0000] {processor.py:840} INFO - DAG(s) 'example_task_group' retrieved from /home/airflow/.local/lib/python3.12/site-packages/airflow/example_dags/example_task_group.py
[2026-09-22T17:06:09.380+0000] {logging_mixin.py:188} INFO - [2026-09-22T17:06:09.380+0000] {dag.py:3089} INFO - Sync 1 DAGs
[2026-09-22T17:06:09.424+0000] {logging_mixin.py:188} INFO - [2026-09-22T17:06:09.424+0000] {dag.py:3947} INFO - Setting next_dagrun for example_task_group to 2026-09-21 00:00:00+00:00, run_after=2026-09-22 00:00:00+00:00
[2026-09-22T17:06:09.465+0000] {processor.py:183} INFO - Processing /home/airflow/.local/lib/python3.12/site-packages/airflow/example_dags/example_task_group.py took 0.154 seconds
[2026-09-22T17:06:39.596+0000] {processor.py:161} INFO - Started process (PID=470) to work on /home/airflow/.local/lib/python3.12/site-packages/airflow/example_dags/example_task_group.py
[2026-09-22T17:06:39.597+0000] {processor.py:830} INFO - Processing file /home/airflow/.local/lib/python3.12/site-packages/airflow/example_dags/example_task_group.py for tasks to queue
[2026-09-22T17:06:39.600+0000] {logging_mixin.py:188} INFO - [2026-09-22T17:06:39.600+0000] {dagbag.py:545} INFO - Filling up the DagBag from /home/airflow/.local/lib/python3.12/site-packages/airflow/example_dags/example_task_group.py
[2026-09-22T17:06:39.610+0000] {processor.py:840} INFO - DAG(s) 'example_task_group' retrieved from /home/airflow/.local/lib/python3.12/site-packages/airflow/example_dags/example_task_group.py
[2026-09-22T17:06:39.638+0000] {logging_mixin.py:188} INFO - [2026-09-22T17:06:39.638+0000] {dag.py:3089} INFO - Sync 1 DAGs
[2026-09-22T17:06:39.665+0000] {logging_mixin.py:188} INFO - [2026-09-22T17:06:39.665+0000] {dag.py:3947} INFO - Setting next_dagrun for example_task_group to 2026-09-21 00:00:00+00:00, run_after=2026-09-22 00:00:00+00:00
[2026-09-22T17:06:39.692+0000] {processor.py:183} INFO - Processing /home/airflow/.local/lib/python3.12/site-packages/airflow/example_dags/example_task_group.py took 0.104 seconds
[2026-09-22T17:07:10.553+0000] {processor.py:161} INFO - Started process (PID=529) to work on /home/airflow/.local/lib/python3.12/site-packages/airflow/example_dags/example_task_group.py
[2026-09-22T17:07:10.554+0000] {processor.py:830} INFO - Processing file /home/airflow/.local/lib/python3.12/site-packages/airflow/example_dags/example_task_group.py for tasks to queue
[2026-09-22T17:07:10.557+0000] {logging_mixin.py:188} INFO - [2026-09-22T17:07:10.557+0000] {dagbag.py:545} INFO - Filling up the DagBag from /home/airflow/.local/lib/python3.12/site-packages/airflow/example_dags/example_task_group.py
[2026-09-22T17:07:10.564+0000] {processor.py:840} INFO - DAG(s) 'example_task_group' retrieved from /home/airflow/.local/lib/python3.12/site-packages/airflow/example_dags/example_task_group.py
[2026-09-22T17:07:10.585+0000] {logging_mixin.py:188} INFO - [2026-09-22T17:07:10.585+0000] {dag.py:3089} INFO - Sync 1 DAGs
[2026-09-22T17:07:10.606+0000] {logging_mixin.py:188} INFO - [2026-09-22T17:07:10.606+0000] {dag.py:3947} INFO - Setting next_dagrun for example_task_group to 2026-09-21 00:00:00+00:00, run_after=2026-09-22 00:00:00+00:00
[2026-09-22T17:07:10.631+0000] {processor.py:183} INFO - Processing /home/airflow/.local/lib/python3.12/site-packages/airflow/example_dags/example_task_group.py took 0.087 seconds
[2026-09-22T17:07:41.016+0000] {processor.py:161} INFO - Started process (PID=587) to work on /home/airflow/.local/lib/python3.12/site-packages/airflow/example_dags/example_task_group.py
[2026-09-22T17:07:41.017+0000] {processor.py:830} INFO - Processing file /home/airflow/.local/lib/python3.12/site-packages/airflow/example_dags/example_task_group.py for tasks to queue
[2026-09-22T17:07:41.019+0000] {logging_mixin.py:188} INFO - [2026-09-22T17:07:41.019+0000] {dagbag.py:545} INFO - Filling up the DagBag from /home/airflow/.local/lib/python3.12/site-packages/airflow/example_dags/example_task_group.py
[2026-09-22T17:07:41.026+0000] {processor.py:840} INFO - DAG(s) 'example_task_group' retrieved from /home/airflow/.local/lib/python3.12/site-packages/airflow/example_dags/example_task_group.py
[2026-09-22T17:07:41.046+0000] {logging_mixin.py:188} INFO - [2026-09-22T17:07:41.046+0000] {dag.py:3089} INFO - Sync 1 DAGs
[2026-09-22T17:07:41.069+0000] {logging_mixin.py:188} INFO - [2026-09-22T17:07:41.069+0000] {dag.py:3947} INFO - Setting next_dagrun for example_task_group to 2026-09-21 00:00:00+00:00, run_after=2026-09-22 00:00:00+00:00
[2026-09-22T17:07:41.093+0000] {processor.py:183} INFO - Processing /home/airflow/.local/lib/python3.12/site-packages/airflow/example_dags/example_task_group.py took 0.083 seconds
[2026-09-22T17:08:11.367+0000] {processor.py:161} INFO - Started process (PID=645) to work on /home/airflow/.local/lib/python3.12/site-packages/airflow/example_dags/example_task_group.py
[2026-09-22T17:08:11.368+0000] {processor.py:830} INFO - Processing file /home/airflow/.local/lib/python3.12/site-packages/airflow/example_dags/example_task_group.py for tasks to queue
[2026-09-22T17:08:11.370+0000] {logging_mixin.py:188} INFO - [2026-09-22T17:08:11.369+0000] {dagbag.py:545} INFO - Filling up the DagBag from /home/airflow/.local/lib/python3.12/site-packages/airflow/example_dags/example_task_group.py
[2026-09-22T17:08:11.376+0000] {processor.py:840} INFO - DAG(s) 'example_task_group' retrieved from /home/airflow/.local/lib/python3.12/site-packages/airflow/example_dags/example_task_group.py
[2026-09-22T17:08:11.395+0000] {logging_mixin.py:188} INFO - [2026-09-22T17:08:11.395+0000] {dag.py:3089} INFO - Sync 1 DAGs
[2026-09-22T17:08:11.415+0000] {logging_mixin.py:188} INFO - [2026-09-22T17:08:11.414+0000] {dag.py:3947} INFO - Setting next_dagrun for example_task_group to 2026-09-21 00:00:00+00:00, run_after=2026-09-22 00:00:00+00:00
[2026-09-22T17:08:11.436+0000] {processor.py:183} INFO - Processing /home/airflow/.local/lib/python3.12/site-packages/airflow/example_dags/example_task_group.py took 0.075 seconds
[2026-09-22T17:08:41.488+0000] {processor.py:161} INFO - Started process (PID=709) to work on /home/airflow/.local/lib/python3.12/site-packages/airflow/example_dags/example_task_group.py
[2026-09-22T17:08:41.489+0000] {processor.py:830} INFO - Processing file /home/airflow/.local/lib/python3.12/site-packages/airflow/example_dags/example_task_group.py for tasks to queue
[2026-09-22T17:08:41.491+0000] {logging_mixin.py:188} INFO - [2026-09-22T17:08:41.491+0000] {dagbag.py:545} INFO - Filling up the DagBag from /home/airflow/.local/lib/python3.12/site-packages/airflow/example_dags/example_task_group.py
[2026-09-22T17:08:41.497+0000] {processor.py:840} INFO - DAG(s) 'example_task_group' retrieved from /home/airflow/.local/lib/python3.12/site-packages/airflow/example_dags/example_task_group.py
[2026-09-22T17:08:41.516+0000] {logging_mixin.py:188} INFO - [2026-09-22T17:08:41.516+0000] {dag.py:3089} INFO - Sync 1 DAGs
[2026-09-22T17:08:41.539+0000] {logging_mixin.py:188} INFO - [2026-09-22T17:08:41.539+0000] {dag.py:3947} INFO - Setting next_dagrun for example_task_group to 2026-09-21 00:00:00+00:00, run_after=2026-09-22 00:00:00+00:00
[2026-09-22T17:08:41.562+0000] {processor.py:183} INFO - Processing /home/airflow/.local/lib/python3.12/site-packages/airflow/example_dags/example_task_group.py took 0.080 seconds
[2026-09-22T17:09:11.879+0000] {processor.py:161} INFO - Started process (PID=766) to work on /home/airflow/.local/lib/python3.12/site-packages/airflow/example_dags/example_task_group.py
[2026-09-22T17:09:11.880+0000] {processor.py:830} INFO - Processing file /home/airflow/.local/lib/python3.12/site-packages/airflow/example_dags/example_task_group.py for tasks to queue
[2026-09-22T17:09:11.883+0000] {logging_mixin.py:188} INFO - [2026-09-22T17:09:11.882+0000] {dagbag.py:545} INFO - Filling up the DagBag from /home/airflow/.local/lib/python3.12/site-packages/airflow/example_dags/example_task_group.py
[2026-09-22T17:09:11.891+0000] {processor.py:840} INFO - DAG(s) 'example_task_group' retrieved from /home/airflow/.local/lib/python3.12/site-packages/airflow/example_dags/example_task_group.py
[2026-09-22T17:09:11.912+0000] {logging_mixin.py:188} INFO - [2026-09-22T17:09:11.912+0000] {dag.py:3089} INFO - Sync 1 DAGs
[2026-09-22T17:09:11.935+0000] {logging_mixin.py:188} INFO - [2026-09-22T17:09:11.934+0000] {dag.py:3947} INFO - Setting next_dagrun for example_task_group to 2026-09-21 00:00:00+00:00, run_after=2026-09-22 00:00:00+00:00
[2026-09-22T17:09:11.955+0000] {processor.py:183} INFO - Processing /home/airflow/.local/lib/python3.12/site-packages/airflow/example_dags/example_task_group.py took 0.082 seconds
[2026-09-22T17:09:42.003+0000] {processor.py:161} INFO - Started process (PID=824) to work on /home/airflow/.local/lib/python3.12/site-packages/airflow/example_dags/example_task_group.py
[2026-09-22T17:09:42.004+0000] {processor.py:830} INFO - Processing file /home/airflow/.local/lib/python3.12/site-packages/airflow/example_dags/example_task_group.py for tasks to queue
[2026-09-22T17:09:42.006+0000] {logging_mixin.py:188} INFO - [2026-09-22T17:09:42.006+0000] {dagbag.py:545} INFO - Filling up the DagBag from /home/airflow/.local/lib/python3.12/site-packages/airflow/example_dags/example_task_group.py
[2026-09-22T17:09:42.013+0000] {processor.py:840} INFO - DAG(s) 'example_task_group' retrieved from /home/airflow/.local/lib/python3.12/site-packages/airflow/example_dags/example_task_group.py
[2026-09-22T17:09:42.035+0000] {logging_mixin.py:188} INFO - [2026-09-22T17:09:42.035+0000] {dag.py:3089} INFO - Sync 1 DAGs
[2026-09-22T17:09:42.055+0000] {logging_mixin.py:188} INFO - [2026-09-22T17:09:42.055+0000] {dag.py:3947} INFO - Setting next_dagrun for example_task_group to 2026-09-21 00:00:00+00:00, run_after=2026-09-22 00:00:00+00:00
[2026-09-22T17:09:42.074+0000] {processor.py:183} INFO - Processing /home/airflow/.local/lib/python3.12/site-packages/airflow/example_dags/example_task_group.py took 0.078 seconds
[2026-09-22T17:10:12.177+0000] {processor.py:161} INFO - Started process (PID=882) to work on /home/airflow/.local/lib/python3.12/site-packages/airflow/example_dags/example_task_group.py
[2026-09-22T17:10:12.178+0000] {processor.py:830} INFO - Processing file /home/airflow/.local/lib/python3.12/site-packages/airflow/example_dags/example_task_group.py for tasks to queue
[2026-09-22T17:10:12.180+0000] {logging_mixin.py:188} INFO - [2026-09-22T17:10:12.179+0000] {dagbag.py:545} INFO - Filling up the DagBag from /home/airflow/.local/lib/python3.12/site-packages/airflow/example_dags/example_task_group.py
[2026-09-22T17:10:12.187+0000] {processor.py:840} INFO - DAG(s) 'example_task_group' retrieved from /home/airflow/.local/lib/python3.12/site-packages/airflow/example_dags/example_task_group.py
[2026-09-22T17:10:12.206+0000] {logging_mixin.py:188} INFO - [2026-09-22T17:10:12.206+0000] {dag.py:3089} INFO - Sync 1 DAGs
[2026-09-22T17:10:12.225+0000] {logging_mixin.py:188} INFO - [2026-09-22T17:10:12.225+0000] {dag.py:3947} INFO - Setting next_dagrun for example_task_group to 2026-09-21 00:00:00+00:00, run_after=2026-09-22 00:00:00+00:00
[2026-09-22T17:10:12.246+0000] {processor.py:183} INFO - Processing /home/airflow/.local/lib/python3.12/site-packages/airflow/example_dags/example_task_group.py took 0.074 seconds
[2026-09-22T17:10:42.309+0000] {processor.py:161} INFO - Started process (PID=940) to work on /home/airflow/.local/lib/python3.12/site-packages/airflow/example_dags/example_task_group.py
[2026-09-22T17:10:42.311+0000] {processor.py:830} INFO - Processing file /home/airflow/.local/lib/python3.12/site-packages/airflow/example_dags/example_task_group.py for tasks to queue
[2026-09-22T17:10:42.313+0000] {logging_mixin.py:188} INFO - [2026-09-22T17:10:42.312+0000] {dagbag.py:545} INFO - Filling up the DagBag from /home/airflow/.local/lib/python3.12/site-packages/airflow/example_dags/example_task_group.py
[2026-09-22T17:10:42.320+0000] {processor.py:840} INFO - DAG(s) 'example_task_group' retrieved from /home/airflow/.local/lib/python3.12/site-packages/airflow/example_dags/example_task_group.py
[2026-09-22T17:10:42.340+0000] {logging_mixin.py:188} INFO - [2026-09-22T17:10:42.340+0000] {dag.py:3089} INFO - Sync 1 DAGs
[2026-09-22T17:10:42.359+0000] {logging_mixin.py:188} INFO - [2026-09-22T17:10:42.359+0000] {dag.py:3947} INFO - Setting next_dagrun for example_task_group to 2026-09-21 00:00:00+00:00, run_after=2026-09-22 00:00:00+00:00
[2026-09-22T17:10:42.378+0000] {processor.py:183} INFO - Processing /home/airflow/.local/lib/python3.12/site-packages/airflow/example_dags/example_task_group.py took 0.075 seconds
[2026-09-22T17:11:12.596+0000] {processor.py:161} INFO - Started process (PID=998) to work on /home/airflow/.local/lib/python3.12/site-packages/airflow/example_dags/example_task_group.py
[2026-09-22T17:11:12.597+0000] {processor.py:830} INFO - Processing file /home/airflow/.local/lib/python3.12/site-packages/airflow/example_dags/example_task_group.py for tasks to queue
[2026-09-22T17:11:12.601+0000] {logging_mixin.py:188} INFO - [2026-09-22T17:11:12.600+0000] {dagbag.py:545} INFO - Filling up the DagBag from /home/airflow/.local/lib/python3.12/site-packages/airflow/example_dags/example_task_group.py
[2026-09-22T17:11:12.609+0000] {processor.py:840} INFO - DAG(s) 'example_task_group' retrieved from /home/airflow/.local/lib/python3.12/site-packages/airflow/example_dags/example_task_group.py
[2026-09-22T17:11:12.637+0000] {logging_mixin.py:188} INFO - [2026-09-22T17:11:12.637+0000] {dag.py:3089} INFO - Sync 1 DAGs
[2026-09-22T17:11:12.661+0000] {logging_mixin.py:188} INFO - [2026-09-22T17:11:12.661+0000] {dag.py:3947} INFO - Setting next_dagrun for example_task_group to 2026-09-21 00:00:00+00:00, run_after=2026-09-22 00:00:00+00:00
[2026-09-22T17:11:12.682+0000] {processor.py:183} INFO - Processing /home/airflow/.local/lib/python3.12/site-packages/airflow/example_dags/example_task_group.py took 0.091 seconds
[2026-09-22T17:11:42.946+0000] {processor.py:161} INFO - Started process (PID=1056) to work on /home/airflow/.local/lib/python3.12/site-packages/airflow/example_dags/example_task_group.py
[2026-09-22T17:11:42.947+0000] {processor.py:830} INFO - Processing file /home/airflow/.local/lib/python3.12/site-packages/airflow/example_dags/example_task_group.py for tasks to queue
[2026-09-22T17:11:42.949+0000] {logging_mixin.py:188} INFO - [2026-09-22T17:11:42.949+0000] {dagbag.py:545} INFO - Filling up the DagBag from /home/airflow/.local/lib/python3.12/site-packages/airflow/example_dags/example_task_group.py
[2026-09-22T17:11:42.956+0000] {processor.py:840} INFO - DAG(s) 'example_task_group' retrieved from /home/airflow/.local/lib/python3.12/site-packages/airflow/example_dags/example_task_group.py
[2026-09-22T17:11:42.976+0000] {logging_mixin.py:188} INFO - [2026-09-22T17:11:42.976+0000] {dag.py:3089} INFO - Sync 1 DAGs
[2026-09-22T17:11:42.995+0000] {logging_mixin.py:188} INFO - [2026-09-22T17:11:42.995+0000] {dag.py:3947} INFO - Setting next_dagrun for example_task_group to 2026-09-21 00:00:00+00:00, run_after=2026-09-22 00:00:00+00:00
[2026-09-22T17:11:43.014+0000] {processor.py:183} INFO - Processing /home/airflow/.local/lib/python3.12/site-packages/airflow/example_dags/example_task_group.py took 0.074 seconds
[2026-09-22T17:12:13.105+0000] {processor.py:161} INFO - Started process (PID=1114) to work on /home/airflow/.local/lib/python3.12/site-packages/airflow/example_dags/example_task_group.py
[2026-09-22T17:12:13.106+0000] {processor.py:830} INFO - Processing file /home/airflow/.local/lib/python3.12/site-packages/airflow/example_dags/example_task_group.py for tasks to queue
[2026-09-22T17:12:13.108+0000] {logging_mixin.py:188} INFO - [2026-09-22T17:12:13.108+0000] {dagbag.py:545} INFO - Filling up the DagBag from /home/airflow/.local/lib/python3.12/site-packages/airflow/example_dags/example_task_group.py
[2026-09-22T17:12:13.115+0000] {processor.py:840} INFO - DAG(s) 'example_task_group' retrieved from /home/airflow/.local/lib/python3.12/site-packages/airflow/example_dags/example_task_group.py
[2026-09-22T17:12:13.138+0000] {logging_mixin.py:188} INFO - [2026-09-22T17:12:13.138+0000] {dag.py:3089} INFO - Sync 1 DAGs
[2026-09-22T17:12:13.157+0000] {logging_mixin.py:188} INFO - [2026-09-22T17:12:13.157+0000] {dag.py:3947} INFO - Setting next_dagrun for example_task_group to 2026-09-21 00:00:00+00:00, run_after=2026-09-22 00:00:00+00:00
[2026-09-22T17:12:13.177+0000] {processor.py:183} INFO - Processing /home/airflow/.local/lib/python3.12/site-packages/airflow/example_dags/example_task_group.py took 0.077 seconds
[2026-09-22T17:12:43.428+0000] {processor.py:161} INFO - Started process (PID=1172) to work on /home/airflow/.local/lib/python3.12/site-packages/airflow/example_dags/example_task_group.py
[2026-09-22T17:12:43.429+0000] {processor.py:830} INFO - Processing file /home/airflow/.local/lib/python3.12/site-packages/airflow/example_dags/example_task_group.py for tasks to queue
[2026-09-22T17:12:43.431+0000] {logging_mixin.py:188} INFO - [2026-09-22T17:12:43.431+0000] {dagbag.py:545} INFO - Filling up the DagBag from /home/airflow/.local/lib/python3.12/site-packages/airflow/example_dags/example_task_group.py
[2026-09-22T17:12:43.437+0000] {processor.py:840} INFO - DAG(s) 'example_task_group' retrieved from /home/airflow/.local/lib/python3.12/site-packages/airflow/example_dags/example_task_group.py
[2026-09-22T17:12:43.456+0000] {logging_mixin.py:188} INFO - [2026-09-22T17:12:43.456+0000] {dag.py:3089} INFO - Sync 1 DAGs
[2026-09-22T17:12:43.474+0000] {logging_mixin.py:188} INFO - [2026-09-22T17:12:43.474+0000] {dag.py:3947} INFO - Setting next_dagrun for example_task_group to 2026-09-21 00:00:00+00:00, run_after=2026-09-22 00:00:00+00:00
[2026-09-22T17:12:43.494+0000] {processor.py:183} INFO - Processing /home/airflow/.local/lib/python3.12/site-packages/airflow/example_dags/example_task_group.py took 0.073 seconds
[2026-09-22T17:13:13.754+0000] {processor.py:161} INFO - Started process (PID=1230) to work on /home/airflow/.local/lib/python3.12/site-packages/airflow/example_dags/example_task_group.py
[2026-09-22T17:13:13.756+0000] {processor.py:830} INFO - Processing file /home/airflow/.local/lib/python3.12/site-packages/airflow/example_dags/example_task_group.py for tasks to queue
[2026-09-22T17:13:13.759+0000] {logging_mixin.py:188} INFO - [2026-09-22T17:13:13.758+0000] {dagbag.py:545} INFO - Filling up the DagBag from /home/airflow/.local/lib/python3.12/site-packages/airflow/example_dags/example_task_group.py
[2026-09-22T17:13:13.768+0000] {processor.py:840} INFO - DAG(s) 'example_task_group' retrieved from /home/airflow/.local/lib/python3.12/site-packages/airflow/example_dags/example_task_group.py
[2026-09-22T17:13:13.794+0000] {logging_mixin.py:188} INFO - [2026-09-22T17:13:13.794+0000] {dag.py:3089} INFO - Sync 1 DAGs
[2026-09-22T17:13:13.820+0000] {logging_mixin.py:188} INFO - [2026-09-22T17:13:13.819+0000] {dag.py:3947} INFO - Setting next_dagrun for example_task_group to 2026-09-21 00:00:00+00:00, run_after=2026-09-22 00:00:00+00:00
[2026-09-22T17:13:13.845+0000] {processor.py:183} INFO - Processing /home/airflow/.local/lib/python3.12/site-packages/airflow/example_dags/example_task_group.py took 0.099 seconds
