[2026-09-22T16:19:26.597+0000] {processor.py:161} INFO - Started process (PID=64) to work on /home/airflow/.local/lib/python3.12/site-packages/airflow/example_dags/example_sensors.py
[2026-09-22T16:19:26.598+0000] {processor.py:830} INFO - Processing file /home/airflow/.local/lib/python3.12/site-packages/airflow/example_dags/example_sensors.py for tasks to queue
[2026-09-22T16:19:26.602+0000] {logging_mixin.py:188} INFO - [2026-09-22T16:19:26.601+0000] {dagbag.py:545} INFO - Filling up the DagBag from /home/airflow/.local/lib/python3.12/site-packages/airflow/example_dags/example_sensors.py
[2026-09-22T16:19:26.628+0000] {processor.py:840} INFO - DAG(s) 'example_sensors' retrieved from /home/airflow/.local/lib/python3.12/site-packages/airflow/example_dags/example_sensors.py
[2026-09-22T16:19:26.825+0000] {logging_mixin.py:188} INFO - [2026-09-22T16:19:26.825+0000] {dag.py:3089} INFO - Sync 1 DAGs
[2026-09-22T16:19:26.843+0000] {logging_mixin.py:188} INFO - [2026-09-22T16:19:26.843+0000] {dag.py:3947} INFO - Setting next_dagrun for example_sensors to None, run_after=None
[2026-09-22T16:19:26.882+0000] {processor.py:183} INFO - Processing /home/airflow/.local/lib/python3.12/site-packages/airflow/example_dags/example_sensors.py took 0.294 seconds
[2026-09-22T16:19:57.485+0000] {processor.py:161} INFO - Started process (PID=121) to work on /home/airflow/.local/lib/python3.12/site-packages/airflow/example_dags/example_sensors.py
[2026-09-22T16:19:57.487+0000] {processor.py:830} INFO - Processing file /home/airflow/.local/lib/python3.12/site-packages/airflow/example_dags/example_sensors.py for tasks to queue
[2026-09-22T16:19:57.491+0000] {logging_mixin.py:188} INFO - [2026-09-22T16:19:57.490+0000] {dagbag.py:545} INFO - Filling up the DagBag from /home/airflow/.local/lib/python3.12/site-packages/airflow/example_dags/example_sensors.py
[2026-09-22T16:19:57.506+0000] {processor.py:840} INFO - DAG(s) 'example_sensors' retrieved from /home/airflow/.local/lib/python3.12/site-packages/airflow/example_dags/example_sensors.py
[2026-09-22T16:19:57.555+0000] {logging_mixin.py:188} INFO - [2026-09-22T16:19:57.554+0000] {dag.py:3089} INFO - Sync 1 DAGs
[2026-09-22T16:19:57.570+0000] {logging_mixin.py:188} INFO - [2026-09-22T16:19:57.570+0000] {dag.py:3947} INFO - Setting next_dagrun for example_sensors to None, run_after=None
[2026-09-22T16:19:57.635+0000] {processor.py:183} INFO - Processing /home/airflow/.local/lib/python3.12/site-packages/airflow/example_dags/example_sensors.py took 0.159 seconds
[2026-09-22T16:20:27.905+0000] {processor.py:161} INFO - Started process (PID=179) to work on /home/airflow/.local/lib/python3.12/site-packages/airflow/example_dags/example_sensors.py
[2026-09-22T16:20:27.907+0000] {processor.py:830} INFO - Processing file /home/airflow/.local/lib/python3.12/site-packages/airflow/example_dags/example_sensors.py for tasks to queue
[2026-09-22T16:20:27.910+0000] {logging_mixin.py:188} INFO - [2026-09-22T16:20:27.910+0000] {dagbag.py:545} INFO - Filling up the DagBag from /home/airflow/.local/lib/python3.12/site-packages/airflow/example_dags/example_sensors.py
[2026-09-22T16:20:27.919+0000] {processor.py:840} INFO - DAG(s) 'example_sensors' retrieved from /home/airflow/.local/lib/python3.12/site-packages/airflow/example_dags/example_sensors.py
[2026-09-22T16:20:27.961+0000] {logging_mixin.py:188} INFO - [2026-09-22T16:20:27.961+0000] {dag.py:3089} INFO - Sync 1 DAGs
[2026-09-22T16:20:27.981+0000] {logging_mixin.py:188} INFO - [2026-09-22T16:20:27.980+0000] {dag.py:3947} INFO - Setting next_dagrun for example_sensors to None, run_after=None
[2026-09-22T16:20:28.020+0000] {processor.py:183} INFO - Processing /home/airflow/.local/lib/python3.12/site-packages/airflow/example_dags/example_sensors.py took 0.123 seconds
[2026-09-22T16:20:58.417+0000] {processor.py:161} INFO - Started process (PID=236) to work on /home/airflow/.local/lib/python3.12/site-packages/airflow/example_dags/example_sensors.py
[2026-09-22T16:20:58.418+0000] {processor.py:830} INFO - Processing file /home/airflow/.local/lib/python3.12/site-packages/airflow/example_dags/example_sensors.py for tasks to queue
[2026-09-22T16:20:58.422+0000] {logging_mixin.py:188} INFO - [2026-09-22T16:20:58.421+0000] {dagbag.py:545} INFO - Filling up the DagBag from /home/airflow/.local/lib/python3.12/site-packages/airflow/example_dags/example_sensors.py
[2026-09-22T16:20:58.432+0000] {processor.py:840} INFO - DAG(s) 'example_sensors' retrieved from /home/airflow/.local/lib/python3.12/site-packages/airflow/example_dags/example_sensors.py
[2026-09-22T16:20:58.478+0000] {logging_mixin.py:188} INFO - [2026-09-22T16:20:58.477+0000] {dag.py:3089} INFO - Sync 1 DAGs
[2026-09-22T16:20:58.501+0000] {logging_mixin.py:188} INFO - [2026-09-22T16:20:58.501+0000] {dag.py:3947} INFO - Setting next_dagrun for example_sensors to None, run_after=None
[2026-09-22T16:20:58.585+0000] {processor.py:183} INFO - Processing /home/airflow/.local/lib/python3.12/site-packages/airflow/example_dags/example_sensors.py took 0.177 seconds
[2026-09-22T16:21:29.187+0000] {processor.py:161} INFO - Started process (PID=294) to work on /home/airflow/.local/lib/python3.12/site-packages/airflow/example_dags/example_sensors.py
[2026-09-22T16:21:29.188+0000] {processor.py:830} INFO - Processing file /home/airflow/.local/lib/python3.12/site-packages/airflow/example_dags/example_sensors.py for tasks to queue
[2026-09-22T16:21:29.191+0000] {logging_mixin.py:188} INFO - [2026-09-22T16:21:29.191+0000] {dagbag.py:545} INFO - Filling up the DagBag from /home/airflow/.local/lib/python3.12/site-packages/airflow/example_dags/example_sensors.py
[2026-09-22T16:21:29.205+0000] {processor.py:840} INFO - DAG(s) 'example_sensors' retrieved from /home/airflow/.local/lib/python3.12/site-packages/airflow/example_dags/example_sensors.py
[2026-09-22T16:21:29.239+0000] {logging_mixin.py:188} INFO - [2026-09-22T16:21:29.238+0000] {dag.py:3089} INFO - Sync 1 DAGs
[2026-09-22T16:21:29.259+0000] {logging_mixin.py:188} INFO - [2026-09-22T16:21:29.258+0000] {dag.py:3947} INFO - Setting next_dagrun for example_sensors to None, run_after=None
[2026-09-22T16:21:29.343+0000] {processor.py:183} INFO - Processing /home/airflow/.local/lib/python3.12/site-packages/airflow/example_dags/example_sensors.py took 0.165 seconds
[2026-09-22T16:21:59.966+0000] {processor.py:161} INFO - Started process (PID=352) to work on /home/airflow/.local/lib/python3.12/site-packages/airflow/example_dags/example_sensors.py
[2026-09-22T16:21:59.969+0000] {processor.py:830} INFO - Processing file /home/airflow/.local/lib/python3.12/site-packages/airflow/example_dags/example_sensors.py for tasks to queue
[2026-09-22T16:21:59.972+0000] {logging_mixin.py:188} INFO - [2026-09-22T16:21:59.972+0000] {dagbag.py:545} INFO - Filling up the DagBag from /home/airflow/.local/lib/python3.12/site-packages/airflow/example_dags/example_sensors.py
[2026-09-22T16:21:59.984+0000] {processor.py:840} INFO - DAG(s) 'example_sensors' retrieved from /home/airflow/.local/lib/python3.12/site-packages/airflow/example_dags/example_sensors.py
[2026-09-22T16:22:00.048+0000] {logging_mixin.py:188} INFO - [2026-09-22T16:22:00.047+0000] {dag.py:3089} INFO - Sync 1 DAGs
[2026-09-22T16:22:00.072+0000] {logging_mixin.py:188} INFO - [2026-09-22T16:22:00.072+0000] {dag.py:3947} INFO - Setting next_dagrun for example_sensors to None, run_after=None
[2026-09-22T16:22:00.160+0000] {processor.py:183} INFO - Processing /home/airflow/.local/lib/python3.12/site-packages/airflow/example_dags/example_sensors.py took 0.205 seconds
[2026-09-22T16:22:31.013+0000] {processor.py:161} INFO - Started process (PID=416) to work on /home/airflow/.local/lib/python3.12/site-packages/airflow/example_dags/example_sensors.py
[2026-09-22T16:22:31.015+0000] {processor.py:830} INFO - Processing file /home/airflow/.local/lib/python3.12/site-packages/airflow/example_dags/example_sensors.py for tasks to queue
[2026-09-22T16:22:31.018+0000] {logging_mixin.py:188} INFO - [2026-09-22T16:22:31.017+0000] {dagbag.py:545} INFO - Filling up the DagBag from /home/airflow/.local/lib/python3.12/site-packages/airflow/example_dags/example_sensors.py
[2026-09-22T16:22:31.032+0000] {processor.py:840} INFO - DAG(s) 'example_sensors' retrieved from /home/airflow/.local/lib/python3.12/site-packages/airflow/example_dags/example_sensors.py
[2026-09-22T16:22:31.077+0000] {logging_mixin.py:188} INFO - [2026-09-22T16:22:31.077+0000] {dag.py:3089} INFO - Sync 1 DAGs
[2026-09-22T16:22:31.102+0000] {logging_mixin.py:188} INFO - [2026-09-22T16:22:31.101+0000] {dag.py:3947} INFO - Setting next_dagrun for example_sensors to None, run_after=None
[2026-09-22T16:22:31.133+0000] {processor.py:183} INFO - Processing /home/airflow/.local/lib/python3.12/site-packages/airflow/example_dags/example_sensors.py took 0.129 seconds
[2026-09-22T16:23:01.208+0000] {processor.py:161} INFO - Started process (PID=474) to work on /home/airflow/.local/lib/python3.12/site-packages/airflow/example_dags/example_sensors.py
[2026-09-22T16:23:01.210+0000] {processor.py:830} INFO - Processing file /home/airflow/.local/lib/python3.12/site-packages/airflow/example_dags/example_sensors.py for tasks to queue
[2026-09-22T16:23:01.213+0000] {logging_mixin.py:188} INFO - [2026-09-22T16:23:01.213+0000] {dagbag.py:545} INFO - Filling up the DagBag from /home/airflow/.local/lib/python3.12/site-packages/airflow/example_dags/example_sensors.py
[2026-09-22T16:23:01.224+0000] {processor.py:840} INFO - DAG(s) 'example_sensors' retrieved from /home/airflow/.local/lib/python3.12/site-packages/airflow/example_dags/example_sensors.py
[2026-09-22T16:23:01.257+0000] {logging_mixin.py:188} INFO - [2026-09-22T16:23:01.256+0000] {dag.py:3089} INFO - Sync 1 DAGs
[2026-09-22T16:23:01.273+0000] {logging_mixin.py:188} INFO - [2026-09-22T16:23:01.273+0000] {dag.py:3947} INFO - Setting next_dagrun for example_sensors to None, run_after=None
[2026-09-22T16:23:01.355+0000] {processor.py:183} INFO - Processing /home/airflow/.local/lib/python3.12/site-packages/airflow/example_dags/example_sensors.py took 0.155 seconds
[2026-09-22T16:23:31.594+0000] {processor.py:161} INFO - Started process (PID=532) to work on /home/airflow/.local/lib/python3.12/site-packages/airflow/example_dags/example_sensors.py
[2026-09-22T16:23:31.597+0000] {processor.py:830} INFO - Processing file /home/airflow/.local/lib/python3.12/site-packages/airflow/example_dags/example_sensors.py for tasks to queue
[2026-09-22T16:23:31.601+0000] {logging_mixin.py:188} INFO - [2026-09-22T16:23:31.601+0000] {dagbag.py:545} INFO - Filling up the DagBag from /home/airflow/.local/lib/python3.12/site-packages/airflow/example_dags/example_sensors.py
[2026-09-22T16:23:31.612+0000] {processor.py:840} INFO - DAG(s) 'example_sensors' retrieved from /home/airflow/.local/lib/python3.12/site-packages/airflow/example_dags/example_sensors.py
[2026-09-22T16:23:31.650+0000] {logging_mixin.py:188} INFO - [2026-09-22T16:23:31.650+0000] {dag.py:3089} INFO - Sync 1 DAGs
[2026-09-22T16:23:31.671+0000] {logging_mixin.py:188} INFO - [2026-09-22T16:23:31.670+0000] {dag.py:3947} INFO - Setting next_dagrun for example_sensors to None, run_after=None
[2026-09-22T16:23:31.755+0000] {processor.py:183} INFO - Processing /home/airflow/.local/lib/python3.12/site-packages/airflow/example_dags/example_sensors.py took 0.169 seconds
[2026-09-22T16:24:02.053+0000] {processor.py:161} INFO - Started process (PID=590) to work on /home/airflow/.local/lib/python3.12/site-packages/airflow/example_dags/example_sensors.py
[2026-09-22T16:24:02.055+0000] {processor.py:830} INFO - Processing file /home/airflow/.local/lib/python3.12/site-packages/airflow/example_dags/example_sensors.py for tasks to queue
[2026-09-22T16:24:02.060+0000] {logging_mixin.py:188} INFO - [2026-09-22T16:24:02.059+0000] {dagbag.py:545} INFO - Filling up the DagBag from /home/airflow/.local/lib/python3.12/site-packages/airflow/example_dags/example_sensors.py
[2026-09-22T16:24:02.074+0000] {processor.py:840} INFO - DAG(s) 'example_sensors' retrieved from /home/airflow/.local/lib/python3.12/site-packages/airflow/example_dags/example_sensors.py
[2026-09-22T16:24:02.120+0000] {logging_mixin.py:188} INFO - [2026-09-22T16:24:02.120+0000] {dag.py:3089} INFO - Sync 1 DAGs
[2026-09-22T16:24:02.148+0000] {logging_mixin.py:188} INFO - [2026-09-22T16:24:02.148+0000] {dag.py:3947} INFO - Setting next_dagrun for example_sensors to None, run_after=None
[2026-09-22T16:24:02.192+0000] {processor.py:183} INFO - Processing /home/airflow/.local/lib/python3.12/site-packages/airflow/example_dags/example_sensors.py took 0.151 seconds
[2026-09-22T16:24:32.392+0000] {processor.py:161} INFO - Started process (PID=648) to work on /home/airflow/.local/lib/python3.12/site-packages/airflow/example_dags/example_sensors.py
[2026-09-22T16:24:32.394+0000] {processor.py:830} INFO - Processing file /home/airflow/.local/lib/python3.12/site-packages/airflow/example_dags/example_sensors.py for tasks to queue
[2026-09-22T16:24:32.397+0000] {logging_mixin.py:188} INFO - [2026-09-22T16:24:32.397+0000] {dagbag.py:545} INFO - Filling up the DagBag from /home/airflow/.local/lib/python3.12/site-packages/airflow/example_dags/example_sensors.py
[2026-09-22T16:24:32.408+0000] {processor.py:840} INFO - DAG(s) 'example_sensors' retrieved from /home/airflow/.local/lib/python3.12/site-packages/airflow/example_dags/example_sensors.py
[2026-09-22T16:24:32.445+0000] {logging_mixin.py:188} INFO - [2026-09-22T16:24:32.445+0000] {dag.py:3089} INFO - Sync 1 DAGs
[2026-09-22T16:24:32.462+0000] {logging_mixin.py:188} INFO - [2026-09-22T16:24:32.462+0000] {dag.py:3947} INFO - Setting next_dagrun for example_sensors to None, run_after=None
[2026-09-22T16:24:32.492+0000] {processor.py:183} INFO - Processing /home/airflow/.local/lib/python3.12/site-packages/airflow/example_dags/example_sensors.py took 0.108 seconds
[2026-09-22T16:25:02.883+0000] {processor.py:161} INFO - Started process (PID=706) to work on /home/airflow/.local/lib/python3.12/site-packages/airflow/example_dags/example_sensors.py
[2026-09-22T16:25:02.887+0000] {processor.py:830} INFO - Processing file /home/airflow/.local/lib/python3.12/site-packages/airflow/example_dags/example_sensors.py for tasks to queue
[2026-09-22T16:25:02.896+0000] {logging_mixin.py:188} INFO - [2026-09-22T16:25:02.896+0000] {dagbag.py:545} INFO - Filling up the DagBag from /home/airflow/.local/lib/python3.12/site-packages/airflow/example_dags/example_sensors.py
[2026-09-22T16:25:02.921+0000] {processor.py:840} INFO - DAG(s) 'example_sensors' retrieved from /home/airflow/.local/lib/python3.12/site-packages/airflow/example_dags/example_sensors.py
[2026-09-22T16:25:02.967+0000] {logging_mixin.py:188} INFO - [2026-09-22T16:25:02.967+0000] {dag.py:3089} INFO - Sync 1 DAGs
[2026-09-22T16:25:02.989+0000] {logging_mixin.py:188} INFO - [2026-09-22T16:25:02.989+0000] {dag.py:3947} INFO - Setting next_dagrun for example_sensors to None, run_after=None
[2026-09-22T16:25:03.016+0000] {processor.py:183} INFO - Processing /home/airflow/.local/lib/python3.12/site-packages/airflow/example_dags/example_sensors.py took 0.141 seconds
[2026-09-22T16:25:33.448+0000] {processor.py:161} INFO - Started process (PID=764) to work on /home/airflow/.local/lib/python3.12/site-packages/airflow/example_dags/example_sensors.py
[2026-09-22T16:25:33.449+0000] {processor.py:830} INFO - Processing file /home/airflow/.local/lib/python3.12/site-packages/airflow/example_dags/example_sensors.py for tasks to queue
[2026-09-22T16:25:33.453+0000] {logging_mixin.py:188} INFO - [2026-09-22T16:25:33.452+0000] {dagbag.py:545} INFO - Filling up the DagBag from /home/airflow/.local/lib/python3.12/site-packages/airflow/example_dags/example_sensors.py
[2026-09-22T16:25:33.468+0000] {processor.py:840} INFO - DAG(s) 'example_sensors' retrieved from /home/airflow/.local/lib/python3.12/site-packages/airflow/example_dags/example_sensors.py
[2026-09-22T16:25:33.497+0000] {logging_mixin.py:188} INFO - [2026-09-22T16:25:33.497+0000] {dag.py:3089} INFO - Sync 1 DAGs
[2026-09-22T16:25:33.513+0000] {logging_mixin.py:188} INFO - [2026-09-22T16:25:33.513+0000] {dag.py:3947} INFO - Setting next_dagrun for example_sensors to None, run_after=None
[2026-09-22T16:25:33.543+0000] {processor.py:183} INFO - Processing /home/airflow/.local/lib/python3.12/site-packages/airflow/example_dags/example_sensors.py took 0.107 seconds
[2026-09-22T16:26:03.680+0000] {processor.py:161} INFO - Started process (PID=822) to work on /home/airflow/.local/lib/python3.12/site-packages/airflow/example_dags/example_sensors.py
[2026-09-22T16:26:03.682+0000] {processor.py:830} INFO - Processing file /home/airflow/.local/lib/python3.12/site-packages/airflow/example_dags/example_sensors.py for tasks to queue
[2026-09-22T16:26:03.685+0000] {logging_mixin.py:188} INFO - [2026-09-22T16:26:03.684+0000] {dagbag.py:545} INFO - Filling up the DagBag from /home/airflow/.local/lib/python3.12/site-packages/airflow/example_dags/example_sensors.py
[2026-09-22T16:26:03.699+0000] {processor.py:840} INFO - DAG(s) 'example_sensors' retrieved from /home/airflow/.local/lib/python3.12/site-packages/airflow/example_dags/example_sensors.py
[2026-09-22T16:26:03.738+0000] {logging_mixin.py:188} INFO - [2026-09-22T16:26:03.738+0000] {dag.py:3089} INFO - Sync 1 DAGs
[2026-09-22T16:26:03.764+0000] {logging_mixin.py:188} INFO - [2026-09-22T16:26:03.764+0000] {dag.py:3947} INFO - Setting next_dagrun for example_sensors to None, run_after=None
[2026-09-22T16:26:03.846+0000] {processor.py:183} INFO - Processing /home/airflow/.local/lib/python3.12/site-packages/airflow/example_dags/example_sensors.py took 0.175 seconds
[2026-09-22T16:26:34.272+0000] {processor.py:161} INFO - Started process (PID=880) to work on /home/airflow/.local/lib/python3.12/site-packages/airflow/example_dags/example_sensors.py
[2026-09-22T16:26:34.273+0000] {processor.py:830} INFO - Processing file /home/airflow/.local/lib/python3.12/site-packages/airflow/example_dags/example_sensors.py for tasks to queue
[2026-09-22T16:26:34.276+0000] {logging_mixin.py:188} INFO - [2026-09-22T16:26:34.276+0000] {dagbag.py:545} INFO - Filling up the DagBag from /home/airflow/.local/lib/python3.12/site-packages/airflow/example_dags/example_sensors.py
[2026-09-22T16:26:34.287+0000] {processor.py:840} INFO - DAG(s) 'example_sensors' retrieved from /home/airflow/.local/lib/python3.12/site-packages/airflow/example_dags/example_sensors.py
[2026-09-22T16:26:34.319+0000] {logging_mixin.py:188} INFO - [2026-09-22T16:26:34.319+0000] {dag.py:3089} INFO - Sync 1 DAGs
[2026-09-22T16:26:34.337+0000] {logging_mixin.py:188} INFO - [2026-09-22T16:26:34.336+0000] {dag.py:3947} INFO - Setting next_dagrun for example_sensors to None, run_after=None
[2026-09-22T16:26:34.433+0000] {processor.py:183} INFO - Processing /home/airflow/.local/lib/python3.12/site-packages/airflow/example_dags/example_sensors.py took 0.170 seconds
[2026-09-22T16:27:04.749+0000] {processor.py:161} INFO - Started process (PID=938) to work on /home/airflow/.local/lib/python3.12/site-packages/airflow/example_dags/example_sensors.py
[2026-09-22T16:27:04.751+0000] {processor.py:830} INFO - Processing file /home/airflow/.local/lib/python3.12/site-packages/airflow/example_dags/example_sensors.py for tasks to queue
[2026-09-22T16:27:04.755+0000] {logging_mixin.py:188} INFO - [2026-09-22T16:27:04.754+0000] {dagbag.py:545} INFO - Filling up the DagBag from /home/airflow/.local/lib/python3.12/site-packages/airflow/example_dags/example_sensors.py
[2026-09-22T16:27:04.772+0000] {processor.py:840} INFO - DAG(s) 'example_sensors' retrieved from /home/airflow/.local/lib/python3.12/site-packages/airflow/example_dags/example_sensors.py
[2026-09-22T16:27:04.825+0000] {logging_mixin.py:188} INFO - [2026-09-22T16:27:04.824+0000] {dag.py:3089} INFO - Sync 1 DAGs
[2026-09-22T16:27:04.844+0000] {logging_mixin.py:188} INFO - [2026-09-22T16:27:04.844+0000] {dag.py:3947} INFO - Setting next_dagrun for example_sensors to None, run_after=None
[2026-09-22T16:27:04.877+0000] {processor.py:183} INFO - Processing /home/airflow/.local/lib/python3.12/site-packages/airflow/example_dags/example_sensors.py took 0.138 seconds
[2026-09-22T16:27:35.591+0000] {processor.py:161} INFO - Started process (PID=996) to work on /home/airflow/.local/lib/python3.12/site-packages/airflow/example_dags/example_sensors.py
[2026-09-22T16:27:35.593+0000] {processor.py:830} INFO - Processing file /home/airflow/.local/lib/python3.12/site-packages/airflow/example_dags/example_sensors.py for tasks to queue
[2026-09-22T16:27:35.596+0000] {logging_mixin.py:188} INFO - [2026-09-22T16:27:35.596+0000] {dagbag.py:545} INFO - Filling up the DagBag from /home/airflow/.local/lib/python3.12/site-packages/airflow/example_dags/example_sensors.py
[2026-09-22T16:27:35.610+0000] {processor.py:840} INFO - DAG(s) 'example_sensors' retrieved from /home/airflow/.local/lib/python3.12/site-packages/airflow/example_dags/example_sensors.py
[2026-09-22T16:27:35.643+0000] {logging_mixin.py:188} INFO - [2026-09-22T16:27:35.642+0000] {dag.py:3089} INFO - Sync 1 DAGs
[2026-09-22T16:27:35.658+0000] {logging_mixin.py:188} INFO - [2026-09-22T16:27:35.658+0000] {dag.py:3947} INFO - Setting next_dagrun for example_sensors to None, run_after=None
[2026-09-22T16:27:35.746+0000] {processor.py:183} INFO - Processing /home/airflow/.local/lib/python3.12/site-packages/airflow/example_dags/example_sensors.py took 0.163 seconds
[2026-09-22T16:28:06.221+0000] {processor.py:161} INFO - Started process (PID=1054) to work on /home/airflow/.local/lib/python3.12/site-packages/airflow/example_dags/example_sensors.py
[2026-09-22T16:28:06.222+0000] {processor.py:830} INFO - Processing file /home/airflow/.local/lib/python3.12/site-packages/airflow/example_dags/example_sensors.py for tasks to queue
[2026-09-22T16:28:06.225+0000] {logging_mixin.py:188} INFO - [2026-09-22T16:28:06.225+0000] {dagbag.py:545} INFO - Filling up the DagBag from /home/airflow/.local/lib/python3.12/site-packages/airflow/example_dags/example_sensors.py
[2026-09-22T16:28:06.236+0000] {processor.py:840} INFO - DAG(s) 'example_sensors' retrieved from /home/airflow/.local/lib/python3.12/site-packages/airflow/example_dags/example_sensors.py
[2026-09-22T16:28:06.266+0000] {logging_mixin.py:188} INFO - [2026-09-22T16:28:06.266+0000] {dag.py:3089} INFO - Sync 1 DAGs
[2026-09-22T16:28:06.282+0000] {logging_mixin.py:188} INFO - [2026-09-22T16:28:06.282+0000] {dag.py:3947} INFO - Setting next_dagrun for example_sensors to None, run_after=None
[2026-09-22T16:28:06.376+0000] {processor.py:183} INFO - Processing /home/airflow/.local/lib/python3.12/site-packages/airflow/example_dags/example_sensors.py took 0.163 seconds
[2026-09-22T16:28:37.258+0000] {processor.py:161} INFO - Started process (PID=1112) to work on /home/airflow/.local/lib/python3.12/site-packages/airflow/example_dags/example_sensors.py
[2026-09-22T16:28:37.259+0000] {processor.py:830} INFO - Processing file /home/airflow/.local/lib/python3.12/site-packages/airflow/example_dags/example_sensors.py for tasks to queue
[2026-09-22T16:28:37.262+0000] {logging_mixin.py:188} INFO - [2026-09-22T16:28:37.262+0000] {dagbag.py:545} INFO - Filling up the DagBag from /home/airflow/.local/lib/python3.12/site-packages/airflow/example_dags/example_sensors.py
[2026-09-22T16:28:37.276+0000] {processor.py:840} INFO - DAG(s) 'example_sensors' retrieved from /home/airflow/.local/lib/python3.12/site-packages/airflow/example_dags/example_sensors.py
[2026-09-22T16:28:37.313+0000] {logging_mixin.py:188} INFO - [2026-09-22T16:28:37.312+0000] {dag.py:3089} INFO - Sync 1 DAGs
[2026-09-22T16:28:37.328+0000] {logging_mixin.py:188} INFO - [2026-09-22T16:28:37.328+0000] {dag.py:3947} INFO - Setting next_dagrun for example_sensors to None, run_after=None
[2026-09-22T16:28:37.424+0000] {processor.py:183} INFO - Processing /home/airflow/.local/lib/python3.12/site-packages/airflow/example_dags/example_sensors.py took 0.176 seconds
[2026-09-22T16:29:07.868+0000] {processor.py:161} INFO - Started process (PID=1170) to work on /home/airflow/.local/lib/python3.12/site-packages/airflow/example_dags/example_sensors.py
[2026-09-22T16:29:07.870+0000] {processor.py:830} INFO - Processing file /home/airflow/.local/lib/python3.12/site-packages/airflow/example_dags/example_sensors.py for tasks to queue
[2026-09-22T16:29:07.873+0000] {logging_mixin.py:188} INFO - [2026-09-22T16:29:07.872+0000] {dagbag.py:545} INFO - Filling up the DagBag from /home/airflow/.local/lib/python3.12/site-packages/airflow/example_dags/example_sensors.py
[2026-09-22T16:29:07.888+0000] {processor.py:840} INFO - DAG(s) 'example_sensors' retrieved from /home/airflow/.local/lib/python3.12/site-packages/airflow/example_dags/example_sensors.py
[2026-09-22T16:29:07.930+0000] {logging_mixin.py:188} INFO - [2026-09-22T16:29:07.930+0000] {dag.py:3089} INFO - Sync 1 DAGs
[2026-09-22T16:29:07.946+0000] {logging_mixin.py:188} INFO - [2026-09-22T16:29:07.945+0000] {dag.py:3947} INFO - Setting next_dagrun for example_sensors to None, run_after=None
[2026-09-22T16:29:08.039+0000] {processor.py:183} INFO - Processing /home/airflow/.local/lib/python3.12/site-packages/airflow/example_dags/example_sensors.py took 0.182 seconds
[2026-09-22T16:29:38.484+0000] {processor.py:161} INFO - Started process (PID=1227) to work on /home/airflow/.local/lib/python3.12/site-packages/airflow/example_dags/example_sensors.py
[2026-09-22T16:29:38.486+0000] {processor.py:830} INFO - Processing file /home/airflow/.local/lib/python3.12/site-packages/airflow/example_dags/example_sensors.py for tasks to queue
[2026-09-22T16:29:38.488+0000] {logging_mixin.py:188} INFO - [2026-09-22T16:29:38.488+0000] {dagbag.py:545} INFO - Filling up the DagBag from /home/airflow/.local/lib/python3.12/site-packages/airflow/example_dags/example_sensors.py
[2026-09-22T16:29:38.499+0000] {processor.py:840} INFO - DAG(s) 'example_sensors' retrieved from /home/airflow/.local/lib/python3.12/site-packages/airflow/example_dags/example_sensors.py
[2026-09-22T16:29:38.537+0000] {logging_mixin.py:188} INFO - [2026-09-22T16:29:38.537+0000] {dag.py:3089} INFO - Sync 1 DAGs
[2026-09-22T16:29:38.553+0000] {logging_mixin.py:188} INFO - [2026-09-22T16:29:38.552+0000] {dag.py:3947} INFO - Setting next_dagrun for example_sensors to None, run_after=None
[2026-09-22T16:29:38.647+0000] {processor.py:183} INFO - Processing /home/airflow/.local/lib/python3.12/site-packages/airflow/example_dags/example_sensors.py took 0.172 seconds
[2026-09-22T16:30:09.522+0000] {processor.py:161} INFO - Started process (PID=1285) to work on /home/airflow/.local/lib/python3.12/site-packages/airflow/example_dags/example_sensors.py
[2026-09-22T16:30:09.523+0000] {processor.py:830} INFO - Processing file /home/airflow/.local/lib/python3.12/site-packages/airflow/example_dags/example_sensors.py for tasks to queue
[2026-09-22T16:30:09.527+0000] {logging_mixin.py:188} INFO - [2026-09-22T16:30:09.526+0000] {dagbag.py:545} INFO - Filling up the DagBag from /home/airflow/.local/lib/python3.12/site-packages/airflow/example_dags/example_sensors.py
[2026-09-22T16:30:09.541+0000] {processor.py:840} INFO - DAG(s) 'example_sensors' retrieved from /home/airflow/.local/lib/python3.12/site-packages/airflow/example_dags/example_sensors.py
[2026-09-22T16:30:09.576+0000] {logging_mixin.py:188} INFO - [2026-09-22T16:30:09.576+0000] {dag.py:3089} INFO - Sync 1 DAGs
[2026-09-22T16:30:09.592+0000] {logging_mixin.py:188} INFO - [2026-09-22T16:30:09.592+0000] {dag.py:3947} INFO - Setting next_dagrun for example_sensors to None, run_after=None
[2026-09-22T16:30:09.684+0000] {processor.py:183} INFO - Processing /home/airflow/.local/lib/python3.12/site-packages/airflow/example_dags/example_sensors.py took 0.170 seconds
[2026-09-22T16:30:40.107+0000] {processor.py:161} INFO - Started process (PID=1343) to work on /home/airflow/.local/lib/python3.12/site-packages/airflow/example_dags/example_sensors.py
[2026-09-22T16:30:40.109+0000] {processor.py:830} INFO - Processing file /home/airflow/.local/lib/python3.12/site-packages/airflow/example_dags/example_sensors.py for tasks to queue
[2026-09-22T16:30:40.113+0000] {logging_mixin.py:188} INFO - [2026-09-22T16:30:40.113+0000] {dagbag.py:545} INFO - Filling up the DagBag from /home/airflow/.local/lib/python3.12/site-packages/airflow/example_dags/example_sensors.py
[2026-09-22T16:30:40.128+0000] {processor.py:840} INFO - DAG(s) 'example_sensors' retrieved from /home/airflow/.local/lib/python3.12/site-packages/airflow/example_dags/example_sensors.py
[2026-09-22T16:30:40.181+0000] {logging_mixin.py:188} INFO - [2026-09-22T16:30:40.180+0000] {dag.py:3089} INFO - Sync 1 DAGs
[2026-09-22T16:30:40.205+0000] {logging_mixin.py:188} INFO - [2026-09-22T16:30:40.204+0000] {dag.py:3947} INFO - Setting next_dagrun for example_sensors to None, run_after=None
[2026-09-22T16:30:40.244+0000] {processor.py:183} INFO - Processing /home/airflow/.local/lib/python3.12/site-packages/airflow/example_dags/example_sensors.py took 0.151 seconds
[2026-09-22T16:31:10.793+0000] {processor.py:161} INFO - Started process (PID=1401) to work on /home/airflow/.local/lib/python3.12/site-packages/airflow/example_dags/example_sensors.py
[2026-09-22T16:31:10.795+0000] {processor.py:830} INFO - Processing file /home/airflow/.local/lib/python3.12/site-packages/airflow/example_dags/example_sensors.py for tasks to queue
[2026-09-22T16:31:10.800+0000] {logging_mixin.py:188} INFO - [2026-09-22T16:31:10.800+0000] {dagbag.py:545} INFO - Filling up the DagBag from /home/airflow/.local/lib/python3.12/site-packages/airflow/example_dags/example_sensors.py
[2026-09-22T16:31:10.821+0000] {processor.py:840} INFO - DAG(s) 'example_sensors' retrieved from /home/airflow/.local/lib/python3.12/site-packages/airflow/example_dags/example_sensors.py
[2026-09-22T16:31:10.870+0000] {logging_mixin.py:188} INFO - [2026-09-22T16:31:10.870+0000] {dag.py:3089} INFO - Sync 1 DAGs
[2026-09-22T16:31:10.895+0000] {logging_mixin.py:188} INFO - [2026-09-22T16:31:10.895+0000] {dag.py:3947} INFO - Setting next_dagrun for example_sensors to None, run_after=None
[2026-09-22T16:31:11.000+0000] {processor.py:183} INFO - Processing /home/airflow/.local/lib/python3.12/site-packages/airflow/example_dags/example_sensors.py took 0.222 seconds
[2026-09-22T16:31:41.470+0000] {processor.py:161} INFO - Started process (PID=1459) to work on /home/airflow/.local/lib/python3.12/site-packages/airflow/example_dags/example_sensors.py
[2026-09-22T16:31:41.472+0000] {processor.py:830} INFO - Processing file /home/airflow/.local/lib/python3.12/site-packages/airflow/example_dags/example_sensors.py for tasks to queue
[2026-09-22T16:31:41.475+0000] {logging_mixin.py:188} INFO - [2026-09-22T16:31:41.475+0000] {dagbag.py:545} INFO - Filling up the DagBag from /home/airflow/.local/lib/python3.12/site-packages/airflow/example_dags/example_sensors.py
[2026-09-22T16:31:41.492+0000] {processor.py:840} INFO - DAG(s) 'example_sensors' retrieved from /home/airflow/.local/lib/python3.12/site-packages/airflow/example_dags/example_sensors.py
[2026-09-22T16:31:41.537+0000] {logging_mixin.py:188} INFO - [2026-09-22T16:31:41.537+0000] {dag.py:3089} INFO - Sync 1 DAGs
[2026-09-22T16:31:41.559+0000] {logging_mixin.py:188} INFO - [2026-09-22T16:31:41.559+0000] {dag.py:3947} INFO - Setting next_dagrun for example_sensors to None, run_after=None
[2026-09-22T16:31:41.587+0000] {processor.py:183} INFO - Processing /home/airflow/.local/lib/python3.12/site-packages/airflow/example_dags/example_sensors.py took 0.128 seconds
[2026-09-22T16:32:12.058+0000] {processor.py:161} INFO - Started process (PID=1517) to work on /home/airflow/.local/lib/python3.12/site-packages/airflow/example_dags/example_sensors.py
[2026-09-22T16:32:12.061+0000] {processor.py:830} INFO - Processing file /home/airflow/.local/lib/python3.12/site-packages/airflow/example_dags/example_sensors.py for tasks to queue
[2026-09-22T16:32:12.066+0000] {logging_mixin.py:188} INFO - [2026-09-22T16:32:12.065+0000] {dagbag.py:545} INFO - Filling up the DagBag from /home/airflow/.local/lib/python3.12/site-packages/airflow/example_dags/example_sensors.py
[2026-09-22T16:32:12.092+0000] {processor.py:840} INFO - DAG(s) 'example_sensors' retrieved from /home/airflow/.local/lib/python3.12/site-packages/airflow/example_dags/example_sensors.py
[2026-09-22T16:32:12.159+0000] {logging_mixin.py:188} INFO - [2026-09-22T16:32:12.159+0000] {dag.py:3089} INFO - Sync 1 DAGs
[2026-09-22T16:32:12.187+0000] {logging_mixin.py:188} INFO - [2026-09-22T16:32:12.187+0000] {dag.py:3947} INFO - Setting next_dagrun for example_sensors to None, run_after=None
[2026-09-22T16:32:12.235+0000] {processor.py:183} INFO - Processing /home/airflow/.local/lib/python3.12/site-packages/airflow/example_dags/example_sensors.py took 0.192 seconds
[2026-09-22T16:32:43.074+0000] {processor.py:161} INFO - Started process (PID=1575) to work on /home/airflow/.local/lib/python3.12/site-packages/airflow/example_dags/example_sensors.py
[2026-09-22T16:32:43.076+0000] {processor.py:830} INFO - Processing file /home/airflow/.local/lib/python3.12/site-packages/airflow/example_dags/example_sensors.py for tasks to queue
[2026-09-22T16:32:43.081+0000] {logging_mixin.py:188} INFO - [2026-09-22T16:32:43.080+0000] {dagbag.py:545} INFO - Filling up the DagBag from /home/airflow/.local/lib/python3.12/site-packages/airflow/example_dags/example_sensors.py
[2026-09-22T16:32:43.104+0000] {processor.py:840} INFO - DAG(s) 'example_sensors' retrieved from /home/airflow/.local/lib/python3.12/site-packages/airflow/example_dags/example_sensors.py
[2026-09-22T16:32:43.154+0000] {logging_mixin.py:188} INFO - [2026-09-22T16:32:43.154+0000] {dag.py:3089} INFO - Sync 1 DAGs
[2026-09-22T16:32:43.179+0000] {logging_mixin.py:188} INFO - [2026-09-22T16:32:43.179+0000] {dag.py:3947} INFO - Setting next_dagrun for example_sensors to None, run_after=None
[2026-09-22T16:32:43.265+0000] {processor.py:183} INFO - Processing /home/airflow/.local/lib/python3.12/site-packages/airflow/example_dags/example_sensors.py took 0.205 seconds
[2026-09-22T16:33:13.686+0000] {processor.py:161} INFO - Started process (PID=1633) to work on /home/airflow/.local/lib/python3.12/site-packages/airflow/example_dags/example_sensors.py
[2026-09-22T16:33:13.690+0000] {processor.py:830} INFO - Processing file /home/airflow/.local/lib/python3.12/site-packages/airflow/example_dags/example_sensors.py for tasks to queue
[2026-09-22T16:33:13.693+0000] {logging_mixin.py:188} INFO - [2026-09-22T16:33:13.692+0000] {dagbag.py:545} INFO - Filling up the DagBag from /home/airflow/.local/lib/python3.12/site-packages/airflow/example_dags/example_sensors.py
[2026-09-22T16:33:13.711+0000] {processor.py:840} INFO - DAG(s) 'example_sensors' retrieved from /home/airflow/.local/lib/python3.12/site-packages/airflow/example_dags/example_sensors.py
[2026-09-22T16:33:13.787+0000] {logging_mixin.py:188} INFO - [2026-09-22T16:33:13.786+0000] {dag.py:3089} INFO - Sync 1 DAGs
[2026-09-22T16:33:13.813+0000] {logging_mixin.py:188} INFO - [2026-09-22T16:33:13.813+0000] {dag.py:3947} INFO - Setting next_dagrun for example_sensors to None, run_after=None
[2026-09-22T16:33:13.848+0000] {processor.py:183} INFO - Processing /home/airflow/.local/lib/python3.12/site-packages/airflow/example_dags/example_sensors.py took 0.176 seconds
[2026-09-22T16:33:43.998+0000] {processor.py:161} INFO - Started process (PID=1691) to work on /home/airflow/.local/lib/python3.12/site-packages/airflow/example_dags/example_sensors.py
[2026-09-22T16:33:44.000+0000] {processor.py:830} INFO - Processing file /home/airflow/.local/lib/python3.12/site-packages/airflow/example_dags/example_sensors.py for tasks to queue
[2026-09-22T16:33:44.004+0000] {logging_mixin.py:188} INFO - [2026-09-22T16:33:44.003+0000] {dagbag.py:545} INFO - Filling up the DagBag from /home/airflow/.local/lib/python3.12/site-packages/airflow/example_dags/example_sensors.py
[2026-09-22T16:33:44.026+0000] {processor.py:840} INFO - DAG(s) 'example_sensors' retrieved from /home/airflow/.local/lib/python3.12/site-packages/airflow/example_dags/example_sensors.py
[2026-09-22T16:33:44.077+0000] {logging_mixin.py:188} INFO - [2026-09-22T16:33:44.076+0000] {dag.py:3089} INFO - Sync 1 DAGs
[2026-09-22T16:33:44.092+0000] {logging_mixin.py:188} INFO - [2026-09-22T16:33:44.091+0000] {dag.py:3947} INFO - Setting next_dagrun for example_sensors to None, run_after=None
[2026-09-22T16:33:44.175+0000] {processor.py:183} INFO - Processing /home/airflow/.local/lib/python3.12/site-packages/airflow/example_dags/example_sensors.py took 0.189 seconds
[2026-09-22T16:34:14.379+0000] {processor.py:161} INFO - Started process (PID=1749) to work on /home/airflow/.local/lib/python3.12/site-packages/airflow/example_dags/example_sensors.py
[2026-09-22T16:34:14.380+0000] {processor.py:830} INFO - Processing file /home/airflow/.local/lib/python3.12/site-packages/airflow/example_dags/example_sensors.py for tasks to queue
[2026-09-22T16:34:14.383+0000] {logging_mixin.py:188} INFO - [2026-09-22T16:34:14.383+0000] {dagbag.py:545} INFO - Filling up the DagBag from /home/airflow/.local/lib/python3.12/site-packages/airflow/example_dags/example_sensors.py
[2026-09-22T16:34:14.398+0000] {processor.py:840} INFO - DAG(s) 'example_sensors' retrieved from /home/airflow/.local/lib/python3.12/site-packages/airflow/example_dags/example_sensors.py
[2026-09-22T16:34:14.431+0000] {logging_mixin.py:188} INFO - [2026-09-22T16:34:14.431+0000] {dag.py:3089} INFO - Sync 1 DAGs
[2026-09-22T16:34:14.447+0000] {logging_mixin.py:188} INFO - [2026-09-22T16:34:14.447+0000] {dag.py:3947} INFO - Setting next_dagrun for example_sensors to None, run_after=None
[2026-09-22T16:34:14.542+0000] {processor.py:183} INFO - Processing /home/airflow/.local/lib/python3.12/site-packages/airflow/example_dags/example_sensors.py took 0.172 seconds
[2026-09-22T16:34:45.002+0000] {processor.py:161} INFO - Started process (PID=1807) to work on /home/airflow/.local/lib/python3.12/site-packages/airflow/example_dags/example_sensors.py
[2026-09-22T16:34:45.004+0000] {processor.py:830} INFO - Processing file /home/airflow/.local/lib/python3.12/site-packages/airflow/example_dags/example_sensors.py for tasks to queue
[2026-09-22T16:34:45.006+0000] {logging_mixin.py:188} INFO - [2026-09-22T16:34:45.006+0000] {dagbag.py:545} INFO - Filling up the DagBag from /home/airflow/.local/lib/python3.12/site-packages/airflow/example_dags/example_sensors.py
[2026-09-22T16:34:45.016+0000] {processor.py:840} INFO - DAG(s) 'example_sensors' retrieved from /home/airflow/.local/lib/python3.12/site-packages/airflow/example_dags/example_sensors.py
[2026-09-22T16:34:45.054+0000] {logging_mixin.py:188} INFO - [2026-09-22T16:34:45.054+0000] {dag.py:3089} INFO - Sync 1 DAGs
[2026-09-22T16:34:45.069+0000] {logging_mixin.py:188} INFO - [2026-09-22T16:34:45.068+0000] {dag.py:3947} INFO - Setting next_dagrun for example_sensors to None, run_after=None
[2026-09-22T16:34:45.159+0000] {processor.py:183} INFO - Processing /home/airflow/.local/lib/python3.12/site-packages/airflow/example_dags/example_sensors.py took 0.169 seconds
[2026-09-22T16:35:15.565+0000] {processor.py:161} INFO - Started process (PID=1865) to work on /home/airflow/.local/lib/python3.12/site-packages/airflow/example_dags/example_sensors.py
[2026-09-22T16:35:15.568+0000] {processor.py:830} INFO - Processing file /home/airflow/.local/lib/python3.12/site-packages/airflow/example_dags/example_sensors.py for tasks to queue
[2026-09-22T16:35:15.572+0000] {logging_mixin.py:188} INFO - [2026-09-22T16:35:15.571+0000] {dagbag.py:545} INFO - Filling up the DagBag from /home/airflow/.local/lib/python3.12/site-packages/airflow/example_dags/example_sensors.py
[2026-09-22T16:35:15.586+0000] {processor.py:840} INFO - DAG(s) 'example_sensors' retrieved from /home/airflow/.local/lib/python3.12/site-packages/airflow/example_dags/example_sensors.py
[2026-09-22T16:35:15.626+0000] {logging_mixin.py:188} INFO - [2026-09-22T16:35:15.626+0000] {dag.py:3089} INFO - Sync 1 DAGs
[2026-09-22T16:35:15.647+0000] {logging_mixin.py:188} INFO - [2026-09-22T16:35:15.647+0000] {dag.py:3947} INFO - Setting next_dagrun for example_sensors to None, run_after=None
[2026-09-22T16:35:15.680+0000] {processor.py:183} INFO - Processing /home/airflow/.local/lib/python3.12/site-packages/airflow/example_dags/example_sensors.py took 0.131 seconds
[2026-09-22T16:35:45.887+0000] {processor.py:161} INFO - Started process (PID=1923) to work on /home/airflow/.local/lib/python3.12/site-packages/airflow/example_dags/example_sensors.py
[2026-09-22T16:35:45.890+0000] {processor.py:830} INFO - Processing file /home/airflow/.local/lib/python3.12/site-packages/airflow/example_dags/example_sensors.py for tasks to queue
[2026-09-22T16:35:45.893+0000] {logging_mixin.py:188} INFO - [2026-09-22T16:35:45.893+0000] {dagbag.py:545} INFO - Filling up the DagBag from /home/airflow/.local/lib/python3.12/site-packages/airflow/example_dags/example_sensors.py
[2026-09-22T16:35:45.906+0000] {processor.py:840} INFO - DAG(s) 'example_sensors' retrieved from /home/airflow/.local/lib/python3.12/site-packages/airflow/example_dags/example_sensors.py
[2026-09-22T16:35:45.942+0000] {logging_mixin.py:188} INFO - [2026-09-22T16:35:45.942+0000] {dag.py:3089} INFO - Sync 1 DAGs
[2026-09-22T16:35:45.961+0000] {logging_mixin.py:188} INFO - [2026-09-22T16:35:45.960+0000] {dag.py:3947} INFO - Setting next_dagrun for example_sensors to None, run_after=None
[2026-09-22T16:35:46.041+0000] {processor.py:183} INFO - Processing /home/airflow/.local/lib/python3.12/site-packages/airflow/example_dags/example_sensors.py took 0.168 seconds
[2026-09-22T16:36:16.342+0000] {processor.py:161} INFO - Started process (PID=1981) to work on /home/airflow/.local/lib/python3.12/site-packages/airflow/example_dags/example_sensors.py
[2026-09-22T16:36:16.343+0000] {processor.py:830} INFO - Processing file /home/airflow/.local/lib/python3.12/site-packages/airflow/example_dags/example_sensors.py for tasks to queue
[2026-09-22T16:36:16.346+0000] {logging_mixin.py:188} INFO - [2026-09-22T16:36:16.346+0000] {dagbag.py:545} INFO - Filling up the DagBag from /home/airflow/.local/lib/python3.12/site-packages/airflow/example_dags/example_sensors.py
[2026-09-22T16:36:16.359+0000] {processor.py:840} INFO - DAG(s) 'example_sensors' retrieved from /home/airflow/.local/lib/python3.12/site-packages/airflow/example_dags/example_sensors.py
[2026-09-22T16:36:16.393+0000] {logging_mixin.py:188} INFO - [2026-09-22T16:36:16.393+0000] {dag.py:3089} INFO - Sync 1 DAGs
[2026-09-22T16:36:16.411+0000] {logging_mixin.py:188} INFO - [2026-09-22T16:36:16.410+0000] {dag.py:3947} INFO - Setting next_dagrun for example_sensors to None, run_after=None
[2026-09-22T16:36:16.460+0000] {processor.py:183} INFO - Processing /home/airflow/.local/lib/python3.12/site-packages/airflow/example_dags/example_sensors.py took 0.128 seconds
[2026-09-22T16:36:46.871+0000] {processor.py:161} INFO - Started process (PID=2037) to work on /home/airflow/.local/lib/python3.12/site-packages/airflow/example_dags/example_sensors.py
[2026-09-22T16:36:46.873+0000] {processor.py:830} INFO - Processing file /home/airflow/.local/lib/python3.12/site-packages/airflow/example_dags/example_sensors.py for tasks to queue
[2026-09-22T16:36:46.877+0000] {logging_mixin.py:188} INFO - [2026-09-22T16:36:46.876+0000] {dagbag.py:545} INFO - Filling up the DagBag from /home/airflow/.local/lib/python3.12/site-packages/airflow/example_dags/example_sensors.py
[2026-09-22T16:36:46.890+0000] {processor.py:840} INFO - DAG(s) 'example_sensors' retrieved from /home/airflow/.local/lib/python3.12/site-packages/airflow/example_dags/example_sensors.py
[2026-09-22T16:36:46.928+0000] {logging_mixin.py:188} INFO - [2026-09-22T16:36:46.928+0000] {dag.py:3089} INFO - Sync 1 DAGs
[2026-09-22T16:36:46.943+0000] {logging_mixin.py:188} INFO - [2026-09-22T16:36:46.943+0000] {dag.py:3947} INFO - Setting next_dagrun for example_sensors to None, run_after=None
[2026-09-22T16:36:46.970+0000] {processor.py:183} INFO - Processing /home/airflow/.local/lib/python3.12/site-packages/airflow/example_dags/example_sensors.py took 0.108 seconds
[2026-09-22T16:37:17.191+0000] {processor.py:161} INFO - Started process (PID=2095) to work on /home/airflow/.local/lib/python3.12/site-packages/airflow/example_dags/example_sensors.py
[2026-09-22T16:37:17.193+0000] {processor.py:830} INFO - Processing file /home/airflow/.local/lib/python3.12/site-packages/airflow/example_dags/example_sensors.py for tasks to queue
[2026-09-22T16:37:17.197+0000] {logging_mixin.py:188} INFO - [2026-09-22T16:37:17.196+0000] {dagbag.py:545} INFO - Filling up the DagBag from /home/airflow/.local/lib/python3.12/site-packages/airflow/example_dags/example_sensors.py
[2026-09-22T16:37:17.214+0000] {processor.py:840} INFO - DAG(s) 'example_sensors' retrieved from /home/airflow/.local/lib/python3.12/site-packages/airflow/example_dags/example_sensors.py
[2026-09-22T16:37:17.253+0000] {logging_mixin.py:188} INFO - [2026-09-22T16:37:17.253+0000] {dag.py:3089} INFO - Sync 1 DAGs
[2026-09-22T16:37:17.273+0000] {logging_mixin.py:188} INFO - [2026-09-22T16:37:17.272+0000] {dag.py:3947} INFO - Setting next_dagrun for example_sensors to None, run_after=None
[2026-09-22T16:37:17.365+0000] {processor.py:183} INFO - Processing /home/airflow/.local/lib/python3.12/site-packages/airflow/example_dags/example_sensors.py took 0.193 seconds
[2026-09-22T16:37:47.951+0000] {processor.py:161} INFO - Started process (PID=2153) to work on /home/airflow/.local/lib/python3.12/site-packages/airflow/example_dags/example_sensors.py
[2026-09-22T16:37:47.953+0000] {processor.py:830} INFO - Processing file /home/airflow/.local/lib/python3.12/site-packages/airflow/example_dags/example_sensors.py for tasks to queue
[2026-09-22T16:37:47.958+0000] {logging_mixin.py:188} INFO - [2026-09-22T16:37:47.957+0000] {dagbag.py:545} INFO - Filling up the DagBag from /home/airflow/.local/lib/python3.12/site-packages/airflow/example_dags/example_sensors.py
[2026-09-22T16:37:47.974+0000] {processor.py:840} INFO - DAG(s) 'example_sensors' retrieved from /home/airflow/.local/lib/python3.12/site-packages/airflow/example_dags/example_sensors.py
[2026-09-22T16:37:48.017+0000] {logging_mixin.py:188} INFO - [2026-09-22T16:37:48.017+0000] {dag.py:3089} INFO - Sync 1 DAGs
[2026-09-22T16:37:48.264+0000] {logging_mixin.py:188} INFO - [2026-09-22T16:37:48.264+0000] {dag.py:3947} INFO - Setting next_dagrun for example_sensors to None, run_after=None
[2026-09-22T16:37:48.308+0000] {processor.py:183} INFO - Processing /home/airflow/.local/lib/python3.12/site-packages/airflow/example_dags/example_sensors.py took 0.368 seconds
[2026-09-22T16:38:18.968+0000] {processor.py:161} INFO - Started process (PID=2211) to work on /home/airflow/.local/lib/python3.12/site-packages/airflow/example_dags/example_sensors.py
[2026-09-22T16:38:18.970+0000] {processor.py:830} INFO - Processing file /home/airflow/.local/lib/python3.12/site-packages/airflow/example_dags/example_sensors.py for tasks to queue
[2026-09-22T16:38:18.974+0000] {logging_mixin.py:188} INFO - [2026-09-22T16:38:18.973+0000] {dagbag.py:545} INFO - Filling up the DagBag from /home/airflow/.local/lib/python3.12/site-packages/airflow/example_dags/example_sensors.py
[2026-09-22T16:38:18.988+0000] {processor.py:840} INFO - DAG(s) 'example_sensors' retrieved from /home/airflow/.local/lib/python3.12/site-packages/airflow/example_dags/example_sensors.py
[2026-09-22T16:38:19.026+0000] {logging_mixin.py:188} INFO - [2026-09-22T16:38:19.026+0000] {dag.py:3089} INFO - Sync 1 DAGs
[2026-09-22T16:38:19.043+0000] {logging_mixin.py:188} INFO - [2026-09-22T16:38:19.043+0000] {dag.py:3947} INFO - Setting next_dagrun for example_sensors to None, run_after=None
[2026-09-22T16:38:19.139+0000] {processor.py:183} INFO - Processing /home/airflow/.local/lib/python3.12/site-packages/airflow/example_dags/example_sensors.py took 0.180 seconds
[2026-09-22T16:41:43.562+0000] {processor.py:161} INFO - Started process (PID=64) to work on /home/airflow/.local/lib/python3.12/site-packages/airflow/example_dags/example_sensors.py
[2026-09-22T16:41:43.564+0000] {processor.py:830} INFO - Processing file /home/airflow/.local/lib/python3.12/site-packages/airflow/example_dags/example_sensors.py for tasks to queue
[2026-09-22T16:41:43.568+0000] {logging_mixin.py:188} INFO - [2026-09-22T16:41:43.567+0000] {dagbag.py:545} INFO - Filling up the DagBag from /home/airflow/.local/lib/python3.12/site-packages/airflow/example_dags/example_sensors.py
[2026-09-22T16:41:43.587+0000] {processor.py:840} INFO - DAG(s) 'example_sensors' retrieved from /home/airflow/.local/lib/python3.12/site-packages/airflow/example_dags/example_sensors.py
[2026-09-22T16:41:43.783+0000] {logging_mixin.py:188} INFO - [2026-09-22T16:41:43.783+0000] {dag.py:3089} INFO - Sync 1 DAGs
[2026-09-22T16:41:43.805+0000] {logging_mixin.py:188} INFO - [2026-09-22T16:41:43.805+0000] {dag.py:3947} INFO - Setting next_dagrun for example_sensors to None, run_after=None
[2026-09-22T16:41:43.898+0000] {processor.py:183} INFO - Processing /home/airflow/.local/lib/python3.12/site-packages/airflow/example_dags/example_sensors.py took 0.346 seconds
[2026-09-22T16:42:14.039+0000] {processor.py:161} INFO - Started process (PID=122) to work on /home/airflow/.local/lib/python3.12/site-packages/airflow/example_dags/example_sensors.py
[2026-09-22T16:42:14.041+0000] {processor.py:830} INFO - Processing file /home/airflow/.local/lib/python3.12/site-packages/airflow/example_dags/example_sensors.py for tasks to queue
[2026-09-22T16:42:14.043+0000] {logging_mixin.py:188} INFO - [2026-09-22T16:42:14.043+0000] {dagbag.py:545} INFO - Filling up the DagBag from /home/airflow/.local/lib/python3.12/site-packages/airflow/example_dags/example_sensors.py
[2026-09-22T16:42:14.057+0000] {processor.py:840} INFO - DAG(s) 'example_sensors' retrieved from /home/airflow/.local/lib/python3.12/site-packages/airflow/example_dags/example_sensors.py
[2026-09-22T16:42:14.105+0000] {logging_mixin.py:188} INFO - [2026-09-22T16:42:14.104+0000] {dag.py:3089} INFO - Sync 1 DAGs
[2026-09-22T16:42:14.123+0000] {logging_mixin.py:188} INFO - [2026-09-22T16:42:14.123+0000] {dag.py:3947} INFO - Setting next_dagrun for example_sensors to None, run_after=None
[2026-09-22T16:42:14.215+0000] {processor.py:183} INFO - Processing /home/airflow/.local/lib/python3.12/site-packages/airflow/example_dags/example_sensors.py took 0.185 seconds
[2026-09-22T16:43:44.451+0000] {processor.py:161} INFO - Started process (PID=63) to work on /home/airflow/.local/lib/python3.12/site-packages/airflow/example_dags/example_sensors.py
[2026-09-22T16:43:44.453+0000] {processor.py:830} INFO - Processing file /home/airflow/.local/lib/python3.12/site-packages/airflow/example_dags/example_sensors.py for tasks to queue
[2026-09-22T16:43:44.455+0000] {logging_mixin.py:188} INFO - [2026-09-22T16:43:44.455+0000] {dagbag.py:545} INFO - Filling up the DagBag from /home/airflow/.local/lib/python3.12/site-packages/airflow/example_dags/example_sensors.py
[2026-09-22T16:43:44.472+0000] {processor.py:840} INFO - DAG(s) 'example_sensors' retrieved from /home/airflow/.local/lib/python3.12/site-packages/airflow/example_dags/example_sensors.py
[2026-09-22T16:43:44.658+0000] {logging_mixin.py:188} INFO - [2026-09-22T16:43:44.657+0000] {dag.py:3089} INFO - Sync 1 DAGs
[2026-09-22T16:43:44.672+0000] {logging_mixin.py:188} INFO - [2026-09-22T16:43:44.672+0000] {dag.py:3947} INFO - Setting next_dagrun for example_sensors to None, run_after=None
[2026-09-22T16:43:44.754+0000] {processor.py:183} INFO - Processing /home/airflow/.local/lib/python3.12/site-packages/airflow/example_dags/example_sensors.py took 0.314 seconds
[2026-09-22T16:44:14.953+0000] {processor.py:161} INFO - Started process (PID=122) to work on /home/airflow/.local/lib/python3.12/site-packages/airflow/example_dags/example_sensors.py
[2026-09-22T16:44:14.955+0000] {processor.py:830} INFO - Processing file /home/airflow/.local/lib/python3.12/site-packages/airflow/example_dags/example_sensors.py for tasks to queue
[2026-09-22T16:44:14.959+0000] {logging_mixin.py:188} INFO - [2026-09-22T16:44:14.959+0000] {dagbag.py:545} INFO - Filling up the DagBag from /home/airflow/.local/lib/python3.12/site-packages/airflow/example_dags/example_sensors.py
[2026-09-22T16:44:14.973+0000] {processor.py:840} INFO - DAG(s) 'example_sensors' retrieved from /home/airflow/.local/lib/python3.12/site-packages/airflow/example_dags/example_sensors.py
[2026-09-22T16:44:15.019+0000] {logging_mixin.py:188} INFO - [2026-09-22T16:44:15.019+0000] {dag.py:3089} INFO - Sync 1 DAGs
[2026-09-22T16:44:15.042+0000] {logging_mixin.py:188} INFO - [2026-09-22T16:44:15.042+0000] {dag.py:3947} INFO - Setting next_dagrun for example_sensors to None, run_after=None
[2026-09-22T16:44:15.158+0000] {processor.py:183} INFO - Processing /home/airflow/.local/lib/python3.12/site-packages/airflow/example_dags/example_sensors.py took 0.215 seconds
[2026-09-22T16:44:45.447+0000] {processor.py:161} INFO - Started process (PID=185) to work on /home/airflow/.local/lib/python3.12/site-packages/airflow/example_dags/example_sensors.py
[2026-09-22T16:44:45.449+0000] {processor.py:830} INFO - Processing file /home/airflow/.local/lib/python3.12/site-packages/airflow/example_dags/example_sensors.py for tasks to queue
[2026-09-22T16:44:45.453+0000] {logging_mixin.py:188} INFO - [2026-09-22T16:44:45.453+0000] {dagbag.py:545} INFO - Filling up the DagBag from /home/airflow/.local/lib/python3.12/site-packages/airflow/example_dags/example_sensors.py
[2026-09-22T16:44:45.472+0000] {processor.py:840} INFO - DAG(s) 'example_sensors' retrieved from /home/airflow/.local/lib/python3.12/site-packages/airflow/example_dags/example_sensors.py
[2026-09-22T16:44:45.545+0000] {logging_mixin.py:188} INFO - [2026-09-22T16:44:45.545+0000] {dag.py:3089} INFO - Sync 1 DAGs
[2026-09-22T16:44:45.577+0000] {logging_mixin.py:188} INFO - [2026-09-22T16:44:45.577+0000] {dag.py:3947} INFO - Setting next_dagrun for example_sensors to None, run_after=None
[2026-09-22T16:44:45.619+0000] {processor.py:183} INFO - Processing /home/airflow/.local/lib/python3.12/site-packages/airflow/example_dags/example_sensors.py took 0.184 seconds
[2026-09-22T16:45:15.728+0000] {processor.py:161} INFO - Started process (PID=243) to work on /home/airflow/.local/lib/python3.12/site-packages/airflow/example_dags/example_sensors.py
[2026-09-22T16:45:15.729+0000] {processor.py:830} INFO - Processing file /home/airflow/.local/lib/python3.12/site-packages/airflow/example_dags/example_sensors.py for tasks to queue
[2026-09-22T16:45:15.733+0000] {logging_mixin.py:188} INFO - [2026-09-22T16:45:15.733+0000] {dagbag.py:545} INFO - Filling up the DagBag from /home/airflow/.local/lib/python3.12/site-packages/airflow/example_dags/example_sensors.py
[2026-09-22T16:45:15.752+0000] {processor.py:840} INFO - DAG(s) 'example_sensors' retrieved from /home/airflow/.local/lib/python3.12/site-packages/airflow/example_dags/example_sensors.py
[2026-09-22T16:45:15.799+0000] {logging_mixin.py:188} INFO - [2026-09-22T16:45:15.799+0000] {dag.py:3089} INFO - Sync 1 DAGs
[2026-09-22T16:45:15.817+0000] {logging_mixin.py:188} INFO - [2026-09-22T16:45:15.816+0000] {dag.py:3947} INFO - Setting next_dagrun for example_sensors to None, run_after=None
[2026-09-22T16:45:15.903+0000] {processor.py:183} INFO - Processing /home/airflow/.local/lib/python3.12/site-packages/airflow/example_dags/example_sensors.py took 0.185 seconds
[2026-09-22T16:45:46.129+0000] {processor.py:161} INFO - Started process (PID=307) to work on /home/airflow/.local/lib/python3.12/site-packages/airflow/example_dags/example_sensors.py
[2026-09-22T16:45:46.131+0000] {processor.py:830} INFO - Processing file /home/airflow/.local/lib/python3.12/site-packages/airflow/example_dags/example_sensors.py for tasks to queue
[2026-09-22T16:45:46.135+0000] {logging_mixin.py:188} INFO - [2026-09-22T16:45:46.135+0000] {dagbag.py:545} INFO - Filling up the DagBag from /home/airflow/.local/lib/python3.12/site-packages/airflow/example_dags/example_sensors.py
[2026-09-22T16:45:46.146+0000] {processor.py:840} INFO - DAG(s) 'example_sensors' retrieved from /home/airflow/.local/lib/python3.12/site-packages/airflow/example_dags/example_sensors.py
[2026-09-22T16:45:46.187+0000] {logging_mixin.py:188} INFO - [2026-09-22T16:45:46.187+0000] {dag.py:3089} INFO - Sync 1 DAGs
[2026-09-22T16:45:46.205+0000] {logging_mixin.py:188} INFO - [2026-09-22T16:45:46.205+0000] {dag.py:3947} INFO - Setting next_dagrun for example_sensors to None, run_after=None
[2026-09-22T16:45:46.230+0000] {processor.py:183} INFO - Processing /home/airflow/.local/lib/python3.12/site-packages/airflow/example_dags/example_sensors.py took 0.110 seconds
[2026-09-22T16:46:16.343+0000] {processor.py:161} INFO - Started process (PID=365) to work on /home/airflow/.local/lib/python3.12/site-packages/airflow/example_dags/example_sensors.py
[2026-09-22T16:46:16.345+0000] {processor.py:830} INFO - Processing file /home/airflow/.local/lib/python3.12/site-packages/airflow/example_dags/example_sensors.py for tasks to queue
[2026-09-22T16:46:16.348+0000] {logging_mixin.py:188} INFO - [2026-09-22T16:46:16.348+0000] {dagbag.py:545} INFO - Filling up the DagBag from /home/airflow/.local/lib/python3.12/site-packages/airflow/example_dags/example_sensors.py
[2026-09-22T16:46:16.363+0000] {processor.py:840} INFO - DAG(s) 'example_sensors' retrieved from /home/airflow/.local/lib/python3.12/site-packages/airflow/example_dags/example_sensors.py
[2026-09-22T16:46:16.397+0000] {logging_mixin.py:188} INFO - [2026-09-22T16:46:16.397+0000] {dag.py:3089} INFO - Sync 1 DAGs
[2026-09-22T16:46:16.419+0000] {logging_mixin.py:188} INFO - [2026-09-22T16:46:16.418+0000] {dag.py:3947} INFO - Setting next_dagrun for example_sensors to None, run_after=None
[2026-09-22T16:46:16.507+0000] {processor.py:183} INFO - Processing /home/airflow/.local/lib/python3.12/site-packages/airflow/example_dags/example_sensors.py took 0.173 seconds
[2026-09-22T16:46:46.912+0000] {processor.py:161} INFO - Started process (PID=423) to work on /home/airflow/.local/lib/python3.12/site-packages/airflow/example_dags/example_sensors.py
[2026-09-22T16:46:46.914+0000] {processor.py:830} INFO - Processing file /home/airflow/.local/lib/python3.12/site-packages/airflow/example_dags/example_sensors.py for tasks to queue
[2026-09-22T16:46:46.918+0000] {logging_mixin.py:188} INFO - [2026-09-22T16:46:46.918+0000] {dagbag.py:545} INFO - Filling up the DagBag from /home/airflow/.local/lib/python3.12/site-packages/airflow/example_dags/example_sensors.py
[2026-09-22T16:46:46.935+0000] {processor.py:840} INFO - DAG(s) 'example_sensors' retrieved from /home/airflow/.local/lib/python3.12/site-packages/airflow/example_dags/example_sensors.py
[2026-09-22T16:46:46.979+0000] {logging_mixin.py:188} INFO - [2026-09-22T16:46:46.979+0000] {dag.py:3089} INFO - Sync 1 DAGs
[2026-09-22T16:46:47.010+0000] {logging_mixin.py:188} INFO - [2026-09-22T16:46:47.009+0000] {dag.py:3947} INFO - Setting next_dagrun for example_sensors to None, run_after=None
[2026-09-22T16:46:47.055+0000] {processor.py:183} INFO - Processing /home/airflow/.local/lib/python3.12/site-packages/airflow/example_dags/example_sensors.py took 0.154 seconds
[2026-09-22T16:47:18.210+0000] {processor.py:161} INFO - Started process (PID=481) to work on /home/airflow/.local/lib/python3.12/site-packages/airflow/example_dags/example_sensors.py
[2026-09-22T16:47:18.213+0000] {processor.py:830} INFO - Processing file /home/airflow/.local/lib/python3.12/site-packages/airflow/example_dags/example_sensors.py for tasks to queue
[2026-09-22T16:47:18.219+0000] {logging_mixin.py:188} INFO - [2026-09-22T16:47:18.218+0000] {dagbag.py:545} INFO - Filling up the DagBag from /home/airflow/.local/lib/python3.12/site-packages/airflow/example_dags/example_sensors.py
[2026-09-22T16:47:18.237+0000] {processor.py:840} INFO - DAG(s) 'example_sensors' retrieved from /home/airflow/.local/lib/python3.12/site-packages/airflow/example_dags/example_sensors.py
[2026-09-22T16:47:18.269+0000] {logging_mixin.py:188} INFO - [2026-09-22T16:47:18.269+0000] {dag.py:3089} INFO - Sync 1 DAGs
[2026-09-22T16:47:18.287+0000] {logging_mixin.py:188} INFO - [2026-09-22T16:47:18.286+0000] {dag.py:3947} INFO - Setting next_dagrun for example_sensors to None, run_after=None
[2026-09-22T16:47:18.388+0000] {processor.py:183} INFO - Processing /home/airflow/.local/lib/python3.12/site-packages/airflow/example_dags/example_sensors.py took 0.195 seconds
[2026-09-22T16:47:48.499+0000] {processor.py:161} INFO - Started process (PID=539) to work on /home/airflow/.local/lib/python3.12/site-packages/airflow/example_dags/example_sensors.py
[2026-09-22T16:47:48.501+0000] {processor.py:830} INFO - Processing file /home/airflow/.local/lib/python3.12/site-packages/airflow/example_dags/example_sensors.py for tasks to queue
[2026-09-22T16:47:48.504+0000] {logging_mixin.py:188} INFO - [2026-09-22T16:47:48.504+0000] {dagbag.py:545} INFO - Filling up the DagBag from /home/airflow/.local/lib/python3.12/site-packages/airflow/example_dags/example_sensors.py
[2026-09-22T16:47:48.519+0000] {processor.py:840} INFO - DAG(s) 'example_sensors' retrieved from /home/airflow/.local/lib/python3.12/site-packages/airflow/example_dags/example_sensors.py
[2026-09-22T16:47:48.566+0000] {logging_mixin.py:188} INFO - [2026-09-22T16:47:48.566+0000] {dag.py:3089} INFO - Sync 1 DAGs
[2026-09-22T16:47:48.595+0000] {logging_mixin.py:188} INFO - [2026-09-22T16:47:48.594+0000] {dag.py:3947} INFO - Setting next_dagrun for example_sensors to None, run_after=None
[2026-09-22T16:47:48.667+0000] {processor.py:183} INFO - Processing /home/airflow/.local/lib/python3.12/site-packages/airflow/example_dags/example_sensors.py took 0.176 seconds
[2026-09-22T16:48:19.662+0000] {processor.py:161} INFO - Started process (PID=597) to work on /home/airflow/.local/lib/python3.12/site-packages/airflow/example_dags/example_sensors.py
[2026-09-22T16:48:19.665+0000] {processor.py:830} INFO - Processing file /home/airflow/.local/lib/python3.12/site-packages/airflow/example_dags/example_sensors.py for tasks to queue
[2026-09-22T16:48:19.668+0000] {logging_mixin.py:188} INFO - [2026-09-22T16:48:19.668+0000] {dagbag.py:545} INFO - Filling up the DagBag from /home/airflow/.local/lib/python3.12/site-packages/airflow/example_dags/example_sensors.py
[2026-09-22T16:48:19.681+0000] {processor.py:840} INFO - DAG(s) 'example_sensors' retrieved from /home/airflow/.local/lib/python3.12/site-packages/airflow/example_dags/example_sensors.py
[2026-09-22T16:48:19.733+0000] {logging_mixin.py:188} INFO - [2026-09-22T16:48:19.733+0000] {dag.py:3089} INFO - Sync 1 DAGs
[2026-09-22T16:48:19.757+0000] {logging_mixin.py:188} INFO - [2026-09-22T16:48:19.757+0000] {dag.py:3947} INFO - Setting next_dagrun for example_sensors to None, run_after=None
[2026-09-22T16:48:19.853+0000] {processor.py:183} INFO - Processing /home/airflow/.local/lib/python3.12/site-packages/airflow/example_dags/example_sensors.py took 0.197 seconds
[2026-09-22T16:48:50.787+0000] {processor.py:161} INFO - Started process (PID=655) to work on /home/airflow/.local/lib/python3.12/site-packages/airflow/example_dags/example_sensors.py
[2026-09-22T16:48:50.789+0000] {processor.py:830} INFO - Processing file /home/airflow/.local/lib/python3.12/site-packages/airflow/example_dags/example_sensors.py for tasks to queue
[2026-09-22T16:48:50.791+0000] {logging_mixin.py:188} INFO - [2026-09-22T16:48:50.791+0000] {dagbag.py:545} INFO - Filling up the DagBag from /home/airflow/.local/lib/python3.12/site-packages/airflow/example_dags/example_sensors.py
[2026-09-22T16:48:50.818+0000] {processor.py:840} INFO - DAG(s) 'example_sensors' retrieved from /home/airflow/.local/lib/python3.12/site-packages/airflow/example_dags/example_sensors.py
[2026-09-22T16:48:50.870+0000] {logging_mixin.py:188} INFO - [2026-09-22T16:48:50.870+0000] {dag.py:3089} INFO - Sync 1 DAGs
[2026-09-22T16:48:50.900+0000] {logging_mixin.py:188} INFO - [2026-09-22T16:48:50.900+0000] {dag.py:3947} INFO - Setting next_dagrun for example_sensors to None, run_after=None
[2026-09-22T16:48:51.011+0000] {processor.py:183} INFO - Processing /home/airflow/.local/lib/python3.12/site-packages/airflow/example_dags/example_sensors.py took 0.238 seconds
[2026-09-22T16:49:21.402+0000] {processor.py:161} INFO - Started process (PID=714) to work on /home/airflow/.local/lib/python3.12/site-packages/airflow/example_dags/example_sensors.py
[2026-09-22T16:49:21.404+0000] {processor.py:830} INFO - Processing file /home/airflow/.local/lib/python3.12/site-packages/airflow/example_dags/example_sensors.py for tasks to queue
[2026-09-22T16:49:21.408+0000] {logging_mixin.py:188} INFO - [2026-09-22T16:49:21.407+0000] {dagbag.py:545} INFO - Filling up the DagBag from /home/airflow/.local/lib/python3.12/site-packages/airflow/example_dags/example_sensors.py
[2026-09-22T16:49:21.421+0000] {processor.py:840} INFO - DAG(s) 'example_sensors' retrieved from /home/airflow/.local/lib/python3.12/site-packages/airflow/example_dags/example_sensors.py
[2026-09-22T16:49:21.474+0000] {logging_mixin.py:188} INFO - [2026-09-22T16:49:21.474+0000] {dag.py:3089} INFO - Sync 1 DAGs
[2026-09-22T16:49:21.511+0000] {logging_mixin.py:188} INFO - [2026-09-22T16:49:21.510+0000] {dag.py:3947} INFO - Setting next_dagrun for example_sensors to None, run_after=None
[2026-09-22T16:49:21.571+0000] {processor.py:183} INFO - Processing /home/airflow/.local/lib/python3.12/site-packages/airflow/example_dags/example_sensors.py took 0.181 seconds
[2026-09-22T16:49:51.779+0000] {processor.py:161} INFO - Started process (PID=772) to work on /home/airflow/.local/lib/python3.12/site-packages/airflow/example_dags/example_sensors.py
[2026-09-22T16:49:51.782+0000] {processor.py:830} INFO - Processing file /home/airflow/.local/lib/python3.12/site-packages/airflow/example_dags/example_sensors.py for tasks to queue
[2026-09-22T16:49:51.788+0000] {logging_mixin.py:188} INFO - [2026-09-22T16:49:51.787+0000] {dagbag.py:545} INFO - Filling up the DagBag from /home/airflow/.local/lib/python3.12/site-packages/airflow/example_dags/example_sensors.py
[2026-09-22T16:49:51.807+0000] {processor.py:840} INFO - DAG(s) 'example_sensors' retrieved from /home/airflow/.local/lib/python3.12/site-packages/airflow/example_dags/example_sensors.py
[2026-09-22T16:49:51.862+0000] {logging_mixin.py:188} INFO - [2026-09-22T16:49:51.862+0000] {dag.py:3089} INFO - Sync 1 DAGs
[2026-09-22T16:49:51.879+0000] {logging_mixin.py:188} INFO - [2026-09-22T16:49:51.879+0000] {dag.py:3947} INFO - Setting next_dagrun for example_sensors to None, run_after=None
[2026-09-22T16:49:51.920+0000] {processor.py:183} INFO - Processing /home/airflow/.local/lib/python3.12/site-packages/airflow/example_dags/example_sensors.py took 0.152 seconds
[2026-09-22T16:50:22.161+0000] {processor.py:161} INFO - Started process (PID=831) to work on /home/airflow/.local/lib/python3.12/site-packages/airflow/example_dags/example_sensors.py
[2026-09-22T16:50:22.164+0000] {processor.py:830} INFO - Processing file /home/airflow/.local/lib/python3.12/site-packages/airflow/example_dags/example_sensors.py for tasks to queue
[2026-09-22T16:50:22.167+0000] {logging_mixin.py:188} INFO - [2026-09-22T16:50:22.167+0000] {dagbag.py:545} INFO - Filling up the DagBag from /home/airflow/.local/lib/python3.12/site-packages/airflow/example_dags/example_sensors.py
[2026-09-22T16:50:22.182+0000] {processor.py:840} INFO - DAG(s) 'example_sensors' retrieved from /home/airflow/.local/lib/python3.12/site-packages/airflow/example_dags/example_sensors.py
[2026-09-22T16:50:22.226+0000] {logging_mixin.py:188} INFO - [2026-09-22T16:50:22.225+0000] {dag.py:3089} INFO - Sync 1 DAGs
[2026-09-22T16:50:22.242+0000] {logging_mixin.py:188} INFO - [2026-09-22T16:50:22.242+0000] {dag.py:3947} INFO - Setting next_dagrun for example_sensors to None, run_after=None
[2026-09-22T16:50:22.337+0000] {processor.py:183} INFO - Processing /home/airflow/.local/lib/python3.12/site-packages/airflow/example_dags/example_sensors.py took 0.186 seconds
[2026-09-22T16:50:52.709+0000] {processor.py:161} INFO - Started process (PID=889) to work on /home/airflow/.local/lib/python3.12/site-packages/airflow/example_dags/example_sensors.py
[2026-09-22T16:50:52.711+0000] {processor.py:830} INFO - Processing file /home/airflow/.local/lib/python3.12/site-packages/airflow/example_dags/example_sensors.py for tasks to queue
[2026-09-22T16:50:52.716+0000] {logging_mixin.py:188} INFO - [2026-09-22T16:50:52.715+0000] {dagbag.py:545} INFO - Filling up the DagBag from /home/airflow/.local/lib/python3.12/site-packages/airflow/example_dags/example_sensors.py
[2026-09-22T16:50:52.738+0000] {processor.py:840} INFO - DAG(s) 'example_sensors' retrieved from /home/airflow/.local/lib/python3.12/site-packages/airflow/example_dags/example_sensors.py
[2026-09-22T16:50:52.794+0000] {logging_mixin.py:188} INFO - [2026-09-22T16:50:52.794+0000] {dag.py:3089} INFO - Sync 1 DAGs
[2026-09-22T16:50:52.823+0000] {logging_mixin.py:188} INFO - [2026-09-22T16:50:52.822+0000] {dag.py:3947} INFO - Setting next_dagrun for example_sensors to None, run_after=None
[2026-09-22T16:50:52.867+0000] {processor.py:183} INFO - Processing /home/airflow/.local/lib/python3.12/site-packages/airflow/example_dags/example_sensors.py took 0.174 seconds
[2026-09-22T16:51:23.098+0000] {processor.py:161} INFO - Started process (PID=947) to work on /home/airflow/.local/lib/python3.12/site-packages/airflow/example_dags/example_sensors.py
[2026-09-22T16:51:23.101+0000] {processor.py:830} INFO - Processing file /home/airflow/.local/lib/python3.12/site-packages/airflow/example_dags/example_sensors.py for tasks to queue
[2026-09-22T16:51:23.106+0000] {logging_mixin.py:188} INFO - [2026-09-22T16:51:23.105+0000] {dagbag.py:545} INFO - Filling up the DagBag from /home/airflow/.local/lib/python3.12/site-packages/airflow/example_dags/example_sensors.py
[2026-09-22T16:51:23.123+0000] {processor.py:840} INFO - DAG(s) 'example_sensors' retrieved from /home/airflow/.local/lib/python3.12/site-packages/airflow/example_dags/example_sensors.py
[2026-09-22T16:51:23.166+0000] {logging_mixin.py:188} INFO - [2026-09-22T16:51:23.165+0000] {dag.py:3089} INFO - Sync 1 DAGs
[2026-09-22T16:51:23.189+0000] {logging_mixin.py:188} INFO - [2026-09-22T16:51:23.188+0000] {dag.py:3947} INFO - Setting next_dagrun for example_sensors to None, run_after=None
[2026-09-22T16:51:23.223+0000] {processor.py:183} INFO - Processing /home/airflow/.local/lib/python3.12/site-packages/airflow/example_dags/example_sensors.py took 0.142 seconds
[2026-09-22T16:52:20.067+0000] {processor.py:161} INFO - Started process (PID=997) to work on /home/airflow/.local/lib/python3.12/site-packages/airflow/example_dags/example_sensors.py
[2026-09-22T16:52:20.084+0000] {processor.py:830} INFO - Processing file /home/airflow/.local/lib/python3.12/site-packages/airflow/example_dags/example_sensors.py for tasks to queue
[2026-09-22T16:52:20.116+0000] {logging_mixin.py:188} INFO - [2026-09-22T16:52:20.115+0000] {dagbag.py:545} INFO - Filling up the DagBag from /home/airflow/.local/lib/python3.12/site-packages/airflow/example_dags/example_sensors.py
[2026-09-22T16:52:20.141+0000] {processor.py:840} INFO - DAG(s) 'example_sensors' retrieved from /home/airflow/.local/lib/python3.12/site-packages/airflow/example_dags/example_sensors.py
[2026-09-22T16:52:20.243+0000] {logging_mixin.py:188} INFO - [2026-09-22T16:52:20.243+0000] {dag.py:3089} INFO - Sync 1 DAGs
[2026-09-22T16:52:20.346+0000] {logging_mixin.py:188} INFO - [2026-09-22T16:52:20.345+0000] {dag.py:3947} INFO - Setting next_dagrun for example_sensors to None, run_after=None
[2026-09-22T16:52:20.429+0000] {processor.py:183} INFO - Processing /home/airflow/.local/lib/python3.12/site-packages/airflow/example_dags/example_sensors.py took 0.372 seconds
[2026-09-22T16:52:50.738+0000] {processor.py:161} INFO - Started process (PID=1055) to work on /home/airflow/.local/lib/python3.12/site-packages/airflow/example_dags/example_sensors.py
[2026-09-22T16:52:50.740+0000] {processor.py:830} INFO - Processing file /home/airflow/.local/lib/python3.12/site-packages/airflow/example_dags/example_sensors.py for tasks to queue
[2026-09-22T16:52:50.742+0000] {logging_mixin.py:188} INFO - [2026-09-22T16:52:50.742+0000] {dagbag.py:545} INFO - Filling up the DagBag from /home/airflow/.local/lib/python3.12/site-packages/airflow/example_dags/example_sensors.py
[2026-09-22T16:52:50.749+0000] {processor.py:840} INFO - DAG(s) 'example_sensors' retrieved from /home/airflow/.local/lib/python3.12/site-packages/airflow/example_dags/example_sensors.py
[2026-09-22T16:52:50.779+0000] {logging_mixin.py:188} INFO - [2026-09-22T16:52:50.778+0000] {dag.py:3089} INFO - Sync 1 DAGs
[2026-09-22T16:52:50.793+0000] {logging_mixin.py:188} INFO - [2026-09-22T16:52:50.793+0000] {dag.py:3947} INFO - Setting next_dagrun for example_sensors to None, run_after=None
[2026-09-22T16:52:50.815+0000] {processor.py:183} INFO - Processing /home/airflow/.local/lib/python3.12/site-packages/airflow/example_dags/example_sensors.py took 0.084 seconds
[2026-09-22T16:53:21.340+0000] {processor.py:161} INFO - Started process (PID=1113) to work on /home/airflow/.local/lib/python3.12/site-packages/airflow/example_dags/example_sensors.py
[2026-09-22T16:53:21.341+0000] {processor.py:830} INFO - Processing file /home/airflow/.local/lib/python3.12/site-packages/airflow/example_dags/example_sensors.py for tasks to queue
[2026-09-22T16:53:21.343+0000] {logging_mixin.py:188} INFO - [2026-09-22T16:53:21.343+0000] {dagbag.py:545} INFO - Filling up the DagBag from /home/airflow/.local/lib/python3.12/site-packages/airflow/example_dags/example_sensors.py
[2026-09-22T16:53:21.350+0000] {processor.py:840} INFO - DAG(s) 'example_sensors' retrieved from /home/airflow/.local/lib/python3.12/site-packages/airflow/example_dags/example_sensors.py
[2026-09-22T16:53:21.372+0000] {logging_mixin.py:188} INFO - [2026-09-22T16:53:21.372+0000] {dag.py:3089} INFO - Sync 1 DAGs
[2026-09-22T16:53:21.381+0000] {logging_mixin.py:188} INFO - [2026-09-22T16:53:21.381+0000] {dag.py:3947} INFO - Setting next_dagrun for example_sensors to None, run_after=None
[2026-09-22T16:53:21.401+0000] {processor.py:183} INFO - Processing /home/airflow/.local/lib/python3.12/site-packages/airflow/example_dags/example_sensors.py took 0.067 seconds
[2026-09-22T16:53:51.644+0000] {processor.py:161} INFO - Started process (PID=1171) to work on /home/airflow/.local/lib/python3.12/site-packages/airflow/example_dags/example_sensors.py
[2026-09-22T16:53:51.645+0000] {processor.py:830} INFO - Processing file /home/airflow/.local/lib/python3.12/site-packages/airflow/example_dags/example_sensors.py for tasks to queue
[2026-09-22T16:53:51.647+0000] {logging_mixin.py:188} INFO - [2026-09-22T16:53:51.646+0000] {dagbag.py:545} INFO - Filling up the DagBag from /home/airflow/.local/lib/python3.12/site-packages/airflow/example_dags/example_sensors.py
[2026-09-22T16:53:51.654+0000] {processor.py:840} INFO - DAG(s) 'example_sensors' retrieved from /home/airflow/.local/lib/python3.12/site-packages/airflow/example_dags/example_sensors.py
[2026-09-22T16:53:51.680+0000] {logging_mixin.py:188} INFO - [2026-09-22T16:53:51.680+0000] {dag.py:3089} INFO - Sync 1 DAGs
[2026-09-22T16:53:51.693+0000] {logging_mixin.py:188} INFO - [2026-09-22T16:53:51.692+0000] {dag.py:3947} INFO - Setting next_dagrun for example_sensors to None, run_after=None
[2026-09-22T16:53:51.716+0000] {processor.py:183} INFO - Processing /home/airflow/.local/lib/python3.12/site-packages/airflow/example_dags/example_sensors.py took 0.077 seconds
[2026-09-22T16:54:21.905+0000] {processor.py:161} INFO - Started process (PID=1229) to work on /home/airflow/.local/lib/python3.12/site-packages/airflow/example_dags/example_sensors.py
[2026-09-22T16:54:21.907+0000] {processor.py:830} INFO - Processing file /home/airflow/.local/lib/python3.12/site-packages/airflow/example_dags/example_sensors.py for tasks to queue
[2026-09-22T16:54:21.909+0000] {logging_mixin.py:188} INFO - [2026-09-22T16:54:21.909+0000] {dagbag.py:545} INFO - Filling up the DagBag from /home/airflow/.local/lib/python3.12/site-packages/airflow/example_dags/example_sensors.py
[2026-09-22T16:54:21.917+0000] {processor.py:840} INFO - DAG(s) 'example_sensors' retrieved from /home/airflow/.local/lib/python3.12/site-packages/airflow/example_dags/example_sensors.py
[2026-09-22T16:54:21.938+0000] {logging_mixin.py:188} INFO - [2026-09-22T16:54:21.938+0000] {dag.py:3089} INFO - Sync 1 DAGs
[2026-09-22T16:54:21.948+0000] {logging_mixin.py:188} INFO - [2026-09-22T16:54:21.948+0000] {dag.py:3947} INFO - Setting next_dagrun for example_sensors to None, run_after=None
[2026-09-22T16:54:21.968+0000] {processor.py:183} INFO - Processing /home/airflow/.local/lib/python3.12/site-packages/airflow/example_dags/example_sensors.py took 0.071 seconds
[2026-09-22T16:54:52.427+0000] {processor.py:161} INFO - Started process (PID=1287) to work on /home/airflow/.local/lib/python3.12/site-packages/airflow/example_dags/example_sensors.py
[2026-09-22T16:54:52.429+0000] {processor.py:830} INFO - Processing file /home/airflow/.local/lib/python3.12/site-packages/airflow/example_dags/example_sensors.py for tasks to queue
[2026-09-22T16:54:52.431+0000] {logging_mixin.py:188} INFO - [2026-09-22T16:54:52.431+0000] {dagbag.py:545} INFO - Filling up the DagBag from /home/airflow/.local/lib/python3.12/site-packages/airflow/example_dags/example_sensors.py
[2026-09-22T16:54:52.441+0000] {processor.py:840} INFO - DAG(s) 'example_sensors' retrieved from /home/airflow/.local/lib/python3.12/site-packages/airflow/example_dags/example_sensors.py
[2026-09-22T16:54:52.469+0000] {logging_mixin.py:188} INFO - [2026-09-22T16:54:52.469+0000] {dag.py:3089} INFO - Sync 1 DAGs
[2026-09-22T16:54:52.480+0000] {logging_mixin.py:188} INFO - [2026-09-22T16:54:52.480+0000] {dag.py:3947} INFO - Setting next_dagrun for example_sensors to None, run_after=None
[2026-09-22T16:54:52.503+0000] {processor.py:183} INFO - Processing /home/airflow/.local/lib/python3.12/site-packages/airflow/example_dags/example_sensors.py took 0.080 seconds
[2026-09-22T16:55:22.746+0000] {processor.py:161} INFO - Started process (PID=1345) to work on /home/airflow/.local/lib/python3.12/site-packages/airflow/example_dags/example_sensors.py
[2026-09-22T16:55:22.748+0000] {processor.py:830} INFO - Processing file /home/airflow/.local/lib/python3.12/site-packages/airflow/example_dags/example_sensors.py for tasks to queue
[2026-09-22T16:55:22.749+0000] {logging_mixin.py:188} INFO - [2026-09-22T16:55:22.749+0000] {dagbag.py:545} INFO - Filling up the DagBag from /home/airflow/.local/lib/python3.12/site-packages/airflow/example_dags/example_sensors.py
[2026-09-22T16:55:22.759+0000] {processor.py:840} INFO - DAG(s) 'example_sensors' retrieved from /home/airflow/.local/lib/python3.12/site-packages/airflow/example_dags/example_sensors.py
[2026-09-22T16:55:22.810+0000] {logging_mixin.py:188} INFO - [2026-09-22T16:55:22.809+0000] {dag.py:3089} INFO - Sync 1 DAGs
[2026-09-22T16:55:22.825+0000] {logging_mixin.py:188} INFO - [2026-09-22T16:55:22.824+0000] {dag.py:3947} INFO - Setting next_dagrun for example_sensors to None, run_after=None
[2026-09-22T16:55:22.860+0000] {processor.py:183} INFO - Processing /home/airflow/.local/lib/python3.12/site-packages/airflow/example_dags/example_sensors.py took 0.119 seconds
[2026-09-22T16:55:53.473+0000] {processor.py:161} INFO - Started process (PID=1403) to work on /home/airflow/.local/lib/python3.12/site-packages/airflow/example_dags/example_sensors.py
[2026-09-22T16:55:53.474+0000] {processor.py:830} INFO - Processing file /home/airflow/.local/lib/python3.12/site-packages/airflow/example_dags/example_sensors.py for tasks to queue
[2026-09-22T16:55:53.476+0000] {logging_mixin.py:188} INFO - [2026-09-22T16:55:53.476+0000] {dagbag.py:545} INFO - Filling up the DagBag from /home/airflow/.local/lib/python3.12/site-packages/airflow/example_dags/example_sensors.py
[2026-09-22T16:55:53.485+0000] {processor.py:840} INFO - DAG(s) 'example_sensors' retrieved from /home/airflow/.local/lib/python3.12/site-packages/airflow/example_dags/example_sensors.py
[2026-09-22T16:55:53.509+0000] {logging_mixin.py:188} INFO - [2026-09-22T16:55:53.508+0000] {dag.py:3089} INFO - Sync 1 DAGs
[2026-09-22T16:55:53.518+0000] {logging_mixin.py:188} INFO - [2026-09-22T16:55:53.518+0000] {dag.py:3947} INFO - Setting next_dagrun for example_sensors to None, run_after=None
[2026-09-22T16:55:53.539+0000] {processor.py:183} INFO - Processing /home/airflow/.local/lib/python3.12/site-packages/airflow/example_dags/example_sensors.py took 0.073 seconds
[2026-09-22T16:56:24.155+0000] {processor.py:161} INFO - Started process (PID=1461) to work on /home/airflow/.local/lib/python3.12/site-packages/airflow/example_dags/example_sensors.py
[2026-09-22T16:56:24.156+0000] {processor.py:830} INFO - Processing file /home/airflow/.local/lib/python3.12/site-packages/airflow/example_dags/example_sensors.py for tasks to queue
[2026-09-22T16:56:24.158+0000] {logging_mixin.py:188} INFO - [2026-09-22T16:56:24.158+0000] {dagbag.py:545} INFO - Filling up the DagBag from /home/airflow/.local/lib/python3.12/site-packages/airflow/example_dags/example_sensors.py
[2026-09-22T16:56:24.166+0000] {processor.py:840} INFO - DAG(s) 'example_sensors' retrieved from /home/airflow/.local/lib/python3.12/site-packages/airflow/example_dags/example_sensors.py
[2026-09-22T16:56:24.194+0000] {logging_mixin.py:188} INFO - [2026-09-22T16:56:24.193+0000] {dag.py:3089} INFO - Sync 1 DAGs
[2026-09-22T16:56:24.206+0000] {logging_mixin.py:188} INFO - [2026-09-22T16:56:24.206+0000] {dag.py:3947} INFO - Setting next_dagrun for example_sensors to None, run_after=None
[2026-09-22T16:56:24.228+0000] {processor.py:183} INFO - Processing /home/airflow/.local/lib/python3.12/site-packages/airflow/example_dags/example_sensors.py took 0.080 seconds
[2026-09-22T16:57:58.362+0000] {processor.py:161} INFO - Started process (PID=87) to work on /home/airflow/.local/lib/python3.12/site-packages/airflow/example_dags/example_sensors.py
[2026-09-22T16:57:58.363+0000] {processor.py:830} INFO - Processing file /home/airflow/.local/lib/python3.12/site-packages/airflow/example_dags/example_sensors.py for tasks to queue
[2026-09-22T16:57:58.366+0000] {logging_mixin.py:188} INFO - [2026-09-22T16:57:58.365+0000] {dagbag.py:545} INFO - Filling up the DagBag from /home/airflow/.local/lib/python3.12/site-packages/airflow/example_dags/example_sensors.py
[2026-09-22T16:57:58.387+0000] {processor.py:840} INFO - DAG(s) 'example_sensors' retrieved from /home/airflow/.local/lib/python3.12/site-packages/airflow/example_dags/example_sensors.py
[2026-09-22T16:57:58.563+0000] {logging_mixin.py:188} INFO - [2026-09-22T16:57:58.562+0000] {dag.py:3089} INFO - Sync 1 DAGs
[2026-09-22T16:57:58.578+0000] {logging_mixin.py:188} INFO - [2026-09-22T16:57:58.578+0000] {dag.py:3947} INFO - Setting next_dagrun for example_sensors to None, run_after=None
[2026-09-22T16:57:58.615+0000] {processor.py:183} INFO - Processing /home/airflow/.local/lib/python3.12/site-packages/airflow/example_dags/example_sensors.py took 0.260 seconds
[2026-09-22T16:58:29.204+0000] {processor.py:161} INFO - Started process (PID=145) to work on /home/airflow/.local/lib/python3.12/site-packages/airflow/example_dags/example_sensors.py
[2026-09-22T16:58:29.206+0000] {processor.py:830} INFO - Processing file /home/airflow/.local/lib/python3.12/site-packages/airflow/example_dags/example_sensors.py for tasks to queue
[2026-09-22T16:58:29.208+0000] {logging_mixin.py:188} INFO - [2026-09-22T16:58:29.207+0000] {dagbag.py:545} INFO - Filling up the DagBag from /home/airflow/.local/lib/python3.12/site-packages/airflow/example_dags/example_sensors.py
[2026-09-22T16:58:29.215+0000] {processor.py:840} INFO - DAG(s) 'example_sensors' retrieved from /home/airflow/.local/lib/python3.12/site-packages/airflow/example_dags/example_sensors.py
[2026-09-22T16:58:29.236+0000] {logging_mixin.py:188} INFO - [2026-09-22T16:58:29.236+0000] {dag.py:3089} INFO - Sync 1 DAGs
[2026-09-22T16:58:29.246+0000] {logging_mixin.py:188} INFO - [2026-09-22T16:58:29.245+0000] {dag.py:3947} INFO - Setting next_dagrun for example_sensors to None, run_after=None
[2026-09-22T16:58:29.268+0000] {processor.py:183} INFO - Processing /home/airflow/.local/lib/python3.12/site-packages/airflow/example_dags/example_sensors.py took 0.069 seconds
[2026-09-22T16:58:59.346+0000] {processor.py:161} INFO - Started process (PID=203) to work on /home/airflow/.local/lib/python3.12/site-packages/airflow/example_dags/example_sensors.py
[2026-09-22T16:58:59.347+0000] {processor.py:830} INFO - Processing file /home/airflow/.local/lib/python3.12/site-packages/airflow/example_dags/example_sensors.py for tasks to queue
[2026-09-22T16:58:59.349+0000] {logging_mixin.py:188} INFO - [2026-09-22T16:58:59.349+0000] {dagbag.py:545} INFO - Filling up the DagBag from /home/airflow/.local/lib/python3.12/site-packages/airflow/example_dags/example_sensors.py
[2026-09-22T16:58:59.356+0000] {processor.py:840} INFO - DAG(s) 'example_sensors' retrieved from /home/airflow/.local/lib/python3.12/site-packages/airflow/example_dags/example_sensors.py
[2026-09-22T16:58:59.377+0000] {logging_mixin.py:188} INFO - [2026-09-22T16:58:59.377+0000] {dag.py:3089} INFO - Sync 1 DAGs
[2026-09-22T16:58:59.386+0000] {logging_mixin.py:188} INFO - [2026-09-22T16:58:59.386+0000] {dag.py:3947} INFO - Setting next_dagrun for example_sensors to None, run_after=None
[2026-09-22T16:58:59.406+0000] {processor.py:183} INFO - Processing /home/airflow/.local/lib/python3.12/site-packages/airflow/example_dags/example_sensors.py took 0.065 seconds
[2026-09-22T16:59:29.616+0000] {processor.py:161} INFO - Started process (PID=261) to work on /home/airflow/.local/lib/python3.12/site-packages/airflow/example_dags/example_sensors.py
[2026-09-22T16:59:29.618+0000] {processor.py:830} INFO - Processing file /home/airflow/.local/lib/python3.12/site-packages/airflow/example_dags/example_sensors.py for tasks to queue
[2026-09-22T16:59:29.619+0000] {logging_mixin.py:188} INFO - [2026-09-22T16:59:29.619+0000] {dagbag.py:545} INFO - Filling up the DagBag from /home/airflow/.local/lib/python3.12/site-packages/airflow/example_dags/example_sensors.py
[2026-09-22T16:59:29.626+0000] {processor.py:840} INFO - DAG(s) 'example_sensors' retrieved from /home/airflow/.local/lib/python3.12/site-packages/airflow/example_dags/example_sensors.py
[2026-09-22T16:59:29.650+0000] {logging_mixin.py:188} INFO - [2026-09-22T16:59:29.650+0000] {dag.py:3089} INFO - Sync 1 DAGs
[2026-09-22T16:59:29.664+0000] {logging_mixin.py:188} INFO - [2026-09-22T16:59:29.664+0000] {dag.py:3947} INFO - Setting next_dagrun for example_sensors to None, run_after=None
[2026-09-22T16:59:29.688+0000] {processor.py:183} INFO - Processing /home/airflow/.local/lib/python3.12/site-packages/airflow/example_dags/example_sensors.py took 0.077 seconds
[2026-09-22T16:59:59.870+0000] {processor.py:161} INFO - Started process (PID=319) to work on /home/airflow/.local/lib/python3.12/site-packages/airflow/example_dags/example_sensors.py
[2026-09-22T16:59:59.872+0000] {processor.py:830} INFO - Processing file /home/airflow/.local/lib/python3.12/site-packages/airflow/example_dags/example_sensors.py for tasks to queue
[2026-09-22T16:59:59.874+0000] {logging_mixin.py:188} INFO - [2026-09-22T16:59:59.874+0000] {dagbag.py:545} INFO - Filling up the DagBag from /home/airflow/.local/lib/python3.12/site-packages/airflow/example_dags/example_sensors.py
[2026-09-22T16:59:59.885+0000] {processor.py:840} INFO - DAG(s) 'example_sensors' retrieved from /home/airflow/.local/lib/python3.12/site-packages/airflow/example_dags/example_sensors.py
[2026-09-22T16:59:59.918+0000] {logging_mixin.py:188} INFO - [2026-09-22T16:59:59.918+0000] {dag.py:3089} INFO - Sync 1 DAGs
[2026-09-22T16:59:59.934+0000] {logging_mixin.py:188} INFO - [2026-09-22T16:59:59.934+0000] {dag.py:3947} INFO - Setting next_dagrun for example_sensors to None, run_after=None
[2026-09-22T16:59:59.958+0000] {processor.py:183} INFO - Processing /home/airflow/.local/lib/python3.12/site-packages/airflow/example_dags/example_sensors.py took 0.095 seconds
[2026-09-22T17:00:30.519+0000] {processor.py:161} INFO - Started process (PID=377) to work on /home/airflow/.local/lib/python3.12/site-packages/airflow/example_dags/example_sensors.py
[2026-09-22T17:00:30.521+0000] {processor.py:830} INFO - Processing file /home/airflow/.local/lib/python3.12/site-packages/airflow/example_dags/example_sensors.py for tasks to queue
[2026-09-22T17:00:30.524+0000] {logging_mixin.py:188} INFO - [2026-09-22T17:00:30.523+0000] {dagbag.py:545} INFO - Filling up the DagBag from /home/airflow/.local/lib/python3.12/site-packages/airflow/example_dags/example_sensors.py
[2026-09-22T17:00:30.539+0000] {processor.py:840} INFO - DAG(s) 'example_sensors' retrieved from /home/airflow/.local/lib/python3.12/site-packages/airflow/example_dags/example_sensors.py
[2026-09-22T17:00:30.568+0000] {logging_mixin.py:188} INFO - [2026-09-22T17:00:30.567+0000] {dag.py:3089} INFO - Sync 1 DAGs
[2026-09-22T17:00:30.579+0000] {logging_mixin.py:188} INFO - [2026-09-22T17:00:30.579+0000] {dag.py:3947} INFO - Setting next_dagrun for example_sensors to None, run_after=None
[2026-09-22T17:00:30.604+0000] {processor.py:183} INFO - Processing /home/airflow/.local/lib/python3.12/site-packages/airflow/example_dags/example_sensors.py took 0.100 seconds
[2026-09-22T17:01:00.917+0000] {processor.py:161} INFO - Started process (PID=435) to work on /home/airflow/.local/lib/python3.12/site-packages/airflow/example_dags/example_sensors.py
[2026-09-22T17:01:00.918+0000] {processor.py:830} INFO - Processing file /home/airflow/.local/lib/python3.12/site-packages/airflow/example_dags/example_sensors.py for tasks to queue
[2026-09-22T17:01:00.920+0000] {logging_mixin.py:188} INFO - [2026-09-22T17:01:00.920+0000] {dagbag.py:545} INFO - Filling up the DagBag from /home/airflow/.local/lib/python3.12/site-packages/airflow/example_dags/example_sensors.py
[2026-09-22T17:01:00.928+0000] {processor.py:840} INFO - DAG(s) 'example_sensors' retrieved from /home/airflow/.local/lib/python3.12/site-packages/airflow/example_dags/example_sensors.py
[2026-09-22T17:01:00.949+0000] {logging_mixin.py:188} INFO - [2026-09-22T17:01:00.949+0000] {dag.py:3089} INFO - Sync 1 DAGs
[2026-09-22T17:01:00.959+0000] {logging_mixin.py:188} INFO - [2026-09-22T17:01:00.959+0000] {dag.py:3947} INFO - Setting next_dagrun for example_sensors to None, run_after=None
[2026-09-22T17:01:00.979+0000] {processor.py:183} INFO - Processing /home/airflow/.local/lib/python3.12/site-packages/airflow/example_dags/example_sensors.py took 0.067 seconds
[2026-09-22T17:01:31.409+0000] {processor.py:161} INFO - Started process (PID=493) to work on /home/airflow/.local/lib/python3.12/site-packages/airflow/example_dags/example_sensors.py
[2026-09-22T17:01:31.410+0000] {processor.py:830} INFO - Processing file /home/airflow/.local/lib/python3.12/site-packages/airflow/example_dags/example_sensors.py for tasks to queue
[2026-09-22T17:01:31.412+0000] {logging_mixin.py:188} INFO - [2026-09-22T17:01:31.412+0000] {dagbag.py:545} INFO - Filling up the DagBag from /home/airflow/.local/lib/python3.12/site-packages/airflow/example_dags/example_sensors.py
[2026-09-22T17:01:31.429+0000] {processor.py:840} INFO - DAG(s) 'example_sensors' retrieved from /home/airflow/.local/lib/python3.12/site-packages/airflow/example_dags/example_sensors.py
[2026-09-22T17:01:31.454+0000] {logging_mixin.py:188} INFO - [2026-09-22T17:01:31.454+0000] {dag.py:3089} INFO - Sync 1 DAGs
[2026-09-22T17:01:31.469+0000] {logging_mixin.py:188} INFO - [2026-09-22T17:01:31.469+0000] {dag.py:3947} INFO - Setting next_dagrun for example_sensors to None, run_after=None
[2026-09-22T17:01:31.492+0000] {processor.py:183} INFO - Processing /home/airflow/.local/lib/python3.12/site-packages/airflow/example_dags/example_sensors.py took 0.089 seconds
[2026-09-22T17:02:01.536+0000] {processor.py:161} INFO - Started process (PID=551) to work on /home/airflow/.local/lib/python3.12/site-packages/airflow/example_dags/example_sensors.py
[2026-09-22T17:02:01.537+0000] {processor.py:830} INFO - Processing file /home/airflow/.local/lib/python3.12/site-packages/airflow/example_dags/example_sensors.py for tasks to queue
[2026-09-22T17:02:01.539+0000] {logging_mixin.py:188} INFO - [2026-09-22T17:02:01.538+0000] {dagbag.py:545} INFO - Filling up the DagBag from /home/airflow/.local/lib/python3.12/site-packages/airflow/example_dags/example_sensors.py
[2026-09-22T17:02:01.546+0000] {processor.py:840} INFO - DAG(s) 'example_sensors' retrieved from /home/airflow/.local/lib/python3.12/site-packages/airflow/example_dags/example_sensors.py
[2026-09-22T17:02:01.567+0000] {logging_mixin.py:188} INFO - [2026-09-22T17:02:01.567+0000] {dag.py:3089} INFO - Sync 1 DAGs
[2026-09-22T17:02:01.578+0000] {logging_mixin.py:188} INFO - [2026-09-22T17:02:01.578+0000] {dag.py:3947} INFO - Setting next_dagrun for example_sensors to None, run_after=None
[2026-09-22T17:02:01.598+0000] {processor.py:183} INFO - Processing /home/airflow/.local/lib/python3.12/site-packages/airflow/example_dags/example_sensors.py took 0.067 seconds
[2026-09-22T17:03:29.462+0000] {processor.py:161} INFO - Started process (PID=85) to work on /home/airflow/.local/lib/python3.12/site-packages/airflow/example_dags/example_sensors.py
[2026-09-22T17:03:29.463+0000] {processor.py:830} INFO - Processing file /home/airflow/.local/lib/python3.12/site-packages/airflow/example_dags/example_sensors.py for tasks to queue
[2026-09-22T17:03:29.466+0000] {logging_mixin.py:188} INFO - [2026-09-22T17:03:29.466+0000] {dagbag.py:545} INFO - Filling up the DagBag from /home/airflow/.local/lib/python3.12/site-packages/airflow/example_dags/example_sensors.py
[2026-09-22T17:03:29.490+0000] {processor.py:840} INFO - DAG(s) 'example_sensors' retrieved from /home/airflow/.local/lib/python3.12/site-packages/airflow/example_dags/example_sensors.py
[2026-09-22T17:03:29.668+0000] {logging_mixin.py:188} INFO - [2026-09-22T17:03:29.668+0000] {dag.py:3089} INFO - Sync 1 DAGs
[2026-09-22T17:03:29.685+0000] {logging_mixin.py:188} INFO - [2026-09-22T17:03:29.685+0000] {dag.py:3947} INFO - Setting next_dagrun for example_sensors to None, run_after=None
[2026-09-22T17:03:29.719+0000] {processor.py:183} INFO - Processing /home/airflow/.local/lib/python3.12/site-packages/airflow/example_dags/example_sensors.py took 0.266 seconds
[2026-09-22T17:04:00.578+0000] {processor.py:161} INFO - Started process (PID=143) to work on /home/airflow/.local/lib/python3.12/site-packages/airflow/example_dags/example_sensors.py
[2026-09-22T17:04:00.580+0000] {processor.py:830} INFO - Processing file /home/airflow/.local/lib/python3.12/site-packages/airflow/example_dags/example_sensors.py for tasks to queue
[2026-09-22T17:04:00.582+0000] {logging_mixin.py:188} INFO - [2026-09-22T17:04:00.581+0000] {dagbag.py:545} INFO - Filling up the DagBag from /home/airflow/.local/lib/python3.12/site-packages/airflow/example_dags/example_sensors.py
[2026-09-22T17:04:00.594+0000] {processor.py:840} INFO - DAG(s) 'example_sensors' retrieved from /home/airflow/.local/lib/python3.12/site-packages/airflow/example_dags/example_sensors.py
[2026-09-22T17:04:00.617+0000] {logging_mixin.py:188} INFO - [2026-09-22T17:04:00.617+0000] {dag.py:3089} INFO - Sync 1 DAGs
[2026-09-22T17:04:00.631+0000] {logging_mixin.py:188} INFO - [2026-09-22T17:04:00.631+0000] {dag.py:3947} INFO - Setting next_dagrun for example_sensors to None, run_after=None
[2026-09-22T17:04:00.652+0000] {processor.py:183} INFO - Processing /home/airflow/.local/lib/python3.12/site-packages/airflow/example_dags/example_sensors.py took 0.079 seconds
[2026-09-22T17:04:31.358+0000] {processor.py:161} INFO - Started process (PID=201) to work on /home/airflow/.local/lib/python3.12/site-packages/airflow/example_dags/example_sensors.py
[2026-09-22T17:04:31.360+0000] {processor.py:830} INFO - Processing file /home/airflow/.local/lib/python3.12/site-packages/airflow/example_dags/example_sensors.py for tasks to queue
[2026-09-22T17:04:31.363+0000] {logging_mixin.py:188} INFO - [2026-09-22T17:04:31.362+0000] {dagbag.py:545} INFO - Filling up the DagBag from /home/airflow/.local/lib/python3.12/site-packages/airflow/example_dags/example_sensors.py
[2026-09-22T17:04:31.374+0000] {processor.py:840} INFO - DAG(s) 'example_sensors' retrieved from /home/airflow/.local/lib/python3.12/site-packages/airflow/example_dags/example_sensors.py
[2026-09-22T17:04:31.407+0000] {logging_mixin.py:188} INFO - [2026-09-22T17:04:31.406+0000] {dag.py:3089} INFO - Sync 1 DAGs
[2026-09-22T17:04:31.424+0000] {logging_mixin.py:188} INFO - [2026-09-22T17:04:31.423+0000] {dag.py:3947} INFO - Setting next_dagrun for example_sensors to None, run_after=None
[2026-09-22T17:04:31.448+0000] {processor.py:183} INFO - Processing /home/airflow/.local/lib/python3.12/site-packages/airflow/example_dags/example_sensors.py took 0.098 seconds
[2026-09-22T17:05:02.002+0000] {processor.py:161} INFO - Started process (PID=259) to work on /home/airflow/.local/lib/python3.12/site-packages/airflow/example_dags/example_sensors.py
[2026-09-22T17:05:02.003+0000] {processor.py:830} INFO - Processing file /home/airflow/.local/lib/python3.12/site-packages/airflow/example_dags/example_sensors.py for tasks to queue
[2026-09-22T17:05:02.005+0000] {logging_mixin.py:188} INFO - [2026-09-22T17:05:02.005+0000] {dagbag.py:545} INFO - Filling up the DagBag from /home/airflow/.local/lib/python3.12/site-packages/airflow/example_dags/example_sensors.py
[2026-09-22T17:05:02.014+0000] {processor.py:840} INFO - DAG(s) 'example_sensors' retrieved from /home/airflow/.local/lib/python3.12/site-packages/airflow/example_dags/example_sensors.py
[2026-09-22T17:05:02.042+0000] {logging_mixin.py:188} INFO - [2026-09-22T17:05:02.042+0000] {dag.py:3089} INFO - Sync 1 DAGs
[2026-09-22T17:05:02.056+0000] {logging_mixin.py:188} INFO - [2026-09-22T17:05:02.056+0000] {dag.py:3947} INFO - Setting next_dagrun for example_sensors to None, run_after=None
[2026-09-22T17:05:02.081+0000] {processor.py:183} INFO - Processing /home/airflow/.local/lib/python3.12/site-packages/airflow/example_dags/example_sensors.py took 0.086 seconds
[2026-09-22T17:05:32.541+0000] {processor.py:161} INFO - Started process (PID=317) to work on /home/airflow/.local/lib/python3.12/site-packages/airflow/example_dags/example_sensors.py
[2026-09-22T17:05:32.543+0000] {processor.py:830} INFO - Processing file /home/airflow/.local/lib/python3.12/site-packages/airflow/example_dags/example_sensors.py for tasks to queue
[2026-09-22T17:05:32.545+0000] {logging_mixin.py:188} INFO - [2026-09-22T17:05:32.545+0000] {dagbag.py:545} INFO - Filling up the DagBag from /home/airflow/.local/lib/python3.12/site-packages/airflow/example_dags/example_sensors.py
[2026-09-22T17:05:32.557+0000] {processor.py:840} INFO - DAG(s) 'example_sensors' retrieved from /home/airflow/.local/lib/python3.12/site-packages/airflow/example_dags/example_sensors.py
[2026-09-22T17:05:32.591+0000] {logging_mixin.py:188} INFO - [2026-09-22T17:05:32.590+0000] {dag.py:3089} INFO - Sync 1 DAGs
[2026-09-22T17:05:32.609+0000] {logging_mixin.py:188} INFO - [2026-09-22T17:05:32.609+0000] {dag.py:3947} INFO - Setting next_dagrun for example_sensors to None, run_after=None
[2026-09-22T17:05:32.636+0000] {processor.py:183} INFO - Processing /home/airflow/.local/lib/python3.12/site-packages/airflow/example_dags/example_sensors.py took 0.103 seconds
[2026-09-22T17:06:02.795+0000] {processor.py:161} INFO - Started process (PID=375) to work on /home/airflow/.local/lib/python3.12/site-packages/airflow/example_dags/example_sensors.py
[2026-09-22T17:06:02.796+0000] {processor.py:830} INFO - Processing file /home/airflow/.local/lib/python3.12/site-packages/airflow/example_dags/example_sensors.py for tasks to queue
[2026-09-22T17:06:02.798+0000] {logging_mixin.py:188} INFO - [2026-09-22T17:06:02.798+0000] {dagbag.py:545} INFO - Filling up the DagBag from /home/airflow/.local/lib/python3.12/site-packages/airflow/example_dags/example_sensors.py
[2026-09-22T17:06:02.811+0000] {processor.py:840} INFO - DAG(s) 'example_sensors' retrieved from /home/airflow/.local/lib/python3.12/site-packages/airflow/example_dags/example_sensors.py
[2026-09-22T17:06:02.837+0000] {logging_mixin.py:188} INFO - [2026-09-22T17:06:02.837+0000] {dag.py:3089} INFO - Sync 1 DAGs
[2026-09-22T17:06:02.852+0000] {logging_mixin.py:188} INFO - [2026-09-22T17:06:02.852+0000] {dag.py:3947} INFO - Setting next_dagrun for example_sensors to None, run_after=None
[2026-09-22T17:06:02.880+0000] {processor.py:183} INFO - Processing /home/airflow/.local/lib/python3.12/site-packages/airflow/example_dags/example_sensors.py took 0.090 seconds
[2026-09-22T17:06:33.245+0000] {processor.py:161} INFO - Started process (PID=433) to work on /home/airflow/.local/lib/python3.12/site-packages/airflow/example_dags/example_sensors.py
[2026-09-22T17:06:33.246+0000] {processor.py:830} INFO - Processing file /home/airflow/.local/lib/python3.12/site-packages/airflow/example_dags/example_sensors.py for tasks to queue
[2026-09-22T17:06:33.248+0000] {logging_mixin.py:188} INFO - [2026-09-22T17:06:33.248+0000] {dagbag.py:545} INFO - Filling up the DagBag from /home/airflow/.local/lib/python3.12/site-packages/airflow/example_dags/example_sensors.py
[2026-09-22T17:06:33.256+0000] {processor.py:840} INFO - DAG(s) 'example_sensors' retrieved from /home/airflow/.local/lib/python3.12/site-packages/airflow/example_dags/example_sensors.py
[2026-09-22T17:06:33.279+0000] {logging_mixin.py:188} INFO - [2026-09-22T17:06:33.279+0000] {dag.py:3089} INFO - Sync 1 DAGs
[2026-09-22T17:06:33.290+0000] {logging_mixin.py:188} INFO - [2026-09-22T17:06:33.290+0000] {dag.py:3947} INFO - Setting next_dagrun for example_sensors to None, run_after=None
[2026-09-22T17:06:33.312+0000] {processor.py:183} INFO - Processing /home/airflow/.local/lib/python3.12/site-packages/airflow/example_dags/example_sensors.py took 0.071 seconds
[2026-09-22T17:07:03.590+0000] {processor.py:161} INFO - Started process (PID=491) to work on /home/airflow/.local/lib/python3.12/site-packages/airflow/example_dags/example_sensors.py
[2026-09-22T17:07:03.591+0000] {processor.py:830} INFO - Processing file /home/airflow/.local/lib/python3.12/site-packages/airflow/example_dags/example_sensors.py for tasks to queue
[2026-09-22T17:07:03.593+0000] {logging_mixin.py:188} INFO - [2026-09-22T17:07:03.593+0000] {dagbag.py:545} INFO - Filling up the DagBag from /home/airflow/.local/lib/python3.12/site-packages/airflow/example_dags/example_sensors.py
[2026-09-22T17:07:03.601+0000] {processor.py:840} INFO - DAG(s) 'example_sensors' retrieved from /home/airflow/.local/lib/python3.12/site-packages/airflow/example_dags/example_sensors.py
[2026-09-22T17:07:03.626+0000] {logging_mixin.py:188} INFO - [2026-09-22T17:07:03.626+0000] {dag.py:3089} INFO - Sync 1 DAGs
[2026-09-22T17:07:03.639+0000] {logging_mixin.py:188} INFO - [2026-09-22T17:07:03.638+0000] {dag.py:3947} INFO - Setting next_dagrun for example_sensors to None, run_after=None
[2026-09-22T17:07:03.661+0000] {processor.py:183} INFO - Processing /home/airflow/.local/lib/python3.12/site-packages/airflow/example_dags/example_sensors.py took 0.077 seconds
[2026-09-22T17:07:33.747+0000] {processor.py:161} INFO - Started process (PID=549) to work on /home/airflow/.local/lib/python3.12/site-packages/airflow/example_dags/example_sensors.py
[2026-09-22T17:07:33.748+0000] {processor.py:830} INFO - Processing file /home/airflow/.local/lib/python3.12/site-packages/airflow/example_dags/example_sensors.py for tasks to queue
[2026-09-22T17:07:33.749+0000] {logging_mixin.py:188} INFO - [2026-09-22T17:07:33.749+0000] {dagbag.py:545} INFO - Filling up the DagBag from /home/airflow/.local/lib/python3.12/site-packages/airflow/example_dags/example_sensors.py
[2026-09-22T17:07:33.758+0000] {processor.py:840} INFO - DAG(s) 'example_sensors' retrieved from /home/airflow/.local/lib/python3.12/site-packages/airflow/example_dags/example_sensors.py
[2026-09-22T17:07:33.779+0000] {logging_mixin.py:188} INFO - [2026-09-22T17:07:33.778+0000] {dag.py:3089} INFO - Sync 1 DAGs
[2026-09-22T17:07:33.789+0000] {logging_mixin.py:188} INFO - [2026-09-22T17:07:33.789+0000] {dag.py:3947} INFO - Setting next_dagrun for example_sensors to None, run_after=None
[2026-09-22T17:07:33.809+0000] {processor.py:183} INFO - Processing /home/airflow/.local/lib/python3.12/site-packages/airflow/example_dags/example_sensors.py took 0.067 seconds
[2026-09-22T17:08:04.064+0000] {processor.py:161} INFO - Started process (PID=607) to work on /home/airflow/.local/lib/python3.12/site-packages/airflow/example_dags/example_sensors.py
[2026-09-22T17:08:04.065+0000] {processor.py:830} INFO - Processing file /home/airflow/.local/lib/python3.12/site-packages/airflow/example_dags/example_sensors.py for tasks to queue
[2026-09-22T17:08:04.067+0000] {logging_mixin.py:188} INFO - [2026-09-22T17:08:04.067+0000] {dagbag.py:545} INFO - Filling up the DagBag from /home/airflow/.local/lib/python3.12/site-packages/airflow/example_dags/example_sensors.py
[2026-09-22T17:08:04.075+0000] {processor.py:840} INFO - DAG(s) 'example_sensors' retrieved from /home/airflow/.local/lib/python3.12/site-packages/airflow/example_dags/example_sensors.py
[2026-09-22T17:08:04.096+0000] {logging_mixin.py:188} INFO - [2026-09-22T17:08:04.096+0000] {dag.py:3089} INFO - Sync 1 DAGs
[2026-09-22T17:08:04.107+0000] {logging_mixin.py:188} INFO - [2026-09-22T17:08:04.107+0000] {dag.py:3947} INFO - Setting next_dagrun for example_sensors to None, run_after=None
[2026-09-22T17:08:04.127+0000] {processor.py:183} INFO - Processing /home/airflow/.local/lib/python3.12/site-packages/airflow/example_dags/example_sensors.py took 0.069 seconds
[2026-09-22T17:08:34.477+0000] {processor.py:161} INFO - Started process (PID=671) to work on /home/airflow/.local/lib/python3.12/site-packages/airflow/example_dags/example_sensors.py
[2026-09-22T17:08:34.478+0000] {processor.py:830} INFO - Processing file /home/airflow/.local/lib/python3.12/site-packages/airflow/example_dags/example_sensors.py for tasks to queue
[2026-09-22T17:08:34.480+0000] {logging_mixin.py:188} INFO - [2026-09-22T17:08:34.480+0000] {dagbag.py:545} INFO - Filling up the DagBag from /home/airflow/.local/lib/python3.12/site-packages/airflow/example_dags/example_sensors.py
[2026-09-22T17:08:34.488+0000] {processor.py:840} INFO - DAG(s) 'example_sensors' retrieved from /home/airflow/.local/lib/python3.12/site-packages/airflow/example_dags/example_sensors.py
[2026-09-22T17:08:34.510+0000] {logging_mixin.py:188} INFO - [2026-09-22T17:08:34.510+0000] {dag.py:3089} INFO - Sync 1 DAGs
[2026-09-22T17:08:34.522+0000] {logging_mixin.py:188} INFO - [2026-09-22T17:08:34.522+0000] {dag.py:3947} INFO - Setting next_dagrun for example_sensors to None, run_after=None
[2026-09-22T17:08:34.541+0000] {processor.py:183} INFO - Processing /home/airflow/.local/lib/python3.12/site-packages/airflow/example_dags/example_sensors.py took 0.069 seconds
[2026-09-22T17:09:04.630+0000] {processor.py:161} INFO - Started process (PID=729) to work on /home/airflow/.local/lib/python3.12/site-packages/airflow/example_dags/example_sensors.py
[2026-09-22T17:09:04.631+0000] {processor.py:830} INFO - Processing file /home/airflow/.local/lib/python3.12/site-packages/airflow/example_dags/example_sensors.py for tasks to queue
[2026-09-22T17:09:04.633+0000] {logging_mixin.py:188} INFO - [2026-09-22T17:09:04.633+0000] {dagbag.py:545} INFO - Filling up the DagBag from /home/airflow/.local/lib/python3.12/site-packages/airflow/example_dags/example_sensors.py
[2026-09-22T17:09:04.641+0000] {processor.py:840} INFO - DAG(s) 'example_sensors' retrieved from /home/airflow/.local/lib/python3.12/site-packages/airflow/example_dags/example_sensors.py
[2026-09-22T17:09:04.664+0000] {logging_mixin.py:188} INFO - [2026-09-22T17:09:04.663+0000] {dag.py:3089} INFO - Sync 1 DAGs
[2026-09-22T17:09:04.675+0000] {logging_mixin.py:188} INFO - [2026-09-22T17:09:04.674+0000] {dag.py:3947} INFO - Setting next_dagrun for example_sensors to None, run_after=None
[2026-09-22T17:09:04.695+0000] {processor.py:183} INFO - Processing /home/airflow/.local/lib/python3.12/site-packages/airflow/example_dags/example_sensors.py took 0.069 seconds
[2026-09-22T17:09:34.728+0000] {processor.py:161} INFO - Started process (PID=786) to work on /home/airflow/.local/lib/python3.12/site-packages/airflow/example_dags/example_sensors.py
[2026-09-22T17:09:34.730+0000] {processor.py:830} INFO - Processing file /home/airflow/.local/lib/python3.12/site-packages/airflow/example_dags/example_sensors.py for tasks to queue
[2026-09-22T17:09:34.731+0000] {logging_mixin.py:188} INFO - [2026-09-22T17:09:34.731+0000] {dagbag.py:545} INFO - Filling up the DagBag from /home/airflow/.local/lib/python3.12/site-packages/airflow/example_dags/example_sensors.py
[2026-09-22T17:09:34.740+0000] {processor.py:840} INFO - DAG(s) 'example_sensors' retrieved from /home/airflow/.local/lib/python3.12/site-packages/airflow/example_dags/example_sensors.py
[2026-09-22T17:09:34.764+0000] {logging_mixin.py:188} INFO - [2026-09-22T17:09:34.764+0000] {dag.py:3089} INFO - Sync 1 DAGs
[2026-09-22T17:09:34.776+0000] {logging_mixin.py:188} INFO - [2026-09-22T17:09:34.776+0000] {dag.py:3947} INFO - Setting next_dagrun for example_sensors to None, run_after=None
[2026-09-22T17:09:34.794+0000] {processor.py:183} INFO - Processing /home/airflow/.local/lib/python3.12/site-packages/airflow/example_dags/example_sensors.py took 0.072 seconds
[2026-09-22T17:10:05.138+0000] {processor.py:161} INFO - Started process (PID=845) to work on /home/airflow/.local/lib/python3.12/site-packages/airflow/example_dags/example_sensors.py
[2026-09-22T17:10:05.139+0000] {processor.py:830} INFO - Processing file /home/airflow/.local/lib/python3.12/site-packages/airflow/example_dags/example_sensors.py for tasks to queue
[2026-09-22T17:10:05.141+0000] {logging_mixin.py:188} INFO - [2026-09-22T17:10:05.141+0000] {dagbag.py:545} INFO - Filling up the DagBag from /home/airflow/.local/lib/python3.12/site-packages/airflow/example_dags/example_sensors.py
[2026-09-22T17:10:05.150+0000] {processor.py:840} INFO - DAG(s) 'example_sensors' retrieved from /home/airflow/.local/lib/python3.12/site-packages/airflow/example_dags/example_sensors.py
[2026-09-22T17:10:05.173+0000] {logging_mixin.py:188} INFO - [2026-09-22T17:10:05.172+0000] {dag.py:3089} INFO - Sync 1 DAGs
[2026-09-22T17:10:05.184+0000] {logging_mixin.py:188} INFO - [2026-09-22T17:10:05.183+0000] {dag.py:3947} INFO - Setting next_dagrun for example_sensors to None, run_after=None
[2026-09-22T17:10:05.204+0000] {processor.py:183} INFO - Processing /home/airflow/.local/lib/python3.12/site-packages/airflow/example_dags/example_sensors.py took 0.071 seconds
[2026-09-22T17:10:35.976+0000] {processor.py:161} INFO - Started process (PID=903) to work on /home/airflow/.local/lib/python3.12/site-packages/airflow/example_dags/example_sensors.py
[2026-09-22T17:10:35.977+0000] {processor.py:830} INFO - Processing file /home/airflow/.local/lib/python3.12/site-packages/airflow/example_dags/example_sensors.py for tasks to queue
[2026-09-22T17:10:35.979+0000] {logging_mixin.py:188} INFO - [2026-09-22T17:10:35.979+0000] {dagbag.py:545} INFO - Filling up the DagBag from /home/airflow/.local/lib/python3.12/site-packages/airflow/example_dags/example_sensors.py
[2026-09-22T17:10:35.987+0000] {processor.py:840} INFO - DAG(s) 'example_sensors' retrieved from /home/airflow/.local/lib/python3.12/site-packages/airflow/example_dags/example_sensors.py
[2026-09-22T17:10:36.009+0000] {logging_mixin.py:188} INFO - [2026-09-22T17:10:36.008+0000] {dag.py:3089} INFO - Sync 1 DAGs
[2026-09-22T17:10:36.021+0000] {logging_mixin.py:188} INFO - [2026-09-22T17:10:36.021+0000] {dag.py:3947} INFO - Setting next_dagrun for example_sensors to None, run_after=None
[2026-09-22T17:10:36.041+0000] {processor.py:183} INFO - Processing /home/airflow/.local/lib/python3.12/site-packages/airflow/example_dags/example_sensors.py took 0.070 seconds
[2026-09-22T17:11:06.411+0000] {processor.py:161} INFO - Started process (PID=961) to work on /home/airflow/.local/lib/python3.12/site-packages/airflow/example_dags/example_sensors.py
[2026-09-22T17:11:06.412+0000] {processor.py:830} INFO - Processing file /home/airflow/.local/lib/python3.12/site-packages/airflow/example_dags/example_sensors.py for tasks to queue
[2026-09-22T17:11:06.414+0000] {logging_mixin.py:188} INFO - [2026-09-22T17:11:06.414+0000] {dagbag.py:545} INFO - Filling up the DagBag from /home/airflow/.local/lib/python3.12/site-packages/airflow/example_dags/example_sensors.py
[2026-09-22T17:11:06.424+0000] {processor.py:840} INFO - DAG(s) 'example_sensors' retrieved from /home/airflow/.local/lib/python3.12/site-packages/airflow/example_dags/example_sensors.py
[2026-09-22T17:11:06.446+0000] {logging_mixin.py:188} INFO - [2026-09-22T17:11:06.445+0000] {dag.py:3089} INFO - Sync 1 DAGs
[2026-09-22T17:11:06.461+0000] {logging_mixin.py:188} INFO - [2026-09-22T17:11:06.461+0000] {dag.py:3947} INFO - Setting next_dagrun for example_sensors to None, run_after=None
[2026-09-22T17:11:06.482+0000] {processor.py:183} INFO - Processing /home/airflow/.local/lib/python3.12/site-packages/airflow/example_dags/example_sensors.py took 0.078 seconds
[2026-09-22T17:11:36.661+0000] {processor.py:161} INFO - Started process (PID=1019) to work on /home/airflow/.local/lib/python3.12/site-packages/airflow/example_dags/example_sensors.py
[2026-09-22T17:11:36.662+0000] {processor.py:830} INFO - Processing file /home/airflow/.local/lib/python3.12/site-packages/airflow/example_dags/example_sensors.py for tasks to queue
[2026-09-22T17:11:36.664+0000] {logging_mixin.py:188} INFO - [2026-09-22T17:11:36.664+0000] {dagbag.py:545} INFO - Filling up the DagBag from /home/airflow/.local/lib/python3.12/site-packages/airflow/example_dags/example_sensors.py
[2026-09-22T17:11:36.674+0000] {processor.py:840} INFO - DAG(s) 'example_sensors' retrieved from /home/airflow/.local/lib/python3.12/site-packages/airflow/example_dags/example_sensors.py
[2026-09-22T17:11:36.709+0000] {logging_mixin.py:188} INFO - [2026-09-22T17:11:36.708+0000] {dag.py:3089} INFO - Sync 1 DAGs
[2026-09-22T17:11:36.734+0000] {logging_mixin.py:188} INFO - [2026-09-22T17:11:36.734+0000] {dag.py:3947} INFO - Setting next_dagrun for example_sensors to None, run_after=None
[2026-09-22T17:11:36.773+0000] {processor.py:183} INFO - Processing /home/airflow/.local/lib/python3.12/site-packages/airflow/example_dags/example_sensors.py took 0.118 seconds
[2026-09-22T17:12:06.991+0000] {processor.py:161} INFO - Started process (PID=1077) to work on /home/airflow/.local/lib/python3.12/site-packages/airflow/example_dags/example_sensors.py
[2026-09-22T17:12:06.992+0000] {processor.py:830} INFO - Processing file /home/airflow/.local/lib/python3.12/site-packages/airflow/example_dags/example_sensors.py for tasks to queue
[2026-09-22T17:12:06.994+0000] {logging_mixin.py:188} INFO - [2026-09-22T17:12:06.993+0000] {dagbag.py:545} INFO - Filling up the DagBag from /home/airflow/.local/lib/python3.12/site-packages/airflow/example_dags/example_sensors.py
[2026-09-22T17:12:07.002+0000] {processor.py:840} INFO - DAG(s) 'example_sensors' retrieved from /home/airflow/.local/lib/python3.12/site-packages/airflow/example_dags/example_sensors.py
[2026-09-22T17:12:07.023+0000] {logging_mixin.py:188} INFO - [2026-09-22T17:12:07.023+0000] {dag.py:3089} INFO - Sync 1 DAGs
[2026-09-22T17:12:07.034+0000] {logging_mixin.py:188} INFO - [2026-09-22T17:12:07.034+0000] {dag.py:3947} INFO - Setting next_dagrun for example_sensors to None, run_after=None
[2026-09-22T17:12:07.057+0000] {processor.py:183} INFO - Processing /home/airflow/.local/lib/python3.12/site-packages/airflow/example_dags/example_sensors.py took 0.075 seconds
[2026-09-22T17:12:37.155+0000] {processor.py:161} INFO - Started process (PID=1135) to work on /home/airflow/.local/lib/python3.12/site-packages/airflow/example_dags/example_sensors.py
[2026-09-22T17:12:37.156+0000] {processor.py:830} INFO - Processing file /home/airflow/.local/lib/python3.12/site-packages/airflow/example_dags/example_sensors.py for tasks to queue
[2026-09-22T17:12:37.158+0000] {logging_mixin.py:188} INFO - [2026-09-22T17:12:37.158+0000] {dagbag.py:545} INFO - Filling up the DagBag from /home/airflow/.local/lib/python3.12/site-packages/airflow/example_dags/example_sensors.py
[2026-09-22T17:12:37.166+0000] {processor.py:840} INFO - DAG(s) 'example_sensors' retrieved from /home/airflow/.local/lib/python3.12/site-packages/airflow/example_dags/example_sensors.py
[2026-09-22T17:12:37.188+0000] {logging_mixin.py:188} INFO - [2026-09-22T17:12:37.188+0000] {dag.py:3089} INFO - Sync 1 DAGs
[2026-09-22T17:12:37.199+0000] {logging_mixin.py:188} INFO - [2026-09-22T17:12:37.198+0000] {dag.py:3947} INFO - Setting next_dagrun for example_sensors to None, run_after=None
[2026-09-22T17:12:37.219+0000] {processor.py:183} INFO - Processing /home/airflow/.local/lib/python3.12/site-packages/airflow/example_dags/example_sensors.py took 0.069 seconds
[2026-09-22T17:13:07.461+0000] {processor.py:161} INFO - Started process (PID=1193) to work on /home/airflow/.local/lib/python3.12/site-packages/airflow/example_dags/example_sensors.py
[2026-09-22T17:13:07.462+0000] {processor.py:830} INFO - Processing file /home/airflow/.local/lib/python3.12/site-packages/airflow/example_dags/example_sensors.py for tasks to queue
[2026-09-22T17:13:07.465+0000] {logging_mixin.py:188} INFO - [2026-09-22T17:13:07.464+0000] {dagbag.py:545} INFO - Filling up the DagBag from /home/airflow/.local/lib/python3.12/site-packages/airflow/example_dags/example_sensors.py
[2026-09-22T17:13:07.473+0000] {processor.py:840} INFO - DAG(s) 'example_sensors' retrieved from /home/airflow/.local/lib/python3.12/site-packages/airflow/example_dags/example_sensors.py
[2026-09-22T17:13:07.495+0000] {logging_mixin.py:188} INFO - [2026-09-22T17:13:07.494+0000] {dag.py:3089} INFO - Sync 1 DAGs
[2026-09-22T17:13:07.506+0000] {logging_mixin.py:188} INFO - [2026-09-22T17:13:07.506+0000] {dag.py:3947} INFO - Setting next_dagrun for example_sensors to None, run_after=None
[2026-09-22T17:13:07.528+0000] {processor.py:183} INFO - Processing /home/airflow/.local/lib/python3.12/site-packages/airflow/example_dags/example_sensors.py took 0.071 seconds
[2026-09-22T17:13:37.627+0000] {processor.py:161} INFO - Started process (PID=1251) to work on /home/airflow/.local/lib/python3.12/site-packages/airflow/example_dags/example_sensors.py
[2026-09-22T17:13:37.628+0000] {processor.py:830} INFO - Processing file /home/airflow/.local/lib/python3.12/site-packages/airflow/example_dags/example_sensors.py for tasks to queue
[2026-09-22T17:13:37.630+0000] {logging_mixin.py:188} INFO - [2026-09-22T17:13:37.630+0000] {dagbag.py:545} INFO - Filling up the DagBag from /home/airflow/.local/lib/python3.12/site-packages/airflow/example_dags/example_sensors.py
[2026-09-22T17:13:37.638+0000] {processor.py:840} INFO - DAG(s) 'example_sensors' retrieved from /home/airflow/.local/lib/python3.12/site-packages/airflow/example_dags/example_sensors.py
[2026-09-22T17:13:37.660+0000] {logging_mixin.py:188} INFO - [2026-09-22T17:13:37.660+0000] {dag.py:3089} INFO - Sync 1 DAGs
[2026-09-22T17:13:37.673+0000] {logging_mixin.py:188} INFO - [2026-09-22T17:13:37.673+0000] {dag.py:3947} INFO - Setting next_dagrun for example_sensors to None, run_after=None
[2026-09-22T17:13:37.692+0000] {processor.py:183} INFO - Processing /home/airflow/.local/lib/python3.12/site-packages/airflow/example_dags/example_sensors.py took 0.071 seconds
