[2026-09-22T16:19:29.759+0000] {processor.py:161} INFO - Started process (PID=77) to work on /home/airflow/.local/lib/python3.12/site-packages/airflow/example_dags/example_subdag_operator.py
[2026-09-22T16:19:29.773+0000] {processor.py:830} INFO - Processing file /home/airflow/.local/lib/python3.12/site-packages/airflow/example_dags/example_subdag_operator.py for tasks to queue
[2026-09-22T16:19:29.778+0000] {logging_mixin.py:188} INFO - [2026-09-22T16:19:29.777+0000] {dagbag.py:545} INFO - Filling up the DagBag from /home/airflow/.local/lib/python3.12/site-packages/airflow/example_dags/example_subdag_operator.py
[2026-09-22T16:19:29.892+0000] {processor.py:840} INFO - DAG(s) 'example_subdag_operator.section-1', 'example_subdag_operator.section-2', 'example_subdag_operator' retrieved from /home/airflow/.local/lib/python3.12/site-packages/airflow/example_dags/example_subdag_operator.py
[2026-09-22T16:19:30.248+0000] {logging_mixin.py:188} INFO - [2026-09-22T16:19:30.247+0000] {dag.py:3089} INFO - Sync 3 DAGs
[2026-09-22T16:19:30.296+0000] {logging_mixin.py:188} INFO - [2026-09-22T16:19:30.296+0000] {dag.py:3947} INFO - Setting next_dagrun for example_subdag_operator to 2022-01-01 00:00:00+00:00, run_after=2022-01-01 00:00:00+00:00
[2026-09-22T16:19:30.303+0000] {logging_mixin.py:188} INFO - [2026-09-22T16:19:30.302+0000] {dag.py:3947} INFO - Setting next_dagrun for example_subdag_operator.section-1 to None, run_after=None
[2026-09-22T16:19:30.308+0000] {logging_mixin.py:188} INFO - [2026-09-22T16:19:30.308+0000] {dag.py:3947} INFO - Setting next_dagrun for example_subdag_operator.section-2 to None, run_after=None
[2026-09-22T16:19:30.334+0000] {logging_mixin.py:188} INFO - [2026-09-22T16:19:30.333+0000] {dag.py:3089} INFO - Sync 2 DAGs
[2026-09-22T16:19:30.358+0000] {logging_mixin.py:188} INFO - [2026-09-22T16:19:30.357+0000] {dag.py:3947} INFO - Setting next_dagrun for example_subdag_operator.section-1 to None, run_after=None
[2026-09-22T16:19:30.362+0000] {logging_mixin.py:188} INFO - [2026-09-22T16:19:30.361+0000] {dag.py:3947} INFO - Setting next_dagrun for example_subdag_operator.section-2 to None, run_after=None
[2026-09-22T16:19:30.396+0000] {processor.py:183} INFO - Processing /home/airflow/.local/lib/python3.12/site-packages/airflow/example_dags/example_subdag_operator.py took 0.670 seconds
[2026-09-22T16:20:01.327+0000] {processor.py:161} INFO - Started process (PID=140) to work on /home/airflow/.local/lib/python3.12/site-packages/airflow/example_dags/example_subdag_operator.py
[2026-09-22T16:20:01.330+0000] {processor.py:830} INFO - Processing file /home/airflow/.local/lib/python3.12/site-packages/airflow/example_dags/example_subdag_operator.py for tasks to queue
[2026-09-22T16:20:01.334+0000] {logging_mixin.py:188} INFO - [2026-09-22T16:20:01.333+0000] {dagbag.py:545} INFO - Filling up the DagBag from /home/airflow/.local/lib/python3.12/site-packages/airflow/example_dags/example_subdag_operator.py
[2026-09-22T16:20:01.373+0000] {processor.py:840} INFO - DAG(s) 'example_subdag_operator.section-1', 'example_subdag_operator.section-2', 'example_subdag_operator' retrieved from /home/airflow/.local/lib/python3.12/site-packages/airflow/example_dags/example_subdag_operator.py
[2026-09-22T16:20:01.398+0000] {logging_mixin.py:188} INFO - [2026-09-22T16:20:01.397+0000] {dag.py:3089} INFO - Sync 3 DAGs
[2026-09-22T16:20:01.435+0000] {logging_mixin.py:188} INFO - [2026-09-22T16:20:01.435+0000] {dag.py:3947} INFO - Setting next_dagrun for example_subdag_operator to 2022-01-01 00:00:00+00:00, run_after=2022-01-01 00:00:00+00:00
[2026-09-22T16:20:01.443+0000] {logging_mixin.py:188} INFO - [2026-09-22T16:20:01.443+0000] {dag.py:3947} INFO - Setting next_dagrun for example_subdag_operator.section-1 to None, run_after=None
[2026-09-22T16:20:01.446+0000] {logging_mixin.py:188} INFO - [2026-09-22T16:20:01.445+0000] {dag.py:3947} INFO - Setting next_dagrun for example_subdag_operator.section-2 to None, run_after=None
[2026-09-22T16:20:01.460+0000] {logging_mixin.py:188} INFO - [2026-09-22T16:20:01.459+0000] {dag.py:3089} INFO - Sync 2 DAGs
[2026-09-22T16:20:01.469+0000] {logging_mixin.py:188} INFO - [2026-09-22T16:20:01.469+0000] {dag.py:3947} INFO - Setting next_dagrun for example_subdag_operator.section-1 to None, run_after=None
[2026-09-22T16:20:01.470+0000] {logging_mixin.py:188} INFO - [2026-09-22T16:20:01.470+0000] {dag.py:3947} INFO - Setting next_dagrun for example_subdag_operator.section-2 to None, run_after=None
[2026-09-22T16:20:01.508+0000] {processor.py:183} INFO - Processing /home/airflow/.local/lib/python3.12/site-packages/airflow/example_dags/example_subdag_operator.py took 0.191 seconds
[2026-09-22T16:20:31.735+0000] {processor.py:161} INFO - Started process (PID=197) to work on /home/airflow/.local/lib/python3.12/site-packages/airflow/example_dags/example_subdag_operator.py
[2026-09-22T16:20:31.736+0000] {processor.py:830} INFO - Processing file /home/airflow/.local/lib/python3.12/site-packages/airflow/example_dags/example_subdag_operator.py for tasks to queue
[2026-09-22T16:20:31.740+0000] {logging_mixin.py:188} INFO - [2026-09-22T16:20:31.739+0000] {dagbag.py:545} INFO - Filling up the DagBag from /home/airflow/.local/lib/python3.12/site-packages/airflow/example_dags/example_subdag_operator.py
[2026-09-22T16:20:31.774+0000] {processor.py:840} INFO - DAG(s) 'example_subdag_operator.section-1', 'example_subdag_operator.section-2', 'example_subdag_operator' retrieved from /home/airflow/.local/lib/python3.12/site-packages/airflow/example_dags/example_subdag_operator.py
[2026-09-22T16:20:31.793+0000] {logging_mixin.py:188} INFO - [2026-09-22T16:20:31.793+0000] {dag.py:3089} INFO - Sync 3 DAGs
[2026-09-22T16:20:31.843+0000] {logging_mixin.py:188} INFO - [2026-09-22T16:20:31.843+0000] {dag.py:3947} INFO - Setting next_dagrun for example_subdag_operator to 2022-01-01 00:00:00+00:00, run_after=2022-01-01 00:00:00+00:00
[2026-09-22T16:20:31.851+0000] {logging_mixin.py:188} INFO - [2026-09-22T16:20:31.851+0000] {dag.py:3947} INFO - Setting next_dagrun for example_subdag_operator.section-1 to None, run_after=None
[2026-09-22T16:20:31.855+0000] {logging_mixin.py:188} INFO - [2026-09-22T16:20:31.854+0000] {dag.py:3947} INFO - Setting next_dagrun for example_subdag_operator.section-2 to None, run_after=None
[2026-09-22T16:20:31.868+0000] {logging_mixin.py:188} INFO - [2026-09-22T16:20:31.867+0000] {dag.py:3089} INFO - Sync 2 DAGs
[2026-09-22T16:20:31.876+0000] {logging_mixin.py:188} INFO - [2026-09-22T16:20:31.875+0000] {dag.py:3947} INFO - Setting next_dagrun for example_subdag_operator.section-1 to None, run_after=None
[2026-09-22T16:20:31.877+0000] {logging_mixin.py:188} INFO - [2026-09-22T16:20:31.876+0000] {dag.py:3947} INFO - Setting next_dagrun for example_subdag_operator.section-2 to None, run_after=None
[2026-09-22T16:20:31.932+0000] {processor.py:183} INFO - Processing /home/airflow/.local/lib/python3.12/site-packages/airflow/example_dags/example_subdag_operator.py took 0.206 seconds
[2026-09-22T16:21:02.098+0000] {processor.py:161} INFO - Started process (PID=255) to work on /home/airflow/.local/lib/python3.12/site-packages/airflow/example_dags/example_subdag_operator.py
[2026-09-22T16:21:02.101+0000] {processor.py:830} INFO - Processing file /home/airflow/.local/lib/python3.12/site-packages/airflow/example_dags/example_subdag_operator.py for tasks to queue
[2026-09-22T16:21:02.105+0000] {logging_mixin.py:188} INFO - [2026-09-22T16:21:02.104+0000] {dagbag.py:545} INFO - Filling up the DagBag from /home/airflow/.local/lib/python3.12/site-packages/airflow/example_dags/example_subdag_operator.py
[2026-09-22T16:21:02.140+0000] {processor.py:840} INFO - DAG(s) 'example_subdag_operator.section-1', 'example_subdag_operator.section-2', 'example_subdag_operator' retrieved from /home/airflow/.local/lib/python3.12/site-packages/airflow/example_dags/example_subdag_operator.py
[2026-09-22T16:21:02.161+0000] {logging_mixin.py:188} INFO - [2026-09-22T16:21:02.161+0000] {dag.py:3089} INFO - Sync 3 DAGs
[2026-09-22T16:21:02.195+0000] {logging_mixin.py:188} INFO - [2026-09-22T16:21:02.195+0000] {dag.py:3947} INFO - Setting next_dagrun for example_subdag_operator to 2022-01-01 00:00:00+00:00, run_after=2022-01-01 00:00:00+00:00
[2026-09-22T16:21:02.201+0000] {logging_mixin.py:188} INFO - [2026-09-22T16:21:02.201+0000] {dag.py:3947} INFO - Setting next_dagrun for example_subdag_operator.section-1 to None, run_after=None
[2026-09-22T16:21:02.204+0000] {logging_mixin.py:188} INFO - [2026-09-22T16:21:02.203+0000] {dag.py:3947} INFO - Setting next_dagrun for example_subdag_operator.section-2 to None, run_after=None
[2026-09-22T16:21:02.214+0000] {logging_mixin.py:188} INFO - [2026-09-22T16:21:02.214+0000] {dag.py:3089} INFO - Sync 2 DAGs
[2026-09-22T16:21:02.221+0000] {logging_mixin.py:188} INFO - [2026-09-22T16:21:02.221+0000] {dag.py:3947} INFO - Setting next_dagrun for example_subdag_operator.section-1 to None, run_after=None
[2026-09-22T16:21:02.222+0000] {logging_mixin.py:188} INFO - [2026-09-22T16:21:02.222+0000] {dag.py:3947} INFO - Setting next_dagrun for example_subdag_operator.section-2 to None, run_after=None
[2026-09-22T16:21:02.242+0000] {processor.py:183} INFO - Processing /home/airflow/.local/lib/python3.12/site-packages/airflow/example_dags/example_subdag_operator.py took 0.153 seconds
[2026-09-22T16:21:32.374+0000] {processor.py:161} INFO - Started process (PID=313) to work on /home/airflow/.local/lib/python3.12/site-packages/airflow/example_dags/example_subdag_operator.py
[2026-09-22T16:21:32.376+0000] {processor.py:830} INFO - Processing file /home/airflow/.local/lib/python3.12/site-packages/airflow/example_dags/example_subdag_operator.py for tasks to queue
[2026-09-22T16:21:32.379+0000] {logging_mixin.py:188} INFO - [2026-09-22T16:21:32.379+0000] {dagbag.py:545} INFO - Filling up the DagBag from /home/airflow/.local/lib/python3.12/site-packages/airflow/example_dags/example_subdag_operator.py
[2026-09-22T16:21:32.421+0000] {processor.py:840} INFO - DAG(s) 'example_subdag_operator.section-1', 'example_subdag_operator.section-2', 'example_subdag_operator' retrieved from /home/airflow/.local/lib/python3.12/site-packages/airflow/example_dags/example_subdag_operator.py
[2026-09-22T16:21:32.453+0000] {logging_mixin.py:188} INFO - [2026-09-22T16:21:32.453+0000] {dag.py:3089} INFO - Sync 3 DAGs
[2026-09-22T16:21:32.495+0000] {logging_mixin.py:188} INFO - [2026-09-22T16:21:32.494+0000] {dag.py:3947} INFO - Setting next_dagrun for example_subdag_operator to 2022-01-01 00:00:00+00:00, run_after=2022-01-01 00:00:00+00:00
[2026-09-22T16:21:32.503+0000] {logging_mixin.py:188} INFO - [2026-09-22T16:21:32.502+0000] {dag.py:3947} INFO - Setting next_dagrun for example_subdag_operator.section-1 to None, run_after=None
[2026-09-22T16:21:32.506+0000] {logging_mixin.py:188} INFO - [2026-09-22T16:21:32.505+0000] {dag.py:3947} INFO - Setting next_dagrun for example_subdag_operator.section-2 to None, run_after=None
[2026-09-22T16:21:32.517+0000] {logging_mixin.py:188} INFO - [2026-09-22T16:21:32.517+0000] {dag.py:3089} INFO - Sync 2 DAGs
[2026-09-22T16:21:32.526+0000] {logging_mixin.py:188} INFO - [2026-09-22T16:21:32.525+0000] {dag.py:3947} INFO - Setting next_dagrun for example_subdag_operator.section-1 to None, run_after=None
[2026-09-22T16:21:32.527+0000] {logging_mixin.py:188} INFO - [2026-09-22T16:21:32.527+0000] {dag.py:3947} INFO - Setting next_dagrun for example_subdag_operator.section-2 to None, run_after=None
[2026-09-22T16:21:32.550+0000] {processor.py:183} INFO - Processing /home/airflow/.local/lib/python3.12/site-packages/airflow/example_dags/example_subdag_operator.py took 0.185 seconds
[2026-09-22T16:22:02.770+0000] {processor.py:161} INFO - Started process (PID=371) to work on /home/airflow/.local/lib/python3.12/site-packages/airflow/example_dags/example_subdag_operator.py
[2026-09-22T16:22:02.773+0000] {processor.py:830} INFO - Processing file /home/airflow/.local/lib/python3.12/site-packages/airflow/example_dags/example_subdag_operator.py for tasks to queue
[2026-09-22T16:22:02.781+0000] {logging_mixin.py:188} INFO - [2026-09-22T16:22:02.781+0000] {dagbag.py:545} INFO - Filling up the DagBag from /home/airflow/.local/lib/python3.12/site-packages/airflow/example_dags/example_subdag_operator.py
[2026-09-22T16:22:02.819+0000] {processor.py:840} INFO - DAG(s) 'example_subdag_operator.section-1', 'example_subdag_operator.section-2', 'example_subdag_operator' retrieved from /home/airflow/.local/lib/python3.12/site-packages/airflow/example_dags/example_subdag_operator.py
[2026-09-22T16:22:02.860+0000] {logging_mixin.py:188} INFO - [2026-09-22T16:22:02.860+0000] {dag.py:3089} INFO - Sync 3 DAGs
[2026-09-22T16:22:02.896+0000] {logging_mixin.py:188} INFO - [2026-09-22T16:22:02.895+0000] {dag.py:3947} INFO - Setting next_dagrun for example_subdag_operator to 2022-01-01 00:00:00+00:00, run_after=2022-01-01 00:00:00+00:00
[2026-09-22T16:22:02.901+0000] {logging_mixin.py:188} INFO - [2026-09-22T16:22:02.901+0000] {dag.py:3947} INFO - Setting next_dagrun for example_subdag_operator.section-1 to None, run_after=None
[2026-09-22T16:22:02.903+0000] {logging_mixin.py:188} INFO - [2026-09-22T16:22:02.903+0000] {dag.py:3947} INFO - Setting next_dagrun for example_subdag_operator.section-2 to None, run_after=None
[2026-09-22T16:22:02.913+0000] {logging_mixin.py:188} INFO - [2026-09-22T16:22:02.913+0000] {dag.py:3089} INFO - Sync 2 DAGs
[2026-09-22T16:22:02.920+0000] {logging_mixin.py:188} INFO - [2026-09-22T16:22:02.920+0000] {dag.py:3947} INFO - Setting next_dagrun for example_subdag_operator.section-1 to None, run_after=None
[2026-09-22T16:22:02.921+0000] {logging_mixin.py:188} INFO - [2026-09-22T16:22:02.921+0000] {dag.py:3947} INFO - Setting next_dagrun for example_subdag_operator.section-2 to None, run_after=None
[2026-09-22T16:22:02.938+0000] {processor.py:183} INFO - Processing /home/airflow/.local/lib/python3.12/site-packages/airflow/example_dags/example_subdag_operator.py took 0.182 seconds
[2026-09-22T16:22:33.592+0000] {processor.py:161} INFO - Started process (PID=429) to work on /home/airflow/.local/lib/python3.12/site-packages/airflow/example_dags/example_subdag_operator.py
[2026-09-22T16:22:33.595+0000] {processor.py:830} INFO - Processing file /home/airflow/.local/lib/python3.12/site-packages/airflow/example_dags/example_subdag_operator.py for tasks to queue
[2026-09-22T16:22:33.598+0000] {logging_mixin.py:188} INFO - [2026-09-22T16:22:33.597+0000] {dagbag.py:545} INFO - Filling up the DagBag from /home/airflow/.local/lib/python3.12/site-packages/airflow/example_dags/example_subdag_operator.py
[2026-09-22T16:22:33.637+0000] {processor.py:840} INFO - DAG(s) 'example_subdag_operator.section-1', 'example_subdag_operator.section-2', 'example_subdag_operator' retrieved from /home/airflow/.local/lib/python3.12/site-packages/airflow/example_dags/example_subdag_operator.py
[2026-09-22T16:22:33.658+0000] {logging_mixin.py:188} INFO - [2026-09-22T16:22:33.658+0000] {dag.py:3089} INFO - Sync 3 DAGs
[2026-09-22T16:22:33.694+0000] {logging_mixin.py:188} INFO - [2026-09-22T16:22:33.694+0000] {dag.py:3947} INFO - Setting next_dagrun for example_subdag_operator to 2022-01-01 00:00:00+00:00, run_after=2022-01-01 00:00:00+00:00
[2026-09-22T16:22:33.701+0000] {logging_mixin.py:188} INFO - [2026-09-22T16:22:33.701+0000] {dag.py:3947} INFO - Setting next_dagrun for example_subdag_operator.section-1 to None, run_after=None
[2026-09-22T16:22:33.705+0000] {logging_mixin.py:188} INFO - [2026-09-22T16:22:33.704+0000] {dag.py:3947} INFO - Setting next_dagrun for example_subdag_operator.section-2 to None, run_after=None
[2026-09-22T16:22:33.714+0000] {logging_mixin.py:188} INFO - [2026-09-22T16:22:33.714+0000] {dag.py:3089} INFO - Sync 2 DAGs
[2026-09-22T16:22:33.722+0000] {logging_mixin.py:188} INFO - [2026-09-22T16:22:33.722+0000] {dag.py:3947} INFO - Setting next_dagrun for example_subdag_operator.section-1 to None, run_after=None
[2026-09-22T16:22:33.723+0000] {logging_mixin.py:188} INFO - [2026-09-22T16:22:33.723+0000] {dag.py:3947} INFO - Setting next_dagrun for example_subdag_operator.section-2 to None, run_after=None
[2026-09-22T16:22:33.788+0000] {processor.py:183} INFO - Processing /home/airflow/.local/lib/python3.12/site-packages/airflow/example_dags/example_subdag_operator.py took 0.205 seconds
[2026-09-22T16:23:04.693+0000] {processor.py:161} INFO - Started process (PID=487) to work on /home/airflow/.local/lib/python3.12/site-packages/airflow/example_dags/example_subdag_operator.py
[2026-09-22T16:23:04.696+0000] {processor.py:830} INFO - Processing file /home/airflow/.local/lib/python3.12/site-packages/airflow/example_dags/example_subdag_operator.py for tasks to queue
[2026-09-22T16:23:04.701+0000] {logging_mixin.py:188} INFO - [2026-09-22T16:23:04.700+0000] {dagbag.py:545} INFO - Filling up the DagBag from /home/airflow/.local/lib/python3.12/site-packages/airflow/example_dags/example_subdag_operator.py
[2026-09-22T16:23:04.743+0000] {processor.py:840} INFO - DAG(s) 'example_subdag_operator.section-1', 'example_subdag_operator.section-2', 'example_subdag_operator' retrieved from /home/airflow/.local/lib/python3.12/site-packages/airflow/example_dags/example_subdag_operator.py
[2026-09-22T16:23:04.763+0000] {logging_mixin.py:188} INFO - [2026-09-22T16:23:04.762+0000] {dag.py:3089} INFO - Sync 3 DAGs
[2026-09-22T16:23:04.796+0000] {logging_mixin.py:188} INFO - [2026-09-22T16:23:04.796+0000] {dag.py:3947} INFO - Setting next_dagrun for example_subdag_operator to 2022-01-01 00:00:00+00:00, run_after=2022-01-01 00:00:00+00:00
[2026-09-22T16:23:04.804+0000] {logging_mixin.py:188} INFO - [2026-09-22T16:23:04.804+0000] {dag.py:3947} INFO - Setting next_dagrun for example_subdag_operator.section-1 to None, run_after=None
[2026-09-22T16:23:04.807+0000] {logging_mixin.py:188} INFO - [2026-09-22T16:23:04.807+0000] {dag.py:3947} INFO - Setting next_dagrun for example_subdag_operator.section-2 to None, run_after=None
[2026-09-22T16:23:04.821+0000] {logging_mixin.py:188} INFO - [2026-09-22T16:23:04.821+0000] {dag.py:3089} INFO - Sync 2 DAGs
[2026-09-22T16:23:04.830+0000] {logging_mixin.py:188} INFO - [2026-09-22T16:23:04.830+0000] {dag.py:3947} INFO - Setting next_dagrun for example_subdag_operator.section-1 to None, run_after=None
[2026-09-22T16:23:04.831+0000] {logging_mixin.py:188} INFO - [2026-09-22T16:23:04.831+0000] {dag.py:3947} INFO - Setting next_dagrun for example_subdag_operator.section-2 to None, run_after=None
[2026-09-22T16:23:04.882+0000] {processor.py:183} INFO - Processing /home/airflow/.local/lib/python3.12/site-packages/airflow/example_dags/example_subdag_operator.py took 0.208 seconds
[2026-09-22T16:23:35.103+0000] {processor.py:161} INFO - Started process (PID=545) to work on /home/airflow/.local/lib/python3.12/site-packages/airflow/example_dags/example_subdag_operator.py
[2026-09-22T16:23:35.105+0000] {processor.py:830} INFO - Processing file /home/airflow/.local/lib/python3.12/site-packages/airflow/example_dags/example_subdag_operator.py for tasks to queue
[2026-09-22T16:23:35.109+0000] {logging_mixin.py:188} INFO - [2026-09-22T16:23:35.109+0000] {dagbag.py:545} INFO - Filling up the DagBag from /home/airflow/.local/lib/python3.12/site-packages/airflow/example_dags/example_subdag_operator.py
[2026-09-22T16:23:35.151+0000] {processor.py:840} INFO - DAG(s) 'example_subdag_operator.section-1', 'example_subdag_operator.section-2', 'example_subdag_operator' retrieved from /home/airflow/.local/lib/python3.12/site-packages/airflow/example_dags/example_subdag_operator.py
[2026-09-22T16:23:35.173+0000] {logging_mixin.py:188} INFO - [2026-09-22T16:23:35.173+0000] {dag.py:3089} INFO - Sync 3 DAGs
[2026-09-22T16:23:35.209+0000] {logging_mixin.py:188} INFO - [2026-09-22T16:23:35.209+0000] {dag.py:3947} INFO - Setting next_dagrun for example_subdag_operator to 2022-01-01 00:00:00+00:00, run_after=2022-01-01 00:00:00+00:00
[2026-09-22T16:23:35.216+0000] {logging_mixin.py:188} INFO - [2026-09-22T16:23:35.216+0000] {dag.py:3947} INFO - Setting next_dagrun for example_subdag_operator.section-1 to None, run_after=None
[2026-09-22T16:23:35.218+0000] {logging_mixin.py:188} INFO - [2026-09-22T16:23:35.218+0000] {dag.py:3947} INFO - Setting next_dagrun for example_subdag_operator.section-2 to None, run_after=None
[2026-09-22T16:23:35.226+0000] {logging_mixin.py:188} INFO - [2026-09-22T16:23:35.226+0000] {dag.py:3089} INFO - Sync 2 DAGs
[2026-09-22T16:23:35.232+0000] {logging_mixin.py:188} INFO - [2026-09-22T16:23:35.231+0000] {dag.py:3947} INFO - Setting next_dagrun for example_subdag_operator.section-1 to None, run_after=None
[2026-09-22T16:23:35.232+0000] {logging_mixin.py:188} INFO - [2026-09-22T16:23:35.232+0000] {dag.py:3947} INFO - Setting next_dagrun for example_subdag_operator.section-2 to None, run_after=None
[2026-09-22T16:23:35.298+0000] {processor.py:183} INFO - Processing /home/airflow/.local/lib/python3.12/site-packages/airflow/example_dags/example_subdag_operator.py took 0.204 seconds
[2026-09-22T16:24:05.428+0000] {processor.py:161} INFO - Started process (PID=603) to work on /home/airflow/.local/lib/python3.12/site-packages/airflow/example_dags/example_subdag_operator.py
[2026-09-22T16:24:05.429+0000] {processor.py:830} INFO - Processing file /home/airflow/.local/lib/python3.12/site-packages/airflow/example_dags/example_subdag_operator.py for tasks to queue
[2026-09-22T16:24:05.433+0000] {logging_mixin.py:188} INFO - [2026-09-22T16:24:05.432+0000] {dagbag.py:545} INFO - Filling up the DagBag from /home/airflow/.local/lib/python3.12/site-packages/airflow/example_dags/example_subdag_operator.py
[2026-09-22T16:24:05.474+0000] {processor.py:840} INFO - DAG(s) 'example_subdag_operator.section-1', 'example_subdag_operator.section-2', 'example_subdag_operator' retrieved from /home/airflow/.local/lib/python3.12/site-packages/airflow/example_dags/example_subdag_operator.py
[2026-09-22T16:24:05.505+0000] {logging_mixin.py:188} INFO - [2026-09-22T16:24:05.504+0000] {dag.py:3089} INFO - Sync 3 DAGs
[2026-09-22T16:24:05.545+0000] {logging_mixin.py:188} INFO - [2026-09-22T16:24:05.545+0000] {dag.py:3947} INFO - Setting next_dagrun for example_subdag_operator to 2022-01-01 00:00:00+00:00, run_after=2022-01-01 00:00:00+00:00
[2026-09-22T16:24:05.550+0000] {logging_mixin.py:188} INFO - [2026-09-22T16:24:05.550+0000] {dag.py:3947} INFO - Setting next_dagrun for example_subdag_operator.section-1 to None, run_after=None
[2026-09-22T16:24:05.552+0000] {logging_mixin.py:188} INFO - [2026-09-22T16:24:05.552+0000] {dag.py:3947} INFO - Setting next_dagrun for example_subdag_operator.section-2 to None, run_after=None
[2026-09-22T16:24:05.560+0000] {logging_mixin.py:188} INFO - [2026-09-22T16:24:05.559+0000] {dag.py:3089} INFO - Sync 2 DAGs
[2026-09-22T16:24:05.564+0000] {logging_mixin.py:188} INFO - [2026-09-22T16:24:05.564+0000] {dag.py:3947} INFO - Setting next_dagrun for example_subdag_operator.section-1 to None, run_after=None
[2026-09-22T16:24:05.565+0000] {logging_mixin.py:188} INFO - [2026-09-22T16:24:05.565+0000] {dag.py:3947} INFO - Setting next_dagrun for example_subdag_operator.section-2 to None, run_after=None
[2026-09-22T16:24:05.622+0000] {processor.py:183} INFO - Processing /home/airflow/.local/lib/python3.12/site-packages/airflow/example_dags/example_subdag_operator.py took 0.204 seconds
[2026-09-22T16:24:35.743+0000] {processor.py:161} INFO - Started process (PID=661) to work on /home/airflow/.local/lib/python3.12/site-packages/airflow/example_dags/example_subdag_operator.py
[2026-09-22T16:24:35.745+0000] {processor.py:830} INFO - Processing file /home/airflow/.local/lib/python3.12/site-packages/airflow/example_dags/example_subdag_operator.py for tasks to queue
[2026-09-22T16:24:35.748+0000] {logging_mixin.py:188} INFO - [2026-09-22T16:24:35.747+0000] {dagbag.py:545} INFO - Filling up the DagBag from /home/airflow/.local/lib/python3.12/site-packages/airflow/example_dags/example_subdag_operator.py
[2026-09-22T16:24:35.778+0000] {processor.py:840} INFO - DAG(s) 'example_subdag_operator.section-1', 'example_subdag_operator.section-2', 'example_subdag_operator' retrieved from /home/airflow/.local/lib/python3.12/site-packages/airflow/example_dags/example_subdag_operator.py
[2026-09-22T16:24:35.802+0000] {logging_mixin.py:188} INFO - [2026-09-22T16:24:35.801+0000] {dag.py:3089} INFO - Sync 3 DAGs
[2026-09-22T16:24:35.831+0000] {logging_mixin.py:188} INFO - [2026-09-22T16:24:35.831+0000] {dag.py:3947} INFO - Setting next_dagrun for example_subdag_operator to 2022-01-01 00:00:00+00:00, run_after=2022-01-01 00:00:00+00:00
[2026-09-22T16:24:35.837+0000] {logging_mixin.py:188} INFO - [2026-09-22T16:24:35.836+0000] {dag.py:3947} INFO - Setting next_dagrun for example_subdag_operator.section-1 to None, run_after=None
[2026-09-22T16:24:35.838+0000] {logging_mixin.py:188} INFO - [2026-09-22T16:24:35.838+0000] {dag.py:3947} INFO - Setting next_dagrun for example_subdag_operator.section-2 to None, run_after=None
[2026-09-22T16:24:35.846+0000] {logging_mixin.py:188} INFO - [2026-09-22T16:24:35.846+0000] {dag.py:3089} INFO - Sync 2 DAGs
[2026-09-22T16:24:35.851+0000] {logging_mixin.py:188} INFO - [2026-09-22T16:24:35.851+0000] {dag.py:3947} INFO - Setting next_dagrun for example_subdag_operator.section-1 to None, run_after=None
[2026-09-22T16:24:35.852+0000] {logging_mixin.py:188} INFO - [2026-09-22T16:24:35.852+0000] {dag.py:3947} INFO - Setting next_dagrun for example_subdag_operator.section-2 to None, run_after=None
[2026-09-22T16:24:35.912+0000] {processor.py:183} INFO - Processing /home/airflow/.local/lib/python3.12/site-packages/airflow/example_dags/example_subdag_operator.py took 0.176 seconds
[2026-09-22T16:25:06.315+0000] {processor.py:161} INFO - Started process (PID=719) to work on /home/airflow/.local/lib/python3.12/site-packages/airflow/example_dags/example_subdag_operator.py
[2026-09-22T16:25:06.317+0000] {processor.py:830} INFO - Processing file /home/airflow/.local/lib/python3.12/site-packages/airflow/example_dags/example_subdag_operator.py for tasks to queue
[2026-09-22T16:25:06.320+0000] {logging_mixin.py:188} INFO - [2026-09-22T16:25:06.319+0000] {dagbag.py:545} INFO - Filling up the DagBag from /home/airflow/.local/lib/python3.12/site-packages/airflow/example_dags/example_subdag_operator.py
[2026-09-22T16:25:06.354+0000] {processor.py:840} INFO - DAG(s) 'example_subdag_operator.section-1', 'example_subdag_operator.section-2', 'example_subdag_operator' retrieved from /home/airflow/.local/lib/python3.12/site-packages/airflow/example_dags/example_subdag_operator.py
[2026-09-22T16:25:06.379+0000] {logging_mixin.py:188} INFO - [2026-09-22T16:25:06.379+0000] {dag.py:3089} INFO - Sync 3 DAGs
[2026-09-22T16:25:06.416+0000] {logging_mixin.py:188} INFO - [2026-09-22T16:25:06.415+0000] {dag.py:3947} INFO - Setting next_dagrun for example_subdag_operator to 2022-01-01 00:00:00+00:00, run_after=2022-01-01 00:00:00+00:00
[2026-09-22T16:25:06.423+0000] {logging_mixin.py:188} INFO - [2026-09-22T16:25:06.423+0000] {dag.py:3947} INFO - Setting next_dagrun for example_subdag_operator.section-1 to None, run_after=None
[2026-09-22T16:25:06.427+0000] {logging_mixin.py:188} INFO - [2026-09-22T16:25:06.426+0000] {dag.py:3947} INFO - Setting next_dagrun for example_subdag_operator.section-2 to None, run_after=None
[2026-09-22T16:25:06.439+0000] {logging_mixin.py:188} INFO - [2026-09-22T16:25:06.438+0000] {dag.py:3089} INFO - Sync 2 DAGs
[2026-09-22T16:25:06.447+0000] {logging_mixin.py:188} INFO - [2026-09-22T16:25:06.446+0000] {dag.py:3947} INFO - Setting next_dagrun for example_subdag_operator.section-1 to None, run_after=None
[2026-09-22T16:25:06.448+0000] {logging_mixin.py:188} INFO - [2026-09-22T16:25:06.447+0000] {dag.py:3947} INFO - Setting next_dagrun for example_subdag_operator.section-2 to None, run_after=None
[2026-09-22T16:25:06.470+0000] {processor.py:183} INFO - Processing /home/airflow/.local/lib/python3.12/site-packages/airflow/example_dags/example_subdag_operator.py took 0.169 seconds
[2026-09-22T16:25:36.694+0000] {processor.py:161} INFO - Started process (PID=777) to work on /home/airflow/.local/lib/python3.12/site-packages/airflow/example_dags/example_subdag_operator.py
[2026-09-22T16:25:36.696+0000] {processor.py:830} INFO - Processing file /home/airflow/.local/lib/python3.12/site-packages/airflow/example_dags/example_subdag_operator.py for tasks to queue
[2026-09-22T16:25:36.700+0000] {logging_mixin.py:188} INFO - [2026-09-22T16:25:36.700+0000] {dagbag.py:545} INFO - Filling up the DagBag from /home/airflow/.local/lib/python3.12/site-packages/airflow/example_dags/example_subdag_operator.py
[2026-09-22T16:25:36.738+0000] {processor.py:840} INFO - DAG(s) 'example_subdag_operator.section-1', 'example_subdag_operator.section-2', 'example_subdag_operator' retrieved from /home/airflow/.local/lib/python3.12/site-packages/airflow/example_dags/example_subdag_operator.py
[2026-09-22T16:25:36.764+0000] {logging_mixin.py:188} INFO - [2026-09-22T16:25:36.764+0000] {dag.py:3089} INFO - Sync 3 DAGs
[2026-09-22T16:25:36.805+0000] {logging_mixin.py:188} INFO - [2026-09-22T16:25:36.805+0000] {dag.py:3947} INFO - Setting next_dagrun for example_subdag_operator to 2022-01-01 00:00:00+00:00, run_after=2022-01-01 00:00:00+00:00
[2026-09-22T16:25:36.815+0000] {logging_mixin.py:188} INFO - [2026-09-22T16:25:36.815+0000] {dag.py:3947} INFO - Setting next_dagrun for example_subdag_operator.section-1 to None, run_after=None
[2026-09-22T16:25:36.820+0000] {logging_mixin.py:188} INFO - [2026-09-22T16:25:36.820+0000] {dag.py:3947} INFO - Setting next_dagrun for example_subdag_operator.section-2 to None, run_after=None
[2026-09-22T16:25:36.834+0000] {logging_mixin.py:188} INFO - [2026-09-22T16:25:36.833+0000] {dag.py:3089} INFO - Sync 2 DAGs
[2026-09-22T16:25:36.846+0000] {logging_mixin.py:188} INFO - [2026-09-22T16:25:36.846+0000] {dag.py:3947} INFO - Setting next_dagrun for example_subdag_operator.section-1 to None, run_after=None
[2026-09-22T16:25:36.847+0000] {logging_mixin.py:188} INFO - [2026-09-22T16:25:36.847+0000] {dag.py:3947} INFO - Setting next_dagrun for example_subdag_operator.section-2 to None, run_after=None
[2026-09-22T16:25:36.869+0000] {processor.py:183} INFO - Processing /home/airflow/.local/lib/python3.12/site-packages/airflow/example_dags/example_subdag_operator.py took 0.192 seconds
[2026-09-22T16:26:07.175+0000] {processor.py:161} INFO - Started process (PID=835) to work on /home/airflow/.local/lib/python3.12/site-packages/airflow/example_dags/example_subdag_operator.py
[2026-09-22T16:26:07.183+0000] {processor.py:830} INFO - Processing file /home/airflow/.local/lib/python3.12/site-packages/airflow/example_dags/example_subdag_operator.py for tasks to queue
[2026-09-22T16:26:07.187+0000] {logging_mixin.py:188} INFO - [2026-09-22T16:26:07.186+0000] {dagbag.py:545} INFO - Filling up the DagBag from /home/airflow/.local/lib/python3.12/site-packages/airflow/example_dags/example_subdag_operator.py
[2026-09-22T16:26:07.236+0000] {processor.py:840} INFO - DAG(s) 'example_subdag_operator.section-1', 'example_subdag_operator.section-2', 'example_subdag_operator' retrieved from /home/airflow/.local/lib/python3.12/site-packages/airflow/example_dags/example_subdag_operator.py
[2026-09-22T16:26:07.270+0000] {logging_mixin.py:188} INFO - [2026-09-22T16:26:07.269+0000] {dag.py:3089} INFO - Sync 3 DAGs
[2026-09-22T16:26:07.298+0000] {logging_mixin.py:188} INFO - [2026-09-22T16:26:07.297+0000] {dag.py:3947} INFO - Setting next_dagrun for example_subdag_operator to 2022-01-01 00:00:00+00:00, run_after=2022-01-01 00:00:00+00:00
[2026-09-22T16:26:07.305+0000] {logging_mixin.py:188} INFO - [2026-09-22T16:26:07.305+0000] {dag.py:3947} INFO - Setting next_dagrun for example_subdag_operator.section-1 to None, run_after=None
[2026-09-22T16:26:07.307+0000] {logging_mixin.py:188} INFO - [2026-09-22T16:26:07.307+0000] {dag.py:3947} INFO - Setting next_dagrun for example_subdag_operator.section-2 to None, run_after=None
[2026-09-22T16:26:07.315+0000] {logging_mixin.py:188} INFO - [2026-09-22T16:26:07.315+0000] {dag.py:3089} INFO - Sync 2 DAGs
[2026-09-22T16:26:07.322+0000] {logging_mixin.py:188} INFO - [2026-09-22T16:26:07.321+0000] {dag.py:3947} INFO - Setting next_dagrun for example_subdag_operator.section-1 to None, run_after=None
[2026-09-22T16:26:07.323+0000] {logging_mixin.py:188} INFO - [2026-09-22T16:26:07.322+0000] {dag.py:3947} INFO - Setting next_dagrun for example_subdag_operator.section-2 to None, run_after=None
[2026-09-22T16:26:07.381+0000] {processor.py:183} INFO - Processing /home/airflow/.local/lib/python3.12/site-packages/airflow/example_dags/example_subdag_operator.py took 0.218 seconds
[2026-09-22T16:26:37.585+0000] {processor.py:161} INFO - Started process (PID=893) to work on /home/airflow/.local/lib/python3.12/site-packages/airflow/example_dags/example_subdag_operator.py
[2026-09-22T16:26:37.587+0000] {processor.py:830} INFO - Processing file /home/airflow/.local/lib/python3.12/site-packages/airflow/example_dags/example_subdag_operator.py for tasks to queue
[2026-09-22T16:26:37.591+0000] {logging_mixin.py:188} INFO - [2026-09-22T16:26:37.591+0000] {dagbag.py:545} INFO - Filling up the DagBag from /home/airflow/.local/lib/python3.12/site-packages/airflow/example_dags/example_subdag_operator.py
[2026-09-22T16:26:37.634+0000] {processor.py:840} INFO - DAG(s) 'example_subdag_operator.section-1', 'example_subdag_operator.section-2', 'example_subdag_operator' retrieved from /home/airflow/.local/lib/python3.12/site-packages/airflow/example_dags/example_subdag_operator.py
[2026-09-22T16:26:37.661+0000] {logging_mixin.py:188} INFO - [2026-09-22T16:26:37.660+0000] {dag.py:3089} INFO - Sync 3 DAGs
[2026-09-22T16:26:37.700+0000] {logging_mixin.py:188} INFO - [2026-09-22T16:26:37.699+0000] {dag.py:3947} INFO - Setting next_dagrun for example_subdag_operator to 2022-01-01 00:00:00+00:00, run_after=2022-01-01 00:00:00+00:00
[2026-09-22T16:26:37.706+0000] {logging_mixin.py:188} INFO - [2026-09-22T16:26:37.706+0000] {dag.py:3947} INFO - Setting next_dagrun for example_subdag_operator.section-1 to None, run_after=None
[2026-09-22T16:26:37.708+0000] {logging_mixin.py:188} INFO - [2026-09-22T16:26:37.708+0000] {dag.py:3947} INFO - Setting next_dagrun for example_subdag_operator.section-2 to None, run_after=None
[2026-09-22T16:26:37.716+0000] {logging_mixin.py:188} INFO - [2026-09-22T16:26:37.716+0000] {dag.py:3089} INFO - Sync 2 DAGs
[2026-09-22T16:26:37.723+0000] {logging_mixin.py:188} INFO - [2026-09-22T16:26:37.723+0000] {dag.py:3947} INFO - Setting next_dagrun for example_subdag_operator.section-1 to None, run_after=None
[2026-09-22T16:26:37.724+0000] {logging_mixin.py:188} INFO - [2026-09-22T16:26:37.724+0000] {dag.py:3947} INFO - Setting next_dagrun for example_subdag_operator.section-2 to None, run_after=None
[2026-09-22T16:26:37.779+0000] {processor.py:183} INFO - Processing /home/airflow/.local/lib/python3.12/site-packages/airflow/example_dags/example_subdag_operator.py took 0.205 seconds
[2026-09-22T16:27:08.104+0000] {processor.py:161} INFO - Started process (PID=951) to work on /home/airflow/.local/lib/python3.12/site-packages/airflow/example_dags/example_subdag_operator.py
[2026-09-22T16:27:08.106+0000] {processor.py:830} INFO - Processing file /home/airflow/.local/lib/python3.12/site-packages/airflow/example_dags/example_subdag_operator.py for tasks to queue
[2026-09-22T16:27:08.110+0000] {logging_mixin.py:188} INFO - [2026-09-22T16:27:08.109+0000] {dagbag.py:545} INFO - Filling up the DagBag from /home/airflow/.local/lib/python3.12/site-packages/airflow/example_dags/example_subdag_operator.py
[2026-09-22T16:27:08.149+0000] {processor.py:840} INFO - DAG(s) 'example_subdag_operator.section-1', 'example_subdag_operator.section-2', 'example_subdag_operator' retrieved from /home/airflow/.local/lib/python3.12/site-packages/airflow/example_dags/example_subdag_operator.py
[2026-09-22T16:27:08.174+0000] {logging_mixin.py:188} INFO - [2026-09-22T16:27:08.174+0000] {dag.py:3089} INFO - Sync 3 DAGs
[2026-09-22T16:27:08.208+0000] {logging_mixin.py:188} INFO - [2026-09-22T16:27:08.208+0000] {dag.py:3947} INFO - Setting next_dagrun for example_subdag_operator to 2022-01-01 00:00:00+00:00, run_after=2022-01-01 00:00:00+00:00
[2026-09-22T16:27:08.214+0000] {logging_mixin.py:188} INFO - [2026-09-22T16:27:08.214+0000] {dag.py:3947} INFO - Setting next_dagrun for example_subdag_operator.section-1 to None, run_after=None
[2026-09-22T16:27:08.215+0000] {logging_mixin.py:188} INFO - [2026-09-22T16:27:08.215+0000] {dag.py:3947} INFO - Setting next_dagrun for example_subdag_operator.section-2 to None, run_after=None
[2026-09-22T16:27:08.225+0000] {logging_mixin.py:188} INFO - [2026-09-22T16:27:08.225+0000] {dag.py:3089} INFO - Sync 2 DAGs
[2026-09-22T16:27:08.231+0000] {logging_mixin.py:188} INFO - [2026-09-22T16:27:08.231+0000] {dag.py:3947} INFO - Setting next_dagrun for example_subdag_operator.section-1 to None, run_after=None
[2026-09-22T16:27:08.232+0000] {logging_mixin.py:188} INFO - [2026-09-22T16:27:08.232+0000] {dag.py:3947} INFO - Setting next_dagrun for example_subdag_operator.section-2 to None, run_after=None
[2026-09-22T16:27:08.292+0000] {processor.py:183} INFO - Processing /home/airflow/.local/lib/python3.12/site-packages/airflow/example_dags/example_subdag_operator.py took 0.199 seconds
[2026-09-22T16:27:39.078+0000] {processor.py:161} INFO - Started process (PID=1009) to work on /home/airflow/.local/lib/python3.12/site-packages/airflow/example_dags/example_subdag_operator.py
[2026-09-22T16:27:39.080+0000] {processor.py:830} INFO - Processing file /home/airflow/.local/lib/python3.12/site-packages/airflow/example_dags/example_subdag_operator.py for tasks to queue
[2026-09-22T16:27:39.084+0000] {logging_mixin.py:188} INFO - [2026-09-22T16:27:39.083+0000] {dagbag.py:545} INFO - Filling up the DagBag from /home/airflow/.local/lib/python3.12/site-packages/airflow/example_dags/example_subdag_operator.py
[2026-09-22T16:27:39.120+0000] {processor.py:840} INFO - DAG(s) 'example_subdag_operator.section-1', 'example_subdag_operator.section-2', 'example_subdag_operator' retrieved from /home/airflow/.local/lib/python3.12/site-packages/airflow/example_dags/example_subdag_operator.py
[2026-09-22T16:27:39.140+0000] {logging_mixin.py:188} INFO - [2026-09-22T16:27:39.139+0000] {dag.py:3089} INFO - Sync 3 DAGs
[2026-09-22T16:27:39.168+0000] {logging_mixin.py:188} INFO - [2026-09-22T16:27:39.167+0000] {dag.py:3947} INFO - Setting next_dagrun for example_subdag_operator to 2022-01-01 00:00:00+00:00, run_after=2022-01-01 00:00:00+00:00
[2026-09-22T16:27:39.172+0000] {logging_mixin.py:188} INFO - [2026-09-22T16:27:39.172+0000] {dag.py:3947} INFO - Setting next_dagrun for example_subdag_operator.section-1 to None, run_after=None
[2026-09-22T16:27:39.174+0000] {logging_mixin.py:188} INFO - [2026-09-22T16:27:39.174+0000] {dag.py:3947} INFO - Setting next_dagrun for example_subdag_operator.section-2 to None, run_after=None
[2026-09-22T16:27:39.181+0000] {logging_mixin.py:188} INFO - [2026-09-22T16:27:39.181+0000] {dag.py:3089} INFO - Sync 2 DAGs
[2026-09-22T16:27:39.187+0000] {logging_mixin.py:188} INFO - [2026-09-22T16:27:39.186+0000] {dag.py:3947} INFO - Setting next_dagrun for example_subdag_operator.section-1 to None, run_after=None
[2026-09-22T16:27:39.187+0000] {logging_mixin.py:188} INFO - [2026-09-22T16:27:39.187+0000] {dag.py:3947} INFO - Setting next_dagrun for example_subdag_operator.section-2 to None, run_after=None
[2026-09-22T16:27:39.244+0000] {processor.py:183} INFO - Processing /home/airflow/.local/lib/python3.12/site-packages/airflow/example_dags/example_subdag_operator.py took 0.177 seconds
[2026-09-22T16:28:09.689+0000] {processor.py:161} INFO - Started process (PID=1067) to work on /home/airflow/.local/lib/python3.12/site-packages/airflow/example_dags/example_subdag_operator.py
[2026-09-22T16:28:09.695+0000] {processor.py:830} INFO - Processing file /home/airflow/.local/lib/python3.12/site-packages/airflow/example_dags/example_subdag_operator.py for tasks to queue
[2026-09-22T16:28:09.698+0000] {logging_mixin.py:188} INFO - [2026-09-22T16:28:09.698+0000] {dagbag.py:545} INFO - Filling up the DagBag from /home/airflow/.local/lib/python3.12/site-packages/airflow/example_dags/example_subdag_operator.py
[2026-09-22T16:28:09.728+0000] {processor.py:840} INFO - DAG(s) 'example_subdag_operator.section-1', 'example_subdag_operator.section-2', 'example_subdag_operator' retrieved from /home/airflow/.local/lib/python3.12/site-packages/airflow/example_dags/example_subdag_operator.py
[2026-09-22T16:28:09.759+0000] {logging_mixin.py:188} INFO - [2026-09-22T16:28:09.758+0000] {dag.py:3089} INFO - Sync 3 DAGs
[2026-09-22T16:28:09.792+0000] {logging_mixin.py:188} INFO - [2026-09-22T16:28:09.792+0000] {dag.py:3947} INFO - Setting next_dagrun for example_subdag_operator to 2022-01-01 00:00:00+00:00, run_after=2022-01-01 00:00:00+00:00
[2026-09-22T16:28:09.798+0000] {logging_mixin.py:188} INFO - [2026-09-22T16:28:09.798+0000] {dag.py:3947} INFO - Setting next_dagrun for example_subdag_operator.section-1 to None, run_after=None
[2026-09-22T16:28:09.801+0000] {logging_mixin.py:188} INFO - [2026-09-22T16:28:09.801+0000] {dag.py:3947} INFO - Setting next_dagrun for example_subdag_operator.section-2 to None, run_after=None
[2026-09-22T16:28:09.811+0000] {logging_mixin.py:188} INFO - [2026-09-22T16:28:09.810+0000] {dag.py:3089} INFO - Sync 2 DAGs
[2026-09-22T16:28:09.817+0000] {logging_mixin.py:188} INFO - [2026-09-22T16:28:09.817+0000] {dag.py:3947} INFO - Setting next_dagrun for example_subdag_operator.section-1 to None, run_after=None
[2026-09-22T16:28:09.818+0000] {logging_mixin.py:188} INFO - [2026-09-22T16:28:09.818+0000] {dag.py:3947} INFO - Setting next_dagrun for example_subdag_operator.section-2 to None, run_after=None
[2026-09-22T16:28:09.868+0000] {processor.py:183} INFO - Processing /home/airflow/.local/lib/python3.12/site-packages/airflow/example_dags/example_subdag_operator.py took 0.188 seconds
[2026-09-22T16:28:40.120+0000] {processor.py:161} INFO - Started process (PID=1126) to work on /home/airflow/.local/lib/python3.12/site-packages/airflow/example_dags/example_subdag_operator.py
[2026-09-22T16:28:40.123+0000] {processor.py:830} INFO - Processing file /home/airflow/.local/lib/python3.12/site-packages/airflow/example_dags/example_subdag_operator.py for tasks to queue
[2026-09-22T16:28:40.127+0000] {logging_mixin.py:188} INFO - [2026-09-22T16:28:40.127+0000] {dagbag.py:545} INFO - Filling up the DagBag from /home/airflow/.local/lib/python3.12/site-packages/airflow/example_dags/example_subdag_operator.py
[2026-09-22T16:28:40.168+0000] {processor.py:840} INFO - DAG(s) 'example_subdag_operator.section-1', 'example_subdag_operator.section-2', 'example_subdag_operator' retrieved from /home/airflow/.local/lib/python3.12/site-packages/airflow/example_dags/example_subdag_operator.py
[2026-09-22T16:28:40.194+0000] {logging_mixin.py:188} INFO - [2026-09-22T16:28:40.194+0000] {dag.py:3089} INFO - Sync 3 DAGs
[2026-09-22T16:28:40.235+0000] {logging_mixin.py:188} INFO - [2026-09-22T16:28:40.234+0000] {dag.py:3947} INFO - Setting next_dagrun for example_subdag_operator to 2022-01-01 00:00:00+00:00, run_after=2022-01-01 00:00:00+00:00
[2026-09-22T16:28:40.244+0000] {logging_mixin.py:188} INFO - [2026-09-22T16:28:40.243+0000] {dag.py:3947} INFO - Setting next_dagrun for example_subdag_operator.section-1 to None, run_after=None
[2026-09-22T16:28:40.247+0000] {logging_mixin.py:188} INFO - [2026-09-22T16:28:40.247+0000] {dag.py:3947} INFO - Setting next_dagrun for example_subdag_operator.section-2 to None, run_after=None
[2026-09-22T16:28:40.258+0000] {logging_mixin.py:188} INFO - [2026-09-22T16:28:40.258+0000] {dag.py:3089} INFO - Sync 2 DAGs
[2026-09-22T16:28:40.267+0000] {logging_mixin.py:188} INFO - [2026-09-22T16:28:40.267+0000] {dag.py:3947} INFO - Setting next_dagrun for example_subdag_operator.section-1 to None, run_after=None
[2026-09-22T16:28:40.268+0000] {logging_mixin.py:188} INFO - [2026-09-22T16:28:40.268+0000] {dag.py:3947} INFO - Setting next_dagrun for example_subdag_operator.section-2 to None, run_after=None
[2026-09-22T16:28:40.287+0000] {processor.py:183} INFO - Processing /home/airflow/.local/lib/python3.12/site-packages/airflow/example_dags/example_subdag_operator.py took 0.180 seconds
[2026-09-22T16:29:10.522+0000] {processor.py:161} INFO - Started process (PID=1183) to work on /home/airflow/.local/lib/python3.12/site-packages/airflow/example_dags/example_subdag_operator.py
[2026-09-22T16:29:10.524+0000] {processor.py:830} INFO - Processing file /home/airflow/.local/lib/python3.12/site-packages/airflow/example_dags/example_subdag_operator.py for tasks to queue
[2026-09-22T16:29:10.528+0000] {logging_mixin.py:188} INFO - [2026-09-22T16:29:10.527+0000] {dagbag.py:545} INFO - Filling up the DagBag from /home/airflow/.local/lib/python3.12/site-packages/airflow/example_dags/example_subdag_operator.py
[2026-09-22T16:29:10.580+0000] {processor.py:840} INFO - DAG(s) 'example_subdag_operator.section-1', 'example_subdag_operator.section-2', 'example_subdag_operator' retrieved from /home/airflow/.local/lib/python3.12/site-packages/airflow/example_dags/example_subdag_operator.py
[2026-09-22T16:29:10.602+0000] {logging_mixin.py:188} INFO - [2026-09-22T16:29:10.602+0000] {dag.py:3089} INFO - Sync 3 DAGs
[2026-09-22T16:29:10.639+0000] {logging_mixin.py:188} INFO - [2026-09-22T16:29:10.638+0000] {dag.py:3947} INFO - Setting next_dagrun for example_subdag_operator to 2022-01-01 00:00:00+00:00, run_after=2022-01-01 00:00:00+00:00
[2026-09-22T16:29:10.647+0000] {logging_mixin.py:188} INFO - [2026-09-22T16:29:10.646+0000] {dag.py:3947} INFO - Setting next_dagrun for example_subdag_operator.section-1 to None, run_after=None
[2026-09-22T16:29:10.649+0000] {logging_mixin.py:188} INFO - [2026-09-22T16:29:10.649+0000] {dag.py:3947} INFO - Setting next_dagrun for example_subdag_operator.section-2 to None, run_after=None
[2026-09-22T16:29:10.661+0000] {logging_mixin.py:188} INFO - [2026-09-22T16:29:10.660+0000] {dag.py:3089} INFO - Sync 2 DAGs
[2026-09-22T16:29:10.669+0000] {logging_mixin.py:188} INFO - [2026-09-22T16:29:10.669+0000] {dag.py:3947} INFO - Setting next_dagrun for example_subdag_operator.section-1 to None, run_after=None
[2026-09-22T16:29:10.670+0000] {logging_mixin.py:188} INFO - [2026-09-22T16:29:10.670+0000] {dag.py:3947} INFO - Setting next_dagrun for example_subdag_operator.section-2 to None, run_after=None
[2026-09-22T16:29:10.718+0000] {processor.py:183} INFO - Processing /home/airflow/.local/lib/python3.12/site-packages/airflow/example_dags/example_subdag_operator.py took 0.206 seconds
[2026-09-22T16:29:41.182+0000] {processor.py:161} INFO - Started process (PID=1240) to work on /home/airflow/.local/lib/python3.12/site-packages/airflow/example_dags/example_subdag_operator.py
[2026-09-22T16:29:41.184+0000] {processor.py:830} INFO - Processing file /home/airflow/.local/lib/python3.12/site-packages/airflow/example_dags/example_subdag_operator.py for tasks to queue
[2026-09-22T16:29:41.187+0000] {logging_mixin.py:188} INFO - [2026-09-22T16:29:41.187+0000] {dagbag.py:545} INFO - Filling up the DagBag from /home/airflow/.local/lib/python3.12/site-packages/airflow/example_dags/example_subdag_operator.py
[2026-09-22T16:29:41.216+0000] {processor.py:840} INFO - DAG(s) 'example_subdag_operator.section-1', 'example_subdag_operator.section-2', 'example_subdag_operator' retrieved from /home/airflow/.local/lib/python3.12/site-packages/airflow/example_dags/example_subdag_operator.py
[2026-09-22T16:29:41.238+0000] {logging_mixin.py:188} INFO - [2026-09-22T16:29:41.238+0000] {dag.py:3089} INFO - Sync 3 DAGs
[2026-09-22T16:29:41.268+0000] {logging_mixin.py:188} INFO - [2026-09-22T16:29:41.268+0000] {dag.py:3947} INFO - Setting next_dagrun for example_subdag_operator to 2022-01-01 00:00:00+00:00, run_after=2022-01-01 00:00:00+00:00
[2026-09-22T16:29:41.274+0000] {logging_mixin.py:188} INFO - [2026-09-22T16:29:41.273+0000] {dag.py:3947} INFO - Setting next_dagrun for example_subdag_operator.section-1 to None, run_after=None
[2026-09-22T16:29:41.275+0000] {logging_mixin.py:188} INFO - [2026-09-22T16:29:41.275+0000] {dag.py:3947} INFO - Setting next_dagrun for example_subdag_operator.section-2 to None, run_after=None
[2026-09-22T16:29:41.283+0000] {logging_mixin.py:188} INFO - [2026-09-22T16:29:41.282+0000] {dag.py:3089} INFO - Sync 2 DAGs
[2026-09-22T16:29:41.289+0000] {logging_mixin.py:188} INFO - [2026-09-22T16:29:41.288+0000] {dag.py:3947} INFO - Setting next_dagrun for example_subdag_operator.section-1 to None, run_after=None
[2026-09-22T16:29:41.289+0000] {logging_mixin.py:188} INFO - [2026-09-22T16:29:41.289+0000] {dag.py:3947} INFO - Setting next_dagrun for example_subdag_operator.section-2 to None, run_after=None
[2026-09-22T16:29:41.348+0000] {processor.py:183} INFO - Processing /home/airflow/.local/lib/python3.12/site-packages/airflow/example_dags/example_subdag_operator.py took 0.178 seconds
[2026-09-22T16:30:11.486+0000] {processor.py:161} INFO - Started process (PID=1298) to work on /home/airflow/.local/lib/python3.12/site-packages/airflow/example_dags/example_subdag_operator.py
[2026-09-22T16:30:11.489+0000] {processor.py:830} INFO - Processing file /home/airflow/.local/lib/python3.12/site-packages/airflow/example_dags/example_subdag_operator.py for tasks to queue
[2026-09-22T16:30:11.492+0000] {logging_mixin.py:188} INFO - [2026-09-22T16:30:11.491+0000] {dagbag.py:545} INFO - Filling up the DagBag from /home/airflow/.local/lib/python3.12/site-packages/airflow/example_dags/example_subdag_operator.py
[2026-09-22T16:30:11.523+0000] {processor.py:840} INFO - DAG(s) 'example_subdag_operator.section-1', 'example_subdag_operator.section-2', 'example_subdag_operator' retrieved from /home/airflow/.local/lib/python3.12/site-packages/airflow/example_dags/example_subdag_operator.py
[2026-09-22T16:30:11.555+0000] {logging_mixin.py:188} INFO - [2026-09-22T16:30:11.554+0000] {dag.py:3089} INFO - Sync 3 DAGs
[2026-09-22T16:30:11.591+0000] {logging_mixin.py:188} INFO - [2026-09-22T16:30:11.591+0000] {dag.py:3947} INFO - Setting next_dagrun for example_subdag_operator to 2022-01-01 00:00:00+00:00, run_after=2022-01-01 00:00:00+00:00
[2026-09-22T16:30:11.601+0000] {logging_mixin.py:188} INFO - [2026-09-22T16:30:11.600+0000] {dag.py:3947} INFO - Setting next_dagrun for example_subdag_operator.section-1 to None, run_after=None
[2026-09-22T16:30:11.604+0000] {logging_mixin.py:188} INFO - [2026-09-22T16:30:11.603+0000] {dag.py:3947} INFO - Setting next_dagrun for example_subdag_operator.section-2 to None, run_after=None
[2026-09-22T16:30:11.616+0000] {logging_mixin.py:188} INFO - [2026-09-22T16:30:11.615+0000] {dag.py:3089} INFO - Sync 2 DAGs
[2026-09-22T16:30:11.626+0000] {logging_mixin.py:188} INFO - [2026-09-22T16:30:11.625+0000] {dag.py:3947} INFO - Setting next_dagrun for example_subdag_operator.section-1 to None, run_after=None
[2026-09-22T16:30:11.627+0000] {logging_mixin.py:188} INFO - [2026-09-22T16:30:11.627+0000] {dag.py:3947} INFO - Setting next_dagrun for example_subdag_operator.section-2 to None, run_after=None
[2026-09-22T16:30:11.647+0000] {processor.py:183} INFO - Processing /home/airflow/.local/lib/python3.12/site-packages/airflow/example_dags/example_subdag_operator.py took 0.168 seconds
[2026-09-22T16:30:42.442+0000] {processor.py:161} INFO - Started process (PID=1356) to work on /home/airflow/.local/lib/python3.12/site-packages/airflow/example_dags/example_subdag_operator.py
[2026-09-22T16:30:42.446+0000] {processor.py:830} INFO - Processing file /home/airflow/.local/lib/python3.12/site-packages/airflow/example_dags/example_subdag_operator.py for tasks to queue
[2026-09-22T16:30:42.450+0000] {logging_mixin.py:188} INFO - [2026-09-22T16:30:42.449+0000] {dagbag.py:545} INFO - Filling up the DagBag from /home/airflow/.local/lib/python3.12/site-packages/airflow/example_dags/example_subdag_operator.py
[2026-09-22T16:30:42.496+0000] {processor.py:840} INFO - DAG(s) 'example_subdag_operator.section-1', 'example_subdag_operator.section-2', 'example_subdag_operator' retrieved from /home/airflow/.local/lib/python3.12/site-packages/airflow/example_dags/example_subdag_operator.py
[2026-09-22T16:30:42.528+0000] {logging_mixin.py:188} INFO - [2026-09-22T16:30:42.528+0000] {dag.py:3089} INFO - Sync 3 DAGs
[2026-09-22T16:30:42.563+0000] {logging_mixin.py:188} INFO - [2026-09-22T16:30:42.562+0000] {dag.py:3947} INFO - Setting next_dagrun for example_subdag_operator to 2022-01-01 00:00:00+00:00, run_after=2022-01-01 00:00:00+00:00
[2026-09-22T16:30:42.571+0000] {logging_mixin.py:188} INFO - [2026-09-22T16:30:42.571+0000] {dag.py:3947} INFO - Setting next_dagrun for example_subdag_operator.section-1 to None, run_after=None
[2026-09-22T16:30:42.573+0000] {logging_mixin.py:188} INFO - [2026-09-22T16:30:42.573+0000] {dag.py:3947} INFO - Setting next_dagrun for example_subdag_operator.section-2 to None, run_after=None
[2026-09-22T16:30:42.586+0000] {logging_mixin.py:188} INFO - [2026-09-22T16:30:42.586+0000] {dag.py:3089} INFO - Sync 2 DAGs
[2026-09-22T16:30:42.599+0000] {logging_mixin.py:188} INFO - [2026-09-22T16:30:42.598+0000] {dag.py:3947} INFO - Setting next_dagrun for example_subdag_operator.section-1 to None, run_after=None
[2026-09-22T16:30:42.601+0000] {logging_mixin.py:188} INFO - [2026-09-22T16:30:42.601+0000] {dag.py:3947} INFO - Setting next_dagrun for example_subdag_operator.section-2 to None, run_after=None
[2026-09-22T16:30:42.624+0000] {processor.py:183} INFO - Processing /home/airflow/.local/lib/python3.12/site-packages/airflow/example_dags/example_subdag_operator.py took 0.201 seconds
[2026-09-22T16:31:12.778+0000] {processor.py:161} INFO - Started process (PID=1414) to work on /home/airflow/.local/lib/python3.12/site-packages/airflow/example_dags/example_subdag_operator.py
[2026-09-22T16:31:12.780+0000] {processor.py:830} INFO - Processing file /home/airflow/.local/lib/python3.12/site-packages/airflow/example_dags/example_subdag_operator.py for tasks to queue
[2026-09-22T16:31:12.783+0000] {logging_mixin.py:188} INFO - [2026-09-22T16:31:12.783+0000] {dagbag.py:545} INFO - Filling up the DagBag from /home/airflow/.local/lib/python3.12/site-packages/airflow/example_dags/example_subdag_operator.py
[2026-09-22T16:31:12.823+0000] {processor.py:840} INFO - DAG(s) 'example_subdag_operator.section-1', 'example_subdag_operator.section-2', 'example_subdag_operator' retrieved from /home/airflow/.local/lib/python3.12/site-packages/airflow/example_dags/example_subdag_operator.py
[2026-09-22T16:31:12.847+0000] {logging_mixin.py:188} INFO - [2026-09-22T16:31:12.846+0000] {dag.py:3089} INFO - Sync 3 DAGs
[2026-09-22T16:31:12.885+0000] {logging_mixin.py:188} INFO - [2026-09-22T16:31:12.884+0000] {dag.py:3947} INFO - Setting next_dagrun for example_subdag_operator to 2022-01-01 00:00:00+00:00, run_after=2022-01-01 00:00:00+00:00
[2026-09-22T16:31:12.891+0000] {logging_mixin.py:188} INFO - [2026-09-22T16:31:12.890+0000] {dag.py:3947} INFO - Setting next_dagrun for example_subdag_operator.section-1 to None, run_after=None
[2026-09-22T16:31:12.893+0000] {logging_mixin.py:188} INFO - [2026-09-22T16:31:12.893+0000] {dag.py:3947} INFO - Setting next_dagrun for example_subdag_operator.section-2 to None, run_after=None
[2026-09-22T16:31:12.904+0000] {logging_mixin.py:188} INFO - [2026-09-22T16:31:12.904+0000] {dag.py:3089} INFO - Sync 2 DAGs
[2026-09-22T16:31:12.916+0000] {logging_mixin.py:188} INFO - [2026-09-22T16:31:12.916+0000] {dag.py:3947} INFO - Setting next_dagrun for example_subdag_operator.section-1 to None, run_after=None
[2026-09-22T16:31:12.917+0000] {logging_mixin.py:188} INFO - [2026-09-22T16:31:12.917+0000] {dag.py:3947} INFO - Setting next_dagrun for example_subdag_operator.section-2 to None, run_after=None
[2026-09-22T16:31:12.944+0000] {processor.py:183} INFO - Processing /home/airflow/.local/lib/python3.12/site-packages/airflow/example_dags/example_subdag_operator.py took 0.178 seconds
[2026-09-22T16:31:43.029+0000] {processor.py:161} INFO - Started process (PID=1472) to work on /home/airflow/.local/lib/python3.12/site-packages/airflow/example_dags/example_subdag_operator.py
[2026-09-22T16:31:43.030+0000] {processor.py:830} INFO - Processing file /home/airflow/.local/lib/python3.12/site-packages/airflow/example_dags/example_subdag_operator.py for tasks to queue
[2026-09-22T16:31:43.037+0000] {logging_mixin.py:188} INFO - [2026-09-22T16:31:43.036+0000] {dagbag.py:545} INFO - Filling up the DagBag from /home/airflow/.local/lib/python3.12/site-packages/airflow/example_dags/example_subdag_operator.py
[2026-09-22T16:31:43.102+0000] {processor.py:840} INFO - DAG(s) 'example_subdag_operator.section-1', 'example_subdag_operator.section-2', 'example_subdag_operator' retrieved from /home/airflow/.local/lib/python3.12/site-packages/airflow/example_dags/example_subdag_operator.py
[2026-09-22T16:31:43.138+0000] {logging_mixin.py:188} INFO - [2026-09-22T16:31:43.138+0000] {dag.py:3089} INFO - Sync 3 DAGs
[2026-09-22T16:31:43.195+0000] {logging_mixin.py:188} INFO - [2026-09-22T16:31:43.194+0000] {dag.py:3947} INFO - Setting next_dagrun for example_subdag_operator to 2022-01-01 00:00:00+00:00, run_after=2022-01-01 00:00:00+00:00
[2026-09-22T16:31:43.208+0000] {logging_mixin.py:188} INFO - [2026-09-22T16:31:43.207+0000] {dag.py:3947} INFO - Setting next_dagrun for example_subdag_operator.section-1 to None, run_after=None
[2026-09-22T16:31:43.212+0000] {logging_mixin.py:188} INFO - [2026-09-22T16:31:43.212+0000] {dag.py:3947} INFO - Setting next_dagrun for example_subdag_operator.section-2 to None, run_after=None
[2026-09-22T16:31:43.238+0000] {logging_mixin.py:188} INFO - [2026-09-22T16:31:43.237+0000] {dag.py:3089} INFO - Sync 2 DAGs
[2026-09-22T16:31:43.248+0000] {logging_mixin.py:188} INFO - [2026-09-22T16:31:43.248+0000] {dag.py:3947} INFO - Setting next_dagrun for example_subdag_operator.section-1 to None, run_after=None
[2026-09-22T16:31:43.249+0000] {logging_mixin.py:188} INFO - [2026-09-22T16:31:43.249+0000] {dag.py:3947} INFO - Setting next_dagrun for example_subdag_operator.section-2 to None, run_after=None
[2026-09-22T16:31:43.273+0000] {processor.py:183} INFO - Processing /home/airflow/.local/lib/python3.12/site-packages/airflow/example_dags/example_subdag_operator.py took 0.257 seconds
[2026-09-22T16:32:14.414+0000] {processor.py:161} INFO - Started process (PID=1530) to work on /home/airflow/.local/lib/python3.12/site-packages/airflow/example_dags/example_subdag_operator.py
[2026-09-22T16:32:14.416+0000] {processor.py:830} INFO - Processing file /home/airflow/.local/lib/python3.12/site-packages/airflow/example_dags/example_subdag_operator.py for tasks to queue
[2026-09-22T16:32:14.421+0000] {logging_mixin.py:188} INFO - [2026-09-22T16:32:14.420+0000] {dagbag.py:545} INFO - Filling up the DagBag from /home/airflow/.local/lib/python3.12/site-packages/airflow/example_dags/example_subdag_operator.py
[2026-09-22T16:32:14.467+0000] {processor.py:840} INFO - DAG(s) 'example_subdag_operator.section-1', 'example_subdag_operator.section-2', 'example_subdag_operator' retrieved from /home/airflow/.local/lib/python3.12/site-packages/airflow/example_dags/example_subdag_operator.py
[2026-09-22T16:32:14.497+0000] {logging_mixin.py:188} INFO - [2026-09-22T16:32:14.497+0000] {dag.py:3089} INFO - Sync 3 DAGs
[2026-09-22T16:32:14.540+0000] {logging_mixin.py:188} INFO - [2026-09-22T16:32:14.539+0000] {dag.py:3947} INFO - Setting next_dagrun for example_subdag_operator to 2022-01-01 00:00:00+00:00, run_after=2022-01-01 00:00:00+00:00
[2026-09-22T16:32:14.547+0000] {logging_mixin.py:188} INFO - [2026-09-22T16:32:14.546+0000] {dag.py:3947} INFO - Setting next_dagrun for example_subdag_operator.section-1 to None, run_after=None
[2026-09-22T16:32:14.550+0000] {logging_mixin.py:188} INFO - [2026-09-22T16:32:14.549+0000] {dag.py:3947} INFO - Setting next_dagrun for example_subdag_operator.section-2 to None, run_after=None
[2026-09-22T16:32:14.566+0000] {logging_mixin.py:188} INFO - [2026-09-22T16:32:14.565+0000] {dag.py:3089} INFO - Sync 2 DAGs
[2026-09-22T16:32:14.576+0000] {logging_mixin.py:188} INFO - [2026-09-22T16:32:14.576+0000] {dag.py:3947} INFO - Setting next_dagrun for example_subdag_operator.section-1 to None, run_after=None
[2026-09-22T16:32:14.578+0000] {logging_mixin.py:188} INFO - [2026-09-22T16:32:14.577+0000] {dag.py:3947} INFO - Setting next_dagrun for example_subdag_operator.section-2 to None, run_after=None
[2026-09-22T16:32:14.599+0000] {processor.py:183} INFO - Processing /home/airflow/.local/lib/python3.12/site-packages/airflow/example_dags/example_subdag_operator.py took 0.192 seconds
[2026-09-22T16:32:45.382+0000] {processor.py:161} INFO - Started process (PID=1588) to work on /home/airflow/.local/lib/python3.12/site-packages/airflow/example_dags/example_subdag_operator.py
[2026-09-22T16:32:45.398+0000] {processor.py:830} INFO - Processing file /home/airflow/.local/lib/python3.12/site-packages/airflow/example_dags/example_subdag_operator.py for tasks to queue
[2026-09-22T16:32:45.414+0000] {logging_mixin.py:188} INFO - [2026-09-22T16:32:45.413+0000] {dagbag.py:545} INFO - Filling up the DagBag from /home/airflow/.local/lib/python3.12/site-packages/airflow/example_dags/example_subdag_operator.py
[2026-09-22T16:32:45.463+0000] {processor.py:840} INFO - DAG(s) 'example_subdag_operator.section-1', 'example_subdag_operator.section-2', 'example_subdag_operator' retrieved from /home/airflow/.local/lib/python3.12/site-packages/airflow/example_dags/example_subdag_operator.py
[2026-09-22T16:32:45.495+0000] {logging_mixin.py:188} INFO - [2026-09-22T16:32:45.494+0000] {dag.py:3089} INFO - Sync 3 DAGs
[2026-09-22T16:32:45.526+0000] {logging_mixin.py:188} INFO - [2026-09-22T16:32:45.526+0000] {dag.py:3947} INFO - Setting next_dagrun for example_subdag_operator to 2022-01-01 00:00:00+00:00, run_after=2022-01-01 00:00:00+00:00
[2026-09-22T16:32:45.531+0000] {logging_mixin.py:188} INFO - [2026-09-22T16:32:45.531+0000] {dag.py:3947} INFO - Setting next_dagrun for example_subdag_operator.section-1 to None, run_after=None
[2026-09-22T16:32:45.533+0000] {logging_mixin.py:188} INFO - [2026-09-22T16:32:45.533+0000] {dag.py:3947} INFO - Setting next_dagrun for example_subdag_operator.section-2 to None, run_after=None
[2026-09-22T16:32:45.543+0000] {logging_mixin.py:188} INFO - [2026-09-22T16:32:45.542+0000] {dag.py:3089} INFO - Sync 2 DAGs
[2026-09-22T16:32:45.551+0000] {logging_mixin.py:188} INFO - [2026-09-22T16:32:45.550+0000] {dag.py:3947} INFO - Setting next_dagrun for example_subdag_operator.section-1 to None, run_after=None
[2026-09-22T16:32:45.552+0000] {logging_mixin.py:188} INFO - [2026-09-22T16:32:45.551+0000] {dag.py:3947} INFO - Setting next_dagrun for example_subdag_operator.section-2 to None, run_after=None
[2026-09-22T16:32:45.571+0000] {processor.py:183} INFO - Processing /home/airflow/.local/lib/python3.12/site-packages/airflow/example_dags/example_subdag_operator.py took 0.203 seconds
[2026-09-22T16:33:15.815+0000] {processor.py:161} INFO - Started process (PID=1646) to work on /home/airflow/.local/lib/python3.12/site-packages/airflow/example_dags/example_subdag_operator.py
[2026-09-22T16:33:15.816+0000] {processor.py:830} INFO - Processing file /home/airflow/.local/lib/python3.12/site-packages/airflow/example_dags/example_subdag_operator.py for tasks to queue
[2026-09-22T16:33:15.820+0000] {logging_mixin.py:188} INFO - [2026-09-22T16:33:15.819+0000] {dagbag.py:545} INFO - Filling up the DagBag from /home/airflow/.local/lib/python3.12/site-packages/airflow/example_dags/example_subdag_operator.py
[2026-09-22T16:33:15.852+0000] {processor.py:840} INFO - DAG(s) 'example_subdag_operator.section-1', 'example_subdag_operator.section-2', 'example_subdag_operator' retrieved from /home/airflow/.local/lib/python3.12/site-packages/airflow/example_dags/example_subdag_operator.py
[2026-09-22T16:33:15.873+0000] {logging_mixin.py:188} INFO - [2026-09-22T16:33:15.873+0000] {dag.py:3089} INFO - Sync 3 DAGs
[2026-09-22T16:33:15.900+0000] {logging_mixin.py:188} INFO - [2026-09-22T16:33:15.900+0000] {dag.py:3947} INFO - Setting next_dagrun for example_subdag_operator to 2022-01-01 00:00:00+00:00, run_after=2022-01-01 00:00:00+00:00
[2026-09-22T16:33:15.905+0000] {logging_mixin.py:188} INFO - [2026-09-22T16:33:15.905+0000] {dag.py:3947} INFO - Setting next_dagrun for example_subdag_operator.section-1 to None, run_after=None
[2026-09-22T16:33:15.907+0000] {logging_mixin.py:188} INFO - [2026-09-22T16:33:15.907+0000] {dag.py:3947} INFO - Setting next_dagrun for example_subdag_operator.section-2 to None, run_after=None
[2026-09-22T16:33:15.914+0000] {logging_mixin.py:188} INFO - [2026-09-22T16:33:15.914+0000] {dag.py:3089} INFO - Sync 2 DAGs
[2026-09-22T16:33:15.921+0000] {logging_mixin.py:188} INFO - [2026-09-22T16:33:15.920+0000] {dag.py:3947} INFO - Setting next_dagrun for example_subdag_operator.section-1 to None, run_after=None
[2026-09-22T16:33:15.922+0000] {logging_mixin.py:188} INFO - [2026-09-22T16:33:15.922+0000] {dag.py:3947} INFO - Setting next_dagrun for example_subdag_operator.section-2 to None, run_after=None
[2026-09-22T16:33:15.977+0000] {processor.py:183} INFO - Processing /home/airflow/.local/lib/python3.12/site-packages/airflow/example_dags/example_subdag_operator.py took 0.171 seconds
[2026-09-22T16:33:46.052+0000] {processor.py:161} INFO - Started process (PID=1704) to work on /home/airflow/.local/lib/python3.12/site-packages/airflow/example_dags/example_subdag_operator.py
[2026-09-22T16:33:46.054+0000] {processor.py:830} INFO - Processing file /home/airflow/.local/lib/python3.12/site-packages/airflow/example_dags/example_subdag_operator.py for tasks to queue
[2026-09-22T16:33:46.056+0000] {logging_mixin.py:188} INFO - [2026-09-22T16:33:46.056+0000] {dagbag.py:545} INFO - Filling up the DagBag from /home/airflow/.local/lib/python3.12/site-packages/airflow/example_dags/example_subdag_operator.py
[2026-09-22T16:33:46.089+0000] {processor.py:840} INFO - DAG(s) 'example_subdag_operator.section-1', 'example_subdag_operator.section-2', 'example_subdag_operator' retrieved from /home/airflow/.local/lib/python3.12/site-packages/airflow/example_dags/example_subdag_operator.py
[2026-09-22T16:33:46.115+0000] {logging_mixin.py:188} INFO - [2026-09-22T16:33:46.115+0000] {dag.py:3089} INFO - Sync 3 DAGs
[2026-09-22T16:33:46.147+0000] {logging_mixin.py:188} INFO - [2026-09-22T16:33:46.146+0000] {dag.py:3947} INFO - Setting next_dagrun for example_subdag_operator to 2022-01-01 00:00:00+00:00, run_after=2022-01-01 00:00:00+00:00
[2026-09-22T16:33:46.154+0000] {logging_mixin.py:188} INFO - [2026-09-22T16:33:46.153+0000] {dag.py:3947} INFO - Setting next_dagrun for example_subdag_operator.section-1 to None, run_after=None
[2026-09-22T16:33:46.155+0000] {logging_mixin.py:188} INFO - [2026-09-22T16:33:46.155+0000] {dag.py:3947} INFO - Setting next_dagrun for example_subdag_operator.section-2 to None, run_after=None
[2026-09-22T16:33:46.164+0000] {logging_mixin.py:188} INFO - [2026-09-22T16:33:46.164+0000] {dag.py:3089} INFO - Sync 2 DAGs
[2026-09-22T16:33:46.172+0000] {logging_mixin.py:188} INFO - [2026-09-22T16:33:46.172+0000] {dag.py:3947} INFO - Setting next_dagrun for example_subdag_operator.section-1 to None, run_after=None
[2026-09-22T16:33:46.173+0000] {logging_mixin.py:188} INFO - [2026-09-22T16:33:46.173+0000] {dag.py:3947} INFO - Setting next_dagrun for example_subdag_operator.section-2 to None, run_after=None
[2026-09-22T16:33:46.191+0000] {processor.py:183} INFO - Processing /home/airflow/.local/lib/python3.12/site-packages/airflow/example_dags/example_subdag_operator.py took 0.151 seconds
[2026-09-22T16:34:16.351+0000] {processor.py:161} INFO - Started process (PID=1762) to work on /home/airflow/.local/lib/python3.12/site-packages/airflow/example_dags/example_subdag_operator.py
[2026-09-22T16:34:16.353+0000] {processor.py:830} INFO - Processing file /home/airflow/.local/lib/python3.12/site-packages/airflow/example_dags/example_subdag_operator.py for tasks to queue
[2026-09-22T16:34:16.356+0000] {logging_mixin.py:188} INFO - [2026-09-22T16:34:16.355+0000] {dagbag.py:545} INFO - Filling up the DagBag from /home/airflow/.local/lib/python3.12/site-packages/airflow/example_dags/example_subdag_operator.py
[2026-09-22T16:34:16.403+0000] {processor.py:840} INFO - DAG(s) 'example_subdag_operator.section-1', 'example_subdag_operator.section-2', 'example_subdag_operator' retrieved from /home/airflow/.local/lib/python3.12/site-packages/airflow/example_dags/example_subdag_operator.py
[2026-09-22T16:34:16.422+0000] {logging_mixin.py:188} INFO - [2026-09-22T16:34:16.422+0000] {dag.py:3089} INFO - Sync 3 DAGs
[2026-09-22T16:34:16.450+0000] {logging_mixin.py:188} INFO - [2026-09-22T16:34:16.449+0000] {dag.py:3947} INFO - Setting next_dagrun for example_subdag_operator to 2022-01-01 00:00:00+00:00, run_after=2022-01-01 00:00:00+00:00
[2026-09-22T16:34:16.458+0000] {logging_mixin.py:188} INFO - [2026-09-22T16:34:16.457+0000] {dag.py:3947} INFO - Setting next_dagrun for example_subdag_operator.section-1 to None, run_after=None
[2026-09-22T16:34:16.460+0000] {logging_mixin.py:188} INFO - [2026-09-22T16:34:16.459+0000] {dag.py:3947} INFO - Setting next_dagrun for example_subdag_operator.section-2 to None, run_after=None
[2026-09-22T16:34:16.468+0000] {logging_mixin.py:188} INFO - [2026-09-22T16:34:16.468+0000] {dag.py:3089} INFO - Sync 2 DAGs
[2026-09-22T16:34:16.475+0000] {logging_mixin.py:188} INFO - [2026-09-22T16:34:16.475+0000] {dag.py:3947} INFO - Setting next_dagrun for example_subdag_operator.section-1 to None, run_after=None
[2026-09-22T16:34:16.476+0000] {logging_mixin.py:188} INFO - [2026-09-22T16:34:16.476+0000] {dag.py:3947} INFO - Setting next_dagrun for example_subdag_operator.section-2 to None, run_after=None
[2026-09-22T16:34:16.494+0000] {processor.py:183} INFO - Processing /home/airflow/.local/lib/python3.12/site-packages/airflow/example_dags/example_subdag_operator.py took 0.152 seconds
[2026-09-22T16:34:47.158+0000] {processor.py:161} INFO - Started process (PID=1820) to work on /home/airflow/.local/lib/python3.12/site-packages/airflow/example_dags/example_subdag_operator.py
[2026-09-22T16:34:47.160+0000] {processor.py:830} INFO - Processing file /home/airflow/.local/lib/python3.12/site-packages/airflow/example_dags/example_subdag_operator.py for tasks to queue
[2026-09-22T16:34:47.164+0000] {logging_mixin.py:188} INFO - [2026-09-22T16:34:47.164+0000] {dagbag.py:545} INFO - Filling up the DagBag from /home/airflow/.local/lib/python3.12/site-packages/airflow/example_dags/example_subdag_operator.py
[2026-09-22T16:34:47.205+0000] {processor.py:840} INFO - DAG(s) 'example_subdag_operator.section-1', 'example_subdag_operator.section-2', 'example_subdag_operator' retrieved from /home/airflow/.local/lib/python3.12/site-packages/airflow/example_dags/example_subdag_operator.py
[2026-09-22T16:34:47.242+0000] {logging_mixin.py:188} INFO - [2026-09-22T16:34:47.242+0000] {dag.py:3089} INFO - Sync 3 DAGs
[2026-09-22T16:34:47.298+0000] {logging_mixin.py:188} INFO - [2026-09-22T16:34:47.297+0000] {dag.py:3947} INFO - Setting next_dagrun for example_subdag_operator to 2022-01-01 00:00:00+00:00, run_after=2022-01-01 00:00:00+00:00
[2026-09-22T16:34:47.306+0000] {logging_mixin.py:188} INFO - [2026-09-22T16:34:47.305+0000] {dag.py:3947} INFO - Setting next_dagrun for example_subdag_operator.section-1 to None, run_after=None
[2026-09-22T16:34:47.310+0000] {logging_mixin.py:188} INFO - [2026-09-22T16:34:47.309+0000] {dag.py:3947} INFO - Setting next_dagrun for example_subdag_operator.section-2 to None, run_after=None
[2026-09-22T16:34:47.323+0000] {logging_mixin.py:188} INFO - [2026-09-22T16:34:47.323+0000] {dag.py:3089} INFO - Sync 2 DAGs
[2026-09-22T16:34:47.537+0000] {logging_mixin.py:188} INFO - [2026-09-22T16:34:47.537+0000] {dag.py:3947} INFO - Setting next_dagrun for example_subdag_operator.section-1 to None, run_after=None
[2026-09-22T16:34:47.539+0000] {logging_mixin.py:188} INFO - [2026-09-22T16:34:47.538+0000] {dag.py:3947} INFO - Setting next_dagrun for example_subdag_operator.section-2 to None, run_after=None
[2026-09-22T16:34:47.562+0000] {processor.py:183} INFO - Processing /home/airflow/.local/lib/python3.12/site-packages/airflow/example_dags/example_subdag_operator.py took 0.419 seconds
[2026-09-22T16:35:18.228+0000] {processor.py:161} INFO - Started process (PID=1878) to work on /home/airflow/.local/lib/python3.12/site-packages/airflow/example_dags/example_subdag_operator.py
[2026-09-22T16:35:18.230+0000] {processor.py:830} INFO - Processing file /home/airflow/.local/lib/python3.12/site-packages/airflow/example_dags/example_subdag_operator.py for tasks to queue
[2026-09-22T16:35:18.236+0000] {logging_mixin.py:188} INFO - [2026-09-22T16:35:18.234+0000] {dagbag.py:545} INFO - Filling up the DagBag from /home/airflow/.local/lib/python3.12/site-packages/airflow/example_dags/example_subdag_operator.py
[2026-09-22T16:35:18.280+0000] {processor.py:840} INFO - DAG(s) 'example_subdag_operator.section-1', 'example_subdag_operator.section-2', 'example_subdag_operator' retrieved from /home/airflow/.local/lib/python3.12/site-packages/airflow/example_dags/example_subdag_operator.py
[2026-09-22T16:35:18.307+0000] {logging_mixin.py:188} INFO - [2026-09-22T16:35:18.306+0000] {dag.py:3089} INFO - Sync 3 DAGs
[2026-09-22T16:35:18.339+0000] {logging_mixin.py:188} INFO - [2026-09-22T16:35:18.339+0000] {dag.py:3947} INFO - Setting next_dagrun for example_subdag_operator to 2022-01-01 00:00:00+00:00, run_after=2022-01-01 00:00:00+00:00
[2026-09-22T16:35:18.344+0000] {logging_mixin.py:188} INFO - [2026-09-22T16:35:18.344+0000] {dag.py:3947} INFO - Setting next_dagrun for example_subdag_operator.section-1 to None, run_after=None
[2026-09-22T16:35:18.346+0000] {logging_mixin.py:188} INFO - [2026-09-22T16:35:18.346+0000] {dag.py:3947} INFO - Setting next_dagrun for example_subdag_operator.section-2 to None, run_after=None
[2026-09-22T16:35:18.356+0000] {logging_mixin.py:188} INFO - [2026-09-22T16:35:18.356+0000] {dag.py:3089} INFO - Sync 2 DAGs
[2026-09-22T16:35:18.364+0000] {logging_mixin.py:188} INFO - [2026-09-22T16:35:18.363+0000] {dag.py:3947} INFO - Setting next_dagrun for example_subdag_operator.section-1 to None, run_after=None
[2026-09-22T16:35:18.365+0000] {logging_mixin.py:188} INFO - [2026-09-22T16:35:18.364+0000] {dag.py:3947} INFO - Setting next_dagrun for example_subdag_operator.section-2 to None, run_after=None
[2026-09-22T16:35:18.381+0000] {processor.py:183} INFO - Processing /home/airflow/.local/lib/python3.12/site-packages/airflow/example_dags/example_subdag_operator.py took 0.171 seconds
[2026-09-22T16:35:48.558+0000] {processor.py:161} INFO - Started process (PID=1936) to work on /home/airflow/.local/lib/python3.12/site-packages/airflow/example_dags/example_subdag_operator.py
[2026-09-22T16:35:48.560+0000] {processor.py:830} INFO - Processing file /home/airflow/.local/lib/python3.12/site-packages/airflow/example_dags/example_subdag_operator.py for tasks to queue
[2026-09-22T16:35:48.564+0000] {logging_mixin.py:188} INFO - [2026-09-22T16:35:48.563+0000] {dagbag.py:545} INFO - Filling up the DagBag from /home/airflow/.local/lib/python3.12/site-packages/airflow/example_dags/example_subdag_operator.py
[2026-09-22T16:35:48.595+0000] {processor.py:840} INFO - DAG(s) 'example_subdag_operator.section-1', 'example_subdag_operator.section-2', 'example_subdag_operator' retrieved from /home/airflow/.local/lib/python3.12/site-packages/airflow/example_dags/example_subdag_operator.py
[2026-09-22T16:35:48.624+0000] {logging_mixin.py:188} INFO - [2026-09-22T16:35:48.624+0000] {dag.py:3089} INFO - Sync 3 DAGs
[2026-09-22T16:35:48.659+0000] {logging_mixin.py:188} INFO - [2026-09-22T16:35:48.659+0000] {dag.py:3947} INFO - Setting next_dagrun for example_subdag_operator to 2022-01-01 00:00:00+00:00, run_after=2022-01-01 00:00:00+00:00
[2026-09-22T16:35:48.664+0000] {logging_mixin.py:188} INFO - [2026-09-22T16:35:48.664+0000] {dag.py:3947} INFO - Setting next_dagrun for example_subdag_operator.section-1 to None, run_after=None
[2026-09-22T16:35:48.667+0000] {logging_mixin.py:188} INFO - [2026-09-22T16:35:48.666+0000] {dag.py:3947} INFO - Setting next_dagrun for example_subdag_operator.section-2 to None, run_after=None
[2026-09-22T16:35:48.676+0000] {logging_mixin.py:188} INFO - [2026-09-22T16:35:48.675+0000] {dag.py:3089} INFO - Sync 2 DAGs
[2026-09-22T16:35:48.683+0000] {logging_mixin.py:188} INFO - [2026-09-22T16:35:48.682+0000] {dag.py:3947} INFO - Setting next_dagrun for example_subdag_operator.section-1 to None, run_after=None
[2026-09-22T16:35:48.685+0000] {logging_mixin.py:188} INFO - [2026-09-22T16:35:48.684+0000] {dag.py:3947} INFO - Setting next_dagrun for example_subdag_operator.section-2 to None, run_after=None
[2026-09-22T16:35:48.732+0000] {processor.py:183} INFO - Processing /home/airflow/.local/lib/python3.12/site-packages/airflow/example_dags/example_subdag_operator.py took 0.187 seconds
[2026-09-22T16:36:19.371+0000] {processor.py:161} INFO - Started process (PID=1994) to work on /home/airflow/.local/lib/python3.12/site-packages/airflow/example_dags/example_subdag_operator.py
[2026-09-22T16:36:19.373+0000] {processor.py:830} INFO - Processing file /home/airflow/.local/lib/python3.12/site-packages/airflow/example_dags/example_subdag_operator.py for tasks to queue
[2026-09-22T16:36:19.375+0000] {logging_mixin.py:188} INFO - [2026-09-22T16:36:19.375+0000] {dagbag.py:545} INFO - Filling up the DagBag from /home/airflow/.local/lib/python3.12/site-packages/airflow/example_dags/example_subdag_operator.py
[2026-09-22T16:36:19.410+0000] {processor.py:840} INFO - DAG(s) 'example_subdag_operator.section-1', 'example_subdag_operator.section-2', 'example_subdag_operator' retrieved from /home/airflow/.local/lib/python3.12/site-packages/airflow/example_dags/example_subdag_operator.py
[2026-09-22T16:36:19.454+0000] {logging_mixin.py:188} INFO - [2026-09-22T16:36:19.453+0000] {dag.py:3089} INFO - Sync 3 DAGs
[2026-09-22T16:36:19.788+0000] {logging_mixin.py:188} INFO - [2026-09-22T16:36:19.787+0000] {dag.py:3947} INFO - Setting next_dagrun for example_subdag_operator to 2022-01-01 00:00:00+00:00, run_after=2022-01-01 00:00:00+00:00
[2026-09-22T16:36:19.794+0000] {logging_mixin.py:188} INFO - [2026-09-22T16:36:19.793+0000] {dag.py:3947} INFO - Setting next_dagrun for example_subdag_operator.section-1 to None, run_after=None
[2026-09-22T16:36:19.796+0000] {logging_mixin.py:188} INFO - [2026-09-22T16:36:19.796+0000] {dag.py:3947} INFO - Setting next_dagrun for example_subdag_operator.section-2 to None, run_after=None
[2026-09-22T16:36:19.814+0000] {logging_mixin.py:188} INFO - [2026-09-22T16:36:19.814+0000] {dag.py:3089} INFO - Sync 2 DAGs
[2026-09-22T16:36:19.827+0000] {logging_mixin.py:188} INFO - [2026-09-22T16:36:19.827+0000] {dag.py:3947} INFO - Setting next_dagrun for example_subdag_operator.section-1 to None, run_after=None
[2026-09-22T16:36:19.828+0000] {logging_mixin.py:188} INFO - [2026-09-22T16:36:19.828+0000] {dag.py:3947} INFO - Setting next_dagrun for example_subdag_operator.section-2 to None, run_after=None
[2026-09-22T16:36:19.850+0000] {processor.py:183} INFO - Processing /home/airflow/.local/lib/python3.12/site-packages/airflow/example_dags/example_subdag_operator.py took 0.489 seconds
[2026-09-22T16:36:50.520+0000] {processor.py:161} INFO - Started process (PID=2052) to work on /home/airflow/.local/lib/python3.12/site-packages/airflow/example_dags/example_subdag_operator.py
[2026-09-22T16:36:50.522+0000] {processor.py:830} INFO - Processing file /home/airflow/.local/lib/python3.12/site-packages/airflow/example_dags/example_subdag_operator.py for tasks to queue
[2026-09-22T16:36:50.526+0000] {logging_mixin.py:188} INFO - [2026-09-22T16:36:50.525+0000] {dagbag.py:545} INFO - Filling up the DagBag from /home/airflow/.local/lib/python3.12/site-packages/airflow/example_dags/example_subdag_operator.py
[2026-09-22T16:36:50.582+0000] {processor.py:840} INFO - DAG(s) 'example_subdag_operator.section-1', 'example_subdag_operator.section-2', 'example_subdag_operator' retrieved from /home/airflow/.local/lib/python3.12/site-packages/airflow/example_dags/example_subdag_operator.py
[2026-09-22T16:36:50.615+0000] {logging_mixin.py:188} INFO - [2026-09-22T16:36:50.615+0000] {dag.py:3089} INFO - Sync 3 DAGs
[2026-09-22T16:36:50.657+0000] {logging_mixin.py:188} INFO - [2026-09-22T16:36:50.657+0000] {dag.py:3947} INFO - Setting next_dagrun for example_subdag_operator to 2022-01-01 00:00:00+00:00, run_after=2022-01-01 00:00:00+00:00
[2026-09-22T16:36:50.666+0000] {logging_mixin.py:188} INFO - [2026-09-22T16:36:50.665+0000] {dag.py:3947} INFO - Setting next_dagrun for example_subdag_operator.section-1 to None, run_after=None
[2026-09-22T16:36:50.668+0000] {logging_mixin.py:188} INFO - [2026-09-22T16:36:50.668+0000] {dag.py:3947} INFO - Setting next_dagrun for example_subdag_operator.section-2 to None, run_after=None
[2026-09-22T16:36:50.690+0000] {logging_mixin.py:188} INFO - [2026-09-22T16:36:50.690+0000] {dag.py:3089} INFO - Sync 2 DAGs
[2026-09-22T16:36:50.705+0000] {logging_mixin.py:188} INFO - [2026-09-22T16:36:50.704+0000] {dag.py:3947} INFO - Setting next_dagrun for example_subdag_operator.section-1 to None, run_after=None
[2026-09-22T16:36:50.706+0000] {logging_mixin.py:188} INFO - [2026-09-22T16:36:50.706+0000] {dag.py:3947} INFO - Setting next_dagrun for example_subdag_operator.section-2 to None, run_after=None
[2026-09-22T16:36:50.761+0000] {processor.py:183} INFO - Processing /home/airflow/.local/lib/python3.12/site-packages/airflow/example_dags/example_subdag_operator.py took 0.259 seconds
[2026-09-22T16:37:21.671+0000] {processor.py:161} INFO - Started process (PID=2110) to work on /home/airflow/.local/lib/python3.12/site-packages/airflow/example_dags/example_subdag_operator.py
[2026-09-22T16:37:21.673+0000] {processor.py:830} INFO - Processing file /home/airflow/.local/lib/python3.12/site-packages/airflow/example_dags/example_subdag_operator.py for tasks to queue
[2026-09-22T16:37:21.678+0000] {logging_mixin.py:188} INFO - [2026-09-22T16:37:21.677+0000] {dagbag.py:545} INFO - Filling up the DagBag from /home/airflow/.local/lib/python3.12/site-packages/airflow/example_dags/example_subdag_operator.py
[2026-09-22T16:37:21.727+0000] {processor.py:840} INFO - DAG(s) 'example_subdag_operator.section-1', 'example_subdag_operator.section-2', 'example_subdag_operator' retrieved from /home/airflow/.local/lib/python3.12/site-packages/airflow/example_dags/example_subdag_operator.py
[2026-09-22T16:37:21.751+0000] {logging_mixin.py:188} INFO - [2026-09-22T16:37:21.750+0000] {dag.py:3089} INFO - Sync 3 DAGs
[2026-09-22T16:37:21.780+0000] {logging_mixin.py:188} INFO - [2026-09-22T16:37:21.780+0000] {dag.py:3947} INFO - Setting next_dagrun for example_subdag_operator to 2022-01-01 00:00:00+00:00, run_after=2022-01-01 00:00:00+00:00
[2026-09-22T16:37:21.788+0000] {logging_mixin.py:188} INFO - [2026-09-22T16:37:21.787+0000] {dag.py:3947} INFO - Setting next_dagrun for example_subdag_operator.section-1 to None, run_after=None
[2026-09-22T16:37:21.789+0000] {logging_mixin.py:188} INFO - [2026-09-22T16:37:21.789+0000] {dag.py:3947} INFO - Setting next_dagrun for example_subdag_operator.section-2 to None, run_after=None
[2026-09-22T16:37:21.799+0000] {logging_mixin.py:188} INFO - [2026-09-22T16:37:21.798+0000] {dag.py:3089} INFO - Sync 2 DAGs
[2026-09-22T16:37:21.807+0000] {logging_mixin.py:188} INFO - [2026-09-22T16:37:21.807+0000] {dag.py:3947} INFO - Setting next_dagrun for example_subdag_operator.section-1 to None, run_after=None
[2026-09-22T16:37:21.808+0000] {logging_mixin.py:188} INFO - [2026-09-22T16:37:21.808+0000] {dag.py:3947} INFO - Setting next_dagrun for example_subdag_operator.section-2 to None, run_after=None
[2026-09-22T16:37:21.858+0000] {processor.py:183} INFO - Processing /home/airflow/.local/lib/python3.12/site-packages/airflow/example_dags/example_subdag_operator.py took 0.201 seconds
[2026-09-22T16:37:52.129+0000] {processor.py:161} INFO - Started process (PID=2168) to work on /home/airflow/.local/lib/python3.12/site-packages/airflow/example_dags/example_subdag_operator.py
[2026-09-22T16:37:52.131+0000] {processor.py:830} INFO - Processing file /home/airflow/.local/lib/python3.12/site-packages/airflow/example_dags/example_subdag_operator.py for tasks to queue
[2026-09-22T16:37:52.135+0000] {logging_mixin.py:188} INFO - [2026-09-22T16:37:52.134+0000] {dagbag.py:545} INFO - Filling up the DagBag from /home/airflow/.local/lib/python3.12/site-packages/airflow/example_dags/example_subdag_operator.py
[2026-09-22T16:37:52.169+0000] {processor.py:840} INFO - DAG(s) 'example_subdag_operator.section-1', 'example_subdag_operator.section-2', 'example_subdag_operator' retrieved from /home/airflow/.local/lib/python3.12/site-packages/airflow/example_dags/example_subdag_operator.py
[2026-09-22T16:37:52.192+0000] {logging_mixin.py:188} INFO - [2026-09-22T16:37:52.192+0000] {dag.py:3089} INFO - Sync 3 DAGs
[2026-09-22T16:37:52.225+0000] {logging_mixin.py:188} INFO - [2026-09-22T16:37:52.224+0000] {dag.py:3947} INFO - Setting next_dagrun for example_subdag_operator to 2022-01-01 00:00:00+00:00, run_after=2022-01-01 00:00:00+00:00
[2026-09-22T16:37:52.230+0000] {logging_mixin.py:188} INFO - [2026-09-22T16:37:52.230+0000] {dag.py:3947} INFO - Setting next_dagrun for example_subdag_operator.section-1 to None, run_after=None
[2026-09-22T16:37:52.232+0000] {logging_mixin.py:188} INFO - [2026-09-22T16:37:52.232+0000] {dag.py:3947} INFO - Setting next_dagrun for example_subdag_operator.section-2 to None, run_after=None
[2026-09-22T16:37:52.243+0000] {logging_mixin.py:188} INFO - [2026-09-22T16:37:52.242+0000] {dag.py:3089} INFO - Sync 2 DAGs
[2026-09-22T16:37:52.250+0000] {logging_mixin.py:188} INFO - [2026-09-22T16:37:52.250+0000] {dag.py:3947} INFO - Setting next_dagrun for example_subdag_operator.section-1 to None, run_after=None
[2026-09-22T16:37:52.251+0000] {logging_mixin.py:188} INFO - [2026-09-22T16:37:52.251+0000] {dag.py:3947} INFO - Setting next_dagrun for example_subdag_operator.section-2 to None, run_after=None
[2026-09-22T16:37:52.270+0000] {processor.py:183} INFO - Processing /home/airflow/.local/lib/python3.12/site-packages/airflow/example_dags/example_subdag_operator.py took 0.150 seconds
[2026-09-22T16:38:22.998+0000] {processor.py:161} INFO - Started process (PID=2224) to work on /home/airflow/.local/lib/python3.12/site-packages/airflow/example_dags/example_subdag_operator.py
[2026-09-22T16:38:23.000+0000] {processor.py:830} INFO - Processing file /home/airflow/.local/lib/python3.12/site-packages/airflow/example_dags/example_subdag_operator.py for tasks to queue
[2026-09-22T16:38:23.003+0000] {logging_mixin.py:188} INFO - [2026-09-22T16:38:23.003+0000] {dagbag.py:545} INFO - Filling up the DagBag from /home/airflow/.local/lib/python3.12/site-packages/airflow/example_dags/example_subdag_operator.py
[2026-09-22T16:38:23.041+0000] {processor.py:840} INFO - DAG(s) 'example_subdag_operator.section-1', 'example_subdag_operator.section-2', 'example_subdag_operator' retrieved from /home/airflow/.local/lib/python3.12/site-packages/airflow/example_dags/example_subdag_operator.py
[2026-09-22T16:38:23.066+0000] {logging_mixin.py:188} INFO - [2026-09-22T16:38:23.066+0000] {dag.py:3089} INFO - Sync 3 DAGs
[2026-09-22T16:38:23.338+0000] {logging_mixin.py:188} INFO - [2026-09-22T16:38:23.337+0000] {dag.py:3947} INFO - Setting next_dagrun for example_subdag_operator to 2022-01-01 00:00:00+00:00, run_after=2022-01-01 00:00:00+00:00
[2026-09-22T16:38:23.345+0000] {logging_mixin.py:188} INFO - [2026-09-22T16:38:23.345+0000] {dag.py:3947} INFO - Setting next_dagrun for example_subdag_operator.section-1 to None, run_after=None
[2026-09-22T16:38:23.348+0000] {logging_mixin.py:188} INFO - [2026-09-22T16:38:23.348+0000] {dag.py:3947} INFO - Setting next_dagrun for example_subdag_operator.section-2 to None, run_after=None
[2026-09-22T16:38:23.362+0000] {logging_mixin.py:188} INFO - [2026-09-22T16:38:23.362+0000] {dag.py:3089} INFO - Sync 2 DAGs
[2026-09-22T16:38:23.374+0000] {logging_mixin.py:188} INFO - [2026-09-22T16:38:23.373+0000] {dag.py:3947} INFO - Setting next_dagrun for example_subdag_operator.section-1 to None, run_after=None
[2026-09-22T16:38:23.375+0000] {logging_mixin.py:188} INFO - [2026-09-22T16:38:23.375+0000] {dag.py:3947} INFO - Setting next_dagrun for example_subdag_operator.section-2 to None, run_after=None
[2026-09-22T16:38:23.394+0000] {processor.py:183} INFO - Processing /home/airflow/.local/lib/python3.12/site-packages/airflow/example_dags/example_subdag_operator.py took 0.406 seconds
[2026-09-22T16:41:46.912+0000] {processor.py:161} INFO - Started process (PID=83) to work on /home/airflow/.local/lib/python3.12/site-packages/airflow/example_dags/example_subdag_operator.py
[2026-09-22T16:41:46.915+0000] {processor.py:830} INFO - Processing file /home/airflow/.local/lib/python3.12/site-packages/airflow/example_dags/example_subdag_operator.py for tasks to queue
[2026-09-22T16:41:46.919+0000] {logging_mixin.py:188} INFO - [2026-09-22T16:41:46.918+0000] {dagbag.py:545} INFO - Filling up the DagBag from /home/airflow/.local/lib/python3.12/site-packages/airflow/example_dags/example_subdag_operator.py
[2026-09-22T16:41:46.954+0000] {processor.py:840} INFO - DAG(s) 'example_subdag_operator.section-1', 'example_subdag_operator.section-2', 'example_subdag_operator' retrieved from /home/airflow/.local/lib/python3.12/site-packages/airflow/example_dags/example_subdag_operator.py
[2026-09-22T16:41:47.160+0000] {logging_mixin.py:188} INFO - [2026-09-22T16:41:47.160+0000] {dag.py:3089} INFO - Sync 3 DAGs
[2026-09-22T16:41:47.199+0000] {logging_mixin.py:188} INFO - [2026-09-22T16:41:47.199+0000] {dag.py:3947} INFO - Setting next_dagrun for example_subdag_operator to 2022-01-01 00:00:00+00:00, run_after=2022-01-01 00:00:00+00:00
[2026-09-22T16:41:47.211+0000] {logging_mixin.py:188} INFO - [2026-09-22T16:41:47.210+0000] {dag.py:3947} INFO - Setting next_dagrun for example_subdag_operator.section-1 to None, run_after=None
[2026-09-22T16:41:47.214+0000] {logging_mixin.py:188} INFO - [2026-09-22T16:41:47.213+0000] {dag.py:3947} INFO - Setting next_dagrun for example_subdag_operator.section-2 to None, run_after=None
[2026-09-22T16:41:47.231+0000] {logging_mixin.py:188} INFO - [2026-09-22T16:41:47.231+0000] {dag.py:3089} INFO - Sync 2 DAGs
[2026-09-22T16:41:47.242+0000] {logging_mixin.py:188} INFO - [2026-09-22T16:41:47.242+0000] {dag.py:3947} INFO - Setting next_dagrun for example_subdag_operator.section-1 to None, run_after=None
[2026-09-22T16:41:47.243+0000] {logging_mixin.py:188} INFO - [2026-09-22T16:41:47.243+0000] {dag.py:3947} INFO - Setting next_dagrun for example_subdag_operator.section-2 to None, run_after=None
[2026-09-22T16:41:47.326+0000] {processor.py:183} INFO - Processing /home/airflow/.local/lib/python3.12/site-packages/airflow/example_dags/example_subdag_operator.py took 0.422 seconds
[2026-09-22T16:42:17.632+0000] {processor.py:161} INFO - Started process (PID=141) to work on /home/airflow/.local/lib/python3.12/site-packages/airflow/example_dags/example_subdag_operator.py
[2026-09-22T16:42:17.634+0000] {processor.py:830} INFO - Processing file /home/airflow/.local/lib/python3.12/site-packages/airflow/example_dags/example_subdag_operator.py for tasks to queue
[2026-09-22T16:42:17.638+0000] {logging_mixin.py:188} INFO - [2026-09-22T16:42:17.638+0000] {dagbag.py:545} INFO - Filling up the DagBag from /home/airflow/.local/lib/python3.12/site-packages/airflow/example_dags/example_subdag_operator.py
[2026-09-22T16:42:17.676+0000] {processor.py:840} INFO - DAG(s) 'example_subdag_operator.section-1', 'example_subdag_operator.section-2', 'example_subdag_operator' retrieved from /home/airflow/.local/lib/python3.12/site-packages/airflow/example_dags/example_subdag_operator.py
[2026-09-22T16:42:17.694+0000] {logging_mixin.py:188} INFO - [2026-09-22T16:42:17.694+0000] {dag.py:3089} INFO - Sync 3 DAGs
[2026-09-22T16:42:17.723+0000] {logging_mixin.py:188} INFO - [2026-09-22T16:42:17.723+0000] {dag.py:3947} INFO - Setting next_dagrun for example_subdag_operator to 2022-01-01 00:00:00+00:00, run_after=2022-01-01 00:00:00+00:00
[2026-09-22T16:42:17.728+0000] {logging_mixin.py:188} INFO - [2026-09-22T16:42:17.727+0000] {dag.py:3947} INFO - Setting next_dagrun for example_subdag_operator.section-1 to None, run_after=None
[2026-09-22T16:42:17.729+0000] {logging_mixin.py:188} INFO - [2026-09-22T16:42:17.729+0000] {dag.py:3947} INFO - Setting next_dagrun for example_subdag_operator.section-2 to None, run_after=None
[2026-09-22T16:42:17.738+0000] {logging_mixin.py:188} INFO - [2026-09-22T16:42:17.738+0000] {dag.py:3089} INFO - Sync 2 DAGs
[2026-09-22T16:42:17.744+0000] {logging_mixin.py:188} INFO - [2026-09-22T16:42:17.744+0000] {dag.py:3947} INFO - Setting next_dagrun for example_subdag_operator.section-1 to None, run_after=None
[2026-09-22T16:42:17.745+0000] {logging_mixin.py:188} INFO - [2026-09-22T16:42:17.745+0000] {dag.py:3947} INFO - Setting next_dagrun for example_subdag_operator.section-2 to None, run_after=None
[2026-09-22T16:42:17.812+0000] {processor.py:183} INFO - Processing /home/airflow/.local/lib/python3.12/site-packages/airflow/example_dags/example_subdag_operator.py took 0.191 seconds
[2026-09-22T16:43:47.606+0000] {processor.py:161} INFO - Started process (PID=83) to work on /home/airflow/.local/lib/python3.12/site-packages/airflow/example_dags/example_subdag_operator.py
[2026-09-22T16:43:47.610+0000] {processor.py:830} INFO - Processing file /home/airflow/.local/lib/python3.12/site-packages/airflow/example_dags/example_subdag_operator.py for tasks to queue
[2026-09-22T16:43:47.619+0000] {logging_mixin.py:188} INFO - [2026-09-22T16:43:47.618+0000] {dagbag.py:545} INFO - Filling up the DagBag from /home/airflow/.local/lib/python3.12/site-packages/airflow/example_dags/example_subdag_operator.py
[2026-09-22T16:43:47.684+0000] {processor.py:840} INFO - DAG(s) 'example_subdag_operator.section-1', 'example_subdag_operator.section-2', 'example_subdag_operator' retrieved from /home/airflow/.local/lib/python3.12/site-packages/airflow/example_dags/example_subdag_operator.py
[2026-09-22T16:43:47.900+0000] {logging_mixin.py:188} INFO - [2026-09-22T16:43:47.899+0000] {dag.py:3089} INFO - Sync 3 DAGs
[2026-09-22T16:43:47.933+0000] {logging_mixin.py:188} INFO - [2026-09-22T16:43:47.932+0000] {dag.py:3947} INFO - Setting next_dagrun for example_subdag_operator to 2022-01-01 00:00:00+00:00, run_after=2022-01-01 00:00:00+00:00
[2026-09-22T16:43:47.938+0000] {logging_mixin.py:188} INFO - [2026-09-22T16:43:47.938+0000] {dag.py:3947} INFO - Setting next_dagrun for example_subdag_operator.section-1 to None, run_after=None
[2026-09-22T16:43:47.943+0000] {logging_mixin.py:188} INFO - [2026-09-22T16:43:47.943+0000] {dag.py:3947} INFO - Setting next_dagrun for example_subdag_operator.section-2 to None, run_after=None
[2026-09-22T16:43:47.959+0000] {logging_mixin.py:188} INFO - [2026-09-22T16:43:47.959+0000] {dag.py:3089} INFO - Sync 2 DAGs
[2026-09-22T16:43:47.972+0000] {logging_mixin.py:188} INFO - [2026-09-22T16:43:47.971+0000] {dag.py:3947} INFO - Setting next_dagrun for example_subdag_operator.section-1 to None, run_after=None
[2026-09-22T16:43:47.973+0000] {logging_mixin.py:188} INFO - [2026-09-22T16:43:47.972+0000] {dag.py:3947} INFO - Setting next_dagrun for example_subdag_operator.section-2 to None, run_after=None
[2026-09-22T16:43:48.003+0000] {processor.py:183} INFO - Processing /home/airflow/.local/lib/python3.12/site-packages/airflow/example_dags/example_subdag_operator.py took 0.406 seconds
[2026-09-22T16:44:18.530+0000] {processor.py:161} INFO - Started process (PID=140) to work on /home/airflow/.local/lib/python3.12/site-packages/airflow/example_dags/example_subdag_operator.py
[2026-09-22T16:44:18.537+0000] {processor.py:830} INFO - Processing file /home/airflow/.local/lib/python3.12/site-packages/airflow/example_dags/example_subdag_operator.py for tasks to queue
[2026-09-22T16:44:18.543+0000] {logging_mixin.py:188} INFO - [2026-09-22T16:44:18.542+0000] {dagbag.py:545} INFO - Filling up the DagBag from /home/airflow/.local/lib/python3.12/site-packages/airflow/example_dags/example_subdag_operator.py
[2026-09-22T16:44:18.574+0000] {processor.py:840} INFO - DAG(s) 'example_subdag_operator.section-1', 'example_subdag_operator.section-2', 'example_subdag_operator' retrieved from /home/airflow/.local/lib/python3.12/site-packages/airflow/example_dags/example_subdag_operator.py
[2026-09-22T16:44:18.595+0000] {logging_mixin.py:188} INFO - [2026-09-22T16:44:18.594+0000] {dag.py:3089} INFO - Sync 3 DAGs
[2026-09-22T16:44:18.627+0000] {logging_mixin.py:188} INFO - [2026-09-22T16:44:18.627+0000] {dag.py:3947} INFO - Setting next_dagrun for example_subdag_operator to 2022-01-01 00:00:00+00:00, run_after=2022-01-01 00:00:00+00:00
[2026-09-22T16:44:18.635+0000] {logging_mixin.py:188} INFO - [2026-09-22T16:44:18.634+0000] {dag.py:3947} INFO - Setting next_dagrun for example_subdag_operator.section-1 to None, run_after=None
[2026-09-22T16:44:18.637+0000] {logging_mixin.py:188} INFO - [2026-09-22T16:44:18.637+0000] {dag.py:3947} INFO - Setting next_dagrun for example_subdag_operator.section-2 to None, run_after=None
[2026-09-22T16:44:18.648+0000] {logging_mixin.py:188} INFO - [2026-09-22T16:44:18.648+0000] {dag.py:3089} INFO - Sync 2 DAGs
[2026-09-22T16:44:18.657+0000] {logging_mixin.py:188} INFO - [2026-09-22T16:44:18.657+0000] {dag.py:3947} INFO - Setting next_dagrun for example_subdag_operator.section-1 to None, run_after=None
[2026-09-22T16:44:18.658+0000] {logging_mixin.py:188} INFO - [2026-09-22T16:44:18.658+0000] {dag.py:3947} INFO - Setting next_dagrun for example_subdag_operator.section-2 to None, run_after=None
[2026-09-22T16:44:18.679+0000] {processor.py:183} INFO - Processing /home/airflow/.local/lib/python3.12/site-packages/airflow/example_dags/example_subdag_operator.py took 0.160 seconds
[2026-09-22T16:44:49.270+0000] {processor.py:161} INFO - Started process (PID=204) to work on /home/airflow/.local/lib/python3.12/site-packages/airflow/example_dags/example_subdag_operator.py
[2026-09-22T16:44:49.273+0000] {processor.py:830} INFO - Processing file /home/airflow/.local/lib/python3.12/site-packages/airflow/example_dags/example_subdag_operator.py for tasks to queue
[2026-09-22T16:44:49.278+0000] {logging_mixin.py:188} INFO - [2026-09-22T16:44:49.277+0000] {dagbag.py:545} INFO - Filling up the DagBag from /home/airflow/.local/lib/python3.12/site-packages/airflow/example_dags/example_subdag_operator.py
[2026-09-22T16:44:49.317+0000] {processor.py:840} INFO - DAG(s) 'example_subdag_operator.section-1', 'example_subdag_operator.section-2', 'example_subdag_operator' retrieved from /home/airflow/.local/lib/python3.12/site-packages/airflow/example_dags/example_subdag_operator.py
[2026-09-22T16:44:49.334+0000] {logging_mixin.py:188} INFO - [2026-09-22T16:44:49.334+0000] {dag.py:3089} INFO - Sync 3 DAGs
[2026-09-22T16:44:49.362+0000] {logging_mixin.py:188} INFO - [2026-09-22T16:44:49.361+0000] {dag.py:3947} INFO - Setting next_dagrun for example_subdag_operator to 2022-01-01 00:00:00+00:00, run_after=2022-01-01 00:00:00+00:00
[2026-09-22T16:44:49.369+0000] {logging_mixin.py:188} INFO - [2026-09-22T16:44:49.369+0000] {dag.py:3947} INFO - Setting next_dagrun for example_subdag_operator.section-1 to None, run_after=None
[2026-09-22T16:44:49.372+0000] {logging_mixin.py:188} INFO - [2026-09-22T16:44:49.371+0000] {dag.py:3947} INFO - Setting next_dagrun for example_subdag_operator.section-2 to None, run_after=None
[2026-09-22T16:44:49.382+0000] {logging_mixin.py:188} INFO - [2026-09-22T16:44:49.381+0000] {dag.py:3089} INFO - Sync 2 DAGs
[2026-09-22T16:44:49.388+0000] {logging_mixin.py:188} INFO - [2026-09-22T16:44:49.388+0000] {dag.py:3947} INFO - Setting next_dagrun for example_subdag_operator.section-1 to None, run_after=None
[2026-09-22T16:44:49.389+0000] {logging_mixin.py:188} INFO - [2026-09-22T16:44:49.389+0000] {dag.py:3947} INFO - Setting next_dagrun for example_subdag_operator.section-2 to None, run_after=None
[2026-09-22T16:44:49.405+0000] {processor.py:183} INFO - Processing /home/airflow/.local/lib/python3.12/site-packages/airflow/example_dags/example_subdag_operator.py took 0.145 seconds
[2026-09-22T16:45:19.985+0000] {processor.py:161} INFO - Started process (PID=262) to work on /home/airflow/.local/lib/python3.12/site-packages/airflow/example_dags/example_subdag_operator.py
[2026-09-22T16:45:19.987+0000] {processor.py:830} INFO - Processing file /home/airflow/.local/lib/python3.12/site-packages/airflow/example_dags/example_subdag_operator.py for tasks to queue
[2026-09-22T16:45:19.991+0000] {logging_mixin.py:188} INFO - [2026-09-22T16:45:19.991+0000] {dagbag.py:545} INFO - Filling up the DagBag from /home/airflow/.local/lib/python3.12/site-packages/airflow/example_dags/example_subdag_operator.py
[2026-09-22T16:45:20.040+0000] {processor.py:840} INFO - DAG(s) 'example_subdag_operator.section-1', 'example_subdag_operator.section-2', 'example_subdag_operator' retrieved from /home/airflow/.local/lib/python3.12/site-packages/airflow/example_dags/example_subdag_operator.py
[2026-09-22T16:45:20.066+0000] {logging_mixin.py:188} INFO - [2026-09-22T16:45:20.065+0000] {dag.py:3089} INFO - Sync 3 DAGs
[2026-09-22T16:45:20.103+0000] {logging_mixin.py:188} INFO - [2026-09-22T16:45:20.102+0000] {dag.py:3947} INFO - Setting next_dagrun for example_subdag_operator to 2022-01-01 00:00:00+00:00, run_after=2022-01-01 00:00:00+00:00
[2026-09-22T16:45:20.109+0000] {logging_mixin.py:188} INFO - [2026-09-22T16:45:20.108+0000] {dag.py:3947} INFO - Setting next_dagrun for example_subdag_operator.section-1 to None, run_after=None
[2026-09-22T16:45:20.111+0000] {logging_mixin.py:188} INFO - [2026-09-22T16:45:20.111+0000] {dag.py:3947} INFO - Setting next_dagrun for example_subdag_operator.section-2 to None, run_after=None
[2026-09-22T16:45:20.121+0000] {logging_mixin.py:188} INFO - [2026-09-22T16:45:20.121+0000] {dag.py:3089} INFO - Sync 2 DAGs
[2026-09-22T16:45:20.130+0000] {logging_mixin.py:188} INFO - [2026-09-22T16:45:20.130+0000] {dag.py:3947} INFO - Setting next_dagrun for example_subdag_operator.section-1 to None, run_after=None
[2026-09-22T16:45:20.131+0000] {logging_mixin.py:188} INFO - [2026-09-22T16:45:20.131+0000] {dag.py:3947} INFO - Setting next_dagrun for example_subdag_operator.section-2 to None, run_after=None
[2026-09-22T16:45:20.156+0000] {processor.py:183} INFO - Processing /home/airflow/.local/lib/python3.12/site-packages/airflow/example_dags/example_subdag_operator.py took 0.180 seconds
[2026-09-22T16:45:50.619+0000] {processor.py:161} INFO - Started process (PID=320) to work on /home/airflow/.local/lib/python3.12/site-packages/airflow/example_dags/example_subdag_operator.py
[2026-09-22T16:45:50.621+0000] {processor.py:830} INFO - Processing file /home/airflow/.local/lib/python3.12/site-packages/airflow/example_dags/example_subdag_operator.py for tasks to queue
[2026-09-22T16:45:50.624+0000] {logging_mixin.py:188} INFO - [2026-09-22T16:45:50.623+0000] {dagbag.py:545} INFO - Filling up the DagBag from /home/airflow/.local/lib/python3.12/site-packages/airflow/example_dags/example_subdag_operator.py
[2026-09-22T16:45:50.666+0000] {processor.py:840} INFO - DAG(s) 'example_subdag_operator.section-1', 'example_subdag_operator.section-2', 'example_subdag_operator' retrieved from /home/airflow/.local/lib/python3.12/site-packages/airflow/example_dags/example_subdag_operator.py
[2026-09-22T16:45:50.694+0000] {logging_mixin.py:188} INFO - [2026-09-22T16:45:50.694+0000] {dag.py:3089} INFO - Sync 3 DAGs
[2026-09-22T16:45:50.735+0000] {logging_mixin.py:188} INFO - [2026-09-22T16:45:50.735+0000] {dag.py:3947} INFO - Setting next_dagrun for example_subdag_operator to 2022-01-01 00:00:00+00:00, run_after=2022-01-01 00:00:00+00:00
[2026-09-22T16:45:50.742+0000] {logging_mixin.py:188} INFO - [2026-09-22T16:45:50.741+0000] {dag.py:3947} INFO - Setting next_dagrun for example_subdag_operator.section-1 to None, run_after=None
[2026-09-22T16:45:50.746+0000] {logging_mixin.py:188} INFO - [2026-09-22T16:45:50.745+0000] {dag.py:3947} INFO - Setting next_dagrun for example_subdag_operator.section-2 to None, run_after=None
[2026-09-22T16:45:50.759+0000] {logging_mixin.py:188} INFO - [2026-09-22T16:45:50.759+0000] {dag.py:3089} INFO - Sync 2 DAGs
[2026-09-22T16:45:50.768+0000] {logging_mixin.py:188} INFO - [2026-09-22T16:45:50.767+0000] {dag.py:3947} INFO - Setting next_dagrun for example_subdag_operator.section-1 to None, run_after=None
[2026-09-22T16:45:50.769+0000] {logging_mixin.py:188} INFO - [2026-09-22T16:45:50.768+0000] {dag.py:3947} INFO - Setting next_dagrun for example_subdag_operator.section-2 to None, run_after=None
[2026-09-22T16:45:50.790+0000] {processor.py:183} INFO - Processing /home/airflow/.local/lib/python3.12/site-packages/airflow/example_dags/example_subdag_operator.py took 0.181 seconds
[2026-09-22T16:46:20.999+0000] {processor.py:161} INFO - Started process (PID=378) to work on /home/airflow/.local/lib/python3.12/site-packages/airflow/example_dags/example_subdag_operator.py
[2026-09-22T16:46:21.001+0000] {processor.py:830} INFO - Processing file /home/airflow/.local/lib/python3.12/site-packages/airflow/example_dags/example_subdag_operator.py for tasks to queue
[2026-09-22T16:46:21.004+0000] {logging_mixin.py:188} INFO - [2026-09-22T16:46:21.003+0000] {dagbag.py:545} INFO - Filling up the DagBag from /home/airflow/.local/lib/python3.12/site-packages/airflow/example_dags/example_subdag_operator.py
[2026-09-22T16:46:21.040+0000] {processor.py:840} INFO - DAG(s) 'example_subdag_operator.section-1', 'example_subdag_operator.section-2', 'example_subdag_operator' retrieved from /home/airflow/.local/lib/python3.12/site-packages/airflow/example_dags/example_subdag_operator.py
[2026-09-22T16:46:21.064+0000] {logging_mixin.py:188} INFO - [2026-09-22T16:46:21.064+0000] {dag.py:3089} INFO - Sync 3 DAGs
[2026-09-22T16:46:21.090+0000] {logging_mixin.py:188} INFO - [2026-09-22T16:46:21.090+0000] {dag.py:3947} INFO - Setting next_dagrun for example_subdag_operator to 2022-01-01 00:00:00+00:00, run_after=2022-01-01 00:00:00+00:00
[2026-09-22T16:46:21.097+0000] {logging_mixin.py:188} INFO - [2026-09-22T16:46:21.096+0000] {dag.py:3947} INFO - Setting next_dagrun for example_subdag_operator.section-1 to None, run_after=None
[2026-09-22T16:46:21.099+0000] {logging_mixin.py:188} INFO - [2026-09-22T16:46:21.099+0000] {dag.py:3947} INFO - Setting next_dagrun for example_subdag_operator.section-2 to None, run_after=None
[2026-09-22T16:46:21.108+0000] {logging_mixin.py:188} INFO - [2026-09-22T16:46:21.107+0000] {dag.py:3089} INFO - Sync 2 DAGs
[2026-09-22T16:46:21.117+0000] {logging_mixin.py:188} INFO - [2026-09-22T16:46:21.117+0000] {dag.py:3947} INFO - Setting next_dagrun for example_subdag_operator.section-1 to None, run_after=None
[2026-09-22T16:46:21.118+0000] {logging_mixin.py:188} INFO - [2026-09-22T16:46:21.118+0000] {dag.py:3947} INFO - Setting next_dagrun for example_subdag_operator.section-2 to None, run_after=None
[2026-09-22T16:46:21.140+0000] {processor.py:183} INFO - Processing /home/airflow/.local/lib/python3.12/site-packages/airflow/example_dags/example_subdag_operator.py took 0.152 seconds
[2026-09-22T16:46:52.236+0000] {processor.py:161} INFO - Started process (PID=436) to work on /home/airflow/.local/lib/python3.12/site-packages/airflow/example_dags/example_subdag_operator.py
[2026-09-22T16:46:52.238+0000] {processor.py:830} INFO - Processing file /home/airflow/.local/lib/python3.12/site-packages/airflow/example_dags/example_subdag_operator.py for tasks to queue
[2026-09-22T16:46:52.241+0000] {logging_mixin.py:188} INFO - [2026-09-22T16:46:52.240+0000] {dagbag.py:545} INFO - Filling up the DagBag from /home/airflow/.local/lib/python3.12/site-packages/airflow/example_dags/example_subdag_operator.py
[2026-09-22T16:46:52.280+0000] {processor.py:840} INFO - DAG(s) 'example_subdag_operator.section-1', 'example_subdag_operator.section-2', 'example_subdag_operator' retrieved from /home/airflow/.local/lib/python3.12/site-packages/airflow/example_dags/example_subdag_operator.py
[2026-09-22T16:46:52.302+0000] {logging_mixin.py:188} INFO - [2026-09-22T16:46:52.302+0000] {dag.py:3089} INFO - Sync 3 DAGs
[2026-09-22T16:46:52.338+0000] {logging_mixin.py:188} INFO - [2026-09-22T16:46:52.337+0000] {dag.py:3947} INFO - Setting next_dagrun for example_subdag_operator to 2022-01-01 00:00:00+00:00, run_after=2022-01-01 00:00:00+00:00
[2026-09-22T16:46:52.345+0000] {logging_mixin.py:188} INFO - [2026-09-22T16:46:52.345+0000] {dag.py:3947} INFO - Setting next_dagrun for example_subdag_operator.section-1 to None, run_after=None
[2026-09-22T16:46:52.348+0000] {logging_mixin.py:188} INFO - [2026-09-22T16:46:52.348+0000] {dag.py:3947} INFO - Setting next_dagrun for example_subdag_operator.section-2 to None, run_after=None
[2026-09-22T16:46:52.359+0000] {logging_mixin.py:188} INFO - [2026-09-22T16:46:52.359+0000] {dag.py:3089} INFO - Sync 2 DAGs
[2026-09-22T16:46:52.368+0000] {logging_mixin.py:188} INFO - [2026-09-22T16:46:52.367+0000] {dag.py:3947} INFO - Setting next_dagrun for example_subdag_operator.section-1 to None, run_after=None
[2026-09-22T16:46:52.369+0000] {logging_mixin.py:188} INFO - [2026-09-22T16:46:52.368+0000] {dag.py:3947} INFO - Setting next_dagrun for example_subdag_operator.section-2 to None, run_after=None
[2026-09-22T16:46:52.388+0000] {processor.py:183} INFO - Processing /home/airflow/.local/lib/python3.12/site-packages/airflow/example_dags/example_subdag_operator.py took 0.164 seconds
[2026-09-22T16:47:22.482+0000] {processor.py:161} INFO - Started process (PID=494) to work on /home/airflow/.local/lib/python3.12/site-packages/airflow/example_dags/example_subdag_operator.py
[2026-09-22T16:47:22.484+0000] {processor.py:830} INFO - Processing file /home/airflow/.local/lib/python3.12/site-packages/airflow/example_dags/example_subdag_operator.py for tasks to queue
[2026-09-22T16:47:22.486+0000] {logging_mixin.py:188} INFO - [2026-09-22T16:47:22.486+0000] {dagbag.py:545} INFO - Filling up the DagBag from /home/airflow/.local/lib/python3.12/site-packages/airflow/example_dags/example_subdag_operator.py
[2026-09-22T16:47:22.526+0000] {processor.py:840} INFO - DAG(s) 'example_subdag_operator.section-1', 'example_subdag_operator.section-2', 'example_subdag_operator' retrieved from /home/airflow/.local/lib/python3.12/site-packages/airflow/example_dags/example_subdag_operator.py
[2026-09-22T16:47:22.553+0000] {logging_mixin.py:188} INFO - [2026-09-22T16:47:22.553+0000] {dag.py:3089} INFO - Sync 3 DAGs
[2026-09-22T16:47:22.594+0000] {logging_mixin.py:188} INFO - [2026-09-22T16:47:22.593+0000] {dag.py:3947} INFO - Setting next_dagrun for example_subdag_operator to 2022-01-01 00:00:00+00:00, run_after=2022-01-01 00:00:00+00:00
[2026-09-22T16:47:22.601+0000] {logging_mixin.py:188} INFO - [2026-09-22T16:47:22.601+0000] {dag.py:3947} INFO - Setting next_dagrun for example_subdag_operator.section-1 to None, run_after=None
[2026-09-22T16:47:22.604+0000] {logging_mixin.py:188} INFO - [2026-09-22T16:47:22.604+0000] {dag.py:3947} INFO - Setting next_dagrun for example_subdag_operator.section-2 to None, run_after=None
[2026-09-22T16:47:22.617+0000] {logging_mixin.py:188} INFO - [2026-09-22T16:47:22.617+0000] {dag.py:3089} INFO - Sync 2 DAGs
[2026-09-22T16:47:22.624+0000] {logging_mixin.py:188} INFO - [2026-09-22T16:47:22.623+0000] {dag.py:3947} INFO - Setting next_dagrun for example_subdag_operator.section-1 to None, run_after=None
[2026-09-22T16:47:22.625+0000] {logging_mixin.py:188} INFO - [2026-09-22T16:47:22.624+0000] {dag.py:3947} INFO - Setting next_dagrun for example_subdag_operator.section-2 to None, run_after=None
[2026-09-22T16:47:22.666+0000] {processor.py:183} INFO - Processing /home/airflow/.local/lib/python3.12/site-packages/airflow/example_dags/example_subdag_operator.py took 0.193 seconds
[2026-09-22T16:47:53.122+0000] {processor.py:161} INFO - Started process (PID=552) to work on /home/airflow/.local/lib/python3.12/site-packages/airflow/example_dags/example_subdag_operator.py
[2026-09-22T16:47:53.124+0000] {processor.py:830} INFO - Processing file /home/airflow/.local/lib/python3.12/site-packages/airflow/example_dags/example_subdag_operator.py for tasks to queue
[2026-09-22T16:47:53.128+0000] {logging_mixin.py:188} INFO - [2026-09-22T16:47:53.127+0000] {dagbag.py:545} INFO - Filling up the DagBag from /home/airflow/.local/lib/python3.12/site-packages/airflow/example_dags/example_subdag_operator.py
[2026-09-22T16:47:53.167+0000] {processor.py:840} INFO - DAG(s) 'example_subdag_operator.section-1', 'example_subdag_operator.section-2', 'example_subdag_operator' retrieved from /home/airflow/.local/lib/python3.12/site-packages/airflow/example_dags/example_subdag_operator.py
[2026-09-22T16:47:53.205+0000] {logging_mixin.py:188} INFO - [2026-09-22T16:47:53.205+0000] {dag.py:3089} INFO - Sync 3 DAGs
[2026-09-22T16:47:53.256+0000] {logging_mixin.py:188} INFO - [2026-09-22T16:47:53.255+0000] {dag.py:3947} INFO - Setting next_dagrun for example_subdag_operator to 2022-01-01 00:00:00+00:00, run_after=2022-01-01 00:00:00+00:00
[2026-09-22T16:47:53.267+0000] {logging_mixin.py:188} INFO - [2026-09-22T16:47:53.266+0000] {dag.py:3947} INFO - Setting next_dagrun for example_subdag_operator.section-1 to None, run_after=None
[2026-09-22T16:47:53.270+0000] {logging_mixin.py:188} INFO - [2026-09-22T16:47:53.269+0000] {dag.py:3947} INFO - Setting next_dagrun for example_subdag_operator.section-2 to None, run_after=None
[2026-09-22T16:47:53.289+0000] {logging_mixin.py:188} INFO - [2026-09-22T16:47:53.288+0000] {dag.py:3089} INFO - Sync 2 DAGs
[2026-09-22T16:47:53.301+0000] {logging_mixin.py:188} INFO - [2026-09-22T16:47:53.301+0000] {dag.py:3947} INFO - Setting next_dagrun for example_subdag_operator.section-1 to None, run_after=None
[2026-09-22T16:47:53.303+0000] {logging_mixin.py:188} INFO - [2026-09-22T16:47:53.303+0000] {dag.py:3947} INFO - Setting next_dagrun for example_subdag_operator.section-2 to None, run_after=None
[2026-09-22T16:47:53.335+0000] {processor.py:183} INFO - Processing /home/airflow/.local/lib/python3.12/site-packages/airflow/example_dags/example_subdag_operator.py took 0.226 seconds
[2026-09-22T16:48:23.757+0000] {processor.py:161} INFO - Started process (PID=610) to work on /home/airflow/.local/lib/python3.12/site-packages/airflow/example_dags/example_subdag_operator.py
[2026-09-22T16:48:23.760+0000] {processor.py:830} INFO - Processing file /home/airflow/.local/lib/python3.12/site-packages/airflow/example_dags/example_subdag_operator.py for tasks to queue
[2026-09-22T16:48:23.766+0000] {logging_mixin.py:188} INFO - [2026-09-22T16:48:23.765+0000] {dagbag.py:545} INFO - Filling up the DagBag from /home/airflow/.local/lib/python3.12/site-packages/airflow/example_dags/example_subdag_operator.py
[2026-09-22T16:48:23.811+0000] {processor.py:840} INFO - DAG(s) 'example_subdag_operator.section-1', 'example_subdag_operator.section-2', 'example_subdag_operator' retrieved from /home/airflow/.local/lib/python3.12/site-packages/airflow/example_dags/example_subdag_operator.py
[2026-09-22T16:48:23.839+0000] {logging_mixin.py:188} INFO - [2026-09-22T16:48:23.838+0000] {dag.py:3089} INFO - Sync 3 DAGs
[2026-09-22T16:48:23.883+0000] {logging_mixin.py:188} INFO - [2026-09-22T16:48:23.882+0000] {dag.py:3947} INFO - Setting next_dagrun for example_subdag_operator to 2022-01-01 00:00:00+00:00, run_after=2022-01-01 00:00:00+00:00
[2026-09-22T16:48:23.891+0000] {logging_mixin.py:188} INFO - [2026-09-22T16:48:23.891+0000] {dag.py:3947} INFO - Setting next_dagrun for example_subdag_operator.section-1 to None, run_after=None
[2026-09-22T16:48:23.894+0000] {logging_mixin.py:188} INFO - [2026-09-22T16:48:23.894+0000] {dag.py:3947} INFO - Setting next_dagrun for example_subdag_operator.section-2 to None, run_after=None
[2026-09-22T16:48:23.908+0000] {logging_mixin.py:188} INFO - [2026-09-22T16:48:23.908+0000] {dag.py:3089} INFO - Sync 2 DAGs
[2026-09-22T16:48:23.919+0000] {logging_mixin.py:188} INFO - [2026-09-22T16:48:23.919+0000] {dag.py:3947} INFO - Setting next_dagrun for example_subdag_operator.section-1 to None, run_after=None
[2026-09-22T16:48:23.920+0000] {logging_mixin.py:188} INFO - [2026-09-22T16:48:23.920+0000] {dag.py:3947} INFO - Setting next_dagrun for example_subdag_operator.section-2 to None, run_after=None
[2026-09-22T16:48:23.952+0000] {processor.py:183} INFO - Processing /home/airflow/.local/lib/python3.12/site-packages/airflow/example_dags/example_subdag_operator.py took 0.207 seconds
[2026-09-22T16:48:54.936+0000] {processor.py:161} INFO - Started process (PID=668) to work on /home/airflow/.local/lib/python3.12/site-packages/airflow/example_dags/example_subdag_operator.py
[2026-09-22T16:48:54.937+0000] {processor.py:830} INFO - Processing file /home/airflow/.local/lib/python3.12/site-packages/airflow/example_dags/example_subdag_operator.py for tasks to queue
[2026-09-22T16:48:54.940+0000] {logging_mixin.py:188} INFO - [2026-09-22T16:48:54.940+0000] {dagbag.py:545} INFO - Filling up the DagBag from /home/airflow/.local/lib/python3.12/site-packages/airflow/example_dags/example_subdag_operator.py
[2026-09-22T16:48:54.976+0000] {processor.py:840} INFO - DAG(s) 'example_subdag_operator.section-1', 'example_subdag_operator.section-2', 'example_subdag_operator' retrieved from /home/airflow/.local/lib/python3.12/site-packages/airflow/example_dags/example_subdag_operator.py
[2026-09-22T16:48:55.005+0000] {logging_mixin.py:188} INFO - [2026-09-22T16:48:55.004+0000] {dag.py:3089} INFO - Sync 3 DAGs
[2026-09-22T16:48:55.040+0000] {logging_mixin.py:188} INFO - [2026-09-22T16:48:55.040+0000] {dag.py:3947} INFO - Setting next_dagrun for example_subdag_operator to 2022-01-01 00:00:00+00:00, run_after=2022-01-01 00:00:00+00:00
[2026-09-22T16:48:55.046+0000] {logging_mixin.py:188} INFO - [2026-09-22T16:48:55.045+0000] {dag.py:3947} INFO - Setting next_dagrun for example_subdag_operator.section-1 to None, run_after=None
[2026-09-22T16:48:55.048+0000] {logging_mixin.py:188} INFO - [2026-09-22T16:48:55.048+0000] {dag.py:3947} INFO - Setting next_dagrun for example_subdag_operator.section-2 to None, run_after=None
[2026-09-22T16:48:55.059+0000] {logging_mixin.py:188} INFO - [2026-09-22T16:48:55.059+0000] {dag.py:3089} INFO - Sync 2 DAGs
[2026-09-22T16:48:55.068+0000] {logging_mixin.py:188} INFO - [2026-09-22T16:48:55.068+0000] {dag.py:3947} INFO - Setting next_dagrun for example_subdag_operator.section-1 to None, run_after=None
[2026-09-22T16:48:55.069+0000] {logging_mixin.py:188} INFO - [2026-09-22T16:48:55.069+0000] {dag.py:3947} INFO - Setting next_dagrun for example_subdag_operator.section-2 to None, run_after=None
[2026-09-22T16:48:55.093+0000] {processor.py:183} INFO - Processing /home/airflow/.local/lib/python3.12/site-packages/airflow/example_dags/example_subdag_operator.py took 0.166 seconds
[2026-09-22T16:49:25.675+0000] {processor.py:161} INFO - Started process (PID=727) to work on /home/airflow/.local/lib/python3.12/site-packages/airflow/example_dags/example_subdag_operator.py
[2026-09-22T16:49:25.677+0000] {processor.py:830} INFO - Processing file /home/airflow/.local/lib/python3.12/site-packages/airflow/example_dags/example_subdag_operator.py for tasks to queue
[2026-09-22T16:49:25.681+0000] {logging_mixin.py:188} INFO - [2026-09-22T16:49:25.680+0000] {dagbag.py:545} INFO - Filling up the DagBag from /home/airflow/.local/lib/python3.12/site-packages/airflow/example_dags/example_subdag_operator.py
[2026-09-22T16:49:25.736+0000] {processor.py:840} INFO - DAG(s) 'example_subdag_operator.section-1', 'example_subdag_operator.section-2', 'example_subdag_operator' retrieved from /home/airflow/.local/lib/python3.12/site-packages/airflow/example_dags/example_subdag_operator.py
[2026-09-22T16:49:25.771+0000] {logging_mixin.py:188} INFO - [2026-09-22T16:49:25.771+0000] {dag.py:3089} INFO - Sync 3 DAGs
[2026-09-22T16:49:25.819+0000] {logging_mixin.py:188} INFO - [2026-09-22T16:49:25.819+0000] {dag.py:3947} INFO - Setting next_dagrun for example_subdag_operator to 2022-01-01 00:00:00+00:00, run_after=2022-01-01 00:00:00+00:00
[2026-09-22T16:49:25.831+0000] {logging_mixin.py:188} INFO - [2026-09-22T16:49:25.829+0000] {dag.py:3947} INFO - Setting next_dagrun for example_subdag_operator.section-1 to None, run_after=None
[2026-09-22T16:49:25.836+0000] {logging_mixin.py:188} INFO - [2026-09-22T16:49:25.836+0000] {dag.py:3947} INFO - Setting next_dagrun for example_subdag_operator.section-2 to None, run_after=None
[2026-09-22T16:49:25.858+0000] {logging_mixin.py:188} INFO - [2026-09-22T16:49:25.857+0000] {dag.py:3089} INFO - Sync 2 DAGs
[2026-09-22T16:49:25.876+0000] {logging_mixin.py:188} INFO - [2026-09-22T16:49:25.875+0000] {dag.py:3947} INFO - Setting next_dagrun for example_subdag_operator.section-1 to None, run_after=None
[2026-09-22T16:49:25.878+0000] {logging_mixin.py:188} INFO - [2026-09-22T16:49:25.877+0000] {dag.py:3947} INFO - Setting next_dagrun for example_subdag_operator.section-2 to None, run_after=None
[2026-09-22T16:49:25.913+0000] {processor.py:183} INFO - Processing /home/airflow/.local/lib/python3.12/site-packages/airflow/example_dags/example_subdag_operator.py took 0.248 seconds
[2026-09-22T16:49:56.157+0000] {processor.py:161} INFO - Started process (PID=785) to work on /home/airflow/.local/lib/python3.12/site-packages/airflow/example_dags/example_subdag_operator.py
[2026-09-22T16:49:56.158+0000] {processor.py:830} INFO - Processing file /home/airflow/.local/lib/python3.12/site-packages/airflow/example_dags/example_subdag_operator.py for tasks to queue
[2026-09-22T16:49:56.162+0000] {logging_mixin.py:188} INFO - [2026-09-22T16:49:56.161+0000] {dagbag.py:545} INFO - Filling up the DagBag from /home/airflow/.local/lib/python3.12/site-packages/airflow/example_dags/example_subdag_operator.py
[2026-09-22T16:49:56.203+0000] {processor.py:840} INFO - DAG(s) 'example_subdag_operator.section-1', 'example_subdag_operator.section-2', 'example_subdag_operator' retrieved from /home/airflow/.local/lib/python3.12/site-packages/airflow/example_dags/example_subdag_operator.py
[2026-09-22T16:49:56.239+0000] {logging_mixin.py:188} INFO - [2026-09-22T16:49:56.238+0000] {dag.py:3089} INFO - Sync 3 DAGs
[2026-09-22T16:49:56.285+0000] {logging_mixin.py:188} INFO - [2026-09-22T16:49:56.284+0000] {dag.py:3947} INFO - Setting next_dagrun for example_subdag_operator to 2022-01-01 00:00:00+00:00, run_after=2022-01-01 00:00:00+00:00
[2026-09-22T16:49:56.292+0000] {logging_mixin.py:188} INFO - [2026-09-22T16:49:56.291+0000] {dag.py:3947} INFO - Setting next_dagrun for example_subdag_operator.section-1 to None, run_after=None
[2026-09-22T16:49:56.294+0000] {logging_mixin.py:188} INFO - [2026-09-22T16:49:56.294+0000] {dag.py:3947} INFO - Setting next_dagrun for example_subdag_operator.section-2 to None, run_after=None
[2026-09-22T16:49:56.305+0000] {logging_mixin.py:188} INFO - [2026-09-22T16:49:56.305+0000] {dag.py:3089} INFO - Sync 2 DAGs
[2026-09-22T16:49:56.314+0000] {logging_mixin.py:188} INFO - [2026-09-22T16:49:56.314+0000] {dag.py:3947} INFO - Setting next_dagrun for example_subdag_operator.section-1 to None, run_after=None
[2026-09-22T16:49:56.315+0000] {logging_mixin.py:188} INFO - [2026-09-22T16:49:56.315+0000] {dag.py:3947} INFO - Setting next_dagrun for example_subdag_operator.section-2 to None, run_after=None
[2026-09-22T16:49:56.345+0000] {processor.py:183} INFO - Processing /home/airflow/.local/lib/python3.12/site-packages/airflow/example_dags/example_subdag_operator.py took 0.201 seconds
[2026-09-22T16:50:26.471+0000] {processor.py:161} INFO - Started process (PID=844) to work on /home/airflow/.local/lib/python3.12/site-packages/airflow/example_dags/example_subdag_operator.py
[2026-09-22T16:50:26.476+0000] {processor.py:830} INFO - Processing file /home/airflow/.local/lib/python3.12/site-packages/airflow/example_dags/example_subdag_operator.py for tasks to queue
[2026-09-22T16:50:26.483+0000] {logging_mixin.py:188} INFO - [2026-09-22T16:50:26.481+0000] {dagbag.py:545} INFO - Filling up the DagBag from /home/airflow/.local/lib/python3.12/site-packages/airflow/example_dags/example_subdag_operator.py
[2026-09-22T16:50:26.529+0000] {processor.py:840} INFO - DAG(s) 'example_subdag_operator.section-1', 'example_subdag_operator.section-2', 'example_subdag_operator' retrieved from /home/airflow/.local/lib/python3.12/site-packages/airflow/example_dags/example_subdag_operator.py
[2026-09-22T16:50:26.571+0000] {logging_mixin.py:188} INFO - [2026-09-22T16:50:26.570+0000] {dag.py:3089} INFO - Sync 3 DAGs
[2026-09-22T16:50:26.620+0000] {logging_mixin.py:188} INFO - [2026-09-22T16:50:26.618+0000] {dag.py:3947} INFO - Setting next_dagrun for example_subdag_operator to 2022-01-01 00:00:00+00:00, run_after=2022-01-01 00:00:00+00:00
[2026-09-22T16:50:26.635+0000] {logging_mixin.py:188} INFO - [2026-09-22T16:50:26.634+0000] {dag.py:3947} INFO - Setting next_dagrun for example_subdag_operator.section-1 to None, run_after=None
[2026-09-22T16:50:26.658+0000] {logging_mixin.py:188} INFO - [2026-09-22T16:50:26.658+0000] {dag.py:3947} INFO - Setting next_dagrun for example_subdag_operator.section-2 to None, run_after=None
[2026-09-22T16:50:26.708+0000] {logging_mixin.py:188} INFO - [2026-09-22T16:50:26.707+0000] {dag.py:3089} INFO - Sync 2 DAGs
[2026-09-22T16:50:26.724+0000] {logging_mixin.py:188} INFO - [2026-09-22T16:50:26.724+0000] {dag.py:3947} INFO - Setting next_dagrun for example_subdag_operator.section-1 to None, run_after=None
[2026-09-22T16:50:26.725+0000] {logging_mixin.py:188} INFO - [2026-09-22T16:50:26.725+0000] {dag.py:3947} INFO - Setting next_dagrun for example_subdag_operator.section-2 to None, run_after=None
[2026-09-22T16:50:26.757+0000] {processor.py:183} INFO - Processing /home/airflow/.local/lib/python3.12/site-packages/airflow/example_dags/example_subdag_operator.py took 0.297 seconds
[2026-09-22T16:50:57.293+0000] {processor.py:161} INFO - Started process (PID=902) to work on /home/airflow/.local/lib/python3.12/site-packages/airflow/example_dags/example_subdag_operator.py
[2026-09-22T16:50:57.296+0000] {processor.py:830} INFO - Processing file /home/airflow/.local/lib/python3.12/site-packages/airflow/example_dags/example_subdag_operator.py for tasks to queue
[2026-09-22T16:50:57.301+0000] {logging_mixin.py:188} INFO - [2026-09-22T16:50:57.300+0000] {dagbag.py:545} INFO - Filling up the DagBag from /home/airflow/.local/lib/python3.12/site-packages/airflow/example_dags/example_subdag_operator.py
[2026-09-22T16:50:57.372+0000] {processor.py:840} INFO - DAG(s) 'example_subdag_operator.section-1', 'example_subdag_operator.section-2', 'example_subdag_operator' retrieved from /home/airflow/.local/lib/python3.12/site-packages/airflow/example_dags/example_subdag_operator.py
[2026-09-22T16:50:57.430+0000] {logging_mixin.py:188} INFO - [2026-09-22T16:50:57.430+0000] {dag.py:3089} INFO - Sync 3 DAGs
[2026-09-22T16:50:57.512+0000] {logging_mixin.py:188} INFO - [2026-09-22T16:50:57.511+0000] {dag.py:3947} INFO - Setting next_dagrun for example_subdag_operator to 2022-01-01 00:00:00+00:00, run_after=2022-01-01 00:00:00+00:00
[2026-09-22T16:50:57.525+0000] {logging_mixin.py:188} INFO - [2026-09-22T16:50:57.525+0000] {dag.py:3947} INFO - Setting next_dagrun for example_subdag_operator.section-1 to None, run_after=None
[2026-09-22T16:50:57.528+0000] {logging_mixin.py:188} INFO - [2026-09-22T16:50:57.528+0000] {dag.py:3947} INFO - Setting next_dagrun for example_subdag_operator.section-2 to None, run_after=None
[2026-09-22T16:50:57.549+0000] {logging_mixin.py:188} INFO - [2026-09-22T16:50:57.548+0000] {dag.py:3089} INFO - Sync 2 DAGs
[2026-09-22T16:50:57.570+0000] {logging_mixin.py:188} INFO - [2026-09-22T16:50:57.570+0000] {dag.py:3947} INFO - Setting next_dagrun for example_subdag_operator.section-1 to None, run_after=None
[2026-09-22T16:50:57.573+0000] {logging_mixin.py:188} INFO - [2026-09-22T16:50:57.572+0000] {dag.py:3947} INFO - Setting next_dagrun for example_subdag_operator.section-2 to None, run_after=None
[2026-09-22T16:50:57.615+0000] {processor.py:183} INFO - Processing /home/airflow/.local/lib/python3.12/site-packages/airflow/example_dags/example_subdag_operator.py took 0.341 seconds
[2026-09-22T16:51:27.742+0000] {processor.py:161} INFO - Started process (PID=960) to work on /home/airflow/.local/lib/python3.12/site-packages/airflow/example_dags/example_subdag_operator.py
[2026-09-22T16:51:27.743+0000] {processor.py:830} INFO - Processing file /home/airflow/.local/lib/python3.12/site-packages/airflow/example_dags/example_subdag_operator.py for tasks to queue
[2026-09-22T16:51:27.749+0000] {logging_mixin.py:188} INFO - [2026-09-22T16:51:27.748+0000] {dagbag.py:545} INFO - Filling up the DagBag from /home/airflow/.local/lib/python3.12/site-packages/airflow/example_dags/example_subdag_operator.py
[2026-09-22T16:51:27.806+0000] {processor.py:840} INFO - DAG(s) 'example_subdag_operator.section-1', 'example_subdag_operator.section-2', 'example_subdag_operator' retrieved from /home/airflow/.local/lib/python3.12/site-packages/airflow/example_dags/example_subdag_operator.py
[2026-09-22T16:51:27.845+0000] {logging_mixin.py:188} INFO - [2026-09-22T16:51:27.845+0000] {dag.py:3089} INFO - Sync 3 DAGs
[2026-09-22T16:51:27.903+0000] {logging_mixin.py:188} INFO - [2026-09-22T16:51:27.902+0000] {dag.py:3947} INFO - Setting next_dagrun for example_subdag_operator to 2022-01-01 00:00:00+00:00, run_after=2022-01-01 00:00:00+00:00
[2026-09-22T16:51:27.920+0000] {logging_mixin.py:188} INFO - [2026-09-22T16:51:27.919+0000] {dag.py:3947} INFO - Setting next_dagrun for example_subdag_operator.section-1 to None, run_after=None
[2026-09-22T16:51:27.927+0000] {logging_mixin.py:188} INFO - [2026-09-22T16:51:27.926+0000] {dag.py:3947} INFO - Setting next_dagrun for example_subdag_operator.section-2 to None, run_after=None
[2026-09-22T16:51:27.952+0000] {logging_mixin.py:188} INFO - [2026-09-22T16:51:27.952+0000] {dag.py:3089} INFO - Sync 2 DAGs
[2026-09-22T16:51:27.975+0000] {logging_mixin.py:188} INFO - [2026-09-22T16:51:27.975+0000] {dag.py:3947} INFO - Setting next_dagrun for example_subdag_operator.section-1 to None, run_after=None
[2026-09-22T16:51:27.981+0000] {logging_mixin.py:188} INFO - [2026-09-22T16:51:27.980+0000] {dag.py:3947} INFO - Setting next_dagrun for example_subdag_operator.section-2 to None, run_after=None
[2026-09-22T16:51:28.035+0000] {processor.py:183} INFO - Processing /home/airflow/.local/lib/python3.12/site-packages/airflow/example_dags/example_subdag_operator.py took 0.306 seconds
[2026-09-22T16:52:22.623+0000] {processor.py:161} INFO - Started process (PID=1010) to work on /home/airflow/.local/lib/python3.12/site-packages/airflow/example_dags/example_subdag_operator.py
[2026-09-22T16:52:22.627+0000] {processor.py:830} INFO - Processing file /home/airflow/.local/lib/python3.12/site-packages/airflow/example_dags/example_subdag_operator.py for tasks to queue
[2026-09-22T16:52:22.630+0000] {logging_mixin.py:188} INFO - [2026-09-22T16:52:22.629+0000] {dagbag.py:545} INFO - Filling up the DagBag from /home/airflow/.local/lib/python3.12/site-packages/airflow/example_dags/example_subdag_operator.py
[2026-09-22T16:52:22.670+0000] {processor.py:840} INFO - DAG(s) 'example_subdag_operator.section-1', 'example_subdag_operator.section-2', 'example_subdag_operator' retrieved from /home/airflow/.local/lib/python3.12/site-packages/airflow/example_dags/example_subdag_operator.py
[2026-09-22T16:52:22.695+0000] {logging_mixin.py:188} INFO - [2026-09-22T16:52:22.695+0000] {dag.py:3089} INFO - Sync 3 DAGs
[2026-09-22T16:52:22.741+0000] {logging_mixin.py:188} INFO - [2026-09-22T16:52:22.741+0000] {dag.py:3947} INFO - Setting next_dagrun for example_subdag_operator to 2022-01-01 00:00:00+00:00, run_after=2022-01-01 00:00:00+00:00
[2026-09-22T16:52:22.750+0000] {logging_mixin.py:188} INFO - [2026-09-22T16:52:22.749+0000] {dag.py:3947} INFO - Setting next_dagrun for example_subdag_operator.section-1 to None, run_after=None
[2026-09-22T16:52:22.752+0000] {logging_mixin.py:188} INFO - [2026-09-22T16:52:22.752+0000] {dag.py:3947} INFO - Setting next_dagrun for example_subdag_operator.section-2 to None, run_after=None
[2026-09-22T16:52:22.765+0000] {logging_mixin.py:188} INFO - [2026-09-22T16:52:22.764+0000] {dag.py:3089} INFO - Sync 2 DAGs
[2026-09-22T16:52:22.773+0000] {logging_mixin.py:188} INFO - [2026-09-22T16:52:22.772+0000] {dag.py:3947} INFO - Setting next_dagrun for example_subdag_operator.section-1 to None, run_after=None
[2026-09-22T16:52:22.774+0000] {logging_mixin.py:188} INFO - [2026-09-22T16:52:22.774+0000] {dag.py:3947} INFO - Setting next_dagrun for example_subdag_operator.section-2 to None, run_after=None
[2026-09-22T16:52:22.797+0000] {processor.py:183} INFO - Processing /home/airflow/.local/lib/python3.12/site-packages/airflow/example_dags/example_subdag_operator.py took 0.183 seconds
[2026-09-22T16:52:52.949+0000] {processor.py:161} INFO - Started process (PID=1068) to work on /home/airflow/.local/lib/python3.12/site-packages/airflow/example_dags/example_subdag_operator.py
[2026-09-22T16:52:52.950+0000] {processor.py:830} INFO - Processing file /home/airflow/.local/lib/python3.12/site-packages/airflow/example_dags/example_subdag_operator.py for tasks to queue
[2026-09-22T16:52:52.952+0000] {logging_mixin.py:188} INFO - [2026-09-22T16:52:52.952+0000] {dagbag.py:545} INFO - Filling up the DagBag from /home/airflow/.local/lib/python3.12/site-packages/airflow/example_dags/example_subdag_operator.py
[2026-09-22T16:52:52.982+0000] {processor.py:840} INFO - DAG(s) 'example_subdag_operator.section-1', 'example_subdag_operator.section-2', 'example_subdag_operator' retrieved from /home/airflow/.local/lib/python3.12/site-packages/airflow/example_dags/example_subdag_operator.py
[2026-09-22T16:52:52.998+0000] {logging_mixin.py:188} INFO - [2026-09-22T16:52:52.998+0000] {dag.py:3089} INFO - Sync 3 DAGs
[2026-09-22T16:52:53.020+0000] {logging_mixin.py:188} INFO - [2026-09-22T16:52:53.020+0000] {dag.py:3947} INFO - Setting next_dagrun for example_subdag_operator to 2022-01-01 00:00:00+00:00, run_after=2022-01-01 00:00:00+00:00
[2026-09-22T16:52:53.027+0000] {logging_mixin.py:188} INFO - [2026-09-22T16:52:53.026+0000] {dag.py:3947} INFO - Setting next_dagrun for example_subdag_operator.section-1 to None, run_after=None
[2026-09-22T16:52:53.028+0000] {logging_mixin.py:188} INFO - [2026-09-22T16:52:53.028+0000] {dag.py:3947} INFO - Setting next_dagrun for example_subdag_operator.section-2 to None, run_after=None
[2026-09-22T16:52:53.033+0000] {logging_mixin.py:188} INFO - [2026-09-22T16:52:53.033+0000] {dag.py:3089} INFO - Sync 2 DAGs
[2026-09-22T16:52:53.038+0000] {logging_mixin.py:188} INFO - [2026-09-22T16:52:53.037+0000] {dag.py:3947} INFO - Setting next_dagrun for example_subdag_operator.section-1 to None, run_after=None
[2026-09-22T16:52:53.039+0000] {logging_mixin.py:188} INFO - [2026-09-22T16:52:53.039+0000] {dag.py:3947} INFO - Setting next_dagrun for example_subdag_operator.section-2 to None, run_after=None
[2026-09-22T16:52:53.054+0000] {processor.py:183} INFO - Processing /home/airflow/.local/lib/python3.12/site-packages/airflow/example_dags/example_subdag_operator.py took 0.111 seconds
[2026-09-22T16:53:23.238+0000] {processor.py:161} INFO - Started process (PID=1126) to work on /home/airflow/.local/lib/python3.12/site-packages/airflow/example_dags/example_subdag_operator.py
[2026-09-22T16:53:23.240+0000] {processor.py:830} INFO - Processing file /home/airflow/.local/lib/python3.12/site-packages/airflow/example_dags/example_subdag_operator.py for tasks to queue
[2026-09-22T16:53:23.243+0000] {logging_mixin.py:188} INFO - [2026-09-22T16:53:23.243+0000] {dagbag.py:545} INFO - Filling up the DagBag from /home/airflow/.local/lib/python3.12/site-packages/airflow/example_dags/example_subdag_operator.py
[2026-09-22T16:53:23.269+0000] {processor.py:840} INFO - DAG(s) 'example_subdag_operator.section-1', 'example_subdag_operator.section-2', 'example_subdag_operator' retrieved from /home/airflow/.local/lib/python3.12/site-packages/airflow/example_dags/example_subdag_operator.py
[2026-09-22T16:53:23.285+0000] {logging_mixin.py:188} INFO - [2026-09-22T16:53:23.285+0000] {dag.py:3089} INFO - Sync 3 DAGs
[2026-09-22T16:53:23.310+0000] {logging_mixin.py:188} INFO - [2026-09-22T16:53:23.310+0000] {dag.py:3947} INFO - Setting next_dagrun for example_subdag_operator to 2022-01-01 00:00:00+00:00, run_after=2022-01-01 00:00:00+00:00
[2026-09-22T16:53:23.314+0000] {logging_mixin.py:188} INFO - [2026-09-22T16:53:23.314+0000] {dag.py:3947} INFO - Setting next_dagrun for example_subdag_operator.section-1 to None, run_after=None
[2026-09-22T16:53:23.315+0000] {logging_mixin.py:188} INFO - [2026-09-22T16:53:23.315+0000] {dag.py:3947} INFO - Setting next_dagrun for example_subdag_operator.section-2 to None, run_after=None
[2026-09-22T16:53:23.323+0000] {logging_mixin.py:188} INFO - [2026-09-22T16:53:23.322+0000] {dag.py:3089} INFO - Sync 2 DAGs
[2026-09-22T16:53:23.329+0000] {logging_mixin.py:188} INFO - [2026-09-22T16:53:23.329+0000] {dag.py:3947} INFO - Setting next_dagrun for example_subdag_operator.section-1 to None, run_after=None
[2026-09-22T16:53:23.330+0000] {logging_mixin.py:188} INFO - [2026-09-22T16:53:23.330+0000] {dag.py:3947} INFO - Setting next_dagrun for example_subdag_operator.section-2 to None, run_after=None
[2026-09-22T16:53:23.349+0000] {processor.py:183} INFO - Processing /home/airflow/.local/lib/python3.12/site-packages/airflow/example_dags/example_subdag_operator.py took 0.117 seconds
[2026-09-22T16:53:53.509+0000] {processor.py:161} INFO - Started process (PID=1184) to work on /home/airflow/.local/lib/python3.12/site-packages/airflow/example_dags/example_subdag_operator.py
[2026-09-22T16:53:53.510+0000] {processor.py:830} INFO - Processing file /home/airflow/.local/lib/python3.12/site-packages/airflow/example_dags/example_subdag_operator.py for tasks to queue
[2026-09-22T16:53:53.511+0000] {logging_mixin.py:188} INFO - [2026-09-22T16:53:53.511+0000] {dagbag.py:545} INFO - Filling up the DagBag from /home/airflow/.local/lib/python3.12/site-packages/airflow/example_dags/example_subdag_operator.py
[2026-09-22T16:53:53.534+0000] {processor.py:840} INFO - DAG(s) 'example_subdag_operator.section-1', 'example_subdag_operator.section-2', 'example_subdag_operator' retrieved from /home/airflow/.local/lib/python3.12/site-packages/airflow/example_dags/example_subdag_operator.py
[2026-09-22T16:53:53.548+0000] {logging_mixin.py:188} INFO - [2026-09-22T16:53:53.548+0000] {dag.py:3089} INFO - Sync 3 DAGs
[2026-09-22T16:53:53.570+0000] {logging_mixin.py:188} INFO - [2026-09-22T16:53:53.570+0000] {dag.py:3947} INFO - Setting next_dagrun for example_subdag_operator to 2022-01-01 00:00:00+00:00, run_after=2022-01-01 00:00:00+00:00
[2026-09-22T16:53:53.575+0000] {logging_mixin.py:188} INFO - [2026-09-22T16:53:53.574+0000] {dag.py:3947} INFO - Setting next_dagrun for example_subdag_operator.section-1 to None, run_after=None
[2026-09-22T16:53:53.577+0000] {logging_mixin.py:188} INFO - [2026-09-22T16:53:53.576+0000] {dag.py:3947} INFO - Setting next_dagrun for example_subdag_operator.section-2 to None, run_after=None
[2026-09-22T16:53:53.585+0000] {logging_mixin.py:188} INFO - [2026-09-22T16:53:53.584+0000] {dag.py:3089} INFO - Sync 2 DAGs
[2026-09-22T16:53:53.591+0000] {logging_mixin.py:188} INFO - [2026-09-22T16:53:53.591+0000] {dag.py:3947} INFO - Setting next_dagrun for example_subdag_operator.section-1 to None, run_after=None
[2026-09-22T16:53:53.592+0000] {logging_mixin.py:188} INFO - [2026-09-22T16:53:53.592+0000] {dag.py:3947} INFO - Setting next_dagrun for example_subdag_operator.section-2 to None, run_after=None
[2026-09-22T16:53:53.608+0000] {processor.py:183} INFO - Processing /home/airflow/.local/lib/python3.12/site-packages/airflow/example_dags/example_subdag_operator.py took 0.105 seconds
[2026-09-22T16:54:23.699+0000] {processor.py:161} INFO - Started process (PID=1242) to work on /home/airflow/.local/lib/python3.12/site-packages/airflow/example_dags/example_subdag_operator.py
[2026-09-22T16:54:23.700+0000] {processor.py:830} INFO - Processing file /home/airflow/.local/lib/python3.12/site-packages/airflow/example_dags/example_subdag_operator.py for tasks to queue
[2026-09-22T16:54:23.702+0000] {logging_mixin.py:188} INFO - [2026-09-22T16:54:23.702+0000] {dagbag.py:545} INFO - Filling up the DagBag from /home/airflow/.local/lib/python3.12/site-packages/airflow/example_dags/example_subdag_operator.py
[2026-09-22T16:54:23.724+0000] {processor.py:840} INFO - DAG(s) 'example_subdag_operator.section-1', 'example_subdag_operator.section-2', 'example_subdag_operator' retrieved from /home/airflow/.local/lib/python3.12/site-packages/airflow/example_dags/example_subdag_operator.py
[2026-09-22T16:54:23.738+0000] {logging_mixin.py:188} INFO - [2026-09-22T16:54:23.738+0000] {dag.py:3089} INFO - Sync 3 DAGs
[2026-09-22T16:54:23.756+0000] {logging_mixin.py:188} INFO - [2026-09-22T16:54:23.756+0000] {dag.py:3947} INFO - Setting next_dagrun for example_subdag_operator to 2022-01-01 00:00:00+00:00, run_after=2022-01-01 00:00:00+00:00
[2026-09-22T16:54:23.761+0000] {logging_mixin.py:188} INFO - [2026-09-22T16:54:23.760+0000] {dag.py:3947} INFO - Setting next_dagrun for example_subdag_operator.section-1 to None, run_after=None
[2026-09-22T16:54:23.762+0000] {logging_mixin.py:188} INFO - [2026-09-22T16:54:23.762+0000] {dag.py:3947} INFO - Setting next_dagrun for example_subdag_operator.section-2 to None, run_after=None
[2026-09-22T16:54:23.771+0000] {logging_mixin.py:188} INFO - [2026-09-22T16:54:23.771+0000] {dag.py:3089} INFO - Sync 2 DAGs
[2026-09-22T16:54:23.779+0000] {logging_mixin.py:188} INFO - [2026-09-22T16:54:23.779+0000] {dag.py:3947} INFO - Setting next_dagrun for example_subdag_operator.section-1 to None, run_after=None
[2026-09-22T16:54:23.780+0000] {logging_mixin.py:188} INFO - [2026-09-22T16:54:23.780+0000] {dag.py:3947} INFO - Setting next_dagrun for example_subdag_operator.section-2 to None, run_after=None
[2026-09-22T16:54:23.800+0000] {processor.py:183} INFO - Processing /home/airflow/.local/lib/python3.12/site-packages/airflow/example_dags/example_subdag_operator.py took 0.106 seconds
[2026-09-22T16:54:54.333+0000] {processor.py:161} INFO - Started process (PID=1300) to work on /home/airflow/.local/lib/python3.12/site-packages/airflow/example_dags/example_subdag_operator.py
[2026-09-22T16:54:54.335+0000] {processor.py:830} INFO - Processing file /home/airflow/.local/lib/python3.12/site-packages/airflow/example_dags/example_subdag_operator.py for tasks to queue
[2026-09-22T16:54:54.338+0000] {logging_mixin.py:188} INFO - [2026-09-22T16:54:54.337+0000] {dagbag.py:545} INFO - Filling up the DagBag from /home/airflow/.local/lib/python3.12/site-packages/airflow/example_dags/example_subdag_operator.py
[2026-09-22T16:54:54.365+0000] {processor.py:840} INFO - DAG(s) 'example_subdag_operator.section-1', 'example_subdag_operator.section-2', 'example_subdag_operator' retrieved from /home/airflow/.local/lib/python3.12/site-packages/airflow/example_dags/example_subdag_operator.py
[2026-09-22T16:54:54.380+0000] {logging_mixin.py:188} INFO - [2026-09-22T16:54:54.380+0000] {dag.py:3089} INFO - Sync 3 DAGs
[2026-09-22T16:54:54.403+0000] {logging_mixin.py:188} INFO - [2026-09-22T16:54:54.402+0000] {dag.py:3947} INFO - Setting next_dagrun for example_subdag_operator to 2022-01-01 00:00:00+00:00, run_after=2022-01-01 00:00:00+00:00
[2026-09-22T16:54:54.408+0000] {logging_mixin.py:188} INFO - [2026-09-22T16:54:54.408+0000] {dag.py:3947} INFO - Setting next_dagrun for example_subdag_operator.section-1 to None, run_after=None
[2026-09-22T16:54:54.411+0000] {logging_mixin.py:188} INFO - [2026-09-22T16:54:54.410+0000] {dag.py:3947} INFO - Setting next_dagrun for example_subdag_operator.section-2 to None, run_after=None
[2026-09-22T16:54:54.421+0000] {logging_mixin.py:188} INFO - [2026-09-22T16:54:54.420+0000] {dag.py:3089} INFO - Sync 2 DAGs
[2026-09-22T16:54:54.426+0000] {logging_mixin.py:188} INFO - [2026-09-22T16:54:54.426+0000] {dag.py:3947} INFO - Setting next_dagrun for example_subdag_operator.section-1 to None, run_after=None
[2026-09-22T16:54:54.427+0000] {logging_mixin.py:188} INFO - [2026-09-22T16:54:54.426+0000] {dag.py:3947} INFO - Setting next_dagrun for example_subdag_operator.section-2 to None, run_after=None
[2026-09-22T16:54:54.440+0000] {processor.py:183} INFO - Processing /home/airflow/.local/lib/python3.12/site-packages/airflow/example_dags/example_subdag_operator.py took 0.116 seconds
[2026-09-22T16:55:24.752+0000] {processor.py:161} INFO - Started process (PID=1358) to work on /home/airflow/.local/lib/python3.12/site-packages/airflow/example_dags/example_subdag_operator.py
[2026-09-22T16:55:24.756+0000] {processor.py:830} INFO - Processing file /home/airflow/.local/lib/python3.12/site-packages/airflow/example_dags/example_subdag_operator.py for tasks to queue
[2026-09-22T16:55:24.759+0000] {logging_mixin.py:188} INFO - [2026-09-22T16:55:24.759+0000] {dagbag.py:545} INFO - Filling up the DagBag from /home/airflow/.local/lib/python3.12/site-packages/airflow/example_dags/example_subdag_operator.py
[2026-09-22T16:55:24.785+0000] {processor.py:840} INFO - DAG(s) 'example_subdag_operator.section-1', 'example_subdag_operator.section-2', 'example_subdag_operator' retrieved from /home/airflow/.local/lib/python3.12/site-packages/airflow/example_dags/example_subdag_operator.py
[2026-09-22T16:55:24.802+0000] {logging_mixin.py:188} INFO - [2026-09-22T16:55:24.802+0000] {dag.py:3089} INFO - Sync 3 DAGs
[2026-09-22T16:55:24.828+0000] {logging_mixin.py:188} INFO - [2026-09-22T16:55:24.827+0000] {dag.py:3947} INFO - Setting next_dagrun for example_subdag_operator to 2022-01-01 00:00:00+00:00, run_after=2022-01-01 00:00:00+00:00
[2026-09-22T16:55:24.833+0000] {logging_mixin.py:188} INFO - [2026-09-22T16:55:24.833+0000] {dag.py:3947} INFO - Setting next_dagrun for example_subdag_operator.section-1 to None, run_after=None
[2026-09-22T16:55:24.835+0000] {logging_mixin.py:188} INFO - [2026-09-22T16:55:24.834+0000] {dag.py:3947} INFO - Setting next_dagrun for example_subdag_operator.section-2 to None, run_after=None
[2026-09-22T16:55:24.844+0000] {logging_mixin.py:188} INFO - [2026-09-22T16:55:24.844+0000] {dag.py:3089} INFO - Sync 2 DAGs
[2026-09-22T16:55:24.851+0000] {logging_mixin.py:188} INFO - [2026-09-22T16:55:24.851+0000] {dag.py:3947} INFO - Setting next_dagrun for example_subdag_operator.section-1 to None, run_after=None
[2026-09-22T16:55:24.852+0000] {logging_mixin.py:188} INFO - [2026-09-22T16:55:24.852+0000] {dag.py:3947} INFO - Setting next_dagrun for example_subdag_operator.section-2 to None, run_after=None
[2026-09-22T16:55:24.869+0000] {processor.py:183} INFO - Processing /home/airflow/.local/lib/python3.12/site-packages/airflow/example_dags/example_subdag_operator.py took 0.130 seconds
[2026-09-22T16:55:55.248+0000] {processor.py:161} INFO - Started process (PID=1416) to work on /home/airflow/.local/lib/python3.12/site-packages/airflow/example_dags/example_subdag_operator.py
[2026-09-22T16:55:55.249+0000] {processor.py:830} INFO - Processing file /home/airflow/.local/lib/python3.12/site-packages/airflow/example_dags/example_subdag_operator.py for tasks to queue
[2026-09-22T16:55:55.252+0000] {logging_mixin.py:188} INFO - [2026-09-22T16:55:55.251+0000] {dagbag.py:545} INFO - Filling up the DagBag from /home/airflow/.local/lib/python3.12/site-packages/airflow/example_dags/example_subdag_operator.py
[2026-09-22T16:55:55.275+0000] {processor.py:840} INFO - DAG(s) 'example_subdag_operator.section-1', 'example_subdag_operator.section-2', 'example_subdag_operator' retrieved from /home/airflow/.local/lib/python3.12/site-packages/airflow/example_dags/example_subdag_operator.py
[2026-09-22T16:55:55.289+0000] {logging_mixin.py:188} INFO - [2026-09-22T16:55:55.289+0000] {dag.py:3089} INFO - Sync 3 DAGs
[2026-09-22T16:55:55.307+0000] {logging_mixin.py:188} INFO - [2026-09-22T16:55:55.307+0000] {dag.py:3947} INFO - Setting next_dagrun for example_subdag_operator to 2022-01-01 00:00:00+00:00, run_after=2022-01-01 00:00:00+00:00
[2026-09-22T16:55:55.311+0000] {logging_mixin.py:188} INFO - [2026-09-22T16:55:55.311+0000] {dag.py:3947} INFO - Setting next_dagrun for example_subdag_operator.section-1 to None, run_after=None
[2026-09-22T16:55:55.313+0000] {logging_mixin.py:188} INFO - [2026-09-22T16:55:55.313+0000] {dag.py:3947} INFO - Setting next_dagrun for example_subdag_operator.section-2 to None, run_after=None
[2026-09-22T16:55:55.321+0000] {logging_mixin.py:188} INFO - [2026-09-22T16:55:55.321+0000] {dag.py:3089} INFO - Sync 2 DAGs
[2026-09-22T16:55:55.327+0000] {logging_mixin.py:188} INFO - [2026-09-22T16:55:55.327+0000] {dag.py:3947} INFO - Setting next_dagrun for example_subdag_operator.section-1 to None, run_after=None
[2026-09-22T16:55:55.328+0000] {logging_mixin.py:188} INFO - [2026-09-22T16:55:55.328+0000] {dag.py:3947} INFO - Setting next_dagrun for example_subdag_operator.section-2 to None, run_after=None
[2026-09-22T16:55:55.343+0000] {processor.py:183} INFO - Processing /home/airflow/.local/lib/python3.12/site-packages/airflow/example_dags/example_subdag_operator.py took 0.100 seconds
[2026-09-22T16:56:26.148+0000] {processor.py:161} INFO - Started process (PID=1480) to work on /home/airflow/.local/lib/python3.12/site-packages/airflow/example_dags/example_subdag_operator.py
[2026-09-22T16:56:26.149+0000] {processor.py:830} INFO - Processing file /home/airflow/.local/lib/python3.12/site-packages/airflow/example_dags/example_subdag_operator.py for tasks to queue
[2026-09-22T16:56:26.151+0000] {logging_mixin.py:188} INFO - [2026-09-22T16:56:26.151+0000] {dagbag.py:545} INFO - Filling up the DagBag from /home/airflow/.local/lib/python3.12/site-packages/airflow/example_dags/example_subdag_operator.py
[2026-09-22T16:56:26.174+0000] {processor.py:840} INFO - DAG(s) 'example_subdag_operator.section-1', 'example_subdag_operator.section-2', 'example_subdag_operator' retrieved from /home/airflow/.local/lib/python3.12/site-packages/airflow/example_dags/example_subdag_operator.py
[2026-09-22T16:56:26.190+0000] {logging_mixin.py:188} INFO - [2026-09-22T16:56:26.189+0000] {dag.py:3089} INFO - Sync 3 DAGs
[2026-09-22T16:56:26.210+0000] {logging_mixin.py:188} INFO - [2026-09-22T16:56:26.210+0000] {dag.py:3947} INFO - Setting next_dagrun for example_subdag_operator to 2022-01-01 00:00:00+00:00, run_after=2022-01-01 00:00:00+00:00
[2026-09-22T16:56:26.214+0000] {logging_mixin.py:188} INFO - [2026-09-22T16:56:26.214+0000] {dag.py:3947} INFO - Setting next_dagrun for example_subdag_operator.section-1 to None, run_after=None
[2026-09-22T16:56:26.215+0000] {logging_mixin.py:188} INFO - [2026-09-22T16:56:26.215+0000] {dag.py:3947} INFO - Setting next_dagrun for example_subdag_operator.section-2 to None, run_after=None
[2026-09-22T16:56:26.222+0000] {logging_mixin.py:188} INFO - [2026-09-22T16:56:26.222+0000] {dag.py:3089} INFO - Sync 2 DAGs
[2026-09-22T16:56:26.226+0000] {logging_mixin.py:188} INFO - [2026-09-22T16:56:26.226+0000] {dag.py:3947} INFO - Setting next_dagrun for example_subdag_operator.section-1 to None, run_after=None
[2026-09-22T16:56:26.227+0000] {logging_mixin.py:188} INFO - [2026-09-22T16:56:26.227+0000] {dag.py:3947} INFO - Setting next_dagrun for example_subdag_operator.section-2 to None, run_after=None
[2026-09-22T16:56:26.240+0000] {processor.py:183} INFO - Processing /home/airflow/.local/lib/python3.12/site-packages/airflow/example_dags/example_subdag_operator.py took 0.098 seconds
[2026-09-22T16:58:03.193+0000] {processor.py:161} INFO - Started process (PID=100) to work on /home/airflow/.local/lib/python3.12/site-packages/airflow/example_dags/example_subdag_operator.py
[2026-09-22T16:58:03.195+0000] {processor.py:830} INFO - Processing file /home/airflow/.local/lib/python3.12/site-packages/airflow/example_dags/example_subdag_operator.py for tasks to queue
[2026-09-22T16:58:03.197+0000] {logging_mixin.py:188} INFO - [2026-09-22T16:58:03.197+0000] {dagbag.py:545} INFO - Filling up the DagBag from /home/airflow/.local/lib/python3.12/site-packages/airflow/example_dags/example_subdag_operator.py
[2026-09-22T16:58:03.237+0000] {processor.py:840} INFO - DAG(s) 'example_subdag_operator.section-1', 'example_subdag_operator.section-2', 'example_subdag_operator' retrieved from /home/airflow/.local/lib/python3.12/site-packages/airflow/example_dags/example_subdag_operator.py
[2026-09-22T16:58:03.408+0000] {logging_mixin.py:188} INFO - [2026-09-22T16:58:03.407+0000] {dag.py:3089} INFO - Sync 3 DAGs
[2026-09-22T16:58:03.431+0000] {logging_mixin.py:188} INFO - [2026-09-22T16:58:03.430+0000] {dag.py:3947} INFO - Setting next_dagrun for example_subdag_operator to 2022-01-01 00:00:00+00:00, run_after=2022-01-01 00:00:00+00:00
[2026-09-22T16:58:03.434+0000] {logging_mixin.py:188} INFO - [2026-09-22T16:58:03.434+0000] {dag.py:3947} INFO - Setting next_dagrun for example_subdag_operator.section-1 to None, run_after=None
[2026-09-22T16:58:03.436+0000] {logging_mixin.py:188} INFO - [2026-09-22T16:58:03.435+0000] {dag.py:3947} INFO - Setting next_dagrun for example_subdag_operator.section-2 to None, run_after=None
[2026-09-22T16:58:03.451+0000] {logging_mixin.py:188} INFO - [2026-09-22T16:58:03.451+0000] {dag.py:3089} INFO - Sync 2 DAGs
[2026-09-22T16:58:03.463+0000] {logging_mixin.py:188} INFO - [2026-09-22T16:58:03.463+0000] {dag.py:3947} INFO - Setting next_dagrun for example_subdag_operator.section-1 to None, run_after=None
[2026-09-22T16:58:03.464+0000] {logging_mixin.py:188} INFO - [2026-09-22T16:58:03.464+0000] {dag.py:3947} INFO - Setting next_dagrun for example_subdag_operator.section-2 to None, run_after=None
[2026-09-22T16:58:03.485+0000] {processor.py:183} INFO - Processing /home/airflow/.local/lib/python3.12/site-packages/airflow/example_dags/example_subdag_operator.py took 0.298 seconds
[2026-09-22T16:58:33.990+0000] {processor.py:161} INFO - Started process (PID=158) to work on /home/airflow/.local/lib/python3.12/site-packages/airflow/example_dags/example_subdag_operator.py
[2026-09-22T16:58:33.991+0000] {processor.py:830} INFO - Processing file /home/airflow/.local/lib/python3.12/site-packages/airflow/example_dags/example_subdag_operator.py for tasks to queue
[2026-09-22T16:58:33.993+0000] {logging_mixin.py:188} INFO - [2026-09-22T16:58:33.992+0000] {dagbag.py:545} INFO - Filling up the DagBag from /home/airflow/.local/lib/python3.12/site-packages/airflow/example_dags/example_subdag_operator.py
[2026-09-22T16:58:34.014+0000] {processor.py:840} INFO - DAG(s) 'example_subdag_operator.section-1', 'example_subdag_operator.section-2', 'example_subdag_operator' retrieved from /home/airflow/.local/lib/python3.12/site-packages/airflow/example_dags/example_subdag_operator.py
[2026-09-22T16:58:34.027+0000] {logging_mixin.py:188} INFO - [2026-09-22T16:58:34.027+0000] {dag.py:3089} INFO - Sync 3 DAGs
[2026-09-22T16:58:34.045+0000] {logging_mixin.py:188} INFO - [2026-09-22T16:58:34.045+0000] {dag.py:3947} INFO - Setting next_dagrun for example_subdag_operator to 2022-01-01 00:00:00+00:00, run_after=2022-01-01 00:00:00+00:00
[2026-09-22T16:58:34.049+0000] {logging_mixin.py:188} INFO - [2026-09-22T16:58:34.048+0000] {dag.py:3947} INFO - Setting next_dagrun for example_subdag_operator.section-1 to None, run_after=None
[2026-09-22T16:58:34.050+0000] {logging_mixin.py:188} INFO - [2026-09-22T16:58:34.050+0000] {dag.py:3947} INFO - Setting next_dagrun for example_subdag_operator.section-2 to None, run_after=None
[2026-09-22T16:58:34.057+0000] {logging_mixin.py:188} INFO - [2026-09-22T16:58:34.057+0000] {dag.py:3089} INFO - Sync 2 DAGs
[2026-09-22T16:58:34.064+0000] {logging_mixin.py:188} INFO - [2026-09-22T16:58:34.063+0000] {dag.py:3947} INFO - Setting next_dagrun for example_subdag_operator.section-1 to None, run_after=None
[2026-09-22T16:58:34.065+0000] {logging_mixin.py:188} INFO - [2026-09-22T16:58:34.064+0000] {dag.py:3947} INFO - Setting next_dagrun for example_subdag_operator.section-2 to None, run_after=None
[2026-09-22T16:58:34.081+0000] {processor.py:183} INFO - Processing /home/airflow/.local/lib/python3.12/site-packages/airflow/example_dags/example_subdag_operator.py took 0.096 seconds
[2026-09-22T16:59:04.951+0000] {processor.py:161} INFO - Started process (PID=216) to work on /home/airflow/.local/lib/python3.12/site-packages/airflow/example_dags/example_subdag_operator.py
[2026-09-22T16:59:04.952+0000] {processor.py:830} INFO - Processing file /home/airflow/.local/lib/python3.12/site-packages/airflow/example_dags/example_subdag_operator.py for tasks to queue
[2026-09-22T16:59:04.954+0000] {logging_mixin.py:188} INFO - [2026-09-22T16:59:04.954+0000] {dagbag.py:545} INFO - Filling up the DagBag from /home/airflow/.local/lib/python3.12/site-packages/airflow/example_dags/example_subdag_operator.py
[2026-09-22T16:59:04.979+0000] {processor.py:840} INFO - DAG(s) 'example_subdag_operator.section-1', 'example_subdag_operator.section-2', 'example_subdag_operator' retrieved from /home/airflow/.local/lib/python3.12/site-packages/airflow/example_dags/example_subdag_operator.py
[2026-09-22T16:59:04.993+0000] {logging_mixin.py:188} INFO - [2026-09-22T16:59:04.993+0000] {dag.py:3089} INFO - Sync 3 DAGs
[2026-09-22T16:59:05.010+0000] {logging_mixin.py:188} INFO - [2026-09-22T16:59:05.010+0000] {dag.py:3947} INFO - Setting next_dagrun for example_subdag_operator to 2022-01-01 00:00:00+00:00, run_after=2022-01-01 00:00:00+00:00
[2026-09-22T16:59:05.014+0000] {logging_mixin.py:188} INFO - [2026-09-22T16:59:05.013+0000] {dag.py:3947} INFO - Setting next_dagrun for example_subdag_operator.section-1 to None, run_after=None
[2026-09-22T16:59:05.015+0000] {logging_mixin.py:188} INFO - [2026-09-22T16:59:05.015+0000] {dag.py:3947} INFO - Setting next_dagrun for example_subdag_operator.section-2 to None, run_after=None
[2026-09-22T16:59:05.022+0000] {logging_mixin.py:188} INFO - [2026-09-22T16:59:05.021+0000] {dag.py:3089} INFO - Sync 2 DAGs
[2026-09-22T16:59:05.027+0000] {logging_mixin.py:188} INFO - [2026-09-22T16:59:05.027+0000] {dag.py:3947} INFO - Setting next_dagrun for example_subdag_operator.section-1 to None, run_after=None
[2026-09-22T16:59:05.028+0000] {logging_mixin.py:188} INFO - [2026-09-22T16:59:05.027+0000] {dag.py:3947} INFO - Setting next_dagrun for example_subdag_operator.section-2 to None, run_after=None
[2026-09-22T16:59:05.043+0000] {processor.py:183} INFO - Processing /home/airflow/.local/lib/python3.12/site-packages/airflow/example_dags/example_subdag_operator.py took 0.098 seconds
[2026-09-22T16:59:35.293+0000] {processor.py:161} INFO - Started process (PID=274) to work on /home/airflow/.local/lib/python3.12/site-packages/airflow/example_dags/example_subdag_operator.py
[2026-09-22T16:59:35.294+0000] {processor.py:830} INFO - Processing file /home/airflow/.local/lib/python3.12/site-packages/airflow/example_dags/example_subdag_operator.py for tasks to queue
[2026-09-22T16:59:35.297+0000] {logging_mixin.py:188} INFO - [2026-09-22T16:59:35.296+0000] {dagbag.py:545} INFO - Filling up the DagBag from /home/airflow/.local/lib/python3.12/site-packages/airflow/example_dags/example_subdag_operator.py
[2026-09-22T16:59:35.326+0000] {processor.py:840} INFO - DAG(s) 'example_subdag_operator.section-1', 'example_subdag_operator.section-2', 'example_subdag_operator' retrieved from /home/airflow/.local/lib/python3.12/site-packages/airflow/example_dags/example_subdag_operator.py
[2026-09-22T16:59:35.347+0000] {logging_mixin.py:188} INFO - [2026-09-22T16:59:35.347+0000] {dag.py:3089} INFO - Sync 3 DAGs
[2026-09-22T16:59:35.374+0000] {logging_mixin.py:188} INFO - [2026-09-22T16:59:35.373+0000] {dag.py:3947} INFO - Setting next_dagrun for example_subdag_operator to 2022-01-01 00:00:00+00:00, run_after=2022-01-01 00:00:00+00:00
[2026-09-22T16:59:35.378+0000] {logging_mixin.py:188} INFO - [2026-09-22T16:59:35.378+0000] {dag.py:3947} INFO - Setting next_dagrun for example_subdag_operator.section-1 to None, run_after=None
[2026-09-22T16:59:35.380+0000] {logging_mixin.py:188} INFO - [2026-09-22T16:59:35.379+0000] {dag.py:3947} INFO - Setting next_dagrun for example_subdag_operator.section-2 to None, run_after=None
[2026-09-22T16:59:35.388+0000] {logging_mixin.py:188} INFO - [2026-09-22T16:59:35.388+0000] {dag.py:3089} INFO - Sync 2 DAGs
[2026-09-22T16:59:35.395+0000] {logging_mixin.py:188} INFO - [2026-09-22T16:59:35.395+0000] {dag.py:3947} INFO - Setting next_dagrun for example_subdag_operator.section-1 to None, run_after=None
[2026-09-22T16:59:35.396+0000] {logging_mixin.py:188} INFO - [2026-09-22T16:59:35.396+0000] {dag.py:3947} INFO - Setting next_dagrun for example_subdag_operator.section-2 to None, run_after=None
[2026-09-22T16:59:35.411+0000] {processor.py:183} INFO - Processing /home/airflow/.local/lib/python3.12/site-packages/airflow/example_dags/example_subdag_operator.py took 0.124 seconds
[2026-09-22T17:00:05.652+0000] {processor.py:161} INFO - Started process (PID=332) to work on /home/airflow/.local/lib/python3.12/site-packages/airflow/example_dags/example_subdag_operator.py
[2026-09-22T17:00:05.654+0000] {processor.py:830} INFO - Processing file /home/airflow/.local/lib/python3.12/site-packages/airflow/example_dags/example_subdag_operator.py for tasks to queue
[2026-09-22T17:00:05.657+0000] {logging_mixin.py:188} INFO - [2026-09-22T17:00:05.656+0000] {dagbag.py:545} INFO - Filling up the DagBag from /home/airflow/.local/lib/python3.12/site-packages/airflow/example_dags/example_subdag_operator.py
[2026-09-22T17:00:05.681+0000] {processor.py:840} INFO - DAG(s) 'example_subdag_operator.section-1', 'example_subdag_operator.section-2', 'example_subdag_operator' retrieved from /home/airflow/.local/lib/python3.12/site-packages/airflow/example_dags/example_subdag_operator.py
[2026-09-22T17:00:05.695+0000] {logging_mixin.py:188} INFO - [2026-09-22T17:00:05.695+0000] {dag.py:3089} INFO - Sync 3 DAGs
[2026-09-22T17:00:05.721+0000] {logging_mixin.py:188} INFO - [2026-09-22T17:00:05.720+0000] {dag.py:3947} INFO - Setting next_dagrun for example_subdag_operator to 2022-01-01 00:00:00+00:00, run_after=2022-01-01 00:00:00+00:00
[2026-09-22T17:00:05.725+0000] {logging_mixin.py:188} INFO - [2026-09-22T17:00:05.725+0000] {dag.py:3947} INFO - Setting next_dagrun for example_subdag_operator.section-1 to None, run_after=None
[2026-09-22T17:00:05.727+0000] {logging_mixin.py:188} INFO - [2026-09-22T17:00:05.727+0000] {dag.py:3947} INFO - Setting next_dagrun for example_subdag_operator.section-2 to None, run_after=None
[2026-09-22T17:00:05.733+0000] {logging_mixin.py:188} INFO - [2026-09-22T17:00:05.733+0000] {dag.py:3089} INFO - Sync 2 DAGs
[2026-09-22T17:00:05.739+0000] {logging_mixin.py:188} INFO - [2026-09-22T17:00:05.739+0000] {dag.py:3947} INFO - Setting next_dagrun for example_subdag_operator.section-1 to None, run_after=None
[2026-09-22T17:00:05.740+0000] {logging_mixin.py:188} INFO - [2026-09-22T17:00:05.740+0000] {dag.py:3947} INFO - Setting next_dagrun for example_subdag_operator.section-2 to None, run_after=None
[2026-09-22T17:00:05.754+0000] {processor.py:183} INFO - Processing /home/airflow/.local/lib/python3.12/site-packages/airflow/example_dags/example_subdag_operator.py took 0.108 seconds
[2026-09-22T17:00:36.161+0000] {processor.py:161} INFO - Started process (PID=390) to work on /home/airflow/.local/lib/python3.12/site-packages/airflow/example_dags/example_subdag_operator.py
[2026-09-22T17:00:36.162+0000] {processor.py:830} INFO - Processing file /home/airflow/.local/lib/python3.12/site-packages/airflow/example_dags/example_subdag_operator.py for tasks to queue
[2026-09-22T17:00:36.164+0000] {logging_mixin.py:188} INFO - [2026-09-22T17:00:36.164+0000] {dagbag.py:545} INFO - Filling up the DagBag from /home/airflow/.local/lib/python3.12/site-packages/airflow/example_dags/example_subdag_operator.py
[2026-09-22T17:00:36.187+0000] {processor.py:840} INFO - DAG(s) 'example_subdag_operator.section-1', 'example_subdag_operator.section-2', 'example_subdag_operator' retrieved from /home/airflow/.local/lib/python3.12/site-packages/airflow/example_dags/example_subdag_operator.py
[2026-09-22T17:00:36.200+0000] {logging_mixin.py:188} INFO - [2026-09-22T17:00:36.200+0000] {dag.py:3089} INFO - Sync 3 DAGs
[2026-09-22T17:00:36.218+0000] {logging_mixin.py:188} INFO - [2026-09-22T17:00:36.218+0000] {dag.py:3947} INFO - Setting next_dagrun for example_subdag_operator to 2022-01-01 00:00:00+00:00, run_after=2022-01-01 00:00:00+00:00
[2026-09-22T17:00:36.222+0000] {logging_mixin.py:188} INFO - [2026-09-22T17:00:36.222+0000] {dag.py:3947} INFO - Setting next_dagrun for example_subdag_operator.section-1 to None, run_after=None
[2026-09-22T17:00:36.224+0000] {logging_mixin.py:188} INFO - [2026-09-22T17:00:36.224+0000] {dag.py:3947} INFO - Setting next_dagrun for example_subdag_operator.section-2 to None, run_after=None
[2026-09-22T17:00:36.230+0000] {logging_mixin.py:188} INFO - [2026-09-22T17:00:36.230+0000] {dag.py:3089} INFO - Sync 2 DAGs
[2026-09-22T17:00:36.235+0000] {logging_mixin.py:188} INFO - [2026-09-22T17:00:36.235+0000] {dag.py:3947} INFO - Setting next_dagrun for example_subdag_operator.section-1 to None, run_after=None
[2026-09-22T17:00:36.236+0000] {logging_mixin.py:188} INFO - [2026-09-22T17:00:36.236+0000] {dag.py:3947} INFO - Setting next_dagrun for example_subdag_operator.section-2 to None, run_after=None
[2026-09-22T17:00:36.251+0000] {processor.py:183} INFO - Processing /home/airflow/.local/lib/python3.12/site-packages/airflow/example_dags/example_subdag_operator.py took 0.095 seconds
[2026-09-22T17:01:06.665+0000] {processor.py:161} INFO - Started process (PID=448) to work on /home/airflow/.local/lib/python3.12/site-packages/airflow/example_dags/example_subdag_operator.py
[2026-09-22T17:01:06.666+0000] {processor.py:830} INFO - Processing file /home/airflow/.local/lib/python3.12/site-packages/airflow/example_dags/example_subdag_operator.py for tasks to queue
[2026-09-22T17:01:06.668+0000] {logging_mixin.py:188} INFO - [2026-09-22T17:01:06.668+0000] {dagbag.py:545} INFO - Filling up the DagBag from /home/airflow/.local/lib/python3.12/site-packages/airflow/example_dags/example_subdag_operator.py
[2026-09-22T17:01:06.691+0000] {processor.py:840} INFO - DAG(s) 'example_subdag_operator.section-1', 'example_subdag_operator.section-2', 'example_subdag_operator' retrieved from /home/airflow/.local/lib/python3.12/site-packages/airflow/example_dags/example_subdag_operator.py
[2026-09-22T17:01:06.705+0000] {logging_mixin.py:188} INFO - [2026-09-22T17:01:06.705+0000] {dag.py:3089} INFO - Sync 3 DAGs
[2026-09-22T17:01:06.723+0000] {logging_mixin.py:188} INFO - [2026-09-22T17:01:06.723+0000] {dag.py:3947} INFO - Setting next_dagrun for example_subdag_operator to 2022-01-01 00:00:00+00:00, run_after=2022-01-01 00:00:00+00:00
[2026-09-22T17:01:06.727+0000] {logging_mixin.py:188} INFO - [2026-09-22T17:01:06.727+0000] {dag.py:3947} INFO - Setting next_dagrun for example_subdag_operator.section-1 to None, run_after=None
[2026-09-22T17:01:06.728+0000] {logging_mixin.py:188} INFO - [2026-09-22T17:01:06.728+0000] {dag.py:3947} INFO - Setting next_dagrun for example_subdag_operator.section-2 to None, run_after=None
[2026-09-22T17:01:06.735+0000] {logging_mixin.py:188} INFO - [2026-09-22T17:01:06.735+0000] {dag.py:3089} INFO - Sync 2 DAGs
[2026-09-22T17:01:06.740+0000] {logging_mixin.py:188} INFO - [2026-09-22T17:01:06.740+0000] {dag.py:3947} INFO - Setting next_dagrun for example_subdag_operator.section-1 to None, run_after=None
[2026-09-22T17:01:06.741+0000] {logging_mixin.py:188} INFO - [2026-09-22T17:01:06.741+0000] {dag.py:3947} INFO - Setting next_dagrun for example_subdag_operator.section-2 to None, run_after=None
[2026-09-22T17:01:06.757+0000] {processor.py:183} INFO - Processing /home/airflow/.local/lib/python3.12/site-packages/airflow/example_dags/example_subdag_operator.py took 0.097 seconds
[2026-09-22T17:01:37.244+0000] {processor.py:161} INFO - Started process (PID=506) to work on /home/airflow/.local/lib/python3.12/site-packages/airflow/example_dags/example_subdag_operator.py
[2026-09-22T17:01:37.245+0000] {processor.py:830} INFO - Processing file /home/airflow/.local/lib/python3.12/site-packages/airflow/example_dags/example_subdag_operator.py for tasks to queue
[2026-09-22T17:01:37.248+0000] {logging_mixin.py:188} INFO - [2026-09-22T17:01:37.248+0000] {dagbag.py:545} INFO - Filling up the DagBag from /home/airflow/.local/lib/python3.12/site-packages/airflow/example_dags/example_subdag_operator.py
[2026-09-22T17:01:37.276+0000] {processor.py:840} INFO - DAG(s) 'example_subdag_operator.section-1', 'example_subdag_operator.section-2', 'example_subdag_operator' retrieved from /home/airflow/.local/lib/python3.12/site-packages/airflow/example_dags/example_subdag_operator.py
[2026-09-22T17:01:37.298+0000] {logging_mixin.py:188} INFO - [2026-09-22T17:01:37.298+0000] {dag.py:3089} INFO - Sync 3 DAGs
[2026-09-22T17:01:37.327+0000] {logging_mixin.py:188} INFO - [2026-09-22T17:01:37.326+0000] {dag.py:3947} INFO - Setting next_dagrun for example_subdag_operator to 2022-01-01 00:00:00+00:00, run_after=2022-01-01 00:00:00+00:00
[2026-09-22T17:01:37.335+0000] {logging_mixin.py:188} INFO - [2026-09-22T17:01:37.334+0000] {dag.py:3947} INFO - Setting next_dagrun for example_subdag_operator.section-1 to None, run_after=None
[2026-09-22T17:01:37.338+0000] {logging_mixin.py:188} INFO - [2026-09-22T17:01:37.337+0000] {dag.py:3947} INFO - Setting next_dagrun for example_subdag_operator.section-2 to None, run_after=None
[2026-09-22T17:01:37.349+0000] {logging_mixin.py:188} INFO - [2026-09-22T17:01:37.349+0000] {dag.py:3089} INFO - Sync 2 DAGs
[2026-09-22T17:01:37.358+0000] {logging_mixin.py:188} INFO - [2026-09-22T17:01:37.358+0000] {dag.py:3947} INFO - Setting next_dagrun for example_subdag_operator.section-1 to None, run_after=None
[2026-09-22T17:01:37.359+0000] {logging_mixin.py:188} INFO - [2026-09-22T17:01:37.358+0000] {dag.py:3947} INFO - Setting next_dagrun for example_subdag_operator.section-2 to None, run_after=None
[2026-09-22T17:01:37.375+0000] {processor.py:183} INFO - Processing /home/airflow/.local/lib/python3.12/site-packages/airflow/example_dags/example_subdag_operator.py took 0.139 seconds
[2026-09-22T17:02:08.287+0000] {processor.py:161} INFO - Started process (PID=564) to work on /home/airflow/.local/lib/python3.12/site-packages/airflow/example_dags/example_subdag_operator.py
[2026-09-22T17:02:08.288+0000] {processor.py:830} INFO - Processing file /home/airflow/.local/lib/python3.12/site-packages/airflow/example_dags/example_subdag_operator.py for tasks to queue
[2026-09-22T17:02:08.290+0000] {logging_mixin.py:188} INFO - [2026-09-22T17:02:08.289+0000] {dagbag.py:545} INFO - Filling up the DagBag from /home/airflow/.local/lib/python3.12/site-packages/airflow/example_dags/example_subdag_operator.py
[2026-09-22T17:02:08.311+0000] {processor.py:840} INFO - DAG(s) 'example_subdag_operator.section-1', 'example_subdag_operator.section-2', 'example_subdag_operator' retrieved from /home/airflow/.local/lib/python3.12/site-packages/airflow/example_dags/example_subdag_operator.py
[2026-09-22T17:02:08.324+0000] {logging_mixin.py:188} INFO - [2026-09-22T17:02:08.324+0000] {dag.py:3089} INFO - Sync 3 DAGs
[2026-09-22T17:02:08.345+0000] {logging_mixin.py:188} INFO - [2026-09-22T17:02:08.345+0000] {dag.py:3947} INFO - Setting next_dagrun for example_subdag_operator to 2022-01-01 00:00:00+00:00, run_after=2022-01-01 00:00:00+00:00
[2026-09-22T17:02:08.350+0000] {logging_mixin.py:188} INFO - [2026-09-22T17:02:08.350+0000] {dag.py:3947} INFO - Setting next_dagrun for example_subdag_operator.section-1 to None, run_after=None
[2026-09-22T17:02:08.352+0000] {logging_mixin.py:188} INFO - [2026-09-22T17:02:08.351+0000] {dag.py:3947} INFO - Setting next_dagrun for example_subdag_operator.section-2 to None, run_after=None
[2026-09-22T17:02:08.358+0000] {logging_mixin.py:188} INFO - [2026-09-22T17:02:08.358+0000] {dag.py:3089} INFO - Sync 2 DAGs
[2026-09-22T17:02:08.363+0000] {logging_mixin.py:188} INFO - [2026-09-22T17:02:08.363+0000] {dag.py:3947} INFO - Setting next_dagrun for example_subdag_operator.section-1 to None, run_after=None
[2026-09-22T17:02:08.363+0000] {logging_mixin.py:188} INFO - [2026-09-22T17:02:08.363+0000] {dag.py:3947} INFO - Setting next_dagrun for example_subdag_operator.section-2 to None, run_after=None
[2026-09-22T17:02:08.378+0000] {processor.py:183} INFO - Processing /home/airflow/.local/lib/python3.12/site-packages/airflow/example_dags/example_subdag_operator.py took 0.097 seconds
[2026-09-22T17:03:31.973+0000] {processor.py:161} INFO - Started process (PID=98) to work on /home/airflow/.local/lib/python3.12/site-packages/airflow/example_dags/example_subdag_operator.py
[2026-09-22T17:03:31.975+0000] {processor.py:830} INFO - Processing file /home/airflow/.local/lib/python3.12/site-packages/airflow/example_dags/example_subdag_operator.py for tasks to queue
[2026-09-22T17:03:31.978+0000] {logging_mixin.py:188} INFO - [2026-09-22T17:03:31.978+0000] {dagbag.py:545} INFO - Filling up the DagBag from /home/airflow/.local/lib/python3.12/site-packages/airflow/example_dags/example_subdag_operator.py
[2026-09-22T17:03:32.008+0000] {processor.py:840} INFO - DAG(s) 'example_subdag_operator.section-1', 'example_subdag_operator.section-2', 'example_subdag_operator' retrieved from /home/airflow/.local/lib/python3.12/site-packages/airflow/example_dags/example_subdag_operator.py
[2026-09-22T17:03:32.118+0000] {logging_mixin.py:188} INFO - [2026-09-22T17:03:32.118+0000] {dag.py:3089} INFO - Sync 3 DAGs
[2026-09-22T17:03:32.143+0000] {logging_mixin.py:188} INFO - [2026-09-22T17:03:32.142+0000] {dag.py:3947} INFO - Setting next_dagrun for example_subdag_operator to 2022-01-01 00:00:00+00:00, run_after=2022-01-01 00:00:00+00:00
[2026-09-22T17:03:32.148+0000] {logging_mixin.py:188} INFO - [2026-09-22T17:03:32.148+0000] {dag.py:3947} INFO - Setting next_dagrun for example_subdag_operator.section-1 to None, run_after=None
[2026-09-22T17:03:32.150+0000] {logging_mixin.py:188} INFO - [2026-09-22T17:03:32.150+0000] {dag.py:3947} INFO - Setting next_dagrun for example_subdag_operator.section-2 to None, run_after=None
[2026-09-22T17:03:32.164+0000] {logging_mixin.py:188} INFO - [2026-09-22T17:03:32.164+0000] {dag.py:3089} INFO - Sync 2 DAGs
[2026-09-22T17:03:32.171+0000] {logging_mixin.py:188} INFO - [2026-09-22T17:03:32.171+0000] {dag.py:3947} INFO - Setting next_dagrun for example_subdag_operator.section-1 to None, run_after=None
[2026-09-22T17:03:32.172+0000] {logging_mixin.py:188} INFO - [2026-09-22T17:03:32.172+0000] {dag.py:3947} INFO - Setting next_dagrun for example_subdag_operator.section-2 to None, run_after=None
[2026-09-22T17:03:32.188+0000] {processor.py:183} INFO - Processing /home/airflow/.local/lib/python3.12/site-packages/airflow/example_dags/example_subdag_operator.py took 0.221 seconds
[2026-09-22T17:04:02.491+0000] {processor.py:161} INFO - Started process (PID=156) to work on /home/airflow/.local/lib/python3.12/site-packages/airflow/example_dags/example_subdag_operator.py
[2026-09-22T17:04:02.492+0000] {processor.py:830} INFO - Processing file /home/airflow/.local/lib/python3.12/site-packages/airflow/example_dags/example_subdag_operator.py for tasks to queue
[2026-09-22T17:04:02.494+0000] {logging_mixin.py:188} INFO - [2026-09-22T17:04:02.494+0000] {dagbag.py:545} INFO - Filling up the DagBag from /home/airflow/.local/lib/python3.12/site-packages/airflow/example_dags/example_subdag_operator.py
[2026-09-22T17:04:02.516+0000] {processor.py:840} INFO - DAG(s) 'example_subdag_operator.section-1', 'example_subdag_operator.section-2', 'example_subdag_operator' retrieved from /home/airflow/.local/lib/python3.12/site-packages/airflow/example_dags/example_subdag_operator.py
[2026-09-22T17:04:02.530+0000] {logging_mixin.py:188} INFO - [2026-09-22T17:04:02.530+0000] {dag.py:3089} INFO - Sync 3 DAGs
[2026-09-22T17:04:02.552+0000] {logging_mixin.py:188} INFO - [2026-09-22T17:04:02.552+0000] {dag.py:3947} INFO - Setting next_dagrun for example_subdag_operator to 2022-01-01 00:00:00+00:00, run_after=2022-01-01 00:00:00+00:00
[2026-09-22T17:04:02.556+0000] {logging_mixin.py:188} INFO - [2026-09-22T17:04:02.556+0000] {dag.py:3947} INFO - Setting next_dagrun for example_subdag_operator.section-1 to None, run_after=None
[2026-09-22T17:04:02.558+0000] {logging_mixin.py:188} INFO - [2026-09-22T17:04:02.558+0000] {dag.py:3947} INFO - Setting next_dagrun for example_subdag_operator.section-2 to None, run_after=None
[2026-09-22T17:04:02.565+0000] {logging_mixin.py:188} INFO - [2026-09-22T17:04:02.564+0000] {dag.py:3089} INFO - Sync 2 DAGs
[2026-09-22T17:04:02.570+0000] {logging_mixin.py:188} INFO - [2026-09-22T17:04:02.570+0000] {dag.py:3947} INFO - Setting next_dagrun for example_subdag_operator.section-1 to None, run_after=None
[2026-09-22T17:04:02.570+0000] {logging_mixin.py:188} INFO - [2026-09-22T17:04:02.570+0000] {dag.py:3947} INFO - Setting next_dagrun for example_subdag_operator.section-2 to None, run_after=None
[2026-09-22T17:04:02.584+0000] {processor.py:183} INFO - Processing /home/airflow/.local/lib/python3.12/site-packages/airflow/example_dags/example_subdag_operator.py took 0.097 seconds
[2026-09-22T17:04:33.329+0000] {processor.py:161} INFO - Started process (PID=214) to work on /home/airflow/.local/lib/python3.12/site-packages/airflow/example_dags/example_subdag_operator.py
[2026-09-22T17:04:33.330+0000] {processor.py:830} INFO - Processing file /home/airflow/.local/lib/python3.12/site-packages/airflow/example_dags/example_subdag_operator.py for tasks to queue
[2026-09-22T17:04:33.332+0000] {logging_mixin.py:188} INFO - [2026-09-22T17:04:33.332+0000] {dagbag.py:545} INFO - Filling up the DagBag from /home/airflow/.local/lib/python3.12/site-packages/airflow/example_dags/example_subdag_operator.py
[2026-09-22T17:04:33.356+0000] {processor.py:840} INFO - DAG(s) 'example_subdag_operator.section-1', 'example_subdag_operator.section-2', 'example_subdag_operator' retrieved from /home/airflow/.local/lib/python3.12/site-packages/airflow/example_dags/example_subdag_operator.py
[2026-09-22T17:04:33.370+0000] {logging_mixin.py:188} INFO - [2026-09-22T17:04:33.370+0000] {dag.py:3089} INFO - Sync 3 DAGs
[2026-09-22T17:04:33.390+0000] {logging_mixin.py:188} INFO - [2026-09-22T17:04:33.390+0000] {dag.py:3947} INFO - Setting next_dagrun for example_subdag_operator to 2022-01-01 00:00:00+00:00, run_after=2022-01-01 00:00:00+00:00
[2026-09-22T17:04:33.399+0000] {logging_mixin.py:188} INFO - [2026-09-22T17:04:33.398+0000] {dag.py:3947} INFO - Setting next_dagrun for example_subdag_operator.section-1 to None, run_after=None
[2026-09-22T17:04:33.400+0000] {logging_mixin.py:188} INFO - [2026-09-22T17:04:33.400+0000] {dag.py:3947} INFO - Setting next_dagrun for example_subdag_operator.section-2 to None, run_after=None
[2026-09-22T17:04:33.406+0000] {logging_mixin.py:188} INFO - [2026-09-22T17:04:33.406+0000] {dag.py:3089} INFO - Sync 2 DAGs
[2026-09-22T17:04:33.411+0000] {logging_mixin.py:188} INFO - [2026-09-22T17:04:33.410+0000] {dag.py:3947} INFO - Setting next_dagrun for example_subdag_operator.section-1 to None, run_after=None
[2026-09-22T17:04:33.411+0000] {logging_mixin.py:188} INFO - [2026-09-22T17:04:33.411+0000] {dag.py:3947} INFO - Setting next_dagrun for example_subdag_operator.section-2 to None, run_after=None
[2026-09-22T17:04:33.425+0000] {processor.py:183} INFO - Processing /home/airflow/.local/lib/python3.12/site-packages/airflow/example_dags/example_subdag_operator.py took 0.101 seconds
[2026-09-22T17:05:04.166+0000] {processor.py:161} INFO - Started process (PID=272) to work on /home/airflow/.local/lib/python3.12/site-packages/airflow/example_dags/example_subdag_operator.py
[2026-09-22T17:05:04.170+0000] {processor.py:830} INFO - Processing file /home/airflow/.local/lib/python3.12/site-packages/airflow/example_dags/example_subdag_operator.py for tasks to queue
[2026-09-22T17:05:04.176+0000] {logging_mixin.py:188} INFO - [2026-09-22T17:05:04.175+0000] {dagbag.py:545} INFO - Filling up the DagBag from /home/airflow/.local/lib/python3.12/site-packages/airflow/example_dags/example_subdag_operator.py
[2026-09-22T17:05:04.215+0000] {processor.py:840} INFO - DAG(s) 'example_subdag_operator.section-1', 'example_subdag_operator.section-2', 'example_subdag_operator' retrieved from /home/airflow/.local/lib/python3.12/site-packages/airflow/example_dags/example_subdag_operator.py
[2026-09-22T17:05:04.238+0000] {logging_mixin.py:188} INFO - [2026-09-22T17:05:04.238+0000] {dag.py:3089} INFO - Sync 3 DAGs
[2026-09-22T17:05:04.259+0000] {logging_mixin.py:188} INFO - [2026-09-22T17:05:04.259+0000] {dag.py:3947} INFO - Setting next_dagrun for example_subdag_operator to 2022-01-01 00:00:00+00:00, run_after=2022-01-01 00:00:00+00:00
[2026-09-22T17:05:04.263+0000] {logging_mixin.py:188} INFO - [2026-09-22T17:05:04.263+0000] {dag.py:3947} INFO - Setting next_dagrun for example_subdag_operator.section-1 to None, run_after=None
[2026-09-22T17:05:04.265+0000] {logging_mixin.py:188} INFO - [2026-09-22T17:05:04.264+0000] {dag.py:3947} INFO - Setting next_dagrun for example_subdag_operator.section-2 to None, run_after=None
[2026-09-22T17:05:04.273+0000] {logging_mixin.py:188} INFO - [2026-09-22T17:05:04.273+0000] {dag.py:3089} INFO - Sync 2 DAGs
[2026-09-22T17:05:04.279+0000] {logging_mixin.py:188} INFO - [2026-09-22T17:05:04.279+0000] {dag.py:3947} INFO - Setting next_dagrun for example_subdag_operator.section-1 to None, run_after=None
[2026-09-22T17:05:04.279+0000] {logging_mixin.py:188} INFO - [2026-09-22T17:05:04.279+0000] {dag.py:3947} INFO - Setting next_dagrun for example_subdag_operator.section-2 to None, run_after=None
[2026-09-22T17:05:04.291+0000] {processor.py:183} INFO - Processing /home/airflow/.local/lib/python3.12/site-packages/airflow/example_dags/example_subdag_operator.py took 0.134 seconds
[2026-09-22T17:05:34.436+0000] {processor.py:161} INFO - Started process (PID=330) to work on /home/airflow/.local/lib/python3.12/site-packages/airflow/example_dags/example_subdag_operator.py
[2026-09-22T17:05:34.438+0000] {processor.py:830} INFO - Processing file /home/airflow/.local/lib/python3.12/site-packages/airflow/example_dags/example_subdag_operator.py for tasks to queue
[2026-09-22T17:05:34.441+0000] {logging_mixin.py:188} INFO - [2026-09-22T17:05:34.441+0000] {dagbag.py:545} INFO - Filling up the DagBag from /home/airflow/.local/lib/python3.12/site-packages/airflow/example_dags/example_subdag_operator.py
[2026-09-22T17:05:34.475+0000] {processor.py:840} INFO - DAG(s) 'example_subdag_operator.section-1', 'example_subdag_operator.section-2', 'example_subdag_operator' retrieved from /home/airflow/.local/lib/python3.12/site-packages/airflow/example_dags/example_subdag_operator.py
[2026-09-22T17:05:34.499+0000] {logging_mixin.py:188} INFO - [2026-09-22T17:05:34.498+0000] {dag.py:3089} INFO - Sync 3 DAGs
[2026-09-22T17:05:34.530+0000] {logging_mixin.py:188} INFO - [2026-09-22T17:05:34.530+0000] {dag.py:3947} INFO - Setting next_dagrun for example_subdag_operator to 2022-01-01 00:00:00+00:00, run_after=2022-01-01 00:00:00+00:00
[2026-09-22T17:05:34.541+0000] {logging_mixin.py:188} INFO - [2026-09-22T17:05:34.541+0000] {dag.py:3947} INFO - Setting next_dagrun for example_subdag_operator.section-1 to None, run_after=None
[2026-09-22T17:05:34.543+0000] {logging_mixin.py:188} INFO - [2026-09-22T17:05:34.543+0000] {dag.py:3947} INFO - Setting next_dagrun for example_subdag_operator.section-2 to None, run_after=None
[2026-09-22T17:05:34.553+0000] {logging_mixin.py:188} INFO - [2026-09-22T17:05:34.553+0000] {dag.py:3089} INFO - Sync 2 DAGs
[2026-09-22T17:05:34.560+0000] {logging_mixin.py:188} INFO - [2026-09-22T17:05:34.560+0000] {dag.py:3947} INFO - Setting next_dagrun for example_subdag_operator.section-1 to None, run_after=None
[2026-09-22T17:05:34.561+0000] {logging_mixin.py:188} INFO - [2026-09-22T17:05:34.561+0000] {dag.py:3947} INFO - Setting next_dagrun for example_subdag_operator.section-2 to None, run_after=None
[2026-09-22T17:05:34.575+0000] {processor.py:183} INFO - Processing /home/airflow/.local/lib/python3.12/site-packages/airflow/example_dags/example_subdag_operator.py took 0.148 seconds
[2026-09-22T17:06:04.739+0000] {processor.py:161} INFO - Started process (PID=388) to work on /home/airflow/.local/lib/python3.12/site-packages/airflow/example_dags/example_subdag_operator.py
[2026-09-22T17:06:04.743+0000] {processor.py:830} INFO - Processing file /home/airflow/.local/lib/python3.12/site-packages/airflow/example_dags/example_subdag_operator.py for tasks to queue
[2026-09-22T17:06:04.753+0000] {logging_mixin.py:188} INFO - [2026-09-22T17:06:04.752+0000] {dagbag.py:545} INFO - Filling up the DagBag from /home/airflow/.local/lib/python3.12/site-packages/airflow/example_dags/example_subdag_operator.py
[2026-09-22T17:06:04.783+0000] {processor.py:840} INFO - DAG(s) 'example_subdag_operator.section-1', 'example_subdag_operator.section-2', 'example_subdag_operator' retrieved from /home/airflow/.local/lib/python3.12/site-packages/airflow/example_dags/example_subdag_operator.py
[2026-09-22T17:06:04.798+0000] {logging_mixin.py:188} INFO - [2026-09-22T17:06:04.798+0000] {dag.py:3089} INFO - Sync 3 DAGs
[2026-09-22T17:06:04.821+0000] {logging_mixin.py:188} INFO - [2026-09-22T17:06:04.821+0000] {dag.py:3947} INFO - Setting next_dagrun for example_subdag_operator to 2022-01-01 00:00:00+00:00, run_after=2022-01-01 00:00:00+00:00
[2026-09-22T17:06:04.825+0000] {logging_mixin.py:188} INFO - [2026-09-22T17:06:04.825+0000] {dag.py:3947} INFO - Setting next_dagrun for example_subdag_operator.section-1 to None, run_after=None
[2026-09-22T17:06:04.827+0000] {logging_mixin.py:188} INFO - [2026-09-22T17:06:04.826+0000] {dag.py:3947} INFO - Setting next_dagrun for example_subdag_operator.section-2 to None, run_after=None
[2026-09-22T17:06:04.836+0000] {logging_mixin.py:188} INFO - [2026-09-22T17:06:04.836+0000] {dag.py:3089} INFO - Sync 2 DAGs
[2026-09-22T17:06:04.841+0000] {logging_mixin.py:188} INFO - [2026-09-22T17:06:04.841+0000] {dag.py:3947} INFO - Setting next_dagrun for example_subdag_operator.section-1 to None, run_after=None
[2026-09-22T17:06:04.842+0000] {logging_mixin.py:188} INFO - [2026-09-22T17:06:04.841+0000] {dag.py:3947} INFO - Setting next_dagrun for example_subdag_operator.section-2 to None, run_after=None
[2026-09-22T17:06:04.859+0000] {processor.py:183} INFO - Processing /home/airflow/.local/lib/python3.12/site-packages/airflow/example_dags/example_subdag_operator.py took 0.133 seconds
[2026-09-22T17:06:35.026+0000] {processor.py:161} INFO - Started process (PID=446) to work on /home/airflow/.local/lib/python3.12/site-packages/airflow/example_dags/example_subdag_operator.py
[2026-09-22T17:06:35.027+0000] {processor.py:830} INFO - Processing file /home/airflow/.local/lib/python3.12/site-packages/airflow/example_dags/example_subdag_operator.py for tasks to queue
[2026-09-22T17:06:35.029+0000] {logging_mixin.py:188} INFO - [2026-09-22T17:06:35.029+0000] {dagbag.py:545} INFO - Filling up the DagBag from /home/airflow/.local/lib/python3.12/site-packages/airflow/example_dags/example_subdag_operator.py
[2026-09-22T17:06:35.055+0000] {processor.py:840} INFO - DAG(s) 'example_subdag_operator.section-1', 'example_subdag_operator.section-2', 'example_subdag_operator' retrieved from /home/airflow/.local/lib/python3.12/site-packages/airflow/example_dags/example_subdag_operator.py
[2026-09-22T17:06:35.071+0000] {logging_mixin.py:188} INFO - [2026-09-22T17:06:35.070+0000] {dag.py:3089} INFO - Sync 3 DAGs
[2026-09-22T17:06:35.091+0000] {logging_mixin.py:188} INFO - [2026-09-22T17:06:35.091+0000] {dag.py:3947} INFO - Setting next_dagrun for example_subdag_operator to 2022-01-01 00:00:00+00:00, run_after=2022-01-01 00:00:00+00:00
[2026-09-22T17:06:35.095+0000] {logging_mixin.py:188} INFO - [2026-09-22T17:06:35.095+0000] {dag.py:3947} INFO - Setting next_dagrun for example_subdag_operator.section-1 to None, run_after=None
[2026-09-22T17:06:35.097+0000] {logging_mixin.py:188} INFO - [2026-09-22T17:06:35.097+0000] {dag.py:3947} INFO - Setting next_dagrun for example_subdag_operator.section-2 to None, run_after=None
[2026-09-22T17:06:35.106+0000] {logging_mixin.py:188} INFO - [2026-09-22T17:06:35.105+0000] {dag.py:3089} INFO - Sync 2 DAGs
[2026-09-22T17:06:35.111+0000] {logging_mixin.py:188} INFO - [2026-09-22T17:06:35.111+0000] {dag.py:3947} INFO - Setting next_dagrun for example_subdag_operator.section-1 to None, run_after=None
[2026-09-22T17:06:35.112+0000] {logging_mixin.py:188} INFO - [2026-09-22T17:06:35.111+0000] {dag.py:3947} INFO - Setting next_dagrun for example_subdag_operator.section-2 to None, run_after=None
[2026-09-22T17:06:35.127+0000] {processor.py:183} INFO - Processing /home/airflow/.local/lib/python3.12/site-packages/airflow/example_dags/example_subdag_operator.py took 0.109 seconds
[2026-09-22T17:07:05.728+0000] {processor.py:161} INFO - Started process (PID=504) to work on /home/airflow/.local/lib/python3.12/site-packages/airflow/example_dags/example_subdag_operator.py
[2026-09-22T17:07:05.729+0000] {processor.py:830} INFO - Processing file /home/airflow/.local/lib/python3.12/site-packages/airflow/example_dags/example_subdag_operator.py for tasks to queue
[2026-09-22T17:07:05.730+0000] {logging_mixin.py:188} INFO - [2026-09-22T17:07:05.730+0000] {dagbag.py:545} INFO - Filling up the DagBag from /home/airflow/.local/lib/python3.12/site-packages/airflow/example_dags/example_subdag_operator.py
[2026-09-22T17:07:05.752+0000] {processor.py:840} INFO - DAG(s) 'example_subdag_operator.section-1', 'example_subdag_operator.section-2', 'example_subdag_operator' retrieved from /home/airflow/.local/lib/python3.12/site-packages/airflow/example_dags/example_subdag_operator.py
[2026-09-22T17:07:05.764+0000] {logging_mixin.py:188} INFO - [2026-09-22T17:07:05.764+0000] {dag.py:3089} INFO - Sync 3 DAGs
[2026-09-22T17:07:05.782+0000] {logging_mixin.py:188} INFO - [2026-09-22T17:07:05.781+0000] {dag.py:3947} INFO - Setting next_dagrun for example_subdag_operator to 2022-01-01 00:00:00+00:00, run_after=2022-01-01 00:00:00+00:00
[2026-09-22T17:07:05.785+0000] {logging_mixin.py:188} INFO - [2026-09-22T17:07:05.785+0000] {dag.py:3947} INFO - Setting next_dagrun for example_subdag_operator.section-1 to None, run_after=None
[2026-09-22T17:07:05.787+0000] {logging_mixin.py:188} INFO - [2026-09-22T17:07:05.786+0000] {dag.py:3947} INFO - Setting next_dagrun for example_subdag_operator.section-2 to None, run_after=None
[2026-09-22T17:07:05.792+0000] {logging_mixin.py:188} INFO - [2026-09-22T17:07:05.792+0000] {dag.py:3089} INFO - Sync 2 DAGs
[2026-09-22T17:07:05.795+0000] {logging_mixin.py:188} INFO - [2026-09-22T17:07:05.795+0000] {dag.py:3947} INFO - Setting next_dagrun for example_subdag_operator.section-1 to None, run_after=None
[2026-09-22T17:07:05.796+0000] {logging_mixin.py:188} INFO - [2026-09-22T17:07:05.796+0000] {dag.py:3947} INFO - Setting next_dagrun for example_subdag_operator.section-2 to None, run_after=None
[2026-09-22T17:07:05.809+0000] {processor.py:183} INFO - Processing /home/airflow/.local/lib/python3.12/site-packages/airflow/example_dags/example_subdag_operator.py took 0.087 seconds
[2026-09-22T17:07:36.469+0000] {processor.py:161} INFO - Started process (PID=562) to work on /home/airflow/.local/lib/python3.12/site-packages/airflow/example_dags/example_subdag_operator.py
[2026-09-22T17:07:36.470+0000] {processor.py:830} INFO - Processing file /home/airflow/.local/lib/python3.12/site-packages/airflow/example_dags/example_subdag_operator.py for tasks to queue
[2026-09-22T17:07:36.471+0000] {logging_mixin.py:188} INFO - [2026-09-22T17:07:36.471+0000] {dagbag.py:545} INFO - Filling up the DagBag from /home/airflow/.local/lib/python3.12/site-packages/airflow/example_dags/example_subdag_operator.py
[2026-09-22T17:07:36.492+0000] {processor.py:840} INFO - DAG(s) 'example_subdag_operator.section-1', 'example_subdag_operator.section-2', 'example_subdag_operator' retrieved from /home/airflow/.local/lib/python3.12/site-packages/airflow/example_dags/example_subdag_operator.py
[2026-09-22T17:07:36.504+0000] {logging_mixin.py:188} INFO - [2026-09-22T17:07:36.504+0000] {dag.py:3089} INFO - Sync 3 DAGs
[2026-09-22T17:07:36.522+0000] {logging_mixin.py:188} INFO - [2026-09-22T17:07:36.522+0000] {dag.py:3947} INFO - Setting next_dagrun for example_subdag_operator to 2022-01-01 00:00:00+00:00, run_after=2022-01-01 00:00:00+00:00
[2026-09-22T17:07:36.528+0000] {logging_mixin.py:188} INFO - [2026-09-22T17:07:36.527+0000] {dag.py:3947} INFO - Setting next_dagrun for example_subdag_operator.section-1 to None, run_after=None
[2026-09-22T17:07:36.530+0000] {logging_mixin.py:188} INFO - [2026-09-22T17:07:36.530+0000] {dag.py:3947} INFO - Setting next_dagrun for example_subdag_operator.section-2 to None, run_after=None
[2026-09-22T17:07:36.543+0000] {logging_mixin.py:188} INFO - [2026-09-22T17:07:36.543+0000] {dag.py:3089} INFO - Sync 2 DAGs
[2026-09-22T17:07:36.552+0000] {logging_mixin.py:188} INFO - [2026-09-22T17:07:36.552+0000] {dag.py:3947} INFO - Setting next_dagrun for example_subdag_operator.section-1 to None, run_after=None
[2026-09-22T17:07:36.553+0000] {logging_mixin.py:188} INFO - [2026-09-22T17:07:36.553+0000] {dag.py:3947} INFO - Setting next_dagrun for example_subdag_operator.section-2 to None, run_after=None
[2026-09-22T17:07:36.572+0000] {processor.py:183} INFO - Processing /home/airflow/.local/lib/python3.12/site-packages/airflow/example_dags/example_subdag_operator.py took 0.110 seconds
[2026-09-22T17:08:06.797+0000] {processor.py:161} INFO - Started process (PID=620) to work on /home/airflow/.local/lib/python3.12/site-packages/airflow/example_dags/example_subdag_operator.py
[2026-09-22T17:08:06.799+0000] {processor.py:830} INFO - Processing file /home/airflow/.local/lib/python3.12/site-packages/airflow/example_dags/example_subdag_operator.py for tasks to queue
[2026-09-22T17:08:06.802+0000] {logging_mixin.py:188} INFO - [2026-09-22T17:08:06.801+0000] {dagbag.py:545} INFO - Filling up the DagBag from /home/airflow/.local/lib/python3.12/site-packages/airflow/example_dags/example_subdag_operator.py
[2026-09-22T17:08:06.851+0000] {processor.py:840} INFO - DAG(s) 'example_subdag_operator.section-1', 'example_subdag_operator.section-2', 'example_subdag_operator' retrieved from /home/airflow/.local/lib/python3.12/site-packages/airflow/example_dags/example_subdag_operator.py
[2026-09-22T17:08:06.870+0000] {logging_mixin.py:188} INFO - [2026-09-22T17:08:06.869+0000] {dag.py:3089} INFO - Sync 3 DAGs
[2026-09-22T17:08:06.892+0000] {logging_mixin.py:188} INFO - [2026-09-22T17:08:06.891+0000] {dag.py:3947} INFO - Setting next_dagrun for example_subdag_operator to 2022-01-01 00:00:00+00:00, run_after=2022-01-01 00:00:00+00:00
[2026-09-22T17:08:06.898+0000] {logging_mixin.py:188} INFO - [2026-09-22T17:08:06.897+0000] {dag.py:3947} INFO - Setting next_dagrun for example_subdag_operator.section-1 to None, run_after=None
[2026-09-22T17:08:06.903+0000] {logging_mixin.py:188} INFO - [2026-09-22T17:08:06.903+0000] {dag.py:3947} INFO - Setting next_dagrun for example_subdag_operator.section-2 to None, run_after=None
[2026-09-22T17:08:06.910+0000] {logging_mixin.py:188} INFO - [2026-09-22T17:08:06.910+0000] {dag.py:3089} INFO - Sync 2 DAGs
[2026-09-22T17:08:06.917+0000] {logging_mixin.py:188} INFO - [2026-09-22T17:08:06.917+0000] {dag.py:3947} INFO - Setting next_dagrun for example_subdag_operator.section-1 to None, run_after=None
[2026-09-22T17:08:06.919+0000] {logging_mixin.py:188} INFO - [2026-09-22T17:08:06.918+0000] {dag.py:3947} INFO - Setting next_dagrun for example_subdag_operator.section-2 to None, run_after=None
[2026-09-22T17:08:06.932+0000] {processor.py:183} INFO - Processing /home/airflow/.local/lib/python3.12/site-packages/airflow/example_dags/example_subdag_operator.py took 0.144 seconds
[2026-09-22T17:08:37.149+0000] {processor.py:161} INFO - Started process (PID=684) to work on /home/airflow/.local/lib/python3.12/site-packages/airflow/example_dags/example_subdag_operator.py
[2026-09-22T17:08:37.150+0000] {processor.py:830} INFO - Processing file /home/airflow/.local/lib/python3.12/site-packages/airflow/example_dags/example_subdag_operator.py for tasks to queue
[2026-09-22T17:08:37.153+0000] {logging_mixin.py:188} INFO - [2026-09-22T17:08:37.153+0000] {dagbag.py:545} INFO - Filling up the DagBag from /home/airflow/.local/lib/python3.12/site-packages/airflow/example_dags/example_subdag_operator.py
[2026-09-22T17:08:37.174+0000] {processor.py:840} INFO - DAG(s) 'example_subdag_operator.section-1', 'example_subdag_operator.section-2', 'example_subdag_operator' retrieved from /home/airflow/.local/lib/python3.12/site-packages/airflow/example_dags/example_subdag_operator.py
[2026-09-22T17:08:37.189+0000] {logging_mixin.py:188} INFO - [2026-09-22T17:08:37.189+0000] {dag.py:3089} INFO - Sync 3 DAGs
[2026-09-22T17:08:37.207+0000] {logging_mixin.py:188} INFO - [2026-09-22T17:08:37.207+0000] {dag.py:3947} INFO - Setting next_dagrun for example_subdag_operator to 2022-01-01 00:00:00+00:00, run_after=2022-01-01 00:00:00+00:00
[2026-09-22T17:08:37.211+0000] {logging_mixin.py:188} INFO - [2026-09-22T17:08:37.211+0000] {dag.py:3947} INFO - Setting next_dagrun for example_subdag_operator.section-1 to None, run_after=None
[2026-09-22T17:08:37.213+0000] {logging_mixin.py:188} INFO - [2026-09-22T17:08:37.213+0000] {dag.py:3947} INFO - Setting next_dagrun for example_subdag_operator.section-2 to None, run_after=None
[2026-09-22T17:08:37.219+0000] {logging_mixin.py:188} INFO - [2026-09-22T17:08:37.219+0000] {dag.py:3089} INFO - Sync 2 DAGs
[2026-09-22T17:08:37.224+0000] {logging_mixin.py:188} INFO - [2026-09-22T17:08:37.224+0000] {dag.py:3947} INFO - Setting next_dagrun for example_subdag_operator.section-1 to None, run_after=None
[2026-09-22T17:08:37.224+0000] {logging_mixin.py:188} INFO - [2026-09-22T17:08:37.224+0000] {dag.py:3947} INFO - Setting next_dagrun for example_subdag_operator.section-2 to None, run_after=None
[2026-09-22T17:08:37.239+0000] {processor.py:183} INFO - Processing /home/airflow/.local/lib/python3.12/site-packages/airflow/example_dags/example_subdag_operator.py took 0.095 seconds
[2026-09-22T17:09:07.336+0000] {processor.py:161} INFO - Started process (PID=742) to work on /home/airflow/.local/lib/python3.12/site-packages/airflow/example_dags/example_subdag_operator.py
[2026-09-22T17:09:07.337+0000] {processor.py:830} INFO - Processing file /home/airflow/.local/lib/python3.12/site-packages/airflow/example_dags/example_subdag_operator.py for tasks to queue
[2026-09-22T17:09:07.339+0000] {logging_mixin.py:188} INFO - [2026-09-22T17:09:07.338+0000] {dagbag.py:545} INFO - Filling up the DagBag from /home/airflow/.local/lib/python3.12/site-packages/airflow/example_dags/example_subdag_operator.py
[2026-09-22T17:09:07.358+0000] {processor.py:840} INFO - DAG(s) 'example_subdag_operator.section-1', 'example_subdag_operator.section-2', 'example_subdag_operator' retrieved from /home/airflow/.local/lib/python3.12/site-packages/airflow/example_dags/example_subdag_operator.py
[2026-09-22T17:09:07.371+0000] {logging_mixin.py:188} INFO - [2026-09-22T17:09:07.371+0000] {dag.py:3089} INFO - Sync 3 DAGs
[2026-09-22T17:09:07.389+0000] {logging_mixin.py:188} INFO - [2026-09-22T17:09:07.389+0000] {dag.py:3947} INFO - Setting next_dagrun for example_subdag_operator to 2022-01-01 00:00:00+00:00, run_after=2022-01-01 00:00:00+00:00
[2026-09-22T17:09:07.393+0000] {logging_mixin.py:188} INFO - [2026-09-22T17:09:07.392+0000] {dag.py:3947} INFO - Setting next_dagrun for example_subdag_operator.section-1 to None, run_after=None
[2026-09-22T17:09:07.394+0000] {logging_mixin.py:188} INFO - [2026-09-22T17:09:07.394+0000] {dag.py:3947} INFO - Setting next_dagrun for example_subdag_operator.section-2 to None, run_after=None
[2026-09-22T17:09:07.402+0000] {logging_mixin.py:188} INFO - [2026-09-22T17:09:07.402+0000] {dag.py:3089} INFO - Sync 2 DAGs
[2026-09-22T17:09:07.407+0000] {logging_mixin.py:188} INFO - [2026-09-22T17:09:07.406+0000] {dag.py:3947} INFO - Setting next_dagrun for example_subdag_operator.section-1 to None, run_after=None
[2026-09-22T17:09:07.407+0000] {logging_mixin.py:188} INFO - [2026-09-22T17:09:07.407+0000] {dag.py:3947} INFO - Setting next_dagrun for example_subdag_operator.section-2 to None, run_after=None
[2026-09-22T17:09:07.423+0000] {processor.py:183} INFO - Processing /home/airflow/.local/lib/python3.12/site-packages/airflow/example_dags/example_subdag_operator.py took 0.093 seconds
[2026-09-22T17:09:37.526+0000] {processor.py:161} INFO - Started process (PID=800) to work on /home/airflow/.local/lib/python3.12/site-packages/airflow/example_dags/example_subdag_operator.py
[2026-09-22T17:09:37.528+0000] {processor.py:830} INFO - Processing file /home/airflow/.local/lib/python3.12/site-packages/airflow/example_dags/example_subdag_operator.py for tasks to queue
[2026-09-22T17:09:37.529+0000] {logging_mixin.py:188} INFO - [2026-09-22T17:09:37.529+0000] {dagbag.py:545} INFO - Filling up the DagBag from /home/airflow/.local/lib/python3.12/site-packages/airflow/example_dags/example_subdag_operator.py
[2026-09-22T17:09:37.551+0000] {processor.py:840} INFO - DAG(s) 'example_subdag_operator.section-1', 'example_subdag_operator.section-2', 'example_subdag_operator' retrieved from /home/airflow/.local/lib/python3.12/site-packages/airflow/example_dags/example_subdag_operator.py
[2026-09-22T17:09:37.563+0000] {logging_mixin.py:188} INFO - [2026-09-22T17:09:37.563+0000] {dag.py:3089} INFO - Sync 3 DAGs
[2026-09-22T17:09:37.583+0000] {logging_mixin.py:188} INFO - [2026-09-22T17:09:37.582+0000] {dag.py:3947} INFO - Setting next_dagrun for example_subdag_operator to 2022-01-01 00:00:00+00:00, run_after=2022-01-01 00:00:00+00:00
[2026-09-22T17:09:37.587+0000] {logging_mixin.py:188} INFO - [2026-09-22T17:09:37.586+0000] {dag.py:3947} INFO - Setting next_dagrun for example_subdag_operator.section-1 to None, run_after=None
[2026-09-22T17:09:37.588+0000] {logging_mixin.py:188} INFO - [2026-09-22T17:09:37.588+0000] {dag.py:3947} INFO - Setting next_dagrun for example_subdag_operator.section-2 to None, run_after=None
[2026-09-22T17:09:37.594+0000] {logging_mixin.py:188} INFO - [2026-09-22T17:09:37.594+0000] {dag.py:3089} INFO - Sync 2 DAGs
[2026-09-22T17:09:37.599+0000] {logging_mixin.py:188} INFO - [2026-09-22T17:09:37.599+0000] {dag.py:3947} INFO - Setting next_dagrun for example_subdag_operator.section-1 to None, run_after=None
[2026-09-22T17:09:37.600+0000] {logging_mixin.py:188} INFO - [2026-09-22T17:09:37.600+0000] {dag.py:3947} INFO - Setting next_dagrun for example_subdag_operator.section-2 to None, run_after=None
[2026-09-22T17:09:37.611+0000] {processor.py:183} INFO - Processing /home/airflow/.local/lib/python3.12/site-packages/airflow/example_dags/example_subdag_operator.py took 0.092 seconds
[2026-09-22T17:10:07.852+0000] {processor.py:161} INFO - Started process (PID=858) to work on /home/airflow/.local/lib/python3.12/site-packages/airflow/example_dags/example_subdag_operator.py
[2026-09-22T17:10:07.853+0000] {processor.py:830} INFO - Processing file /home/airflow/.local/lib/python3.12/site-packages/airflow/example_dags/example_subdag_operator.py for tasks to queue
[2026-09-22T17:10:07.856+0000] {logging_mixin.py:188} INFO - [2026-09-22T17:10:07.855+0000] {dagbag.py:545} INFO - Filling up the DagBag from /home/airflow/.local/lib/python3.12/site-packages/airflow/example_dags/example_subdag_operator.py
[2026-09-22T17:10:07.878+0000] {processor.py:840} INFO - DAG(s) 'example_subdag_operator.section-1', 'example_subdag_operator.section-2', 'example_subdag_operator' retrieved from /home/airflow/.local/lib/python3.12/site-packages/airflow/example_dags/example_subdag_operator.py
[2026-09-22T17:10:07.894+0000] {logging_mixin.py:188} INFO - [2026-09-22T17:10:07.894+0000] {dag.py:3089} INFO - Sync 3 DAGs
[2026-09-22T17:10:07.921+0000] {logging_mixin.py:188} INFO - [2026-09-22T17:10:07.921+0000] {dag.py:3947} INFO - Setting next_dagrun for example_subdag_operator to 2022-01-01 00:00:00+00:00, run_after=2022-01-01 00:00:00+00:00
[2026-09-22T17:10:07.925+0000] {logging_mixin.py:188} INFO - [2026-09-22T17:10:07.925+0000] {dag.py:3947} INFO - Setting next_dagrun for example_subdag_operator.section-1 to None, run_after=None
[2026-09-22T17:10:07.926+0000] {logging_mixin.py:188} INFO - [2026-09-22T17:10:07.926+0000] {dag.py:3947} INFO - Setting next_dagrun for example_subdag_operator.section-2 to None, run_after=None
[2026-09-22T17:10:07.936+0000] {logging_mixin.py:188} INFO - [2026-09-22T17:10:07.936+0000] {dag.py:3089} INFO - Sync 2 DAGs
[2026-09-22T17:10:07.940+0000] {logging_mixin.py:188} INFO - [2026-09-22T17:10:07.940+0000] {dag.py:3947} INFO - Setting next_dagrun for example_subdag_operator.section-1 to None, run_after=None
[2026-09-22T17:10:07.941+0000] {logging_mixin.py:188} INFO - [2026-09-22T17:10:07.941+0000] {dag.py:3947} INFO - Setting next_dagrun for example_subdag_operator.section-2 to None, run_after=None
[2026-09-22T17:10:07.953+0000] {processor.py:183} INFO - Processing /home/airflow/.local/lib/python3.12/site-packages/airflow/example_dags/example_subdag_operator.py took 0.109 seconds
[2026-09-22T17:10:38.780+0000] {processor.py:161} INFO - Started process (PID=916) to work on /home/airflow/.local/lib/python3.12/site-packages/airflow/example_dags/example_subdag_operator.py
[2026-09-22T17:10:38.781+0000] {processor.py:830} INFO - Processing file /home/airflow/.local/lib/python3.12/site-packages/airflow/example_dags/example_subdag_operator.py for tasks to queue
[2026-09-22T17:10:38.783+0000] {logging_mixin.py:188} INFO - [2026-09-22T17:10:38.783+0000] {dagbag.py:545} INFO - Filling up the DagBag from /home/airflow/.local/lib/python3.12/site-packages/airflow/example_dags/example_subdag_operator.py
[2026-09-22T17:10:38.804+0000] {processor.py:840} INFO - DAG(s) 'example_subdag_operator.section-1', 'example_subdag_operator.section-2', 'example_subdag_operator' retrieved from /home/airflow/.local/lib/python3.12/site-packages/airflow/example_dags/example_subdag_operator.py
[2026-09-22T17:10:38.817+0000] {logging_mixin.py:188} INFO - [2026-09-22T17:10:38.817+0000] {dag.py:3089} INFO - Sync 3 DAGs
[2026-09-22T17:10:38.835+0000] {logging_mixin.py:188} INFO - [2026-09-22T17:10:38.834+0000] {dag.py:3947} INFO - Setting next_dagrun for example_subdag_operator to 2022-01-01 00:00:00+00:00, run_after=2022-01-01 00:00:00+00:00
[2026-09-22T17:10:38.839+0000] {logging_mixin.py:188} INFO - [2026-09-22T17:10:38.838+0000] {dag.py:3947} INFO - Setting next_dagrun for example_subdag_operator.section-1 to None, run_after=None
[2026-09-22T17:10:38.840+0000] {logging_mixin.py:188} INFO - [2026-09-22T17:10:38.840+0000] {dag.py:3947} INFO - Setting next_dagrun for example_subdag_operator.section-2 to None, run_after=None
[2026-09-22T17:10:38.846+0000] {logging_mixin.py:188} INFO - [2026-09-22T17:10:38.846+0000] {dag.py:3089} INFO - Sync 2 DAGs
[2026-09-22T17:10:38.852+0000] {logging_mixin.py:188} INFO - [2026-09-22T17:10:38.852+0000] {dag.py:3947} INFO - Setting next_dagrun for example_subdag_operator.section-1 to None, run_after=None
[2026-09-22T17:10:38.853+0000] {logging_mixin.py:188} INFO - [2026-09-22T17:10:38.852+0000] {dag.py:3947} INFO - Setting next_dagrun for example_subdag_operator.section-2 to None, run_after=None
[2026-09-22T17:10:38.870+0000] {processor.py:183} INFO - Processing /home/airflow/.local/lib/python3.12/site-packages/airflow/example_dags/example_subdag_operator.py took 0.097 seconds
[2026-09-22T17:11:09.138+0000] {processor.py:161} INFO - Started process (PID=974) to work on /home/airflow/.local/lib/python3.12/site-packages/airflow/example_dags/example_subdag_operator.py
[2026-09-22T17:11:09.139+0000] {processor.py:830} INFO - Processing file /home/airflow/.local/lib/python3.12/site-packages/airflow/example_dags/example_subdag_operator.py for tasks to queue
[2026-09-22T17:11:09.141+0000] {logging_mixin.py:188} INFO - [2026-09-22T17:11:09.141+0000] {dagbag.py:545} INFO - Filling up the DagBag from /home/airflow/.local/lib/python3.12/site-packages/airflow/example_dags/example_subdag_operator.py
[2026-09-22T17:11:09.166+0000] {processor.py:840} INFO - DAG(s) 'example_subdag_operator.section-1', 'example_subdag_operator.section-2', 'example_subdag_operator' retrieved from /home/airflow/.local/lib/python3.12/site-packages/airflow/example_dags/example_subdag_operator.py
[2026-09-22T17:11:09.180+0000] {logging_mixin.py:188} INFO - [2026-09-22T17:11:09.180+0000] {dag.py:3089} INFO - Sync 3 DAGs
[2026-09-22T17:11:09.203+0000] {logging_mixin.py:188} INFO - [2026-09-22T17:11:09.203+0000] {dag.py:3947} INFO - Setting next_dagrun for example_subdag_operator to 2022-01-01 00:00:00+00:00, run_after=2022-01-01 00:00:00+00:00
[2026-09-22T17:11:09.209+0000] {logging_mixin.py:188} INFO - [2026-09-22T17:11:09.209+0000] {dag.py:3947} INFO - Setting next_dagrun for example_subdag_operator.section-1 to None, run_after=None
[2026-09-22T17:11:09.210+0000] {logging_mixin.py:188} INFO - [2026-09-22T17:11:09.210+0000] {dag.py:3947} INFO - Setting next_dagrun for example_subdag_operator.section-2 to None, run_after=None
[2026-09-22T17:11:09.217+0000] {logging_mixin.py:188} INFO - [2026-09-22T17:11:09.217+0000] {dag.py:3089} INFO - Sync 2 DAGs
[2026-09-22T17:11:09.223+0000] {logging_mixin.py:188} INFO - [2026-09-22T17:11:09.222+0000] {dag.py:3947} INFO - Setting next_dagrun for example_subdag_operator.section-1 to None, run_after=None
[2026-09-22T17:11:09.223+0000] {logging_mixin.py:188} INFO - [2026-09-22T17:11:09.223+0000] {dag.py:3947} INFO - Setting next_dagrun for example_subdag_operator.section-2 to None, run_after=None
[2026-09-22T17:11:09.239+0000] {processor.py:183} INFO - Processing /home/airflow/.local/lib/python3.12/site-packages/airflow/example_dags/example_subdag_operator.py took 0.108 seconds
[2026-09-22T17:11:39.472+0000] {processor.py:161} INFO - Started process (PID=1032) to work on /home/airflow/.local/lib/python3.12/site-packages/airflow/example_dags/example_subdag_operator.py
[2026-09-22T17:11:39.473+0000] {processor.py:830} INFO - Processing file /home/airflow/.local/lib/python3.12/site-packages/airflow/example_dags/example_subdag_operator.py for tasks to queue
[2026-09-22T17:11:39.475+0000] {logging_mixin.py:188} INFO - [2026-09-22T17:11:39.475+0000] {dagbag.py:545} INFO - Filling up the DagBag from /home/airflow/.local/lib/python3.12/site-packages/airflow/example_dags/example_subdag_operator.py
[2026-09-22T17:11:39.496+0000] {processor.py:840} INFO - DAG(s) 'example_subdag_operator.section-1', 'example_subdag_operator.section-2', 'example_subdag_operator' retrieved from /home/airflow/.local/lib/python3.12/site-packages/airflow/example_dags/example_subdag_operator.py
[2026-09-22T17:11:39.509+0000] {logging_mixin.py:188} INFO - [2026-09-22T17:11:39.509+0000] {dag.py:3089} INFO - Sync 3 DAGs
[2026-09-22T17:11:39.528+0000] {logging_mixin.py:188} INFO - [2026-09-22T17:11:39.528+0000] {dag.py:3947} INFO - Setting next_dagrun for example_subdag_operator to 2022-01-01 00:00:00+00:00, run_after=2022-01-01 00:00:00+00:00
[2026-09-22T17:11:39.533+0000] {logging_mixin.py:188} INFO - [2026-09-22T17:11:39.533+0000] {dag.py:3947} INFO - Setting next_dagrun for example_subdag_operator.section-1 to None, run_after=None
[2026-09-22T17:11:39.534+0000] {logging_mixin.py:188} INFO - [2026-09-22T17:11:39.534+0000] {dag.py:3947} INFO - Setting next_dagrun for example_subdag_operator.section-2 to None, run_after=None
[2026-09-22T17:11:39.541+0000] {logging_mixin.py:188} INFO - [2026-09-22T17:11:39.541+0000] {dag.py:3089} INFO - Sync 2 DAGs
[2026-09-22T17:11:39.547+0000] {logging_mixin.py:188} INFO - [2026-09-22T17:11:39.546+0000] {dag.py:3947} INFO - Setting next_dagrun for example_subdag_operator.section-1 to None, run_after=None
[2026-09-22T17:11:39.548+0000] {logging_mixin.py:188} INFO - [2026-09-22T17:11:39.548+0000] {dag.py:3947} INFO - Setting next_dagrun for example_subdag_operator.section-2 to None, run_after=None
[2026-09-22T17:11:39.564+0000] {processor.py:183} INFO - Processing /home/airflow/.local/lib/python3.12/site-packages/airflow/example_dags/example_subdag_operator.py took 0.098 seconds
[2026-09-22T17:12:09.816+0000] {processor.py:161} INFO - Started process (PID=1090) to work on /home/airflow/.local/lib/python3.12/site-packages/airflow/example_dags/example_subdag_operator.py
[2026-09-22T17:12:09.817+0000] {processor.py:830} INFO - Processing file /home/airflow/.local/lib/python3.12/site-packages/airflow/example_dags/example_subdag_operator.py for tasks to queue
[2026-09-22T17:12:09.819+0000] {logging_mixin.py:188} INFO - [2026-09-22T17:12:09.819+0000] {dagbag.py:545} INFO - Filling up the DagBag from /home/airflow/.local/lib/python3.12/site-packages/airflow/example_dags/example_subdag_operator.py
[2026-09-22T17:12:09.841+0000] {processor.py:840} INFO - DAG(s) 'example_subdag_operator.section-1', 'example_subdag_operator.section-2', 'example_subdag_operator' retrieved from /home/airflow/.local/lib/python3.12/site-packages/airflow/example_dags/example_subdag_operator.py
[2026-09-22T17:12:09.855+0000] {logging_mixin.py:188} INFO - [2026-09-22T17:12:09.855+0000] {dag.py:3089} INFO - Sync 3 DAGs
[2026-09-22T17:12:09.873+0000] {logging_mixin.py:188} INFO - [2026-09-22T17:12:09.873+0000] {dag.py:3947} INFO - Setting next_dagrun for example_subdag_operator to 2022-01-01 00:00:00+00:00, run_after=2022-01-01 00:00:00+00:00
[2026-09-22T17:12:09.876+0000] {logging_mixin.py:188} INFO - [2026-09-22T17:12:09.876+0000] {dag.py:3947} INFO - Setting next_dagrun for example_subdag_operator.section-1 to None, run_after=None
[2026-09-22T17:12:09.878+0000] {logging_mixin.py:188} INFO - [2026-09-22T17:12:09.877+0000] {dag.py:3947} INFO - Setting next_dagrun for example_subdag_operator.section-2 to None, run_after=None
[2026-09-22T17:12:09.884+0000] {logging_mixin.py:188} INFO - [2026-09-22T17:12:09.884+0000] {dag.py:3089} INFO - Sync 2 DAGs
[2026-09-22T17:12:09.889+0000] {logging_mixin.py:188} INFO - [2026-09-22T17:12:09.889+0000] {dag.py:3947} INFO - Setting next_dagrun for example_subdag_operator.section-1 to None, run_after=None
[2026-09-22T17:12:09.890+0000] {logging_mixin.py:188} INFO - [2026-09-22T17:12:09.890+0000] {dag.py:3947} INFO - Setting next_dagrun for example_subdag_operator.section-2 to None, run_after=None
[2026-09-22T17:12:09.903+0000] {processor.py:183} INFO - Processing /home/airflow/.local/lib/python3.12/site-packages/airflow/example_dags/example_subdag_operator.py took 0.094 seconds
[2026-09-22T17:12:39.930+0000] {processor.py:161} INFO - Started process (PID=1148) to work on /home/airflow/.local/lib/python3.12/site-packages/airflow/example_dags/example_subdag_operator.py
[2026-09-22T17:12:39.932+0000] {processor.py:830} INFO - Processing file /home/airflow/.local/lib/python3.12/site-packages/airflow/example_dags/example_subdag_operator.py for tasks to queue
[2026-09-22T17:12:39.934+0000] {logging_mixin.py:188} INFO - [2026-09-22T17:12:39.934+0000] {dagbag.py:545} INFO - Filling up the DagBag from /home/airflow/.local/lib/python3.12/site-packages/airflow/example_dags/example_subdag_operator.py
[2026-09-22T17:12:39.956+0000] {processor.py:840} INFO - DAG(s) 'example_subdag_operator.section-1', 'example_subdag_operator.section-2', 'example_subdag_operator' retrieved from /home/airflow/.local/lib/python3.12/site-packages/airflow/example_dags/example_subdag_operator.py
[2026-09-22T17:12:39.971+0000] {logging_mixin.py:188} INFO - [2026-09-22T17:12:39.971+0000] {dag.py:3089} INFO - Sync 3 DAGs
[2026-09-22T17:12:39.992+0000] {logging_mixin.py:188} INFO - [2026-09-22T17:12:39.992+0000] {dag.py:3947} INFO - Setting next_dagrun for example_subdag_operator to 2022-01-01 00:00:00+00:00, run_after=2022-01-01 00:00:00+00:00
[2026-09-22T17:12:39.997+0000] {logging_mixin.py:188} INFO - [2026-09-22T17:12:39.997+0000] {dag.py:3947} INFO - Setting next_dagrun for example_subdag_operator.section-1 to None, run_after=None
[2026-09-22T17:12:39.999+0000] {logging_mixin.py:188} INFO - [2026-09-22T17:12:39.999+0000] {dag.py:3947} INFO - Setting next_dagrun for example_subdag_operator.section-2 to None, run_after=None
[2026-09-22T17:12:40.006+0000] {logging_mixin.py:188} INFO - [2026-09-22T17:12:40.006+0000] {dag.py:3089} INFO - Sync 2 DAGs
[2026-09-22T17:12:40.012+0000] {logging_mixin.py:188} INFO - [2026-09-22T17:12:40.011+0000] {dag.py:3947} INFO - Setting next_dagrun for example_subdag_operator.section-1 to None, run_after=None
[2026-09-22T17:12:40.012+0000] {logging_mixin.py:188} INFO - [2026-09-22T17:12:40.012+0000] {dag.py:3947} INFO - Setting next_dagrun for example_subdag_operator.section-2 to None, run_after=None
[2026-09-22T17:12:40.029+0000] {processor.py:183} INFO - Processing /home/airflow/.local/lib/python3.12/site-packages/airflow/example_dags/example_subdag_operator.py took 0.104 seconds
[2026-09-22T17:13:10.360+0000] {processor.py:161} INFO - Started process (PID=1206) to work on /home/airflow/.local/lib/python3.12/site-packages/airflow/example_dags/example_subdag_operator.py
[2026-09-22T17:13:10.361+0000] {processor.py:830} INFO - Processing file /home/airflow/.local/lib/python3.12/site-packages/airflow/example_dags/example_subdag_operator.py for tasks to queue
[2026-09-22T17:13:10.364+0000] {logging_mixin.py:188} INFO - [2026-09-22T17:13:10.363+0000] {dagbag.py:545} INFO - Filling up the DagBag from /home/airflow/.local/lib/python3.12/site-packages/airflow/example_dags/example_subdag_operator.py
[2026-09-22T17:13:10.391+0000] {processor.py:840} INFO - DAG(s) 'example_subdag_operator.section-1', 'example_subdag_operator.section-2', 'example_subdag_operator' retrieved from /home/airflow/.local/lib/python3.12/site-packages/airflow/example_dags/example_subdag_operator.py
[2026-09-22T17:13:10.406+0000] {logging_mixin.py:188} INFO - [2026-09-22T17:13:10.406+0000] {dag.py:3089} INFO - Sync 3 DAGs
[2026-09-22T17:13:10.429+0000] {logging_mixin.py:188} INFO - [2026-09-22T17:13:10.428+0000] {dag.py:3947} INFO - Setting next_dagrun for example_subdag_operator to 2022-01-01 00:00:00+00:00, run_after=2022-01-01 00:00:00+00:00
[2026-09-22T17:13:10.435+0000] {logging_mixin.py:188} INFO - [2026-09-22T17:13:10.435+0000] {dag.py:3947} INFO - Setting next_dagrun for example_subdag_operator.section-1 to None, run_after=None
[2026-09-22T17:13:10.436+0000] {logging_mixin.py:188} INFO - [2026-09-22T17:13:10.436+0000] {dag.py:3947} INFO - Setting next_dagrun for example_subdag_operator.section-2 to None, run_after=None
[2026-09-22T17:13:10.444+0000] {logging_mixin.py:188} INFO - [2026-09-22T17:13:10.444+0000] {dag.py:3089} INFO - Sync 2 DAGs
[2026-09-22T17:13:10.450+0000] {logging_mixin.py:188} INFO - [2026-09-22T17:13:10.449+0000] {dag.py:3947} INFO - Setting next_dagrun for example_subdag_operator.section-1 to None, run_after=None
[2026-09-22T17:13:10.450+0000] {logging_mixin.py:188} INFO - [2026-09-22T17:13:10.450+0000] {dag.py:3947} INFO - Setting next_dagrun for example_subdag_operator.section-2 to None, run_after=None
[2026-09-22T17:13:10.467+0000] {processor.py:183} INFO - Processing /home/airflow/.local/lib/python3.12/site-packages/airflow/example_dags/example_subdag_operator.py took 0.114 seconds
