[2026-09-22T16:19:25.815+0000] {processor.py:161} INFO - Started process (PID=61) to work on /home/airflow/.local/lib/python3.12/site-packages/airflow/example_dags/example_params_ui_tutorial.py
[2026-09-22T16:19:25.816+0000] {processor.py:830} INFO - Processing file /home/airflow/.local/lib/python3.12/site-packages/airflow/example_dags/example_params_ui_tutorial.py for tasks to queue
[2026-09-22T16:19:25.819+0000] {logging_mixin.py:188} INFO - [2026-09-22T16:19:25.819+0000] {dagbag.py:545} INFO - Filling up the DagBag from /home/airflow/.local/lib/python3.12/site-packages/airflow/example_dags/example_params_ui_tutorial.py
[2026-09-22T16:19:25.833+0000] {processor.py:840} INFO - DAG(s) 'example_params_ui_tutorial' retrieved from /home/airflow/.local/lib/python3.12/site-packages/airflow/example_dags/example_params_ui_tutorial.py
[2026-09-22T16:19:26.091+0000] {logging_mixin.py:188} INFO - [2026-09-22T16:19:26.091+0000] {dag.py:3089} INFO - Sync 1 DAGs
[2026-09-22T16:19:26.117+0000] {logging_mixin.py:188} INFO - [2026-09-22T16:19:26.116+0000] {dag.py:3947} INFO - Setting next_dagrun for example_params_ui_tutorial to None, run_after=None
[2026-09-22T16:19:26.155+0000] {processor.py:183} INFO - Processing /home/airflow/.local/lib/python3.12/site-packages/airflow/example_dags/example_params_ui_tutorial.py took 0.347 seconds
[2026-09-22T16:19:57.104+0000] {processor.py:161} INFO - Started process (PID=118) to work on /home/airflow/.local/lib/python3.12/site-packages/airflow/example_dags/example_params_ui_tutorial.py
[2026-09-22T16:19:57.154+0000] {processor.py:830} INFO - Processing file /home/airflow/.local/lib/python3.12/site-packages/airflow/example_dags/example_params_ui_tutorial.py for tasks to queue
[2026-09-22T16:19:57.157+0000] {logging_mixin.py:188} INFO - [2026-09-22T16:19:57.157+0000] {dagbag.py:545} INFO - Filling up the DagBag from /home/airflow/.local/lib/python3.12/site-packages/airflow/example_dags/example_params_ui_tutorial.py
[2026-09-22T16:19:57.166+0000] {processor.py:840} INFO - DAG(s) 'example_params_ui_tutorial' retrieved from /home/airflow/.local/lib/python3.12/site-packages/airflow/example_dags/example_params_ui_tutorial.py
[2026-09-22T16:19:57.232+0000] {logging_mixin.py:188} INFO - [2026-09-22T16:19:57.232+0000] {dag.py:3089} INFO - Sync 1 DAGs
[2026-09-22T16:19:57.251+0000] {logging_mixin.py:188} INFO - [2026-09-22T16:19:57.251+0000] {dag.py:3947} INFO - Setting next_dagrun for example_params_ui_tutorial to None, run_after=None
[2026-09-22T16:19:57.279+0000] {processor.py:183} INFO - Processing /home/airflow/.local/lib/python3.12/site-packages/airflow/example_dags/example_params_ui_tutorial.py took 0.188 seconds
[2026-09-22T16:20:27.456+0000] {processor.py:161} INFO - Started process (PID=176) to work on /home/airflow/.local/lib/python3.12/site-packages/airflow/example_dags/example_params_ui_tutorial.py
[2026-09-22T16:20:27.458+0000] {processor.py:830} INFO - Processing file /home/airflow/.local/lib/python3.12/site-packages/airflow/example_dags/example_params_ui_tutorial.py for tasks to queue
[2026-09-22T16:20:27.460+0000] {logging_mixin.py:188} INFO - [2026-09-22T16:20:27.460+0000] {dagbag.py:545} INFO - Filling up the DagBag from /home/airflow/.local/lib/python3.12/site-packages/airflow/example_dags/example_params_ui_tutorial.py
[2026-09-22T16:20:27.471+0000] {processor.py:840} INFO - DAG(s) 'example_params_ui_tutorial' retrieved from /home/airflow/.local/lib/python3.12/site-packages/airflow/example_dags/example_params_ui_tutorial.py
[2026-09-22T16:20:27.540+0000] {logging_mixin.py:188} INFO - [2026-09-22T16:20:27.540+0000] {dag.py:3089} INFO - Sync 1 DAGs
[2026-09-22T16:20:27.561+0000] {logging_mixin.py:188} INFO - [2026-09-22T16:20:27.561+0000] {dag.py:3947} INFO - Setting next_dagrun for example_params_ui_tutorial to None, run_after=None
[2026-09-22T16:20:27.641+0000] {processor.py:183} INFO - Processing /home/airflow/.local/lib/python3.12/site-packages/airflow/example_dags/example_params_ui_tutorial.py took 0.198 seconds
[2026-09-22T16:20:57.994+0000] {processor.py:161} INFO - Started process (PID=233) to work on /home/airflow/.local/lib/python3.12/site-packages/airflow/example_dags/example_params_ui_tutorial.py
[2026-09-22T16:20:57.996+0000] {processor.py:830} INFO - Processing file /home/airflow/.local/lib/python3.12/site-packages/airflow/example_dags/example_params_ui_tutorial.py for tasks to queue
[2026-09-22T16:20:58.000+0000] {logging_mixin.py:188} INFO - [2026-09-22T16:20:57.999+0000] {dagbag.py:545} INFO - Filling up the DagBag from /home/airflow/.local/lib/python3.12/site-packages/airflow/example_dags/example_params_ui_tutorial.py
[2026-09-22T16:20:58.011+0000] {processor.py:840} INFO - DAG(s) 'example_params_ui_tutorial' retrieved from /home/airflow/.local/lib/python3.12/site-packages/airflow/example_dags/example_params_ui_tutorial.py
[2026-09-22T16:20:58.087+0000] {logging_mixin.py:188} INFO - [2026-09-22T16:20:58.086+0000] {dag.py:3089} INFO - Sync 1 DAGs
[2026-09-22T16:20:58.117+0000] {logging_mixin.py:188} INFO - [2026-09-22T16:20:58.117+0000] {dag.py:3947} INFO - Setting next_dagrun for example_params_ui_tutorial to None, run_after=None
[2026-09-22T16:20:58.160+0000] {processor.py:183} INFO - Processing /home/airflow/.local/lib/python3.12/site-packages/airflow/example_dags/example_params_ui_tutorial.py took 0.180 seconds
[2026-09-22T16:21:28.703+0000] {processor.py:161} INFO - Started process (PID=291) to work on /home/airflow/.local/lib/python3.12/site-packages/airflow/example_dags/example_params_ui_tutorial.py
[2026-09-22T16:21:28.705+0000] {processor.py:830} INFO - Processing file /home/airflow/.local/lib/python3.12/site-packages/airflow/example_dags/example_params_ui_tutorial.py for tasks to queue
[2026-09-22T16:21:28.710+0000] {logging_mixin.py:188} INFO - [2026-09-22T16:21:28.710+0000] {dagbag.py:545} INFO - Filling up the DagBag from /home/airflow/.local/lib/python3.12/site-packages/airflow/example_dags/example_params_ui_tutorial.py
[2026-09-22T16:21:28.723+0000] {processor.py:840} INFO - DAG(s) 'example_params_ui_tutorial' retrieved from /home/airflow/.local/lib/python3.12/site-packages/airflow/example_dags/example_params_ui_tutorial.py
[2026-09-22T16:21:28.806+0000] {logging_mixin.py:188} INFO - [2026-09-22T16:21:28.806+0000] {dag.py:3089} INFO - Sync 1 DAGs
[2026-09-22T16:21:28.827+0000] {logging_mixin.py:188} INFO - [2026-09-22T16:21:28.827+0000] {dag.py:3947} INFO - Setting next_dagrun for example_params_ui_tutorial to None, run_after=None
[2026-09-22T16:21:28.919+0000] {processor.py:183} INFO - Processing /home/airflow/.local/lib/python3.12/site-packages/airflow/example_dags/example_params_ui_tutorial.py took 0.228 seconds
[2026-09-22T16:21:59.532+0000] {processor.py:161} INFO - Started process (PID=349) to work on /home/airflow/.local/lib/python3.12/site-packages/airflow/example_dags/example_params_ui_tutorial.py
[2026-09-22T16:21:59.535+0000] {processor.py:830} INFO - Processing file /home/airflow/.local/lib/python3.12/site-packages/airflow/example_dags/example_params_ui_tutorial.py for tasks to queue
[2026-09-22T16:21:59.539+0000] {logging_mixin.py:188} INFO - [2026-09-22T16:21:59.538+0000] {dagbag.py:545} INFO - Filling up the DagBag from /home/airflow/.local/lib/python3.12/site-packages/airflow/example_dags/example_params_ui_tutorial.py
[2026-09-22T16:21:59.553+0000] {processor.py:840} INFO - DAG(s) 'example_params_ui_tutorial' retrieved from /home/airflow/.local/lib/python3.12/site-packages/airflow/example_dags/example_params_ui_tutorial.py
[2026-09-22T16:21:59.660+0000] {logging_mixin.py:188} INFO - [2026-09-22T16:21:59.660+0000] {dag.py:3089} INFO - Sync 1 DAGs
[2026-09-22T16:21:59.681+0000] {logging_mixin.py:188} INFO - [2026-09-22T16:21:59.680+0000] {dag.py:3947} INFO - Setting next_dagrun for example_params_ui_tutorial to None, run_after=None
[2026-09-22T16:21:59.709+0000] {processor.py:183} INFO - Processing /home/airflow/.local/lib/python3.12/site-packages/airflow/example_dags/example_params_ui_tutorial.py took 0.186 seconds
[2026-09-22T16:22:30.316+0000] {processor.py:161} INFO - Started process (PID=407) to work on /home/airflow/.local/lib/python3.12/site-packages/airflow/example_dags/example_params_ui_tutorial.py
[2026-09-22T16:22:30.323+0000] {processor.py:830} INFO - Processing file /home/airflow/.local/lib/python3.12/site-packages/airflow/example_dags/example_params_ui_tutorial.py for tasks to queue
[2026-09-22T16:22:30.328+0000] {logging_mixin.py:188} INFO - [2026-09-22T16:22:30.327+0000] {dagbag.py:545} INFO - Filling up the DagBag from /home/airflow/.local/lib/python3.12/site-packages/airflow/example_dags/example_params_ui_tutorial.py
[2026-09-22T16:22:30.349+0000] {processor.py:840} INFO - DAG(s) 'example_params_ui_tutorial' retrieved from /home/airflow/.local/lib/python3.12/site-packages/airflow/example_dags/example_params_ui_tutorial.py
[2026-09-22T16:22:30.567+0000] {logging_mixin.py:188} INFO - [2026-09-22T16:22:30.567+0000] {dag.py:3089} INFO - Sync 1 DAGs
[2026-09-22T16:22:30.595+0000] {logging_mixin.py:188} INFO - [2026-09-22T16:22:30.594+0000] {dag.py:3947} INFO - Setting next_dagrun for example_params_ui_tutorial to None, run_after=None
[2026-09-22T16:22:30.705+0000] {processor.py:183} INFO - Processing /home/airflow/.local/lib/python3.12/site-packages/airflow/example_dags/example_params_ui_tutorial.py took 0.411 seconds
[2026-09-22T16:23:00.856+0000] {processor.py:161} INFO - Started process (PID=471) to work on /home/airflow/.local/lib/python3.12/site-packages/airflow/example_dags/example_params_ui_tutorial.py
[2026-09-22T16:23:00.860+0000] {processor.py:830} INFO - Processing file /home/airflow/.local/lib/python3.12/site-packages/airflow/example_dags/example_params_ui_tutorial.py for tasks to queue
[2026-09-22T16:23:00.869+0000] {logging_mixin.py:188} INFO - [2026-09-22T16:23:00.866+0000] {dagbag.py:545} INFO - Filling up the DagBag from /home/airflow/.local/lib/python3.12/site-packages/airflow/example_dags/example_params_ui_tutorial.py
[2026-09-22T16:23:00.888+0000] {processor.py:840} INFO - DAG(s) 'example_params_ui_tutorial' retrieved from /home/airflow/.local/lib/python3.12/site-packages/airflow/example_dags/example_params_ui_tutorial.py
[2026-09-22T16:23:00.958+0000] {logging_mixin.py:188} INFO - [2026-09-22T16:23:00.957+0000] {dag.py:3089} INFO - Sync 1 DAGs
[2026-09-22T16:23:00.976+0000] {logging_mixin.py:188} INFO - [2026-09-22T16:23:00.976+0000] {dag.py:3947} INFO - Setting next_dagrun for example_params_ui_tutorial to None, run_after=None
[2026-09-22T16:23:01.004+0000] {processor.py:183} INFO - Processing /home/airflow/.local/lib/python3.12/site-packages/airflow/example_dags/example_params_ui_tutorial.py took 0.169 seconds
[2026-09-22T16:23:31.237+0000] {processor.py:161} INFO - Started process (PID=529) to work on /home/airflow/.local/lib/python3.12/site-packages/airflow/example_dags/example_params_ui_tutorial.py
[2026-09-22T16:23:31.239+0000] {processor.py:830} INFO - Processing file /home/airflow/.local/lib/python3.12/site-packages/airflow/example_dags/example_params_ui_tutorial.py for tasks to queue
[2026-09-22T16:23:31.242+0000] {logging_mixin.py:188} INFO - [2026-09-22T16:23:31.241+0000] {dagbag.py:545} INFO - Filling up the DagBag from /home/airflow/.local/lib/python3.12/site-packages/airflow/example_dags/example_params_ui_tutorial.py
[2026-09-22T16:23:31.253+0000] {processor.py:840} INFO - DAG(s) 'example_params_ui_tutorial' retrieved from /home/airflow/.local/lib/python3.12/site-packages/airflow/example_dags/example_params_ui_tutorial.py
[2026-09-22T16:23:31.326+0000] {logging_mixin.py:188} INFO - [2026-09-22T16:23:31.325+0000] {dag.py:3089} INFO - Sync 1 DAGs
[2026-09-22T16:23:31.348+0000] {logging_mixin.py:188} INFO - [2026-09-22T16:23:31.348+0000] {dag.py:3947} INFO - Setting next_dagrun for example_params_ui_tutorial to None, run_after=None
[2026-09-22T16:23:31.386+0000] {processor.py:183} INFO - Processing /home/airflow/.local/lib/python3.12/site-packages/airflow/example_dags/example_params_ui_tutorial.py took 0.157 seconds
[2026-09-22T16:24:01.633+0000] {processor.py:161} INFO - Started process (PID=587) to work on /home/airflow/.local/lib/python3.12/site-packages/airflow/example_dags/example_params_ui_tutorial.py
[2026-09-22T16:24:01.635+0000] {processor.py:830} INFO - Processing file /home/airflow/.local/lib/python3.12/site-packages/airflow/example_dags/example_params_ui_tutorial.py for tasks to queue
[2026-09-22T16:24:01.638+0000] {logging_mixin.py:188} INFO - [2026-09-22T16:24:01.637+0000] {dagbag.py:545} INFO - Filling up the DagBag from /home/airflow/.local/lib/python3.12/site-packages/airflow/example_dags/example_params_ui_tutorial.py
[2026-09-22T16:24:01.647+0000] {processor.py:840} INFO - DAG(s) 'example_params_ui_tutorial' retrieved from /home/airflow/.local/lib/python3.12/site-packages/airflow/example_dags/example_params_ui_tutorial.py
[2026-09-22T16:24:01.719+0000] {logging_mixin.py:188} INFO - [2026-09-22T16:24:01.718+0000] {dag.py:3089} INFO - Sync 1 DAGs
[2026-09-22T16:24:01.738+0000] {logging_mixin.py:188} INFO - [2026-09-22T16:24:01.738+0000] {dag.py:3947} INFO - Setting next_dagrun for example_params_ui_tutorial to None, run_after=None
[2026-09-22T16:24:01.829+0000] {processor.py:183} INFO - Processing /home/airflow/.local/lib/python3.12/site-packages/airflow/example_dags/example_params_ui_tutorial.py took 0.202 seconds
[2026-09-22T16:24:31.989+0000] {processor.py:161} INFO - Started process (PID=645) to work on /home/airflow/.local/lib/python3.12/site-packages/airflow/example_dags/example_params_ui_tutorial.py
[2026-09-22T16:24:31.990+0000] {processor.py:830} INFO - Processing file /home/airflow/.local/lib/python3.12/site-packages/airflow/example_dags/example_params_ui_tutorial.py for tasks to queue
[2026-09-22T16:24:31.994+0000] {logging_mixin.py:188} INFO - [2026-09-22T16:24:31.993+0000] {dagbag.py:545} INFO - Filling up the DagBag from /home/airflow/.local/lib/python3.12/site-packages/airflow/example_dags/example_params_ui_tutorial.py
[2026-09-22T16:24:32.009+0000] {processor.py:840} INFO - DAG(s) 'example_params_ui_tutorial' retrieved from /home/airflow/.local/lib/python3.12/site-packages/airflow/example_dags/example_params_ui_tutorial.py
[2026-09-22T16:24:32.099+0000] {logging_mixin.py:188} INFO - [2026-09-22T16:24:32.098+0000] {dag.py:3089} INFO - Sync 1 DAGs
[2026-09-22T16:24:32.117+0000] {logging_mixin.py:188} INFO - [2026-09-22T16:24:32.117+0000] {dag.py:3947} INFO - Setting next_dagrun for example_params_ui_tutorial to None, run_after=None
[2026-09-22T16:24:32.154+0000] {processor.py:183} INFO - Processing /home/airflow/.local/lib/python3.12/site-packages/airflow/example_dags/example_params_ui_tutorial.py took 0.173 seconds
[2026-09-22T16:25:02.361+0000] {processor.py:161} INFO - Started process (PID=703) to work on /home/airflow/.local/lib/python3.12/site-packages/airflow/example_dags/example_params_ui_tutorial.py
[2026-09-22T16:25:02.363+0000] {processor.py:830} INFO - Processing file /home/airflow/.local/lib/python3.12/site-packages/airflow/example_dags/example_params_ui_tutorial.py for tasks to queue
[2026-09-22T16:25:02.366+0000] {logging_mixin.py:188} INFO - [2026-09-22T16:25:02.365+0000] {dagbag.py:545} INFO - Filling up the DagBag from /home/airflow/.local/lib/python3.12/site-packages/airflow/example_dags/example_params_ui_tutorial.py
[2026-09-22T16:25:02.378+0000] {processor.py:840} INFO - DAG(s) 'example_params_ui_tutorial' retrieved from /home/airflow/.local/lib/python3.12/site-packages/airflow/example_dags/example_params_ui_tutorial.py
[2026-09-22T16:25:02.482+0000] {logging_mixin.py:188} INFO - [2026-09-22T16:25:02.482+0000] {dag.py:3089} INFO - Sync 1 DAGs
[2026-09-22T16:25:02.521+0000] {logging_mixin.py:188} INFO - [2026-09-22T16:25:02.520+0000] {dag.py:3947} INFO - Setting next_dagrun for example_params_ui_tutorial to None, run_after=None
[2026-09-22T16:25:02.606+0000] {processor.py:183} INFO - Processing /home/airflow/.local/lib/python3.12/site-packages/airflow/example_dags/example_params_ui_tutorial.py took 0.255 seconds
[2026-09-22T16:25:32.904+0000] {processor.py:161} INFO - Started process (PID=761) to work on /home/airflow/.local/lib/python3.12/site-packages/airflow/example_dags/example_params_ui_tutorial.py
[2026-09-22T16:25:32.906+0000] {processor.py:830} INFO - Processing file /home/airflow/.local/lib/python3.12/site-packages/airflow/example_dags/example_params_ui_tutorial.py for tasks to queue
[2026-09-22T16:25:32.910+0000] {logging_mixin.py:188} INFO - [2026-09-22T16:25:32.909+0000] {dagbag.py:545} INFO - Filling up the DagBag from /home/airflow/.local/lib/python3.12/site-packages/airflow/example_dags/example_params_ui_tutorial.py
[2026-09-22T16:25:32.922+0000] {processor.py:840} INFO - DAG(s) 'example_params_ui_tutorial' retrieved from /home/airflow/.local/lib/python3.12/site-packages/airflow/example_dags/example_params_ui_tutorial.py
[2026-09-22T16:25:33.025+0000] {logging_mixin.py:188} INFO - [2026-09-22T16:25:33.024+0000] {dag.py:3089} INFO - Sync 1 DAGs
[2026-09-22T16:25:33.063+0000] {logging_mixin.py:188} INFO - [2026-09-22T16:25:33.062+0000] {dag.py:3947} INFO - Setting next_dagrun for example_params_ui_tutorial to None, run_after=None
[2026-09-22T16:25:33.100+0000] {processor.py:183} INFO - Processing /home/airflow/.local/lib/python3.12/site-packages/airflow/example_dags/example_params_ui_tutorial.py took 0.208 seconds
[2026-09-22T16:26:03.252+0000] {processor.py:161} INFO - Started process (PID=819) to work on /home/airflow/.local/lib/python3.12/site-packages/airflow/example_dags/example_params_ui_tutorial.py
[2026-09-22T16:26:03.254+0000] {processor.py:830} INFO - Processing file /home/airflow/.local/lib/python3.12/site-packages/airflow/example_dags/example_params_ui_tutorial.py for tasks to queue
[2026-09-22T16:26:03.257+0000] {logging_mixin.py:188} INFO - [2026-09-22T16:26:03.257+0000] {dagbag.py:545} INFO - Filling up the DagBag from /home/airflow/.local/lib/python3.12/site-packages/airflow/example_dags/example_params_ui_tutorial.py
[2026-09-22T16:26:03.268+0000] {processor.py:840} INFO - DAG(s) 'example_params_ui_tutorial' retrieved from /home/airflow/.local/lib/python3.12/site-packages/airflow/example_dags/example_params_ui_tutorial.py
[2026-09-22T16:26:03.357+0000] {logging_mixin.py:188} INFO - [2026-09-22T16:26:03.356+0000] {dag.py:3089} INFO - Sync 1 DAGs
[2026-09-22T16:26:03.385+0000] {logging_mixin.py:188} INFO - [2026-09-22T16:26:03.384+0000] {dag.py:3947} INFO - Setting next_dagrun for example_params_ui_tutorial to None, run_after=None
[2026-09-22T16:26:03.482+0000] {processor.py:183} INFO - Processing /home/airflow/.local/lib/python3.12/site-packages/airflow/example_dags/example_params_ui_tutorial.py took 0.238 seconds
[2026-09-22T16:26:33.780+0000] {processor.py:161} INFO - Started process (PID=877) to work on /home/airflow/.local/lib/python3.12/site-packages/airflow/example_dags/example_params_ui_tutorial.py
[2026-09-22T16:26:33.781+0000] {processor.py:830} INFO - Processing file /home/airflow/.local/lib/python3.12/site-packages/airflow/example_dags/example_params_ui_tutorial.py for tasks to queue
[2026-09-22T16:26:33.784+0000] {logging_mixin.py:188} INFO - [2026-09-22T16:26:33.784+0000] {dagbag.py:545} INFO - Filling up the DagBag from /home/airflow/.local/lib/python3.12/site-packages/airflow/example_dags/example_params_ui_tutorial.py
[2026-09-22T16:26:33.795+0000] {processor.py:840} INFO - DAG(s) 'example_params_ui_tutorial' retrieved from /home/airflow/.local/lib/python3.12/site-packages/airflow/example_dags/example_params_ui_tutorial.py
[2026-09-22T16:26:33.859+0000] {logging_mixin.py:188} INFO - [2026-09-22T16:26:33.859+0000] {dag.py:3089} INFO - Sync 1 DAGs
[2026-09-22T16:26:33.875+0000] {logging_mixin.py:188} INFO - [2026-09-22T16:26:33.875+0000] {dag.py:3947} INFO - Setting next_dagrun for example_params_ui_tutorial to None, run_after=None
[2026-09-22T16:26:33.968+0000] {processor.py:183} INFO - Processing /home/airflow/.local/lib/python3.12/site-packages/airflow/example_dags/example_params_ui_tutorial.py took 0.201 seconds
[2026-09-22T16:27:04.277+0000] {processor.py:161} INFO - Started process (PID=935) to work on /home/airflow/.local/lib/python3.12/site-packages/airflow/example_dags/example_params_ui_tutorial.py
[2026-09-22T16:27:04.280+0000] {processor.py:830} INFO - Processing file /home/airflow/.local/lib/python3.12/site-packages/airflow/example_dags/example_params_ui_tutorial.py for tasks to queue
[2026-09-22T16:27:04.286+0000] {logging_mixin.py:188} INFO - [2026-09-22T16:27:04.285+0000] {dagbag.py:545} INFO - Filling up the DagBag from /home/airflow/.local/lib/python3.12/site-packages/airflow/example_dags/example_params_ui_tutorial.py
[2026-09-22T16:27:04.296+0000] {processor.py:840} INFO - DAG(s) 'example_params_ui_tutorial' retrieved from /home/airflow/.local/lib/python3.12/site-packages/airflow/example_dags/example_params_ui_tutorial.py
[2026-09-22T16:27:04.381+0000] {logging_mixin.py:188} INFO - [2026-09-22T16:27:04.381+0000] {dag.py:3089} INFO - Sync 1 DAGs
[2026-09-22T16:27:04.404+0000] {logging_mixin.py:188} INFO - [2026-09-22T16:27:04.404+0000] {dag.py:3947} INFO - Setting next_dagrun for example_params_ui_tutorial to None, run_after=None
[2026-09-22T16:27:04.498+0000] {processor.py:183} INFO - Processing /home/airflow/.local/lib/python3.12/site-packages/airflow/example_dags/example_params_ui_tutorial.py took 0.231 seconds
[2026-09-22T16:27:35.128+0000] {processor.py:161} INFO - Started process (PID=993) to work on /home/airflow/.local/lib/python3.12/site-packages/airflow/example_dags/example_params_ui_tutorial.py
[2026-09-22T16:27:35.130+0000] {processor.py:830} INFO - Processing file /home/airflow/.local/lib/python3.12/site-packages/airflow/example_dags/example_params_ui_tutorial.py for tasks to queue
[2026-09-22T16:27:35.133+0000] {logging_mixin.py:188} INFO - [2026-09-22T16:27:35.132+0000] {dagbag.py:545} INFO - Filling up the DagBag from /home/airflow/.local/lib/python3.12/site-packages/airflow/example_dags/example_params_ui_tutorial.py
[2026-09-22T16:27:35.141+0000] {processor.py:840} INFO - DAG(s) 'example_params_ui_tutorial' retrieved from /home/airflow/.local/lib/python3.12/site-packages/airflow/example_dags/example_params_ui_tutorial.py
[2026-09-22T16:27:35.208+0000] {logging_mixin.py:188} INFO - [2026-09-22T16:27:35.207+0000] {dag.py:3089} INFO - Sync 1 DAGs
[2026-09-22T16:27:35.226+0000] {logging_mixin.py:188} INFO - [2026-09-22T16:27:35.225+0000] {dag.py:3947} INFO - Setting next_dagrun for example_params_ui_tutorial to None, run_after=None
[2026-09-22T16:27:35.277+0000] {processor.py:183} INFO - Processing /home/airflow/.local/lib/python3.12/site-packages/airflow/example_dags/example_params_ui_tutorial.py took 0.158 seconds
[2026-09-22T16:28:05.887+0000] {processor.py:161} INFO - Started process (PID=1051) to work on /home/airflow/.local/lib/python3.12/site-packages/airflow/example_dags/example_params_ui_tutorial.py
[2026-09-22T16:28:05.889+0000] {processor.py:830} INFO - Processing file /home/airflow/.local/lib/python3.12/site-packages/airflow/example_dags/example_params_ui_tutorial.py for tasks to queue
[2026-09-22T16:28:05.892+0000] {logging_mixin.py:188} INFO - [2026-09-22T16:28:05.892+0000] {dagbag.py:545} INFO - Filling up the DagBag from /home/airflow/.local/lib/python3.12/site-packages/airflow/example_dags/example_params_ui_tutorial.py
[2026-09-22T16:28:05.905+0000] {processor.py:840} INFO - DAG(s) 'example_params_ui_tutorial' retrieved from /home/airflow/.local/lib/python3.12/site-packages/airflow/example_dags/example_params_ui_tutorial.py
[2026-09-22T16:28:05.978+0000] {logging_mixin.py:188} INFO - [2026-09-22T16:28:05.978+0000] {dag.py:3089} INFO - Sync 1 DAGs
[2026-09-22T16:28:05.993+0000] {logging_mixin.py:188} INFO - [2026-09-22T16:28:05.992+0000] {dag.py:3947} INFO - Setting next_dagrun for example_params_ui_tutorial to None, run_after=None
[2026-09-22T16:28:06.018+0000] {processor.py:183} INFO - Processing /home/airflow/.local/lib/python3.12/site-packages/airflow/example_dags/example_params_ui_tutorial.py took 0.141 seconds
[2026-09-22T16:28:36.773+0000] {processor.py:161} INFO - Started process (PID=1109) to work on /home/airflow/.local/lib/python3.12/site-packages/airflow/example_dags/example_params_ui_tutorial.py
[2026-09-22T16:28:36.775+0000] {processor.py:830} INFO - Processing file /home/airflow/.local/lib/python3.12/site-packages/airflow/example_dags/example_params_ui_tutorial.py for tasks to queue
[2026-09-22T16:28:36.778+0000] {logging_mixin.py:188} INFO - [2026-09-22T16:28:36.778+0000] {dagbag.py:545} INFO - Filling up the DagBag from /home/airflow/.local/lib/python3.12/site-packages/airflow/example_dags/example_params_ui_tutorial.py
[2026-09-22T16:28:36.789+0000] {processor.py:840} INFO - DAG(s) 'example_params_ui_tutorial' retrieved from /home/airflow/.local/lib/python3.12/site-packages/airflow/example_dags/example_params_ui_tutorial.py
[2026-09-22T16:28:36.879+0000] {logging_mixin.py:188} INFO - [2026-09-22T16:28:36.879+0000] {dag.py:3089} INFO - Sync 1 DAGs
[2026-09-22T16:28:36.898+0000] {logging_mixin.py:188} INFO - [2026-09-22T16:28:36.897+0000] {dag.py:3947} INFO - Setting next_dagrun for example_params_ui_tutorial to None, run_after=None
[2026-09-22T16:28:36.981+0000] {processor.py:183} INFO - Processing /home/airflow/.local/lib/python3.12/site-packages/airflow/example_dags/example_params_ui_tutorial.py took 0.217 seconds
[2026-09-22T16:29:07.426+0000] {processor.py:161} INFO - Started process (PID=1167) to work on /home/airflow/.local/lib/python3.12/site-packages/airflow/example_dags/example_params_ui_tutorial.py
[2026-09-22T16:29:07.428+0000] {processor.py:830} INFO - Processing file /home/airflow/.local/lib/python3.12/site-packages/airflow/example_dags/example_params_ui_tutorial.py for tasks to queue
[2026-09-22T16:29:07.431+0000] {logging_mixin.py:188} INFO - [2026-09-22T16:29:07.431+0000] {dagbag.py:545} INFO - Filling up the DagBag from /home/airflow/.local/lib/python3.12/site-packages/airflow/example_dags/example_params_ui_tutorial.py
[2026-09-22T16:29:07.449+0000] {processor.py:840} INFO - DAG(s) 'example_params_ui_tutorial' retrieved from /home/airflow/.local/lib/python3.12/site-packages/airflow/example_dags/example_params_ui_tutorial.py
[2026-09-22T16:29:07.546+0000] {logging_mixin.py:188} INFO - [2026-09-22T16:29:07.546+0000] {dag.py:3089} INFO - Sync 1 DAGs
[2026-09-22T16:29:07.569+0000] {logging_mixin.py:188} INFO - [2026-09-22T16:29:07.569+0000] {dag.py:3947} INFO - Setting next_dagrun for example_params_ui_tutorial to None, run_after=None
[2026-09-22T16:29:07.596+0000] {processor.py:183} INFO - Processing /home/airflow/.local/lib/python3.12/site-packages/airflow/example_dags/example_params_ui_tutorial.py took 0.184 seconds
[2026-09-22T16:29:37.973+0000] {processor.py:161} INFO - Started process (PID=1224) to work on /home/airflow/.local/lib/python3.12/site-packages/airflow/example_dags/example_params_ui_tutorial.py
[2026-09-22T16:29:37.974+0000] {processor.py:830} INFO - Processing file /home/airflow/.local/lib/python3.12/site-packages/airflow/example_dags/example_params_ui_tutorial.py for tasks to queue
[2026-09-22T16:29:37.977+0000] {logging_mixin.py:188} INFO - [2026-09-22T16:29:37.977+0000] {dagbag.py:545} INFO - Filling up the DagBag from /home/airflow/.local/lib/python3.12/site-packages/airflow/example_dags/example_params_ui_tutorial.py
[2026-09-22T16:29:37.988+0000] {processor.py:840} INFO - DAG(s) 'example_params_ui_tutorial' retrieved from /home/airflow/.local/lib/python3.12/site-packages/airflow/example_dags/example_params_ui_tutorial.py
[2026-09-22T16:29:38.055+0000] {logging_mixin.py:188} INFO - [2026-09-22T16:29:38.054+0000] {dag.py:3089} INFO - Sync 1 DAGs
[2026-09-22T16:29:38.072+0000] {logging_mixin.py:188} INFO - [2026-09-22T16:29:38.071+0000] {dag.py:3947} INFO - Setting next_dagrun for example_params_ui_tutorial to None, run_after=None
[2026-09-22T16:29:38.152+0000] {processor.py:183} INFO - Processing /home/airflow/.local/lib/python3.12/site-packages/airflow/example_dags/example_params_ui_tutorial.py took 0.185 seconds
[2026-09-22T16:30:08.252+0000] {processor.py:161} INFO - Started process (PID=1282) to work on /home/airflow/.local/lib/python3.12/site-packages/airflow/example_dags/example_params_ui_tutorial.py
[2026-09-22T16:30:08.254+0000] {processor.py:830} INFO - Processing file /home/airflow/.local/lib/python3.12/site-packages/airflow/example_dags/example_params_ui_tutorial.py for tasks to queue
[2026-09-22T16:30:08.257+0000] {logging_mixin.py:188} INFO - [2026-09-22T16:30:08.257+0000] {dagbag.py:545} INFO - Filling up the DagBag from /home/airflow/.local/lib/python3.12/site-packages/airflow/example_dags/example_params_ui_tutorial.py
[2026-09-22T16:30:08.267+0000] {processor.py:840} INFO - DAG(s) 'example_params_ui_tutorial' retrieved from /home/airflow/.local/lib/python3.12/site-packages/airflow/example_dags/example_params_ui_tutorial.py
[2026-09-22T16:30:08.341+0000] {logging_mixin.py:188} INFO - [2026-09-22T16:30:08.340+0000] {dag.py:3089} INFO - Sync 1 DAGs
[2026-09-22T16:30:08.361+0000] {logging_mixin.py:188} INFO - [2026-09-22T16:30:08.361+0000] {dag.py:3947} INFO - Setting next_dagrun for example_params_ui_tutorial to None, run_after=None
[2026-09-22T16:30:08.444+0000] {processor.py:183} INFO - Processing /home/airflow/.local/lib/python3.12/site-packages/airflow/example_dags/example_params_ui_tutorial.py took 0.202 seconds
[2026-09-22T16:30:38.854+0000] {processor.py:161} INFO - Started process (PID=1340) to work on /home/airflow/.local/lib/python3.12/site-packages/airflow/example_dags/example_params_ui_tutorial.py
[2026-09-22T16:30:38.855+0000] {processor.py:830} INFO - Processing file /home/airflow/.local/lib/python3.12/site-packages/airflow/example_dags/example_params_ui_tutorial.py for tasks to queue
[2026-09-22T16:30:38.859+0000] {logging_mixin.py:188} INFO - [2026-09-22T16:30:38.858+0000] {dagbag.py:545} INFO - Filling up the DagBag from /home/airflow/.local/lib/python3.12/site-packages/airflow/example_dags/example_params_ui_tutorial.py
[2026-09-22T16:30:38.872+0000] {processor.py:840} INFO - DAG(s) 'example_params_ui_tutorial' retrieved from /home/airflow/.local/lib/python3.12/site-packages/airflow/example_dags/example_params_ui_tutorial.py
[2026-09-22T16:30:38.978+0000] {logging_mixin.py:188} INFO - [2026-09-22T16:30:38.977+0000] {dag.py:3089} INFO - Sync 1 DAGs
[2026-09-22T16:30:39.002+0000] {logging_mixin.py:188} INFO - [2026-09-22T16:30:39.001+0000] {dag.py:3947} INFO - Setting next_dagrun for example_params_ui_tutorial to None, run_after=None
[2026-09-22T16:30:39.029+0000] {processor.py:183} INFO - Processing /home/airflow/.local/lib/python3.12/site-packages/airflow/example_dags/example_params_ui_tutorial.py took 0.187 seconds
[2026-09-22T16:31:09.506+0000] {processor.py:161} INFO - Started process (PID=1398) to work on /home/airflow/.local/lib/python3.12/site-packages/airflow/example_dags/example_params_ui_tutorial.py
[2026-09-22T16:31:09.508+0000] {processor.py:830} INFO - Processing file /home/airflow/.local/lib/python3.12/site-packages/airflow/example_dags/example_params_ui_tutorial.py for tasks to queue
[2026-09-22T16:31:09.512+0000] {logging_mixin.py:188} INFO - [2026-09-22T16:31:09.512+0000] {dagbag.py:545} INFO - Filling up the DagBag from /home/airflow/.local/lib/python3.12/site-packages/airflow/example_dags/example_params_ui_tutorial.py
[2026-09-22T16:31:09.523+0000] {processor.py:840} INFO - DAG(s) 'example_params_ui_tutorial' retrieved from /home/airflow/.local/lib/python3.12/site-packages/airflow/example_dags/example_params_ui_tutorial.py
[2026-09-22T16:31:09.591+0000] {logging_mixin.py:188} INFO - [2026-09-22T16:31:09.591+0000] {dag.py:3089} INFO - Sync 1 DAGs
[2026-09-22T16:31:09.613+0000] {logging_mixin.py:188} INFO - [2026-09-22T16:31:09.613+0000] {dag.py:3947} INFO - Setting next_dagrun for example_params_ui_tutorial to None, run_after=None
[2026-09-22T16:31:09.695+0000] {processor.py:183} INFO - Processing /home/airflow/.local/lib/python3.12/site-packages/airflow/example_dags/example_params_ui_tutorial.py took 0.201 seconds
[2026-09-22T16:31:40.179+0000] {processor.py:161} INFO - Started process (PID=1456) to work on /home/airflow/.local/lib/python3.12/site-packages/airflow/example_dags/example_params_ui_tutorial.py
[2026-09-22T16:31:40.182+0000] {processor.py:830} INFO - Processing file /home/airflow/.local/lib/python3.12/site-packages/airflow/example_dags/example_params_ui_tutorial.py for tasks to queue
[2026-09-22T16:31:40.186+0000] {logging_mixin.py:188} INFO - [2026-09-22T16:31:40.185+0000] {dagbag.py:545} INFO - Filling up the DagBag from /home/airflow/.local/lib/python3.12/site-packages/airflow/example_dags/example_params_ui_tutorial.py
[2026-09-22T16:31:40.200+0000] {processor.py:840} INFO - DAG(s) 'example_params_ui_tutorial' retrieved from /home/airflow/.local/lib/python3.12/site-packages/airflow/example_dags/example_params_ui_tutorial.py
[2026-09-22T16:31:40.323+0000] {logging_mixin.py:188} INFO - [2026-09-22T16:31:40.323+0000] {dag.py:3089} INFO - Sync 1 DAGs
[2026-09-22T16:31:40.346+0000] {logging_mixin.py:188} INFO - [2026-09-22T16:31:40.346+0000] {dag.py:3947} INFO - Setting next_dagrun for example_params_ui_tutorial to None, run_after=None
[2026-09-22T16:31:40.391+0000] {processor.py:183} INFO - Processing /home/airflow/.local/lib/python3.12/site-packages/airflow/example_dags/example_params_ui_tutorial.py took 0.222 seconds
[2026-09-22T16:32:10.706+0000] {processor.py:161} INFO - Started process (PID=1514) to work on /home/airflow/.local/lib/python3.12/site-packages/airflow/example_dags/example_params_ui_tutorial.py
[2026-09-22T16:32:10.709+0000] {processor.py:830} INFO - Processing file /home/airflow/.local/lib/python3.12/site-packages/airflow/example_dags/example_params_ui_tutorial.py for tasks to queue
[2026-09-22T16:32:10.712+0000] {logging_mixin.py:188} INFO - [2026-09-22T16:32:10.711+0000] {dagbag.py:545} INFO - Filling up the DagBag from /home/airflow/.local/lib/python3.12/site-packages/airflow/example_dags/example_params_ui_tutorial.py
[2026-09-22T16:32:10.725+0000] {processor.py:840} INFO - DAG(s) 'example_params_ui_tutorial' retrieved from /home/airflow/.local/lib/python3.12/site-packages/airflow/example_dags/example_params_ui_tutorial.py
[2026-09-22T16:32:10.821+0000] {logging_mixin.py:188} INFO - [2026-09-22T16:32:10.820+0000] {dag.py:3089} INFO - Sync 1 DAGs
[2026-09-22T16:32:10.837+0000] {logging_mixin.py:188} INFO - [2026-09-22T16:32:10.836+0000] {dag.py:3947} INFO - Setting next_dagrun for example_params_ui_tutorial to None, run_after=None
[2026-09-22T16:32:10.933+0000] {processor.py:183} INFO - Processing /home/airflow/.local/lib/python3.12/site-packages/airflow/example_dags/example_params_ui_tutorial.py took 0.242 seconds
[2026-09-22T16:32:41.721+0000] {processor.py:161} INFO - Started process (PID=1572) to work on /home/airflow/.local/lib/python3.12/site-packages/airflow/example_dags/example_params_ui_tutorial.py
[2026-09-22T16:32:41.722+0000] {processor.py:830} INFO - Processing file /home/airflow/.local/lib/python3.12/site-packages/airflow/example_dags/example_params_ui_tutorial.py for tasks to queue
[2026-09-22T16:32:41.726+0000] {logging_mixin.py:188} INFO - [2026-09-22T16:32:41.725+0000] {dagbag.py:545} INFO - Filling up the DagBag from /home/airflow/.local/lib/python3.12/site-packages/airflow/example_dags/example_params_ui_tutorial.py
[2026-09-22T16:32:41.742+0000] {processor.py:840} INFO - DAG(s) 'example_params_ui_tutorial' retrieved from /home/airflow/.local/lib/python3.12/site-packages/airflow/example_dags/example_params_ui_tutorial.py
[2026-09-22T16:32:41.832+0000] {logging_mixin.py:188} INFO - [2026-09-22T16:32:41.832+0000] {dag.py:3089} INFO - Sync 1 DAGs
[2026-09-22T16:32:41.859+0000] {logging_mixin.py:188} INFO - [2026-09-22T16:32:41.858+0000] {dag.py:3947} INFO - Setting next_dagrun for example_params_ui_tutorial to None, run_after=None
[2026-09-22T16:32:41.949+0000] {processor.py:183} INFO - Processing /home/airflow/.local/lib/python3.12/site-packages/airflow/example_dags/example_params_ui_tutorial.py took 0.238 seconds
[2026-09-22T16:33:12.045+0000] {processor.py:161} INFO - Started process (PID=1630) to work on /home/airflow/.local/lib/python3.12/site-packages/airflow/example_dags/example_params_ui_tutorial.py
[2026-09-22T16:33:12.047+0000] {processor.py:830} INFO - Processing file /home/airflow/.local/lib/python3.12/site-packages/airflow/example_dags/example_params_ui_tutorial.py for tasks to queue
[2026-09-22T16:33:12.052+0000] {logging_mixin.py:188} INFO - [2026-09-22T16:33:12.051+0000] {dagbag.py:545} INFO - Filling up the DagBag from /home/airflow/.local/lib/python3.12/site-packages/airflow/example_dags/example_params_ui_tutorial.py
[2026-09-22T16:33:12.061+0000] {processor.py:840} INFO - DAG(s) 'example_params_ui_tutorial' retrieved from /home/airflow/.local/lib/python3.12/site-packages/airflow/example_dags/example_params_ui_tutorial.py
[2026-09-22T16:33:12.128+0000] {logging_mixin.py:188} INFO - [2026-09-22T16:33:12.127+0000] {dag.py:3089} INFO - Sync 1 DAGs
[2026-09-22T16:33:12.147+0000] {logging_mixin.py:188} INFO - [2026-09-22T16:33:12.146+0000] {dag.py:3947} INFO - Setting next_dagrun for example_params_ui_tutorial to None, run_after=None
[2026-09-22T16:33:12.240+0000] {processor.py:183} INFO - Processing /home/airflow/.local/lib/python3.12/site-packages/airflow/example_dags/example_params_ui_tutorial.py took 0.202 seconds
[2026-09-22T16:33:42.715+0000] {processor.py:161} INFO - Started process (PID=1688) to work on /home/airflow/.local/lib/python3.12/site-packages/airflow/example_dags/example_params_ui_tutorial.py
[2026-09-22T16:33:42.717+0000] {processor.py:830} INFO - Processing file /home/airflow/.local/lib/python3.12/site-packages/airflow/example_dags/example_params_ui_tutorial.py for tasks to queue
[2026-09-22T16:33:42.720+0000] {logging_mixin.py:188} INFO - [2026-09-22T16:33:42.720+0000] {dagbag.py:545} INFO - Filling up the DagBag from /home/airflow/.local/lib/python3.12/site-packages/airflow/example_dags/example_params_ui_tutorial.py
[2026-09-22T16:33:42.732+0000] {processor.py:840} INFO - DAG(s) 'example_params_ui_tutorial' retrieved from /home/airflow/.local/lib/python3.12/site-packages/airflow/example_dags/example_params_ui_tutorial.py
[2026-09-22T16:33:42.864+0000] {logging_mixin.py:188} INFO - [2026-09-22T16:33:42.864+0000] {dag.py:3089} INFO - Sync 1 DAGs
[2026-09-22T16:33:42.889+0000] {logging_mixin.py:188} INFO - [2026-09-22T16:33:42.888+0000] {dag.py:3947} INFO - Setting next_dagrun for example_params_ui_tutorial to None, run_after=None
[2026-09-22T16:33:42.929+0000] {processor.py:183} INFO - Processing /home/airflow/.local/lib/python3.12/site-packages/airflow/example_dags/example_params_ui_tutorial.py took 0.224 seconds
[2026-09-22T16:34:13.096+0000] {processor.py:161} INFO - Started process (PID=1746) to work on /home/airflow/.local/lib/python3.12/site-packages/airflow/example_dags/example_params_ui_tutorial.py
[2026-09-22T16:34:13.097+0000] {processor.py:830} INFO - Processing file /home/airflow/.local/lib/python3.12/site-packages/airflow/example_dags/example_params_ui_tutorial.py for tasks to queue
[2026-09-22T16:34:13.101+0000] {logging_mixin.py:188} INFO - [2026-09-22T16:34:13.100+0000] {dagbag.py:545} INFO - Filling up the DagBag from /home/airflow/.local/lib/python3.12/site-packages/airflow/example_dags/example_params_ui_tutorial.py
[2026-09-22T16:34:13.110+0000] {processor.py:840} INFO - DAG(s) 'example_params_ui_tutorial' retrieved from /home/airflow/.local/lib/python3.12/site-packages/airflow/example_dags/example_params_ui_tutorial.py
[2026-09-22T16:34:13.189+0000] {logging_mixin.py:188} INFO - [2026-09-22T16:34:13.188+0000] {dag.py:3089} INFO - Sync 1 DAGs
[2026-09-22T16:34:13.209+0000] {logging_mixin.py:188} INFO - [2026-09-22T16:34:13.209+0000] {dag.py:3947} INFO - Setting next_dagrun for example_params_ui_tutorial to None, run_after=None
[2026-09-22T16:34:13.299+0000] {processor.py:183} INFO - Processing /home/airflow/.local/lib/python3.12/site-packages/airflow/example_dags/example_params_ui_tutorial.py took 0.214 seconds
[2026-09-22T16:34:43.658+0000] {processor.py:161} INFO - Started process (PID=1804) to work on /home/airflow/.local/lib/python3.12/site-packages/airflow/example_dags/example_params_ui_tutorial.py
[2026-09-22T16:34:43.662+0000] {processor.py:830} INFO - Processing file /home/airflow/.local/lib/python3.12/site-packages/airflow/example_dags/example_params_ui_tutorial.py for tasks to queue
[2026-09-22T16:34:43.670+0000] {logging_mixin.py:188} INFO - [2026-09-22T16:34:43.670+0000] {dagbag.py:545} INFO - Filling up the DagBag from /home/airflow/.local/lib/python3.12/site-packages/airflow/example_dags/example_params_ui_tutorial.py
[2026-09-22T16:34:43.691+0000] {processor.py:840} INFO - DAG(s) 'example_params_ui_tutorial' retrieved from /home/airflow/.local/lib/python3.12/site-packages/airflow/example_dags/example_params_ui_tutorial.py
[2026-09-22T16:34:43.795+0000] {logging_mixin.py:188} INFO - [2026-09-22T16:34:43.795+0000] {dag.py:3089} INFO - Sync 1 DAGs
[2026-09-22T16:34:43.814+0000] {logging_mixin.py:188} INFO - [2026-09-22T16:34:43.814+0000] {dag.py:3947} INFO - Setting next_dagrun for example_params_ui_tutorial to None, run_after=None
[2026-09-22T16:34:43.893+0000] {processor.py:183} INFO - Processing /home/airflow/.local/lib/python3.12/site-packages/airflow/example_dags/example_params_ui_tutorial.py took 0.263 seconds
[2026-09-22T16:35:14.278+0000] {processor.py:161} INFO - Started process (PID=1862) to work on /home/airflow/.local/lib/python3.12/site-packages/airflow/example_dags/example_params_ui_tutorial.py
[2026-09-22T16:35:14.279+0000] {processor.py:830} INFO - Processing file /home/airflow/.local/lib/python3.12/site-packages/airflow/example_dags/example_params_ui_tutorial.py for tasks to queue
[2026-09-22T16:35:14.283+0000] {logging_mixin.py:188} INFO - [2026-09-22T16:35:14.283+0000] {dagbag.py:545} INFO - Filling up the DagBag from /home/airflow/.local/lib/python3.12/site-packages/airflow/example_dags/example_params_ui_tutorial.py
[2026-09-22T16:35:14.294+0000] {processor.py:840} INFO - DAG(s) 'example_params_ui_tutorial' retrieved from /home/airflow/.local/lib/python3.12/site-packages/airflow/example_dags/example_params_ui_tutorial.py
[2026-09-22T16:35:14.381+0000] {logging_mixin.py:188} INFO - [2026-09-22T16:35:14.380+0000] {dag.py:3089} INFO - Sync 1 DAGs
[2026-09-22T16:35:14.402+0000] {logging_mixin.py:188} INFO - [2026-09-22T16:35:14.401+0000] {dag.py:3947} INFO - Setting next_dagrun for example_params_ui_tutorial to None, run_after=None
[2026-09-22T16:35:14.482+0000] {processor.py:183} INFO - Processing /home/airflow/.local/lib/python3.12/site-packages/airflow/example_dags/example_params_ui_tutorial.py took 0.214 seconds
[2026-09-22T16:35:44.614+0000] {processor.py:161} INFO - Started process (PID=1920) to work on /home/airflow/.local/lib/python3.12/site-packages/airflow/example_dags/example_params_ui_tutorial.py
[2026-09-22T16:35:44.616+0000] {processor.py:830} INFO - Processing file /home/airflow/.local/lib/python3.12/site-packages/airflow/example_dags/example_params_ui_tutorial.py for tasks to queue
[2026-09-22T16:35:44.620+0000] {logging_mixin.py:188} INFO - [2026-09-22T16:35:44.620+0000] {dagbag.py:545} INFO - Filling up the DagBag from /home/airflow/.local/lib/python3.12/site-packages/airflow/example_dags/example_params_ui_tutorial.py
[2026-09-22T16:35:44.632+0000] {processor.py:840} INFO - DAG(s) 'example_params_ui_tutorial' retrieved from /home/airflow/.local/lib/python3.12/site-packages/airflow/example_dags/example_params_ui_tutorial.py
[2026-09-22T16:35:44.709+0000] {logging_mixin.py:188} INFO - [2026-09-22T16:35:44.709+0000] {dag.py:3089} INFO - Sync 1 DAGs
[2026-09-22T16:35:44.731+0000] {logging_mixin.py:188} INFO - [2026-09-22T16:35:44.731+0000] {dag.py:3947} INFO - Setting next_dagrun for example_params_ui_tutorial to None, run_after=None
[2026-09-22T16:35:44.818+0000] {processor.py:183} INFO - Processing /home/airflow/.local/lib/python3.12/site-packages/airflow/example_dags/example_params_ui_tutorial.py took 0.213 seconds
[2026-09-22T16:36:15.250+0000] {processor.py:161} INFO - Started process (PID=1976) to work on /home/airflow/.local/lib/python3.12/site-packages/airflow/example_dags/example_params_ui_tutorial.py
[2026-09-22T16:36:15.252+0000] {processor.py:830} INFO - Processing file /home/airflow/.local/lib/python3.12/site-packages/airflow/example_dags/example_params_ui_tutorial.py for tasks to queue
[2026-09-22T16:36:15.255+0000] {logging_mixin.py:188} INFO - [2026-09-22T16:36:15.255+0000] {dagbag.py:545} INFO - Filling up the DagBag from /home/airflow/.local/lib/python3.12/site-packages/airflow/example_dags/example_params_ui_tutorial.py
[2026-09-22T16:36:15.264+0000] {processor.py:840} INFO - DAG(s) 'example_params_ui_tutorial' retrieved from /home/airflow/.local/lib/python3.12/site-packages/airflow/example_dags/example_params_ui_tutorial.py
[2026-09-22T16:36:15.333+0000] {logging_mixin.py:188} INFO - [2026-09-22T16:36:15.332+0000] {dag.py:3089} INFO - Sync 1 DAGs
[2026-09-22T16:36:15.350+0000] {logging_mixin.py:188} INFO - [2026-09-22T16:36:15.349+0000] {dag.py:3947} INFO - Setting next_dagrun for example_params_ui_tutorial to None, run_after=None
[2026-09-22T16:36:15.376+0000] {processor.py:183} INFO - Processing /home/airflow/.local/lib/python3.12/site-packages/airflow/example_dags/example_params_ui_tutorial.py took 0.135 seconds
[2026-09-22T16:36:45.672+0000] {processor.py:161} INFO - Started process (PID=2034) to work on /home/airflow/.local/lib/python3.12/site-packages/airflow/example_dags/example_params_ui_tutorial.py
[2026-09-22T16:36:45.674+0000] {processor.py:830} INFO - Processing file /home/airflow/.local/lib/python3.12/site-packages/airflow/example_dags/example_params_ui_tutorial.py for tasks to queue
[2026-09-22T16:36:45.678+0000] {logging_mixin.py:188} INFO - [2026-09-22T16:36:45.677+0000] {dagbag.py:545} INFO - Filling up the DagBag from /home/airflow/.local/lib/python3.12/site-packages/airflow/example_dags/example_params_ui_tutorial.py
[2026-09-22T16:36:45.689+0000] {processor.py:840} INFO - DAG(s) 'example_params_ui_tutorial' retrieved from /home/airflow/.local/lib/python3.12/site-packages/airflow/example_dags/example_params_ui_tutorial.py
[2026-09-22T16:36:45.763+0000] {logging_mixin.py:188} INFO - [2026-09-22T16:36:45.763+0000] {dag.py:3089} INFO - Sync 1 DAGs
[2026-09-22T16:36:45.779+0000] {logging_mixin.py:188} INFO - [2026-09-22T16:36:45.779+0000] {dag.py:3947} INFO - Setting next_dagrun for example_params_ui_tutorial to None, run_after=None
[2026-09-22T16:36:45.809+0000] {processor.py:183} INFO - Processing /home/airflow/.local/lib/python3.12/site-packages/airflow/example_dags/example_params_ui_tutorial.py took 0.148 seconds
[2026-09-22T16:37:15.890+0000] {processor.py:161} INFO - Started process (PID=2092) to work on /home/airflow/.local/lib/python3.12/site-packages/airflow/example_dags/example_params_ui_tutorial.py
[2026-09-22T16:37:15.892+0000] {processor.py:830} INFO - Processing file /home/airflow/.local/lib/python3.12/site-packages/airflow/example_dags/example_params_ui_tutorial.py for tasks to queue
[2026-09-22T16:37:15.895+0000] {logging_mixin.py:188} INFO - [2026-09-22T16:37:15.895+0000] {dagbag.py:545} INFO - Filling up the DagBag from /home/airflow/.local/lib/python3.12/site-packages/airflow/example_dags/example_params_ui_tutorial.py
[2026-09-22T16:37:15.907+0000] {processor.py:840} INFO - DAG(s) 'example_params_ui_tutorial' retrieved from /home/airflow/.local/lib/python3.12/site-packages/airflow/example_dags/example_params_ui_tutorial.py
[2026-09-22T16:37:15.970+0000] {logging_mixin.py:188} INFO - [2026-09-22T16:37:15.970+0000] {dag.py:3089} INFO - Sync 1 DAGs
[2026-09-22T16:37:15.993+0000] {logging_mixin.py:188} INFO - [2026-09-22T16:37:15.993+0000] {dag.py:3947} INFO - Setting next_dagrun for example_params_ui_tutorial to None, run_after=None
[2026-09-22T16:37:16.075+0000] {processor.py:183} INFO - Processing /home/airflow/.local/lib/python3.12/site-packages/airflow/example_dags/example_params_ui_tutorial.py took 0.193 seconds
[2026-09-22T16:37:46.442+0000] {processor.py:161} INFO - Started process (PID=2150) to work on /home/airflow/.local/lib/python3.12/site-packages/airflow/example_dags/example_params_ui_tutorial.py
[2026-09-22T16:37:46.445+0000] {processor.py:830} INFO - Processing file /home/airflow/.local/lib/python3.12/site-packages/airflow/example_dags/example_params_ui_tutorial.py for tasks to queue
[2026-09-22T16:37:46.451+0000] {logging_mixin.py:188} INFO - [2026-09-22T16:37:46.450+0000] {dagbag.py:545} INFO - Filling up the DagBag from /home/airflow/.local/lib/python3.12/site-packages/airflow/example_dags/example_params_ui_tutorial.py
[2026-09-22T16:37:46.466+0000] {processor.py:840} INFO - DAG(s) 'example_params_ui_tutorial' retrieved from /home/airflow/.local/lib/python3.12/site-packages/airflow/example_dags/example_params_ui_tutorial.py
[2026-09-22T16:37:46.554+0000] {logging_mixin.py:188} INFO - [2026-09-22T16:37:46.554+0000] {dag.py:3089} INFO - Sync 1 DAGs
[2026-09-22T16:37:46.772+0000] {logging_mixin.py:188} INFO - [2026-09-22T16:37:46.772+0000] {dag.py:3947} INFO - Setting next_dagrun for example_params_ui_tutorial to None, run_after=None
[2026-09-22T16:37:46.856+0000] {processor.py:183} INFO - Processing /home/airflow/.local/lib/python3.12/site-packages/airflow/example_dags/example_params_ui_tutorial.py took 0.438 seconds
[2026-09-22T16:38:17.709+0000] {processor.py:161} INFO - Started process (PID=2208) to work on /home/airflow/.local/lib/python3.12/site-packages/airflow/example_dags/example_params_ui_tutorial.py
[2026-09-22T16:38:17.711+0000] {processor.py:830} INFO - Processing file /home/airflow/.local/lib/python3.12/site-packages/airflow/example_dags/example_params_ui_tutorial.py for tasks to queue
[2026-09-22T16:38:17.714+0000] {logging_mixin.py:188} INFO - [2026-09-22T16:38:17.714+0000] {dagbag.py:545} INFO - Filling up the DagBag from /home/airflow/.local/lib/python3.12/site-packages/airflow/example_dags/example_params_ui_tutorial.py
[2026-09-22T16:38:17.723+0000] {processor.py:840} INFO - DAG(s) 'example_params_ui_tutorial' retrieved from /home/airflow/.local/lib/python3.12/site-packages/airflow/example_dags/example_params_ui_tutorial.py
[2026-09-22T16:38:17.792+0000] {logging_mixin.py:188} INFO - [2026-09-22T16:38:17.791+0000] {dag.py:3089} INFO - Sync 1 DAGs
[2026-09-22T16:38:17.808+0000] {logging_mixin.py:188} INFO - [2026-09-22T16:38:17.807+0000] {dag.py:3947} INFO - Setting next_dagrun for example_params_ui_tutorial to None, run_after=None
[2026-09-22T16:38:17.889+0000] {processor.py:183} INFO - Processing /home/airflow/.local/lib/python3.12/site-packages/airflow/example_dags/example_params_ui_tutorial.py took 0.193 seconds
[2026-09-22T16:41:42.773+0000] {processor.py:161} INFO - Started process (PID=61) to work on /home/airflow/.local/lib/python3.12/site-packages/airflow/example_dags/example_params_ui_tutorial.py
[2026-09-22T16:41:42.775+0000] {processor.py:830} INFO - Processing file /home/airflow/.local/lib/python3.12/site-packages/airflow/example_dags/example_params_ui_tutorial.py for tasks to queue
[2026-09-22T16:41:42.778+0000] {logging_mixin.py:188} INFO - [2026-09-22T16:41:42.777+0000] {dagbag.py:545} INFO - Filling up the DagBag from /home/airflow/.local/lib/python3.12/site-packages/airflow/example_dags/example_params_ui_tutorial.py
[2026-09-22T16:41:42.794+0000] {processor.py:840} INFO - DAG(s) 'example_params_ui_tutorial' retrieved from /home/airflow/.local/lib/python3.12/site-packages/airflow/example_dags/example_params_ui_tutorial.py
[2026-09-22T16:41:43.051+0000] {logging_mixin.py:188} INFO - [2026-09-22T16:41:43.051+0000] {dag.py:3089} INFO - Sync 1 DAGs
[2026-09-22T16:41:43.070+0000] {logging_mixin.py:188} INFO - [2026-09-22T16:41:43.069+0000] {dag.py:3947} INFO - Setting next_dagrun for example_params_ui_tutorial to None, run_after=None
[2026-09-22T16:41:43.108+0000] {processor.py:183} INFO - Processing /home/airflow/.local/lib/python3.12/site-packages/airflow/example_dags/example_params_ui_tutorial.py took 0.345 seconds
[2026-09-22T16:42:13.292+0000] {processor.py:161} INFO - Started process (PID=119) to work on /home/airflow/.local/lib/python3.12/site-packages/airflow/example_dags/example_params_ui_tutorial.py
[2026-09-22T16:42:13.293+0000] {processor.py:830} INFO - Processing file /home/airflow/.local/lib/python3.12/site-packages/airflow/example_dags/example_params_ui_tutorial.py for tasks to queue
[2026-09-22T16:42:13.296+0000] {logging_mixin.py:188} INFO - [2026-09-22T16:42:13.296+0000] {dagbag.py:545} INFO - Filling up the DagBag from /home/airflow/.local/lib/python3.12/site-packages/airflow/example_dags/example_params_ui_tutorial.py
[2026-09-22T16:42:13.308+0000] {processor.py:840} INFO - DAG(s) 'example_params_ui_tutorial' retrieved from /home/airflow/.local/lib/python3.12/site-packages/airflow/example_dags/example_params_ui_tutorial.py
[2026-09-22T16:42:13.370+0000] {logging_mixin.py:188} INFO - [2026-09-22T16:42:13.370+0000] {dag.py:3089} INFO - Sync 1 DAGs
[2026-09-22T16:42:13.387+0000] {logging_mixin.py:188} INFO - [2026-09-22T16:42:13.386+0000] {dag.py:3947} INFO - Setting next_dagrun for example_params_ui_tutorial to None, run_after=None
[2026-09-22T16:42:13.483+0000] {processor.py:183} INFO - Processing /home/airflow/.local/lib/python3.12/site-packages/airflow/example_dags/example_params_ui_tutorial.py took 0.199 seconds
[2026-09-22T16:43:43.674+0000] {processor.py:161} INFO - Started process (PID=60) to work on /home/airflow/.local/lib/python3.12/site-packages/airflow/example_dags/example_params_ui_tutorial.py
[2026-09-22T16:43:43.677+0000] {processor.py:830} INFO - Processing file /home/airflow/.local/lib/python3.12/site-packages/airflow/example_dags/example_params_ui_tutorial.py for tasks to queue
[2026-09-22T16:43:43.680+0000] {logging_mixin.py:188} INFO - [2026-09-22T16:43:43.679+0000] {dagbag.py:545} INFO - Filling up the DagBag from /home/airflow/.local/lib/python3.12/site-packages/airflow/example_dags/example_params_ui_tutorial.py
[2026-09-22T16:43:43.701+0000] {processor.py:840} INFO - DAG(s) 'example_params_ui_tutorial' retrieved from /home/airflow/.local/lib/python3.12/site-packages/airflow/example_dags/example_params_ui_tutorial.py
[2026-09-22T16:43:43.936+0000] {logging_mixin.py:188} INFO - [2026-09-22T16:43:43.936+0000] {dag.py:3089} INFO - Sync 1 DAGs
[2026-09-22T16:43:43.956+0000] {logging_mixin.py:188} INFO - [2026-09-22T16:43:43.956+0000] {dag.py:3947} INFO - Setting next_dagrun for example_params_ui_tutorial to None, run_after=None
[2026-09-22T16:43:43.993+0000] {processor.py:183} INFO - Processing /home/airflow/.local/lib/python3.12/site-packages/airflow/example_dags/example_params_ui_tutorial.py took 0.328 seconds
[2026-09-22T16:44:14.478+0000] {processor.py:161} INFO - Started process (PID=119) to work on /home/airflow/.local/lib/python3.12/site-packages/airflow/example_dags/example_params_ui_tutorial.py
[2026-09-22T16:44:14.480+0000] {processor.py:830} INFO - Processing file /home/airflow/.local/lib/python3.12/site-packages/airflow/example_dags/example_params_ui_tutorial.py for tasks to queue
[2026-09-22T16:44:14.486+0000] {logging_mixin.py:188} INFO - [2026-09-22T16:44:14.485+0000] {dagbag.py:545} INFO - Filling up the DagBag from /home/airflow/.local/lib/python3.12/site-packages/airflow/example_dags/example_params_ui_tutorial.py
[2026-09-22T16:44:14.501+0000] {processor.py:840} INFO - DAG(s) 'example_params_ui_tutorial' retrieved from /home/airflow/.local/lib/python3.12/site-packages/airflow/example_dags/example_params_ui_tutorial.py
[2026-09-22T16:44:14.591+0000] {logging_mixin.py:188} INFO - [2026-09-22T16:44:14.591+0000] {dag.py:3089} INFO - Sync 1 DAGs
[2026-09-22T16:44:14.614+0000] {logging_mixin.py:188} INFO - [2026-09-22T16:44:14.614+0000] {dag.py:3947} INFO - Setting next_dagrun for example_params_ui_tutorial to None, run_after=None
[2026-09-22T16:44:14.704+0000] {processor.py:183} INFO - Processing /home/airflow/.local/lib/python3.12/site-packages/airflow/example_dags/example_params_ui_tutorial.py took 0.236 seconds
[2026-09-22T16:44:44.839+0000] {processor.py:161} INFO - Started process (PID=182) to work on /home/airflow/.local/lib/python3.12/site-packages/airflow/example_dags/example_params_ui_tutorial.py
[2026-09-22T16:44:44.841+0000] {processor.py:830} INFO - Processing file /home/airflow/.local/lib/python3.12/site-packages/airflow/example_dags/example_params_ui_tutorial.py for tasks to queue
[2026-09-22T16:44:44.845+0000] {logging_mixin.py:188} INFO - [2026-09-22T16:44:44.844+0000] {dagbag.py:545} INFO - Filling up the DagBag from /home/airflow/.local/lib/python3.12/site-packages/airflow/example_dags/example_params_ui_tutorial.py
[2026-09-22T16:44:44.854+0000] {processor.py:840} INFO - DAG(s) 'example_params_ui_tutorial' retrieved from /home/airflow/.local/lib/python3.12/site-packages/airflow/example_dags/example_params_ui_tutorial.py
[2026-09-22T16:44:44.996+0000] {logging_mixin.py:188} INFO - [2026-09-22T16:44:44.995+0000] {dag.py:3089} INFO - Sync 1 DAGs
[2026-09-22T16:44:45.037+0000] {logging_mixin.py:188} INFO - [2026-09-22T16:44:45.037+0000] {dag.py:3947} INFO - Setting next_dagrun for example_params_ui_tutorial to None, run_after=None
[2026-09-22T16:44:45.102+0000] {processor.py:183} INFO - Processing /home/airflow/.local/lib/python3.12/site-packages/airflow/example_dags/example_params_ui_tutorial.py took 0.272 seconds
[2026-09-22T16:45:15.228+0000] {processor.py:161} INFO - Started process (PID=240) to work on /home/airflow/.local/lib/python3.12/site-packages/airflow/example_dags/example_params_ui_tutorial.py
[2026-09-22T16:45:15.230+0000] {processor.py:830} INFO - Processing file /home/airflow/.local/lib/python3.12/site-packages/airflow/example_dags/example_params_ui_tutorial.py for tasks to queue
[2026-09-22T16:45:15.234+0000] {logging_mixin.py:188} INFO - [2026-09-22T16:45:15.233+0000] {dagbag.py:545} INFO - Filling up the DagBag from /home/airflow/.local/lib/python3.12/site-packages/airflow/example_dags/example_params_ui_tutorial.py
[2026-09-22T16:45:15.249+0000] {processor.py:840} INFO - DAG(s) 'example_params_ui_tutorial' retrieved from /home/airflow/.local/lib/python3.12/site-packages/airflow/example_dags/example_params_ui_tutorial.py
[2026-09-22T16:45:15.343+0000] {logging_mixin.py:188} INFO - [2026-09-22T16:45:15.343+0000] {dag.py:3089} INFO - Sync 1 DAGs
[2026-09-22T16:45:15.363+0000] {logging_mixin.py:188} INFO - [2026-09-22T16:45:15.363+0000] {dag.py:3947} INFO - Setting next_dagrun for example_params_ui_tutorial to None, run_after=None
[2026-09-22T16:45:15.456+0000] {processor.py:183} INFO - Processing /home/airflow/.local/lib/python3.12/site-packages/airflow/example_dags/example_params_ui_tutorial.py took 0.241 seconds
[2026-09-22T16:45:45.691+0000] {processor.py:161} INFO - Started process (PID=298) to work on /home/airflow/.local/lib/python3.12/site-packages/airflow/example_dags/example_params_ui_tutorial.py
[2026-09-22T16:45:45.693+0000] {processor.py:830} INFO - Processing file /home/airflow/.local/lib/python3.12/site-packages/airflow/example_dags/example_params_ui_tutorial.py for tasks to queue
[2026-09-22T16:45:45.697+0000] {logging_mixin.py:188} INFO - [2026-09-22T16:45:45.697+0000] {dagbag.py:545} INFO - Filling up the DagBag from /home/airflow/.local/lib/python3.12/site-packages/airflow/example_dags/example_params_ui_tutorial.py
[2026-09-22T16:45:45.712+0000] {processor.py:840} INFO - DAG(s) 'example_params_ui_tutorial' retrieved from /home/airflow/.local/lib/python3.12/site-packages/airflow/example_dags/example_params_ui_tutorial.py
[2026-09-22T16:45:45.790+0000] {logging_mixin.py:188} INFO - [2026-09-22T16:45:45.789+0000] {dag.py:3089} INFO - Sync 1 DAGs
[2026-09-22T16:45:45.806+0000] {logging_mixin.py:188} INFO - [2026-09-22T16:45:45.806+0000] {dag.py:3947} INFO - Setting next_dagrun for example_params_ui_tutorial to None, run_after=None
[2026-09-22T16:45:45.838+0000] {processor.py:183} INFO - Processing /home/airflow/.local/lib/python3.12/site-packages/airflow/example_dags/example_params_ui_tutorial.py took 0.158 seconds
[2026-09-22T16:46:16.134+0000] {processor.py:161} INFO - Started process (PID=356) to work on /home/airflow/.local/lib/python3.12/site-packages/airflow/example_dags/example_params_ui_tutorial.py
[2026-09-22T16:46:16.135+0000] {processor.py:830} INFO - Processing file /home/airflow/.local/lib/python3.12/site-packages/airflow/example_dags/example_params_ui_tutorial.py for tasks to queue
[2026-09-22T16:46:16.139+0000] {logging_mixin.py:188} INFO - [2026-09-22T16:46:16.138+0000] {dagbag.py:545} INFO - Filling up the DagBag from /home/airflow/.local/lib/python3.12/site-packages/airflow/example_dags/example_params_ui_tutorial.py
[2026-09-22T16:46:16.151+0000] {processor.py:840} INFO - DAG(s) 'example_params_ui_tutorial' retrieved from /home/airflow/.local/lib/python3.12/site-packages/airflow/example_dags/example_params_ui_tutorial.py
[2026-09-22T16:46:16.233+0000] {logging_mixin.py:188} INFO - [2026-09-22T16:46:16.232+0000] {dag.py:3089} INFO - Sync 1 DAGs
[2026-09-22T16:46:16.250+0000] {logging_mixin.py:188} INFO - [2026-09-22T16:46:16.250+0000] {dag.py:3947} INFO - Setting next_dagrun for example_params_ui_tutorial to None, run_after=None
[2026-09-22T16:46:16.281+0000] {processor.py:183} INFO - Processing /home/airflow/.local/lib/python3.12/site-packages/airflow/example_dags/example_params_ui_tutorial.py took 0.157 seconds
[2026-09-22T16:46:46.344+0000] {processor.py:161} INFO - Started process (PID=420) to work on /home/airflow/.local/lib/python3.12/site-packages/airflow/example_dags/example_params_ui_tutorial.py
[2026-09-22T16:46:46.345+0000] {processor.py:830} INFO - Processing file /home/airflow/.local/lib/python3.12/site-packages/airflow/example_dags/example_params_ui_tutorial.py for tasks to queue
[2026-09-22T16:46:46.349+0000] {logging_mixin.py:188} INFO - [2026-09-22T16:46:46.349+0000] {dagbag.py:545} INFO - Filling up the DagBag from /home/airflow/.local/lib/python3.12/site-packages/airflow/example_dags/example_params_ui_tutorial.py
[2026-09-22T16:46:46.360+0000] {processor.py:840} INFO - DAG(s) 'example_params_ui_tutorial' retrieved from /home/airflow/.local/lib/python3.12/site-packages/airflow/example_dags/example_params_ui_tutorial.py
[2026-09-22T16:46:46.537+0000] {logging_mixin.py:188} INFO - [2026-09-22T16:46:46.536+0000] {dag.py:3089} INFO - Sync 1 DAGs
[2026-09-22T16:46:46.574+0000] {logging_mixin.py:188} INFO - [2026-09-22T16:46:46.573+0000] {dag.py:3947} INFO - Setting next_dagrun for example_params_ui_tutorial to None, run_after=None
[2026-09-22T16:46:46.637+0000] {processor.py:183} INFO - Processing /home/airflow/.local/lib/python3.12/site-packages/airflow/example_dags/example_params_ui_tutorial.py took 0.302 seconds
[2026-09-22T16:47:17.617+0000] {processor.py:161} INFO - Started process (PID=478) to work on /home/airflow/.local/lib/python3.12/site-packages/airflow/example_dags/example_params_ui_tutorial.py
[2026-09-22T16:47:17.619+0000] {processor.py:830} INFO - Processing file /home/airflow/.local/lib/python3.12/site-packages/airflow/example_dags/example_params_ui_tutorial.py for tasks to queue
[2026-09-22T16:47:17.622+0000] {logging_mixin.py:188} INFO - [2026-09-22T16:47:17.621+0000] {dagbag.py:545} INFO - Filling up the DagBag from /home/airflow/.local/lib/python3.12/site-packages/airflow/example_dags/example_params_ui_tutorial.py
[2026-09-22T16:47:17.636+0000] {processor.py:840} INFO - DAG(s) 'example_params_ui_tutorial' retrieved from /home/airflow/.local/lib/python3.12/site-packages/airflow/example_dags/example_params_ui_tutorial.py
[2026-09-22T16:47:17.724+0000] {logging_mixin.py:188} INFO - [2026-09-22T16:47:17.724+0000] {dag.py:3089} INFO - Sync 1 DAGs
[2026-09-22T16:47:17.759+0000] {logging_mixin.py:188} INFO - [2026-09-22T16:47:17.759+0000] {dag.py:3947} INFO - Setting next_dagrun for example_params_ui_tutorial to None, run_after=None
[2026-09-22T16:47:17.848+0000] {processor.py:183} INFO - Processing /home/airflow/.local/lib/python3.12/site-packages/airflow/example_dags/example_params_ui_tutorial.py took 0.245 seconds
[2026-09-22T16:47:48.220+0000] {processor.py:161} INFO - Started process (PID=536) to work on /home/airflow/.local/lib/python3.12/site-packages/airflow/example_dags/example_params_ui_tutorial.py
[2026-09-22T16:47:48.226+0000] {processor.py:830} INFO - Processing file /home/airflow/.local/lib/python3.12/site-packages/airflow/example_dags/example_params_ui_tutorial.py for tasks to queue
[2026-09-22T16:47:48.233+0000] {logging_mixin.py:188} INFO - [2026-09-22T16:47:48.232+0000] {dagbag.py:545} INFO - Filling up the DagBag from /home/airflow/.local/lib/python3.12/site-packages/airflow/example_dags/example_params_ui_tutorial.py
[2026-09-22T16:47:48.255+0000] {processor.py:840} INFO - DAG(s) 'example_params_ui_tutorial' retrieved from /home/airflow/.local/lib/python3.12/site-packages/airflow/example_dags/example_params_ui_tutorial.py
[2026-09-22T16:47:48.381+0000] {logging_mixin.py:188} INFO - [2026-09-22T16:47:48.381+0000] {dag.py:3089} INFO - Sync 1 DAGs
[2026-09-22T16:47:48.414+0000] {logging_mixin.py:188} INFO - [2026-09-22T16:47:48.413+0000] {dag.py:3947} INFO - Setting next_dagrun for example_params_ui_tutorial to None, run_after=None
[2026-09-22T16:47:48.452+0000] {processor.py:183} INFO - Processing /home/airflow/.local/lib/python3.12/site-packages/airflow/example_dags/example_params_ui_tutorial.py took 0.247 seconds
[2026-09-22T16:48:19.134+0000] {processor.py:161} INFO - Started process (PID=594) to work on /home/airflow/.local/lib/python3.12/site-packages/airflow/example_dags/example_params_ui_tutorial.py
[2026-09-22T16:48:19.136+0000] {processor.py:830} INFO - Processing file /home/airflow/.local/lib/python3.12/site-packages/airflow/example_dags/example_params_ui_tutorial.py for tasks to queue
[2026-09-22T16:48:19.140+0000] {logging_mixin.py:188} INFO - [2026-09-22T16:48:19.139+0000] {dagbag.py:545} INFO - Filling up the DagBag from /home/airflow/.local/lib/python3.12/site-packages/airflow/example_dags/example_params_ui_tutorial.py
[2026-09-22T16:48:19.154+0000] {processor.py:840} INFO - DAG(s) 'example_params_ui_tutorial' retrieved from /home/airflow/.local/lib/python3.12/site-packages/airflow/example_dags/example_params_ui_tutorial.py
[2026-09-22T16:48:19.263+0000] {logging_mixin.py:188} INFO - [2026-09-22T16:48:19.262+0000] {dag.py:3089} INFO - Sync 1 DAGs
[2026-09-22T16:48:19.291+0000] {logging_mixin.py:188} INFO - [2026-09-22T16:48:19.291+0000] {dag.py:3947} INFO - Setting next_dagrun for example_params_ui_tutorial to None, run_after=None
[2026-09-22T16:48:19.383+0000] {processor.py:183} INFO - Processing /home/airflow/.local/lib/python3.12/site-packages/airflow/example_dags/example_params_ui_tutorial.py took 0.260 seconds
[2026-09-22T16:48:50.147+0000] {processor.py:161} INFO - Started process (PID=652) to work on /home/airflow/.local/lib/python3.12/site-packages/airflow/example_dags/example_params_ui_tutorial.py
[2026-09-22T16:48:50.150+0000] {processor.py:830} INFO - Processing file /home/airflow/.local/lib/python3.12/site-packages/airflow/example_dags/example_params_ui_tutorial.py for tasks to queue
[2026-09-22T16:48:50.153+0000] {logging_mixin.py:188} INFO - [2026-09-22T16:48:50.152+0000] {dagbag.py:545} INFO - Filling up the DagBag from /home/airflow/.local/lib/python3.12/site-packages/airflow/example_dags/example_params_ui_tutorial.py
[2026-09-22T16:48:50.167+0000] {processor.py:840} INFO - DAG(s) 'example_params_ui_tutorial' retrieved from /home/airflow/.local/lib/python3.12/site-packages/airflow/example_dags/example_params_ui_tutorial.py
[2026-09-22T16:48:50.290+0000] {logging_mixin.py:188} INFO - [2026-09-22T16:48:50.289+0000] {dag.py:3089} INFO - Sync 1 DAGs
[2026-09-22T16:48:50.312+0000] {logging_mixin.py:188} INFO - [2026-09-22T16:48:50.311+0000] {dag.py:3947} INFO - Setting next_dagrun for example_params_ui_tutorial to None, run_after=None
[2026-09-22T16:48:50.401+0000] {processor.py:183} INFO - Processing /home/airflow/.local/lib/python3.12/site-packages/airflow/example_dags/example_params_ui_tutorial.py took 0.263 seconds
[2026-09-22T16:49:20.759+0000] {processor.py:161} INFO - Started process (PID=711) to work on /home/airflow/.local/lib/python3.12/site-packages/airflow/example_dags/example_params_ui_tutorial.py
[2026-09-22T16:49:20.762+0000] {processor.py:830} INFO - Processing file /home/airflow/.local/lib/python3.12/site-packages/airflow/example_dags/example_params_ui_tutorial.py for tasks to queue
[2026-09-22T16:49:20.773+0000] {logging_mixin.py:188} INFO - [2026-09-22T16:49:20.773+0000] {dagbag.py:545} INFO - Filling up the DagBag from /home/airflow/.local/lib/python3.12/site-packages/airflow/example_dags/example_params_ui_tutorial.py
[2026-09-22T16:49:20.795+0000] {processor.py:840} INFO - DAG(s) 'example_params_ui_tutorial' retrieved from /home/airflow/.local/lib/python3.12/site-packages/airflow/example_dags/example_params_ui_tutorial.py
[2026-09-22T16:49:20.918+0000] {logging_mixin.py:188} INFO - [2026-09-22T16:49:20.918+0000] {dag.py:3089} INFO - Sync 1 DAGs
[2026-09-22T16:49:20.942+0000] {logging_mixin.py:188} INFO - [2026-09-22T16:49:20.941+0000] {dag.py:3947} INFO - Setting next_dagrun for example_params_ui_tutorial to None, run_after=None
[2026-09-22T16:49:20.989+0000] {processor.py:183} INFO - Processing /home/airflow/.local/lib/python3.12/site-packages/airflow/example_dags/example_params_ui_tutorial.py took 0.248 seconds
[2026-09-22T16:49:51.208+0000] {processor.py:161} INFO - Started process (PID=769) to work on /home/airflow/.local/lib/python3.12/site-packages/airflow/example_dags/example_params_ui_tutorial.py
[2026-09-22T16:49:51.210+0000] {processor.py:830} INFO - Processing file /home/airflow/.local/lib/python3.12/site-packages/airflow/example_dags/example_params_ui_tutorial.py for tasks to queue
[2026-09-22T16:49:51.215+0000] {logging_mixin.py:188} INFO - [2026-09-22T16:49:51.214+0000] {dagbag.py:545} INFO - Filling up the DagBag from /home/airflow/.local/lib/python3.12/site-packages/airflow/example_dags/example_params_ui_tutorial.py
[2026-09-22T16:49:51.223+0000] {processor.py:840} INFO - DAG(s) 'example_params_ui_tutorial' retrieved from /home/airflow/.local/lib/python3.12/site-packages/airflow/example_dags/example_params_ui_tutorial.py
[2026-09-22T16:49:51.294+0000] {logging_mixin.py:188} INFO - [2026-09-22T16:49:51.294+0000] {dag.py:3089} INFO - Sync 1 DAGs
[2026-09-22T16:49:51.316+0000] {logging_mixin.py:188} INFO - [2026-09-22T16:49:51.316+0000] {dag.py:3947} INFO - Setting next_dagrun for example_params_ui_tutorial to None, run_after=None
[2026-09-22T16:49:51.399+0000] {processor.py:183} INFO - Processing /home/airflow/.local/lib/python3.12/site-packages/airflow/example_dags/example_params_ui_tutorial.py took 0.201 seconds
[2026-09-22T16:50:21.686+0000] {processor.py:161} INFO - Started process (PID=828) to work on /home/airflow/.local/lib/python3.12/site-packages/airflow/example_dags/example_params_ui_tutorial.py
[2026-09-22T16:50:21.687+0000] {processor.py:830} INFO - Processing file /home/airflow/.local/lib/python3.12/site-packages/airflow/example_dags/example_params_ui_tutorial.py for tasks to queue
[2026-09-22T16:50:21.690+0000] {logging_mixin.py:188} INFO - [2026-09-22T16:50:21.690+0000] {dagbag.py:545} INFO - Filling up the DagBag from /home/airflow/.local/lib/python3.12/site-packages/airflow/example_dags/example_params_ui_tutorial.py
[2026-09-22T16:50:21.702+0000] {processor.py:840} INFO - DAG(s) 'example_params_ui_tutorial' retrieved from /home/airflow/.local/lib/python3.12/site-packages/airflow/example_dags/example_params_ui_tutorial.py
[2026-09-22T16:50:21.769+0000] {logging_mixin.py:188} INFO - [2026-09-22T16:50:21.769+0000] {dag.py:3089} INFO - Sync 1 DAGs
[2026-09-22T16:50:21.785+0000] {logging_mixin.py:188} INFO - [2026-09-22T16:50:21.785+0000] {dag.py:3947} INFO - Setting next_dagrun for example_params_ui_tutorial to None, run_after=None
[2026-09-22T16:50:21.870+0000] {processor.py:183} INFO - Processing /home/airflow/.local/lib/python3.12/site-packages/airflow/example_dags/example_params_ui_tutorial.py took 0.195 seconds
[2026-09-22T16:50:52.032+0000] {processor.py:161} INFO - Started process (PID=886) to work on /home/airflow/.local/lib/python3.12/site-packages/airflow/example_dags/example_params_ui_tutorial.py
[2026-09-22T16:50:52.037+0000] {processor.py:830} INFO - Processing file /home/airflow/.local/lib/python3.12/site-packages/airflow/example_dags/example_params_ui_tutorial.py for tasks to queue
[2026-09-22T16:50:52.044+0000] {logging_mixin.py:188} INFO - [2026-09-22T16:50:52.043+0000] {dagbag.py:545} INFO - Filling up the DagBag from /home/airflow/.local/lib/python3.12/site-packages/airflow/example_dags/example_params_ui_tutorial.py
[2026-09-22T16:50:52.070+0000] {processor.py:840} INFO - DAG(s) 'example_params_ui_tutorial' retrieved from /home/airflow/.local/lib/python3.12/site-packages/airflow/example_dags/example_params_ui_tutorial.py
[2026-09-22T16:50:52.207+0000] {logging_mixin.py:188} INFO - [2026-09-22T16:50:52.207+0000] {dag.py:3089} INFO - Sync 1 DAGs
[2026-09-22T16:50:52.242+0000] {logging_mixin.py:188} INFO - [2026-09-22T16:50:52.242+0000] {dag.py:3947} INFO - Setting next_dagrun for example_params_ui_tutorial to None, run_after=None
[2026-09-22T16:50:52.299+0000] {processor.py:183} INFO - Processing /home/airflow/.local/lib/python3.12/site-packages/airflow/example_dags/example_params_ui_tutorial.py took 0.285 seconds
[2026-09-22T16:51:22.538+0000] {processor.py:161} INFO - Started process (PID=944) to work on /home/airflow/.local/lib/python3.12/site-packages/airflow/example_dags/example_params_ui_tutorial.py
[2026-09-22T16:51:22.541+0000] {processor.py:830} INFO - Processing file /home/airflow/.local/lib/python3.12/site-packages/airflow/example_dags/example_params_ui_tutorial.py for tasks to queue
[2026-09-22T16:51:22.544+0000] {logging_mixin.py:188} INFO - [2026-09-22T16:51:22.543+0000] {dagbag.py:545} INFO - Filling up the DagBag from /home/airflow/.local/lib/python3.12/site-packages/airflow/example_dags/example_params_ui_tutorial.py
[2026-09-22T16:51:22.555+0000] {processor.py:840} INFO - DAG(s) 'example_params_ui_tutorial' retrieved from /home/airflow/.local/lib/python3.12/site-packages/airflow/example_dags/example_params_ui_tutorial.py
[2026-09-22T16:51:22.636+0000] {logging_mixin.py:188} INFO - [2026-09-22T16:51:22.635+0000] {dag.py:3089} INFO - Sync 1 DAGs
[2026-09-22T16:51:22.664+0000] {logging_mixin.py:188} INFO - [2026-09-22T16:51:22.663+0000] {dag.py:3947} INFO - Setting next_dagrun for example_params_ui_tutorial to None, run_after=None
[2026-09-22T16:51:22.705+0000] {processor.py:183} INFO - Processing /home/airflow/.local/lib/python3.12/site-packages/airflow/example_dags/example_params_ui_tutorial.py took 0.176 seconds
[2026-09-22T16:52:19.372+0000] {processor.py:161} INFO - Started process (PID=994) to work on /home/airflow/.local/lib/python3.12/site-packages/airflow/example_dags/example_params_ui_tutorial.py
[2026-09-22T16:52:19.383+0000] {processor.py:830} INFO - Processing file /home/airflow/.local/lib/python3.12/site-packages/airflow/example_dags/example_params_ui_tutorial.py for tasks to queue
[2026-09-22T16:52:19.393+0000] {logging_mixin.py:188} INFO - [2026-09-22T16:52:19.392+0000] {dagbag.py:545} INFO - Filling up the DagBag from /home/airflow/.local/lib/python3.12/site-packages/airflow/example_dags/example_params_ui_tutorial.py
[2026-09-22T16:52:19.425+0000] {processor.py:840} INFO - DAG(s) 'example_params_ui_tutorial' retrieved from /home/airflow/.local/lib/python3.12/site-packages/airflow/example_dags/example_params_ui_tutorial.py
[2026-09-22T16:52:19.610+0000] {logging_mixin.py:188} INFO - [2026-09-22T16:52:19.610+0000] {dag.py:3089} INFO - Sync 1 DAGs
[2026-09-22T16:52:19.666+0000] {logging_mixin.py:188} INFO - [2026-09-22T16:52:19.665+0000] {dag.py:3947} INFO - Setting next_dagrun for example_params_ui_tutorial to None, run_after=None
[2026-09-22T16:52:19.756+0000] {processor.py:183} INFO - Processing /home/airflow/.local/lib/python3.12/site-packages/airflow/example_dags/example_params_ui_tutorial.py took 0.404 seconds
[2026-09-22T16:52:50.485+0000] {processor.py:161} INFO - Started process (PID=1052) to work on /home/airflow/.local/lib/python3.12/site-packages/airflow/example_dags/example_params_ui_tutorial.py
[2026-09-22T16:52:50.495+0000] {processor.py:830} INFO - Processing file /home/airflow/.local/lib/python3.12/site-packages/airflow/example_dags/example_params_ui_tutorial.py for tasks to queue
[2026-09-22T16:52:50.503+0000] {logging_mixin.py:188} INFO - [2026-09-22T16:52:50.503+0000] {dagbag.py:545} INFO - Filling up the DagBag from /home/airflow/.local/lib/python3.12/site-packages/airflow/example_dags/example_params_ui_tutorial.py
[2026-09-22T16:52:50.521+0000] {processor.py:840} INFO - DAG(s) 'example_params_ui_tutorial' retrieved from /home/airflow/.local/lib/python3.12/site-packages/airflow/example_dags/example_params_ui_tutorial.py
[2026-09-22T16:52:50.631+0000] {logging_mixin.py:188} INFO - [2026-09-22T16:52:50.630+0000] {dag.py:3089} INFO - Sync 1 DAGs
[2026-09-22T16:52:50.658+0000] {logging_mixin.py:188} INFO - [2026-09-22T16:52:50.658+0000] {dag.py:3947} INFO - Setting next_dagrun for example_params_ui_tutorial to None, run_after=None
[2026-09-22T16:52:50.691+0000] {processor.py:183} INFO - Processing /home/airflow/.local/lib/python3.12/site-packages/airflow/example_dags/example_params_ui_tutorial.py took 0.215 seconds
[2026-09-22T16:53:21.116+0000] {processor.py:161} INFO - Started process (PID=1110) to work on /home/airflow/.local/lib/python3.12/site-packages/airflow/example_dags/example_params_ui_tutorial.py
[2026-09-22T16:53:21.117+0000] {processor.py:830} INFO - Processing file /home/airflow/.local/lib/python3.12/site-packages/airflow/example_dags/example_params_ui_tutorial.py for tasks to queue
[2026-09-22T16:53:21.120+0000] {logging_mixin.py:188} INFO - [2026-09-22T16:53:21.119+0000] {dagbag.py:545} INFO - Filling up the DagBag from /home/airflow/.local/lib/python3.12/site-packages/airflow/example_dags/example_params_ui_tutorial.py
[2026-09-22T16:53:21.128+0000] {processor.py:840} INFO - DAG(s) 'example_params_ui_tutorial' retrieved from /home/airflow/.local/lib/python3.12/site-packages/airflow/example_dags/example_params_ui_tutorial.py
[2026-09-22T16:53:21.171+0000] {logging_mixin.py:188} INFO - [2026-09-22T16:53:21.171+0000] {dag.py:3089} INFO - Sync 1 DAGs
[2026-09-22T16:53:21.183+0000] {logging_mixin.py:188} INFO - [2026-09-22T16:53:21.183+0000] {dag.py:3947} INFO - Setting next_dagrun for example_params_ui_tutorial to None, run_after=None
[2026-09-22T16:53:21.208+0000] {processor.py:183} INFO - Processing /home/airflow/.local/lib/python3.12/site-packages/airflow/example_dags/example_params_ui_tutorial.py took 0.097 seconds
[2026-09-22T16:53:51.409+0000] {processor.py:161} INFO - Started process (PID=1168) to work on /home/airflow/.local/lib/python3.12/site-packages/airflow/example_dags/example_params_ui_tutorial.py
[2026-09-22T16:53:51.410+0000] {processor.py:830} INFO - Processing file /home/airflow/.local/lib/python3.12/site-packages/airflow/example_dags/example_params_ui_tutorial.py for tasks to queue
[2026-09-22T16:53:51.413+0000] {logging_mixin.py:188} INFO - [2026-09-22T16:53:51.412+0000] {dagbag.py:545} INFO - Filling up the DagBag from /home/airflow/.local/lib/python3.12/site-packages/airflow/example_dags/example_params_ui_tutorial.py
[2026-09-22T16:53:51.420+0000] {processor.py:840} INFO - DAG(s) 'example_params_ui_tutorial' retrieved from /home/airflow/.local/lib/python3.12/site-packages/airflow/example_dags/example_params_ui_tutorial.py
[2026-09-22T16:53:51.467+0000] {logging_mixin.py:188} INFO - [2026-09-22T16:53:51.467+0000] {dag.py:3089} INFO - Sync 1 DAGs
[2026-09-22T16:53:51.481+0000] {logging_mixin.py:188} INFO - [2026-09-22T16:53:51.481+0000] {dag.py:3947} INFO - Setting next_dagrun for example_params_ui_tutorial to None, run_after=None
[2026-09-22T16:53:51.507+0000] {processor.py:183} INFO - Processing /home/airflow/.local/lib/python3.12/site-packages/airflow/example_dags/example_params_ui_tutorial.py took 0.103 seconds
[2026-09-22T16:54:21.633+0000] {processor.py:161} INFO - Started process (PID=1226) to work on /home/airflow/.local/lib/python3.12/site-packages/airflow/example_dags/example_params_ui_tutorial.py
[2026-09-22T16:54:21.634+0000] {processor.py:830} INFO - Processing file /home/airflow/.local/lib/python3.12/site-packages/airflow/example_dags/example_params_ui_tutorial.py for tasks to queue
[2026-09-22T16:54:21.636+0000] {logging_mixin.py:188} INFO - [2026-09-22T16:54:21.635+0000] {dagbag.py:545} INFO - Filling up the DagBag from /home/airflow/.local/lib/python3.12/site-packages/airflow/example_dags/example_params_ui_tutorial.py
[2026-09-22T16:54:21.644+0000] {processor.py:840} INFO - DAG(s) 'example_params_ui_tutorial' retrieved from /home/airflow/.local/lib/python3.12/site-packages/airflow/example_dags/example_params_ui_tutorial.py
[2026-09-22T16:54:21.692+0000] {logging_mixin.py:188} INFO - [2026-09-22T16:54:21.692+0000] {dag.py:3089} INFO - Sync 1 DAGs
[2026-09-22T16:54:21.703+0000] {logging_mixin.py:188} INFO - [2026-09-22T16:54:21.703+0000] {dag.py:3947} INFO - Setting next_dagrun for example_params_ui_tutorial to None, run_after=None
[2026-09-22T16:54:21.724+0000] {processor.py:183} INFO - Processing /home/airflow/.local/lib/python3.12/site-packages/airflow/example_dags/example_params_ui_tutorial.py took 0.097 seconds
[2026-09-22T16:54:52.157+0000] {processor.py:161} INFO - Started process (PID=1284) to work on /home/airflow/.local/lib/python3.12/site-packages/airflow/example_dags/example_params_ui_tutorial.py
[2026-09-22T16:54:52.159+0000] {processor.py:830} INFO - Processing file /home/airflow/.local/lib/python3.12/site-packages/airflow/example_dags/example_params_ui_tutorial.py for tasks to queue
[2026-09-22T16:54:52.161+0000] {logging_mixin.py:188} INFO - [2026-09-22T16:54:52.161+0000] {dagbag.py:545} INFO - Filling up the DagBag from /home/airflow/.local/lib/python3.12/site-packages/airflow/example_dags/example_params_ui_tutorial.py
[2026-09-22T16:54:52.170+0000] {processor.py:840} INFO - DAG(s) 'example_params_ui_tutorial' retrieved from /home/airflow/.local/lib/python3.12/site-packages/airflow/example_dags/example_params_ui_tutorial.py
[2026-09-22T16:54:52.217+0000] {logging_mixin.py:188} INFO - [2026-09-22T16:54:52.216+0000] {dag.py:3089} INFO - Sync 1 DAGs
[2026-09-22T16:54:52.230+0000] {logging_mixin.py:188} INFO - [2026-09-22T16:54:52.230+0000] {dag.py:3947} INFO - Setting next_dagrun for example_params_ui_tutorial to None, run_after=None
[2026-09-22T16:54:52.261+0000] {processor.py:183} INFO - Processing /home/airflow/.local/lib/python3.12/site-packages/airflow/example_dags/example_params_ui_tutorial.py took 0.111 seconds
[2026-09-22T16:55:22.416+0000] {processor.py:161} INFO - Started process (PID=1342) to work on /home/airflow/.local/lib/python3.12/site-packages/airflow/example_dags/example_params_ui_tutorial.py
[2026-09-22T16:55:22.417+0000] {processor.py:830} INFO - Processing file /home/airflow/.local/lib/python3.12/site-packages/airflow/example_dags/example_params_ui_tutorial.py for tasks to queue
[2026-09-22T16:55:22.420+0000] {logging_mixin.py:188} INFO - [2026-09-22T16:55:22.419+0000] {dagbag.py:545} INFO - Filling up the DagBag from /home/airflow/.local/lib/python3.12/site-packages/airflow/example_dags/example_params_ui_tutorial.py
[2026-09-22T16:55:22.426+0000] {processor.py:840} INFO - DAG(s) 'example_params_ui_tutorial' retrieved from /home/airflow/.local/lib/python3.12/site-packages/airflow/example_dags/example_params_ui_tutorial.py
[2026-09-22T16:55:22.476+0000] {logging_mixin.py:188} INFO - [2026-09-22T16:55:22.476+0000] {dag.py:3089} INFO - Sync 1 DAGs
[2026-09-22T16:55:22.522+0000] {logging_mixin.py:188} INFO - [2026-09-22T16:55:22.521+0000] {dag.py:3947} INFO - Setting next_dagrun for example_params_ui_tutorial to None, run_after=None
[2026-09-22T16:55:22.560+0000] {processor.py:183} INFO - Processing /home/airflow/.local/lib/python3.12/site-packages/airflow/example_dags/example_params_ui_tutorial.py took 0.149 seconds
[2026-09-22T16:55:53.242+0000] {processor.py:161} INFO - Started process (PID=1400) to work on /home/airflow/.local/lib/python3.12/site-packages/airflow/example_dags/example_params_ui_tutorial.py
[2026-09-22T16:55:53.243+0000] {processor.py:830} INFO - Processing file /home/airflow/.local/lib/python3.12/site-packages/airflow/example_dags/example_params_ui_tutorial.py for tasks to queue
[2026-09-22T16:55:53.245+0000] {logging_mixin.py:188} INFO - [2026-09-22T16:55:53.245+0000] {dagbag.py:545} INFO - Filling up the DagBag from /home/airflow/.local/lib/python3.12/site-packages/airflow/example_dags/example_params_ui_tutorial.py
[2026-09-22T16:55:53.253+0000] {processor.py:840} INFO - DAG(s) 'example_params_ui_tutorial' retrieved from /home/airflow/.local/lib/python3.12/site-packages/airflow/example_dags/example_params_ui_tutorial.py
[2026-09-22T16:55:53.300+0000] {logging_mixin.py:188} INFO - [2026-09-22T16:55:53.300+0000] {dag.py:3089} INFO - Sync 1 DAGs
[2026-09-22T16:55:53.313+0000] {logging_mixin.py:188} INFO - [2026-09-22T16:55:53.312+0000] {dag.py:3947} INFO - Setting next_dagrun for example_params_ui_tutorial to None, run_after=None
[2026-09-22T16:55:53.336+0000] {processor.py:183} INFO - Processing /home/airflow/.local/lib/python3.12/site-packages/airflow/example_dags/example_params_ui_tutorial.py took 0.099 seconds
[2026-09-22T16:56:23.868+0000] {processor.py:161} INFO - Started process (PID=1458) to work on /home/airflow/.local/lib/python3.12/site-packages/airflow/example_dags/example_params_ui_tutorial.py
[2026-09-22T16:56:23.870+0000] {processor.py:830} INFO - Processing file /home/airflow/.local/lib/python3.12/site-packages/airflow/example_dags/example_params_ui_tutorial.py for tasks to queue
[2026-09-22T16:56:23.873+0000] {logging_mixin.py:188} INFO - [2026-09-22T16:56:23.873+0000] {dagbag.py:545} INFO - Filling up the DagBag from /home/airflow/.local/lib/python3.12/site-packages/airflow/example_dags/example_params_ui_tutorial.py
[2026-09-22T16:56:23.879+0000] {processor.py:840} INFO - DAG(s) 'example_params_ui_tutorial' retrieved from /home/airflow/.local/lib/python3.12/site-packages/airflow/example_dags/example_params_ui_tutorial.py
[2026-09-22T16:56:23.932+0000] {logging_mixin.py:188} INFO - [2026-09-22T16:56:23.932+0000] {dag.py:3089} INFO - Sync 1 DAGs
[2026-09-22T16:56:23.947+0000] {logging_mixin.py:188} INFO - [2026-09-22T16:56:23.947+0000] {dag.py:3947} INFO - Setting next_dagrun for example_params_ui_tutorial to None, run_after=None
[2026-09-22T16:56:23.982+0000] {processor.py:183} INFO - Processing /home/airflow/.local/lib/python3.12/site-packages/airflow/example_dags/example_params_ui_tutorial.py took 0.119 seconds
[2026-09-22T16:57:57.637+0000] {processor.py:161} INFO - Started process (PID=84) to work on /home/airflow/.local/lib/python3.12/site-packages/airflow/example_dags/example_params_ui_tutorial.py
[2026-09-22T16:57:57.639+0000] {processor.py:830} INFO - Processing file /home/airflow/.local/lib/python3.12/site-packages/airflow/example_dags/example_params_ui_tutorial.py for tasks to queue
[2026-09-22T16:57:57.642+0000] {logging_mixin.py:188} INFO - [2026-09-22T16:57:57.642+0000] {dagbag.py:545} INFO - Filling up the DagBag from /home/airflow/.local/lib/python3.12/site-packages/airflow/example_dags/example_params_ui_tutorial.py
[2026-09-22T16:57:57.658+0000] {processor.py:840} INFO - DAG(s) 'example_params_ui_tutorial' retrieved from /home/airflow/.local/lib/python3.12/site-packages/airflow/example_dags/example_params_ui_tutorial.py
[2026-09-22T16:57:57.891+0000] {logging_mixin.py:188} INFO - [2026-09-22T16:57:57.890+0000] {dag.py:3089} INFO - Sync 1 DAGs
[2026-09-22T16:57:57.906+0000] {logging_mixin.py:188} INFO - [2026-09-22T16:57:57.906+0000] {dag.py:3947} INFO - Setting next_dagrun for example_params_ui_tutorial to None, run_after=None
[2026-09-22T16:57:57.941+0000] {processor.py:183} INFO - Processing /home/airflow/.local/lib/python3.12/site-packages/airflow/example_dags/example_params_ui_tutorial.py took 0.312 seconds
[2026-09-22T16:58:28.978+0000] {processor.py:161} INFO - Started process (PID=142) to work on /home/airflow/.local/lib/python3.12/site-packages/airflow/example_dags/example_params_ui_tutorial.py
[2026-09-22T16:58:28.980+0000] {processor.py:830} INFO - Processing file /home/airflow/.local/lib/python3.12/site-packages/airflow/example_dags/example_params_ui_tutorial.py for tasks to queue
[2026-09-22T16:58:28.982+0000] {logging_mixin.py:188} INFO - [2026-09-22T16:58:28.982+0000] {dagbag.py:545} INFO - Filling up the DagBag from /home/airflow/.local/lib/python3.12/site-packages/airflow/example_dags/example_params_ui_tutorial.py
[2026-09-22T16:58:28.989+0000] {processor.py:840} INFO - DAG(s) 'example_params_ui_tutorial' retrieved from /home/airflow/.local/lib/python3.12/site-packages/airflow/example_dags/example_params_ui_tutorial.py
[2026-09-22T16:58:29.031+0000] {logging_mixin.py:188} INFO - [2026-09-22T16:58:29.030+0000] {dag.py:3089} INFO - Sync 1 DAGs
[2026-09-22T16:58:29.043+0000] {logging_mixin.py:188} INFO - [2026-09-22T16:58:29.043+0000] {dag.py:3947} INFO - Setting next_dagrun for example_params_ui_tutorial to None, run_after=None
[2026-09-22T16:58:29.073+0000] {processor.py:183} INFO - Processing /home/airflow/.local/lib/python3.12/site-packages/airflow/example_dags/example_params_ui_tutorial.py took 0.101 seconds
[2026-09-22T16:58:59.138+0000] {processor.py:161} INFO - Started process (PID=200) to work on /home/airflow/.local/lib/python3.12/site-packages/airflow/example_dags/example_params_ui_tutorial.py
[2026-09-22T16:58:59.139+0000] {processor.py:830} INFO - Processing file /home/airflow/.local/lib/python3.12/site-packages/airflow/example_dags/example_params_ui_tutorial.py for tasks to queue
[2026-09-22T16:58:59.141+0000] {logging_mixin.py:188} INFO - [2026-09-22T16:58:59.141+0000] {dagbag.py:545} INFO - Filling up the DagBag from /home/airflow/.local/lib/python3.12/site-packages/airflow/example_dags/example_params_ui_tutorial.py
[2026-09-22T16:58:59.148+0000] {processor.py:840} INFO - DAG(s) 'example_params_ui_tutorial' retrieved from /home/airflow/.local/lib/python3.12/site-packages/airflow/example_dags/example_params_ui_tutorial.py
[2026-09-22T16:58:59.194+0000] {logging_mixin.py:188} INFO - [2026-09-22T16:58:59.194+0000] {dag.py:3089} INFO - Sync 1 DAGs
[2026-09-22T16:58:59.206+0000] {logging_mixin.py:188} INFO - [2026-09-22T16:58:59.206+0000] {dag.py:3947} INFO - Setting next_dagrun for example_params_ui_tutorial to None, run_after=None
[2026-09-22T16:58:59.227+0000] {processor.py:183} INFO - Processing /home/airflow/.local/lib/python3.12/site-packages/airflow/example_dags/example_params_ui_tutorial.py took 0.095 seconds
[2026-09-22T16:59:29.395+0000] {processor.py:161} INFO - Started process (PID=258) to work on /home/airflow/.local/lib/python3.12/site-packages/airflow/example_dags/example_params_ui_tutorial.py
[2026-09-22T16:59:29.396+0000] {processor.py:830} INFO - Processing file /home/airflow/.local/lib/python3.12/site-packages/airflow/example_dags/example_params_ui_tutorial.py for tasks to queue
[2026-09-22T16:59:29.398+0000] {logging_mixin.py:188} INFO - [2026-09-22T16:59:29.398+0000] {dagbag.py:545} INFO - Filling up the DagBag from /home/airflow/.local/lib/python3.12/site-packages/airflow/example_dags/example_params_ui_tutorial.py
[2026-09-22T16:59:29.405+0000] {processor.py:840} INFO - DAG(s) 'example_params_ui_tutorial' retrieved from /home/airflow/.local/lib/python3.12/site-packages/airflow/example_dags/example_params_ui_tutorial.py
[2026-09-22T16:59:29.450+0000] {logging_mixin.py:188} INFO - [2026-09-22T16:59:29.450+0000] {dag.py:3089} INFO - Sync 1 DAGs
[2026-09-22T16:59:29.463+0000] {logging_mixin.py:188} INFO - [2026-09-22T16:59:29.463+0000] {dag.py:3947} INFO - Setting next_dagrun for example_params_ui_tutorial to None, run_after=None
[2026-09-22T16:59:29.485+0000] {processor.py:183} INFO - Processing /home/airflow/.local/lib/python3.12/site-packages/airflow/example_dags/example_params_ui_tutorial.py took 0.095 seconds
[2026-09-22T16:59:59.705+0000] {processor.py:161} INFO - Started process (PID=316) to work on /home/airflow/.local/lib/python3.12/site-packages/airflow/example_dags/example_params_ui_tutorial.py
[2026-09-22T16:59:59.707+0000] {processor.py:830} INFO - Processing file /home/airflow/.local/lib/python3.12/site-packages/airflow/example_dags/example_params_ui_tutorial.py for tasks to queue
[2026-09-22T16:59:59.709+0000] {logging_mixin.py:188} INFO - [2026-09-22T16:59:59.709+0000] {dagbag.py:545} INFO - Filling up the DagBag from /home/airflow/.local/lib/python3.12/site-packages/airflow/example_dags/example_params_ui_tutorial.py
[2026-09-22T16:59:59.718+0000] {processor.py:840} INFO - DAG(s) 'example_params_ui_tutorial' retrieved from /home/airflow/.local/lib/python3.12/site-packages/airflow/example_dags/example_params_ui_tutorial.py
[2026-09-22T16:59:59.780+0000] {logging_mixin.py:188} INFO - [2026-09-22T16:59:59.780+0000] {dag.py:3089} INFO - Sync 1 DAGs
[2026-09-22T16:59:59.793+0000] {logging_mixin.py:188} INFO - [2026-09-22T16:59:59.793+0000] {dag.py:3947} INFO - Setting next_dagrun for example_params_ui_tutorial to None, run_after=None
[2026-09-22T16:59:59.828+0000] {processor.py:183} INFO - Processing /home/airflow/.local/lib/python3.12/site-packages/airflow/example_dags/example_params_ui_tutorial.py took 0.131 seconds
[2026-09-22T17:00:30.095+0000] {processor.py:161} INFO - Started process (PID=374) to work on /home/airflow/.local/lib/python3.12/site-packages/airflow/example_dags/example_params_ui_tutorial.py
[2026-09-22T17:00:30.098+0000] {processor.py:830} INFO - Processing file /home/airflow/.local/lib/python3.12/site-packages/airflow/example_dags/example_params_ui_tutorial.py for tasks to queue
[2026-09-22T17:00:30.101+0000] {logging_mixin.py:188} INFO - [2026-09-22T17:00:30.101+0000] {dagbag.py:545} INFO - Filling up the DagBag from /home/airflow/.local/lib/python3.12/site-packages/airflow/example_dags/example_params_ui_tutorial.py
[2026-09-22T17:00:30.115+0000] {processor.py:840} INFO - DAG(s) 'example_params_ui_tutorial' retrieved from /home/airflow/.local/lib/python3.12/site-packages/airflow/example_dags/example_params_ui_tutorial.py
[2026-09-22T17:00:30.199+0000] {logging_mixin.py:188} INFO - [2026-09-22T17:00:30.199+0000] {dag.py:3089} INFO - Sync 1 DAGs
[2026-09-22T17:00:30.222+0000] {logging_mixin.py:188} INFO - [2026-09-22T17:00:30.221+0000] {dag.py:3947} INFO - Setting next_dagrun for example_params_ui_tutorial to None, run_after=None
[2026-09-22T17:00:30.264+0000] {processor.py:183} INFO - Processing /home/airflow/.local/lib/python3.12/site-packages/airflow/example_dags/example_params_ui_tutorial.py took 0.180 seconds
[2026-09-22T17:01:00.698+0000] {processor.py:161} INFO - Started process (PID=432) to work on /home/airflow/.local/lib/python3.12/site-packages/airflow/example_dags/example_params_ui_tutorial.py
[2026-09-22T17:01:00.699+0000] {processor.py:830} INFO - Processing file /home/airflow/.local/lib/python3.12/site-packages/airflow/example_dags/example_params_ui_tutorial.py for tasks to queue
[2026-09-22T17:01:00.703+0000] {logging_mixin.py:188} INFO - [2026-09-22T17:01:00.702+0000] {dagbag.py:545} INFO - Filling up the DagBag from /home/airflow/.local/lib/python3.12/site-packages/airflow/example_dags/example_params_ui_tutorial.py
[2026-09-22T17:01:00.711+0000] {processor.py:840} INFO - DAG(s) 'example_params_ui_tutorial' retrieved from /home/airflow/.local/lib/python3.12/site-packages/airflow/example_dags/example_params_ui_tutorial.py
[2026-09-22T17:01:00.758+0000] {logging_mixin.py:188} INFO - [2026-09-22T17:01:00.758+0000] {dag.py:3089} INFO - Sync 1 DAGs
[2026-09-22T17:01:00.770+0000] {logging_mixin.py:188} INFO - [2026-09-22T17:01:00.769+0000] {dag.py:3947} INFO - Setting next_dagrun for example_params_ui_tutorial to None, run_after=None
[2026-09-22T17:01:00.790+0000] {processor.py:183} INFO - Processing /home/airflow/.local/lib/python3.12/site-packages/airflow/example_dags/example_params_ui_tutorial.py took 0.098 seconds
[2026-09-22T17:01:31.124+0000] {processor.py:161} INFO - Started process (PID=490) to work on /home/airflow/.local/lib/python3.12/site-packages/airflow/example_dags/example_params_ui_tutorial.py
[2026-09-22T17:01:31.126+0000] {processor.py:830} INFO - Processing file /home/airflow/.local/lib/python3.12/site-packages/airflow/example_dags/example_params_ui_tutorial.py for tasks to queue
[2026-09-22T17:01:31.129+0000] {logging_mixin.py:188} INFO - [2026-09-22T17:01:31.129+0000] {dagbag.py:545} INFO - Filling up the DagBag from /home/airflow/.local/lib/python3.12/site-packages/airflow/example_dags/example_params_ui_tutorial.py
[2026-09-22T17:01:31.143+0000] {processor.py:840} INFO - DAG(s) 'example_params_ui_tutorial' retrieved from /home/airflow/.local/lib/python3.12/site-packages/airflow/example_dags/example_params_ui_tutorial.py
[2026-09-22T17:01:31.212+0000] {logging_mixin.py:188} INFO - [2026-09-22T17:01:31.212+0000] {dag.py:3089} INFO - Sync 1 DAGs
[2026-09-22T17:01:31.230+0000] {logging_mixin.py:188} INFO - [2026-09-22T17:01:31.230+0000] {dag.py:3947} INFO - Setting next_dagrun for example_params_ui_tutorial to None, run_after=None
[2026-09-22T17:01:31.257+0000] {processor.py:183} INFO - Processing /home/airflow/.local/lib/python3.12/site-packages/airflow/example_dags/example_params_ui_tutorial.py took 0.147 seconds
[2026-09-22T17:02:01.298+0000] {processor.py:161} INFO - Started process (PID=549) to work on /home/airflow/.local/lib/python3.12/site-packages/airflow/example_dags/example_params_ui_tutorial.py
[2026-09-22T17:02:01.299+0000] {processor.py:830} INFO - Processing file /home/airflow/.local/lib/python3.12/site-packages/airflow/example_dags/example_params_ui_tutorial.py for tasks to queue
[2026-09-22T17:02:01.302+0000] {logging_mixin.py:188} INFO - [2026-09-22T17:02:01.302+0000] {dagbag.py:545} INFO - Filling up the DagBag from /home/airflow/.local/lib/python3.12/site-packages/airflow/example_dags/example_params_ui_tutorial.py
[2026-09-22T17:02:01.309+0000] {processor.py:840} INFO - DAG(s) 'example_params_ui_tutorial' retrieved from /home/airflow/.local/lib/python3.12/site-packages/airflow/example_dags/example_params_ui_tutorial.py
[2026-09-22T17:02:01.369+0000] {logging_mixin.py:188} INFO - [2026-09-22T17:02:01.368+0000] {dag.py:3089} INFO - Sync 1 DAGs
[2026-09-22T17:02:01.387+0000] {logging_mixin.py:188} INFO - [2026-09-22T17:02:01.387+0000] {dag.py:3947} INFO - Setting next_dagrun for example_params_ui_tutorial to None, run_after=None
[2026-09-22T17:02:01.412+0000] {processor.py:183} INFO - Processing /home/airflow/.local/lib/python3.12/site-packages/airflow/example_dags/example_params_ui_tutorial.py took 0.119 seconds
[2026-09-22T17:03:29.104+0000] {processor.py:161} INFO - Started process (PID=82) to work on /home/airflow/.local/lib/python3.12/site-packages/airflow/example_dags/example_params_ui_tutorial.py
[2026-09-22T17:03:29.106+0000] {processor.py:830} INFO - Processing file /home/airflow/.local/lib/python3.12/site-packages/airflow/example_dags/example_params_ui_tutorial.py for tasks to queue
[2026-09-22T17:03:29.109+0000] {logging_mixin.py:188} INFO - [2026-09-22T17:03:29.109+0000] {dagbag.py:545} INFO - Filling up the DagBag from /home/airflow/.local/lib/python3.12/site-packages/airflow/example_dags/example_params_ui_tutorial.py
[2026-09-22T17:03:29.127+0000] {processor.py:840} INFO - DAG(s) 'example_params_ui_tutorial' retrieved from /home/airflow/.local/lib/python3.12/site-packages/airflow/example_dags/example_params_ui_tutorial.py
[2026-09-22T17:03:29.341+0000] {logging_mixin.py:188} INFO - [2026-09-22T17:03:29.340+0000] {dag.py:3089} INFO - Sync 1 DAGs
[2026-09-22T17:03:29.353+0000] {logging_mixin.py:188} INFO - [2026-09-22T17:03:29.353+0000] {dag.py:3947} INFO - Setting next_dagrun for example_params_ui_tutorial to None, run_after=None
[2026-09-22T17:03:29.384+0000] {processor.py:183} INFO - Processing /home/airflow/.local/lib/python3.12/site-packages/airflow/example_dags/example_params_ui_tutorial.py took 0.288 seconds
[2026-09-22T17:03:59.432+0000] {processor.py:161} INFO - Started process (PID=140) to work on /home/airflow/.local/lib/python3.12/site-packages/airflow/example_dags/example_params_ui_tutorial.py
[2026-09-22T17:03:59.433+0000] {processor.py:830} INFO - Processing file /home/airflow/.local/lib/python3.12/site-packages/airflow/example_dags/example_params_ui_tutorial.py for tasks to queue
[2026-09-22T17:03:59.435+0000] {logging_mixin.py:188} INFO - [2026-09-22T17:03:59.435+0000] {dagbag.py:545} INFO - Filling up the DagBag from /home/airflow/.local/lib/python3.12/site-packages/airflow/example_dags/example_params_ui_tutorial.py
[2026-09-22T17:03:59.442+0000] {processor.py:840} INFO - DAG(s) 'example_params_ui_tutorial' retrieved from /home/airflow/.local/lib/python3.12/site-packages/airflow/example_dags/example_params_ui_tutorial.py
[2026-09-22T17:03:59.498+0000] {logging_mixin.py:188} INFO - [2026-09-22T17:03:59.497+0000] {dag.py:3089} INFO - Sync 1 DAGs
[2026-09-22T17:03:59.510+0000] {logging_mixin.py:188} INFO - [2026-09-22T17:03:59.510+0000] {dag.py:3947} INFO - Setting next_dagrun for example_params_ui_tutorial to None, run_after=None
[2026-09-22T17:03:59.533+0000] {processor.py:183} INFO - Processing /home/airflow/.local/lib/python3.12/site-packages/airflow/example_dags/example_params_ui_tutorial.py took 0.107 seconds
[2026-09-22T17:04:30.198+0000] {processor.py:161} INFO - Started process (PID=198) to work on /home/airflow/.local/lib/python3.12/site-packages/airflow/example_dags/example_params_ui_tutorial.py
[2026-09-22T17:04:30.201+0000] {processor.py:830} INFO - Processing file /home/airflow/.local/lib/python3.12/site-packages/airflow/example_dags/example_params_ui_tutorial.py for tasks to queue
[2026-09-22T17:04:30.203+0000] {logging_mixin.py:188} INFO - [2026-09-22T17:04:30.203+0000] {dagbag.py:545} INFO - Filling up the DagBag from /home/airflow/.local/lib/python3.12/site-packages/airflow/example_dags/example_params_ui_tutorial.py
[2026-09-22T17:04:30.212+0000] {processor.py:840} INFO - DAG(s) 'example_params_ui_tutorial' retrieved from /home/airflow/.local/lib/python3.12/site-packages/airflow/example_dags/example_params_ui_tutorial.py
[2026-09-22T17:04:30.279+0000] {logging_mixin.py:188} INFO - [2026-09-22T17:04:30.279+0000] {dag.py:3089} INFO - Sync 1 DAGs
[2026-09-22T17:04:30.295+0000] {logging_mixin.py:188} INFO - [2026-09-22T17:04:30.295+0000] {dag.py:3947} INFO - Setting next_dagrun for example_params_ui_tutorial to None, run_after=None
[2026-09-22T17:04:30.315+0000] {processor.py:183} INFO - Processing /home/airflow/.local/lib/python3.12/site-packages/airflow/example_dags/example_params_ui_tutorial.py took 0.125 seconds
[2026-09-22T17:05:00.847+0000] {processor.py:161} INFO - Started process (PID=256) to work on /home/airflow/.local/lib/python3.12/site-packages/airflow/example_dags/example_params_ui_tutorial.py
[2026-09-22T17:05:00.848+0000] {processor.py:830} INFO - Processing file /home/airflow/.local/lib/python3.12/site-packages/airflow/example_dags/example_params_ui_tutorial.py for tasks to queue
[2026-09-22T17:05:00.853+0000] {logging_mixin.py:188} INFO - [2026-09-22T17:05:00.853+0000] {dagbag.py:545} INFO - Filling up the DagBag from /home/airflow/.local/lib/python3.12/site-packages/airflow/example_dags/example_params_ui_tutorial.py
[2026-09-22T17:05:00.863+0000] {processor.py:840} INFO - DAG(s) 'example_params_ui_tutorial' retrieved from /home/airflow/.local/lib/python3.12/site-packages/airflow/example_dags/example_params_ui_tutorial.py
[2026-09-22T17:05:00.920+0000] {logging_mixin.py:188} INFO - [2026-09-22T17:05:00.920+0000] {dag.py:3089} INFO - Sync 1 DAGs
[2026-09-22T17:05:00.933+0000] {logging_mixin.py:188} INFO - [2026-09-22T17:05:00.933+0000] {dag.py:3947} INFO - Setting next_dagrun for example_params_ui_tutorial to None, run_after=None
[2026-09-22T17:05:00.957+0000] {processor.py:183} INFO - Processing /home/airflow/.local/lib/python3.12/site-packages/airflow/example_dags/example_params_ui_tutorial.py took 0.116 seconds
[2026-09-22T17:05:31.397+0000] {processor.py:161} INFO - Started process (PID=314) to work on /home/airflow/.local/lib/python3.12/site-packages/airflow/example_dags/example_params_ui_tutorial.py
[2026-09-22T17:05:31.398+0000] {processor.py:830} INFO - Processing file /home/airflow/.local/lib/python3.12/site-packages/airflow/example_dags/example_params_ui_tutorial.py for tasks to queue
[2026-09-22T17:05:31.401+0000] {logging_mixin.py:188} INFO - [2026-09-22T17:05:31.400+0000] {dagbag.py:545} INFO - Filling up the DagBag from /home/airflow/.local/lib/python3.12/site-packages/airflow/example_dags/example_params_ui_tutorial.py
[2026-09-22T17:05:31.407+0000] {processor.py:840} INFO - DAG(s) 'example_params_ui_tutorial' retrieved from /home/airflow/.local/lib/python3.12/site-packages/airflow/example_dags/example_params_ui_tutorial.py
[2026-09-22T17:05:31.456+0000] {logging_mixin.py:188} INFO - [2026-09-22T17:05:31.455+0000] {dag.py:3089} INFO - Sync 1 DAGs
[2026-09-22T17:05:31.468+0000] {logging_mixin.py:188} INFO - [2026-09-22T17:05:31.468+0000] {dag.py:3947} INFO - Setting next_dagrun for example_params_ui_tutorial to None, run_after=None
[2026-09-22T17:05:31.492+0000] {processor.py:183} INFO - Processing /home/airflow/.local/lib/python3.12/site-packages/airflow/example_dags/example_params_ui_tutorial.py took 0.102 seconds
[2026-09-22T17:06:01.652+0000] {processor.py:161} INFO - Started process (PID=372) to work on /home/airflow/.local/lib/python3.12/site-packages/airflow/example_dags/example_params_ui_tutorial.py
[2026-09-22T17:06:01.654+0000] {processor.py:830} INFO - Processing file /home/airflow/.local/lib/python3.12/site-packages/airflow/example_dags/example_params_ui_tutorial.py for tasks to queue
[2026-09-22T17:06:01.656+0000] {logging_mixin.py:188} INFO - [2026-09-22T17:06:01.656+0000] {dagbag.py:545} INFO - Filling up the DagBag from /home/airflow/.local/lib/python3.12/site-packages/airflow/example_dags/example_params_ui_tutorial.py
[2026-09-22T17:06:01.664+0000] {processor.py:840} INFO - DAG(s) 'example_params_ui_tutorial' retrieved from /home/airflow/.local/lib/python3.12/site-packages/airflow/example_dags/example_params_ui_tutorial.py
[2026-09-22T17:06:01.714+0000] {logging_mixin.py:188} INFO - [2026-09-22T17:06:01.713+0000] {dag.py:3089} INFO - Sync 1 DAGs
[2026-09-22T17:06:01.727+0000] {logging_mixin.py:188} INFO - [2026-09-22T17:06:01.727+0000] {dag.py:3947} INFO - Setting next_dagrun for example_params_ui_tutorial to None, run_after=None
[2026-09-22T17:06:01.750+0000] {processor.py:183} INFO - Processing /home/airflow/.local/lib/python3.12/site-packages/airflow/example_dags/example_params_ui_tutorial.py took 0.104 seconds
[2026-09-22T17:06:32.109+0000] {processor.py:161} INFO - Started process (PID=430) to work on /home/airflow/.local/lib/python3.12/site-packages/airflow/example_dags/example_params_ui_tutorial.py
[2026-09-22T17:06:32.110+0000] {processor.py:830} INFO - Processing file /home/airflow/.local/lib/python3.12/site-packages/airflow/example_dags/example_params_ui_tutorial.py for tasks to queue
[2026-09-22T17:06:32.113+0000] {logging_mixin.py:188} INFO - [2026-09-22T17:06:32.112+0000] {dagbag.py:545} INFO - Filling up the DagBag from /home/airflow/.local/lib/python3.12/site-packages/airflow/example_dags/example_params_ui_tutorial.py
[2026-09-22T17:06:32.120+0000] {processor.py:840} INFO - DAG(s) 'example_params_ui_tutorial' retrieved from /home/airflow/.local/lib/python3.12/site-packages/airflow/example_dags/example_params_ui_tutorial.py
[2026-09-22T17:06:32.161+0000] {logging_mixin.py:188} INFO - [2026-09-22T17:06:32.161+0000] {dag.py:3089} INFO - Sync 1 DAGs
[2026-09-22T17:06:32.173+0000] {logging_mixin.py:188} INFO - [2026-09-22T17:06:32.172+0000] {dag.py:3947} INFO - Setting next_dagrun for example_params_ui_tutorial to None, run_after=None
[2026-09-22T17:06:32.195+0000] {processor.py:183} INFO - Processing /home/airflow/.local/lib/python3.12/site-packages/airflow/example_dags/example_params_ui_tutorial.py took 0.093 seconds
[2026-09-22T17:07:02.428+0000] {processor.py:161} INFO - Started process (PID=488) to work on /home/airflow/.local/lib/python3.12/site-packages/airflow/example_dags/example_params_ui_tutorial.py
[2026-09-22T17:07:02.429+0000] {processor.py:830} INFO - Processing file /home/airflow/.local/lib/python3.12/site-packages/airflow/example_dags/example_params_ui_tutorial.py for tasks to queue
[2026-09-22T17:07:02.431+0000] {logging_mixin.py:188} INFO - [2026-09-22T17:07:02.431+0000] {dagbag.py:545} INFO - Filling up the DagBag from /home/airflow/.local/lib/python3.12/site-packages/airflow/example_dags/example_params_ui_tutorial.py
[2026-09-22T17:07:02.438+0000] {processor.py:840} INFO - DAG(s) 'example_params_ui_tutorial' retrieved from /home/airflow/.local/lib/python3.12/site-packages/airflow/example_dags/example_params_ui_tutorial.py
[2026-09-22T17:07:02.504+0000] {logging_mixin.py:188} INFO - [2026-09-22T17:07:02.503+0000] {dag.py:3089} INFO - Sync 1 DAGs
[2026-09-22T17:07:02.519+0000] {logging_mixin.py:188} INFO - [2026-09-22T17:07:02.519+0000] {dag.py:3947} INFO - Setting next_dagrun for example_params_ui_tutorial to None, run_after=None
[2026-09-22T17:07:02.547+0000] {processor.py:183} INFO - Processing /home/airflow/.local/lib/python3.12/site-packages/airflow/example_dags/example_params_ui_tutorial.py took 0.125 seconds
[2026-09-22T17:07:32.617+0000] {processor.py:161} INFO - Started process (PID=546) to work on /home/airflow/.local/lib/python3.12/site-packages/airflow/example_dags/example_params_ui_tutorial.py
[2026-09-22T17:07:32.618+0000] {processor.py:830} INFO - Processing file /home/airflow/.local/lib/python3.12/site-packages/airflow/example_dags/example_params_ui_tutorial.py for tasks to queue
[2026-09-22T17:07:32.620+0000] {logging_mixin.py:188} INFO - [2026-09-22T17:07:32.619+0000] {dagbag.py:545} INFO - Filling up the DagBag from /home/airflow/.local/lib/python3.12/site-packages/airflow/example_dags/example_params_ui_tutorial.py
[2026-09-22T17:07:32.625+0000] {processor.py:840} INFO - DAG(s) 'example_params_ui_tutorial' retrieved from /home/airflow/.local/lib/python3.12/site-packages/airflow/example_dags/example_params_ui_tutorial.py
[2026-09-22T17:07:32.672+0000] {logging_mixin.py:188} INFO - [2026-09-22T17:07:32.672+0000] {dag.py:3089} INFO - Sync 1 DAGs
[2026-09-22T17:07:32.682+0000] {logging_mixin.py:188} INFO - [2026-09-22T17:07:32.682+0000] {dag.py:3947} INFO - Setting next_dagrun for example_params_ui_tutorial to None, run_after=None
[2026-09-22T17:07:32.704+0000] {processor.py:183} INFO - Processing /home/airflow/.local/lib/python3.12/site-packages/airflow/example_dags/example_params_ui_tutorial.py took 0.092 seconds
[2026-09-22T17:08:02.938+0000] {processor.py:161} INFO - Started process (PID=604) to work on /home/airflow/.local/lib/python3.12/site-packages/airflow/example_dags/example_params_ui_tutorial.py
[2026-09-22T17:08:02.939+0000] {processor.py:830} INFO - Processing file /home/airflow/.local/lib/python3.12/site-packages/airflow/example_dags/example_params_ui_tutorial.py for tasks to queue
[2026-09-22T17:08:02.941+0000] {logging_mixin.py:188} INFO - [2026-09-22T17:08:02.941+0000] {dagbag.py:545} INFO - Filling up the DagBag from /home/airflow/.local/lib/python3.12/site-packages/airflow/example_dags/example_params_ui_tutorial.py
[2026-09-22T17:08:02.949+0000] {processor.py:840} INFO - DAG(s) 'example_params_ui_tutorial' retrieved from /home/airflow/.local/lib/python3.12/site-packages/airflow/example_dags/example_params_ui_tutorial.py
[2026-09-22T17:08:02.988+0000] {logging_mixin.py:188} INFO - [2026-09-22T17:08:02.987+0000] {dag.py:3089} INFO - Sync 1 DAGs
[2026-09-22T17:08:02.998+0000] {logging_mixin.py:188} INFO - [2026-09-22T17:08:02.998+0000] {dag.py:3947} INFO - Setting next_dagrun for example_params_ui_tutorial to None, run_after=None
[2026-09-22T17:08:03.016+0000] {processor.py:183} INFO - Processing /home/airflow/.local/lib/python3.12/site-packages/airflow/example_dags/example_params_ui_tutorial.py took 0.084 seconds
[2026-09-22T17:08:33.349+0000] {processor.py:161} INFO - Started process (PID=668) to work on /home/airflow/.local/lib/python3.12/site-packages/airflow/example_dags/example_params_ui_tutorial.py
[2026-09-22T17:08:33.350+0000] {processor.py:830} INFO - Processing file /home/airflow/.local/lib/python3.12/site-packages/airflow/example_dags/example_params_ui_tutorial.py for tasks to queue
[2026-09-22T17:08:33.352+0000] {logging_mixin.py:188} INFO - [2026-09-22T17:08:33.352+0000] {dagbag.py:545} INFO - Filling up the DagBag from /home/airflow/.local/lib/python3.12/site-packages/airflow/example_dags/example_params_ui_tutorial.py
[2026-09-22T17:08:33.359+0000] {processor.py:840} INFO - DAG(s) 'example_params_ui_tutorial' retrieved from /home/airflow/.local/lib/python3.12/site-packages/airflow/example_dags/example_params_ui_tutorial.py
[2026-09-22T17:08:33.399+0000] {logging_mixin.py:188} INFO - [2026-09-22T17:08:33.399+0000] {dag.py:3089} INFO - Sync 1 DAGs
[2026-09-22T17:08:33.411+0000] {logging_mixin.py:188} INFO - [2026-09-22T17:08:33.410+0000] {dag.py:3947} INFO - Setting next_dagrun for example_params_ui_tutorial to None, run_after=None
[2026-09-22T17:08:33.431+0000] {processor.py:183} INFO - Processing /home/airflow/.local/lib/python3.12/site-packages/airflow/example_dags/example_params_ui_tutorial.py took 0.087 seconds
[2026-09-22T17:09:03.489+0000] {processor.py:161} INFO - Started process (PID=726) to work on /home/airflow/.local/lib/python3.12/site-packages/airflow/example_dags/example_params_ui_tutorial.py
[2026-09-22T17:09:03.490+0000] {processor.py:830} INFO - Processing file /home/airflow/.local/lib/python3.12/site-packages/airflow/example_dags/example_params_ui_tutorial.py for tasks to queue
[2026-09-22T17:09:03.492+0000] {logging_mixin.py:188} INFO - [2026-09-22T17:09:03.491+0000] {dagbag.py:545} INFO - Filling up the DagBag from /home/airflow/.local/lib/python3.12/site-packages/airflow/example_dags/example_params_ui_tutorial.py
[2026-09-22T17:09:03.498+0000] {processor.py:840} INFO - DAG(s) 'example_params_ui_tutorial' retrieved from /home/airflow/.local/lib/python3.12/site-packages/airflow/example_dags/example_params_ui_tutorial.py
[2026-09-22T17:09:03.544+0000] {logging_mixin.py:188} INFO - [2026-09-22T17:09:03.543+0000] {dag.py:3089} INFO - Sync 1 DAGs
[2026-09-22T17:09:03.557+0000] {logging_mixin.py:188} INFO - [2026-09-22T17:09:03.557+0000] {dag.py:3947} INFO - Setting next_dagrun for example_params_ui_tutorial to None, run_after=None
[2026-09-22T17:09:03.584+0000] {processor.py:183} INFO - Processing /home/airflow/.local/lib/python3.12/site-packages/airflow/example_dags/example_params_ui_tutorial.py took 0.103 seconds
[2026-09-22T17:09:33.618+0000] {processor.py:161} INFO - Started process (PID=784) to work on /home/airflow/.local/lib/python3.12/site-packages/airflow/example_dags/example_params_ui_tutorial.py
[2026-09-22T17:09:33.619+0000] {processor.py:830} INFO - Processing file /home/airflow/.local/lib/python3.12/site-packages/airflow/example_dags/example_params_ui_tutorial.py for tasks to queue
[2026-09-22T17:09:33.621+0000] {logging_mixin.py:188} INFO - [2026-09-22T17:09:33.621+0000] {dagbag.py:545} INFO - Filling up the DagBag from /home/airflow/.local/lib/python3.12/site-packages/airflow/example_dags/example_params_ui_tutorial.py
[2026-09-22T17:09:33.628+0000] {processor.py:840} INFO - DAG(s) 'example_params_ui_tutorial' retrieved from /home/airflow/.local/lib/python3.12/site-packages/airflow/example_dags/example_params_ui_tutorial.py
[2026-09-22T17:09:33.667+0000] {logging_mixin.py:188} INFO - [2026-09-22T17:09:33.666+0000] {dag.py:3089} INFO - Sync 1 DAGs
[2026-09-22T17:09:33.676+0000] {logging_mixin.py:188} INFO - [2026-09-22T17:09:33.676+0000] {dag.py:3947} INFO - Setting next_dagrun for example_params_ui_tutorial to None, run_after=None
[2026-09-22T17:09:33.694+0000] {processor.py:183} INFO - Processing /home/airflow/.local/lib/python3.12/site-packages/airflow/example_dags/example_params_ui_tutorial.py took 0.082 seconds
[2026-09-22T17:10:04.025+0000] {processor.py:161} INFO - Started process (PID=842) to work on /home/airflow/.local/lib/python3.12/site-packages/airflow/example_dags/example_params_ui_tutorial.py
[2026-09-22T17:10:04.026+0000] {processor.py:830} INFO - Processing file /home/airflow/.local/lib/python3.12/site-packages/airflow/example_dags/example_params_ui_tutorial.py for tasks to queue
[2026-09-22T17:10:04.027+0000] {logging_mixin.py:188} INFO - [2026-09-22T17:10:04.027+0000] {dagbag.py:545} INFO - Filling up the DagBag from /home/airflow/.local/lib/python3.12/site-packages/airflow/example_dags/example_params_ui_tutorial.py
[2026-09-22T17:10:04.034+0000] {processor.py:840} INFO - DAG(s) 'example_params_ui_tutorial' retrieved from /home/airflow/.local/lib/python3.12/site-packages/airflow/example_dags/example_params_ui_tutorial.py
[2026-09-22T17:10:04.076+0000] {logging_mixin.py:188} INFO - [2026-09-22T17:10:04.076+0000] {dag.py:3089} INFO - Sync 1 DAGs
[2026-09-22T17:10:04.088+0000] {logging_mixin.py:188} INFO - [2026-09-22T17:10:04.087+0000] {dag.py:3947} INFO - Setting next_dagrun for example_params_ui_tutorial to None, run_after=None
[2026-09-22T17:10:04.107+0000] {processor.py:183} INFO - Processing /home/airflow/.local/lib/python3.12/site-packages/airflow/example_dags/example_params_ui_tutorial.py took 0.088 seconds
[2026-09-22T17:10:34.854+0000] {processor.py:161} INFO - Started process (PID=900) to work on /home/airflow/.local/lib/python3.12/site-packages/airflow/example_dags/example_params_ui_tutorial.py
[2026-09-22T17:10:34.855+0000] {processor.py:830} INFO - Processing file /home/airflow/.local/lib/python3.12/site-packages/airflow/example_dags/example_params_ui_tutorial.py for tasks to queue
[2026-09-22T17:10:34.857+0000] {logging_mixin.py:188} INFO - [2026-09-22T17:10:34.857+0000] {dagbag.py:545} INFO - Filling up the DagBag from /home/airflow/.local/lib/python3.12/site-packages/airflow/example_dags/example_params_ui_tutorial.py
[2026-09-22T17:10:34.865+0000] {processor.py:840} INFO - DAG(s) 'example_params_ui_tutorial' retrieved from /home/airflow/.local/lib/python3.12/site-packages/airflow/example_dags/example_params_ui_tutorial.py
[2026-09-22T17:10:34.909+0000] {logging_mixin.py:188} INFO - [2026-09-22T17:10:34.908+0000] {dag.py:3089} INFO - Sync 1 DAGs
[2026-09-22T17:10:34.919+0000] {logging_mixin.py:188} INFO - [2026-09-22T17:10:34.919+0000] {dag.py:3947} INFO - Setting next_dagrun for example_params_ui_tutorial to None, run_after=None
[2026-09-22T17:10:34.938+0000] {processor.py:183} INFO - Processing /home/airflow/.local/lib/python3.12/site-packages/airflow/example_dags/example_params_ui_tutorial.py took 0.092 seconds
[2026-09-22T17:11:05.269+0000] {processor.py:161} INFO - Started process (PID=958) to work on /home/airflow/.local/lib/python3.12/site-packages/airflow/example_dags/example_params_ui_tutorial.py
[2026-09-22T17:11:05.270+0000] {processor.py:830} INFO - Processing file /home/airflow/.local/lib/python3.12/site-packages/airflow/example_dags/example_params_ui_tutorial.py for tasks to queue
[2026-09-22T17:11:05.272+0000] {logging_mixin.py:188} INFO - [2026-09-22T17:11:05.272+0000] {dagbag.py:545} INFO - Filling up the DagBag from /home/airflow/.local/lib/python3.12/site-packages/airflow/example_dags/example_params_ui_tutorial.py
[2026-09-22T17:11:05.278+0000] {processor.py:840} INFO - DAG(s) 'example_params_ui_tutorial' retrieved from /home/airflow/.local/lib/python3.12/site-packages/airflow/example_dags/example_params_ui_tutorial.py
[2026-09-22T17:11:05.319+0000] {logging_mixin.py:188} INFO - [2026-09-22T17:11:05.319+0000] {dag.py:3089} INFO - Sync 1 DAGs
[2026-09-22T17:11:05.329+0000] {logging_mixin.py:188} INFO - [2026-09-22T17:11:05.328+0000] {dag.py:3947} INFO - Setting next_dagrun for example_params_ui_tutorial to None, run_after=None
[2026-09-22T17:11:05.346+0000] {processor.py:183} INFO - Processing /home/airflow/.local/lib/python3.12/site-packages/airflow/example_dags/example_params_ui_tutorial.py took 0.083 seconds
[2026-09-22T17:11:35.514+0000] {processor.py:161} INFO - Started process (PID=1016) to work on /home/airflow/.local/lib/python3.12/site-packages/airflow/example_dags/example_params_ui_tutorial.py
[2026-09-22T17:11:35.515+0000] {processor.py:830} INFO - Processing file /home/airflow/.local/lib/python3.12/site-packages/airflow/example_dags/example_params_ui_tutorial.py for tasks to queue
[2026-09-22T17:11:35.517+0000] {logging_mixin.py:188} INFO - [2026-09-22T17:11:35.517+0000] {dagbag.py:545} INFO - Filling up the DagBag from /home/airflow/.local/lib/python3.12/site-packages/airflow/example_dags/example_params_ui_tutorial.py
[2026-09-22T17:11:35.523+0000] {processor.py:840} INFO - DAG(s) 'example_params_ui_tutorial' retrieved from /home/airflow/.local/lib/python3.12/site-packages/airflow/example_dags/example_params_ui_tutorial.py
[2026-09-22T17:11:35.567+0000] {logging_mixin.py:188} INFO - [2026-09-22T17:11:35.566+0000] {dag.py:3089} INFO - Sync 1 DAGs
[2026-09-22T17:11:35.577+0000] {logging_mixin.py:188} INFO - [2026-09-22T17:11:35.577+0000] {dag.py:3947} INFO - Setting next_dagrun for example_params_ui_tutorial to None, run_after=None
[2026-09-22T17:11:35.598+0000] {processor.py:183} INFO - Processing /home/airflow/.local/lib/python3.12/site-packages/airflow/example_dags/example_params_ui_tutorial.py took 0.088 seconds
[2026-09-22T17:12:05.814+0000] {processor.py:161} INFO - Started process (PID=1074) to work on /home/airflow/.local/lib/python3.12/site-packages/airflow/example_dags/example_params_ui_tutorial.py
[2026-09-22T17:12:05.815+0000] {processor.py:830} INFO - Processing file /home/airflow/.local/lib/python3.12/site-packages/airflow/example_dags/example_params_ui_tutorial.py for tasks to queue
[2026-09-22T17:12:05.817+0000] {logging_mixin.py:188} INFO - [2026-09-22T17:12:05.817+0000] {dagbag.py:545} INFO - Filling up the DagBag from /home/airflow/.local/lib/python3.12/site-packages/airflow/example_dags/example_params_ui_tutorial.py
[2026-09-22T17:12:05.823+0000] {processor.py:840} INFO - DAG(s) 'example_params_ui_tutorial' retrieved from /home/airflow/.local/lib/python3.12/site-packages/airflow/example_dags/example_params_ui_tutorial.py
[2026-09-22T17:12:05.862+0000] {logging_mixin.py:188} INFO - [2026-09-22T17:12:05.862+0000] {dag.py:3089} INFO - Sync 1 DAGs
[2026-09-22T17:12:05.873+0000] {logging_mixin.py:188} INFO - [2026-09-22T17:12:05.873+0000] {dag.py:3947} INFO - Setting next_dagrun for example_params_ui_tutorial to None, run_after=None
[2026-09-22T17:12:05.890+0000] {processor.py:183} INFO - Processing /home/airflow/.local/lib/python3.12/site-packages/airflow/example_dags/example_params_ui_tutorial.py took 0.082 seconds
[2026-09-22T17:12:35.942+0000] {processor.py:161} INFO - Started process (PID=1132) to work on /home/airflow/.local/lib/python3.12/site-packages/airflow/example_dags/example_params_ui_tutorial.py
[2026-09-22T17:12:35.943+0000] {processor.py:830} INFO - Processing file /home/airflow/.local/lib/python3.12/site-packages/airflow/example_dags/example_params_ui_tutorial.py for tasks to queue
[2026-09-22T17:12:35.945+0000] {logging_mixin.py:188} INFO - [2026-09-22T17:12:35.944+0000] {dagbag.py:545} INFO - Filling up the DagBag from /home/airflow/.local/lib/python3.12/site-packages/airflow/example_dags/example_params_ui_tutorial.py
[2026-09-22T17:12:35.952+0000] {processor.py:840} INFO - DAG(s) 'example_params_ui_tutorial' retrieved from /home/airflow/.local/lib/python3.12/site-packages/airflow/example_dags/example_params_ui_tutorial.py
[2026-09-22T17:12:35.992+0000] {logging_mixin.py:188} INFO - [2026-09-22T17:12:35.991+0000] {dag.py:3089} INFO - Sync 1 DAGs
[2026-09-22T17:12:36.003+0000] {logging_mixin.py:188} INFO - [2026-09-22T17:12:36.002+0000] {dag.py:3947} INFO - Setting next_dagrun for example_params_ui_tutorial to None, run_after=None
[2026-09-22T17:12:36.022+0000] {processor.py:183} INFO - Processing /home/airflow/.local/lib/python3.12/site-packages/airflow/example_dags/example_params_ui_tutorial.py took 0.086 seconds
[2026-09-22T17:13:06.327+0000] {processor.py:161} INFO - Started process (PID=1190) to work on /home/airflow/.local/lib/python3.12/site-packages/airflow/example_dags/example_params_ui_tutorial.py
[2026-09-22T17:13:06.328+0000] {processor.py:830} INFO - Processing file /home/airflow/.local/lib/python3.12/site-packages/airflow/example_dags/example_params_ui_tutorial.py for tasks to queue
[2026-09-22T17:13:06.329+0000] {logging_mixin.py:188} INFO - [2026-09-22T17:13:06.329+0000] {dagbag.py:545} INFO - Filling up the DagBag from /home/airflow/.local/lib/python3.12/site-packages/airflow/example_dags/example_params_ui_tutorial.py
[2026-09-22T17:13:06.336+0000] {processor.py:840} INFO - DAG(s) 'example_params_ui_tutorial' retrieved from /home/airflow/.local/lib/python3.12/site-packages/airflow/example_dags/example_params_ui_tutorial.py
[2026-09-22T17:13:06.372+0000] {logging_mixin.py:188} INFO - [2026-09-22T17:13:06.372+0000] {dag.py:3089} INFO - Sync 1 DAGs
[2026-09-22T17:13:06.383+0000] {logging_mixin.py:188} INFO - [2026-09-22T17:13:06.383+0000] {dag.py:3947} INFO - Setting next_dagrun for example_params_ui_tutorial to None, run_after=None
[2026-09-22T17:13:06.404+0000] {processor.py:183} INFO - Processing /home/airflow/.local/lib/python3.12/site-packages/airflow/example_dags/example_params_ui_tutorial.py took 0.082 seconds
[2026-09-22T17:13:36.515+0000] {processor.py:161} INFO - Started process (PID=1248) to work on /home/airflow/.local/lib/python3.12/site-packages/airflow/example_dags/example_params_ui_tutorial.py
[2026-09-22T17:13:36.516+0000] {processor.py:830} INFO - Processing file /home/airflow/.local/lib/python3.12/site-packages/airflow/example_dags/example_params_ui_tutorial.py for tasks to queue
[2026-09-22T17:13:36.521+0000] {logging_mixin.py:188} INFO - [2026-09-22T17:13:36.520+0000] {dagbag.py:545} INFO - Filling up the DagBag from /home/airflow/.local/lib/python3.12/site-packages/airflow/example_dags/example_params_ui_tutorial.py
[2026-09-22T17:13:36.529+0000] {processor.py:840} INFO - DAG(s) 'example_params_ui_tutorial' retrieved from /home/airflow/.local/lib/python3.12/site-packages/airflow/example_dags/example_params_ui_tutorial.py
[2026-09-22T17:13:36.571+0000] {logging_mixin.py:188} INFO - [2026-09-22T17:13:36.571+0000] {dag.py:3089} INFO - Sync 1 DAGs
[2026-09-22T17:13:36.581+0000] {logging_mixin.py:188} INFO - [2026-09-22T17:13:36.581+0000] {dag.py:3947} INFO - Setting next_dagrun for example_params_ui_tutorial to None, run_after=None
[2026-09-22T17:13:36.601+0000] {processor.py:183} INFO - Processing /home/airflow/.local/lib/python3.12/site-packages/airflow/example_dags/example_params_ui_tutorial.py took 0.096 seconds
