[2026-09-22T16:19:33.318+0000] {processor.py:161} INFO - Started process (PID=97) to work on /home/airflow/.local/lib/python3.12/site-packages/airflow/example_dags/example_trigger_controller_dag.py
[2026-09-22T16:19:33.321+0000] {processor.py:830} INFO - Processing file /home/airflow/.local/lib/python3.12/site-packages/airflow/example_dags/example_trigger_controller_dag.py for tasks to queue
[2026-09-22T16:19:33.323+0000] {logging_mixin.py:188} INFO - [2026-09-22T16:19:33.323+0000] {dagbag.py:545} INFO - Filling up the DagBag from /home/airflow/.local/lib/python3.12/site-packages/airflow/example_dags/example_trigger_controller_dag.py
[2026-09-22T16:19:33.331+0000] {processor.py:840} INFO - DAG(s) 'example_trigger_controller_dag' retrieved from /home/airflow/.local/lib/python3.12/site-packages/airflow/example_dags/example_trigger_controller_dag.py
[2026-09-22T16:19:33.482+0000] {logging_mixin.py:188} INFO - [2026-09-22T16:19:33.481+0000] {dag.py:3089} INFO - Sync 1 DAGs
[2026-09-22T16:19:33.510+0000] {logging_mixin.py:188} INFO - [2026-09-22T16:19:33.510+0000] {dag.py:3947} INFO - Setting next_dagrun for example_trigger_controller_dag to 2021-01-01 00:00:00+00:00, run_after=2021-01-01 00:00:00+00:00
[2026-09-22T16:19:33.543+0000] {processor.py:183} INFO - Processing /home/airflow/.local/lib/python3.12/site-packages/airflow/example_dags/example_trigger_controller_dag.py took 0.234 seconds
[2026-09-22T16:20:03.849+0000] {processor.py:161} INFO - Started process (PID=155) to work on /home/airflow/.local/lib/python3.12/site-packages/airflow/example_dags/example_trigger_controller_dag.py
[2026-09-22T16:20:03.851+0000] {processor.py:830} INFO - Processing file /home/airflow/.local/lib/python3.12/site-packages/airflow/example_dags/example_trigger_controller_dag.py for tasks to queue
[2026-09-22T16:20:03.855+0000] {logging_mixin.py:188} INFO - [2026-09-22T16:20:03.854+0000] {dagbag.py:545} INFO - Filling up the DagBag from /home/airflow/.local/lib/python3.12/site-packages/airflow/example_dags/example_trigger_controller_dag.py
[2026-09-22T16:20:03.863+0000] {processor.py:840} INFO - DAG(s) 'example_trigger_controller_dag' retrieved from /home/airflow/.local/lib/python3.12/site-packages/airflow/example_dags/example_trigger_controller_dag.py
[2026-09-22T16:20:03.895+0000] {logging_mixin.py:188} INFO - [2026-09-22T16:20:03.895+0000] {dag.py:3089} INFO - Sync 1 DAGs
[2026-09-22T16:20:03.930+0000] {logging_mixin.py:188} INFO - [2026-09-22T16:20:03.929+0000] {dag.py:3947} INFO - Setting next_dagrun for example_trigger_controller_dag to 2021-01-01 00:00:00+00:00, run_after=2021-01-01 00:00:00+00:00
[2026-09-22T16:20:03.962+0000] {processor.py:183} INFO - Processing /home/airflow/.local/lib/python3.12/site-packages/airflow/example_dags/example_trigger_controller_dag.py took 0.122 seconds
[2026-09-22T16:20:34.469+0000] {processor.py:161} INFO - Started process (PID=212) to work on /home/airflow/.local/lib/python3.12/site-packages/airflow/example_dags/example_trigger_controller_dag.py
[2026-09-22T16:20:34.471+0000] {processor.py:830} INFO - Processing file /home/airflow/.local/lib/python3.12/site-packages/airflow/example_dags/example_trigger_controller_dag.py for tasks to queue
[2026-09-22T16:20:34.475+0000] {logging_mixin.py:188} INFO - [2026-09-22T16:20:34.475+0000] {dagbag.py:545} INFO - Filling up the DagBag from /home/airflow/.local/lib/python3.12/site-packages/airflow/example_dags/example_trigger_controller_dag.py
[2026-09-22T16:20:34.480+0000] {processor.py:840} INFO - DAG(s) 'example_trigger_controller_dag' retrieved from /home/airflow/.local/lib/python3.12/site-packages/airflow/example_dags/example_trigger_controller_dag.py
[2026-09-22T16:20:34.510+0000] {logging_mixin.py:188} INFO - [2026-09-22T16:20:34.510+0000] {dag.py:3089} INFO - Sync 1 DAGs
[2026-09-22T16:20:34.556+0000] {logging_mixin.py:188} INFO - [2026-09-22T16:20:34.555+0000] {dag.py:3947} INFO - Setting next_dagrun for example_trigger_controller_dag to 2021-01-01 00:00:00+00:00, run_after=2021-01-01 00:00:00+00:00
[2026-09-22T16:20:34.651+0000] {processor.py:183} INFO - Processing /home/airflow/.local/lib/python3.12/site-packages/airflow/example_dags/example_trigger_controller_dag.py took 0.190 seconds
[2026-09-22T16:21:04.825+0000] {processor.py:161} INFO - Started process (PID=271) to work on /home/airflow/.local/lib/python3.12/site-packages/airflow/example_dags/example_trigger_controller_dag.py
[2026-09-22T16:21:04.827+0000] {processor.py:830} INFO - Processing file /home/airflow/.local/lib/python3.12/site-packages/airflow/example_dags/example_trigger_controller_dag.py for tasks to queue
[2026-09-22T16:21:04.830+0000] {logging_mixin.py:188} INFO - [2026-09-22T16:21:04.830+0000] {dagbag.py:545} INFO - Filling up the DagBag from /home/airflow/.local/lib/python3.12/site-packages/airflow/example_dags/example_trigger_controller_dag.py
[2026-09-22T16:21:04.840+0000] {processor.py:840} INFO - DAG(s) 'example_trigger_controller_dag' retrieved from /home/airflow/.local/lib/python3.12/site-packages/airflow/example_dags/example_trigger_controller_dag.py
[2026-09-22T16:21:04.880+0000] {logging_mixin.py:188} INFO - [2026-09-22T16:21:04.880+0000] {dag.py:3089} INFO - Sync 1 DAGs
[2026-09-22T16:21:04.922+0000] {logging_mixin.py:188} INFO - [2026-09-22T16:21:04.921+0000] {dag.py:3947} INFO - Setting next_dagrun for example_trigger_controller_dag to 2021-01-01 00:00:00+00:00, run_after=2021-01-01 00:00:00+00:00
[2026-09-22T16:21:04.949+0000] {processor.py:183} INFO - Processing /home/airflow/.local/lib/python3.12/site-packages/airflow/example_dags/example_trigger_controller_dag.py took 0.134 seconds
[2026-09-22T16:21:35.172+0000] {processor.py:161} INFO - Started process (PID=329) to work on /home/airflow/.local/lib/python3.12/site-packages/airflow/example_dags/example_trigger_controller_dag.py
[2026-09-22T16:21:35.174+0000] {processor.py:830} INFO - Processing file /home/airflow/.local/lib/python3.12/site-packages/airflow/example_dags/example_trigger_controller_dag.py for tasks to queue
[2026-09-22T16:21:35.176+0000] {logging_mixin.py:188} INFO - [2026-09-22T16:21:35.176+0000] {dagbag.py:545} INFO - Filling up the DagBag from /home/airflow/.local/lib/python3.12/site-packages/airflow/example_dags/example_trigger_controller_dag.py
[2026-09-22T16:21:35.182+0000] {processor.py:840} INFO - DAG(s) 'example_trigger_controller_dag' retrieved from /home/airflow/.local/lib/python3.12/site-packages/airflow/example_dags/example_trigger_controller_dag.py
[2026-09-22T16:21:35.208+0000] {logging_mixin.py:188} INFO - [2026-09-22T16:21:35.207+0000] {dag.py:3089} INFO - Sync 1 DAGs
[2026-09-22T16:21:35.231+0000] {logging_mixin.py:188} INFO - [2026-09-22T16:21:35.230+0000] {dag.py:3947} INFO - Setting next_dagrun for example_trigger_controller_dag to 2021-01-01 00:00:00+00:00, run_after=2021-01-01 00:00:00+00:00
[2026-09-22T16:21:35.255+0000] {processor.py:183} INFO - Processing /home/airflow/.local/lib/python3.12/site-packages/airflow/example_dags/example_trigger_controller_dag.py took 0.090 seconds
[2026-09-22T16:22:05.455+0000] {processor.py:161} INFO - Started process (PID=386) to work on /home/airflow/.local/lib/python3.12/site-packages/airflow/example_dags/example_trigger_controller_dag.py
[2026-09-22T16:22:05.457+0000] {processor.py:830} INFO - Processing file /home/airflow/.local/lib/python3.12/site-packages/airflow/example_dags/example_trigger_controller_dag.py for tasks to queue
[2026-09-22T16:22:05.459+0000] {logging_mixin.py:188} INFO - [2026-09-22T16:22:05.459+0000] {dagbag.py:545} INFO - Filling up the DagBag from /home/airflow/.local/lib/python3.12/site-packages/airflow/example_dags/example_trigger_controller_dag.py
[2026-09-22T16:22:05.468+0000] {processor.py:840} INFO - DAG(s) 'example_trigger_controller_dag' retrieved from /home/airflow/.local/lib/python3.12/site-packages/airflow/example_dags/example_trigger_controller_dag.py
[2026-09-22T16:22:05.500+0000] {logging_mixin.py:188} INFO - [2026-09-22T16:22:05.499+0000] {dag.py:3089} INFO - Sync 1 DAGs
[2026-09-22T16:22:05.535+0000] {logging_mixin.py:188} INFO - [2026-09-22T16:22:05.534+0000] {dag.py:3947} INFO - Setting next_dagrun for example_trigger_controller_dag to 2021-01-01 00:00:00+00:00, run_after=2021-01-01 00:00:00+00:00
[2026-09-22T16:22:05.615+0000] {processor.py:183} INFO - Processing /home/airflow/.local/lib/python3.12/site-packages/airflow/example_dags/example_trigger_controller_dag.py took 0.168 seconds
[2026-09-22T16:22:35.650+0000] {processor.py:161} INFO - Started process (PID=443) to work on /home/airflow/.local/lib/python3.12/site-packages/airflow/example_dags/example_trigger_controller_dag.py
[2026-09-22T16:22:35.651+0000] {processor.py:830} INFO - Processing file /home/airflow/.local/lib/python3.12/site-packages/airflow/example_dags/example_trigger_controller_dag.py for tasks to queue
[2026-09-22T16:22:35.654+0000] {logging_mixin.py:188} INFO - [2026-09-22T16:22:35.654+0000] {dagbag.py:545} INFO - Filling up the DagBag from /home/airflow/.local/lib/python3.12/site-packages/airflow/example_dags/example_trigger_controller_dag.py
[2026-09-22T16:22:35.661+0000] {processor.py:840} INFO - DAG(s) 'example_trigger_controller_dag' retrieved from /home/airflow/.local/lib/python3.12/site-packages/airflow/example_dags/example_trigger_controller_dag.py
[2026-09-22T16:22:35.688+0000] {logging_mixin.py:188} INFO - [2026-09-22T16:22:35.687+0000] {dag.py:3089} INFO - Sync 1 DAGs
[2026-09-22T16:22:35.721+0000] {logging_mixin.py:188} INFO - [2026-09-22T16:22:35.721+0000] {dag.py:3947} INFO - Setting next_dagrun for example_trigger_controller_dag to 2021-01-01 00:00:00+00:00, run_after=2021-01-01 00:00:00+00:00
[2026-09-22T16:22:35.758+0000] {processor.py:183} INFO - Processing /home/airflow/.local/lib/python3.12/site-packages/airflow/example_dags/example_trigger_controller_dag.py took 0.116 seconds
[2026-09-22T16:23:06.744+0000] {processor.py:161} INFO - Started process (PID=502) to work on /home/airflow/.local/lib/python3.12/site-packages/airflow/example_dags/example_trigger_controller_dag.py
[2026-09-22T16:23:06.746+0000] {processor.py:830} INFO - Processing file /home/airflow/.local/lib/python3.12/site-packages/airflow/example_dags/example_trigger_controller_dag.py for tasks to queue
[2026-09-22T16:23:06.749+0000] {logging_mixin.py:188} INFO - [2026-09-22T16:23:06.748+0000] {dagbag.py:545} INFO - Filling up the DagBag from /home/airflow/.local/lib/python3.12/site-packages/airflow/example_dags/example_trigger_controller_dag.py
[2026-09-22T16:23:06.756+0000] {processor.py:840} INFO - DAG(s) 'example_trigger_controller_dag' retrieved from /home/airflow/.local/lib/python3.12/site-packages/airflow/example_dags/example_trigger_controller_dag.py
[2026-09-22T16:23:06.784+0000] {logging_mixin.py:188} INFO - [2026-09-22T16:23:06.783+0000] {dag.py:3089} INFO - Sync 1 DAGs
[2026-09-22T16:23:06.824+0000] {logging_mixin.py:188} INFO - [2026-09-22T16:23:06.824+0000] {dag.py:3947} INFO - Setting next_dagrun for example_trigger_controller_dag to 2021-01-01 00:00:00+00:00, run_after=2021-01-01 00:00:00+00:00
[2026-09-22T16:23:06.859+0000] {processor.py:183} INFO - Processing /home/airflow/.local/lib/python3.12/site-packages/airflow/example_dags/example_trigger_controller_dag.py took 0.125 seconds
[2026-09-22T16:23:36.972+0000] {processor.py:161} INFO - Started process (PID=560) to work on /home/airflow/.local/lib/python3.12/site-packages/airflow/example_dags/example_trigger_controller_dag.py
[2026-09-22T16:23:36.974+0000] {processor.py:830} INFO - Processing file /home/airflow/.local/lib/python3.12/site-packages/airflow/example_dags/example_trigger_controller_dag.py for tasks to queue
[2026-09-22T16:23:36.977+0000] {logging_mixin.py:188} INFO - [2026-09-22T16:23:36.977+0000] {dagbag.py:545} INFO - Filling up the DagBag from /home/airflow/.local/lib/python3.12/site-packages/airflow/example_dags/example_trigger_controller_dag.py
[2026-09-22T16:23:36.985+0000] {processor.py:840} INFO - DAG(s) 'example_trigger_controller_dag' retrieved from /home/airflow/.local/lib/python3.12/site-packages/airflow/example_dags/example_trigger_controller_dag.py
[2026-09-22T16:23:37.011+0000] {logging_mixin.py:188} INFO - [2026-09-22T16:23:37.011+0000] {dag.py:3089} INFO - Sync 1 DAGs
[2026-09-22T16:23:37.040+0000] {logging_mixin.py:188} INFO - [2026-09-22T16:23:37.039+0000] {dag.py:3947} INFO - Setting next_dagrun for example_trigger_controller_dag to 2021-01-01 00:00:00+00:00, run_after=2021-01-01 00:00:00+00:00
[2026-09-22T16:23:37.067+0000] {processor.py:183} INFO - Processing /home/airflow/.local/lib/python3.12/site-packages/airflow/example_dags/example_trigger_controller_dag.py took 0.104 seconds
[2026-09-22T16:24:07.963+0000] {processor.py:161} INFO - Started process (PID=618) to work on /home/airflow/.local/lib/python3.12/site-packages/airflow/example_dags/example_trigger_controller_dag.py
[2026-09-22T16:24:07.965+0000] {processor.py:830} INFO - Processing file /home/airflow/.local/lib/python3.12/site-packages/airflow/example_dags/example_trigger_controller_dag.py for tasks to queue
[2026-09-22T16:24:07.967+0000] {logging_mixin.py:188} INFO - [2026-09-22T16:24:07.967+0000] {dagbag.py:545} INFO - Filling up the DagBag from /home/airflow/.local/lib/python3.12/site-packages/airflow/example_dags/example_trigger_controller_dag.py
[2026-09-22T16:24:07.975+0000] {processor.py:840} INFO - DAG(s) 'example_trigger_controller_dag' retrieved from /home/airflow/.local/lib/python3.12/site-packages/airflow/example_dags/example_trigger_controller_dag.py
[2026-09-22T16:24:08.000+0000] {logging_mixin.py:188} INFO - [2026-09-22T16:24:08.000+0000] {dag.py:3089} INFO - Sync 1 DAGs
[2026-09-22T16:24:08.043+0000] {logging_mixin.py:188} INFO - [2026-09-22T16:24:08.042+0000] {dag.py:3947} INFO - Setting next_dagrun for example_trigger_controller_dag to 2021-01-01 00:00:00+00:00, run_after=2021-01-01 00:00:00+00:00
[2026-09-22T16:24:08.080+0000] {processor.py:183} INFO - Processing /home/airflow/.local/lib/python3.12/site-packages/airflow/example_dags/example_trigger_controller_dag.py took 0.125 seconds
[2026-09-22T16:24:38.551+0000] {processor.py:161} INFO - Started process (PID=676) to work on /home/airflow/.local/lib/python3.12/site-packages/airflow/example_dags/example_trigger_controller_dag.py
[2026-09-22T16:24:38.553+0000] {processor.py:830} INFO - Processing file /home/airflow/.local/lib/python3.12/site-packages/airflow/example_dags/example_trigger_controller_dag.py for tasks to queue
[2026-09-22T16:24:38.556+0000] {logging_mixin.py:188} INFO - [2026-09-22T16:24:38.556+0000] {dagbag.py:545} INFO - Filling up the DagBag from /home/airflow/.local/lib/python3.12/site-packages/airflow/example_dags/example_trigger_controller_dag.py
[2026-09-22T16:24:38.562+0000] {processor.py:840} INFO - DAG(s) 'example_trigger_controller_dag' retrieved from /home/airflow/.local/lib/python3.12/site-packages/airflow/example_dags/example_trigger_controller_dag.py
[2026-09-22T16:24:38.591+0000] {logging_mixin.py:188} INFO - [2026-09-22T16:24:38.591+0000] {dag.py:3089} INFO - Sync 1 DAGs
[2026-09-22T16:24:38.622+0000] {logging_mixin.py:188} INFO - [2026-09-22T16:24:38.622+0000] {dag.py:3947} INFO - Setting next_dagrun for example_trigger_controller_dag to 2021-01-01 00:00:00+00:00, run_after=2021-01-01 00:00:00+00:00
[2026-09-22T16:24:38.654+0000] {processor.py:183} INFO - Processing /home/airflow/.local/lib/python3.12/site-packages/airflow/example_dags/example_trigger_controller_dag.py took 0.111 seconds
[2026-09-22T16:25:08.922+0000] {processor.py:161} INFO - Started process (PID=734) to work on /home/airflow/.local/lib/python3.12/site-packages/airflow/example_dags/example_trigger_controller_dag.py
[2026-09-22T16:25:08.924+0000] {processor.py:830} INFO - Processing file /home/airflow/.local/lib/python3.12/site-packages/airflow/example_dags/example_trigger_controller_dag.py for tasks to queue
[2026-09-22T16:25:08.926+0000] {logging_mixin.py:188} INFO - [2026-09-22T16:25:08.926+0000] {dagbag.py:545} INFO - Filling up the DagBag from /home/airflow/.local/lib/python3.12/site-packages/airflow/example_dags/example_trigger_controller_dag.py
[2026-09-22T16:25:08.932+0000] {processor.py:840} INFO - DAG(s) 'example_trigger_controller_dag' retrieved from /home/airflow/.local/lib/python3.12/site-packages/airflow/example_dags/example_trigger_controller_dag.py
[2026-09-22T16:25:08.957+0000] {logging_mixin.py:188} INFO - [2026-09-22T16:25:08.957+0000] {dag.py:3089} INFO - Sync 1 DAGs
[2026-09-22T16:25:08.987+0000] {logging_mixin.py:188} INFO - [2026-09-22T16:25:08.987+0000] {dag.py:3947} INFO - Setting next_dagrun for example_trigger_controller_dag to 2021-01-01 00:00:00+00:00, run_after=2021-01-01 00:00:00+00:00
[2026-09-22T16:25:09.011+0000] {processor.py:183} INFO - Processing /home/airflow/.local/lib/python3.12/site-packages/airflow/example_dags/example_trigger_controller_dag.py took 0.099 seconds
[2026-09-22T16:25:39.438+0000] {processor.py:161} INFO - Started process (PID=792) to work on /home/airflow/.local/lib/python3.12/site-packages/airflow/example_dags/example_trigger_controller_dag.py
[2026-09-22T16:25:39.440+0000] {processor.py:830} INFO - Processing file /home/airflow/.local/lib/python3.12/site-packages/airflow/example_dags/example_trigger_controller_dag.py for tasks to queue
[2026-09-22T16:25:39.443+0000] {logging_mixin.py:188} INFO - [2026-09-22T16:25:39.443+0000] {dagbag.py:545} INFO - Filling up the DagBag from /home/airflow/.local/lib/python3.12/site-packages/airflow/example_dags/example_trigger_controller_dag.py
[2026-09-22T16:25:39.457+0000] {processor.py:840} INFO - DAG(s) 'example_trigger_controller_dag' retrieved from /home/airflow/.local/lib/python3.12/site-packages/airflow/example_dags/example_trigger_controller_dag.py
[2026-09-22T16:25:39.493+0000] {logging_mixin.py:188} INFO - [2026-09-22T16:25:39.493+0000] {dag.py:3089} INFO - Sync 1 DAGs
[2026-09-22T16:25:39.551+0000] {logging_mixin.py:188} INFO - [2026-09-22T16:25:39.550+0000] {dag.py:3947} INFO - Setting next_dagrun for example_trigger_controller_dag to 2021-01-01 00:00:00+00:00, run_after=2021-01-01 00:00:00+00:00
[2026-09-22T16:25:39.605+0000] {processor.py:183} INFO - Processing /home/airflow/.local/lib/python3.12/site-packages/airflow/example_dags/example_trigger_controller_dag.py took 0.179 seconds
[2026-09-22T16:26:10.260+0000] {processor.py:161} INFO - Started process (PID=850) to work on /home/airflow/.local/lib/python3.12/site-packages/airflow/example_dags/example_trigger_controller_dag.py
[2026-09-22T16:26:10.262+0000] {processor.py:830} INFO - Processing file /home/airflow/.local/lib/python3.12/site-packages/airflow/example_dags/example_trigger_controller_dag.py for tasks to queue
[2026-09-22T16:26:10.267+0000] {logging_mixin.py:188} INFO - [2026-09-22T16:26:10.267+0000] {dagbag.py:545} INFO - Filling up the DagBag from /home/airflow/.local/lib/python3.12/site-packages/airflow/example_dags/example_trigger_controller_dag.py
[2026-09-22T16:26:10.280+0000] {processor.py:840} INFO - DAG(s) 'example_trigger_controller_dag' retrieved from /home/airflow/.local/lib/python3.12/site-packages/airflow/example_dags/example_trigger_controller_dag.py
[2026-09-22T16:26:10.326+0000] {logging_mixin.py:188} INFO - [2026-09-22T16:26:10.325+0000] {dag.py:3089} INFO - Sync 1 DAGs
[2026-09-22T16:26:10.367+0000] {logging_mixin.py:188} INFO - [2026-09-22T16:26:10.367+0000] {dag.py:3947} INFO - Setting next_dagrun for example_trigger_controller_dag to 2021-01-01 00:00:00+00:00, run_after=2021-01-01 00:00:00+00:00
[2026-09-22T16:26:10.405+0000] {processor.py:183} INFO - Processing /home/airflow/.local/lib/python3.12/site-packages/airflow/example_dags/example_trigger_controller_dag.py took 0.158 seconds
[2026-09-22T16:26:40.496+0000] {processor.py:161} INFO - Started process (PID=908) to work on /home/airflow/.local/lib/python3.12/site-packages/airflow/example_dags/example_trigger_controller_dag.py
[2026-09-22T16:26:40.498+0000] {processor.py:830} INFO - Processing file /home/airflow/.local/lib/python3.12/site-packages/airflow/example_dags/example_trigger_controller_dag.py for tasks to queue
[2026-09-22T16:26:40.502+0000] {logging_mixin.py:188} INFO - [2026-09-22T16:26:40.501+0000] {dagbag.py:545} INFO - Filling up the DagBag from /home/airflow/.local/lib/python3.12/site-packages/airflow/example_dags/example_trigger_controller_dag.py
[2026-09-22T16:26:40.511+0000] {processor.py:840} INFO - DAG(s) 'example_trigger_controller_dag' retrieved from /home/airflow/.local/lib/python3.12/site-packages/airflow/example_dags/example_trigger_controller_dag.py
[2026-09-22T16:26:40.546+0000] {logging_mixin.py:188} INFO - [2026-09-22T16:26:40.546+0000] {dag.py:3089} INFO - Sync 1 DAGs
[2026-09-22T16:26:40.576+0000] {logging_mixin.py:188} INFO - [2026-09-22T16:26:40.576+0000] {dag.py:3947} INFO - Setting next_dagrun for example_trigger_controller_dag to 2021-01-01 00:00:00+00:00, run_after=2021-01-01 00:00:00+00:00
[2026-09-22T16:26:40.621+0000] {processor.py:183} INFO - Processing /home/airflow/.local/lib/python3.12/site-packages/airflow/example_dags/example_trigger_controller_dag.py took 0.137 seconds
[2026-09-22T16:27:11.053+0000] {processor.py:161} INFO - Started process (PID=966) to work on /home/airflow/.local/lib/python3.12/site-packages/airflow/example_dags/example_trigger_controller_dag.py
[2026-09-22T16:27:11.055+0000] {processor.py:830} INFO - Processing file /home/airflow/.local/lib/python3.12/site-packages/airflow/example_dags/example_trigger_controller_dag.py for tasks to queue
[2026-09-22T16:27:11.060+0000] {logging_mixin.py:188} INFO - [2026-09-22T16:27:11.059+0000] {dagbag.py:545} INFO - Filling up the DagBag from /home/airflow/.local/lib/python3.12/site-packages/airflow/example_dags/example_trigger_controller_dag.py
[2026-09-22T16:27:11.069+0000] {processor.py:840} INFO - DAG(s) 'example_trigger_controller_dag' retrieved from /home/airflow/.local/lib/python3.12/site-packages/airflow/example_dags/example_trigger_controller_dag.py
[2026-09-22T16:27:11.101+0000] {logging_mixin.py:188} INFO - [2026-09-22T16:27:11.101+0000] {dag.py:3089} INFO - Sync 1 DAGs
[2026-09-22T16:27:11.139+0000] {logging_mixin.py:188} INFO - [2026-09-22T16:27:11.139+0000] {dag.py:3947} INFO - Setting next_dagrun for example_trigger_controller_dag to 2021-01-01 00:00:00+00:00, run_after=2021-01-01 00:00:00+00:00
[2026-09-22T16:27:11.222+0000] {processor.py:183} INFO - Processing /home/airflow/.local/lib/python3.12/site-packages/airflow/example_dags/example_trigger_controller_dag.py took 0.182 seconds
[2026-09-22T16:27:42.268+0000] {processor.py:161} INFO - Started process (PID=1024) to work on /home/airflow/.local/lib/python3.12/site-packages/airflow/example_dags/example_trigger_controller_dag.py
[2026-09-22T16:27:42.271+0000] {processor.py:830} INFO - Processing file /home/airflow/.local/lib/python3.12/site-packages/airflow/example_dags/example_trigger_controller_dag.py for tasks to queue
[2026-09-22T16:27:42.275+0000] {logging_mixin.py:188} INFO - [2026-09-22T16:27:42.274+0000] {dagbag.py:545} INFO - Filling up the DagBag from /home/airflow/.local/lib/python3.12/site-packages/airflow/example_dags/example_trigger_controller_dag.py
[2026-09-22T16:27:42.283+0000] {processor.py:840} INFO - DAG(s) 'example_trigger_controller_dag' retrieved from /home/airflow/.local/lib/python3.12/site-packages/airflow/example_dags/example_trigger_controller_dag.py
[2026-09-22T16:27:42.319+0000] {logging_mixin.py:188} INFO - [2026-09-22T16:27:42.319+0000] {dag.py:3089} INFO - Sync 1 DAGs
[2026-09-22T16:27:42.358+0000] {logging_mixin.py:188} INFO - [2026-09-22T16:27:42.357+0000] {dag.py:3947} INFO - Setting next_dagrun for example_trigger_controller_dag to 2021-01-01 00:00:00+00:00, run_after=2021-01-01 00:00:00+00:00
[2026-09-22T16:27:42.443+0000] {processor.py:183} INFO - Processing /home/airflow/.local/lib/python3.12/site-packages/airflow/example_dags/example_trigger_controller_dag.py took 0.185 seconds
[2026-09-22T16:28:12.571+0000] {processor.py:161} INFO - Started process (PID=1082) to work on /home/airflow/.local/lib/python3.12/site-packages/airflow/example_dags/example_trigger_controller_dag.py
[2026-09-22T16:28:12.573+0000] {processor.py:830} INFO - Processing file /home/airflow/.local/lib/python3.12/site-packages/airflow/example_dags/example_trigger_controller_dag.py for tasks to queue
[2026-09-22T16:28:12.578+0000] {logging_mixin.py:188} INFO - [2026-09-22T16:28:12.577+0000] {dagbag.py:545} INFO - Filling up the DagBag from /home/airflow/.local/lib/python3.12/site-packages/airflow/example_dags/example_trigger_controller_dag.py
[2026-09-22T16:28:12.585+0000] {processor.py:840} INFO - DAG(s) 'example_trigger_controller_dag' retrieved from /home/airflow/.local/lib/python3.12/site-packages/airflow/example_dags/example_trigger_controller_dag.py
[2026-09-22T16:28:12.617+0000] {logging_mixin.py:188} INFO - [2026-09-22T16:28:12.617+0000] {dag.py:3089} INFO - Sync 1 DAGs
[2026-09-22T16:28:12.656+0000] {logging_mixin.py:188} INFO - [2026-09-22T16:28:12.655+0000] {dag.py:3947} INFO - Setting next_dagrun for example_trigger_controller_dag to 2021-01-01 00:00:00+00:00, run_after=2021-01-01 00:00:00+00:00
[2026-09-22T16:28:12.747+0000] {processor.py:183} INFO - Processing /home/airflow/.local/lib/python3.12/site-packages/airflow/example_dags/example_trigger_controller_dag.py took 0.187 seconds
[2026-09-22T16:28:43.678+0000] {processor.py:161} INFO - Started process (PID=1140) to work on /home/airflow/.local/lib/python3.12/site-packages/airflow/example_dags/example_trigger_controller_dag.py
[2026-09-22T16:28:43.679+0000] {processor.py:830} INFO - Processing file /home/airflow/.local/lib/python3.12/site-packages/airflow/example_dags/example_trigger_controller_dag.py for tasks to queue
[2026-09-22T16:28:43.683+0000] {logging_mixin.py:188} INFO - [2026-09-22T16:28:43.682+0000] {dagbag.py:545} INFO - Filling up the DagBag from /home/airflow/.local/lib/python3.12/site-packages/airflow/example_dags/example_trigger_controller_dag.py
[2026-09-22T16:28:43.689+0000] {processor.py:840} INFO - DAG(s) 'example_trigger_controller_dag' retrieved from /home/airflow/.local/lib/python3.12/site-packages/airflow/example_dags/example_trigger_controller_dag.py
[2026-09-22T16:28:43.718+0000] {logging_mixin.py:188} INFO - [2026-09-22T16:28:43.717+0000] {dag.py:3089} INFO - Sync 1 DAGs
[2026-09-22T16:28:43.748+0000] {logging_mixin.py:188} INFO - [2026-09-22T16:28:43.748+0000] {dag.py:3947} INFO - Setting next_dagrun for example_trigger_controller_dag to 2021-01-01 00:00:00+00:00, run_after=2021-01-01 00:00:00+00:00
[2026-09-22T16:28:43.826+0000] {processor.py:183} INFO - Processing /home/airflow/.local/lib/python3.12/site-packages/airflow/example_dags/example_trigger_controller_dag.py took 0.158 seconds
[2026-09-22T16:29:14.244+0000] {processor.py:161} INFO - Started process (PID=1198) to work on /home/airflow/.local/lib/python3.12/site-packages/airflow/example_dags/example_trigger_controller_dag.py
[2026-09-22T16:29:14.245+0000] {processor.py:830} INFO - Processing file /home/airflow/.local/lib/python3.12/site-packages/airflow/example_dags/example_trigger_controller_dag.py for tasks to queue
[2026-09-22T16:29:14.248+0000] {logging_mixin.py:188} INFO - [2026-09-22T16:29:14.247+0000] {dagbag.py:545} INFO - Filling up the DagBag from /home/airflow/.local/lib/python3.12/site-packages/airflow/example_dags/example_trigger_controller_dag.py
[2026-09-22T16:29:14.256+0000] {processor.py:840} INFO - DAG(s) 'example_trigger_controller_dag' retrieved from /home/airflow/.local/lib/python3.12/site-packages/airflow/example_dags/example_trigger_controller_dag.py
[2026-09-22T16:29:14.283+0000] {logging_mixin.py:188} INFO - [2026-09-22T16:29:14.283+0000] {dag.py:3089} INFO - Sync 1 DAGs
[2026-09-22T16:29:14.310+0000] {logging_mixin.py:188} INFO - [2026-09-22T16:29:14.309+0000] {dag.py:3947} INFO - Setting next_dagrun for example_trigger_controller_dag to 2021-01-01 00:00:00+00:00, run_after=2021-01-01 00:00:00+00:00
[2026-09-22T16:29:14.337+0000] {processor.py:183} INFO - Processing /home/airflow/.local/lib/python3.12/site-packages/airflow/example_dags/example_trigger_controller_dag.py took 0.103 seconds
[2026-09-22T16:29:44.571+0000] {processor.py:161} INFO - Started process (PID=1255) to work on /home/airflow/.local/lib/python3.12/site-packages/airflow/example_dags/example_trigger_controller_dag.py
[2026-09-22T16:29:44.572+0000] {processor.py:830} INFO - Processing file /home/airflow/.local/lib/python3.12/site-packages/airflow/example_dags/example_trigger_controller_dag.py for tasks to queue
[2026-09-22T16:29:44.575+0000] {logging_mixin.py:188} INFO - [2026-09-22T16:29:44.575+0000] {dagbag.py:545} INFO - Filling up the DagBag from /home/airflow/.local/lib/python3.12/site-packages/airflow/example_dags/example_trigger_controller_dag.py
[2026-09-22T16:29:44.582+0000] {processor.py:840} INFO - DAG(s) 'example_trigger_controller_dag' retrieved from /home/airflow/.local/lib/python3.12/site-packages/airflow/example_dags/example_trigger_controller_dag.py
[2026-09-22T16:29:44.605+0000] {logging_mixin.py:188} INFO - [2026-09-22T16:29:44.605+0000] {dag.py:3089} INFO - Sync 1 DAGs
[2026-09-22T16:29:44.633+0000] {logging_mixin.py:188} INFO - [2026-09-22T16:29:44.632+0000] {dag.py:3947} INFO - Setting next_dagrun for example_trigger_controller_dag to 2021-01-01 00:00:00+00:00, run_after=2021-01-01 00:00:00+00:00
[2026-09-22T16:29:44.661+0000] {processor.py:183} INFO - Processing /home/airflow/.local/lib/python3.12/site-packages/airflow/example_dags/example_trigger_controller_dag.py took 0.101 seconds
[2026-09-22T16:30:14.950+0000] {processor.py:161} INFO - Started process (PID=1313) to work on /home/airflow/.local/lib/python3.12/site-packages/airflow/example_dags/example_trigger_controller_dag.py
[2026-09-22T16:30:14.952+0000] {processor.py:830} INFO - Processing file /home/airflow/.local/lib/python3.12/site-packages/airflow/example_dags/example_trigger_controller_dag.py for tasks to queue
[2026-09-22T16:30:14.955+0000] {logging_mixin.py:188} INFO - [2026-09-22T16:30:14.954+0000] {dagbag.py:545} INFO - Filling up the DagBag from /home/airflow/.local/lib/python3.12/site-packages/airflow/example_dags/example_trigger_controller_dag.py
[2026-09-22T16:30:14.962+0000] {processor.py:840} INFO - DAG(s) 'example_trigger_controller_dag' retrieved from /home/airflow/.local/lib/python3.12/site-packages/airflow/example_dags/example_trigger_controller_dag.py
[2026-09-22T16:30:14.993+0000] {logging_mixin.py:188} INFO - [2026-09-22T16:30:14.993+0000] {dag.py:3089} INFO - Sync 1 DAGs
[2026-09-22T16:30:15.024+0000] {logging_mixin.py:188} INFO - [2026-09-22T16:30:15.024+0000] {dag.py:3947} INFO - Setting next_dagrun for example_trigger_controller_dag to 2021-01-01 00:00:00+00:00, run_after=2021-01-01 00:00:00+00:00
[2026-09-22T16:30:15.110+0000] {processor.py:183} INFO - Processing /home/airflow/.local/lib/python3.12/site-packages/airflow/example_dags/example_trigger_controller_dag.py took 0.169 seconds
[2026-09-22T16:30:45.564+0000] {processor.py:161} INFO - Started process (PID=1371) to work on /home/airflow/.local/lib/python3.12/site-packages/airflow/example_dags/example_trigger_controller_dag.py
[2026-09-22T16:30:45.565+0000] {processor.py:830} INFO - Processing file /home/airflow/.local/lib/python3.12/site-packages/airflow/example_dags/example_trigger_controller_dag.py for tasks to queue
[2026-09-22T16:30:45.569+0000] {logging_mixin.py:188} INFO - [2026-09-22T16:30:45.569+0000] {dagbag.py:545} INFO - Filling up the DagBag from /home/airflow/.local/lib/python3.12/site-packages/airflow/example_dags/example_trigger_controller_dag.py
[2026-09-22T16:30:45.576+0000] {processor.py:840} INFO - DAG(s) 'example_trigger_controller_dag' retrieved from /home/airflow/.local/lib/python3.12/site-packages/airflow/example_dags/example_trigger_controller_dag.py
[2026-09-22T16:30:45.606+0000] {logging_mixin.py:188} INFO - [2026-09-22T16:30:45.606+0000] {dag.py:3089} INFO - Sync 1 DAGs
[2026-09-22T16:30:45.639+0000] {logging_mixin.py:188} INFO - [2026-09-22T16:30:45.639+0000] {dag.py:3947} INFO - Setting next_dagrun for example_trigger_controller_dag to 2021-01-01 00:00:00+00:00, run_after=2021-01-01 00:00:00+00:00
[2026-09-22T16:30:45.679+0000] {processor.py:183} INFO - Processing /home/airflow/.local/lib/python3.12/site-packages/airflow/example_dags/example_trigger_controller_dag.py took 0.126 seconds
[2026-09-22T16:31:16.533+0000] {processor.py:161} INFO - Started process (PID=1429) to work on /home/airflow/.local/lib/python3.12/site-packages/airflow/example_dags/example_trigger_controller_dag.py
[2026-09-22T16:31:16.535+0000] {processor.py:830} INFO - Processing file /home/airflow/.local/lib/python3.12/site-packages/airflow/example_dags/example_trigger_controller_dag.py for tasks to queue
[2026-09-22T16:31:16.539+0000] {logging_mixin.py:188} INFO - [2026-09-22T16:31:16.538+0000] {dagbag.py:545} INFO - Filling up the DagBag from /home/airflow/.local/lib/python3.12/site-packages/airflow/example_dags/example_trigger_controller_dag.py
[2026-09-22T16:31:16.548+0000] {processor.py:840} INFO - DAG(s) 'example_trigger_controller_dag' retrieved from /home/airflow/.local/lib/python3.12/site-packages/airflow/example_dags/example_trigger_controller_dag.py
[2026-09-22T16:31:16.600+0000] {logging_mixin.py:188} INFO - [2026-09-22T16:31:16.599+0000] {dag.py:3089} INFO - Sync 1 DAGs
[2026-09-22T16:31:16.659+0000] {logging_mixin.py:188} INFO - [2026-09-22T16:31:16.659+0000] {dag.py:3947} INFO - Setting next_dagrun for example_trigger_controller_dag to 2021-01-01 00:00:00+00:00, run_after=2021-01-01 00:00:00+00:00
[2026-09-22T16:31:16.706+0000] {processor.py:183} INFO - Processing /home/airflow/.local/lib/python3.12/site-packages/airflow/example_dags/example_trigger_controller_dag.py took 0.182 seconds
[2026-09-22T16:31:46.883+0000] {processor.py:161} INFO - Started process (PID=1487) to work on /home/airflow/.local/lib/python3.12/site-packages/airflow/example_dags/example_trigger_controller_dag.py
[2026-09-22T16:31:46.886+0000] {processor.py:830} INFO - Processing file /home/airflow/.local/lib/python3.12/site-packages/airflow/example_dags/example_trigger_controller_dag.py for tasks to queue
[2026-09-22T16:31:46.891+0000] {logging_mixin.py:188} INFO - [2026-09-22T16:31:46.890+0000] {dagbag.py:545} INFO - Filling up the DagBag from /home/airflow/.local/lib/python3.12/site-packages/airflow/example_dags/example_trigger_controller_dag.py
[2026-09-22T16:31:46.899+0000] {processor.py:840} INFO - DAG(s) 'example_trigger_controller_dag' retrieved from /home/airflow/.local/lib/python3.12/site-packages/airflow/example_dags/example_trigger_controller_dag.py
[2026-09-22T16:31:46.932+0000] {logging_mixin.py:188} INFO - [2026-09-22T16:31:46.931+0000] {dag.py:3089} INFO - Sync 1 DAGs
[2026-09-22T16:31:46.969+0000] {logging_mixin.py:188} INFO - [2026-09-22T16:31:46.968+0000] {dag.py:3947} INFO - Setting next_dagrun for example_trigger_controller_dag to 2021-01-01 00:00:00+00:00, run_after=2021-01-01 00:00:00+00:00
[2026-09-22T16:31:46.998+0000] {processor.py:183} INFO - Processing /home/airflow/.local/lib/python3.12/site-packages/airflow/example_dags/example_trigger_controller_dag.py took 0.126 seconds
[2026-09-22T16:32:17.261+0000] {processor.py:161} INFO - Started process (PID=1545) to work on /home/airflow/.local/lib/python3.12/site-packages/airflow/example_dags/example_trigger_controller_dag.py
[2026-09-22T16:32:17.264+0000] {processor.py:830} INFO - Processing file /home/airflow/.local/lib/python3.12/site-packages/airflow/example_dags/example_trigger_controller_dag.py for tasks to queue
[2026-09-22T16:32:17.268+0000] {logging_mixin.py:188} INFO - [2026-09-22T16:32:17.267+0000] {dagbag.py:545} INFO - Filling up the DagBag from /home/airflow/.local/lib/python3.12/site-packages/airflow/example_dags/example_trigger_controller_dag.py
[2026-09-22T16:32:17.277+0000] {processor.py:840} INFO - DAG(s) 'example_trigger_controller_dag' retrieved from /home/airflow/.local/lib/python3.12/site-packages/airflow/example_dags/example_trigger_controller_dag.py
[2026-09-22T16:32:17.313+0000] {logging_mixin.py:188} INFO - [2026-09-22T16:32:17.313+0000] {dag.py:3089} INFO - Sync 1 DAGs
[2026-09-22T16:32:17.358+0000] {logging_mixin.py:188} INFO - [2026-09-22T16:32:17.358+0000] {dag.py:3947} INFO - Setting next_dagrun for example_trigger_controller_dag to 2021-01-01 00:00:00+00:00, run_after=2021-01-01 00:00:00+00:00
[2026-09-22T16:32:17.407+0000] {processor.py:183} INFO - Processing /home/airflow/.local/lib/python3.12/site-packages/airflow/example_dags/example_trigger_controller_dag.py took 0.155 seconds
[2026-09-22T16:32:48.356+0000] {processor.py:161} INFO - Started process (PID=1603) to work on /home/airflow/.local/lib/python3.12/site-packages/airflow/example_dags/example_trigger_controller_dag.py
[2026-09-22T16:32:48.358+0000] {processor.py:830} INFO - Processing file /home/airflow/.local/lib/python3.12/site-packages/airflow/example_dags/example_trigger_controller_dag.py for tasks to queue
[2026-09-22T16:32:48.362+0000] {logging_mixin.py:188} INFO - [2026-09-22T16:32:48.361+0000] {dagbag.py:545} INFO - Filling up the DagBag from /home/airflow/.local/lib/python3.12/site-packages/airflow/example_dags/example_trigger_controller_dag.py
[2026-09-22T16:32:48.369+0000] {processor.py:840} INFO - DAG(s) 'example_trigger_controller_dag' retrieved from /home/airflow/.local/lib/python3.12/site-packages/airflow/example_dags/example_trigger_controller_dag.py
[2026-09-22T16:32:48.400+0000] {logging_mixin.py:188} INFO - [2026-09-22T16:32:48.399+0000] {dag.py:3089} INFO - Sync 1 DAGs
[2026-09-22T16:32:48.427+0000] {logging_mixin.py:188} INFO - [2026-09-22T16:32:48.427+0000] {dag.py:3947} INFO - Setting next_dagrun for example_trigger_controller_dag to 2021-01-01 00:00:00+00:00, run_after=2021-01-01 00:00:00+00:00
[2026-09-22T16:32:48.452+0000] {processor.py:183} INFO - Processing /home/airflow/.local/lib/python3.12/site-packages/airflow/example_dags/example_trigger_controller_dag.py took 0.103 seconds
[2026-09-22T16:33:18.529+0000] {processor.py:161} INFO - Started process (PID=1661) to work on /home/airflow/.local/lib/python3.12/site-packages/airflow/example_dags/example_trigger_controller_dag.py
[2026-09-22T16:33:18.531+0000] {processor.py:830} INFO - Processing file /home/airflow/.local/lib/python3.12/site-packages/airflow/example_dags/example_trigger_controller_dag.py for tasks to queue
[2026-09-22T16:33:18.534+0000] {logging_mixin.py:188} INFO - [2026-09-22T16:33:18.534+0000] {dagbag.py:545} INFO - Filling up the DagBag from /home/airflow/.local/lib/python3.12/site-packages/airflow/example_dags/example_trigger_controller_dag.py
[2026-09-22T16:33:18.543+0000] {processor.py:840} INFO - DAG(s) 'example_trigger_controller_dag' retrieved from /home/airflow/.local/lib/python3.12/site-packages/airflow/example_dags/example_trigger_controller_dag.py
[2026-09-22T16:33:18.580+0000] {logging_mixin.py:188} INFO - [2026-09-22T16:33:18.580+0000] {dag.py:3089} INFO - Sync 1 DAGs
[2026-09-22T16:33:18.616+0000] {logging_mixin.py:188} INFO - [2026-09-22T16:33:18.615+0000] {dag.py:3947} INFO - Setting next_dagrun for example_trigger_controller_dag to 2021-01-01 00:00:00+00:00, run_after=2021-01-01 00:00:00+00:00
[2026-09-22T16:33:18.647+0000] {processor.py:183} INFO - Processing /home/airflow/.local/lib/python3.12/site-packages/airflow/example_dags/example_trigger_controller_dag.py took 0.127 seconds
[2026-09-22T16:33:50.008+0000] {processor.py:161} INFO - Started process (PID=1719) to work on /home/airflow/.local/lib/python3.12/site-packages/airflow/example_dags/example_trigger_controller_dag.py
[2026-09-22T16:33:50.009+0000] {processor.py:830} INFO - Processing file /home/airflow/.local/lib/python3.12/site-packages/airflow/example_dags/example_trigger_controller_dag.py for tasks to queue
[2026-09-22T16:33:50.012+0000] {logging_mixin.py:188} INFO - [2026-09-22T16:33:50.012+0000] {dagbag.py:545} INFO - Filling up the DagBag from /home/airflow/.local/lib/python3.12/site-packages/airflow/example_dags/example_trigger_controller_dag.py
[2026-09-22T16:33:50.020+0000] {processor.py:840} INFO - DAG(s) 'example_trigger_controller_dag' retrieved from /home/airflow/.local/lib/python3.12/site-packages/airflow/example_dags/example_trigger_controller_dag.py
[2026-09-22T16:33:50.051+0000] {logging_mixin.py:188} INFO - [2026-09-22T16:33:50.050+0000] {dag.py:3089} INFO - Sync 1 DAGs
[2026-09-22T16:33:50.091+0000] {logging_mixin.py:188} INFO - [2026-09-22T16:33:50.090+0000] {dag.py:3947} INFO - Setting next_dagrun for example_trigger_controller_dag to 2021-01-01 00:00:00+00:00, run_after=2021-01-01 00:00:00+00:00
[2026-09-22T16:33:50.129+0000] {processor.py:183} INFO - Processing /home/airflow/.local/lib/python3.12/site-packages/airflow/example_dags/example_trigger_controller_dag.py took 0.140 seconds
[2026-09-22T16:34:21.119+0000] {processor.py:161} INFO - Started process (PID=1777) to work on /home/airflow/.local/lib/python3.12/site-packages/airflow/example_dags/example_trigger_controller_dag.py
[2026-09-22T16:34:21.121+0000] {processor.py:830} INFO - Processing file /home/airflow/.local/lib/python3.12/site-packages/airflow/example_dags/example_trigger_controller_dag.py for tasks to queue
[2026-09-22T16:34:21.123+0000] {logging_mixin.py:188} INFO - [2026-09-22T16:34:21.123+0000] {dagbag.py:545} INFO - Filling up the DagBag from /home/airflow/.local/lib/python3.12/site-packages/airflow/example_dags/example_trigger_controller_dag.py
[2026-09-22T16:34:21.129+0000] {processor.py:840} INFO - DAG(s) 'example_trigger_controller_dag' retrieved from /home/airflow/.local/lib/python3.12/site-packages/airflow/example_dags/example_trigger_controller_dag.py
[2026-09-22T16:34:21.164+0000] {logging_mixin.py:188} INFO - [2026-09-22T16:34:21.163+0000] {dag.py:3089} INFO - Sync 1 DAGs
[2026-09-22T16:34:21.223+0000] {logging_mixin.py:188} INFO - [2026-09-22T16:34:21.222+0000] {dag.py:3947} INFO - Setting next_dagrun for example_trigger_controller_dag to 2021-01-01 00:00:00+00:00, run_after=2021-01-01 00:00:00+00:00
[2026-09-22T16:34:21.326+0000] {processor.py:183} INFO - Processing /home/airflow/.local/lib/python3.12/site-packages/airflow/example_dags/example_trigger_controller_dag.py took 0.219 seconds
[2026-09-22T16:34:51.405+0000] {processor.py:161} INFO - Started process (PID=1835) to work on /home/airflow/.local/lib/python3.12/site-packages/airflow/example_dags/example_trigger_controller_dag.py
[2026-09-22T16:34:51.406+0000] {processor.py:830} INFO - Processing file /home/airflow/.local/lib/python3.12/site-packages/airflow/example_dags/example_trigger_controller_dag.py for tasks to queue
[2026-09-22T16:34:51.408+0000] {logging_mixin.py:188} INFO - [2026-09-22T16:34:51.408+0000] {dagbag.py:545} INFO - Filling up the DagBag from /home/airflow/.local/lib/python3.12/site-packages/airflow/example_dags/example_trigger_controller_dag.py
[2026-09-22T16:34:51.414+0000] {processor.py:840} INFO - DAG(s) 'example_trigger_controller_dag' retrieved from /home/airflow/.local/lib/python3.12/site-packages/airflow/example_dags/example_trigger_controller_dag.py
[2026-09-22T16:34:51.439+0000] {logging_mixin.py:188} INFO - [2026-09-22T16:34:51.438+0000] {dag.py:3089} INFO - Sync 1 DAGs
[2026-09-22T16:34:51.465+0000] {logging_mixin.py:188} INFO - [2026-09-22T16:34:51.465+0000] {dag.py:3947} INFO - Setting next_dagrun for example_trigger_controller_dag to 2021-01-01 00:00:00+00:00, run_after=2021-01-01 00:00:00+00:00
[2026-09-22T16:34:51.490+0000] {processor.py:183} INFO - Processing /home/airflow/.local/lib/python3.12/site-packages/airflow/example_dags/example_trigger_controller_dag.py took 0.094 seconds
[2026-09-22T16:35:22.010+0000] {processor.py:161} INFO - Started process (PID=1893) to work on /home/airflow/.local/lib/python3.12/site-packages/airflow/example_dags/example_trigger_controller_dag.py
[2026-09-22T16:35:22.012+0000] {processor.py:830} INFO - Processing file /home/airflow/.local/lib/python3.12/site-packages/airflow/example_dags/example_trigger_controller_dag.py for tasks to queue
[2026-09-22T16:35:22.014+0000] {logging_mixin.py:188} INFO - [2026-09-22T16:35:22.014+0000] {dagbag.py:545} INFO - Filling up the DagBag from /home/airflow/.local/lib/python3.12/site-packages/airflow/example_dags/example_trigger_controller_dag.py
[2026-09-22T16:35:22.021+0000] {processor.py:840} INFO - DAG(s) 'example_trigger_controller_dag' retrieved from /home/airflow/.local/lib/python3.12/site-packages/airflow/example_dags/example_trigger_controller_dag.py
[2026-09-22T16:35:22.048+0000] {logging_mixin.py:188} INFO - [2026-09-22T16:35:22.048+0000] {dag.py:3089} INFO - Sync 1 DAGs
[2026-09-22T16:35:22.077+0000] {logging_mixin.py:188} INFO - [2026-09-22T16:35:22.077+0000] {dag.py:3947} INFO - Setting next_dagrun for example_trigger_controller_dag to 2021-01-01 00:00:00+00:00, run_after=2021-01-01 00:00:00+00:00
[2026-09-22T16:35:22.167+0000] {processor.py:183} INFO - Processing /home/airflow/.local/lib/python3.12/site-packages/airflow/example_dags/example_trigger_controller_dag.py took 0.164 seconds
[2026-09-22T16:35:52.655+0000] {processor.py:161} INFO - Started process (PID=1951) to work on /home/airflow/.local/lib/python3.12/site-packages/airflow/example_dags/example_trigger_controller_dag.py
[2026-09-22T16:35:52.657+0000] {processor.py:830} INFO - Processing file /home/airflow/.local/lib/python3.12/site-packages/airflow/example_dags/example_trigger_controller_dag.py for tasks to queue
[2026-09-22T16:35:52.660+0000] {logging_mixin.py:188} INFO - [2026-09-22T16:35:52.660+0000] {dagbag.py:545} INFO - Filling up the DagBag from /home/airflow/.local/lib/python3.12/site-packages/airflow/example_dags/example_trigger_controller_dag.py
[2026-09-22T16:35:52.667+0000] {processor.py:840} INFO - DAG(s) 'example_trigger_controller_dag' retrieved from /home/airflow/.local/lib/python3.12/site-packages/airflow/example_dags/example_trigger_controller_dag.py
[2026-09-22T16:35:52.697+0000] {logging_mixin.py:188} INFO - [2026-09-22T16:35:52.696+0000] {dag.py:3089} INFO - Sync 1 DAGs
[2026-09-22T16:35:52.722+0000] {logging_mixin.py:188} INFO - [2026-09-22T16:35:52.722+0000] {dag.py:3947} INFO - Setting next_dagrun for example_trigger_controller_dag to 2021-01-01 00:00:00+00:00, run_after=2021-01-01 00:00:00+00:00
[2026-09-22T16:35:52.756+0000] {processor.py:183} INFO - Processing /home/airflow/.local/lib/python3.12/site-packages/airflow/example_dags/example_trigger_controller_dag.py took 0.111 seconds
[2026-09-22T16:36:23.389+0000] {processor.py:161} INFO - Started process (PID=2009) to work on /home/airflow/.local/lib/python3.12/site-packages/airflow/example_dags/example_trigger_controller_dag.py
[2026-09-22T16:36:23.391+0000] {processor.py:830} INFO - Processing file /home/airflow/.local/lib/python3.12/site-packages/airflow/example_dags/example_trigger_controller_dag.py for tasks to queue
[2026-09-22T16:36:23.394+0000] {logging_mixin.py:188} INFO - [2026-09-22T16:36:23.393+0000] {dagbag.py:545} INFO - Filling up the DagBag from /home/airflow/.local/lib/python3.12/site-packages/airflow/example_dags/example_trigger_controller_dag.py
[2026-09-22T16:36:23.401+0000] {processor.py:840} INFO - DAG(s) 'example_trigger_controller_dag' retrieved from /home/airflow/.local/lib/python3.12/site-packages/airflow/example_dags/example_trigger_controller_dag.py
[2026-09-22T16:36:23.435+0000] {logging_mixin.py:188} INFO - [2026-09-22T16:36:23.434+0000] {dag.py:3089} INFO - Sync 1 DAGs
[2026-09-22T16:36:23.464+0000] {logging_mixin.py:188} INFO - [2026-09-22T16:36:23.464+0000] {dag.py:3947} INFO - Setting next_dagrun for example_trigger_controller_dag to 2021-01-01 00:00:00+00:00, run_after=2021-01-01 00:00:00+00:00
[2026-09-22T16:36:23.491+0000] {processor.py:183} INFO - Processing /home/airflow/.local/lib/python3.12/site-packages/airflow/example_dags/example_trigger_controller_dag.py took 0.111 seconds
[2026-09-22T16:36:54.439+0000] {processor.py:161} INFO - Started process (PID=2067) to work on /home/airflow/.local/lib/python3.12/site-packages/airflow/example_dags/example_trigger_controller_dag.py
[2026-09-22T16:36:54.441+0000] {processor.py:830} INFO - Processing file /home/airflow/.local/lib/python3.12/site-packages/airflow/example_dags/example_trigger_controller_dag.py for tasks to queue
[2026-09-22T16:36:54.444+0000] {logging_mixin.py:188} INFO - [2026-09-22T16:36:54.443+0000] {dagbag.py:545} INFO - Filling up the DagBag from /home/airflow/.local/lib/python3.12/site-packages/airflow/example_dags/example_trigger_controller_dag.py
[2026-09-22T16:36:54.452+0000] {processor.py:840} INFO - DAG(s) 'example_trigger_controller_dag' retrieved from /home/airflow/.local/lib/python3.12/site-packages/airflow/example_dags/example_trigger_controller_dag.py
[2026-09-22T16:36:54.478+0000] {logging_mixin.py:188} INFO - [2026-09-22T16:36:54.477+0000] {dag.py:3089} INFO - Sync 1 DAGs
[2026-09-22T16:36:54.509+0000] {logging_mixin.py:188} INFO - [2026-09-22T16:36:54.508+0000] {dag.py:3947} INFO - Setting next_dagrun for example_trigger_controller_dag to 2021-01-01 00:00:00+00:00, run_after=2021-01-01 00:00:00+00:00
[2026-09-22T16:36:54.823+0000] {processor.py:183} INFO - Processing /home/airflow/.local/lib/python3.12/site-packages/airflow/example_dags/example_trigger_controller_dag.py took 0.398 seconds
[2026-09-22T16:37:24.936+0000] {processor.py:161} INFO - Started process (PID=2125) to work on /home/airflow/.local/lib/python3.12/site-packages/airflow/example_dags/example_trigger_controller_dag.py
[2026-09-22T16:37:24.938+0000] {processor.py:830} INFO - Processing file /home/airflow/.local/lib/python3.12/site-packages/airflow/example_dags/example_trigger_controller_dag.py for tasks to queue
[2026-09-22T16:37:24.941+0000] {logging_mixin.py:188} INFO - [2026-09-22T16:37:24.941+0000] {dagbag.py:545} INFO - Filling up the DagBag from /home/airflow/.local/lib/python3.12/site-packages/airflow/example_dags/example_trigger_controller_dag.py
[2026-09-22T16:37:24.951+0000] {processor.py:840} INFO - DAG(s) 'example_trigger_controller_dag' retrieved from /home/airflow/.local/lib/python3.12/site-packages/airflow/example_dags/example_trigger_controller_dag.py
[2026-09-22T16:37:24.991+0000] {logging_mixin.py:188} INFO - [2026-09-22T16:37:24.991+0000] {dag.py:3089} INFO - Sync 1 DAGs
[2026-09-22T16:37:25.027+0000] {logging_mixin.py:188} INFO - [2026-09-22T16:37:25.026+0000] {dag.py:3947} INFO - Setting next_dagrun for example_trigger_controller_dag to 2021-01-01 00:00:00+00:00, run_after=2021-01-01 00:00:00+00:00
[2026-09-22T16:37:25.057+0000] {processor.py:183} INFO - Processing /home/airflow/.local/lib/python3.12/site-packages/airflow/example_dags/example_trigger_controller_dag.py took 0.134 seconds
[2026-09-22T16:37:55.159+0000] {processor.py:161} INFO - Started process (PID=2183) to work on /home/airflow/.local/lib/python3.12/site-packages/airflow/example_dags/example_trigger_controller_dag.py
[2026-09-22T16:37:55.161+0000] {processor.py:830} INFO - Processing file /home/airflow/.local/lib/python3.12/site-packages/airflow/example_dags/example_trigger_controller_dag.py for tasks to queue
[2026-09-22T16:37:55.164+0000] {logging_mixin.py:188} INFO - [2026-09-22T16:37:55.164+0000] {dagbag.py:545} INFO - Filling up the DagBag from /home/airflow/.local/lib/python3.12/site-packages/airflow/example_dags/example_trigger_controller_dag.py
[2026-09-22T16:37:55.171+0000] {processor.py:840} INFO - DAG(s) 'example_trigger_controller_dag' retrieved from /home/airflow/.local/lib/python3.12/site-packages/airflow/example_dags/example_trigger_controller_dag.py
[2026-09-22T16:37:55.206+0000] {logging_mixin.py:188} INFO - [2026-09-22T16:37:55.205+0000] {dag.py:3089} INFO - Sync 1 DAGs
[2026-09-22T16:37:55.256+0000] {logging_mixin.py:188} INFO - [2026-09-22T16:37:55.255+0000] {dag.py:3947} INFO - Setting next_dagrun for example_trigger_controller_dag to 2021-01-01 00:00:00+00:00, run_after=2021-01-01 00:00:00+00:00
[2026-09-22T16:37:55.294+0000] {processor.py:183} INFO - Processing /home/airflow/.local/lib/python3.12/site-packages/airflow/example_dags/example_trigger_controller_dag.py took 0.143 seconds
[2026-09-22T16:38:27.294+0000] {processor.py:161} INFO - Started process (PID=2241) to work on /home/airflow/.local/lib/python3.12/site-packages/airflow/example_dags/example_trigger_controller_dag.py
[2026-09-22T16:38:27.295+0000] {processor.py:830} INFO - Processing file /home/airflow/.local/lib/python3.12/site-packages/airflow/example_dags/example_trigger_controller_dag.py for tasks to queue
[2026-09-22T16:38:27.298+0000] {logging_mixin.py:188} INFO - [2026-09-22T16:38:27.298+0000] {dagbag.py:545} INFO - Filling up the DagBag from /home/airflow/.local/lib/python3.12/site-packages/airflow/example_dags/example_trigger_controller_dag.py
[2026-09-22T16:38:27.305+0000] {processor.py:840} INFO - DAG(s) 'example_trigger_controller_dag' retrieved from /home/airflow/.local/lib/python3.12/site-packages/airflow/example_dags/example_trigger_controller_dag.py
[2026-09-22T16:38:27.482+0000] {logging_mixin.py:188} INFO - [2026-09-22T16:38:27.481+0000] {dag.py:3089} INFO - Sync 1 DAGs
[2026-09-22T16:38:27.511+0000] {logging_mixin.py:188} INFO - [2026-09-22T16:38:27.511+0000] {dag.py:3947} INFO - Setting next_dagrun for example_trigger_controller_dag to 2021-01-01 00:00:00+00:00, run_after=2021-01-01 00:00:00+00:00
[2026-09-22T16:38:27.534+0000] {processor.py:183} INFO - Processing /home/airflow/.local/lib/python3.12/site-packages/airflow/example_dags/example_trigger_controller_dag.py took 0.248 seconds
[2026-09-22T16:41:50.513+0000] {processor.py:161} INFO - Started process (PID=98) to work on /home/airflow/.local/lib/python3.12/site-packages/airflow/example_dags/example_trigger_controller_dag.py
[2026-09-22T16:41:50.515+0000] {processor.py:830} INFO - Processing file /home/airflow/.local/lib/python3.12/site-packages/airflow/example_dags/example_trigger_controller_dag.py for tasks to queue
[2026-09-22T16:41:50.519+0000] {logging_mixin.py:188} INFO - [2026-09-22T16:41:50.518+0000] {dagbag.py:545} INFO - Filling up the DagBag from /home/airflow/.local/lib/python3.12/site-packages/airflow/example_dags/example_trigger_controller_dag.py
[2026-09-22T16:41:50.526+0000] {processor.py:840} INFO - DAG(s) 'example_trigger_controller_dag' retrieved from /home/airflow/.local/lib/python3.12/site-packages/airflow/example_dags/example_trigger_controller_dag.py
[2026-09-22T16:41:50.724+0000] {logging_mixin.py:188} INFO - [2026-09-22T16:41:50.723+0000] {dag.py:3089} INFO - Sync 1 DAGs
[2026-09-22T16:41:50.753+0000] {logging_mixin.py:188} INFO - [2026-09-22T16:41:50.753+0000] {dag.py:3947} INFO - Setting next_dagrun for example_trigger_controller_dag to 2021-01-01 00:00:00+00:00, run_after=2021-01-01 00:00:00+00:00
[2026-09-22T16:41:50.830+0000] {processor.py:183} INFO - Processing /home/airflow/.local/lib/python3.12/site-packages/airflow/example_dags/example_trigger_controller_dag.py took 0.326 seconds
[2026-09-22T16:42:20.917+0000] {processor.py:161} INFO - Started process (PID=156) to work on /home/airflow/.local/lib/python3.12/site-packages/airflow/example_dags/example_trigger_controller_dag.py
[2026-09-22T16:42:20.919+0000] {processor.py:830} INFO - Processing file /home/airflow/.local/lib/python3.12/site-packages/airflow/example_dags/example_trigger_controller_dag.py for tasks to queue
[2026-09-22T16:42:20.923+0000] {logging_mixin.py:188} INFO - [2026-09-22T16:42:20.922+0000] {dagbag.py:545} INFO - Filling up the DagBag from /home/airflow/.local/lib/python3.12/site-packages/airflow/example_dags/example_trigger_controller_dag.py
[2026-09-22T16:42:20.933+0000] {processor.py:840} INFO - DAG(s) 'example_trigger_controller_dag' retrieved from /home/airflow/.local/lib/python3.12/site-packages/airflow/example_dags/example_trigger_controller_dag.py
[2026-09-22T16:42:20.965+0000] {logging_mixin.py:188} INFO - [2026-09-22T16:42:20.964+0000] {dag.py:3089} INFO - Sync 1 DAGs
[2026-09-22T16:42:20.996+0000] {logging_mixin.py:188} INFO - [2026-09-22T16:42:20.996+0000] {dag.py:3947} INFO - Setting next_dagrun for example_trigger_controller_dag to 2021-01-01 00:00:00+00:00, run_after=2021-01-01 00:00:00+00:00
[2026-09-22T16:42:21.096+0000] {processor.py:183} INFO - Processing /home/airflow/.local/lib/python3.12/site-packages/airflow/example_dags/example_trigger_controller_dag.py took 0.192 seconds
[2026-09-22T16:43:50.648+0000] {processor.py:161} INFO - Started process (PID=98) to work on /home/airflow/.local/lib/python3.12/site-packages/airflow/example_dags/example_trigger_controller_dag.py
[2026-09-22T16:43:50.650+0000] {processor.py:830} INFO - Processing file /home/airflow/.local/lib/python3.12/site-packages/airflow/example_dags/example_trigger_controller_dag.py for tasks to queue
[2026-09-22T16:43:50.654+0000] {logging_mixin.py:188} INFO - [2026-09-22T16:43:50.653+0000] {dagbag.py:545} INFO - Filling up the DagBag from /home/airflow/.local/lib/python3.12/site-packages/airflow/example_dags/example_trigger_controller_dag.py
[2026-09-22T16:43:50.661+0000] {processor.py:840} INFO - DAG(s) 'example_trigger_controller_dag' retrieved from /home/airflow/.local/lib/python3.12/site-packages/airflow/example_dags/example_trigger_controller_dag.py
[2026-09-22T16:43:50.800+0000] {logging_mixin.py:188} INFO - [2026-09-22T16:43:50.799+0000] {dag.py:3089} INFO - Sync 1 DAGs
[2026-09-22T16:43:50.826+0000] {logging_mixin.py:188} INFO - [2026-09-22T16:43:50.826+0000] {dag.py:3947} INFO - Setting next_dagrun for example_trigger_controller_dag to 2021-01-01 00:00:00+00:00, run_after=2021-01-01 00:00:00+00:00
[2026-09-22T16:43:50.873+0000] {processor.py:183} INFO - Processing /home/airflow/.local/lib/python3.12/site-packages/airflow/example_dags/example_trigger_controller_dag.py took 0.235 seconds
[2026-09-22T16:44:21.491+0000] {processor.py:161} INFO - Started process (PID=161) to work on /home/airflow/.local/lib/python3.12/site-packages/airflow/example_dags/example_trigger_controller_dag.py
[2026-09-22T16:44:21.493+0000] {processor.py:830} INFO - Processing file /home/airflow/.local/lib/python3.12/site-packages/airflow/example_dags/example_trigger_controller_dag.py for tasks to queue
[2026-09-22T16:44:21.497+0000] {logging_mixin.py:188} INFO - [2026-09-22T16:44:21.497+0000] {dagbag.py:545} INFO - Filling up the DagBag from /home/airflow/.local/lib/python3.12/site-packages/airflow/example_dags/example_trigger_controller_dag.py
[2026-09-22T16:44:21.510+0000] {processor.py:840} INFO - DAG(s) 'example_trigger_controller_dag' retrieved from /home/airflow/.local/lib/python3.12/site-packages/airflow/example_dags/example_trigger_controller_dag.py
[2026-09-22T16:44:21.550+0000] {logging_mixin.py:188} INFO - [2026-09-22T16:44:21.549+0000] {dag.py:3089} INFO - Sync 1 DAGs
[2026-09-22T16:44:21.590+0000] {logging_mixin.py:188} INFO - [2026-09-22T16:44:21.590+0000] {dag.py:3947} INFO - Setting next_dagrun for example_trigger_controller_dag to 2021-01-01 00:00:00+00:00, run_after=2021-01-01 00:00:00+00:00
[2026-09-22T16:44:21.635+0000] {processor.py:183} INFO - Processing /home/airflow/.local/lib/python3.12/site-packages/airflow/example_dags/example_trigger_controller_dag.py took 0.158 seconds
[2026-09-22T16:44:51.951+0000] {processor.py:161} INFO - Started process (PID=219) to work on /home/airflow/.local/lib/python3.12/site-packages/airflow/example_dags/example_trigger_controller_dag.py
[2026-09-22T16:44:51.953+0000] {processor.py:830} INFO - Processing file /home/airflow/.local/lib/python3.12/site-packages/airflow/example_dags/example_trigger_controller_dag.py for tasks to queue
[2026-09-22T16:44:51.957+0000] {logging_mixin.py:188} INFO - [2026-09-22T16:44:51.956+0000] {dagbag.py:545} INFO - Filling up the DagBag from /home/airflow/.local/lib/python3.12/site-packages/airflow/example_dags/example_trigger_controller_dag.py
[2026-09-22T16:44:51.971+0000] {processor.py:840} INFO - DAG(s) 'example_trigger_controller_dag' retrieved from /home/airflow/.local/lib/python3.12/site-packages/airflow/example_dags/example_trigger_controller_dag.py
[2026-09-22T16:44:52.001+0000] {logging_mixin.py:188} INFO - [2026-09-22T16:44:52.001+0000] {dag.py:3089} INFO - Sync 1 DAGs
[2026-09-22T16:44:52.034+0000] {logging_mixin.py:188} INFO - [2026-09-22T16:44:52.033+0000] {dag.py:3947} INFO - Setting next_dagrun for example_trigger_controller_dag to 2021-01-01 00:00:00+00:00, run_after=2021-01-01 00:00:00+00:00
[2026-09-22T16:44:52.062+0000] {processor.py:183} INFO - Processing /home/airflow/.local/lib/python3.12/site-packages/airflow/example_dags/example_trigger_controller_dag.py took 0.122 seconds
[2026-09-22T16:45:22.373+0000] {processor.py:161} INFO - Started process (PID=277) to work on /home/airflow/.local/lib/python3.12/site-packages/airflow/example_dags/example_trigger_controller_dag.py
[2026-09-22T16:45:22.374+0000] {processor.py:830} INFO - Processing file /home/airflow/.local/lib/python3.12/site-packages/airflow/example_dags/example_trigger_controller_dag.py for tasks to queue
[2026-09-22T16:45:22.377+0000] {logging_mixin.py:188} INFO - [2026-09-22T16:45:22.377+0000] {dagbag.py:545} INFO - Filling up the DagBag from /home/airflow/.local/lib/python3.12/site-packages/airflow/example_dags/example_trigger_controller_dag.py
[2026-09-22T16:45:22.385+0000] {processor.py:840} INFO - DAG(s) 'example_trigger_controller_dag' retrieved from /home/airflow/.local/lib/python3.12/site-packages/airflow/example_dags/example_trigger_controller_dag.py
[2026-09-22T16:45:22.412+0000] {logging_mixin.py:188} INFO - [2026-09-22T16:45:22.411+0000] {dag.py:3089} INFO - Sync 1 DAGs
[2026-09-22T16:45:22.447+0000] {logging_mixin.py:188} INFO - [2026-09-22T16:45:22.447+0000] {dag.py:3947} INFO - Setting next_dagrun for example_trigger_controller_dag to 2021-01-01 00:00:00+00:00, run_after=2021-01-01 00:00:00+00:00
[2026-09-22T16:45:22.517+0000] {processor.py:183} INFO - Processing /home/airflow/.local/lib/python3.12/site-packages/airflow/example_dags/example_trigger_controller_dag.py took 0.155 seconds
[2026-09-22T16:45:52.917+0000] {processor.py:161} INFO - Started process (PID=335) to work on /home/airflow/.local/lib/python3.12/site-packages/airflow/example_dags/example_trigger_controller_dag.py
[2026-09-22T16:45:52.920+0000] {processor.py:830} INFO - Processing file /home/airflow/.local/lib/python3.12/site-packages/airflow/example_dags/example_trigger_controller_dag.py for tasks to queue
[2026-09-22T16:45:52.923+0000] {logging_mixin.py:188} INFO - [2026-09-22T16:45:52.923+0000] {dagbag.py:545} INFO - Filling up the DagBag from /home/airflow/.local/lib/python3.12/site-packages/airflow/example_dags/example_trigger_controller_dag.py
[2026-09-22T16:45:52.929+0000] {processor.py:840} INFO - DAG(s) 'example_trigger_controller_dag' retrieved from /home/airflow/.local/lib/python3.12/site-packages/airflow/example_dags/example_trigger_controller_dag.py
[2026-09-22T16:45:52.974+0000] {logging_mixin.py:188} INFO - [2026-09-22T16:45:52.973+0000] {dag.py:3089} INFO - Sync 1 DAGs
[2026-09-22T16:45:53.018+0000] {logging_mixin.py:188} INFO - [2026-09-22T16:45:53.016+0000] {dag.py:3947} INFO - Setting next_dagrun for example_trigger_controller_dag to 2021-01-01 00:00:00+00:00, run_after=2021-01-01 00:00:00+00:00
[2026-09-22T16:45:53.111+0000] {processor.py:183} INFO - Processing /home/airflow/.local/lib/python3.12/site-packages/airflow/example_dags/example_trigger_controller_dag.py took 0.203 seconds
[2026-09-22T16:46:23.388+0000] {processor.py:161} INFO - Started process (PID=393) to work on /home/airflow/.local/lib/python3.12/site-packages/airflow/example_dags/example_trigger_controller_dag.py
[2026-09-22T16:46:23.390+0000] {processor.py:830} INFO - Processing file /home/airflow/.local/lib/python3.12/site-packages/airflow/example_dags/example_trigger_controller_dag.py for tasks to queue
[2026-09-22T16:46:23.394+0000] {logging_mixin.py:188} INFO - [2026-09-22T16:46:23.394+0000] {dagbag.py:545} INFO - Filling up the DagBag from /home/airflow/.local/lib/python3.12/site-packages/airflow/example_dags/example_trigger_controller_dag.py
[2026-09-22T16:46:23.403+0000] {processor.py:840} INFO - DAG(s) 'example_trigger_controller_dag' retrieved from /home/airflow/.local/lib/python3.12/site-packages/airflow/example_dags/example_trigger_controller_dag.py
[2026-09-22T16:46:23.438+0000] {logging_mixin.py:188} INFO - [2026-09-22T16:46:23.438+0000] {dag.py:3089} INFO - Sync 1 DAGs
[2026-09-22T16:46:23.470+0000] {logging_mixin.py:188} INFO - [2026-09-22T16:46:23.470+0000] {dag.py:3947} INFO - Setting next_dagrun for example_trigger_controller_dag to 2021-01-01 00:00:00+00:00, run_after=2021-01-01 00:00:00+00:00
[2026-09-22T16:46:23.564+0000] {processor.py:183} INFO - Processing /home/airflow/.local/lib/python3.12/site-packages/airflow/example_dags/example_trigger_controller_dag.py took 0.185 seconds
[2026-09-22T16:46:54.396+0000] {processor.py:161} INFO - Started process (PID=451) to work on /home/airflow/.local/lib/python3.12/site-packages/airflow/example_dags/example_trigger_controller_dag.py
[2026-09-22T16:46:54.398+0000] {processor.py:830} INFO - Processing file /home/airflow/.local/lib/python3.12/site-packages/airflow/example_dags/example_trigger_controller_dag.py for tasks to queue
[2026-09-22T16:46:54.401+0000] {logging_mixin.py:188} INFO - [2026-09-22T16:46:54.401+0000] {dagbag.py:545} INFO - Filling up the DagBag from /home/airflow/.local/lib/python3.12/site-packages/airflow/example_dags/example_trigger_controller_dag.py
[2026-09-22T16:46:54.406+0000] {processor.py:840} INFO - DAG(s) 'example_trigger_controller_dag' retrieved from /home/airflow/.local/lib/python3.12/site-packages/airflow/example_dags/example_trigger_controller_dag.py
[2026-09-22T16:46:54.436+0000] {logging_mixin.py:188} INFO - [2026-09-22T16:46:54.436+0000] {dag.py:3089} INFO - Sync 1 DAGs
[2026-09-22T16:46:54.469+0000] {logging_mixin.py:188} INFO - [2026-09-22T16:46:54.469+0000] {dag.py:3947} INFO - Setting next_dagrun for example_trigger_controller_dag to 2021-01-01 00:00:00+00:00, run_after=2021-01-01 00:00:00+00:00
[2026-09-22T16:46:54.517+0000] {processor.py:183} INFO - Processing /home/airflow/.local/lib/python3.12/site-packages/airflow/example_dags/example_trigger_controller_dag.py took 0.129 seconds
[2026-09-22T16:47:24.666+0000] {processor.py:161} INFO - Started process (PID=509) to work on /home/airflow/.local/lib/python3.12/site-packages/airflow/example_dags/example_trigger_controller_dag.py
[2026-09-22T16:47:24.668+0000] {processor.py:830} INFO - Processing file /home/airflow/.local/lib/python3.12/site-packages/airflow/example_dags/example_trigger_controller_dag.py for tasks to queue
[2026-09-22T16:47:24.671+0000] {logging_mixin.py:188} INFO - [2026-09-22T16:47:24.670+0000] {dagbag.py:545} INFO - Filling up the DagBag from /home/airflow/.local/lib/python3.12/site-packages/airflow/example_dags/example_trigger_controller_dag.py
[2026-09-22T16:47:24.677+0000] {processor.py:840} INFO - DAG(s) 'example_trigger_controller_dag' retrieved from /home/airflow/.local/lib/python3.12/site-packages/airflow/example_dags/example_trigger_controller_dag.py
[2026-09-22T16:47:24.702+0000] {logging_mixin.py:188} INFO - [2026-09-22T16:47:24.702+0000] {dag.py:3089} INFO - Sync 1 DAGs
[2026-09-22T16:47:24.729+0000] {logging_mixin.py:188} INFO - [2026-09-22T16:47:24.729+0000] {dag.py:3947} INFO - Setting next_dagrun for example_trigger_controller_dag to 2021-01-01 00:00:00+00:00, run_after=2021-01-01 00:00:00+00:00
[2026-09-22T16:47:24.761+0000] {processor.py:183} INFO - Processing /home/airflow/.local/lib/python3.12/site-packages/airflow/example_dags/example_trigger_controller_dag.py took 0.105 seconds
[2026-09-22T16:47:55.047+0000] {processor.py:161} INFO - Started process (PID=567) to work on /home/airflow/.local/lib/python3.12/site-packages/airflow/example_dags/example_trigger_controller_dag.py
[2026-09-22T16:47:55.049+0000] {processor.py:830} INFO - Processing file /home/airflow/.local/lib/python3.12/site-packages/airflow/example_dags/example_trigger_controller_dag.py for tasks to queue
[2026-09-22T16:47:55.055+0000] {logging_mixin.py:188} INFO - [2026-09-22T16:47:55.055+0000] {dagbag.py:545} INFO - Filling up the DagBag from /home/airflow/.local/lib/python3.12/site-packages/airflow/example_dags/example_trigger_controller_dag.py
[2026-09-22T16:47:55.064+0000] {processor.py:840} INFO - DAG(s) 'example_trigger_controller_dag' retrieved from /home/airflow/.local/lib/python3.12/site-packages/airflow/example_dags/example_trigger_controller_dag.py
[2026-09-22T16:47:55.096+0000] {logging_mixin.py:188} INFO - [2026-09-22T16:47:55.095+0000] {dag.py:3089} INFO - Sync 1 DAGs
[2026-09-22T16:47:55.125+0000] {logging_mixin.py:188} INFO - [2026-09-22T16:47:55.125+0000] {dag.py:3947} INFO - Setting next_dagrun for example_trigger_controller_dag to 2021-01-01 00:00:00+00:00, run_after=2021-01-01 00:00:00+00:00
[2026-09-22T16:47:55.205+0000] {processor.py:183} INFO - Processing /home/airflow/.local/lib/python3.12/site-packages/airflow/example_dags/example_trigger_controller_dag.py took 0.169 seconds
[2026-09-22T16:48:26.078+0000] {processor.py:161} INFO - Started process (PID=625) to work on /home/airflow/.local/lib/python3.12/site-packages/airflow/example_dags/example_trigger_controller_dag.py
[2026-09-22T16:48:26.081+0000] {processor.py:830} INFO - Processing file /home/airflow/.local/lib/python3.12/site-packages/airflow/example_dags/example_trigger_controller_dag.py for tasks to queue
[2026-09-22T16:48:26.084+0000] {logging_mixin.py:188} INFO - [2026-09-22T16:48:26.083+0000] {dagbag.py:545} INFO - Filling up the DagBag from /home/airflow/.local/lib/python3.12/site-packages/airflow/example_dags/example_trigger_controller_dag.py
[2026-09-22T16:48:26.090+0000] {processor.py:840} INFO - DAG(s) 'example_trigger_controller_dag' retrieved from /home/airflow/.local/lib/python3.12/site-packages/airflow/example_dags/example_trigger_controller_dag.py
[2026-09-22T16:48:26.116+0000] {logging_mixin.py:188} INFO - [2026-09-22T16:48:26.115+0000] {dag.py:3089} INFO - Sync 1 DAGs
[2026-09-22T16:48:26.144+0000] {logging_mixin.py:188} INFO - [2026-09-22T16:48:26.143+0000] {dag.py:3947} INFO - Setting next_dagrun for example_trigger_controller_dag to 2021-01-01 00:00:00+00:00, run_after=2021-01-01 00:00:00+00:00
[2026-09-22T16:48:26.231+0000] {processor.py:183} INFO - Processing /home/airflow/.local/lib/python3.12/site-packages/airflow/example_dags/example_trigger_controller_dag.py took 0.161 seconds
[2026-09-22T16:48:57.275+0000] {processor.py:161} INFO - Started process (PID=683) to work on /home/airflow/.local/lib/python3.12/site-packages/airflow/example_dags/example_trigger_controller_dag.py
[2026-09-22T16:48:57.277+0000] {processor.py:830} INFO - Processing file /home/airflow/.local/lib/python3.12/site-packages/airflow/example_dags/example_trigger_controller_dag.py for tasks to queue
[2026-09-22T16:48:57.282+0000] {logging_mixin.py:188} INFO - [2026-09-22T16:48:57.281+0000] {dagbag.py:545} INFO - Filling up the DagBag from /home/airflow/.local/lib/python3.12/site-packages/airflow/example_dags/example_trigger_controller_dag.py
[2026-09-22T16:48:57.290+0000] {processor.py:840} INFO - DAG(s) 'example_trigger_controller_dag' retrieved from /home/airflow/.local/lib/python3.12/site-packages/airflow/example_dags/example_trigger_controller_dag.py
[2026-09-22T16:48:57.324+0000] {logging_mixin.py:188} INFO - [2026-09-22T16:48:57.323+0000] {dag.py:3089} INFO - Sync 1 DAGs
[2026-09-22T16:48:57.362+0000] {logging_mixin.py:188} INFO - [2026-09-22T16:48:57.361+0000] {dag.py:3947} INFO - Setting next_dagrun for example_trigger_controller_dag to 2021-01-01 00:00:00+00:00, run_after=2021-01-01 00:00:00+00:00
[2026-09-22T16:48:57.402+0000] {processor.py:183} INFO - Processing /home/airflow/.local/lib/python3.12/site-packages/airflow/example_dags/example_trigger_controller_dag.py took 0.135 seconds
[2026-09-22T16:49:28.330+0000] {processor.py:161} INFO - Started process (PID=742) to work on /home/airflow/.local/lib/python3.12/site-packages/airflow/example_dags/example_trigger_controller_dag.py
[2026-09-22T16:49:28.334+0000] {processor.py:830} INFO - Processing file /home/airflow/.local/lib/python3.12/site-packages/airflow/example_dags/example_trigger_controller_dag.py for tasks to queue
[2026-09-22T16:49:28.344+0000] {logging_mixin.py:188} INFO - [2026-09-22T16:49:28.343+0000] {dagbag.py:545} INFO - Filling up the DagBag from /home/airflow/.local/lib/python3.12/site-packages/airflow/example_dags/example_trigger_controller_dag.py
[2026-09-22T16:49:28.360+0000] {processor.py:840} INFO - DAG(s) 'example_trigger_controller_dag' retrieved from /home/airflow/.local/lib/python3.12/site-packages/airflow/example_dags/example_trigger_controller_dag.py
[2026-09-22T16:49:28.430+0000] {logging_mixin.py:188} INFO - [2026-09-22T16:49:28.430+0000] {dag.py:3089} INFO - Sync 1 DAGs
[2026-09-22T16:49:28.519+0000] {logging_mixin.py:188} INFO - [2026-09-22T16:49:28.517+0000] {dag.py:3947} INFO - Setting next_dagrun for example_trigger_controller_dag to 2021-01-01 00:00:00+00:00, run_after=2021-01-01 00:00:00+00:00
[2026-09-22T16:49:28.614+0000] {processor.py:183} INFO - Processing /home/airflow/.local/lib/python3.12/site-packages/airflow/example_dags/example_trigger_controller_dag.py took 0.298 seconds
[2026-09-22T16:49:59.287+0000] {processor.py:161} INFO - Started process (PID=800) to work on /home/airflow/.local/lib/python3.12/site-packages/airflow/example_dags/example_trigger_controller_dag.py
[2026-09-22T16:49:59.290+0000] {processor.py:830} INFO - Processing file /home/airflow/.local/lib/python3.12/site-packages/airflow/example_dags/example_trigger_controller_dag.py for tasks to queue
[2026-09-22T16:49:59.295+0000] {logging_mixin.py:188} INFO - [2026-09-22T16:49:59.293+0000] {dagbag.py:545} INFO - Filling up the DagBag from /home/airflow/.local/lib/python3.12/site-packages/airflow/example_dags/example_trigger_controller_dag.py
[2026-09-22T16:49:59.315+0000] {processor.py:840} INFO - DAG(s) 'example_trigger_controller_dag' retrieved from /home/airflow/.local/lib/python3.12/site-packages/airflow/example_dags/example_trigger_controller_dag.py
[2026-09-22T16:49:59.350+0000] {logging_mixin.py:188} INFO - [2026-09-22T16:49:59.350+0000] {dag.py:3089} INFO - Sync 1 DAGs
[2026-09-22T16:49:59.387+0000] {logging_mixin.py:188} INFO - [2026-09-22T16:49:59.387+0000] {dag.py:3947} INFO - Setting next_dagrun for example_trigger_controller_dag to 2021-01-01 00:00:00+00:00, run_after=2021-01-01 00:00:00+00:00
[2026-09-22T16:49:59.498+0000] {processor.py:183} INFO - Processing /home/airflow/.local/lib/python3.12/site-packages/airflow/example_dags/example_trigger_controller_dag.py took 0.224 seconds
[2026-09-22T16:50:29.742+0000] {processor.py:161} INFO - Started process (PID=859) to work on /home/airflow/.local/lib/python3.12/site-packages/airflow/example_dags/example_trigger_controller_dag.py
[2026-09-22T16:50:29.746+0000] {processor.py:830} INFO - Processing file /home/airflow/.local/lib/python3.12/site-packages/airflow/example_dags/example_trigger_controller_dag.py for tasks to queue
[2026-09-22T16:50:29.749+0000] {logging_mixin.py:188} INFO - [2026-09-22T16:50:29.749+0000] {dagbag.py:545} INFO - Filling up the DagBag from /home/airflow/.local/lib/python3.12/site-packages/airflow/example_dags/example_trigger_controller_dag.py
[2026-09-22T16:50:29.756+0000] {processor.py:840} INFO - DAG(s) 'example_trigger_controller_dag' retrieved from /home/airflow/.local/lib/python3.12/site-packages/airflow/example_dags/example_trigger_controller_dag.py
[2026-09-22T16:50:29.787+0000] {logging_mixin.py:188} INFO - [2026-09-22T16:50:29.787+0000] {dag.py:3089} INFO - Sync 1 DAGs
[2026-09-22T16:50:29.821+0000] {logging_mixin.py:188} INFO - [2026-09-22T16:50:29.821+0000] {dag.py:3947} INFO - Setting next_dagrun for example_trigger_controller_dag to 2021-01-01 00:00:00+00:00, run_after=2021-01-01 00:00:00+00:00
[2026-09-22T16:50:29.902+0000] {processor.py:183} INFO - Processing /home/airflow/.local/lib/python3.12/site-packages/airflow/example_dags/example_trigger_controller_dag.py took 0.169 seconds
[2026-09-22T16:51:00.354+0000] {processor.py:161} INFO - Started process (PID=917) to work on /home/airflow/.local/lib/python3.12/site-packages/airflow/example_dags/example_trigger_controller_dag.py
[2026-09-22T16:51:00.355+0000] {processor.py:830} INFO - Processing file /home/airflow/.local/lib/python3.12/site-packages/airflow/example_dags/example_trigger_controller_dag.py for tasks to queue
[2026-09-22T16:51:00.362+0000] {logging_mixin.py:188} INFO - [2026-09-22T16:51:00.360+0000] {dagbag.py:545} INFO - Filling up the DagBag from /home/airflow/.local/lib/python3.12/site-packages/airflow/example_dags/example_trigger_controller_dag.py
[2026-09-22T16:51:00.371+0000] {processor.py:840} INFO - DAG(s) 'example_trigger_controller_dag' retrieved from /home/airflow/.local/lib/python3.12/site-packages/airflow/example_dags/example_trigger_controller_dag.py
[2026-09-22T16:51:00.417+0000] {logging_mixin.py:188} INFO - [2026-09-22T16:51:00.416+0000] {dag.py:3089} INFO - Sync 1 DAGs
[2026-09-22T16:51:00.455+0000] {logging_mixin.py:188} INFO - [2026-09-22T16:51:00.455+0000] {dag.py:3947} INFO - Setting next_dagrun for example_trigger_controller_dag to 2021-01-01 00:00:00+00:00, run_after=2021-01-01 00:00:00+00:00
[2026-09-22T16:51:00.500+0000] {processor.py:183} INFO - Processing /home/airflow/.local/lib/python3.12/site-packages/airflow/example_dags/example_trigger_controller_dag.py took 0.159 seconds
[2026-09-22T16:51:30.955+0000] {processor.py:161} INFO - Started process (PID=975) to work on /home/airflow/.local/lib/python3.12/site-packages/airflow/example_dags/example_trigger_controller_dag.py
[2026-09-22T16:51:30.957+0000] {processor.py:830} INFO - Processing file /home/airflow/.local/lib/python3.12/site-packages/airflow/example_dags/example_trigger_controller_dag.py for tasks to queue
[2026-09-22T16:51:30.961+0000] {logging_mixin.py:188} INFO - [2026-09-22T16:51:30.960+0000] {dagbag.py:545} INFO - Filling up the DagBag from /home/airflow/.local/lib/python3.12/site-packages/airflow/example_dags/example_trigger_controller_dag.py
[2026-09-22T16:51:30.981+0000] {processor.py:840} INFO - DAG(s) 'example_trigger_controller_dag' retrieved from /home/airflow/.local/lib/python3.12/site-packages/airflow/example_dags/example_trigger_controller_dag.py
[2026-09-22T16:51:31.043+0000] {logging_mixin.py:188} INFO - [2026-09-22T16:51:31.043+0000] {dag.py:3089} INFO - Sync 1 DAGs
[2026-09-22T16:51:31.130+0000] {logging_mixin.py:188} INFO - [2026-09-22T16:51:31.129+0000] {dag.py:3947} INFO - Setting next_dagrun for example_trigger_controller_dag to 2021-01-01 00:00:00+00:00, run_after=2021-01-01 00:00:00+00:00
[2026-09-22T16:51:31.222+0000] {processor.py:183} INFO - Processing /home/airflow/.local/lib/python3.12/site-packages/airflow/example_dags/example_trigger_controller_dag.py took 0.283 seconds
[2026-09-22T16:52:24.076+0000] {processor.py:161} INFO - Started process (PID=1025) to work on /home/airflow/.local/lib/python3.12/site-packages/airflow/example_dags/example_trigger_controller_dag.py
[2026-09-22T16:52:24.077+0000] {processor.py:830} INFO - Processing file /home/airflow/.local/lib/python3.12/site-packages/airflow/example_dags/example_trigger_controller_dag.py for tasks to queue
[2026-09-22T16:52:24.080+0000] {logging_mixin.py:188} INFO - [2026-09-22T16:52:24.079+0000] {dagbag.py:545} INFO - Filling up the DagBag from /home/airflow/.local/lib/python3.12/site-packages/airflow/example_dags/example_trigger_controller_dag.py
[2026-09-22T16:52:24.085+0000] {processor.py:840} INFO - DAG(s) 'example_trigger_controller_dag' retrieved from /home/airflow/.local/lib/python3.12/site-packages/airflow/example_dags/example_trigger_controller_dag.py
[2026-09-22T16:52:24.111+0000] {logging_mixin.py:188} INFO - [2026-09-22T16:52:24.111+0000] {dag.py:3089} INFO - Sync 1 DAGs
[2026-09-22T16:52:24.139+0000] {logging_mixin.py:188} INFO - [2026-09-22T16:52:24.139+0000] {dag.py:3947} INFO - Setting next_dagrun for example_trigger_controller_dag to 2021-01-01 00:00:00+00:00, run_after=2021-01-01 00:00:00+00:00
[2026-09-22T16:52:24.165+0000] {processor.py:183} INFO - Processing /home/airflow/.local/lib/python3.12/site-packages/airflow/example_dags/example_trigger_controller_dag.py took 0.098 seconds
[2026-09-22T16:52:55.157+0000] {processor.py:161} INFO - Started process (PID=1083) to work on /home/airflow/.local/lib/python3.12/site-packages/airflow/example_dags/example_trigger_controller_dag.py
[2026-09-22T16:52:55.158+0000] {processor.py:830} INFO - Processing file /home/airflow/.local/lib/python3.12/site-packages/airflow/example_dags/example_trigger_controller_dag.py for tasks to queue
[2026-09-22T16:52:55.160+0000] {logging_mixin.py:188} INFO - [2026-09-22T16:52:55.160+0000] {dagbag.py:545} INFO - Filling up the DagBag from /home/airflow/.local/lib/python3.12/site-packages/airflow/example_dags/example_trigger_controller_dag.py
[2026-09-22T16:52:55.167+0000] {processor.py:840} INFO - DAG(s) 'example_trigger_controller_dag' retrieved from /home/airflow/.local/lib/python3.12/site-packages/airflow/example_dags/example_trigger_controller_dag.py
[2026-09-22T16:52:55.192+0000] {logging_mixin.py:188} INFO - [2026-09-22T16:52:55.192+0000] {dag.py:3089} INFO - Sync 1 DAGs
[2026-09-22T16:52:55.218+0000] {logging_mixin.py:188} INFO - [2026-09-22T16:52:55.218+0000] {dag.py:3947} INFO - Setting next_dagrun for example_trigger_controller_dag to 2021-01-01 00:00:00+00:00, run_after=2021-01-01 00:00:00+00:00
[2026-09-22T16:52:55.243+0000] {processor.py:183} INFO - Processing /home/airflow/.local/lib/python3.12/site-packages/airflow/example_dags/example_trigger_controller_dag.py took 0.092 seconds
[2026-09-22T16:53:25.409+0000] {processor.py:161} INFO - Started process (PID=1147) to work on /home/airflow/.local/lib/python3.12/site-packages/airflow/example_dags/example_trigger_controller_dag.py
[2026-09-22T16:53:25.411+0000] {processor.py:830} INFO - Processing file /home/airflow/.local/lib/python3.12/site-packages/airflow/example_dags/example_trigger_controller_dag.py for tasks to queue
[2026-09-22T16:53:25.415+0000] {logging_mixin.py:188} INFO - [2026-09-22T16:53:25.415+0000] {dagbag.py:545} INFO - Filling up the DagBag from /home/airflow/.local/lib/python3.12/site-packages/airflow/example_dags/example_trigger_controller_dag.py
[2026-09-22T16:53:25.422+0000] {processor.py:840} INFO - DAG(s) 'example_trigger_controller_dag' retrieved from /home/airflow/.local/lib/python3.12/site-packages/airflow/example_dags/example_trigger_controller_dag.py
[2026-09-22T16:53:25.452+0000] {logging_mixin.py:188} INFO - [2026-09-22T16:53:25.451+0000] {dag.py:3089} INFO - Sync 1 DAGs
[2026-09-22T16:53:25.474+0000] {logging_mixin.py:188} INFO - [2026-09-22T16:53:25.473+0000] {dag.py:3947} INFO - Setting next_dagrun for example_trigger_controller_dag to 2021-01-01 00:00:00+00:00, run_after=2021-01-01 00:00:00+00:00
[2026-09-22T16:53:25.498+0000] {processor.py:183} INFO - Processing /home/airflow/.local/lib/python3.12/site-packages/airflow/example_dags/example_trigger_controller_dag.py took 0.097 seconds
[2026-09-22T16:53:55.582+0000] {processor.py:161} INFO - Started process (PID=1205) to work on /home/airflow/.local/lib/python3.12/site-packages/airflow/example_dags/example_trigger_controller_dag.py
[2026-09-22T16:53:55.583+0000] {processor.py:830} INFO - Processing file /home/airflow/.local/lib/python3.12/site-packages/airflow/example_dags/example_trigger_controller_dag.py for tasks to queue
[2026-09-22T16:53:55.585+0000] {logging_mixin.py:188} INFO - [2026-09-22T16:53:55.585+0000] {dagbag.py:545} INFO - Filling up the DagBag from /home/airflow/.local/lib/python3.12/site-packages/airflow/example_dags/example_trigger_controller_dag.py
[2026-09-22T16:53:55.591+0000] {processor.py:840} INFO - DAG(s) 'example_trigger_controller_dag' retrieved from /home/airflow/.local/lib/python3.12/site-packages/airflow/example_dags/example_trigger_controller_dag.py
[2026-09-22T16:53:55.611+0000] {logging_mixin.py:188} INFO - [2026-09-22T16:53:55.611+0000] {dag.py:3089} INFO - Sync 1 DAGs
[2026-09-22T16:53:55.630+0000] {logging_mixin.py:188} INFO - [2026-09-22T16:53:55.629+0000] {dag.py:3947} INFO - Setting next_dagrun for example_trigger_controller_dag to 2021-01-01 00:00:00+00:00, run_after=2021-01-01 00:00:00+00:00
[2026-09-22T16:53:55.651+0000] {processor.py:183} INFO - Processing /home/airflow/.local/lib/python3.12/site-packages/airflow/example_dags/example_trigger_controller_dag.py took 0.075 seconds
[2026-09-22T16:54:25.843+0000] {processor.py:161} INFO - Started process (PID=1263) to work on /home/airflow/.local/lib/python3.12/site-packages/airflow/example_dags/example_trigger_controller_dag.py
[2026-09-22T16:54:25.845+0000] {processor.py:830} INFO - Processing file /home/airflow/.local/lib/python3.12/site-packages/airflow/example_dags/example_trigger_controller_dag.py for tasks to queue
[2026-09-22T16:54:25.847+0000] {logging_mixin.py:188} INFO - [2026-09-22T16:54:25.847+0000] {dagbag.py:545} INFO - Filling up the DagBag from /home/airflow/.local/lib/python3.12/site-packages/airflow/example_dags/example_trigger_controller_dag.py
[2026-09-22T16:54:25.853+0000] {processor.py:840} INFO - DAG(s) 'example_trigger_controller_dag' retrieved from /home/airflow/.local/lib/python3.12/site-packages/airflow/example_dags/example_trigger_controller_dag.py
[2026-09-22T16:54:25.881+0000] {logging_mixin.py:188} INFO - [2026-09-22T16:54:25.881+0000] {dag.py:3089} INFO - Sync 1 DAGs
[2026-09-22T16:54:25.912+0000] {logging_mixin.py:188} INFO - [2026-09-22T16:54:25.911+0000] {dag.py:3947} INFO - Setting next_dagrun for example_trigger_controller_dag to 2021-01-01 00:00:00+00:00, run_after=2021-01-01 00:00:00+00:00
[2026-09-22T16:54:25.944+0000] {processor.py:183} INFO - Processing /home/airflow/.local/lib/python3.12/site-packages/airflow/example_dags/example_trigger_controller_dag.py took 0.111 seconds
[2026-09-22T16:54:56.359+0000] {processor.py:161} INFO - Started process (PID=1321) to work on /home/airflow/.local/lib/python3.12/site-packages/airflow/example_dags/example_trigger_controller_dag.py
[2026-09-22T16:54:56.360+0000] {processor.py:830} INFO - Processing file /home/airflow/.local/lib/python3.12/site-packages/airflow/example_dags/example_trigger_controller_dag.py for tasks to queue
[2026-09-22T16:54:56.363+0000] {logging_mixin.py:188} INFO - [2026-09-22T16:54:56.362+0000] {dagbag.py:545} INFO - Filling up the DagBag from /home/airflow/.local/lib/python3.12/site-packages/airflow/example_dags/example_trigger_controller_dag.py
[2026-09-22T16:54:56.367+0000] {processor.py:840} INFO - DAG(s) 'example_trigger_controller_dag' retrieved from /home/airflow/.local/lib/python3.12/site-packages/airflow/example_dags/example_trigger_controller_dag.py
[2026-09-22T16:54:56.387+0000] {logging_mixin.py:188} INFO - [2026-09-22T16:54:56.386+0000] {dag.py:3089} INFO - Sync 1 DAGs
[2026-09-22T16:54:56.414+0000] {logging_mixin.py:188} INFO - [2026-09-22T16:54:56.414+0000] {dag.py:3947} INFO - Setting next_dagrun for example_trigger_controller_dag to 2021-01-01 00:00:00+00:00, run_after=2021-01-01 00:00:00+00:00
[2026-09-22T16:54:56.440+0000] {processor.py:183} INFO - Processing /home/airflow/.local/lib/python3.12/site-packages/airflow/example_dags/example_trigger_controller_dag.py took 0.087 seconds
[2026-09-22T16:55:26.742+0000] {processor.py:161} INFO - Started process (PID=1379) to work on /home/airflow/.local/lib/python3.12/site-packages/airflow/example_dags/example_trigger_controller_dag.py
[2026-09-22T16:55:26.744+0000] {processor.py:830} INFO - Processing file /home/airflow/.local/lib/python3.12/site-packages/airflow/example_dags/example_trigger_controller_dag.py for tasks to queue
[2026-09-22T16:55:26.747+0000] {logging_mixin.py:188} INFO - [2026-09-22T16:55:26.746+0000] {dagbag.py:545} INFO - Filling up the DagBag from /home/airflow/.local/lib/python3.12/site-packages/airflow/example_dags/example_trigger_controller_dag.py
[2026-09-22T16:55:26.751+0000] {processor.py:840} INFO - DAG(s) 'example_trigger_controller_dag' retrieved from /home/airflow/.local/lib/python3.12/site-packages/airflow/example_dags/example_trigger_controller_dag.py
[2026-09-22T16:55:26.772+0000] {logging_mixin.py:188} INFO - [2026-09-22T16:55:26.772+0000] {dag.py:3089} INFO - Sync 1 DAGs
[2026-09-22T16:55:26.796+0000] {logging_mixin.py:188} INFO - [2026-09-22T16:55:26.796+0000] {dag.py:3947} INFO - Setting next_dagrun for example_trigger_controller_dag to 2021-01-01 00:00:00+00:00, run_after=2021-01-01 00:00:00+00:00
[2026-09-22T16:55:26.825+0000] {processor.py:183} INFO - Processing /home/airflow/.local/lib/python3.12/site-packages/airflow/example_dags/example_trigger_controller_dag.py took 0.092 seconds
[2026-09-22T16:55:57.133+0000] {processor.py:161} INFO - Started process (PID=1437) to work on /home/airflow/.local/lib/python3.12/site-packages/airflow/example_dags/example_trigger_controller_dag.py
[2026-09-22T16:55:57.135+0000] {processor.py:830} INFO - Processing file /home/airflow/.local/lib/python3.12/site-packages/airflow/example_dags/example_trigger_controller_dag.py for tasks to queue
[2026-09-22T16:55:57.137+0000] {logging_mixin.py:188} INFO - [2026-09-22T16:55:57.137+0000] {dagbag.py:545} INFO - Filling up the DagBag from /home/airflow/.local/lib/python3.12/site-packages/airflow/example_dags/example_trigger_controller_dag.py
[2026-09-22T16:55:57.142+0000] {processor.py:840} INFO - DAG(s) 'example_trigger_controller_dag' retrieved from /home/airflow/.local/lib/python3.12/site-packages/airflow/example_dags/example_trigger_controller_dag.py
[2026-09-22T16:55:57.161+0000] {logging_mixin.py:188} INFO - [2026-09-22T16:55:57.161+0000] {dag.py:3089} INFO - Sync 1 DAGs
[2026-09-22T16:55:57.182+0000] {logging_mixin.py:188} INFO - [2026-09-22T16:55:57.181+0000] {dag.py:3947} INFO - Setting next_dagrun for example_trigger_controller_dag to 2021-01-01 00:00:00+00:00, run_after=2021-01-01 00:00:00+00:00
[2026-09-22T16:55:57.204+0000] {processor.py:183} INFO - Processing /home/airflow/.local/lib/python3.12/site-packages/airflow/example_dags/example_trigger_controller_dag.py took 0.076 seconds
[2026-09-22T16:56:28.087+0000] {processor.py:161} INFO - Started process (PID=1495) to work on /home/airflow/.local/lib/python3.12/site-packages/airflow/example_dags/example_trigger_controller_dag.py
[2026-09-22T16:56:28.088+0000] {processor.py:830} INFO - Processing file /home/airflow/.local/lib/python3.12/site-packages/airflow/example_dags/example_trigger_controller_dag.py for tasks to queue
[2026-09-22T16:56:28.090+0000] {logging_mixin.py:188} INFO - [2026-09-22T16:56:28.090+0000] {dagbag.py:545} INFO - Filling up the DagBag from /home/airflow/.local/lib/python3.12/site-packages/airflow/example_dags/example_trigger_controller_dag.py
[2026-09-22T16:56:28.096+0000] {processor.py:840} INFO - DAG(s) 'example_trigger_controller_dag' retrieved from /home/airflow/.local/lib/python3.12/site-packages/airflow/example_dags/example_trigger_controller_dag.py
[2026-09-22T16:56:28.114+0000] {logging_mixin.py:188} INFO - [2026-09-22T16:56:28.113+0000] {dag.py:3089} INFO - Sync 1 DAGs
[2026-09-22T16:56:28.134+0000] {logging_mixin.py:188} INFO - [2026-09-22T16:56:28.134+0000] {dag.py:3947} INFO - Setting next_dagrun for example_trigger_controller_dag to 2021-01-01 00:00:00+00:00, run_after=2021-01-01 00:00:00+00:00
[2026-09-22T16:56:28.156+0000] {processor.py:183} INFO - Processing /home/airflow/.local/lib/python3.12/site-packages/airflow/example_dags/example_trigger_controller_dag.py took 0.074 seconds
[2026-09-22T16:58:05.662+0000] {processor.py:161} INFO - Started process (PID=115) to work on /home/airflow/.local/lib/python3.12/site-packages/airflow/example_dags/example_trigger_controller_dag.py
[2026-09-22T16:58:05.664+0000] {processor.py:830} INFO - Processing file /home/airflow/.local/lib/python3.12/site-packages/airflow/example_dags/example_trigger_controller_dag.py for tasks to queue
[2026-09-22T16:58:05.667+0000] {logging_mixin.py:188} INFO - [2026-09-22T16:58:05.667+0000] {dagbag.py:545} INFO - Filling up the DagBag from /home/airflow/.local/lib/python3.12/site-packages/airflow/example_dags/example_trigger_controller_dag.py
[2026-09-22T16:58:05.673+0000] {processor.py:840} INFO - DAG(s) 'example_trigger_controller_dag' retrieved from /home/airflow/.local/lib/python3.12/site-packages/airflow/example_dags/example_trigger_controller_dag.py
[2026-09-22T16:58:05.833+0000] {logging_mixin.py:188} INFO - [2026-09-22T16:58:05.833+0000] {dag.py:3089} INFO - Sync 1 DAGs
[2026-09-22T16:58:05.867+0000] {logging_mixin.py:188} INFO - [2026-09-22T16:58:05.866+0000] {dag.py:3947} INFO - Setting next_dagrun for example_trigger_controller_dag to 2021-01-01 00:00:00+00:00, run_after=2021-01-01 00:00:00+00:00
[2026-09-22T16:58:05.901+0000] {processor.py:183} INFO - Processing /home/airflow/.local/lib/python3.12/site-packages/airflow/example_dags/example_trigger_controller_dag.py took 0.244 seconds
[2026-09-22T16:58:35.978+0000] {processor.py:161} INFO - Started process (PID=173) to work on /home/airflow/.local/lib/python3.12/site-packages/airflow/example_dags/example_trigger_controller_dag.py
[2026-09-22T16:58:35.979+0000] {processor.py:830} INFO - Processing file /home/airflow/.local/lib/python3.12/site-packages/airflow/example_dags/example_trigger_controller_dag.py for tasks to queue
[2026-09-22T16:58:35.981+0000] {logging_mixin.py:188} INFO - [2026-09-22T16:58:35.981+0000] {dagbag.py:545} INFO - Filling up the DagBag from /home/airflow/.local/lib/python3.12/site-packages/airflow/example_dags/example_trigger_controller_dag.py
[2026-09-22T16:58:35.985+0000] {processor.py:840} INFO - DAG(s) 'example_trigger_controller_dag' retrieved from /home/airflow/.local/lib/python3.12/site-packages/airflow/example_dags/example_trigger_controller_dag.py
[2026-09-22T16:58:36.003+0000] {logging_mixin.py:188} INFO - [2026-09-22T16:58:36.003+0000] {dag.py:3089} INFO - Sync 1 DAGs
[2026-09-22T16:58:36.024+0000] {logging_mixin.py:188} INFO - [2026-09-22T16:58:36.023+0000] {dag.py:3947} INFO - Setting next_dagrun for example_trigger_controller_dag to 2021-01-01 00:00:00+00:00, run_after=2021-01-01 00:00:00+00:00
[2026-09-22T16:58:36.045+0000] {processor.py:183} INFO - Processing /home/airflow/.local/lib/python3.12/site-packages/airflow/example_dags/example_trigger_controller_dag.py took 0.071 seconds
[2026-09-22T16:59:06.897+0000] {processor.py:161} INFO - Started process (PID=231) to work on /home/airflow/.local/lib/python3.12/site-packages/airflow/example_dags/example_trigger_controller_dag.py
[2026-09-22T16:59:06.898+0000] {processor.py:830} INFO - Processing file /home/airflow/.local/lib/python3.12/site-packages/airflow/example_dags/example_trigger_controller_dag.py for tasks to queue
[2026-09-22T16:59:06.900+0000] {logging_mixin.py:188} INFO - [2026-09-22T16:59:06.900+0000] {dagbag.py:545} INFO - Filling up the DagBag from /home/airflow/.local/lib/python3.12/site-packages/airflow/example_dags/example_trigger_controller_dag.py
[2026-09-22T16:59:06.905+0000] {processor.py:840} INFO - DAG(s) 'example_trigger_controller_dag' retrieved from /home/airflow/.local/lib/python3.12/site-packages/airflow/example_dags/example_trigger_controller_dag.py
[2026-09-22T16:59:06.923+0000] {logging_mixin.py:188} INFO - [2026-09-22T16:59:06.923+0000] {dag.py:3089} INFO - Sync 1 DAGs
[2026-09-22T16:59:06.941+0000] {logging_mixin.py:188} INFO - [2026-09-22T16:59:06.941+0000] {dag.py:3947} INFO - Setting next_dagrun for example_trigger_controller_dag to 2021-01-01 00:00:00+00:00, run_after=2021-01-01 00:00:00+00:00
[2026-09-22T16:59:06.961+0000] {processor.py:183} INFO - Processing /home/airflow/.local/lib/python3.12/site-packages/airflow/example_dags/example_trigger_controller_dag.py took 0.069 seconds
[2026-09-22T16:59:37.310+0000] {processor.py:161} INFO - Started process (PID=289) to work on /home/airflow/.local/lib/python3.12/site-packages/airflow/example_dags/example_trigger_controller_dag.py
[2026-09-22T16:59:37.311+0000] {processor.py:830} INFO - Processing file /home/airflow/.local/lib/python3.12/site-packages/airflow/example_dags/example_trigger_controller_dag.py for tasks to queue
[2026-09-22T16:59:37.313+0000] {logging_mixin.py:188} INFO - [2026-09-22T16:59:37.312+0000] {dagbag.py:545} INFO - Filling up the DagBag from /home/airflow/.local/lib/python3.12/site-packages/airflow/example_dags/example_trigger_controller_dag.py
[2026-09-22T16:59:37.318+0000] {processor.py:840} INFO - DAG(s) 'example_trigger_controller_dag' retrieved from /home/airflow/.local/lib/python3.12/site-packages/airflow/example_dags/example_trigger_controller_dag.py
[2026-09-22T16:59:37.336+0000] {logging_mixin.py:188} INFO - [2026-09-22T16:59:37.336+0000] {dag.py:3089} INFO - Sync 1 DAGs
[2026-09-22T16:59:37.354+0000] {logging_mixin.py:188} INFO - [2026-09-22T16:59:37.354+0000] {dag.py:3947} INFO - Setting next_dagrun for example_trigger_controller_dag to 2021-01-01 00:00:00+00:00, run_after=2021-01-01 00:00:00+00:00
[2026-09-22T16:59:37.373+0000] {processor.py:183} INFO - Processing /home/airflow/.local/lib/python3.12/site-packages/airflow/example_dags/example_trigger_controller_dag.py took 0.069 seconds
[2026-09-22T17:00:07.659+0000] {processor.py:161} INFO - Started process (PID=347) to work on /home/airflow/.local/lib/python3.12/site-packages/airflow/example_dags/example_trigger_controller_dag.py
[2026-09-22T17:00:07.662+0000] {processor.py:830} INFO - Processing file /home/airflow/.local/lib/python3.12/site-packages/airflow/example_dags/example_trigger_controller_dag.py for tasks to queue
[2026-09-22T17:00:07.664+0000] {logging_mixin.py:188} INFO - [2026-09-22T17:00:07.664+0000] {dagbag.py:545} INFO - Filling up the DagBag from /home/airflow/.local/lib/python3.12/site-packages/airflow/example_dags/example_trigger_controller_dag.py
[2026-09-22T17:00:07.671+0000] {processor.py:840} INFO - DAG(s) 'example_trigger_controller_dag' retrieved from /home/airflow/.local/lib/python3.12/site-packages/airflow/example_dags/example_trigger_controller_dag.py
[2026-09-22T17:00:07.697+0000] {logging_mixin.py:188} INFO - [2026-09-22T17:00:07.696+0000] {dag.py:3089} INFO - Sync 1 DAGs
[2026-09-22T17:00:07.728+0000] {logging_mixin.py:188} INFO - [2026-09-22T17:00:07.728+0000] {dag.py:3947} INFO - Setting next_dagrun for example_trigger_controller_dag to 2021-01-01 00:00:00+00:00, run_after=2021-01-01 00:00:00+00:00
[2026-09-22T17:00:07.756+0000] {processor.py:183} INFO - Processing /home/airflow/.local/lib/python3.12/site-packages/airflow/example_dags/example_trigger_controller_dag.py took 0.107 seconds
[2026-09-22T17:00:38.201+0000] {processor.py:161} INFO - Started process (PID=405) to work on /home/airflow/.local/lib/python3.12/site-packages/airflow/example_dags/example_trigger_controller_dag.py
[2026-09-22T17:00:38.203+0000] {processor.py:830} INFO - Processing file /home/airflow/.local/lib/python3.12/site-packages/airflow/example_dags/example_trigger_controller_dag.py for tasks to queue
[2026-09-22T17:00:38.205+0000] {logging_mixin.py:188} INFO - [2026-09-22T17:00:38.204+0000] {dagbag.py:545} INFO - Filling up the DagBag from /home/airflow/.local/lib/python3.12/site-packages/airflow/example_dags/example_trigger_controller_dag.py
[2026-09-22T17:00:38.209+0000] {processor.py:840} INFO - DAG(s) 'example_trigger_controller_dag' retrieved from /home/airflow/.local/lib/python3.12/site-packages/airflow/example_dags/example_trigger_controller_dag.py
[2026-09-22T17:00:38.228+0000] {logging_mixin.py:188} INFO - [2026-09-22T17:00:38.228+0000] {dag.py:3089} INFO - Sync 1 DAGs
[2026-09-22T17:00:38.249+0000] {logging_mixin.py:188} INFO - [2026-09-22T17:00:38.249+0000] {dag.py:3947} INFO - Setting next_dagrun for example_trigger_controller_dag to 2021-01-01 00:00:00+00:00, run_after=2021-01-01 00:00:00+00:00
[2026-09-22T17:00:38.272+0000] {processor.py:183} INFO - Processing /home/airflow/.local/lib/python3.12/site-packages/airflow/example_dags/example_trigger_controller_dag.py took 0.076 seconds
[2026-09-22T17:01:08.656+0000] {processor.py:161} INFO - Started process (PID=463) to work on /home/airflow/.local/lib/python3.12/site-packages/airflow/example_dags/example_trigger_controller_dag.py
[2026-09-22T17:01:08.658+0000] {processor.py:830} INFO - Processing file /home/airflow/.local/lib/python3.12/site-packages/airflow/example_dags/example_trigger_controller_dag.py for tasks to queue
[2026-09-22T17:01:08.660+0000] {logging_mixin.py:188} INFO - [2026-09-22T17:01:08.660+0000] {dagbag.py:545} INFO - Filling up the DagBag from /home/airflow/.local/lib/python3.12/site-packages/airflow/example_dags/example_trigger_controller_dag.py
[2026-09-22T17:01:08.666+0000] {processor.py:840} INFO - DAG(s) 'example_trigger_controller_dag' retrieved from /home/airflow/.local/lib/python3.12/site-packages/airflow/example_dags/example_trigger_controller_dag.py
[2026-09-22T17:01:08.695+0000] {logging_mixin.py:188} INFO - [2026-09-22T17:01:08.695+0000] {dag.py:3089} INFO - Sync 1 DAGs
[2026-09-22T17:01:08.725+0000] {logging_mixin.py:188} INFO - [2026-09-22T17:01:08.725+0000] {dag.py:3947} INFO - Setting next_dagrun for example_trigger_controller_dag to 2021-01-01 00:00:00+00:00, run_after=2021-01-01 00:00:00+00:00
[2026-09-22T17:01:08.750+0000] {processor.py:183} INFO - Processing /home/airflow/.local/lib/python3.12/site-packages/airflow/example_dags/example_trigger_controller_dag.py took 0.103 seconds
[2026-09-22T17:01:39.269+0000] {processor.py:161} INFO - Started process (PID=521) to work on /home/airflow/.local/lib/python3.12/site-packages/airflow/example_dags/example_trigger_controller_dag.py
[2026-09-22T17:01:39.270+0000] {processor.py:830} INFO - Processing file /home/airflow/.local/lib/python3.12/site-packages/airflow/example_dags/example_trigger_controller_dag.py for tasks to queue
[2026-09-22T17:01:39.272+0000] {logging_mixin.py:188} INFO - [2026-09-22T17:01:39.271+0000] {dagbag.py:545} INFO - Filling up the DagBag from /home/airflow/.local/lib/python3.12/site-packages/airflow/example_dags/example_trigger_controller_dag.py
[2026-09-22T17:01:39.276+0000] {processor.py:840} INFO - DAG(s) 'example_trigger_controller_dag' retrieved from /home/airflow/.local/lib/python3.12/site-packages/airflow/example_dags/example_trigger_controller_dag.py
[2026-09-22T17:01:39.295+0000] {logging_mixin.py:188} INFO - [2026-09-22T17:01:39.294+0000] {dag.py:3089} INFO - Sync 1 DAGs
[2026-09-22T17:01:39.315+0000] {logging_mixin.py:188} INFO - [2026-09-22T17:01:39.315+0000] {dag.py:3947} INFO - Setting next_dagrun for example_trigger_controller_dag to 2021-01-01 00:00:00+00:00, run_after=2021-01-01 00:00:00+00:00
[2026-09-22T17:01:39.343+0000] {processor.py:183} INFO - Processing /home/airflow/.local/lib/python3.12/site-packages/airflow/example_dags/example_trigger_controller_dag.py took 0.081 seconds
[2026-09-22T17:02:10.494+0000] {processor.py:161} INFO - Started process (PID=579) to work on /home/airflow/.local/lib/python3.12/site-packages/airflow/example_dags/example_trigger_controller_dag.py
[2026-09-22T17:02:10.496+0000] {processor.py:830} INFO - Processing file /home/airflow/.local/lib/python3.12/site-packages/airflow/example_dags/example_trigger_controller_dag.py for tasks to queue
[2026-09-22T17:02:10.499+0000] {logging_mixin.py:188} INFO - [2026-09-22T17:02:10.498+0000] {dagbag.py:545} INFO - Filling up the DagBag from /home/airflow/.local/lib/python3.12/site-packages/airflow/example_dags/example_trigger_controller_dag.py
[2026-09-22T17:02:10.508+0000] {processor.py:840} INFO - DAG(s) 'example_trigger_controller_dag' retrieved from /home/airflow/.local/lib/python3.12/site-packages/airflow/example_dags/example_trigger_controller_dag.py
[2026-09-22T17:02:10.536+0000] {logging_mixin.py:188} INFO - [2026-09-22T17:02:10.536+0000] {dag.py:3089} INFO - Sync 1 DAGs
[2026-09-22T17:02:10.566+0000] {logging_mixin.py:188} INFO - [2026-09-22T17:02:10.566+0000] {dag.py:3947} INFO - Setting next_dagrun for example_trigger_controller_dag to 2021-01-01 00:00:00+00:00, run_after=2021-01-01 00:00:00+00:00
[2026-09-22T17:02:10.606+0000] {processor.py:183} INFO - Processing /home/airflow/.local/lib/python3.12/site-packages/airflow/example_dags/example_trigger_controller_dag.py took 0.123 seconds
[2026-09-22T17:03:34.269+0000] {processor.py:161} INFO - Started process (PID=113) to work on /home/airflow/.local/lib/python3.12/site-packages/airflow/example_dags/example_trigger_controller_dag.py
[2026-09-22T17:03:34.270+0000] {processor.py:830} INFO - Processing file /home/airflow/.local/lib/python3.12/site-packages/airflow/example_dags/example_trigger_controller_dag.py for tasks to queue
[2026-09-22T17:03:34.272+0000] {logging_mixin.py:188} INFO - [2026-09-22T17:03:34.272+0000] {dagbag.py:545} INFO - Filling up the DagBag from /home/airflow/.local/lib/python3.12/site-packages/airflow/example_dags/example_trigger_controller_dag.py
[2026-09-22T17:03:34.278+0000] {processor.py:840} INFO - DAG(s) 'example_trigger_controller_dag' retrieved from /home/airflow/.local/lib/python3.12/site-packages/airflow/example_dags/example_trigger_controller_dag.py
[2026-09-22T17:03:34.390+0000] {logging_mixin.py:188} INFO - [2026-09-22T17:03:34.390+0000] {dag.py:3089} INFO - Sync 1 DAGs
[2026-09-22T17:03:34.412+0000] {logging_mixin.py:188} INFO - [2026-09-22T17:03:34.412+0000] {dag.py:3947} INFO - Setting next_dagrun for example_trigger_controller_dag to 2021-01-01 00:00:00+00:00, run_after=2021-01-01 00:00:00+00:00
[2026-09-22T17:03:34.437+0000] {processor.py:183} INFO - Processing /home/airflow/.local/lib/python3.12/site-packages/airflow/example_dags/example_trigger_controller_dag.py took 0.174 seconds
[2026-09-22T17:04:04.564+0000] {processor.py:161} INFO - Started process (PID=171) to work on /home/airflow/.local/lib/python3.12/site-packages/airflow/example_dags/example_trigger_controller_dag.py
[2026-09-22T17:04:04.565+0000] {processor.py:830} INFO - Processing file /home/airflow/.local/lib/python3.12/site-packages/airflow/example_dags/example_trigger_controller_dag.py for tasks to queue
[2026-09-22T17:04:04.567+0000] {logging_mixin.py:188} INFO - [2026-09-22T17:04:04.566+0000] {dagbag.py:545} INFO - Filling up the DagBag from /home/airflow/.local/lib/python3.12/site-packages/airflow/example_dags/example_trigger_controller_dag.py
[2026-09-22T17:04:04.571+0000] {processor.py:840} INFO - DAG(s) 'example_trigger_controller_dag' retrieved from /home/airflow/.local/lib/python3.12/site-packages/airflow/example_dags/example_trigger_controller_dag.py
[2026-09-22T17:04:04.592+0000] {logging_mixin.py:188} INFO - [2026-09-22T17:04:04.592+0000] {dag.py:3089} INFO - Sync 1 DAGs
[2026-09-22T17:04:04.609+0000] {logging_mixin.py:188} INFO - [2026-09-22T17:04:04.609+0000] {dag.py:3947} INFO - Setting next_dagrun for example_trigger_controller_dag to 2021-01-01 00:00:00+00:00, run_after=2021-01-01 00:00:00+00:00
[2026-09-22T17:04:04.630+0000] {processor.py:183} INFO - Processing /home/airflow/.local/lib/python3.12/site-packages/airflow/example_dags/example_trigger_controller_dag.py took 0.072 seconds
[2026-09-22T17:04:35.446+0000] {processor.py:161} INFO - Started process (PID=229) to work on /home/airflow/.local/lib/python3.12/site-packages/airflow/example_dags/example_trigger_controller_dag.py
[2026-09-22T17:04:35.447+0000] {processor.py:830} INFO - Processing file /home/airflow/.local/lib/python3.12/site-packages/airflow/example_dags/example_trigger_controller_dag.py for tasks to queue
[2026-09-22T17:04:35.450+0000] {logging_mixin.py:188} INFO - [2026-09-22T17:04:35.450+0000] {dagbag.py:545} INFO - Filling up the DagBag from /home/airflow/.local/lib/python3.12/site-packages/airflow/example_dags/example_trigger_controller_dag.py
[2026-09-22T17:04:35.457+0000] {processor.py:840} INFO - DAG(s) 'example_trigger_controller_dag' retrieved from /home/airflow/.local/lib/python3.12/site-packages/airflow/example_dags/example_trigger_controller_dag.py
[2026-09-22T17:04:35.485+0000] {logging_mixin.py:188} INFO - [2026-09-22T17:04:35.484+0000] {dag.py:3089} INFO - Sync 1 DAGs
[2026-09-22T17:04:35.515+0000] {logging_mixin.py:188} INFO - [2026-09-22T17:04:35.515+0000] {dag.py:3947} INFO - Setting next_dagrun for example_trigger_controller_dag to 2021-01-01 00:00:00+00:00, run_after=2021-01-01 00:00:00+00:00
[2026-09-22T17:04:35.548+0000] {processor.py:183} INFO - Processing /home/airflow/.local/lib/python3.12/site-packages/airflow/example_dags/example_trigger_controller_dag.py took 0.109 seconds
[2026-09-22T17:05:06.308+0000] {processor.py:161} INFO - Started process (PID=287) to work on /home/airflow/.local/lib/python3.12/site-packages/airflow/example_dags/example_trigger_controller_dag.py
[2026-09-22T17:05:06.309+0000] {processor.py:830} INFO - Processing file /home/airflow/.local/lib/python3.12/site-packages/airflow/example_dags/example_trigger_controller_dag.py for tasks to queue
[2026-09-22T17:05:06.312+0000] {logging_mixin.py:188} INFO - [2026-09-22T17:05:06.311+0000] {dagbag.py:545} INFO - Filling up the DagBag from /home/airflow/.local/lib/python3.12/site-packages/airflow/example_dags/example_trigger_controller_dag.py
[2026-09-22T17:05:06.317+0000] {processor.py:840} INFO - DAG(s) 'example_trigger_controller_dag' retrieved from /home/airflow/.local/lib/python3.12/site-packages/airflow/example_dags/example_trigger_controller_dag.py
[2026-09-22T17:05:06.340+0000] {logging_mixin.py:188} INFO - [2026-09-22T17:05:06.340+0000] {dag.py:3089} INFO - Sync 1 DAGs
[2026-09-22T17:05:06.383+0000] {logging_mixin.py:188} INFO - [2026-09-22T17:05:06.383+0000] {dag.py:3947} INFO - Setting next_dagrun for example_trigger_controller_dag to 2021-01-01 00:00:00+00:00, run_after=2021-01-01 00:00:00+00:00
[2026-09-22T17:05:06.448+0000] {processor.py:183} INFO - Processing /home/airflow/.local/lib/python3.12/site-packages/airflow/example_dags/example_trigger_controller_dag.py took 0.151 seconds
[2026-09-22T17:05:36.629+0000] {processor.py:161} INFO - Started process (PID=345) to work on /home/airflow/.local/lib/python3.12/site-packages/airflow/example_dags/example_trigger_controller_dag.py
[2026-09-22T17:05:36.632+0000] {processor.py:830} INFO - Processing file /home/airflow/.local/lib/python3.12/site-packages/airflow/example_dags/example_trigger_controller_dag.py for tasks to queue
[2026-09-22T17:05:36.636+0000] {logging_mixin.py:188} INFO - [2026-09-22T17:05:36.635+0000] {dagbag.py:545} INFO - Filling up the DagBag from /home/airflow/.local/lib/python3.12/site-packages/airflow/example_dags/example_trigger_controller_dag.py
[2026-09-22T17:05:36.646+0000] {processor.py:840} INFO - DAG(s) 'example_trigger_controller_dag' retrieved from /home/airflow/.local/lib/python3.12/site-packages/airflow/example_dags/example_trigger_controller_dag.py
[2026-09-22T17:05:36.697+0000] {logging_mixin.py:188} INFO - [2026-09-22T17:05:36.696+0000] {dag.py:3089} INFO - Sync 1 DAGs
[2026-09-22T17:05:36.744+0000] {logging_mixin.py:188} INFO - [2026-09-22T17:05:36.744+0000] {dag.py:3947} INFO - Setting next_dagrun for example_trigger_controller_dag to 2021-01-01 00:00:00+00:00, run_after=2021-01-01 00:00:00+00:00
[2026-09-22T17:05:36.780+0000] {processor.py:183} INFO - Processing /home/airflow/.local/lib/python3.12/site-packages/airflow/example_dags/example_trigger_controller_dag.py took 0.161 seconds
[2026-09-22T17:06:07.218+0000] {processor.py:161} INFO - Started process (PID=403) to work on /home/airflow/.local/lib/python3.12/site-packages/airflow/example_dags/example_trigger_controller_dag.py
[2026-09-22T17:06:07.220+0000] {processor.py:830} INFO - Processing file /home/airflow/.local/lib/python3.12/site-packages/airflow/example_dags/example_trigger_controller_dag.py for tasks to queue
[2026-09-22T17:06:07.222+0000] {logging_mixin.py:188} INFO - [2026-09-22T17:06:07.222+0000] {dagbag.py:545} INFO - Filling up the DagBag from /home/airflow/.local/lib/python3.12/site-packages/airflow/example_dags/example_trigger_controller_dag.py
[2026-09-22T17:06:07.227+0000] {processor.py:840} INFO - DAG(s) 'example_trigger_controller_dag' retrieved from /home/airflow/.local/lib/python3.12/site-packages/airflow/example_dags/example_trigger_controller_dag.py
[2026-09-22T17:06:07.256+0000] {logging_mixin.py:188} INFO - [2026-09-22T17:06:07.256+0000] {dag.py:3089} INFO - Sync 1 DAGs
[2026-09-22T17:06:07.279+0000] {logging_mixin.py:188} INFO - [2026-09-22T17:06:07.279+0000] {dag.py:3947} INFO - Setting next_dagrun for example_trigger_controller_dag to 2021-01-01 00:00:00+00:00, run_after=2021-01-01 00:00:00+00:00
[2026-09-22T17:06:07.313+0000] {processor.py:183} INFO - Processing /home/airflow/.local/lib/python3.12/site-packages/airflow/example_dags/example_trigger_controller_dag.py took 0.103 seconds
[2026-09-22T17:06:38.025+0000] {processor.py:161} INFO - Started process (PID=461) to work on /home/airflow/.local/lib/python3.12/site-packages/airflow/example_dags/example_trigger_controller_dag.py
[2026-09-22T17:06:38.026+0000] {processor.py:830} INFO - Processing file /home/airflow/.local/lib/python3.12/site-packages/airflow/example_dags/example_trigger_controller_dag.py for tasks to queue
[2026-09-22T17:06:38.028+0000] {logging_mixin.py:188} INFO - [2026-09-22T17:06:38.028+0000] {dagbag.py:545} INFO - Filling up the DagBag from /home/airflow/.local/lib/python3.12/site-packages/airflow/example_dags/example_trigger_controller_dag.py
[2026-09-22T17:06:38.033+0000] {processor.py:840} INFO - DAG(s) 'example_trigger_controller_dag' retrieved from /home/airflow/.local/lib/python3.12/site-packages/airflow/example_dags/example_trigger_controller_dag.py
[2026-09-22T17:06:38.050+0000] {logging_mixin.py:188} INFO - [2026-09-22T17:06:38.050+0000] {dag.py:3089} INFO - Sync 1 DAGs
[2026-09-22T17:06:38.068+0000] {logging_mixin.py:188} INFO - [2026-09-22T17:06:38.068+0000] {dag.py:3947} INFO - Setting next_dagrun for example_trigger_controller_dag to 2021-01-01 00:00:00+00:00, run_after=2021-01-01 00:00:00+00:00
[2026-09-22T17:06:38.088+0000] {processor.py:183} INFO - Processing /home/airflow/.local/lib/python3.12/site-packages/airflow/example_dags/example_trigger_controller_dag.py took 0.068 seconds
[2026-09-22T17:07:08.859+0000] {processor.py:161} INFO - Started process (PID=519) to work on /home/airflow/.local/lib/python3.12/site-packages/airflow/example_dags/example_trigger_controller_dag.py
[2026-09-22T17:07:08.860+0000] {processor.py:830} INFO - Processing file /home/airflow/.local/lib/python3.12/site-packages/airflow/example_dags/example_trigger_controller_dag.py for tasks to queue
[2026-09-22T17:07:08.862+0000] {logging_mixin.py:188} INFO - [2026-09-22T17:07:08.861+0000] {dagbag.py:545} INFO - Filling up the DagBag from /home/airflow/.local/lib/python3.12/site-packages/airflow/example_dags/example_trigger_controller_dag.py
[2026-09-22T17:07:08.869+0000] {processor.py:840} INFO - DAG(s) 'example_trigger_controller_dag' retrieved from /home/airflow/.local/lib/python3.12/site-packages/airflow/example_dags/example_trigger_controller_dag.py
[2026-09-22T17:07:08.891+0000] {logging_mixin.py:188} INFO - [2026-09-22T17:07:08.891+0000] {dag.py:3089} INFO - Sync 1 DAGs
[2026-09-22T17:07:08.912+0000] {logging_mixin.py:188} INFO - [2026-09-22T17:07:08.912+0000] {dag.py:3947} INFO - Setting next_dagrun for example_trigger_controller_dag to 2021-01-01 00:00:00+00:00, run_after=2021-01-01 00:00:00+00:00
[2026-09-22T17:07:08.936+0000] {processor.py:183} INFO - Processing /home/airflow/.local/lib/python3.12/site-packages/airflow/example_dags/example_trigger_controller_dag.py took 0.083 seconds
[2026-09-22T17:07:39.399+0000] {processor.py:161} INFO - Started process (PID=577) to work on /home/airflow/.local/lib/python3.12/site-packages/airflow/example_dags/example_trigger_controller_dag.py
[2026-09-22T17:07:39.402+0000] {processor.py:830} INFO - Processing file /home/airflow/.local/lib/python3.12/site-packages/airflow/example_dags/example_trigger_controller_dag.py for tasks to queue
[2026-09-22T17:07:39.404+0000] {logging_mixin.py:188} INFO - [2026-09-22T17:07:39.403+0000] {dagbag.py:545} INFO - Filling up the DagBag from /home/airflow/.local/lib/python3.12/site-packages/airflow/example_dags/example_trigger_controller_dag.py
[2026-09-22T17:07:39.408+0000] {processor.py:840} INFO - DAG(s) 'example_trigger_controller_dag' retrieved from /home/airflow/.local/lib/python3.12/site-packages/airflow/example_dags/example_trigger_controller_dag.py
[2026-09-22T17:07:39.426+0000] {logging_mixin.py:188} INFO - [2026-09-22T17:07:39.426+0000] {dag.py:3089} INFO - Sync 1 DAGs
[2026-09-22T17:07:39.446+0000] {logging_mixin.py:188} INFO - [2026-09-22T17:07:39.445+0000] {dag.py:3947} INFO - Setting next_dagrun for example_trigger_controller_dag to 2021-01-01 00:00:00+00:00, run_after=2021-01-01 00:00:00+00:00
[2026-09-22T17:07:39.466+0000] {processor.py:183} INFO - Processing /home/airflow/.local/lib/python3.12/site-packages/airflow/example_dags/example_trigger_controller_dag.py took 0.072 seconds
[2026-09-22T17:08:09.728+0000] {processor.py:161} INFO - Started process (PID=635) to work on /home/airflow/.local/lib/python3.12/site-packages/airflow/example_dags/example_trigger_controller_dag.py
[2026-09-22T17:08:09.729+0000] {processor.py:830} INFO - Processing file /home/airflow/.local/lib/python3.12/site-packages/airflow/example_dags/example_trigger_controller_dag.py for tasks to queue
[2026-09-22T17:08:09.731+0000] {logging_mixin.py:188} INFO - [2026-09-22T17:08:09.730+0000] {dagbag.py:545} INFO - Filling up the DagBag from /home/airflow/.local/lib/python3.12/site-packages/airflow/example_dags/example_trigger_controller_dag.py
[2026-09-22T17:08:09.736+0000] {processor.py:840} INFO - DAG(s) 'example_trigger_controller_dag' retrieved from /home/airflow/.local/lib/python3.12/site-packages/airflow/example_dags/example_trigger_controller_dag.py
[2026-09-22T17:08:09.755+0000] {logging_mixin.py:188} INFO - [2026-09-22T17:08:09.754+0000] {dag.py:3089} INFO - Sync 1 DAGs
[2026-09-22T17:08:09.774+0000] {logging_mixin.py:188} INFO - [2026-09-22T17:08:09.774+0000] {dag.py:3947} INFO - Setting next_dagrun for example_trigger_controller_dag to 2021-01-01 00:00:00+00:00, run_after=2021-01-01 00:00:00+00:00
[2026-09-22T17:08:09.794+0000] {processor.py:183} INFO - Processing /home/airflow/.local/lib/python3.12/site-packages/airflow/example_dags/example_trigger_controller_dag.py took 0.072 seconds
[2026-09-22T17:08:39.984+0000] {processor.py:161} INFO - Started process (PID=699) to work on /home/airflow/.local/lib/python3.12/site-packages/airflow/example_dags/example_trigger_controller_dag.py
[2026-09-22T17:08:39.985+0000] {processor.py:830} INFO - Processing file /home/airflow/.local/lib/python3.12/site-packages/airflow/example_dags/example_trigger_controller_dag.py for tasks to queue
[2026-09-22T17:08:39.988+0000] {logging_mixin.py:188} INFO - [2026-09-22T17:08:39.987+0000] {dagbag.py:545} INFO - Filling up the DagBag from /home/airflow/.local/lib/python3.12/site-packages/airflow/example_dags/example_trigger_controller_dag.py
[2026-09-22T17:08:39.993+0000] {processor.py:840} INFO - DAG(s) 'example_trigger_controller_dag' retrieved from /home/airflow/.local/lib/python3.12/site-packages/airflow/example_dags/example_trigger_controller_dag.py
[2026-09-22T17:08:40.015+0000] {logging_mixin.py:188} INFO - [2026-09-22T17:08:40.014+0000] {dag.py:3089} INFO - Sync 1 DAGs
[2026-09-22T17:08:40.034+0000] {logging_mixin.py:188} INFO - [2026-09-22T17:08:40.034+0000] {dag.py:3947} INFO - Setting next_dagrun for example_trigger_controller_dag to 2021-01-01 00:00:00+00:00, run_after=2021-01-01 00:00:00+00:00
[2026-09-22T17:08:40.052+0000] {processor.py:183} INFO - Processing /home/airflow/.local/lib/python3.12/site-packages/airflow/example_dags/example_trigger_controller_dag.py took 0.075 seconds
[2026-09-22T17:09:10.255+0000] {processor.py:161} INFO - Started process (PID=757) to work on /home/airflow/.local/lib/python3.12/site-packages/airflow/example_dags/example_trigger_controller_dag.py
[2026-09-22T17:09:10.257+0000] {processor.py:830} INFO - Processing file /home/airflow/.local/lib/python3.12/site-packages/airflow/example_dags/example_trigger_controller_dag.py for tasks to queue
[2026-09-22T17:09:10.258+0000] {logging_mixin.py:188} INFO - [2026-09-22T17:09:10.258+0000] {dagbag.py:545} INFO - Filling up the DagBag from /home/airflow/.local/lib/python3.12/site-packages/airflow/example_dags/example_trigger_controller_dag.py
[2026-09-22T17:09:10.262+0000] {processor.py:840} INFO - DAG(s) 'example_trigger_controller_dag' retrieved from /home/airflow/.local/lib/python3.12/site-packages/airflow/example_dags/example_trigger_controller_dag.py
[2026-09-22T17:09:10.280+0000] {logging_mixin.py:188} INFO - [2026-09-22T17:09:10.280+0000] {dag.py:3089} INFO - Sync 1 DAGs
[2026-09-22T17:09:10.296+0000] {logging_mixin.py:188} INFO - [2026-09-22T17:09:10.296+0000] {dag.py:3947} INFO - Setting next_dagrun for example_trigger_controller_dag to 2021-01-01 00:00:00+00:00, run_after=2021-01-01 00:00:00+00:00
[2026-09-22T17:09:10.319+0000] {processor.py:183} INFO - Processing /home/airflow/.local/lib/python3.12/site-packages/airflow/example_dags/example_trigger_controller_dag.py took 0.069 seconds
[2026-09-22T17:09:40.513+0000] {processor.py:161} INFO - Started process (PID=815) to work on /home/airflow/.local/lib/python3.12/site-packages/airflow/example_dags/example_trigger_controller_dag.py
[2026-09-22T17:09:40.515+0000] {processor.py:830} INFO - Processing file /home/airflow/.local/lib/python3.12/site-packages/airflow/example_dags/example_trigger_controller_dag.py for tasks to queue
[2026-09-22T17:09:40.517+0000] {logging_mixin.py:188} INFO - [2026-09-22T17:09:40.516+0000] {dagbag.py:545} INFO - Filling up the DagBag from /home/airflow/.local/lib/python3.12/site-packages/airflow/example_dags/example_trigger_controller_dag.py
[2026-09-22T17:09:40.522+0000] {processor.py:840} INFO - DAG(s) 'example_trigger_controller_dag' retrieved from /home/airflow/.local/lib/python3.12/site-packages/airflow/example_dags/example_trigger_controller_dag.py
[2026-09-22T17:09:40.541+0000] {logging_mixin.py:188} INFO - [2026-09-22T17:09:40.541+0000] {dag.py:3089} INFO - Sync 1 DAGs
[2026-09-22T17:09:40.562+0000] {logging_mixin.py:188} INFO - [2026-09-22T17:09:40.562+0000] {dag.py:3947} INFO - Setting next_dagrun for example_trigger_controller_dag to 2021-01-01 00:00:00+00:00, run_after=2021-01-01 00:00:00+00:00
[2026-09-22T17:09:40.583+0000] {processor.py:183} INFO - Processing /home/airflow/.local/lib/python3.12/site-packages/airflow/example_dags/example_trigger_controller_dag.py took 0.075 seconds
[2026-09-22T17:10:10.693+0000] {processor.py:161} INFO - Started process (PID=873) to work on /home/airflow/.local/lib/python3.12/site-packages/airflow/example_dags/example_trigger_controller_dag.py
[2026-09-22T17:10:10.694+0000] {processor.py:830} INFO - Processing file /home/airflow/.local/lib/python3.12/site-packages/airflow/example_dags/example_trigger_controller_dag.py for tasks to queue
[2026-09-22T17:10:10.696+0000] {logging_mixin.py:188} INFO - [2026-09-22T17:10:10.695+0000] {dagbag.py:545} INFO - Filling up the DagBag from /home/airflow/.local/lib/python3.12/site-packages/airflow/example_dags/example_trigger_controller_dag.py
[2026-09-22T17:10:10.703+0000] {processor.py:840} INFO - DAG(s) 'example_trigger_controller_dag' retrieved from /home/airflow/.local/lib/python3.12/site-packages/airflow/example_dags/example_trigger_controller_dag.py
[2026-09-22T17:10:10.722+0000] {logging_mixin.py:188} INFO - [2026-09-22T17:10:10.722+0000] {dag.py:3089} INFO - Sync 1 DAGs
[2026-09-22T17:10:10.742+0000] {logging_mixin.py:188} INFO - [2026-09-22T17:10:10.742+0000] {dag.py:3947} INFO - Setting next_dagrun for example_trigger_controller_dag to 2021-01-01 00:00:00+00:00, run_after=2021-01-01 00:00:00+00:00
[2026-09-22T17:10:10.763+0000] {processor.py:183} INFO - Processing /home/airflow/.local/lib/python3.12/site-packages/airflow/example_dags/example_trigger_controller_dag.py took 0.077 seconds
[2026-09-22T17:10:40.821+0000] {processor.py:161} INFO - Started process (PID=931) to work on /home/airflow/.local/lib/python3.12/site-packages/airflow/example_dags/example_trigger_controller_dag.py
[2026-09-22T17:10:40.822+0000] {processor.py:830} INFO - Processing file /home/airflow/.local/lib/python3.12/site-packages/airflow/example_dags/example_trigger_controller_dag.py for tasks to queue
[2026-09-22T17:10:40.824+0000] {logging_mixin.py:188} INFO - [2026-09-22T17:10:40.823+0000] {dagbag.py:545} INFO - Filling up the DagBag from /home/airflow/.local/lib/python3.12/site-packages/airflow/example_dags/example_trigger_controller_dag.py
[2026-09-22T17:10:40.828+0000] {processor.py:840} INFO - DAG(s) 'example_trigger_controller_dag' retrieved from /home/airflow/.local/lib/python3.12/site-packages/airflow/example_dags/example_trigger_controller_dag.py
[2026-09-22T17:10:40.846+0000] {logging_mixin.py:188} INFO - [2026-09-22T17:10:40.846+0000] {dag.py:3089} INFO - Sync 1 DAGs
[2026-09-22T17:10:40.865+0000] {logging_mixin.py:188} INFO - [2026-09-22T17:10:40.865+0000] {dag.py:3947} INFO - Setting next_dagrun for example_trigger_controller_dag to 2021-01-01 00:00:00+00:00, run_after=2021-01-01 00:00:00+00:00
[2026-09-22T17:10:40.886+0000] {processor.py:183} INFO - Processing /home/airflow/.local/lib/python3.12/site-packages/airflow/example_dags/example_trigger_controller_dag.py took 0.071 seconds
[2026-09-22T17:11:11.058+0000] {processor.py:161} INFO - Started process (PID=989) to work on /home/airflow/.local/lib/python3.12/site-packages/airflow/example_dags/example_trigger_controller_dag.py
[2026-09-22T17:11:11.059+0000] {processor.py:830} INFO - Processing file /home/airflow/.local/lib/python3.12/site-packages/airflow/example_dags/example_trigger_controller_dag.py for tasks to queue
[2026-09-22T17:11:11.061+0000] {logging_mixin.py:188} INFO - [2026-09-22T17:11:11.060+0000] {dagbag.py:545} INFO - Filling up the DagBag from /home/airflow/.local/lib/python3.12/site-packages/airflow/example_dags/example_trigger_controller_dag.py
[2026-09-22T17:11:11.065+0000] {processor.py:840} INFO - DAG(s) 'example_trigger_controller_dag' retrieved from /home/airflow/.local/lib/python3.12/site-packages/airflow/example_dags/example_trigger_controller_dag.py
[2026-09-22T17:11:11.083+0000] {logging_mixin.py:188} INFO - [2026-09-22T17:11:11.083+0000] {dag.py:3089} INFO - Sync 1 DAGs
[2026-09-22T17:11:11.099+0000] {logging_mixin.py:188} INFO - [2026-09-22T17:11:11.099+0000] {dag.py:3947} INFO - Setting next_dagrun for example_trigger_controller_dag to 2021-01-01 00:00:00+00:00, run_after=2021-01-01 00:00:00+00:00
[2026-09-22T17:11:11.119+0000] {processor.py:183} INFO - Processing /home/airflow/.local/lib/python3.12/site-packages/airflow/example_dags/example_trigger_controller_dag.py took 0.067 seconds
[2026-09-22T17:11:41.475+0000] {processor.py:161} INFO - Started process (PID=1047) to work on /home/airflow/.local/lib/python3.12/site-packages/airflow/example_dags/example_trigger_controller_dag.py
[2026-09-22T17:11:41.476+0000] {processor.py:830} INFO - Processing file /home/airflow/.local/lib/python3.12/site-packages/airflow/example_dags/example_trigger_controller_dag.py for tasks to queue
[2026-09-22T17:11:41.478+0000] {logging_mixin.py:188} INFO - [2026-09-22T17:11:41.478+0000] {dagbag.py:545} INFO - Filling up the DagBag from /home/airflow/.local/lib/python3.12/site-packages/airflow/example_dags/example_trigger_controller_dag.py
[2026-09-22T17:11:41.484+0000] {processor.py:840} INFO - DAG(s) 'example_trigger_controller_dag' retrieved from /home/airflow/.local/lib/python3.12/site-packages/airflow/example_dags/example_trigger_controller_dag.py
[2026-09-22T17:11:41.503+0000] {logging_mixin.py:188} INFO - [2026-09-22T17:11:41.503+0000] {dag.py:3089} INFO - Sync 1 DAGs
[2026-09-22T17:11:41.523+0000] {logging_mixin.py:188} INFO - [2026-09-22T17:11:41.523+0000] {dag.py:3947} INFO - Setting next_dagrun for example_trigger_controller_dag to 2021-01-01 00:00:00+00:00, run_after=2021-01-01 00:00:00+00:00
[2026-09-22T17:11:41.544+0000] {processor.py:183} INFO - Processing /home/airflow/.local/lib/python3.12/site-packages/airflow/example_dags/example_trigger_controller_dag.py took 0.074 seconds
[2026-09-22T17:12:11.619+0000] {processor.py:161} INFO - Started process (PID=1105) to work on /home/airflow/.local/lib/python3.12/site-packages/airflow/example_dags/example_trigger_controller_dag.py
[2026-09-22T17:12:11.620+0000] {processor.py:830} INFO - Processing file /home/airflow/.local/lib/python3.12/site-packages/airflow/example_dags/example_trigger_controller_dag.py for tasks to queue
[2026-09-22T17:12:11.622+0000] {logging_mixin.py:188} INFO - [2026-09-22T17:12:11.622+0000] {dagbag.py:545} INFO - Filling up the DagBag from /home/airflow/.local/lib/python3.12/site-packages/airflow/example_dags/example_trigger_controller_dag.py
[2026-09-22T17:12:11.631+0000] {processor.py:840} INFO - DAG(s) 'example_trigger_controller_dag' retrieved from /home/airflow/.local/lib/python3.12/site-packages/airflow/example_dags/example_trigger_controller_dag.py
[2026-09-22T17:12:11.648+0000] {logging_mixin.py:188} INFO - [2026-09-22T17:12:11.647+0000] {dag.py:3089} INFO - Sync 1 DAGs
[2026-09-22T17:12:11.665+0000] {logging_mixin.py:188} INFO - [2026-09-22T17:12:11.665+0000] {dag.py:3947} INFO - Setting next_dagrun for example_trigger_controller_dag to 2021-01-01 00:00:00+00:00, run_after=2021-01-01 00:00:00+00:00
[2026-09-22T17:12:11.685+0000] {processor.py:183} INFO - Processing /home/airflow/.local/lib/python3.12/site-packages/airflow/example_dags/example_trigger_controller_dag.py took 0.070 seconds
[2026-09-22T17:12:41.936+0000] {processor.py:161} INFO - Started process (PID=1163) to work on /home/airflow/.local/lib/python3.12/site-packages/airflow/example_dags/example_trigger_controller_dag.py
[2026-09-22T17:12:41.937+0000] {processor.py:830} INFO - Processing file /home/airflow/.local/lib/python3.12/site-packages/airflow/example_dags/example_trigger_controller_dag.py for tasks to queue
[2026-09-22T17:12:41.940+0000] {logging_mixin.py:188} INFO - [2026-09-22T17:12:41.939+0000] {dagbag.py:545} INFO - Filling up the DagBag from /home/airflow/.local/lib/python3.12/site-packages/airflow/example_dags/example_trigger_controller_dag.py
[2026-09-22T17:12:41.945+0000] {processor.py:840} INFO - DAG(s) 'example_trigger_controller_dag' retrieved from /home/airflow/.local/lib/python3.12/site-packages/airflow/example_dags/example_trigger_controller_dag.py
[2026-09-22T17:12:41.965+0000] {logging_mixin.py:188} INFO - [2026-09-22T17:12:41.964+0000] {dag.py:3089} INFO - Sync 1 DAGs
[2026-09-22T17:12:41.985+0000] {logging_mixin.py:188} INFO - [2026-09-22T17:12:41.985+0000] {dag.py:3947} INFO - Setting next_dagrun for example_trigger_controller_dag to 2021-01-01 00:00:00+00:00, run_after=2021-01-01 00:00:00+00:00
[2026-09-22T17:12:42.004+0000] {processor.py:183} INFO - Processing /home/airflow/.local/lib/python3.12/site-packages/airflow/example_dags/example_trigger_controller_dag.py took 0.075 seconds
[2026-09-22T17:13:12.365+0000] {processor.py:161} INFO - Started process (PID=1221) to work on /home/airflow/.local/lib/python3.12/site-packages/airflow/example_dags/example_trigger_controller_dag.py
[2026-09-22T17:13:12.366+0000] {processor.py:830} INFO - Processing file /home/airflow/.local/lib/python3.12/site-packages/airflow/example_dags/example_trigger_controller_dag.py for tasks to queue
[2026-09-22T17:13:12.369+0000] {logging_mixin.py:188} INFO - [2026-09-22T17:13:12.368+0000] {dagbag.py:545} INFO - Filling up the DagBag from /home/airflow/.local/lib/python3.12/site-packages/airflow/example_dags/example_trigger_controller_dag.py
[2026-09-22T17:13:12.375+0000] {processor.py:840} INFO - DAG(s) 'example_trigger_controller_dag' retrieved from /home/airflow/.local/lib/python3.12/site-packages/airflow/example_dags/example_trigger_controller_dag.py
[2026-09-22T17:13:12.397+0000] {logging_mixin.py:188} INFO - [2026-09-22T17:13:12.396+0000] {dag.py:3089} INFO - Sync 1 DAGs
[2026-09-22T17:13:12.422+0000] {logging_mixin.py:188} INFO - [2026-09-22T17:13:12.422+0000] {dag.py:3947} INFO - Setting next_dagrun for example_trigger_controller_dag to 2021-01-01 00:00:00+00:00, run_after=2021-01-01 00:00:00+00:00
[2026-09-22T17:13:12.446+0000] {processor.py:183} INFO - Processing /home/airflow/.local/lib/python3.12/site-packages/airflow/example_dags/example_trigger_controller_dag.py took 0.088 seconds
