[2026-09-22T16:19:33.869+0000] {processor.py:161} INFO - Started process (PID=100) to work on /home/airflow/.local/lib/python3.12/site-packages/airflow/example_dags/example_bash_operator.py
[2026-09-22T16:19:33.871+0000] {processor.py:830} INFO - Processing file /home/airflow/.local/lib/python3.12/site-packages/airflow/example_dags/example_bash_operator.py for tasks to queue
[2026-09-22T16:19:33.874+0000] {logging_mixin.py:188} INFO - [2026-09-22T16:19:33.873+0000] {dagbag.py:545} INFO - Filling up the DagBag from /home/airflow/.local/lib/python3.12/site-packages/airflow/example_dags/example_bash_operator.py
[2026-09-22T16:19:33.893+0000] {processor.py:840} INFO - DAG(s) 'example_bash_operator' retrieved from /home/airflow/.local/lib/python3.12/site-packages/airflow/example_dags/example_bash_operator.py
[2026-09-22T16:19:34.052+0000] {logging_mixin.py:188} INFO - [2026-09-22T16:19:34.052+0000] {dag.py:3089} INFO - Sync 1 DAGs
[2026-09-22T16:19:34.080+0000] {logging_mixin.py:188} INFO - [2026-09-22T16:19:34.080+0000] {dag.py:3947} INFO - Setting next_dagrun for example_bash_operator to 2026-09-21 00:00:00+00:00, run_after=2026-09-22 00:00:00+00:00
[2026-09-22T16:19:34.112+0000] {processor.py:183} INFO - Processing /home/airflow/.local/lib/python3.12/site-packages/airflow/example_dags/example_bash_operator.py took 0.253 seconds
[2026-09-22T16:20:04.175+0000] {processor.py:161} INFO - Started process (PID=158) to work on /home/airflow/.local/lib/python3.12/site-packages/airflow/example_dags/example_bash_operator.py
[2026-09-22T16:20:04.176+0000] {processor.py:830} INFO - Processing file /home/airflow/.local/lib/python3.12/site-packages/airflow/example_dags/example_bash_operator.py for tasks to queue
[2026-09-22T16:20:04.179+0000] {logging_mixin.py:188} INFO - [2026-09-22T16:20:04.179+0000] {dagbag.py:545} INFO - Filling up the DagBag from /home/airflow/.local/lib/python3.12/site-packages/airflow/example_dags/example_bash_operator.py
[2026-09-22T16:20:04.192+0000] {processor.py:840} INFO - DAG(s) 'example_bash_operator' retrieved from /home/airflow/.local/lib/python3.12/site-packages/airflow/example_dags/example_bash_operator.py
[2026-09-22T16:20:04.228+0000] {logging_mixin.py:188} INFO - [2026-09-22T16:20:04.228+0000] {dag.py:3089} INFO - Sync 1 DAGs
[2026-09-22T16:20:04.257+0000] {logging_mixin.py:188} INFO - [2026-09-22T16:20:04.257+0000] {dag.py:3947} INFO - Setting next_dagrun for example_bash_operator to 2026-09-21 00:00:00+00:00, run_after=2026-09-22 00:00:00+00:00
[2026-09-22T16:20:04.285+0000] {processor.py:183} INFO - Processing /home/airflow/.local/lib/python3.12/site-packages/airflow/example_dags/example_bash_operator.py took 0.119 seconds
[2026-09-22T16:20:34.906+0000] {processor.py:161} INFO - Started process (PID=215) to work on /home/airflow/.local/lib/python3.12/site-packages/airflow/example_dags/example_bash_operator.py
[2026-09-22T16:20:34.907+0000] {processor.py:830} INFO - Processing file /home/airflow/.local/lib/python3.12/site-packages/airflow/example_dags/example_bash_operator.py for tasks to queue
[2026-09-22T16:20:34.913+0000] {logging_mixin.py:188} INFO - [2026-09-22T16:20:34.912+0000] {dagbag.py:545} INFO - Filling up the DagBag from /home/airflow/.local/lib/python3.12/site-packages/airflow/example_dags/example_bash_operator.py
[2026-09-22T16:20:34.928+0000] {processor.py:840} INFO - DAG(s) 'example_bash_operator' retrieved from /home/airflow/.local/lib/python3.12/site-packages/airflow/example_dags/example_bash_operator.py
[2026-09-22T16:20:34.964+0000] {logging_mixin.py:188} INFO - [2026-09-22T16:20:34.964+0000] {dag.py:3089} INFO - Sync 1 DAGs
[2026-09-22T16:20:34.998+0000] {logging_mixin.py:188} INFO - [2026-09-22T16:20:34.998+0000] {dag.py:3947} INFO - Setting next_dagrun for example_bash_operator to 2026-09-21 00:00:00+00:00, run_after=2026-09-22 00:00:00+00:00
[2026-09-22T16:20:35.026+0000] {processor.py:183} INFO - Processing /home/airflow/.local/lib/python3.12/site-packages/airflow/example_dags/example_bash_operator.py took 0.131 seconds
[2026-09-22T16:21:05.322+0000] {processor.py:161} INFO - Started process (PID=273) to work on /home/airflow/.local/lib/python3.12/site-packages/airflow/example_dags/example_bash_operator.py
[2026-09-22T16:21:05.324+0000] {processor.py:830} INFO - Processing file /home/airflow/.local/lib/python3.12/site-packages/airflow/example_dags/example_bash_operator.py for tasks to queue
[2026-09-22T16:21:05.327+0000] {logging_mixin.py:188} INFO - [2026-09-22T16:21:05.326+0000] {dagbag.py:545} INFO - Filling up the DagBag from /home/airflow/.local/lib/python3.12/site-packages/airflow/example_dags/example_bash_operator.py
[2026-09-22T16:21:05.344+0000] {processor.py:840} INFO - DAG(s) 'example_bash_operator' retrieved from /home/airflow/.local/lib/python3.12/site-packages/airflow/example_dags/example_bash_operator.py
[2026-09-22T16:21:05.384+0000] {logging_mixin.py:188} INFO - [2026-09-22T16:21:05.384+0000] {dag.py:3089} INFO - Sync 1 DAGs
[2026-09-22T16:21:05.414+0000] {logging_mixin.py:188} INFO - [2026-09-22T16:21:05.414+0000] {dag.py:3947} INFO - Setting next_dagrun for example_bash_operator to 2026-09-21 00:00:00+00:00, run_after=2026-09-22 00:00:00+00:00
[2026-09-22T16:21:05.444+0000] {processor.py:183} INFO - Processing /home/airflow/.local/lib/python3.12/site-packages/airflow/example_dags/example_bash_operator.py took 0.132 seconds
[2026-09-22T16:21:36.194+0000] {processor.py:161} INFO - Started process (PID=331) to work on /home/airflow/.local/lib/python3.12/site-packages/airflow/example_dags/example_bash_operator.py
[2026-09-22T16:21:36.195+0000] {processor.py:830} INFO - Processing file /home/airflow/.local/lib/python3.12/site-packages/airflow/example_dags/example_bash_operator.py for tasks to queue
[2026-09-22T16:21:36.198+0000] {logging_mixin.py:188} INFO - [2026-09-22T16:21:36.197+0000] {dagbag.py:545} INFO - Filling up the DagBag from /home/airflow/.local/lib/python3.12/site-packages/airflow/example_dags/example_bash_operator.py
[2026-09-22T16:21:36.211+0000] {processor.py:840} INFO - DAG(s) 'example_bash_operator' retrieved from /home/airflow/.local/lib/python3.12/site-packages/airflow/example_dags/example_bash_operator.py
[2026-09-22T16:21:36.243+0000] {logging_mixin.py:188} INFO - [2026-09-22T16:21:36.243+0000] {dag.py:3089} INFO - Sync 1 DAGs
[2026-09-22T16:21:36.274+0000] {logging_mixin.py:188} INFO - [2026-09-22T16:21:36.274+0000] {dag.py:3947} INFO - Setting next_dagrun for example_bash_operator to 2026-09-21 00:00:00+00:00, run_after=2026-09-22 00:00:00+00:00
[2026-09-22T16:21:36.318+0000] {processor.py:183} INFO - Processing /home/airflow/.local/lib/python3.12/site-packages/airflow/example_dags/example_bash_operator.py took 0.134 seconds
[2026-09-22T16:22:06.693+0000] {processor.py:161} INFO - Started process (PID=389) to work on /home/airflow/.local/lib/python3.12/site-packages/airflow/example_dags/example_bash_operator.py
[2026-09-22T16:22:06.695+0000] {processor.py:830} INFO - Processing file /home/airflow/.local/lib/python3.12/site-packages/airflow/example_dags/example_bash_operator.py for tasks to queue
[2026-09-22T16:22:06.700+0000] {logging_mixin.py:188} INFO - [2026-09-22T16:22:06.699+0000] {dagbag.py:545} INFO - Filling up the DagBag from /home/airflow/.local/lib/python3.12/site-packages/airflow/example_dags/example_bash_operator.py
[2026-09-22T16:22:06.721+0000] {processor.py:840} INFO - DAG(s) 'example_bash_operator' retrieved from /home/airflow/.local/lib/python3.12/site-packages/airflow/example_dags/example_bash_operator.py
[2026-09-22T16:22:06.771+0000] {logging_mixin.py:188} INFO - [2026-09-22T16:22:06.771+0000] {dag.py:3089} INFO - Sync 1 DAGs
[2026-09-22T16:22:06.818+0000] {logging_mixin.py:188} INFO - [2026-09-22T16:22:06.817+0000] {dag.py:3947} INFO - Setting next_dagrun for example_bash_operator to 2026-09-21 00:00:00+00:00, run_after=2026-09-22 00:00:00+00:00
[2026-09-22T16:22:06.890+0000] {processor.py:183} INFO - Processing /home/airflow/.local/lib/python3.12/site-packages/airflow/example_dags/example_bash_operator.py took 0.209 seconds
[2026-09-22T16:22:37.134+0000] {processor.py:161} INFO - Started process (PID=447) to work on /home/airflow/.local/lib/python3.12/site-packages/airflow/example_dags/example_bash_operator.py
[2026-09-22T16:22:37.136+0000] {processor.py:830} INFO - Processing file /home/airflow/.local/lib/python3.12/site-packages/airflow/example_dags/example_bash_operator.py for tasks to queue
[2026-09-22T16:22:37.139+0000] {logging_mixin.py:188} INFO - [2026-09-22T16:22:37.138+0000] {dagbag.py:545} INFO - Filling up the DagBag from /home/airflow/.local/lib/python3.12/site-packages/airflow/example_dags/example_bash_operator.py
[2026-09-22T16:22:37.156+0000] {processor.py:840} INFO - DAG(s) 'example_bash_operator' retrieved from /home/airflow/.local/lib/python3.12/site-packages/airflow/example_dags/example_bash_operator.py
[2026-09-22T16:22:37.197+0000] {logging_mixin.py:188} INFO - [2026-09-22T16:22:37.196+0000] {dag.py:3089} INFO - Sync 1 DAGs
[2026-09-22T16:22:37.223+0000] {logging_mixin.py:188} INFO - [2026-09-22T16:22:37.223+0000] {dag.py:3947} INFO - Setting next_dagrun for example_bash_operator to 2026-09-21 00:00:00+00:00, run_after=2026-09-22 00:00:00+00:00
[2026-09-22T16:22:37.249+0000] {processor.py:183} INFO - Processing /home/airflow/.local/lib/python3.12/site-packages/airflow/example_dags/example_bash_operator.py took 0.125 seconds
[2026-09-22T16:23:07.767+0000] {processor.py:161} INFO - Started process (PID=505) to work on /home/airflow/.local/lib/python3.12/site-packages/airflow/example_dags/example_bash_operator.py
[2026-09-22T16:23:07.769+0000] {processor.py:830} INFO - Processing file /home/airflow/.local/lib/python3.12/site-packages/airflow/example_dags/example_bash_operator.py for tasks to queue
[2026-09-22T16:23:07.772+0000] {logging_mixin.py:188} INFO - [2026-09-22T16:23:07.772+0000] {dagbag.py:545} INFO - Filling up the DagBag from /home/airflow/.local/lib/python3.12/site-packages/airflow/example_dags/example_bash_operator.py
[2026-09-22T16:23:07.793+0000] {processor.py:840} INFO - DAG(s) 'example_bash_operator' retrieved from /home/airflow/.local/lib/python3.12/site-packages/airflow/example_dags/example_bash_operator.py
[2026-09-22T16:23:07.825+0000] {logging_mixin.py:188} INFO - [2026-09-22T16:23:07.825+0000] {dag.py:3089} INFO - Sync 1 DAGs
[2026-09-22T16:23:07.854+0000] {logging_mixin.py:188} INFO - [2026-09-22T16:23:07.853+0000] {dag.py:3947} INFO - Setting next_dagrun for example_bash_operator to 2026-09-21 00:00:00+00:00, run_after=2026-09-22 00:00:00+00:00
[2026-09-22T16:23:07.882+0000] {processor.py:183} INFO - Processing /home/airflow/.local/lib/python3.12/site-packages/airflow/example_dags/example_bash_operator.py took 0.124 seconds
[2026-09-22T16:23:38.131+0000] {processor.py:161} INFO - Started process (PID=563) to work on /home/airflow/.local/lib/python3.12/site-packages/airflow/example_dags/example_bash_operator.py
[2026-09-22T16:23:38.132+0000] {processor.py:830} INFO - Processing file /home/airflow/.local/lib/python3.12/site-packages/airflow/example_dags/example_bash_operator.py for tasks to queue
[2026-09-22T16:23:38.134+0000] {logging_mixin.py:188} INFO - [2026-09-22T16:23:38.134+0000] {dagbag.py:545} INFO - Filling up the DagBag from /home/airflow/.local/lib/python3.12/site-packages/airflow/example_dags/example_bash_operator.py
[2026-09-22T16:23:38.152+0000] {processor.py:840} INFO - DAG(s) 'example_bash_operator' retrieved from /home/airflow/.local/lib/python3.12/site-packages/airflow/example_dags/example_bash_operator.py
[2026-09-22T16:23:38.183+0000] {logging_mixin.py:188} INFO - [2026-09-22T16:23:38.183+0000] {dag.py:3089} INFO - Sync 1 DAGs
[2026-09-22T16:23:38.212+0000] {logging_mixin.py:188} INFO - [2026-09-22T16:23:38.211+0000] {dag.py:3947} INFO - Setting next_dagrun for example_bash_operator to 2026-09-21 00:00:00+00:00, run_after=2026-09-22 00:00:00+00:00
[2026-09-22T16:23:38.293+0000] {processor.py:183} INFO - Processing /home/airflow/.local/lib/python3.12/site-packages/airflow/example_dags/example_bash_operator.py took 0.170 seconds
[2026-09-22T16:24:08.400+0000] {processor.py:161} INFO - Started process (PID=621) to work on /home/airflow/.local/lib/python3.12/site-packages/airflow/example_dags/example_bash_operator.py
[2026-09-22T16:24:08.403+0000] {processor.py:830} INFO - Processing file /home/airflow/.local/lib/python3.12/site-packages/airflow/example_dags/example_bash_operator.py for tasks to queue
[2026-09-22T16:24:08.406+0000] {logging_mixin.py:188} INFO - [2026-09-22T16:24:08.406+0000] {dagbag.py:545} INFO - Filling up the DagBag from /home/airflow/.local/lib/python3.12/site-packages/airflow/example_dags/example_bash_operator.py
[2026-09-22T16:24:08.428+0000] {processor.py:840} INFO - DAG(s) 'example_bash_operator' retrieved from /home/airflow/.local/lib/python3.12/site-packages/airflow/example_dags/example_bash_operator.py
[2026-09-22T16:24:08.481+0000] {logging_mixin.py:188} INFO - [2026-09-22T16:24:08.480+0000] {dag.py:3089} INFO - Sync 1 DAGs
[2026-09-22T16:24:08.514+0000] {logging_mixin.py:188} INFO - [2026-09-22T16:24:08.514+0000] {dag.py:3947} INFO - Setting next_dagrun for example_bash_operator to 2026-09-21 00:00:00+00:00, run_after=2026-09-22 00:00:00+00:00
[2026-09-22T16:24:08.554+0000] {processor.py:183} INFO - Processing /home/airflow/.local/lib/python3.12/site-packages/airflow/example_dags/example_bash_operator.py took 0.172 seconds
[2026-09-22T16:24:38.947+0000] {processor.py:161} INFO - Started process (PID=679) to work on /home/airflow/.local/lib/python3.12/site-packages/airflow/example_dags/example_bash_operator.py
[2026-09-22T16:24:38.948+0000] {processor.py:830} INFO - Processing file /home/airflow/.local/lib/python3.12/site-packages/airflow/example_dags/example_bash_operator.py for tasks to queue
[2026-09-22T16:24:38.951+0000] {logging_mixin.py:188} INFO - [2026-09-22T16:24:38.951+0000] {dagbag.py:545} INFO - Filling up the DagBag from /home/airflow/.local/lib/python3.12/site-packages/airflow/example_dags/example_bash_operator.py
[2026-09-22T16:24:38.970+0000] {processor.py:840} INFO - DAG(s) 'example_bash_operator' retrieved from /home/airflow/.local/lib/python3.12/site-packages/airflow/example_dags/example_bash_operator.py
[2026-09-22T16:24:39.007+0000] {logging_mixin.py:188} INFO - [2026-09-22T16:24:39.006+0000] {dag.py:3089} INFO - Sync 1 DAGs
[2026-09-22T16:24:39.041+0000] {logging_mixin.py:188} INFO - [2026-09-22T16:24:39.040+0000] {dag.py:3947} INFO - Setting next_dagrun for example_bash_operator to 2026-09-21 00:00:00+00:00, run_after=2026-09-22 00:00:00+00:00
[2026-09-22T16:24:39.118+0000] {processor.py:183} INFO - Processing /home/airflow/.local/lib/python3.12/site-packages/airflow/example_dags/example_bash_operator.py took 0.179 seconds
[2026-09-22T16:25:10.078+0000] {processor.py:161} INFO - Started process (PID=737) to work on /home/airflow/.local/lib/python3.12/site-packages/airflow/example_dags/example_bash_operator.py
[2026-09-22T16:25:10.080+0000] {processor.py:830} INFO - Processing file /home/airflow/.local/lib/python3.12/site-packages/airflow/example_dags/example_bash_operator.py for tasks to queue
[2026-09-22T16:25:10.084+0000] {logging_mixin.py:188} INFO - [2026-09-22T16:25:10.083+0000] {dagbag.py:545} INFO - Filling up the DagBag from /home/airflow/.local/lib/python3.12/site-packages/airflow/example_dags/example_bash_operator.py
[2026-09-22T16:25:10.110+0000] {processor.py:840} INFO - DAG(s) 'example_bash_operator' retrieved from /home/airflow/.local/lib/python3.12/site-packages/airflow/example_dags/example_bash_operator.py
[2026-09-22T16:25:10.163+0000] {logging_mixin.py:188} INFO - [2026-09-22T16:25:10.163+0000] {dag.py:3089} INFO - Sync 1 DAGs
[2026-09-22T16:25:10.200+0000] {logging_mixin.py:188} INFO - [2026-09-22T16:25:10.200+0000] {dag.py:3947} INFO - Setting next_dagrun for example_bash_operator to 2026-09-21 00:00:00+00:00, run_after=2026-09-22 00:00:00+00:00
[2026-09-22T16:25:10.230+0000] {processor.py:183} INFO - Processing /home/airflow/.local/lib/python3.12/site-packages/airflow/example_dags/example_bash_operator.py took 0.165 seconds
[2026-09-22T16:25:40.675+0000] {processor.py:161} INFO - Started process (PID=795) to work on /home/airflow/.local/lib/python3.12/site-packages/airflow/example_dags/example_bash_operator.py
[2026-09-22T16:25:40.676+0000] {processor.py:830} INFO - Processing file /home/airflow/.local/lib/python3.12/site-packages/airflow/example_dags/example_bash_operator.py for tasks to queue
[2026-09-22T16:25:40.680+0000] {logging_mixin.py:188} INFO - [2026-09-22T16:25:40.679+0000] {dagbag.py:545} INFO - Filling up the DagBag from /home/airflow/.local/lib/python3.12/site-packages/airflow/example_dags/example_bash_operator.py
[2026-09-22T16:25:40.702+0000] {processor.py:840} INFO - DAG(s) 'example_bash_operator' retrieved from /home/airflow/.local/lib/python3.12/site-packages/airflow/example_dags/example_bash_operator.py
[2026-09-22T16:25:40.767+0000] {logging_mixin.py:188} INFO - [2026-09-22T16:25:40.767+0000] {dag.py:3089} INFO - Sync 1 DAGs
[2026-09-22T16:25:40.874+0000] {logging_mixin.py:188} INFO - [2026-09-22T16:25:40.874+0000] {dag.py:3947} INFO - Setting next_dagrun for example_bash_operator to 2026-09-21 00:00:00+00:00, run_after=2026-09-22 00:00:00+00:00
[2026-09-22T16:25:40.920+0000] {processor.py:183} INFO - Processing /home/airflow/.local/lib/python3.12/site-packages/airflow/example_dags/example_bash_operator.py took 0.258 seconds
[2026-09-22T16:26:11.495+0000] {processor.py:161} INFO - Started process (PID=853) to work on /home/airflow/.local/lib/python3.12/site-packages/airflow/example_dags/example_bash_operator.py
[2026-09-22T16:26:11.496+0000] {processor.py:830} INFO - Processing file /home/airflow/.local/lib/python3.12/site-packages/airflow/example_dags/example_bash_operator.py for tasks to queue
[2026-09-22T16:26:11.500+0000] {logging_mixin.py:188} INFO - [2026-09-22T16:26:11.500+0000] {dagbag.py:545} INFO - Filling up the DagBag from /home/airflow/.local/lib/python3.12/site-packages/airflow/example_dags/example_bash_operator.py
[2026-09-22T16:26:11.521+0000] {processor.py:840} INFO - DAG(s) 'example_bash_operator' retrieved from /home/airflow/.local/lib/python3.12/site-packages/airflow/example_dags/example_bash_operator.py
[2026-09-22T16:26:11.567+0000] {logging_mixin.py:188} INFO - [2026-09-22T16:26:11.567+0000] {dag.py:3089} INFO - Sync 1 DAGs
[2026-09-22T16:26:11.606+0000] {logging_mixin.py:188} INFO - [2026-09-22T16:26:11.606+0000] {dag.py:3947} INFO - Setting next_dagrun for example_bash_operator to 2026-09-21 00:00:00+00:00, run_after=2026-09-22 00:00:00+00:00
[2026-09-22T16:26:11.667+0000] {processor.py:183} INFO - Processing /home/airflow/.local/lib/python3.12/site-packages/airflow/example_dags/example_bash_operator.py took 0.180 seconds
[2026-09-22T16:26:42.698+0000] {processor.py:161} INFO - Started process (PID=911) to work on /home/airflow/.local/lib/python3.12/site-packages/airflow/example_dags/example_bash_operator.py
[2026-09-22T16:26:42.700+0000] {processor.py:830} INFO - Processing file /home/airflow/.local/lib/python3.12/site-packages/airflow/example_dags/example_bash_operator.py for tasks to queue
[2026-09-22T16:26:42.703+0000] {logging_mixin.py:188} INFO - [2026-09-22T16:26:42.703+0000] {dagbag.py:545} INFO - Filling up the DagBag from /home/airflow/.local/lib/python3.12/site-packages/airflow/example_dags/example_bash_operator.py
[2026-09-22T16:26:42.721+0000] {processor.py:840} INFO - DAG(s) 'example_bash_operator' retrieved from /home/airflow/.local/lib/python3.12/site-packages/airflow/example_dags/example_bash_operator.py
[2026-09-22T16:26:42.752+0000] {logging_mixin.py:188} INFO - [2026-09-22T16:26:42.752+0000] {dag.py:3089} INFO - Sync 1 DAGs
[2026-09-22T16:26:42.783+0000] {logging_mixin.py:188} INFO - [2026-09-22T16:26:42.783+0000] {dag.py:3947} INFO - Setting next_dagrun for example_bash_operator to 2026-09-21 00:00:00+00:00, run_after=2026-09-22 00:00:00+00:00
[2026-09-22T16:26:42.863+0000] {processor.py:183} INFO - Processing /home/airflow/.local/lib/python3.12/site-packages/airflow/example_dags/example_bash_operator.py took 0.173 seconds
[2026-09-22T16:27:13.065+0000] {processor.py:161} INFO - Started process (PID=969) to work on /home/airflow/.local/lib/python3.12/site-packages/airflow/example_dags/example_bash_operator.py
[2026-09-22T16:27:13.067+0000] {processor.py:830} INFO - Processing file /home/airflow/.local/lib/python3.12/site-packages/airflow/example_dags/example_bash_operator.py for tasks to queue
[2026-09-22T16:27:13.071+0000] {logging_mixin.py:188} INFO - [2026-09-22T16:27:13.070+0000] {dagbag.py:545} INFO - Filling up the DagBag from /home/airflow/.local/lib/python3.12/site-packages/airflow/example_dags/example_bash_operator.py
[2026-09-22T16:27:13.090+0000] {processor.py:840} INFO - DAG(s) 'example_bash_operator' retrieved from /home/airflow/.local/lib/python3.12/site-packages/airflow/example_dags/example_bash_operator.py
[2026-09-22T16:27:13.134+0000] {logging_mixin.py:188} INFO - [2026-09-22T16:27:13.133+0000] {dag.py:3089} INFO - Sync 1 DAGs
[2026-09-22T16:27:13.177+0000] {logging_mixin.py:188} INFO - [2026-09-22T16:27:13.176+0000] {dag.py:3947} INFO - Setting next_dagrun for example_bash_operator to 2026-09-21 00:00:00+00:00, run_after=2026-09-22 00:00:00+00:00
[2026-09-22T16:27:13.221+0000] {processor.py:183} INFO - Processing /home/airflow/.local/lib/python3.12/site-packages/airflow/example_dags/example_bash_operator.py took 0.166 seconds
[2026-09-22T16:27:43.344+0000] {processor.py:161} INFO - Started process (PID=1027) to work on /home/airflow/.local/lib/python3.12/site-packages/airflow/example_dags/example_bash_operator.py
[2026-09-22T16:27:43.346+0000] {processor.py:830} INFO - Processing file /home/airflow/.local/lib/python3.12/site-packages/airflow/example_dags/example_bash_operator.py for tasks to queue
[2026-09-22T16:27:43.350+0000] {logging_mixin.py:188} INFO - [2026-09-22T16:27:43.350+0000] {dagbag.py:545} INFO - Filling up the DagBag from /home/airflow/.local/lib/python3.12/site-packages/airflow/example_dags/example_bash_operator.py
[2026-09-22T16:27:43.368+0000] {processor.py:840} INFO - DAG(s) 'example_bash_operator' retrieved from /home/airflow/.local/lib/python3.12/site-packages/airflow/example_dags/example_bash_operator.py
[2026-09-22T16:27:43.408+0000] {logging_mixin.py:188} INFO - [2026-09-22T16:27:43.407+0000] {dag.py:3089} INFO - Sync 1 DAGs
[2026-09-22T16:27:43.439+0000] {logging_mixin.py:188} INFO - [2026-09-22T16:27:43.439+0000] {dag.py:3947} INFO - Setting next_dagrun for example_bash_operator to 2026-09-21 00:00:00+00:00, run_after=2026-09-22 00:00:00+00:00
[2026-09-22T16:27:43.473+0000] {processor.py:183} INFO - Processing /home/airflow/.local/lib/python3.12/site-packages/airflow/example_dags/example_bash_operator.py took 0.145 seconds
[2026-09-22T16:28:13.604+0000] {processor.py:161} INFO - Started process (PID=1085) to work on /home/airflow/.local/lib/python3.12/site-packages/airflow/example_dags/example_bash_operator.py
[2026-09-22T16:28:13.605+0000] {processor.py:830} INFO - Processing file /home/airflow/.local/lib/python3.12/site-packages/airflow/example_dags/example_bash_operator.py for tasks to queue
[2026-09-22T16:28:13.609+0000] {logging_mixin.py:188} INFO - [2026-09-22T16:28:13.608+0000] {dagbag.py:545} INFO - Filling up the DagBag from /home/airflow/.local/lib/python3.12/site-packages/airflow/example_dags/example_bash_operator.py
[2026-09-22T16:28:13.629+0000] {processor.py:840} INFO - DAG(s) 'example_bash_operator' retrieved from /home/airflow/.local/lib/python3.12/site-packages/airflow/example_dags/example_bash_operator.py
[2026-09-22T16:28:13.679+0000] {logging_mixin.py:188} INFO - [2026-09-22T16:28:13.679+0000] {dag.py:3089} INFO - Sync 1 DAGs
[2026-09-22T16:28:13.717+0000] {logging_mixin.py:188} INFO - [2026-09-22T16:28:13.716+0000] {dag.py:3947} INFO - Setting next_dagrun for example_bash_operator to 2026-09-21 00:00:00+00:00, run_after=2026-09-22 00:00:00+00:00
[2026-09-22T16:28:13.745+0000] {processor.py:183} INFO - Processing /home/airflow/.local/lib/python3.12/site-packages/airflow/example_dags/example_bash_operator.py took 0.154 seconds
[2026-09-22T16:28:44.018+0000] {processor.py:161} INFO - Started process (PID=1143) to work on /home/airflow/.local/lib/python3.12/site-packages/airflow/example_dags/example_bash_operator.py
[2026-09-22T16:28:44.020+0000] {processor.py:830} INFO - Processing file /home/airflow/.local/lib/python3.12/site-packages/airflow/example_dags/example_bash_operator.py for tasks to queue
[2026-09-22T16:28:44.023+0000] {logging_mixin.py:188} INFO - [2026-09-22T16:28:44.023+0000] {dagbag.py:545} INFO - Filling up the DagBag from /home/airflow/.local/lib/python3.12/site-packages/airflow/example_dags/example_bash_operator.py
[2026-09-22T16:28:44.039+0000] {processor.py:840} INFO - DAG(s) 'example_bash_operator' retrieved from /home/airflow/.local/lib/python3.12/site-packages/airflow/example_dags/example_bash_operator.py
[2026-09-22T16:28:44.077+0000] {logging_mixin.py:188} INFO - [2026-09-22T16:28:44.077+0000] {dag.py:3089} INFO - Sync 1 DAGs
[2026-09-22T16:28:44.108+0000] {logging_mixin.py:188} INFO - [2026-09-22T16:28:44.108+0000] {dag.py:3947} INFO - Setting next_dagrun for example_bash_operator to 2026-09-21 00:00:00+00:00, run_after=2026-09-22 00:00:00+00:00
[2026-09-22T16:28:44.136+0000] {processor.py:183} INFO - Processing /home/airflow/.local/lib/python3.12/site-packages/airflow/example_dags/example_bash_operator.py took 0.126 seconds
[2026-09-22T16:29:14.542+0000] {processor.py:161} INFO - Started process (PID=1201) to work on /home/airflow/.local/lib/python3.12/site-packages/airflow/example_dags/example_bash_operator.py
[2026-09-22T16:29:14.544+0000] {processor.py:830} INFO - Processing file /home/airflow/.local/lib/python3.12/site-packages/airflow/example_dags/example_bash_operator.py for tasks to queue
[2026-09-22T16:29:14.546+0000] {logging_mixin.py:188} INFO - [2026-09-22T16:29:14.546+0000] {dagbag.py:545} INFO - Filling up the DagBag from /home/airflow/.local/lib/python3.12/site-packages/airflow/example_dags/example_bash_operator.py
[2026-09-22T16:29:14.562+0000] {processor.py:840} INFO - DAG(s) 'example_bash_operator' retrieved from /home/airflow/.local/lib/python3.12/site-packages/airflow/example_dags/example_bash_operator.py
[2026-09-22T16:29:14.598+0000] {logging_mixin.py:188} INFO - [2026-09-22T16:29:14.597+0000] {dag.py:3089} INFO - Sync 1 DAGs
[2026-09-22T16:29:14.626+0000] {logging_mixin.py:188} INFO - [2026-09-22T16:29:14.625+0000] {dag.py:3947} INFO - Setting next_dagrun for example_bash_operator to 2026-09-21 00:00:00+00:00, run_after=2026-09-22 00:00:00+00:00
[2026-09-22T16:29:14.649+0000] {processor.py:183} INFO - Processing /home/airflow/.local/lib/python3.12/site-packages/airflow/example_dags/example_bash_operator.py took 0.115 seconds
[2026-09-22T16:29:45.133+0000] {processor.py:161} INFO - Started process (PID=1258) to work on /home/airflow/.local/lib/python3.12/site-packages/airflow/example_dags/example_bash_operator.py
[2026-09-22T16:29:45.136+0000] {processor.py:830} INFO - Processing file /home/airflow/.local/lib/python3.12/site-packages/airflow/example_dags/example_bash_operator.py for tasks to queue
[2026-09-22T16:29:45.139+0000] {logging_mixin.py:188} INFO - [2026-09-22T16:29:45.139+0000] {dagbag.py:545} INFO - Filling up the DagBag from /home/airflow/.local/lib/python3.12/site-packages/airflow/example_dags/example_bash_operator.py
[2026-09-22T16:29:45.161+0000] {processor.py:840} INFO - DAG(s) 'example_bash_operator' retrieved from /home/airflow/.local/lib/python3.12/site-packages/airflow/example_dags/example_bash_operator.py
[2026-09-22T16:29:45.219+0000] {logging_mixin.py:188} INFO - [2026-09-22T16:29:45.218+0000] {dag.py:3089} INFO - Sync 1 DAGs
[2026-09-22T16:29:45.249+0000] {logging_mixin.py:188} INFO - [2026-09-22T16:29:45.249+0000] {dag.py:3947} INFO - Setting next_dagrun for example_bash_operator to 2026-09-21 00:00:00+00:00, run_after=2026-09-22 00:00:00+00:00
[2026-09-22T16:29:45.334+0000] {processor.py:183} INFO - Processing /home/airflow/.local/lib/python3.12/site-packages/airflow/example_dags/example_bash_operator.py took 0.214 seconds
[2026-09-22T16:30:15.388+0000] {processor.py:161} INFO - Started process (PID=1316) to work on /home/airflow/.local/lib/python3.12/site-packages/airflow/example_dags/example_bash_operator.py
[2026-09-22T16:30:15.389+0000] {processor.py:830} INFO - Processing file /home/airflow/.local/lib/python3.12/site-packages/airflow/example_dags/example_bash_operator.py for tasks to queue
[2026-09-22T16:30:15.393+0000] {logging_mixin.py:188} INFO - [2026-09-22T16:30:15.392+0000] {dagbag.py:545} INFO - Filling up the DagBag from /home/airflow/.local/lib/python3.12/site-packages/airflow/example_dags/example_bash_operator.py
[2026-09-22T16:30:15.409+0000] {processor.py:840} INFO - DAG(s) 'example_bash_operator' retrieved from /home/airflow/.local/lib/python3.12/site-packages/airflow/example_dags/example_bash_operator.py
[2026-09-22T16:30:15.440+0000] {logging_mixin.py:188} INFO - [2026-09-22T16:30:15.440+0000] {dag.py:3089} INFO - Sync 1 DAGs
[2026-09-22T16:30:15.472+0000] {logging_mixin.py:188} INFO - [2026-09-22T16:30:15.471+0000] {dag.py:3947} INFO - Setting next_dagrun for example_bash_operator to 2026-09-21 00:00:00+00:00, run_after=2026-09-22 00:00:00+00:00
[2026-09-22T16:30:15.554+0000] {processor.py:183} INFO - Processing /home/airflow/.local/lib/python3.12/site-packages/airflow/example_dags/example_bash_operator.py took 0.175 seconds
[2026-09-22T16:30:45.914+0000] {processor.py:161} INFO - Started process (PID=1374) to work on /home/airflow/.local/lib/python3.12/site-packages/airflow/example_dags/example_bash_operator.py
[2026-09-22T16:30:45.916+0000] {processor.py:830} INFO - Processing file /home/airflow/.local/lib/python3.12/site-packages/airflow/example_dags/example_bash_operator.py for tasks to queue
[2026-09-22T16:30:45.923+0000] {logging_mixin.py:188} INFO - [2026-09-22T16:30:45.922+0000] {dagbag.py:545} INFO - Filling up the DagBag from /home/airflow/.local/lib/python3.12/site-packages/airflow/example_dags/example_bash_operator.py
[2026-09-22T16:30:45.944+0000] {processor.py:840} INFO - DAG(s) 'example_bash_operator' retrieved from /home/airflow/.local/lib/python3.12/site-packages/airflow/example_dags/example_bash_operator.py
[2026-09-22T16:30:45.992+0000] {logging_mixin.py:188} INFO - [2026-09-22T16:30:45.992+0000] {dag.py:3089} INFO - Sync 1 DAGs
[2026-09-22T16:30:46.031+0000] {logging_mixin.py:188} INFO - [2026-09-22T16:30:46.030+0000] {dag.py:3947} INFO - Setting next_dagrun for example_bash_operator to 2026-09-21 00:00:00+00:00, run_after=2026-09-22 00:00:00+00:00
[2026-09-22T16:30:46.070+0000] {processor.py:183} INFO - Processing /home/airflow/.local/lib/python3.12/site-packages/airflow/example_dags/example_bash_operator.py took 0.165 seconds
[2026-09-22T16:31:16.875+0000] {processor.py:161} INFO - Started process (PID=1432) to work on /home/airflow/.local/lib/python3.12/site-packages/airflow/example_dags/example_bash_operator.py
[2026-09-22T16:31:16.877+0000] {processor.py:830} INFO - Processing file /home/airflow/.local/lib/python3.12/site-packages/airflow/example_dags/example_bash_operator.py for tasks to queue
[2026-09-22T16:31:16.881+0000] {logging_mixin.py:188} INFO - [2026-09-22T16:31:16.881+0000] {dagbag.py:545} INFO - Filling up the DagBag from /home/airflow/.local/lib/python3.12/site-packages/airflow/example_dags/example_bash_operator.py
[2026-09-22T16:31:16.907+0000] {processor.py:840} INFO - DAG(s) 'example_bash_operator' retrieved from /home/airflow/.local/lib/python3.12/site-packages/airflow/example_dags/example_bash_operator.py
[2026-09-22T16:31:16.956+0000] {logging_mixin.py:188} INFO - [2026-09-22T16:31:16.955+0000] {dag.py:3089} INFO - Sync 1 DAGs
[2026-09-22T16:31:16.994+0000] {logging_mixin.py:188} INFO - [2026-09-22T16:31:16.994+0000] {dag.py:3947} INFO - Setting next_dagrun for example_bash_operator to 2026-09-21 00:00:00+00:00, run_after=2026-09-22 00:00:00+00:00
[2026-09-22T16:31:17.028+0000] {processor.py:183} INFO - Processing /home/airflow/.local/lib/python3.12/site-packages/airflow/example_dags/example_bash_operator.py took 0.165 seconds
[2026-09-22T16:31:47.334+0000] {processor.py:161} INFO - Started process (PID=1490) to work on /home/airflow/.local/lib/python3.12/site-packages/airflow/example_dags/example_bash_operator.py
[2026-09-22T16:31:47.338+0000] {processor.py:830} INFO - Processing file /home/airflow/.local/lib/python3.12/site-packages/airflow/example_dags/example_bash_operator.py for tasks to queue
[2026-09-22T16:31:47.343+0000] {logging_mixin.py:188} INFO - [2026-09-22T16:31:47.342+0000] {dagbag.py:545} INFO - Filling up the DagBag from /home/airflow/.local/lib/python3.12/site-packages/airflow/example_dags/example_bash_operator.py
[2026-09-22T16:31:47.365+0000] {processor.py:840} INFO - DAG(s) 'example_bash_operator' retrieved from /home/airflow/.local/lib/python3.12/site-packages/airflow/example_dags/example_bash_operator.py
[2026-09-22T16:31:47.416+0000] {logging_mixin.py:188} INFO - [2026-09-22T16:31:47.416+0000] {dag.py:3089} INFO - Sync 1 DAGs
[2026-09-22T16:31:47.455+0000] {logging_mixin.py:188} INFO - [2026-09-22T16:31:47.455+0000] {dag.py:3947} INFO - Setting next_dagrun for example_bash_operator to 2026-09-21 00:00:00+00:00, run_after=2026-09-22 00:00:00+00:00
[2026-09-22T16:31:47.497+0000] {processor.py:183} INFO - Processing /home/airflow/.local/lib/python3.12/site-packages/airflow/example_dags/example_bash_operator.py took 0.176 seconds
[2026-09-22T16:32:17.698+0000] {processor.py:161} INFO - Started process (PID=1548) to work on /home/airflow/.local/lib/python3.12/site-packages/airflow/example_dags/example_bash_operator.py
[2026-09-22T16:32:17.700+0000] {processor.py:830} INFO - Processing file /home/airflow/.local/lib/python3.12/site-packages/airflow/example_dags/example_bash_operator.py for tasks to queue
[2026-09-22T16:32:17.704+0000] {logging_mixin.py:188} INFO - [2026-09-22T16:32:17.703+0000] {dagbag.py:545} INFO - Filling up the DagBag from /home/airflow/.local/lib/python3.12/site-packages/airflow/example_dags/example_bash_operator.py
[2026-09-22T16:32:17.728+0000] {processor.py:840} INFO - DAG(s) 'example_bash_operator' retrieved from /home/airflow/.local/lib/python3.12/site-packages/airflow/example_dags/example_bash_operator.py
[2026-09-22T16:32:17.778+0000] {logging_mixin.py:188} INFO - [2026-09-22T16:32:17.778+0000] {dag.py:3089} INFO - Sync 1 DAGs
[2026-09-22T16:32:17.821+0000] {logging_mixin.py:188} INFO - [2026-09-22T16:32:17.819+0000] {dag.py:3947} INFO - Setting next_dagrun for example_bash_operator to 2026-09-21 00:00:00+00:00, run_after=2026-09-22 00:00:00+00:00
[2026-09-22T16:32:17.914+0000] {processor.py:183} INFO - Processing /home/airflow/.local/lib/python3.12/site-packages/airflow/example_dags/example_bash_operator.py took 0.225 seconds
[2026-09-22T16:32:48.692+0000] {processor.py:161} INFO - Started process (PID=1606) to work on /home/airflow/.local/lib/python3.12/site-packages/airflow/example_dags/example_bash_operator.py
[2026-09-22T16:32:48.694+0000] {processor.py:830} INFO - Processing file /home/airflow/.local/lib/python3.12/site-packages/airflow/example_dags/example_bash_operator.py for tasks to queue
[2026-09-22T16:32:48.698+0000] {logging_mixin.py:188} INFO - [2026-09-22T16:32:48.698+0000] {dagbag.py:545} INFO - Filling up the DagBag from /home/airflow/.local/lib/python3.12/site-packages/airflow/example_dags/example_bash_operator.py
[2026-09-22T16:32:48.721+0000] {processor.py:840} INFO - DAG(s) 'example_bash_operator' retrieved from /home/airflow/.local/lib/python3.12/site-packages/airflow/example_dags/example_bash_operator.py
[2026-09-22T16:32:48.773+0000] {logging_mixin.py:188} INFO - [2026-09-22T16:32:48.772+0000] {dag.py:3089} INFO - Sync 1 DAGs
[2026-09-22T16:32:48.826+0000] {logging_mixin.py:188} INFO - [2026-09-22T16:32:48.826+0000] {dag.py:3947} INFO - Setting next_dagrun for example_bash_operator to 2026-09-21 00:00:00+00:00, run_after=2026-09-22 00:00:00+00:00
[2026-09-22T16:32:48.867+0000] {processor.py:183} INFO - Processing /home/airflow/.local/lib/python3.12/site-packages/airflow/example_dags/example_bash_operator.py took 0.185 seconds
[2026-09-22T16:33:18.978+0000] {processor.py:161} INFO - Started process (PID=1664) to work on /home/airflow/.local/lib/python3.12/site-packages/airflow/example_dags/example_bash_operator.py
[2026-09-22T16:33:18.979+0000] {processor.py:830} INFO - Processing file /home/airflow/.local/lib/python3.12/site-packages/airflow/example_dags/example_bash_operator.py for tasks to queue
[2026-09-22T16:33:18.983+0000] {logging_mixin.py:188} INFO - [2026-09-22T16:33:18.982+0000] {dagbag.py:545} INFO - Filling up the DagBag from /home/airflow/.local/lib/python3.12/site-packages/airflow/example_dags/example_bash_operator.py
[2026-09-22T16:33:19.004+0000] {processor.py:840} INFO - DAG(s) 'example_bash_operator' retrieved from /home/airflow/.local/lib/python3.12/site-packages/airflow/example_dags/example_bash_operator.py
[2026-09-22T16:33:19.057+0000] {logging_mixin.py:188} INFO - [2026-09-22T16:33:19.056+0000] {dag.py:3089} INFO - Sync 1 DAGs
[2026-09-22T16:33:19.093+0000] {logging_mixin.py:188} INFO - [2026-09-22T16:33:19.092+0000] {dag.py:3947} INFO - Setting next_dagrun for example_bash_operator to 2026-09-21 00:00:00+00:00, run_after=2026-09-22 00:00:00+00:00
[2026-09-22T16:33:19.144+0000] {processor.py:183} INFO - Processing /home/airflow/.local/lib/python3.12/site-packages/airflow/example_dags/example_bash_operator.py took 0.173 seconds
[2026-09-22T16:33:50.417+0000] {processor.py:161} INFO - Started process (PID=1722) to work on /home/airflow/.local/lib/python3.12/site-packages/airflow/example_dags/example_bash_operator.py
[2026-09-22T16:33:50.428+0000] {processor.py:830} INFO - Processing file /home/airflow/.local/lib/python3.12/site-packages/airflow/example_dags/example_bash_operator.py for tasks to queue
[2026-09-22T16:33:50.434+0000] {logging_mixin.py:188} INFO - [2026-09-22T16:33:50.433+0000] {dagbag.py:545} INFO - Filling up the DagBag from /home/airflow/.local/lib/python3.12/site-packages/airflow/example_dags/example_bash_operator.py
[2026-09-22T16:33:50.478+0000] {processor.py:840} INFO - DAG(s) 'example_bash_operator' retrieved from /home/airflow/.local/lib/python3.12/site-packages/airflow/example_dags/example_bash_operator.py
[2026-09-22T16:33:50.541+0000] {logging_mixin.py:188} INFO - [2026-09-22T16:33:50.540+0000] {dag.py:3089} INFO - Sync 1 DAGs
[2026-09-22T16:33:50.585+0000] {logging_mixin.py:188} INFO - [2026-09-22T16:33:50.585+0000] {dag.py:3947} INFO - Setting next_dagrun for example_bash_operator to 2026-09-21 00:00:00+00:00, run_after=2026-09-22 00:00:00+00:00
[2026-09-22T16:33:50.623+0000] {processor.py:183} INFO - Processing /home/airflow/.local/lib/python3.12/site-packages/airflow/example_dags/example_bash_operator.py took 0.220 seconds
[2026-09-22T16:34:21.551+0000] {processor.py:161} INFO - Started process (PID=1780) to work on /home/airflow/.local/lib/python3.12/site-packages/airflow/example_dags/example_bash_operator.py
[2026-09-22T16:34:21.553+0000] {processor.py:830} INFO - Processing file /home/airflow/.local/lib/python3.12/site-packages/airflow/example_dags/example_bash_operator.py for tasks to queue
[2026-09-22T16:34:21.556+0000] {logging_mixin.py:188} INFO - [2026-09-22T16:34:21.556+0000] {dagbag.py:545} INFO - Filling up the DagBag from /home/airflow/.local/lib/python3.12/site-packages/airflow/example_dags/example_bash_operator.py
[2026-09-22T16:34:21.574+0000] {processor.py:840} INFO - DAG(s) 'example_bash_operator' retrieved from /home/airflow/.local/lib/python3.12/site-packages/airflow/example_dags/example_bash_operator.py
[2026-09-22T16:34:21.611+0000] {logging_mixin.py:188} INFO - [2026-09-22T16:34:21.611+0000] {dag.py:3089} INFO - Sync 1 DAGs
[2026-09-22T16:34:21.649+0000] {logging_mixin.py:188} INFO - [2026-09-22T16:34:21.649+0000] {dag.py:3947} INFO - Setting next_dagrun for example_bash_operator to 2026-09-21 00:00:00+00:00, run_after=2026-09-22 00:00:00+00:00
[2026-09-22T16:34:21.739+0000] {processor.py:183} INFO - Processing /home/airflow/.local/lib/python3.12/site-packages/airflow/example_dags/example_bash_operator.py took 0.198 seconds
[2026-09-22T16:34:52.696+0000] {processor.py:161} INFO - Started process (PID=1838) to work on /home/airflow/.local/lib/python3.12/site-packages/airflow/example_dags/example_bash_operator.py
[2026-09-22T16:34:52.698+0000] {processor.py:830} INFO - Processing file /home/airflow/.local/lib/python3.12/site-packages/airflow/example_dags/example_bash_operator.py for tasks to queue
[2026-09-22T16:34:52.702+0000] {logging_mixin.py:188} INFO - [2026-09-22T16:34:52.701+0000] {dagbag.py:545} INFO - Filling up the DagBag from /home/airflow/.local/lib/python3.12/site-packages/airflow/example_dags/example_bash_operator.py
[2026-09-22T16:34:52.718+0000] {processor.py:840} INFO - DAG(s) 'example_bash_operator' retrieved from /home/airflow/.local/lib/python3.12/site-packages/airflow/example_dags/example_bash_operator.py
[2026-09-22T16:34:52.774+0000] {logging_mixin.py:188} INFO - [2026-09-22T16:34:52.774+0000] {dag.py:3089} INFO - Sync 1 DAGs
[2026-09-22T16:34:52.818+0000] {logging_mixin.py:188} INFO - [2026-09-22T16:34:52.818+0000] {dag.py:3947} INFO - Setting next_dagrun for example_bash_operator to 2026-09-21 00:00:00+00:00, run_after=2026-09-22 00:00:00+00:00
[2026-09-22T16:34:52.905+0000] {processor.py:183} INFO - Processing /home/airflow/.local/lib/python3.12/site-packages/airflow/example_dags/example_bash_operator.py took 0.216 seconds
[2026-09-22T16:35:23.285+0000] {processor.py:161} INFO - Started process (PID=1896) to work on /home/airflow/.local/lib/python3.12/site-packages/airflow/example_dags/example_bash_operator.py
[2026-09-22T16:35:23.289+0000] {processor.py:830} INFO - Processing file /home/airflow/.local/lib/python3.12/site-packages/airflow/example_dags/example_bash_operator.py for tasks to queue
[2026-09-22T16:35:23.292+0000] {logging_mixin.py:188} INFO - [2026-09-22T16:35:23.292+0000] {dagbag.py:545} INFO - Filling up the DagBag from /home/airflow/.local/lib/python3.12/site-packages/airflow/example_dags/example_bash_operator.py
[2026-09-22T16:35:23.349+0000] {processor.py:840} INFO - DAG(s) 'example_bash_operator' retrieved from /home/airflow/.local/lib/python3.12/site-packages/airflow/example_dags/example_bash_operator.py
[2026-09-22T16:35:23.407+0000] {logging_mixin.py:188} INFO - [2026-09-22T16:35:23.407+0000] {dag.py:3089} INFO - Sync 1 DAGs
[2026-09-22T16:35:23.437+0000] {logging_mixin.py:188} INFO - [2026-09-22T16:35:23.437+0000] {dag.py:3947} INFO - Setting next_dagrun for example_bash_operator to 2026-09-21 00:00:00+00:00, run_after=2026-09-22 00:00:00+00:00
[2026-09-22T16:35:23.517+0000] {processor.py:183} INFO - Processing /home/airflow/.local/lib/python3.12/site-packages/airflow/example_dags/example_bash_operator.py took 0.244 seconds
[2026-09-22T16:35:53.960+0000] {processor.py:161} INFO - Started process (PID=1954) to work on /home/airflow/.local/lib/python3.12/site-packages/airflow/example_dags/example_bash_operator.py
[2026-09-22T16:35:53.963+0000] {processor.py:830} INFO - Processing file /home/airflow/.local/lib/python3.12/site-packages/airflow/example_dags/example_bash_operator.py for tasks to queue
[2026-09-22T16:35:53.971+0000] {logging_mixin.py:188} INFO - [2026-09-22T16:35:53.971+0000] {dagbag.py:545} INFO - Filling up the DagBag from /home/airflow/.local/lib/python3.12/site-packages/airflow/example_dags/example_bash_operator.py
[2026-09-22T16:35:54.009+0000] {processor.py:840} INFO - DAG(s) 'example_bash_operator' retrieved from /home/airflow/.local/lib/python3.12/site-packages/airflow/example_dags/example_bash_operator.py
[2026-09-22T16:35:54.065+0000] {logging_mixin.py:188} INFO - [2026-09-22T16:35:54.065+0000] {dag.py:3089} INFO - Sync 1 DAGs
[2026-09-22T16:35:54.114+0000] {logging_mixin.py:188} INFO - [2026-09-22T16:35:54.113+0000] {dag.py:3947} INFO - Setting next_dagrun for example_bash_operator to 2026-09-21 00:00:00+00:00, run_after=2026-09-22 00:00:00+00:00
[2026-09-22T16:35:54.207+0000] {processor.py:183} INFO - Processing /home/airflow/.local/lib/python3.12/site-packages/airflow/example_dags/example_bash_operator.py took 0.265 seconds
[2026-09-22T16:36:24.755+0000] {processor.py:161} INFO - Started process (PID=2012) to work on /home/airflow/.local/lib/python3.12/site-packages/airflow/example_dags/example_bash_operator.py
[2026-09-22T16:36:24.756+0000] {processor.py:830} INFO - Processing file /home/airflow/.local/lib/python3.12/site-packages/airflow/example_dags/example_bash_operator.py for tasks to queue
[2026-09-22T16:36:24.763+0000] {logging_mixin.py:188} INFO - [2026-09-22T16:36:24.762+0000] {dagbag.py:545} INFO - Filling up the DagBag from /home/airflow/.local/lib/python3.12/site-packages/airflow/example_dags/example_bash_operator.py
[2026-09-22T16:36:24.780+0000] {processor.py:840} INFO - DAG(s) 'example_bash_operator' retrieved from /home/airflow/.local/lib/python3.12/site-packages/airflow/example_dags/example_bash_operator.py
[2026-09-22T16:36:24.829+0000] {logging_mixin.py:188} INFO - [2026-09-22T16:36:24.828+0000] {dag.py:3089} INFO - Sync 1 DAGs
[2026-09-22T16:36:24.867+0000] {logging_mixin.py:188} INFO - [2026-09-22T16:36:24.866+0000] {dag.py:3947} INFO - Setting next_dagrun for example_bash_operator to 2026-09-21 00:00:00+00:00, run_after=2026-09-22 00:00:00+00:00
[2026-09-22T16:36:24.958+0000] {processor.py:183} INFO - Processing /home/airflow/.local/lib/python3.12/site-packages/airflow/example_dags/example_bash_operator.py took 0.218 seconds
[2026-09-22T16:36:55.286+0000] {processor.py:161} INFO - Started process (PID=2070) to work on /home/airflow/.local/lib/python3.12/site-packages/airflow/example_dags/example_bash_operator.py
[2026-09-22T16:36:55.290+0000] {processor.py:830} INFO - Processing file /home/airflow/.local/lib/python3.12/site-packages/airflow/example_dags/example_bash_operator.py for tasks to queue
[2026-09-22T16:36:55.297+0000] {logging_mixin.py:188} INFO - [2026-09-22T16:36:55.296+0000] {dagbag.py:545} INFO - Filling up the DagBag from /home/airflow/.local/lib/python3.12/site-packages/airflow/example_dags/example_bash_operator.py
[2026-09-22T16:36:55.320+0000] {processor.py:840} INFO - DAG(s) 'example_bash_operator' retrieved from /home/airflow/.local/lib/python3.12/site-packages/airflow/example_dags/example_bash_operator.py
[2026-09-22T16:36:55.375+0000] {logging_mixin.py:188} INFO - [2026-09-22T16:36:55.373+0000] {dag.py:3089} INFO - Sync 1 DAGs
[2026-09-22T16:36:55.595+0000] {logging_mixin.py:188} INFO - [2026-09-22T16:36:55.594+0000] {dag.py:3947} INFO - Setting next_dagrun for example_bash_operator to 2026-09-21 00:00:00+00:00, run_after=2026-09-22 00:00:00+00:00
[2026-09-22T16:36:55.628+0000] {processor.py:183} INFO - Processing /home/airflow/.local/lib/python3.12/site-packages/airflow/example_dags/example_bash_operator.py took 0.352 seconds
[2026-09-22T16:37:26.151+0000] {processor.py:161} INFO - Started process (PID=2128) to work on /home/airflow/.local/lib/python3.12/site-packages/airflow/example_dags/example_bash_operator.py
[2026-09-22T16:37:26.153+0000] {processor.py:830} INFO - Processing file /home/airflow/.local/lib/python3.12/site-packages/airflow/example_dags/example_bash_operator.py for tasks to queue
[2026-09-22T16:37:26.156+0000] {logging_mixin.py:188} INFO - [2026-09-22T16:37:26.156+0000] {dagbag.py:545} INFO - Filling up the DagBag from /home/airflow/.local/lib/python3.12/site-packages/airflow/example_dags/example_bash_operator.py
[2026-09-22T16:37:26.171+0000] {processor.py:840} INFO - DAG(s) 'example_bash_operator' retrieved from /home/airflow/.local/lib/python3.12/site-packages/airflow/example_dags/example_bash_operator.py
[2026-09-22T16:37:26.211+0000] {logging_mixin.py:188} INFO - [2026-09-22T16:37:26.211+0000] {dag.py:3089} INFO - Sync 1 DAGs
[2026-09-22T16:37:26.244+0000] {logging_mixin.py:188} INFO - [2026-09-22T16:37:26.244+0000] {dag.py:3947} INFO - Setting next_dagrun for example_bash_operator to 2026-09-21 00:00:00+00:00, run_after=2026-09-22 00:00:00+00:00
[2026-09-22T16:37:26.336+0000] {processor.py:183} INFO - Processing /home/airflow/.local/lib/python3.12/site-packages/airflow/example_dags/example_bash_operator.py took 0.192 seconds
[2026-09-22T16:37:56.411+0000] {processor.py:161} INFO - Started process (PID=2186) to work on /home/airflow/.local/lib/python3.12/site-packages/airflow/example_dags/example_bash_operator.py
[2026-09-22T16:37:56.413+0000] {processor.py:830} INFO - Processing file /home/airflow/.local/lib/python3.12/site-packages/airflow/example_dags/example_bash_operator.py for tasks to queue
[2026-09-22T16:37:56.421+0000] {logging_mixin.py:188} INFO - [2026-09-22T16:37:56.420+0000] {dagbag.py:545} INFO - Filling up the DagBag from /home/airflow/.local/lib/python3.12/site-packages/airflow/example_dags/example_bash_operator.py
[2026-09-22T16:37:56.439+0000] {processor.py:840} INFO - DAG(s) 'example_bash_operator' retrieved from /home/airflow/.local/lib/python3.12/site-packages/airflow/example_dags/example_bash_operator.py
[2026-09-22T16:37:56.481+0000] {logging_mixin.py:188} INFO - [2026-09-22T16:37:56.481+0000] {dag.py:3089} INFO - Sync 1 DAGs
[2026-09-22T16:37:56.511+0000] {logging_mixin.py:188} INFO - [2026-09-22T16:37:56.511+0000] {dag.py:3947} INFO - Setting next_dagrun for example_bash_operator to 2026-09-21 00:00:00+00:00, run_after=2026-09-22 00:00:00+00:00
[2026-09-22T16:37:56.539+0000] {processor.py:183} INFO - Processing /home/airflow/.local/lib/python3.12/site-packages/airflow/example_dags/example_bash_operator.py took 0.135 seconds
[2026-09-22T16:38:27.898+0000] {processor.py:161} INFO - Started process (PID=2244) to work on /home/airflow/.local/lib/python3.12/site-packages/airflow/example_dags/example_bash_operator.py
[2026-09-22T16:38:27.900+0000] {processor.py:830} INFO - Processing file /home/airflow/.local/lib/python3.12/site-packages/airflow/example_dags/example_bash_operator.py for tasks to queue
[2026-09-22T16:38:27.904+0000] {logging_mixin.py:188} INFO - [2026-09-22T16:38:27.904+0000] {dagbag.py:545} INFO - Filling up the DagBag from /home/airflow/.local/lib/python3.12/site-packages/airflow/example_dags/example_bash_operator.py
[2026-09-22T16:38:27.921+0000] {processor.py:840} INFO - DAG(s) 'example_bash_operator' retrieved from /home/airflow/.local/lib/python3.12/site-packages/airflow/example_dags/example_bash_operator.py
[2026-09-22T16:38:28.142+0000] {logging_mixin.py:188} INFO - [2026-09-22T16:38:28.141+0000] {dag.py:3089} INFO - Sync 1 DAGs
[2026-09-22T16:38:28.172+0000] {logging_mixin.py:188} INFO - [2026-09-22T16:38:28.172+0000] {dag.py:3947} INFO - Setting next_dagrun for example_bash_operator to 2026-09-21 00:00:00+00:00, run_after=2026-09-22 00:00:00+00:00
[2026-09-22T16:38:28.251+0000] {processor.py:183} INFO - Processing /home/airflow/.local/lib/python3.12/site-packages/airflow/example_dags/example_bash_operator.py took 0.365 seconds
[2026-09-22T16:41:51.196+0000] {processor.py:161} INFO - Started process (PID=101) to work on /home/airflow/.local/lib/python3.12/site-packages/airflow/example_dags/example_bash_operator.py
[2026-09-22T16:41:51.198+0000] {processor.py:830} INFO - Processing file /home/airflow/.local/lib/python3.12/site-packages/airflow/example_dags/example_bash_operator.py for tasks to queue
[2026-09-22T16:41:51.201+0000] {logging_mixin.py:188} INFO - [2026-09-22T16:41:51.201+0000] {dagbag.py:545} INFO - Filling up the DagBag from /home/airflow/.local/lib/python3.12/site-packages/airflow/example_dags/example_bash_operator.py
[2026-09-22T16:41:51.220+0000] {processor.py:840} INFO - DAG(s) 'example_bash_operator' retrieved from /home/airflow/.local/lib/python3.12/site-packages/airflow/example_dags/example_bash_operator.py
[2026-09-22T16:41:51.408+0000] {logging_mixin.py:188} INFO - [2026-09-22T16:41:51.408+0000] {dag.py:3089} INFO - Sync 1 DAGs
[2026-09-22T16:41:51.448+0000] {logging_mixin.py:188} INFO - [2026-09-22T16:41:51.448+0000] {dag.py:3947} INFO - Setting next_dagrun for example_bash_operator to 2026-09-21 00:00:00+00:00, run_after=2026-09-22 00:00:00+00:00
[2026-09-22T16:41:51.489+0000] {processor.py:183} INFO - Processing /home/airflow/.local/lib/python3.12/site-packages/airflow/example_dags/example_bash_operator.py took 0.301 seconds
[2026-09-22T16:42:22.004+0000] {processor.py:161} INFO - Started process (PID=159) to work on /home/airflow/.local/lib/python3.12/site-packages/airflow/example_dags/example_bash_operator.py
[2026-09-22T16:42:22.006+0000] {processor.py:830} INFO - Processing file /home/airflow/.local/lib/python3.12/site-packages/airflow/example_dags/example_bash_operator.py for tasks to queue
[2026-09-22T16:42:22.009+0000] {logging_mixin.py:188} INFO - [2026-09-22T16:42:22.009+0000] {dagbag.py:545} INFO - Filling up the DagBag from /home/airflow/.local/lib/python3.12/site-packages/airflow/example_dags/example_bash_operator.py
[2026-09-22T16:42:22.036+0000] {processor.py:840} INFO - DAG(s) 'example_bash_operator' retrieved from /home/airflow/.local/lib/python3.12/site-packages/airflow/example_dags/example_bash_operator.py
[2026-09-22T16:42:22.087+0000] {logging_mixin.py:188} INFO - [2026-09-22T16:42:22.087+0000] {dag.py:3089} INFO - Sync 1 DAGs
[2026-09-22T16:42:22.129+0000] {logging_mixin.py:188} INFO - [2026-09-22T16:42:22.129+0000] {dag.py:3947} INFO - Setting next_dagrun for example_bash_operator to 2026-09-21 00:00:00+00:00, run_after=2026-09-22 00:00:00+00:00
[2026-09-22T16:42:22.168+0000] {processor.py:183} INFO - Processing /home/airflow/.local/lib/python3.12/site-packages/airflow/example_dags/example_bash_operator.py took 0.175 seconds
[2026-09-22T16:43:51.225+0000] {processor.py:161} INFO - Started process (PID=101) to work on /home/airflow/.local/lib/python3.12/site-packages/airflow/example_dags/example_bash_operator.py
[2026-09-22T16:43:51.227+0000] {processor.py:830} INFO - Processing file /home/airflow/.local/lib/python3.12/site-packages/airflow/example_dags/example_bash_operator.py for tasks to queue
[2026-09-22T16:43:51.230+0000] {logging_mixin.py:188} INFO - [2026-09-22T16:43:51.229+0000] {dagbag.py:545} INFO - Filling up the DagBag from /home/airflow/.local/lib/python3.12/site-packages/airflow/example_dags/example_bash_operator.py
[2026-09-22T16:43:51.250+0000] {processor.py:840} INFO - DAG(s) 'example_bash_operator' retrieved from /home/airflow/.local/lib/python3.12/site-packages/airflow/example_dags/example_bash_operator.py
[2026-09-22T16:43:51.408+0000] {logging_mixin.py:188} INFO - [2026-09-22T16:43:51.408+0000] {dag.py:3089} INFO - Sync 1 DAGs
[2026-09-22T16:43:51.438+0000] {logging_mixin.py:188} INFO - [2026-09-22T16:43:51.438+0000] {dag.py:3947} INFO - Setting next_dagrun for example_bash_operator to 2026-09-21 00:00:00+00:00, run_after=2026-09-22 00:00:00+00:00
[2026-09-22T16:43:51.505+0000] {processor.py:183} INFO - Processing /home/airflow/.local/lib/python3.12/site-packages/airflow/example_dags/example_bash_operator.py took 0.288 seconds
[2026-09-22T16:44:21.691+0000] {processor.py:161} INFO - Started process (PID=163) to work on /home/airflow/.local/lib/python3.12/site-packages/airflow/example_dags/example_bash_operator.py
[2026-09-22T16:44:21.693+0000] {processor.py:830} INFO - Processing file /home/airflow/.local/lib/python3.12/site-packages/airflow/example_dags/example_bash_operator.py for tasks to queue
[2026-09-22T16:44:21.696+0000] {logging_mixin.py:188} INFO - [2026-09-22T16:44:21.695+0000] {dagbag.py:545} INFO - Filling up the DagBag from /home/airflow/.local/lib/python3.12/site-packages/airflow/example_dags/example_bash_operator.py
[2026-09-22T16:44:21.713+0000] {processor.py:840} INFO - DAG(s) 'example_bash_operator' retrieved from /home/airflow/.local/lib/python3.12/site-packages/airflow/example_dags/example_bash_operator.py
[2026-09-22T16:44:21.756+0000] {logging_mixin.py:188} INFO - [2026-09-22T16:44:21.755+0000] {dag.py:3089} INFO - Sync 1 DAGs
[2026-09-22T16:44:21.787+0000] {logging_mixin.py:188} INFO - [2026-09-22T16:44:21.787+0000] {dag.py:3947} INFO - Setting next_dagrun for example_bash_operator to 2026-09-21 00:00:00+00:00, run_after=2026-09-22 00:00:00+00:00
[2026-09-22T16:44:21.870+0000] {processor.py:183} INFO - Processing /home/airflow/.local/lib/python3.12/site-packages/airflow/example_dags/example_bash_operator.py took 0.186 seconds
[2026-09-22T16:44:52.219+0000] {processor.py:161} INFO - Started process (PID=222) to work on /home/airflow/.local/lib/python3.12/site-packages/airflow/example_dags/example_bash_operator.py
[2026-09-22T16:44:52.221+0000] {processor.py:830} INFO - Processing file /home/airflow/.local/lib/python3.12/site-packages/airflow/example_dags/example_bash_operator.py for tasks to queue
[2026-09-22T16:44:52.224+0000] {logging_mixin.py:188} INFO - [2026-09-22T16:44:52.224+0000] {dagbag.py:545} INFO - Filling up the DagBag from /home/airflow/.local/lib/python3.12/site-packages/airflow/example_dags/example_bash_operator.py
[2026-09-22T16:44:52.255+0000] {processor.py:840} INFO - DAG(s) 'example_bash_operator' retrieved from /home/airflow/.local/lib/python3.12/site-packages/airflow/example_dags/example_bash_operator.py
[2026-09-22T16:44:52.299+0000] {logging_mixin.py:188} INFO - [2026-09-22T16:44:52.299+0000] {dag.py:3089} INFO - Sync 1 DAGs
[2026-09-22T16:44:52.342+0000] {logging_mixin.py:188} INFO - [2026-09-22T16:44:52.342+0000] {dag.py:3947} INFO - Setting next_dagrun for example_bash_operator to 2026-09-21 00:00:00+00:00, run_after=2026-09-22 00:00:00+00:00
[2026-09-22T16:44:52.386+0000] {processor.py:183} INFO - Processing /home/airflow/.local/lib/python3.12/site-packages/airflow/example_dags/example_bash_operator.py took 0.178 seconds
[2026-09-22T16:45:22.857+0000] {processor.py:161} INFO - Started process (PID=280) to work on /home/airflow/.local/lib/python3.12/site-packages/airflow/example_dags/example_bash_operator.py
[2026-09-22T16:45:22.859+0000] {processor.py:830} INFO - Processing file /home/airflow/.local/lib/python3.12/site-packages/airflow/example_dags/example_bash_operator.py for tasks to queue
[2026-09-22T16:45:22.862+0000] {logging_mixin.py:188} INFO - [2026-09-22T16:45:22.862+0000] {dagbag.py:545} INFO - Filling up the DagBag from /home/airflow/.local/lib/python3.12/site-packages/airflow/example_dags/example_bash_operator.py
[2026-09-22T16:45:22.877+0000] {processor.py:840} INFO - DAG(s) 'example_bash_operator' retrieved from /home/airflow/.local/lib/python3.12/site-packages/airflow/example_dags/example_bash_operator.py
[2026-09-22T16:45:22.910+0000] {logging_mixin.py:188} INFO - [2026-09-22T16:45:22.909+0000] {dag.py:3089} INFO - Sync 1 DAGs
[2026-09-22T16:45:22.942+0000] {logging_mixin.py:188} INFO - [2026-09-22T16:45:22.941+0000] {dag.py:3947} INFO - Setting next_dagrun for example_bash_operator to 2026-09-21 00:00:00+00:00, run_after=2026-09-22 00:00:00+00:00
[2026-09-22T16:45:22.967+0000] {processor.py:183} INFO - Processing /home/airflow/.local/lib/python3.12/site-packages/airflow/example_dags/example_bash_operator.py took 0.119 seconds
[2026-09-22T16:45:53.353+0000] {processor.py:161} INFO - Started process (PID=338) to work on /home/airflow/.local/lib/python3.12/site-packages/airflow/example_dags/example_bash_operator.py
[2026-09-22T16:45:53.354+0000] {processor.py:830} INFO - Processing file /home/airflow/.local/lib/python3.12/site-packages/airflow/example_dags/example_bash_operator.py for tasks to queue
[2026-09-22T16:45:53.357+0000] {logging_mixin.py:188} INFO - [2026-09-22T16:45:53.356+0000] {dagbag.py:545} INFO - Filling up the DagBag from /home/airflow/.local/lib/python3.12/site-packages/airflow/example_dags/example_bash_operator.py
[2026-09-22T16:45:53.371+0000] {processor.py:840} INFO - DAG(s) 'example_bash_operator' retrieved from /home/airflow/.local/lib/python3.12/site-packages/airflow/example_dags/example_bash_operator.py
[2026-09-22T16:45:53.405+0000] {logging_mixin.py:188} INFO - [2026-09-22T16:45:53.405+0000] {dag.py:3089} INFO - Sync 1 DAGs
[2026-09-22T16:45:53.432+0000] {logging_mixin.py:188} INFO - [2026-09-22T16:45:53.431+0000] {dag.py:3947} INFO - Setting next_dagrun for example_bash_operator to 2026-09-21 00:00:00+00:00, run_after=2026-09-22 00:00:00+00:00
[2026-09-22T16:45:53.459+0000] {processor.py:183} INFO - Processing /home/airflow/.local/lib/python3.12/site-packages/airflow/example_dags/example_bash_operator.py took 0.115 seconds
[2026-09-22T16:46:23.873+0000] {processor.py:161} INFO - Started process (PID=396) to work on /home/airflow/.local/lib/python3.12/site-packages/airflow/example_dags/example_bash_operator.py
[2026-09-22T16:46:23.874+0000] {processor.py:830} INFO - Processing file /home/airflow/.local/lib/python3.12/site-packages/airflow/example_dags/example_bash_operator.py for tasks to queue
[2026-09-22T16:46:23.877+0000] {logging_mixin.py:188} INFO - [2026-09-22T16:46:23.877+0000] {dagbag.py:545} INFO - Filling up the DagBag from /home/airflow/.local/lib/python3.12/site-packages/airflow/example_dags/example_bash_operator.py
[2026-09-22T16:46:23.895+0000] {processor.py:840} INFO - DAG(s) 'example_bash_operator' retrieved from /home/airflow/.local/lib/python3.12/site-packages/airflow/example_dags/example_bash_operator.py
[2026-09-22T16:46:23.962+0000] {logging_mixin.py:188} INFO - [2026-09-22T16:46:23.961+0000] {dag.py:3089} INFO - Sync 1 DAGs
[2026-09-22T16:46:24.011+0000] {logging_mixin.py:188} INFO - [2026-09-22T16:46:24.010+0000] {dag.py:3947} INFO - Setting next_dagrun for example_bash_operator to 2026-09-21 00:00:00+00:00, run_after=2026-09-22 00:00:00+00:00
[2026-09-22T16:46:24.060+0000] {processor.py:183} INFO - Processing /home/airflow/.local/lib/python3.12/site-packages/airflow/example_dags/example_bash_operator.py took 0.196 seconds
[2026-09-22T16:46:54.843+0000] {processor.py:161} INFO - Started process (PID=454) to work on /home/airflow/.local/lib/python3.12/site-packages/airflow/example_dags/example_bash_operator.py
[2026-09-22T16:46:54.845+0000] {processor.py:830} INFO - Processing file /home/airflow/.local/lib/python3.12/site-packages/airflow/example_dags/example_bash_operator.py for tasks to queue
[2026-09-22T16:46:54.848+0000] {logging_mixin.py:188} INFO - [2026-09-22T16:46:54.848+0000] {dagbag.py:545} INFO - Filling up the DagBag from /home/airflow/.local/lib/python3.12/site-packages/airflow/example_dags/example_bash_operator.py
[2026-09-22T16:46:54.889+0000] {processor.py:840} INFO - DAG(s) 'example_bash_operator' retrieved from /home/airflow/.local/lib/python3.12/site-packages/airflow/example_dags/example_bash_operator.py
[2026-09-22T16:46:54.926+0000] {logging_mixin.py:188} INFO - [2026-09-22T16:46:54.925+0000] {dag.py:3089} INFO - Sync 1 DAGs
[2026-09-22T16:46:54.961+0000] {logging_mixin.py:188} INFO - [2026-09-22T16:46:54.961+0000] {dag.py:3947} INFO - Setting next_dagrun for example_bash_operator to 2026-09-21 00:00:00+00:00, run_after=2026-09-22 00:00:00+00:00
[2026-09-22T16:46:54.990+0000] {processor.py:183} INFO - Processing /home/airflow/.local/lib/python3.12/site-packages/airflow/example_dags/example_bash_operator.py took 0.153 seconds
[2026-09-22T16:47:25.990+0000] {processor.py:161} INFO - Started process (PID=512) to work on /home/airflow/.local/lib/python3.12/site-packages/airflow/example_dags/example_bash_operator.py
[2026-09-22T16:47:25.992+0000] {processor.py:830} INFO - Processing file /home/airflow/.local/lib/python3.12/site-packages/airflow/example_dags/example_bash_operator.py for tasks to queue
[2026-09-22T16:47:25.995+0000] {logging_mixin.py:188} INFO - [2026-09-22T16:47:25.995+0000] {dagbag.py:545} INFO - Filling up the DagBag from /home/airflow/.local/lib/python3.12/site-packages/airflow/example_dags/example_bash_operator.py
[2026-09-22T16:47:26.011+0000] {processor.py:840} INFO - DAG(s) 'example_bash_operator' retrieved from /home/airflow/.local/lib/python3.12/site-packages/airflow/example_dags/example_bash_operator.py
[2026-09-22T16:47:26.127+0000] {logging_mixin.py:188} INFO - [2026-09-22T16:47:26.126+0000] {dag.py:3089} INFO - Sync 1 DAGs
[2026-09-22T16:47:26.206+0000] {logging_mixin.py:188} INFO - [2026-09-22T16:47:26.205+0000] {dag.py:3947} INFO - Setting next_dagrun for example_bash_operator to 2026-09-21 00:00:00+00:00, run_after=2026-09-22 00:00:00+00:00
[2026-09-22T16:47:26.280+0000] {processor.py:183} INFO - Processing /home/airflow/.local/lib/python3.12/site-packages/airflow/example_dags/example_bash_operator.py took 0.300 seconds
[2026-09-22T16:47:56.519+0000] {processor.py:161} INFO - Started process (PID=570) to work on /home/airflow/.local/lib/python3.12/site-packages/airflow/example_dags/example_bash_operator.py
[2026-09-22T16:47:56.522+0000] {processor.py:830} INFO - Processing file /home/airflow/.local/lib/python3.12/site-packages/airflow/example_dags/example_bash_operator.py for tasks to queue
[2026-09-22T16:47:56.532+0000] {logging_mixin.py:188} INFO - [2026-09-22T16:47:56.531+0000] {dagbag.py:545} INFO - Filling up the DagBag from /home/airflow/.local/lib/python3.12/site-packages/airflow/example_dags/example_bash_operator.py
[2026-09-22T16:47:56.565+0000] {processor.py:840} INFO - DAG(s) 'example_bash_operator' retrieved from /home/airflow/.local/lib/python3.12/site-packages/airflow/example_dags/example_bash_operator.py
[2026-09-22T16:47:56.618+0000] {logging_mixin.py:188} INFO - [2026-09-22T16:47:56.617+0000] {dag.py:3089} INFO - Sync 1 DAGs
[2026-09-22T16:47:56.656+0000] {logging_mixin.py:188} INFO - [2026-09-22T16:47:56.656+0000] {dag.py:3947} INFO - Setting next_dagrun for example_bash_operator to 2026-09-21 00:00:00+00:00, run_after=2026-09-22 00:00:00+00:00
[2026-09-22T16:47:56.685+0000] {processor.py:183} INFO - Processing /home/airflow/.local/lib/python3.12/site-packages/airflow/example_dags/example_bash_operator.py took 0.181 seconds
[2026-09-22T16:48:27.310+0000] {processor.py:161} INFO - Started process (PID=628) to work on /home/airflow/.local/lib/python3.12/site-packages/airflow/example_dags/example_bash_operator.py
[2026-09-22T16:48:27.312+0000] {processor.py:830} INFO - Processing file /home/airflow/.local/lib/python3.12/site-packages/airflow/example_dags/example_bash_operator.py for tasks to queue
[2026-09-22T16:48:27.316+0000] {logging_mixin.py:188} INFO - [2026-09-22T16:48:27.315+0000] {dagbag.py:545} INFO - Filling up the DagBag from /home/airflow/.local/lib/python3.12/site-packages/airflow/example_dags/example_bash_operator.py
[2026-09-22T16:48:27.341+0000] {processor.py:840} INFO - DAG(s) 'example_bash_operator' retrieved from /home/airflow/.local/lib/python3.12/site-packages/airflow/example_dags/example_bash_operator.py
[2026-09-22T16:48:27.381+0000] {logging_mixin.py:188} INFO - [2026-09-22T16:48:27.380+0000] {dag.py:3089} INFO - Sync 1 DAGs
[2026-09-22T16:48:27.421+0000] {logging_mixin.py:188} INFO - [2026-09-22T16:48:27.420+0000] {dag.py:3947} INFO - Setting next_dagrun for example_bash_operator to 2026-09-21 00:00:00+00:00, run_after=2026-09-22 00:00:00+00:00
[2026-09-22T16:48:27.458+0000] {processor.py:183} INFO - Processing /home/airflow/.local/lib/python3.12/site-packages/airflow/example_dags/example_bash_operator.py took 0.157 seconds
[2026-09-22T16:48:57.656+0000] {processor.py:161} INFO - Started process (PID=686) to work on /home/airflow/.local/lib/python3.12/site-packages/airflow/example_dags/example_bash_operator.py
[2026-09-22T16:48:57.658+0000] {processor.py:830} INFO - Processing file /home/airflow/.local/lib/python3.12/site-packages/airflow/example_dags/example_bash_operator.py for tasks to queue
[2026-09-22T16:48:57.661+0000] {logging_mixin.py:188} INFO - [2026-09-22T16:48:57.661+0000] {dagbag.py:545} INFO - Filling up the DagBag from /home/airflow/.local/lib/python3.12/site-packages/airflow/example_dags/example_bash_operator.py
[2026-09-22T16:48:57.679+0000] {processor.py:840} INFO - DAG(s) 'example_bash_operator' retrieved from /home/airflow/.local/lib/python3.12/site-packages/airflow/example_dags/example_bash_operator.py
[2026-09-22T16:48:57.728+0000] {logging_mixin.py:188} INFO - [2026-09-22T16:48:57.727+0000] {dag.py:3089} INFO - Sync 1 DAGs
[2026-09-22T16:48:57.766+0000] {logging_mixin.py:188} INFO - [2026-09-22T16:48:57.766+0000] {dag.py:3947} INFO - Setting next_dagrun for example_bash_operator to 2026-09-21 00:00:00+00:00, run_after=2026-09-22 00:00:00+00:00
[2026-09-22T16:48:57.841+0000] {processor.py:183} INFO - Processing /home/airflow/.local/lib/python3.12/site-packages/airflow/example_dags/example_bash_operator.py took 0.198 seconds
[2026-09-22T16:49:28.947+0000] {processor.py:161} INFO - Started process (PID=745) to work on /home/airflow/.local/lib/python3.12/site-packages/airflow/example_dags/example_bash_operator.py
[2026-09-22T16:49:28.950+0000] {processor.py:830} INFO - Processing file /home/airflow/.local/lib/python3.12/site-packages/airflow/example_dags/example_bash_operator.py for tasks to queue
[2026-09-22T16:49:28.953+0000] {logging_mixin.py:188} INFO - [2026-09-22T16:49:28.952+0000] {dagbag.py:545} INFO - Filling up the DagBag from /home/airflow/.local/lib/python3.12/site-packages/airflow/example_dags/example_bash_operator.py
[2026-09-22T16:49:28.977+0000] {processor.py:840} INFO - DAG(s) 'example_bash_operator' retrieved from /home/airflow/.local/lib/python3.12/site-packages/airflow/example_dags/example_bash_operator.py
[2026-09-22T16:49:29.098+0000] {logging_mixin.py:188} INFO - [2026-09-22T16:49:29.098+0000] {dag.py:3089} INFO - Sync 1 DAGs
[2026-09-22T16:49:29.205+0000] {logging_mixin.py:188} INFO - [2026-09-22T16:49:29.205+0000] {dag.py:3947} INFO - Setting next_dagrun for example_bash_operator to 2026-09-21 00:00:00+00:00, run_after=2026-09-22 00:00:00+00:00
[2026-09-22T16:49:29.258+0000] {processor.py:183} INFO - Processing /home/airflow/.local/lib/python3.12/site-packages/airflow/example_dags/example_bash_operator.py took 0.326 seconds
[2026-09-22T16:49:59.840+0000] {processor.py:161} INFO - Started process (PID=803) to work on /home/airflow/.local/lib/python3.12/site-packages/airflow/example_dags/example_bash_operator.py
[2026-09-22T16:49:59.842+0000] {processor.py:830} INFO - Processing file /home/airflow/.local/lib/python3.12/site-packages/airflow/example_dags/example_bash_operator.py for tasks to queue
[2026-09-22T16:49:59.845+0000] {logging_mixin.py:188} INFO - [2026-09-22T16:49:59.845+0000] {dagbag.py:545} INFO - Filling up the DagBag from /home/airflow/.local/lib/python3.12/site-packages/airflow/example_dags/example_bash_operator.py
[2026-09-22T16:49:59.866+0000] {processor.py:840} INFO - DAG(s) 'example_bash_operator' retrieved from /home/airflow/.local/lib/python3.12/site-packages/airflow/example_dags/example_bash_operator.py
[2026-09-22T16:49:59.942+0000] {logging_mixin.py:188} INFO - [2026-09-22T16:49:59.941+0000] {dag.py:3089} INFO - Sync 1 DAGs
[2026-09-22T16:49:59.996+0000] {logging_mixin.py:188} INFO - [2026-09-22T16:49:59.996+0000] {dag.py:3947} INFO - Setting next_dagrun for example_bash_operator to 2026-09-21 00:00:00+00:00, run_after=2026-09-22 00:00:00+00:00
[2026-09-22T16:50:00.047+0000] {processor.py:183} INFO - Processing /home/airflow/.local/lib/python3.12/site-packages/airflow/example_dags/example_bash_operator.py took 0.220 seconds
[2026-09-22T16:50:30.122+0000] {processor.py:161} INFO - Started process (PID=862) to work on /home/airflow/.local/lib/python3.12/site-packages/airflow/example_dags/example_bash_operator.py
[2026-09-22T16:50:30.124+0000] {processor.py:830} INFO - Processing file /home/airflow/.local/lib/python3.12/site-packages/airflow/example_dags/example_bash_operator.py for tasks to queue
[2026-09-22T16:50:30.127+0000] {logging_mixin.py:188} INFO - [2026-09-22T16:50:30.127+0000] {dagbag.py:545} INFO - Filling up the DagBag from /home/airflow/.local/lib/python3.12/site-packages/airflow/example_dags/example_bash_operator.py
[2026-09-22T16:50:30.142+0000] {processor.py:840} INFO - DAG(s) 'example_bash_operator' retrieved from /home/airflow/.local/lib/python3.12/site-packages/airflow/example_dags/example_bash_operator.py
[2026-09-22T16:50:30.180+0000] {logging_mixin.py:188} INFO - [2026-09-22T16:50:30.179+0000] {dag.py:3089} INFO - Sync 1 DAGs
[2026-09-22T16:50:30.210+0000] {logging_mixin.py:188} INFO - [2026-09-22T16:50:30.209+0000] {dag.py:3947} INFO - Setting next_dagrun for example_bash_operator to 2026-09-21 00:00:00+00:00, run_after=2026-09-22 00:00:00+00:00
[2026-09-22T16:50:30.241+0000] {processor.py:183} INFO - Processing /home/airflow/.local/lib/python3.12/site-packages/airflow/example_dags/example_bash_operator.py took 0.131 seconds
[2026-09-22T16:51:00.918+0000] {processor.py:161} INFO - Started process (PID=920) to work on /home/airflow/.local/lib/python3.12/site-packages/airflow/example_dags/example_bash_operator.py
[2026-09-22T16:51:00.921+0000] {processor.py:830} INFO - Processing file /home/airflow/.local/lib/python3.12/site-packages/airflow/example_dags/example_bash_operator.py for tasks to queue
[2026-09-22T16:51:00.931+0000] {logging_mixin.py:188} INFO - [2026-09-22T16:51:00.930+0000] {dagbag.py:545} INFO - Filling up the DagBag from /home/airflow/.local/lib/python3.12/site-packages/airflow/example_dags/example_bash_operator.py
[2026-09-22T16:51:00.987+0000] {processor.py:840} INFO - DAG(s) 'example_bash_operator' retrieved from /home/airflow/.local/lib/python3.12/site-packages/airflow/example_dags/example_bash_operator.py
[2026-09-22T16:51:01.131+0000] {logging_mixin.py:188} INFO - [2026-09-22T16:51:01.131+0000] {dag.py:3089} INFO - Sync 1 DAGs
[2026-09-22T16:51:01.220+0000] {logging_mixin.py:188} INFO - [2026-09-22T16:51:01.219+0000] {dag.py:3947} INFO - Setting next_dagrun for example_bash_operator to 2026-09-21 00:00:00+00:00, run_after=2026-09-22 00:00:00+00:00
[2026-09-22T16:51:01.273+0000] {processor.py:183} INFO - Processing /home/airflow/.local/lib/python3.12/site-packages/airflow/example_dags/example_bash_operator.py took 0.388 seconds
[2026-09-22T16:51:32.300+0000] {processor.py:161} INFO - Started process (PID=978) to work on /home/airflow/.local/lib/python3.12/site-packages/airflow/example_dags/example_bash_operator.py
[2026-09-22T16:51:32.302+0000] {processor.py:830} INFO - Processing file /home/airflow/.local/lib/python3.12/site-packages/airflow/example_dags/example_bash_operator.py for tasks to queue
[2026-09-22T16:51:32.305+0000] {logging_mixin.py:188} INFO - [2026-09-22T16:51:32.304+0000] {dagbag.py:545} INFO - Filling up the DagBag from /home/airflow/.local/lib/python3.12/site-packages/airflow/example_dags/example_bash_operator.py
[2026-09-22T16:51:32.324+0000] {processor.py:840} INFO - DAG(s) 'example_bash_operator' retrieved from /home/airflow/.local/lib/python3.12/site-packages/airflow/example_dags/example_bash_operator.py
[2026-09-22T16:51:32.377+0000] {logging_mixin.py:188} INFO - [2026-09-22T16:51:32.376+0000] {dag.py:3089} INFO - Sync 1 DAGs
[2026-09-22T16:51:32.425+0000] {logging_mixin.py:188} INFO - [2026-09-22T16:51:32.425+0000] {dag.py:3947} INFO - Setting next_dagrun for example_bash_operator to 2026-09-21 00:00:00+00:00, run_after=2026-09-22 00:00:00+00:00
[2026-09-22T16:51:32.458+0000] {processor.py:183} INFO - Processing /home/airflow/.local/lib/python3.12/site-packages/airflow/example_dags/example_bash_operator.py took 0.168 seconds
[2026-09-22T16:52:24.368+0000] {processor.py:161} INFO - Started process (PID=1028) to work on /home/airflow/.local/lib/python3.12/site-packages/airflow/example_dags/example_bash_operator.py
[2026-09-22T16:52:24.371+0000] {processor.py:830} INFO - Processing file /home/airflow/.local/lib/python3.12/site-packages/airflow/example_dags/example_bash_operator.py for tasks to queue
[2026-09-22T16:52:24.374+0000] {logging_mixin.py:188} INFO - [2026-09-22T16:52:24.374+0000] {dagbag.py:545} INFO - Filling up the DagBag from /home/airflow/.local/lib/python3.12/site-packages/airflow/example_dags/example_bash_operator.py
[2026-09-22T16:52:24.402+0000] {processor.py:840} INFO - DAG(s) 'example_bash_operator' retrieved from /home/airflow/.local/lib/python3.12/site-packages/airflow/example_dags/example_bash_operator.py
[2026-09-22T16:52:24.447+0000] {logging_mixin.py:188} INFO - [2026-09-22T16:52:24.447+0000] {dag.py:3089} INFO - Sync 1 DAGs
[2026-09-22T16:52:24.478+0000] {logging_mixin.py:188} INFO - [2026-09-22T16:52:24.478+0000] {dag.py:3947} INFO - Setting next_dagrun for example_bash_operator to 2026-09-21 00:00:00+00:00, run_after=2026-09-22 00:00:00+00:00
[2026-09-22T16:52:24.508+0000] {processor.py:183} INFO - Processing /home/airflow/.local/lib/python3.12/site-packages/airflow/example_dags/example_bash_operator.py took 0.161 seconds
[2026-09-22T16:52:55.358+0000] {processor.py:161} INFO - Started process (PID=1092) to work on /home/airflow/.local/lib/python3.12/site-packages/airflow/example_dags/example_bash_operator.py
[2026-09-22T16:52:55.360+0000] {processor.py:830} INFO - Processing file /home/airflow/.local/lib/python3.12/site-packages/airflow/example_dags/example_bash_operator.py for tasks to queue
[2026-09-22T16:52:55.366+0000] {logging_mixin.py:188} INFO - [2026-09-22T16:52:55.365+0000] {dagbag.py:545} INFO - Filling up the DagBag from /home/airflow/.local/lib/python3.12/site-packages/airflow/example_dags/example_bash_operator.py
[2026-09-22T16:52:55.378+0000] {processor.py:840} INFO - DAG(s) 'example_bash_operator' retrieved from /home/airflow/.local/lib/python3.12/site-packages/airflow/example_dags/example_bash_operator.py
[2026-09-22T16:52:55.414+0000] {logging_mixin.py:188} INFO - [2026-09-22T16:52:55.414+0000] {dag.py:3089} INFO - Sync 1 DAGs
[2026-09-22T16:52:55.441+0000] {logging_mixin.py:188} INFO - [2026-09-22T16:52:55.441+0000] {dag.py:3947} INFO - Setting next_dagrun for example_bash_operator to 2026-09-21 00:00:00+00:00, run_after=2026-09-22 00:00:00+00:00
[2026-09-22T16:52:55.460+0000] {processor.py:183} INFO - Processing /home/airflow/.local/lib/python3.12/site-packages/airflow/example_dags/example_bash_operator.py took 0.110 seconds
[2026-09-22T16:53:25.645+0000] {processor.py:161} INFO - Started process (PID=1150) to work on /home/airflow/.local/lib/python3.12/site-packages/airflow/example_dags/example_bash_operator.py
[2026-09-22T16:53:25.647+0000] {processor.py:830} INFO - Processing file /home/airflow/.local/lib/python3.12/site-packages/airflow/example_dags/example_bash_operator.py for tasks to queue
[2026-09-22T16:53:25.649+0000] {logging_mixin.py:188} INFO - [2026-09-22T16:53:25.649+0000] {dagbag.py:545} INFO - Filling up the DagBag from /home/airflow/.local/lib/python3.12/site-packages/airflow/example_dags/example_bash_operator.py
[2026-09-22T16:53:25.663+0000] {processor.py:840} INFO - DAG(s) 'example_bash_operator' retrieved from /home/airflow/.local/lib/python3.12/site-packages/airflow/example_dags/example_bash_operator.py
[2026-09-22T16:53:25.697+0000] {logging_mixin.py:188} INFO - [2026-09-22T16:53:25.697+0000] {dag.py:3089} INFO - Sync 1 DAGs
[2026-09-22T16:53:25.720+0000] {logging_mixin.py:188} INFO - [2026-09-22T16:53:25.719+0000] {dag.py:3947} INFO - Setting next_dagrun for example_bash_operator to 2026-09-21 00:00:00+00:00, run_after=2026-09-22 00:00:00+00:00
[2026-09-22T16:53:25.742+0000] {processor.py:183} INFO - Processing /home/airflow/.local/lib/python3.12/site-packages/airflow/example_dags/example_bash_operator.py took 0.109 seconds
[2026-09-22T16:53:55.786+0000] {processor.py:161} INFO - Started process (PID=1208) to work on /home/airflow/.local/lib/python3.12/site-packages/airflow/example_dags/example_bash_operator.py
[2026-09-22T16:53:55.788+0000] {processor.py:830} INFO - Processing file /home/airflow/.local/lib/python3.12/site-packages/airflow/example_dags/example_bash_operator.py for tasks to queue
[2026-09-22T16:53:55.790+0000] {logging_mixin.py:188} INFO - [2026-09-22T16:53:55.789+0000] {dagbag.py:545} INFO - Filling up the DagBag from /home/airflow/.local/lib/python3.12/site-packages/airflow/example_dags/example_bash_operator.py
[2026-09-22T16:53:55.799+0000] {processor.py:840} INFO - DAG(s) 'example_bash_operator' retrieved from /home/airflow/.local/lib/python3.12/site-packages/airflow/example_dags/example_bash_operator.py
[2026-09-22T16:53:55.825+0000] {logging_mixin.py:188} INFO - [2026-09-22T16:53:55.824+0000] {dag.py:3089} INFO - Sync 1 DAGs
[2026-09-22T16:53:55.844+0000] {logging_mixin.py:188} INFO - [2026-09-22T16:53:55.843+0000] {dag.py:3947} INFO - Setting next_dagrun for example_bash_operator to 2026-09-21 00:00:00+00:00, run_after=2026-09-22 00:00:00+00:00
[2026-09-22T16:53:55.865+0000] {processor.py:183} INFO - Processing /home/airflow/.local/lib/python3.12/site-packages/airflow/example_dags/example_bash_operator.py took 0.084 seconds
[2026-09-22T16:54:26.050+0000] {processor.py:161} INFO - Started process (PID=1266) to work on /home/airflow/.local/lib/python3.12/site-packages/airflow/example_dags/example_bash_operator.py
[2026-09-22T16:54:26.051+0000] {processor.py:830} INFO - Processing file /home/airflow/.local/lib/python3.12/site-packages/airflow/example_dags/example_bash_operator.py for tasks to queue
[2026-09-22T16:54:26.054+0000] {logging_mixin.py:188} INFO - [2026-09-22T16:54:26.053+0000] {dagbag.py:545} INFO - Filling up the DagBag from /home/airflow/.local/lib/python3.12/site-packages/airflow/example_dags/example_bash_operator.py
[2026-09-22T16:54:26.066+0000] {processor.py:840} INFO - DAG(s) 'example_bash_operator' retrieved from /home/airflow/.local/lib/python3.12/site-packages/airflow/example_dags/example_bash_operator.py
[2026-09-22T16:54:26.092+0000] {logging_mixin.py:188} INFO - [2026-09-22T16:54:26.091+0000] {dag.py:3089} INFO - Sync 1 DAGs
[2026-09-22T16:54:26.112+0000] {logging_mixin.py:188} INFO - [2026-09-22T16:54:26.112+0000] {dag.py:3947} INFO - Setting next_dagrun for example_bash_operator to 2026-09-21 00:00:00+00:00, run_after=2026-09-22 00:00:00+00:00
[2026-09-22T16:54:26.132+0000] {processor.py:183} INFO - Processing /home/airflow/.local/lib/python3.12/site-packages/airflow/example_dags/example_bash_operator.py took 0.089 seconds
[2026-09-22T16:54:56.560+0000] {processor.py:161} INFO - Started process (PID=1324) to work on /home/airflow/.local/lib/python3.12/site-packages/airflow/example_dags/example_bash_operator.py
[2026-09-22T16:54:56.561+0000] {processor.py:830} INFO - Processing file /home/airflow/.local/lib/python3.12/site-packages/airflow/example_dags/example_bash_operator.py for tasks to queue
[2026-09-22T16:54:56.564+0000] {logging_mixin.py:188} INFO - [2026-09-22T16:54:56.563+0000] {dagbag.py:545} INFO - Filling up the DagBag from /home/airflow/.local/lib/python3.12/site-packages/airflow/example_dags/example_bash_operator.py
[2026-09-22T16:54:56.580+0000] {processor.py:840} INFO - DAG(s) 'example_bash_operator' retrieved from /home/airflow/.local/lib/python3.12/site-packages/airflow/example_dags/example_bash_operator.py
[2026-09-22T16:54:56.617+0000] {logging_mixin.py:188} INFO - [2026-09-22T16:54:56.616+0000] {dag.py:3089} INFO - Sync 1 DAGs
[2026-09-22T16:54:56.651+0000] {logging_mixin.py:188} INFO - [2026-09-22T16:54:56.650+0000] {dag.py:3947} INFO - Setting next_dagrun for example_bash_operator to 2026-09-21 00:00:00+00:00, run_after=2026-09-22 00:00:00+00:00
[2026-09-22T16:54:56.673+0000] {processor.py:183} INFO - Processing /home/airflow/.local/lib/python3.12/site-packages/airflow/example_dags/example_bash_operator.py took 0.122 seconds
[2026-09-22T16:55:26.915+0000] {processor.py:161} INFO - Started process (PID=1382) to work on /home/airflow/.local/lib/python3.12/site-packages/airflow/example_dags/example_bash_operator.py
[2026-09-22T16:55:26.916+0000] {processor.py:830} INFO - Processing file /home/airflow/.local/lib/python3.12/site-packages/airflow/example_dags/example_bash_operator.py for tasks to queue
[2026-09-22T16:55:26.918+0000] {logging_mixin.py:188} INFO - [2026-09-22T16:55:26.918+0000] {dagbag.py:545} INFO - Filling up the DagBag from /home/airflow/.local/lib/python3.12/site-packages/airflow/example_dags/example_bash_operator.py
[2026-09-22T16:55:26.932+0000] {processor.py:840} INFO - DAG(s) 'example_bash_operator' retrieved from /home/airflow/.local/lib/python3.12/site-packages/airflow/example_dags/example_bash_operator.py
[2026-09-22T16:55:26.961+0000] {logging_mixin.py:188} INFO - [2026-09-22T16:55:26.960+0000] {dag.py:3089} INFO - Sync 1 DAGs
[2026-09-22T16:55:26.984+0000] {logging_mixin.py:188} INFO - [2026-09-22T16:55:26.984+0000] {dag.py:3947} INFO - Setting next_dagrun for example_bash_operator to 2026-09-21 00:00:00+00:00, run_after=2026-09-22 00:00:00+00:00
[2026-09-22T16:55:27.007+0000] {processor.py:183} INFO - Processing /home/airflow/.local/lib/python3.12/site-packages/airflow/example_dags/example_bash_operator.py took 0.099 seconds
[2026-09-22T16:55:57.311+0000] {processor.py:161} INFO - Started process (PID=1440) to work on /home/airflow/.local/lib/python3.12/site-packages/airflow/example_dags/example_bash_operator.py
[2026-09-22T16:55:57.316+0000] {processor.py:830} INFO - Processing file /home/airflow/.local/lib/python3.12/site-packages/airflow/example_dags/example_bash_operator.py for tasks to queue
[2026-09-22T16:55:57.318+0000] {logging_mixin.py:188} INFO - [2026-09-22T16:55:57.318+0000] {dagbag.py:545} INFO - Filling up the DagBag from /home/airflow/.local/lib/python3.12/site-packages/airflow/example_dags/example_bash_operator.py
[2026-09-22T16:55:57.329+0000] {processor.py:840} INFO - DAG(s) 'example_bash_operator' retrieved from /home/airflow/.local/lib/python3.12/site-packages/airflow/example_dags/example_bash_operator.py
[2026-09-22T16:55:57.354+0000] {logging_mixin.py:188} INFO - [2026-09-22T16:55:57.354+0000] {dag.py:3089} INFO - Sync 1 DAGs
[2026-09-22T16:55:57.377+0000] {logging_mixin.py:188} INFO - [2026-09-22T16:55:57.376+0000] {dag.py:3947} INFO - Setting next_dagrun for example_bash_operator to 2026-09-21 00:00:00+00:00, run_after=2026-09-22 00:00:00+00:00
[2026-09-22T16:55:57.398+0000] {processor.py:183} INFO - Processing /home/airflow/.local/lib/python3.12/site-packages/airflow/example_dags/example_bash_operator.py took 0.092 seconds
[2026-09-22T16:56:28.254+0000] {processor.py:161} INFO - Started process (PID=1498) to work on /home/airflow/.local/lib/python3.12/site-packages/airflow/example_dags/example_bash_operator.py
[2026-09-22T16:56:28.255+0000] {processor.py:830} INFO - Processing file /home/airflow/.local/lib/python3.12/site-packages/airflow/example_dags/example_bash_operator.py for tasks to queue
[2026-09-22T16:56:28.257+0000] {logging_mixin.py:188} INFO - [2026-09-22T16:56:28.257+0000] {dagbag.py:545} INFO - Filling up the DagBag from /home/airflow/.local/lib/python3.12/site-packages/airflow/example_dags/example_bash_operator.py
[2026-09-22T16:56:28.268+0000] {processor.py:840} INFO - DAG(s) 'example_bash_operator' retrieved from /home/airflow/.local/lib/python3.12/site-packages/airflow/example_dags/example_bash_operator.py
[2026-09-22T16:56:28.294+0000] {logging_mixin.py:188} INFO - [2026-09-22T16:56:28.294+0000] {dag.py:3089} INFO - Sync 1 DAGs
[2026-09-22T16:56:28.318+0000] {logging_mixin.py:188} INFO - [2026-09-22T16:56:28.318+0000] {dag.py:3947} INFO - Setting next_dagrun for example_bash_operator to 2026-09-21 00:00:00+00:00, run_after=2026-09-22 00:00:00+00:00
[2026-09-22T16:56:28.340+0000] {processor.py:183} INFO - Processing /home/airflow/.local/lib/python3.12/site-packages/airflow/example_dags/example_bash_operator.py took 0.093 seconds
[2026-09-22T16:58:05.948+0000] {processor.py:161} INFO - Started process (PID=118) to work on /home/airflow/.local/lib/python3.12/site-packages/airflow/example_dags/example_bash_operator.py
[2026-09-22T16:58:05.950+0000] {processor.py:830} INFO - Processing file /home/airflow/.local/lib/python3.12/site-packages/airflow/example_dags/example_bash_operator.py for tasks to queue
[2026-09-22T16:58:05.953+0000] {logging_mixin.py:188} INFO - [2026-09-22T16:58:05.952+0000] {dagbag.py:545} INFO - Filling up the DagBag from /home/airflow/.local/lib/python3.12/site-packages/airflow/example_dags/example_bash_operator.py
[2026-09-22T16:58:05.967+0000] {processor.py:840} INFO - DAG(s) 'example_bash_operator' retrieved from /home/airflow/.local/lib/python3.12/site-packages/airflow/example_dags/example_bash_operator.py
[2026-09-22T16:58:06.104+0000] {logging_mixin.py:188} INFO - [2026-09-22T16:58:06.104+0000] {dag.py:3089} INFO - Sync 1 DAGs
[2026-09-22T16:58:06.135+0000] {logging_mixin.py:188} INFO - [2026-09-22T16:58:06.134+0000] {dag.py:3947} INFO - Setting next_dagrun for example_bash_operator to 2026-09-21 00:00:00+00:00, run_after=2026-09-22 00:00:00+00:00
[2026-09-22T16:58:06.164+0000] {processor.py:183} INFO - Processing /home/airflow/.local/lib/python3.12/site-packages/airflow/example_dags/example_bash_operator.py took 0.225 seconds
[2026-09-22T16:58:36.996+0000] {processor.py:161} INFO - Started process (PID=176) to work on /home/airflow/.local/lib/python3.12/site-packages/airflow/example_dags/example_bash_operator.py
[2026-09-22T16:58:36.997+0000] {processor.py:830} INFO - Processing file /home/airflow/.local/lib/python3.12/site-packages/airflow/example_dags/example_bash_operator.py for tasks to queue
[2026-09-22T16:58:37.000+0000] {logging_mixin.py:188} INFO - [2026-09-22T16:58:36.999+0000] {dagbag.py:545} INFO - Filling up the DagBag from /home/airflow/.local/lib/python3.12/site-packages/airflow/example_dags/example_bash_operator.py
[2026-09-22T16:58:37.010+0000] {processor.py:840} INFO - DAG(s) 'example_bash_operator' retrieved from /home/airflow/.local/lib/python3.12/site-packages/airflow/example_dags/example_bash_operator.py
[2026-09-22T16:58:37.034+0000] {logging_mixin.py:188} INFO - [2026-09-22T16:58:37.033+0000] {dag.py:3089} INFO - Sync 1 DAGs
[2026-09-22T16:58:37.053+0000] {logging_mixin.py:188} INFO - [2026-09-22T16:58:37.053+0000] {dag.py:3947} INFO - Setting next_dagrun for example_bash_operator to 2026-09-21 00:00:00+00:00, run_after=2026-09-22 00:00:00+00:00
[2026-09-22T16:58:37.075+0000] {processor.py:183} INFO - Processing /home/airflow/.local/lib/python3.12/site-packages/airflow/example_dags/example_bash_operator.py took 0.084 seconds
[2026-09-22T16:59:08.008+0000] {processor.py:161} INFO - Started process (PID=234) to work on /home/airflow/.local/lib/python3.12/site-packages/airflow/example_dags/example_bash_operator.py
[2026-09-22T16:59:08.009+0000] {processor.py:830} INFO - Processing file /home/airflow/.local/lib/python3.12/site-packages/airflow/example_dags/example_bash_operator.py for tasks to queue
[2026-09-22T16:59:08.011+0000] {logging_mixin.py:188} INFO - [2026-09-22T16:59:08.011+0000] {dagbag.py:545} INFO - Filling up the DagBag from /home/airflow/.local/lib/python3.12/site-packages/airflow/example_dags/example_bash_operator.py
[2026-09-22T16:59:08.020+0000] {processor.py:840} INFO - DAG(s) 'example_bash_operator' retrieved from /home/airflow/.local/lib/python3.12/site-packages/airflow/example_dags/example_bash_operator.py
[2026-09-22T16:59:08.044+0000] {logging_mixin.py:188} INFO - [2026-09-22T16:59:08.044+0000] {dag.py:3089} INFO - Sync 1 DAGs
[2026-09-22T16:59:08.063+0000] {logging_mixin.py:188} INFO - [2026-09-22T16:59:08.063+0000] {dag.py:3947} INFO - Setting next_dagrun for example_bash_operator to 2026-09-21 00:00:00+00:00, run_after=2026-09-22 00:00:00+00:00
[2026-09-22T16:59:08.084+0000] {processor.py:183} INFO - Processing /home/airflow/.local/lib/python3.12/site-packages/airflow/example_dags/example_bash_operator.py took 0.081 seconds
[2026-09-22T16:59:38.421+0000] {processor.py:161} INFO - Started process (PID=292) to work on /home/airflow/.local/lib/python3.12/site-packages/airflow/example_dags/example_bash_operator.py
[2026-09-22T16:59:38.423+0000] {processor.py:830} INFO - Processing file /home/airflow/.local/lib/python3.12/site-packages/airflow/example_dags/example_bash_operator.py for tasks to queue
[2026-09-22T16:59:38.431+0000] {logging_mixin.py:188} INFO - [2026-09-22T16:59:38.430+0000] {dagbag.py:545} INFO - Filling up the DagBag from /home/airflow/.local/lib/python3.12/site-packages/airflow/example_dags/example_bash_operator.py
[2026-09-22T16:59:38.448+0000] {processor.py:840} INFO - DAG(s) 'example_bash_operator' retrieved from /home/airflow/.local/lib/python3.12/site-packages/airflow/example_dags/example_bash_operator.py
[2026-09-22T16:59:38.486+0000] {logging_mixin.py:188} INFO - [2026-09-22T16:59:38.486+0000] {dag.py:3089} INFO - Sync 1 DAGs
[2026-09-22T16:59:38.508+0000] {logging_mixin.py:188} INFO - [2026-09-22T16:59:38.507+0000] {dag.py:3947} INFO - Setting next_dagrun for example_bash_operator to 2026-09-21 00:00:00+00:00, run_after=2026-09-22 00:00:00+00:00
[2026-09-22T16:59:38.528+0000] {processor.py:183} INFO - Processing /home/airflow/.local/lib/python3.12/site-packages/airflow/example_dags/example_bash_operator.py took 0.116 seconds
[2026-09-22T17:00:08.810+0000] {processor.py:161} INFO - Started process (PID=350) to work on /home/airflow/.local/lib/python3.12/site-packages/airflow/example_dags/example_bash_operator.py
[2026-09-22T17:00:08.811+0000] {processor.py:830} INFO - Processing file /home/airflow/.local/lib/python3.12/site-packages/airflow/example_dags/example_bash_operator.py for tasks to queue
[2026-09-22T17:00:08.814+0000] {logging_mixin.py:188} INFO - [2026-09-22T17:00:08.813+0000] {dagbag.py:545} INFO - Filling up the DagBag from /home/airflow/.local/lib/python3.12/site-packages/airflow/example_dags/example_bash_operator.py
[2026-09-22T17:00:08.830+0000] {processor.py:840} INFO - DAG(s) 'example_bash_operator' retrieved from /home/airflow/.local/lib/python3.12/site-packages/airflow/example_dags/example_bash_operator.py
[2026-09-22T17:00:08.860+0000] {logging_mixin.py:188} INFO - [2026-09-22T17:00:08.860+0000] {dag.py:3089} INFO - Sync 1 DAGs
[2026-09-22T17:00:08.891+0000] {logging_mixin.py:188} INFO - [2026-09-22T17:00:08.890+0000] {dag.py:3947} INFO - Setting next_dagrun for example_bash_operator to 2026-09-21 00:00:00+00:00, run_after=2026-09-22 00:00:00+00:00
[2026-09-22T17:00:08.914+0000] {processor.py:183} INFO - Processing /home/airflow/.local/lib/python3.12/site-packages/airflow/example_dags/example_bash_operator.py took 0.113 seconds
[2026-09-22T17:00:39.320+0000] {processor.py:161} INFO - Started process (PID=408) to work on /home/airflow/.local/lib/python3.12/site-packages/airflow/example_dags/example_bash_operator.py
[2026-09-22T17:00:39.322+0000] {processor.py:830} INFO - Processing file /home/airflow/.local/lib/python3.12/site-packages/airflow/example_dags/example_bash_operator.py for tasks to queue
[2026-09-22T17:00:39.325+0000] {logging_mixin.py:188} INFO - [2026-09-22T17:00:39.324+0000] {dagbag.py:545} INFO - Filling up the DagBag from /home/airflow/.local/lib/python3.12/site-packages/airflow/example_dags/example_bash_operator.py
[2026-09-22T17:00:39.340+0000] {processor.py:840} INFO - DAG(s) 'example_bash_operator' retrieved from /home/airflow/.local/lib/python3.12/site-packages/airflow/example_dags/example_bash_operator.py
[2026-09-22T17:00:39.380+0000] {logging_mixin.py:188} INFO - [2026-09-22T17:00:39.380+0000] {dag.py:3089} INFO - Sync 1 DAGs
[2026-09-22T17:00:39.405+0000] {logging_mixin.py:188} INFO - [2026-09-22T17:00:39.405+0000] {dag.py:3947} INFO - Setting next_dagrun for example_bash_operator to 2026-09-21 00:00:00+00:00, run_after=2026-09-22 00:00:00+00:00
[2026-09-22T17:00:39.425+0000] {processor.py:183} INFO - Processing /home/airflow/.local/lib/python3.12/site-packages/airflow/example_dags/example_bash_operator.py took 0.115 seconds
[2026-09-22T17:01:09.800+0000] {processor.py:161} INFO - Started process (PID=466) to work on /home/airflow/.local/lib/python3.12/site-packages/airflow/example_dags/example_bash_operator.py
[2026-09-22T17:01:09.801+0000] {processor.py:830} INFO - Processing file /home/airflow/.local/lib/python3.12/site-packages/airflow/example_dags/example_bash_operator.py for tasks to queue
[2026-09-22T17:01:09.803+0000] {logging_mixin.py:188} INFO - [2026-09-22T17:01:09.803+0000] {dagbag.py:545} INFO - Filling up the DagBag from /home/airflow/.local/lib/python3.12/site-packages/airflow/example_dags/example_bash_operator.py
[2026-09-22T17:01:09.813+0000] {processor.py:840} INFO - DAG(s) 'example_bash_operator' retrieved from /home/airflow/.local/lib/python3.12/site-packages/airflow/example_dags/example_bash_operator.py
[2026-09-22T17:01:09.837+0000] {logging_mixin.py:188} INFO - [2026-09-22T17:01:09.837+0000] {dag.py:3089} INFO - Sync 1 DAGs
[2026-09-22T17:01:09.855+0000] {logging_mixin.py:188} INFO - [2026-09-22T17:01:09.855+0000] {dag.py:3947} INFO - Setting next_dagrun for example_bash_operator to 2026-09-21 00:00:00+00:00, run_after=2026-09-22 00:00:00+00:00
[2026-09-22T17:01:09.876+0000] {processor.py:183} INFO - Processing /home/airflow/.local/lib/python3.12/site-packages/airflow/example_dags/example_bash_operator.py took 0.081 seconds
[2026-09-22T17:01:40.404+0000] {processor.py:161} INFO - Started process (PID=524) to work on /home/airflow/.local/lib/python3.12/site-packages/airflow/example_dags/example_bash_operator.py
[2026-09-22T17:01:40.406+0000] {processor.py:830} INFO - Processing file /home/airflow/.local/lib/python3.12/site-packages/airflow/example_dags/example_bash_operator.py for tasks to queue
[2026-09-22T17:01:40.409+0000] {logging_mixin.py:188} INFO - [2026-09-22T17:01:40.408+0000] {dagbag.py:545} INFO - Filling up the DagBag from /home/airflow/.local/lib/python3.12/site-packages/airflow/example_dags/example_bash_operator.py
[2026-09-22T17:01:40.430+0000] {processor.py:840} INFO - DAG(s) 'example_bash_operator' retrieved from /home/airflow/.local/lib/python3.12/site-packages/airflow/example_dags/example_bash_operator.py
[2026-09-22T17:01:40.487+0000] {logging_mixin.py:188} INFO - [2026-09-22T17:01:40.487+0000] {dag.py:3089} INFO - Sync 1 DAGs
[2026-09-22T17:01:40.535+0000] {logging_mixin.py:188} INFO - [2026-09-22T17:01:40.534+0000] {dag.py:3947} INFO - Setting next_dagrun for example_bash_operator to 2026-09-21 00:00:00+00:00, run_after=2026-09-22 00:00:00+00:00
[2026-09-22T17:01:40.590+0000] {processor.py:183} INFO - Processing /home/airflow/.local/lib/python3.12/site-packages/airflow/example_dags/example_bash_operator.py took 0.194 seconds
[2026-09-22T17:02:10.745+0000] {processor.py:161} INFO - Started process (PID=582) to work on /home/airflow/.local/lib/python3.12/site-packages/airflow/example_dags/example_bash_operator.py
[2026-09-22T17:02:10.746+0000] {processor.py:830} INFO - Processing file /home/airflow/.local/lib/python3.12/site-packages/airflow/example_dags/example_bash_operator.py for tasks to queue
[2026-09-22T17:02:10.750+0000] {logging_mixin.py:188} INFO - [2026-09-22T17:02:10.749+0000] {dagbag.py:545} INFO - Filling up the DagBag from /home/airflow/.local/lib/python3.12/site-packages/airflow/example_dags/example_bash_operator.py
[2026-09-22T17:02:10.762+0000] {processor.py:840} INFO - DAG(s) 'example_bash_operator' retrieved from /home/airflow/.local/lib/python3.12/site-packages/airflow/example_dags/example_bash_operator.py
[2026-09-22T17:02:10.794+0000] {logging_mixin.py:188} INFO - [2026-09-22T17:02:10.794+0000] {dag.py:3089} INFO - Sync 1 DAGs
[2026-09-22T17:02:10.822+0000] {logging_mixin.py:188} INFO - [2026-09-22T17:02:10.821+0000] {dag.py:3947} INFO - Setting next_dagrun for example_bash_operator to 2026-09-21 00:00:00+00:00, run_after=2026-09-22 00:00:00+00:00
[2026-09-22T17:02:10.846+0000] {processor.py:183} INFO - Processing /home/airflow/.local/lib/python3.12/site-packages/airflow/example_dags/example_bash_operator.py took 0.106 seconds
[2026-09-22T17:03:34.510+0000] {processor.py:161} INFO - Started process (PID=116) to work on /home/airflow/.local/lib/python3.12/site-packages/airflow/example_dags/example_bash_operator.py
[2026-09-22T17:03:34.512+0000] {processor.py:830} INFO - Processing file /home/airflow/.local/lib/python3.12/site-packages/airflow/example_dags/example_bash_operator.py for tasks to queue
[2026-09-22T17:03:34.514+0000] {logging_mixin.py:188} INFO - [2026-09-22T17:03:34.514+0000] {dagbag.py:545} INFO - Filling up the DagBag from /home/airflow/.local/lib/python3.12/site-packages/airflow/example_dags/example_bash_operator.py
[2026-09-22T17:03:34.527+0000] {processor.py:840} INFO - DAG(s) 'example_bash_operator' retrieved from /home/airflow/.local/lib/python3.12/site-packages/airflow/example_dags/example_bash_operator.py
[2026-09-22T17:03:34.657+0000] {logging_mixin.py:188} INFO - [2026-09-22T17:03:34.657+0000] {dag.py:3089} INFO - Sync 1 DAGs
[2026-09-22T17:03:34.681+0000] {logging_mixin.py:188} INFO - [2026-09-22T17:03:34.680+0000] {dag.py:3947} INFO - Setting next_dagrun for example_bash_operator to 2026-09-21 00:00:00+00:00, run_after=2026-09-22 00:00:00+00:00
[2026-09-22T17:03:34.705+0000] {processor.py:183} INFO - Processing /home/airflow/.local/lib/python3.12/site-packages/airflow/example_dags/example_bash_operator.py took 0.201 seconds
[2026-09-22T17:04:05.677+0000] {processor.py:161} INFO - Started process (PID=174) to work on /home/airflow/.local/lib/python3.12/site-packages/airflow/example_dags/example_bash_operator.py
[2026-09-22T17:04:05.679+0000] {processor.py:830} INFO - Processing file /home/airflow/.local/lib/python3.12/site-packages/airflow/example_dags/example_bash_operator.py for tasks to queue
[2026-09-22T17:04:05.681+0000] {logging_mixin.py:188} INFO - [2026-09-22T17:04:05.680+0000] {dagbag.py:545} INFO - Filling up the DagBag from /home/airflow/.local/lib/python3.12/site-packages/airflow/example_dags/example_bash_operator.py
[2026-09-22T17:04:05.690+0000] {processor.py:840} INFO - DAG(s) 'example_bash_operator' retrieved from /home/airflow/.local/lib/python3.12/site-packages/airflow/example_dags/example_bash_operator.py
[2026-09-22T17:04:05.715+0000] {logging_mixin.py:188} INFO - [2026-09-22T17:04:05.714+0000] {dag.py:3089} INFO - Sync 1 DAGs
[2026-09-22T17:04:05.737+0000] {logging_mixin.py:188} INFO - [2026-09-22T17:04:05.736+0000] {dag.py:3947} INFO - Setting next_dagrun for example_bash_operator to 2026-09-21 00:00:00+00:00, run_after=2026-09-22 00:00:00+00:00
[2026-09-22T17:04:05.758+0000] {processor.py:183} INFO - Processing /home/airflow/.local/lib/python3.12/site-packages/airflow/example_dags/example_bash_operator.py took 0.086 seconds
[2026-09-22T17:04:36.611+0000] {processor.py:161} INFO - Started process (PID=232) to work on /home/airflow/.local/lib/python3.12/site-packages/airflow/example_dags/example_bash_operator.py
[2026-09-22T17:04:36.613+0000] {processor.py:830} INFO - Processing file /home/airflow/.local/lib/python3.12/site-packages/airflow/example_dags/example_bash_operator.py for tasks to queue
[2026-09-22T17:04:36.617+0000] {logging_mixin.py:188} INFO - [2026-09-22T17:04:36.617+0000] {dagbag.py:545} INFO - Filling up the DagBag from /home/airflow/.local/lib/python3.12/site-packages/airflow/example_dags/example_bash_operator.py
[2026-09-22T17:04:36.641+0000] {processor.py:840} INFO - DAG(s) 'example_bash_operator' retrieved from /home/airflow/.local/lib/python3.12/site-packages/airflow/example_dags/example_bash_operator.py
[2026-09-22T17:04:36.709+0000] {logging_mixin.py:188} INFO - [2026-09-22T17:04:36.709+0000] {dag.py:3089} INFO - Sync 1 DAGs
[2026-09-22T17:04:36.743+0000] {logging_mixin.py:188} INFO - [2026-09-22T17:04:36.743+0000] {dag.py:3947} INFO - Setting next_dagrun for example_bash_operator to 2026-09-21 00:00:00+00:00, run_after=2026-09-22 00:00:00+00:00
[2026-09-22T17:04:36.770+0000] {processor.py:183} INFO - Processing /home/airflow/.local/lib/python3.12/site-packages/airflow/example_dags/example_bash_operator.py took 0.169 seconds
[2026-09-22T17:05:07.514+0000] {processor.py:161} INFO - Started process (PID=290) to work on /home/airflow/.local/lib/python3.12/site-packages/airflow/example_dags/example_bash_operator.py
[2026-09-22T17:05:07.516+0000] {processor.py:830} INFO - Processing file /home/airflow/.local/lib/python3.12/site-packages/airflow/example_dags/example_bash_operator.py for tasks to queue
[2026-09-22T17:05:07.519+0000] {logging_mixin.py:188} INFO - [2026-09-22T17:05:07.518+0000] {dagbag.py:545} INFO - Filling up the DagBag from /home/airflow/.local/lib/python3.12/site-packages/airflow/example_dags/example_bash_operator.py
[2026-09-22T17:05:07.540+0000] {processor.py:840} INFO - DAG(s) 'example_bash_operator' retrieved from /home/airflow/.local/lib/python3.12/site-packages/airflow/example_dags/example_bash_operator.py
[2026-09-22T17:05:07.579+0000] {logging_mixin.py:188} INFO - [2026-09-22T17:05:07.579+0000] {dag.py:3089} INFO - Sync 1 DAGs
[2026-09-22T17:05:07.613+0000] {logging_mixin.py:188} INFO - [2026-09-22T17:05:07.613+0000] {dag.py:3947} INFO - Setting next_dagrun for example_bash_operator to 2026-09-21 00:00:00+00:00, run_after=2026-09-22 00:00:00+00:00
[2026-09-22T17:05:07.643+0000] {processor.py:183} INFO - Processing /home/airflow/.local/lib/python3.12/site-packages/airflow/example_dags/example_bash_operator.py took 0.138 seconds
[2026-09-22T17:05:37.855+0000] {processor.py:161} INFO - Started process (PID=348) to work on /home/airflow/.local/lib/python3.12/site-packages/airflow/example_dags/example_bash_operator.py
[2026-09-22T17:05:37.856+0000] {processor.py:830} INFO - Processing file /home/airflow/.local/lib/python3.12/site-packages/airflow/example_dags/example_bash_operator.py for tasks to queue
[2026-09-22T17:05:37.858+0000] {logging_mixin.py:188} INFO - [2026-09-22T17:05:37.858+0000] {dagbag.py:545} INFO - Filling up the DagBag from /home/airflow/.local/lib/python3.12/site-packages/airflow/example_dags/example_bash_operator.py
[2026-09-22T17:05:37.869+0000] {processor.py:840} INFO - DAG(s) 'example_bash_operator' retrieved from /home/airflow/.local/lib/python3.12/site-packages/airflow/example_dags/example_bash_operator.py
[2026-09-22T17:05:37.897+0000] {logging_mixin.py:188} INFO - [2026-09-22T17:05:37.897+0000] {dag.py:3089} INFO - Sync 1 DAGs
[2026-09-22T17:05:37.923+0000] {logging_mixin.py:188} INFO - [2026-09-22T17:05:37.923+0000] {dag.py:3947} INFO - Setting next_dagrun for example_bash_operator to 2026-09-21 00:00:00+00:00, run_after=2026-09-22 00:00:00+00:00
[2026-09-22T17:05:37.948+0000] {processor.py:183} INFO - Processing /home/airflow/.local/lib/python3.12/site-packages/airflow/example_dags/example_bash_operator.py took 0.099 seconds
[2026-09-22T17:06:08.406+0000] {processor.py:161} INFO - Started process (PID=406) to work on /home/airflow/.local/lib/python3.12/site-packages/airflow/example_dags/example_bash_operator.py
[2026-09-22T17:06:08.409+0000] {processor.py:830} INFO - Processing file /home/airflow/.local/lib/python3.12/site-packages/airflow/example_dags/example_bash_operator.py for tasks to queue
[2026-09-22T17:06:08.413+0000] {logging_mixin.py:188} INFO - [2026-09-22T17:06:08.412+0000] {dagbag.py:545} INFO - Filling up the DagBag from /home/airflow/.local/lib/python3.12/site-packages/airflow/example_dags/example_bash_operator.py
[2026-09-22T17:06:08.435+0000] {processor.py:840} INFO - DAG(s) 'example_bash_operator' retrieved from /home/airflow/.local/lib/python3.12/site-packages/airflow/example_dags/example_bash_operator.py
[2026-09-22T17:06:08.493+0000] {logging_mixin.py:188} INFO - [2026-09-22T17:06:08.493+0000] {dag.py:3089} INFO - Sync 1 DAGs
[2026-09-22T17:06:08.542+0000] {logging_mixin.py:188} INFO - [2026-09-22T17:06:08.542+0000] {dag.py:3947} INFO - Setting next_dagrun for example_bash_operator to 2026-09-21 00:00:00+00:00, run_after=2026-09-22 00:00:00+00:00
[2026-09-22T17:06:08.592+0000] {processor.py:183} INFO - Processing /home/airflow/.local/lib/python3.12/site-packages/airflow/example_dags/example_bash_operator.py took 0.205 seconds
[2026-09-22T17:06:39.135+0000] {processor.py:161} INFO - Started process (PID=464) to work on /home/airflow/.local/lib/python3.12/site-packages/airflow/example_dags/example_bash_operator.py
[2026-09-22T17:06:39.136+0000] {processor.py:830} INFO - Processing file /home/airflow/.local/lib/python3.12/site-packages/airflow/example_dags/example_bash_operator.py for tasks to queue
[2026-09-22T17:06:39.139+0000] {logging_mixin.py:188} INFO - [2026-09-22T17:06:39.138+0000] {dagbag.py:545} INFO - Filling up the DagBag from /home/airflow/.local/lib/python3.12/site-packages/airflow/example_dags/example_bash_operator.py
[2026-09-22T17:06:39.149+0000] {processor.py:840} INFO - DAG(s) 'example_bash_operator' retrieved from /home/airflow/.local/lib/python3.12/site-packages/airflow/example_dags/example_bash_operator.py
[2026-09-22T17:06:39.174+0000] {logging_mixin.py:188} INFO - [2026-09-22T17:06:39.174+0000] {dag.py:3089} INFO - Sync 1 DAGs
[2026-09-22T17:06:39.201+0000] {logging_mixin.py:188} INFO - [2026-09-22T17:06:39.200+0000] {dag.py:3947} INFO - Setting next_dagrun for example_bash_operator to 2026-09-21 00:00:00+00:00, run_after=2026-09-22 00:00:00+00:00
[2026-09-22T17:06:39.227+0000] {processor.py:183} INFO - Processing /home/airflow/.local/lib/python3.12/site-packages/airflow/example_dags/example_bash_operator.py took 0.098 seconds
[2026-09-22T17:07:09.985+0000] {processor.py:161} INFO - Started process (PID=522) to work on /home/airflow/.local/lib/python3.12/site-packages/airflow/example_dags/example_bash_operator.py
[2026-09-22T17:07:09.987+0000] {processor.py:830} INFO - Processing file /home/airflow/.local/lib/python3.12/site-packages/airflow/example_dags/example_bash_operator.py for tasks to queue
[2026-09-22T17:07:09.989+0000] {logging_mixin.py:188} INFO - [2026-09-22T17:07:09.989+0000] {dagbag.py:545} INFO - Filling up the DagBag from /home/airflow/.local/lib/python3.12/site-packages/airflow/example_dags/example_bash_operator.py
[2026-09-22T17:07:09.998+0000] {processor.py:840} INFO - DAG(s) 'example_bash_operator' retrieved from /home/airflow/.local/lib/python3.12/site-packages/airflow/example_dags/example_bash_operator.py
[2026-09-22T17:07:10.026+0000] {logging_mixin.py:188} INFO - [2026-09-22T17:07:10.026+0000] {dag.py:3089} INFO - Sync 1 DAGs
[2026-09-22T17:07:10.045+0000] {logging_mixin.py:188} INFO - [2026-09-22T17:07:10.044+0000] {dag.py:3947} INFO - Setting next_dagrun for example_bash_operator to 2026-09-21 00:00:00+00:00, run_after=2026-09-22 00:00:00+00:00
[2026-09-22T17:07:10.071+0000] {processor.py:183} INFO - Processing /home/airflow/.local/lib/python3.12/site-packages/airflow/example_dags/example_bash_operator.py took 0.092 seconds
[2026-09-22T17:07:40.505+0000] {processor.py:161} INFO - Started process (PID=580) to work on /home/airflow/.local/lib/python3.12/site-packages/airflow/example_dags/example_bash_operator.py
[2026-09-22T17:07:40.506+0000] {processor.py:830} INFO - Processing file /home/airflow/.local/lib/python3.12/site-packages/airflow/example_dags/example_bash_operator.py for tasks to queue
[2026-09-22T17:07:40.508+0000] {logging_mixin.py:188} INFO - [2026-09-22T17:07:40.508+0000] {dagbag.py:545} INFO - Filling up the DagBag from /home/airflow/.local/lib/python3.12/site-packages/airflow/example_dags/example_bash_operator.py
[2026-09-22T17:07:40.518+0000] {processor.py:840} INFO - DAG(s) 'example_bash_operator' retrieved from /home/airflow/.local/lib/python3.12/site-packages/airflow/example_dags/example_bash_operator.py
[2026-09-22T17:07:40.541+0000] {logging_mixin.py:188} INFO - [2026-09-22T17:07:40.541+0000] {dag.py:3089} INFO - Sync 1 DAGs
[2026-09-22T17:07:40.564+0000] {logging_mixin.py:188} INFO - [2026-09-22T17:07:40.563+0000] {dag.py:3947} INFO - Setting next_dagrun for example_bash_operator to 2026-09-21 00:00:00+00:00, run_after=2026-09-22 00:00:00+00:00
[2026-09-22T17:07:40.586+0000] {processor.py:183} INFO - Processing /home/airflow/.local/lib/python3.12/site-packages/airflow/example_dags/example_bash_operator.py took 0.085 seconds
[2026-09-22T17:08:10.838+0000] {processor.py:161} INFO - Started process (PID=638) to work on /home/airflow/.local/lib/python3.12/site-packages/airflow/example_dags/example_bash_operator.py
[2026-09-22T17:08:10.839+0000] {processor.py:830} INFO - Processing file /home/airflow/.local/lib/python3.12/site-packages/airflow/example_dags/example_bash_operator.py for tasks to queue
[2026-09-22T17:08:10.840+0000] {logging_mixin.py:188} INFO - [2026-09-22T17:08:10.840+0000] {dagbag.py:545} INFO - Filling up the DagBag from /home/airflow/.local/lib/python3.12/site-packages/airflow/example_dags/example_bash_operator.py
[2026-09-22T17:08:10.851+0000] {processor.py:840} INFO - DAG(s) 'example_bash_operator' retrieved from /home/airflow/.local/lib/python3.12/site-packages/airflow/example_dags/example_bash_operator.py
[2026-09-22T17:08:10.874+0000] {logging_mixin.py:188} INFO - [2026-09-22T17:08:10.874+0000] {dag.py:3089} INFO - Sync 1 DAGs
[2026-09-22T17:08:10.894+0000] {logging_mixin.py:188} INFO - [2026-09-22T17:08:10.894+0000] {dag.py:3947} INFO - Setting next_dagrun for example_bash_operator to 2026-09-21 00:00:00+00:00, run_after=2026-09-22 00:00:00+00:00
[2026-09-22T17:08:10.916+0000] {processor.py:183} INFO - Processing /home/airflow/.local/lib/python3.12/site-packages/airflow/example_dags/example_bash_operator.py took 0.083 seconds
[2026-09-22T17:08:41.096+0000] {processor.py:161} INFO - Started process (PID=702) to work on /home/airflow/.local/lib/python3.12/site-packages/airflow/example_dags/example_bash_operator.py
[2026-09-22T17:08:41.097+0000] {processor.py:830} INFO - Processing file /home/airflow/.local/lib/python3.12/site-packages/airflow/example_dags/example_bash_operator.py for tasks to queue
[2026-09-22T17:08:41.100+0000] {logging_mixin.py:188} INFO - [2026-09-22T17:08:41.100+0000] {dagbag.py:545} INFO - Filling up the DagBag from /home/airflow/.local/lib/python3.12/site-packages/airflow/example_dags/example_bash_operator.py
[2026-09-22T17:08:41.109+0000] {processor.py:840} INFO - DAG(s) 'example_bash_operator' retrieved from /home/airflow/.local/lib/python3.12/site-packages/airflow/example_dags/example_bash_operator.py
[2026-09-22T17:08:41.130+0000] {logging_mixin.py:188} INFO - [2026-09-22T17:08:41.130+0000] {dag.py:3089} INFO - Sync 1 DAGs
[2026-09-22T17:08:41.148+0000] {logging_mixin.py:188} INFO - [2026-09-22T17:08:41.148+0000] {dag.py:3947} INFO - Setting next_dagrun for example_bash_operator to 2026-09-21 00:00:00+00:00, run_after=2026-09-22 00:00:00+00:00
[2026-09-22T17:08:41.167+0000] {processor.py:183} INFO - Processing /home/airflow/.local/lib/python3.12/site-packages/airflow/example_dags/example_bash_operator.py took 0.076 seconds
[2026-09-22T17:09:11.361+0000] {processor.py:161} INFO - Started process (PID=760) to work on /home/airflow/.local/lib/python3.12/site-packages/airflow/example_dags/example_bash_operator.py
[2026-09-22T17:09:11.362+0000] {processor.py:830} INFO - Processing file /home/airflow/.local/lib/python3.12/site-packages/airflow/example_dags/example_bash_operator.py for tasks to queue
[2026-09-22T17:09:11.365+0000] {logging_mixin.py:188} INFO - [2026-09-22T17:09:11.364+0000] {dagbag.py:545} INFO - Filling up the DagBag from /home/airflow/.local/lib/python3.12/site-packages/airflow/example_dags/example_bash_operator.py
[2026-09-22T17:09:11.386+0000] {processor.py:840} INFO - DAG(s) 'example_bash_operator' retrieved from /home/airflow/.local/lib/python3.12/site-packages/airflow/example_dags/example_bash_operator.py
[2026-09-22T17:09:11.454+0000] {logging_mixin.py:188} INFO - [2026-09-22T17:09:11.453+0000] {dag.py:3089} INFO - Sync 1 DAGs
[2026-09-22T17:09:11.512+0000] {logging_mixin.py:188} INFO - [2026-09-22T17:09:11.512+0000] {dag.py:3947} INFO - Setting next_dagrun for example_bash_operator to 2026-09-21 00:00:00+00:00, run_after=2026-09-22 00:00:00+00:00
[2026-09-22T17:09:11.551+0000] {processor.py:183} INFO - Processing /home/airflow/.local/lib/python3.12/site-packages/airflow/example_dags/example_bash_operator.py took 0.195 seconds
[2026-09-22T17:09:41.636+0000] {processor.py:161} INFO - Started process (PID=818) to work on /home/airflow/.local/lib/python3.12/site-packages/airflow/example_dags/example_bash_operator.py
[2026-09-22T17:09:41.637+0000] {processor.py:830} INFO - Processing file /home/airflow/.local/lib/python3.12/site-packages/airflow/example_dags/example_bash_operator.py for tasks to queue
[2026-09-22T17:09:41.638+0000] {logging_mixin.py:188} INFO - [2026-09-22T17:09:41.638+0000] {dagbag.py:545} INFO - Filling up the DagBag from /home/airflow/.local/lib/python3.12/site-packages/airflow/example_dags/example_bash_operator.py
[2026-09-22T17:09:41.648+0000] {processor.py:840} INFO - DAG(s) 'example_bash_operator' retrieved from /home/airflow/.local/lib/python3.12/site-packages/airflow/example_dags/example_bash_operator.py
[2026-09-22T17:09:41.669+0000] {logging_mixin.py:188} INFO - [2026-09-22T17:09:41.669+0000] {dag.py:3089} INFO - Sync 1 DAGs
[2026-09-22T17:09:41.689+0000] {logging_mixin.py:188} INFO - [2026-09-22T17:09:41.689+0000] {dag.py:3947} INFO - Setting next_dagrun for example_bash_operator to 2026-09-21 00:00:00+00:00, run_after=2026-09-22 00:00:00+00:00
[2026-09-22T17:09:41.708+0000] {processor.py:183} INFO - Processing /home/airflow/.local/lib/python3.12/site-packages/airflow/example_dags/example_bash_operator.py took 0.078 seconds
[2026-09-22T17:10:11.807+0000] {processor.py:161} INFO - Started process (PID=876) to work on /home/airflow/.local/lib/python3.12/site-packages/airflow/example_dags/example_bash_operator.py
[2026-09-22T17:10:11.808+0000] {processor.py:830} INFO - Processing file /home/airflow/.local/lib/python3.12/site-packages/airflow/example_dags/example_bash_operator.py for tasks to queue
[2026-09-22T17:10:11.810+0000] {logging_mixin.py:188} INFO - [2026-09-22T17:10:11.810+0000] {dagbag.py:545} INFO - Filling up the DagBag from /home/airflow/.local/lib/python3.12/site-packages/airflow/example_dags/example_bash_operator.py
[2026-09-22T17:10:11.822+0000] {processor.py:840} INFO - DAG(s) 'example_bash_operator' retrieved from /home/airflow/.local/lib/python3.12/site-packages/airflow/example_dags/example_bash_operator.py
[2026-09-22T17:10:11.846+0000] {logging_mixin.py:188} INFO - [2026-09-22T17:10:11.846+0000] {dag.py:3089} INFO - Sync 1 DAGs
[2026-09-22T17:10:11.865+0000] {logging_mixin.py:188} INFO - [2026-09-22T17:10:11.865+0000] {dag.py:3947} INFO - Setting next_dagrun for example_bash_operator to 2026-09-21 00:00:00+00:00, run_after=2026-09-22 00:00:00+00:00
[2026-09-22T17:10:11.885+0000] {processor.py:183} INFO - Processing /home/airflow/.local/lib/python3.12/site-packages/airflow/example_dags/example_bash_operator.py took 0.083 seconds
[2026-09-22T17:10:41.931+0000] {processor.py:161} INFO - Started process (PID=934) to work on /home/airflow/.local/lib/python3.12/site-packages/airflow/example_dags/example_bash_operator.py
[2026-09-22T17:10:41.933+0000] {processor.py:830} INFO - Processing file /home/airflow/.local/lib/python3.12/site-packages/airflow/example_dags/example_bash_operator.py for tasks to queue
[2026-09-22T17:10:41.935+0000] {logging_mixin.py:188} INFO - [2026-09-22T17:10:41.934+0000] {dagbag.py:545} INFO - Filling up the DagBag from /home/airflow/.local/lib/python3.12/site-packages/airflow/example_dags/example_bash_operator.py
[2026-09-22T17:10:41.943+0000] {processor.py:840} INFO - DAG(s) 'example_bash_operator' retrieved from /home/airflow/.local/lib/python3.12/site-packages/airflow/example_dags/example_bash_operator.py
[2026-09-22T17:10:41.966+0000] {logging_mixin.py:188} INFO - [2026-09-22T17:10:41.966+0000] {dag.py:3089} INFO - Sync 1 DAGs
[2026-09-22T17:10:41.985+0000] {logging_mixin.py:188} INFO - [2026-09-22T17:10:41.985+0000] {dag.py:3947} INFO - Setting next_dagrun for example_bash_operator to 2026-09-21 00:00:00+00:00, run_after=2026-09-22 00:00:00+00:00
[2026-09-22T17:10:42.006+0000] {processor.py:183} INFO - Processing /home/airflow/.local/lib/python3.12/site-packages/airflow/example_dags/example_bash_operator.py took 0.080 seconds
[2026-09-22T17:11:12.160+0000] {processor.py:161} INFO - Started process (PID=992) to work on /home/airflow/.local/lib/python3.12/site-packages/airflow/example_dags/example_bash_operator.py
[2026-09-22T17:11:12.161+0000] {processor.py:830} INFO - Processing file /home/airflow/.local/lib/python3.12/site-packages/airflow/example_dags/example_bash_operator.py for tasks to queue
[2026-09-22T17:11:12.163+0000] {logging_mixin.py:188} INFO - [2026-09-22T17:11:12.163+0000] {dagbag.py:545} INFO - Filling up the DagBag from /home/airflow/.local/lib/python3.12/site-packages/airflow/example_dags/example_bash_operator.py
[2026-09-22T17:11:12.176+0000] {processor.py:840} INFO - DAG(s) 'example_bash_operator' retrieved from /home/airflow/.local/lib/python3.12/site-packages/airflow/example_dags/example_bash_operator.py
[2026-09-22T17:11:12.210+0000] {logging_mixin.py:188} INFO - [2026-09-22T17:11:12.210+0000] {dag.py:3089} INFO - Sync 1 DAGs
[2026-09-22T17:11:12.240+0000] {logging_mixin.py:188} INFO - [2026-09-22T17:11:12.240+0000] {dag.py:3947} INFO - Setting next_dagrun for example_bash_operator to 2026-09-21 00:00:00+00:00, run_after=2026-09-22 00:00:00+00:00
[2026-09-22T17:11:12.260+0000] {processor.py:183} INFO - Processing /home/airflow/.local/lib/python3.12/site-packages/airflow/example_dags/example_bash_operator.py took 0.106 seconds
[2026-09-22T17:11:42.588+0000] {processor.py:161} INFO - Started process (PID=1050) to work on /home/airflow/.local/lib/python3.12/site-packages/airflow/example_dags/example_bash_operator.py
[2026-09-22T17:11:42.589+0000] {processor.py:830} INFO - Processing file /home/airflow/.local/lib/python3.12/site-packages/airflow/example_dags/example_bash_operator.py for tasks to queue
[2026-09-22T17:11:42.591+0000] {logging_mixin.py:188} INFO - [2026-09-22T17:11:42.590+0000] {dagbag.py:545} INFO - Filling up the DagBag from /home/airflow/.local/lib/python3.12/site-packages/airflow/example_dags/example_bash_operator.py
[2026-09-22T17:11:42.601+0000] {processor.py:840} INFO - DAG(s) 'example_bash_operator' retrieved from /home/airflow/.local/lib/python3.12/site-packages/airflow/example_dags/example_bash_operator.py
[2026-09-22T17:11:42.623+0000] {logging_mixin.py:188} INFO - [2026-09-22T17:11:42.622+0000] {dag.py:3089} INFO - Sync 1 DAGs
[2026-09-22T17:11:42.640+0000] {logging_mixin.py:188} INFO - [2026-09-22T17:11:42.640+0000] {dag.py:3947} INFO - Setting next_dagrun for example_bash_operator to 2026-09-21 00:00:00+00:00, run_after=2026-09-22 00:00:00+00:00
[2026-09-22T17:11:42.658+0000] {processor.py:183} INFO - Processing /home/airflow/.local/lib/python3.12/site-packages/airflow/example_dags/example_bash_operator.py took 0.075 seconds
[2026-09-22T17:12:12.725+0000] {processor.py:161} INFO - Started process (PID=1108) to work on /home/airflow/.local/lib/python3.12/site-packages/airflow/example_dags/example_bash_operator.py
[2026-09-22T17:12:12.726+0000] {processor.py:830} INFO - Processing file /home/airflow/.local/lib/python3.12/site-packages/airflow/example_dags/example_bash_operator.py for tasks to queue
[2026-09-22T17:12:12.728+0000] {logging_mixin.py:188} INFO - [2026-09-22T17:12:12.727+0000] {dagbag.py:545} INFO - Filling up the DagBag from /home/airflow/.local/lib/python3.12/site-packages/airflow/example_dags/example_bash_operator.py
[2026-09-22T17:12:12.738+0000] {processor.py:840} INFO - DAG(s) 'example_bash_operator' retrieved from /home/airflow/.local/lib/python3.12/site-packages/airflow/example_dags/example_bash_operator.py
[2026-09-22T17:12:12.765+0000] {logging_mixin.py:188} INFO - [2026-09-22T17:12:12.765+0000] {dag.py:3089} INFO - Sync 1 DAGs
[2026-09-22T17:12:12.788+0000] {logging_mixin.py:188} INFO - [2026-09-22T17:12:12.788+0000] {dag.py:3947} INFO - Setting next_dagrun for example_bash_operator to 2026-09-21 00:00:00+00:00, run_after=2026-09-22 00:00:00+00:00
[2026-09-22T17:12:12.813+0000] {processor.py:183} INFO - Processing /home/airflow/.local/lib/python3.12/site-packages/airflow/example_dags/example_bash_operator.py took 0.094 seconds
[2026-09-22T17:12:43.044+0000] {processor.py:161} INFO - Started process (PID=1166) to work on /home/airflow/.local/lib/python3.12/site-packages/airflow/example_dags/example_bash_operator.py
[2026-09-22T17:12:43.045+0000] {processor.py:830} INFO - Processing file /home/airflow/.local/lib/python3.12/site-packages/airflow/example_dags/example_bash_operator.py for tasks to queue
[2026-09-22T17:12:43.046+0000] {logging_mixin.py:188} INFO - [2026-09-22T17:12:43.046+0000] {dagbag.py:545} INFO - Filling up the DagBag from /home/airflow/.local/lib/python3.12/site-packages/airflow/example_dags/example_bash_operator.py
[2026-09-22T17:12:43.058+0000] {processor.py:840} INFO - DAG(s) 'example_bash_operator' retrieved from /home/airflow/.local/lib/python3.12/site-packages/airflow/example_dags/example_bash_operator.py
[2026-09-22T17:12:43.080+0000] {logging_mixin.py:188} INFO - [2026-09-22T17:12:43.080+0000] {dag.py:3089} INFO - Sync 1 DAGs
[2026-09-22T17:12:43.100+0000] {logging_mixin.py:188} INFO - [2026-09-22T17:12:43.100+0000] {dag.py:3947} INFO - Setting next_dagrun for example_bash_operator to 2026-09-21 00:00:00+00:00, run_after=2026-09-22 00:00:00+00:00
[2026-09-22T17:12:43.119+0000] {processor.py:183} INFO - Processing /home/airflow/.local/lib/python3.12/site-packages/airflow/example_dags/example_bash_operator.py took 0.080 seconds
[2026-09-22T17:13:13.390+0000] {processor.py:161} INFO - Started process (PID=1224) to work on /home/airflow/.local/lib/python3.12/site-packages/airflow/example_dags/example_bash_operator.py
[2026-09-22T17:13:13.391+0000] {processor.py:830} INFO - Processing file /home/airflow/.local/lib/python3.12/site-packages/airflow/example_dags/example_bash_operator.py for tasks to queue
[2026-09-22T17:13:13.395+0000] {logging_mixin.py:188} INFO - [2026-09-22T17:13:13.394+0000] {dagbag.py:545} INFO - Filling up the DagBag from /home/airflow/.local/lib/python3.12/site-packages/airflow/example_dags/example_bash_operator.py
[2026-09-22T17:13:13.412+0000] {processor.py:840} INFO - DAG(s) 'example_bash_operator' retrieved from /home/airflow/.local/lib/python3.12/site-packages/airflow/example_dags/example_bash_operator.py
[2026-09-22T17:13:13.451+0000] {logging_mixin.py:188} INFO - [2026-09-22T17:13:13.451+0000] {dag.py:3089} INFO - Sync 1 DAGs
[2026-09-22T17:13:13.475+0000] {logging_mixin.py:188} INFO - [2026-09-22T17:13:13.475+0000] {dag.py:3947} INFO - Setting next_dagrun for example_bash_operator to 2026-09-21 00:00:00+00:00, run_after=2026-09-22 00:00:00+00:00
[2026-09-22T17:13:13.497+0000] {processor.py:183} INFO - Processing /home/airflow/.local/lib/python3.12/site-packages/airflow/example_dags/example_bash_operator.py took 0.118 seconds
