[2026-09-22T16:19:34.453+0000] {processor.py:161} INFO - Started process (PID=104) to work on /home/airflow/.local/lib/python3.12/site-packages/airflow/example_dags/example_skip_dag.py
[2026-09-22T16:19:34.454+0000] {processor.py:830} INFO - Processing file /home/airflow/.local/lib/python3.12/site-packages/airflow/example_dags/example_skip_dag.py for tasks to queue
[2026-09-22T16:19:34.457+0000] {logging_mixin.py:188} INFO - [2026-09-22T16:19:34.456+0000] {dagbag.py:545} INFO - Filling up the DagBag from /home/airflow/.local/lib/python3.12/site-packages/airflow/example_dags/example_skip_dag.py
[2026-09-22T16:19:34.468+0000] {processor.py:840} INFO - DAG(s) 'example_skip_dag' retrieved from /home/airflow/.local/lib/python3.12/site-packages/airflow/example_dags/example_skip_dag.py
[2026-09-22T16:19:34.613+0000] {logging_mixin.py:188} INFO - [2026-09-22T16:19:34.612+0000] {dag.py:3089} INFO - Sync 1 DAGs
[2026-09-22T16:19:34.638+0000] {logging_mixin.py:188} INFO - [2026-09-22T16:19:34.638+0000] {dag.py:3947} INFO - Setting next_dagrun for example_skip_dag to 2026-09-21 00:00:00+00:00, run_after=2026-09-22 00:00:00+00:00
[2026-09-22T16:19:34.668+0000] {processor.py:183} INFO - Processing /home/airflow/.local/lib/python3.12/site-packages/airflow/example_dags/example_skip_dag.py took 0.224 seconds
[2026-09-22T16:20:05.424+0000] {processor.py:161} INFO - Started process (PID=162) to work on /home/airflow/.local/lib/python3.12/site-packages/airflow/example_dags/example_skip_dag.py
[2026-09-22T16:20:05.426+0000] {processor.py:830} INFO - Processing file /home/airflow/.local/lib/python3.12/site-packages/airflow/example_dags/example_skip_dag.py for tasks to queue
[2026-09-22T16:20:05.429+0000] {logging_mixin.py:188} INFO - [2026-09-22T16:20:05.428+0000] {dagbag.py:545} INFO - Filling up the DagBag from /home/airflow/.local/lib/python3.12/site-packages/airflow/example_dags/example_skip_dag.py
[2026-09-22T16:20:05.439+0000] {processor.py:840} INFO - DAG(s) 'example_skip_dag' retrieved from /home/airflow/.local/lib/python3.12/site-packages/airflow/example_dags/example_skip_dag.py
[2026-09-22T16:20:05.466+0000] {logging_mixin.py:188} INFO - [2026-09-22T16:20:05.465+0000] {dag.py:3089} INFO - Sync 1 DAGs
[2026-09-22T16:20:05.495+0000] {logging_mixin.py:188} INFO - [2026-09-22T16:20:05.495+0000] {dag.py:3947} INFO - Setting next_dagrun for example_skip_dag to 2026-09-21 00:00:00+00:00, run_after=2026-09-22 00:00:00+00:00
[2026-09-22T16:20:05.520+0000] {processor.py:183} INFO - Processing /home/airflow/.local/lib/python3.12/site-packages/airflow/example_dags/example_skip_dag.py took 0.103 seconds
[2026-09-22T16:20:36.276+0000] {processor.py:161} INFO - Started process (PID=219) to work on /home/airflow/.local/lib/python3.12/site-packages/airflow/example_dags/example_skip_dag.py
[2026-09-22T16:20:36.277+0000] {processor.py:830} INFO - Processing file /home/airflow/.local/lib/python3.12/site-packages/airflow/example_dags/example_skip_dag.py for tasks to queue
[2026-09-22T16:20:36.280+0000] {logging_mixin.py:188} INFO - [2026-09-22T16:20:36.280+0000] {dagbag.py:545} INFO - Filling up the DagBag from /home/airflow/.local/lib/python3.12/site-packages/airflow/example_dags/example_skip_dag.py
[2026-09-22T16:20:36.289+0000] {processor.py:840} INFO - DAG(s) 'example_skip_dag' retrieved from /home/airflow/.local/lib/python3.12/site-packages/airflow/example_dags/example_skip_dag.py
[2026-09-22T16:20:36.320+0000] {logging_mixin.py:188} INFO - [2026-09-22T16:20:36.320+0000] {dag.py:3089} INFO - Sync 1 DAGs
[2026-09-22T16:20:36.349+0000] {logging_mixin.py:188} INFO - [2026-09-22T16:20:36.348+0000] {dag.py:3947} INFO - Setting next_dagrun for example_skip_dag to 2026-09-21 00:00:00+00:00, run_after=2026-09-22 00:00:00+00:00
[2026-09-22T16:20:36.375+0000] {processor.py:183} INFO - Processing /home/airflow/.local/lib/python3.12/site-packages/airflow/example_dags/example_skip_dag.py took 0.109 seconds
[2026-09-22T16:21:06.733+0000] {processor.py:161} INFO - Started process (PID=277) to work on /home/airflow/.local/lib/python3.12/site-packages/airflow/example_dags/example_skip_dag.py
[2026-09-22T16:21:06.735+0000] {processor.py:830} INFO - Processing file /home/airflow/.local/lib/python3.12/site-packages/airflow/example_dags/example_skip_dag.py for tasks to queue
[2026-09-22T16:21:06.737+0000] {logging_mixin.py:188} INFO - [2026-09-22T16:21:06.737+0000] {dagbag.py:545} INFO - Filling up the DagBag from /home/airflow/.local/lib/python3.12/site-packages/airflow/example_dags/example_skip_dag.py
[2026-09-22T16:21:06.745+0000] {processor.py:840} INFO - DAG(s) 'example_skip_dag' retrieved from /home/airflow/.local/lib/python3.12/site-packages/airflow/example_dags/example_skip_dag.py
[2026-09-22T16:21:06.775+0000] {logging_mixin.py:188} INFO - [2026-09-22T16:21:06.775+0000] {dag.py:3089} INFO - Sync 1 DAGs
[2026-09-22T16:21:06.814+0000] {logging_mixin.py:188} INFO - [2026-09-22T16:21:06.814+0000] {dag.py:3947} INFO - Setting next_dagrun for example_skip_dag to 2026-09-21 00:00:00+00:00, run_after=2026-09-22 00:00:00+00:00
[2026-09-22T16:21:06.847+0000] {processor.py:183} INFO - Processing /home/airflow/.local/lib/python3.12/site-packages/airflow/example_dags/example_skip_dag.py took 0.121 seconds
[2026-09-22T16:21:37.577+0000] {processor.py:161} INFO - Started process (PID=335) to work on /home/airflow/.local/lib/python3.12/site-packages/airflow/example_dags/example_skip_dag.py
[2026-09-22T16:21:37.579+0000] {processor.py:830} INFO - Processing file /home/airflow/.local/lib/python3.12/site-packages/airflow/example_dags/example_skip_dag.py for tasks to queue
[2026-09-22T16:21:37.582+0000] {logging_mixin.py:188} INFO - [2026-09-22T16:21:37.581+0000] {dagbag.py:545} INFO - Filling up the DagBag from /home/airflow/.local/lib/python3.12/site-packages/airflow/example_dags/example_skip_dag.py
[2026-09-22T16:21:37.592+0000] {processor.py:840} INFO - DAG(s) 'example_skip_dag' retrieved from /home/airflow/.local/lib/python3.12/site-packages/airflow/example_dags/example_skip_dag.py
[2026-09-22T16:21:37.622+0000] {logging_mixin.py:188} INFO - [2026-09-22T16:21:37.622+0000] {dag.py:3089} INFO - Sync 1 DAGs
[2026-09-22T16:21:37.654+0000] {logging_mixin.py:188} INFO - [2026-09-22T16:21:37.654+0000] {dag.py:3947} INFO - Setting next_dagrun for example_skip_dag to 2026-09-21 00:00:00+00:00, run_after=2026-09-22 00:00:00+00:00
[2026-09-22T16:21:37.689+0000] {processor.py:183} INFO - Processing /home/airflow/.local/lib/python3.12/site-packages/airflow/example_dags/example_skip_dag.py took 0.122 seconds
[2026-09-22T16:22:08.178+0000] {processor.py:161} INFO - Started process (PID=393) to work on /home/airflow/.local/lib/python3.12/site-packages/airflow/example_dags/example_skip_dag.py
[2026-09-22T16:22:08.179+0000] {processor.py:830} INFO - Processing file /home/airflow/.local/lib/python3.12/site-packages/airflow/example_dags/example_skip_dag.py for tasks to queue
[2026-09-22T16:22:08.182+0000] {logging_mixin.py:188} INFO - [2026-09-22T16:22:08.181+0000] {dagbag.py:545} INFO - Filling up the DagBag from /home/airflow/.local/lib/python3.12/site-packages/airflow/example_dags/example_skip_dag.py
[2026-09-22T16:22:08.192+0000] {processor.py:840} INFO - DAG(s) 'example_skip_dag' retrieved from /home/airflow/.local/lib/python3.12/site-packages/airflow/example_dags/example_skip_dag.py
[2026-09-22T16:22:08.222+0000] {logging_mixin.py:188} INFO - [2026-09-22T16:22:08.221+0000] {dag.py:3089} INFO - Sync 1 DAGs
[2026-09-22T16:22:08.256+0000] {logging_mixin.py:188} INFO - [2026-09-22T16:22:08.255+0000] {dag.py:3947} INFO - Setting next_dagrun for example_skip_dag to 2026-09-21 00:00:00+00:00, run_after=2026-09-22 00:00:00+00:00
[2026-09-22T16:22:08.340+0000] {processor.py:183} INFO - Processing /home/airflow/.local/lib/python3.12/site-packages/airflow/example_dags/example_skip_dag.py took 0.169 seconds
[2026-09-22T16:22:38.491+0000] {processor.py:161} INFO - Started process (PID=451) to work on /home/airflow/.local/lib/python3.12/site-packages/airflow/example_dags/example_skip_dag.py
[2026-09-22T16:22:38.493+0000] {processor.py:830} INFO - Processing file /home/airflow/.local/lib/python3.12/site-packages/airflow/example_dags/example_skip_dag.py for tasks to queue
[2026-09-22T16:22:38.497+0000] {logging_mixin.py:188} INFO - [2026-09-22T16:22:38.496+0000] {dagbag.py:545} INFO - Filling up the DagBag from /home/airflow/.local/lib/python3.12/site-packages/airflow/example_dags/example_skip_dag.py
[2026-09-22T16:22:38.513+0000] {processor.py:840} INFO - DAG(s) 'example_skip_dag' retrieved from /home/airflow/.local/lib/python3.12/site-packages/airflow/example_dags/example_skip_dag.py
[2026-09-22T16:22:38.563+0000] {logging_mixin.py:188} INFO - [2026-09-22T16:22:38.562+0000] {dag.py:3089} INFO - Sync 1 DAGs
[2026-09-22T16:22:38.610+0000] {logging_mixin.py:188} INFO - [2026-09-22T16:22:38.609+0000] {dag.py:3947} INFO - Setting next_dagrun for example_skip_dag to 2026-09-21 00:00:00+00:00, run_after=2026-09-22 00:00:00+00:00
[2026-09-22T16:22:38.657+0000] {processor.py:183} INFO - Processing /home/airflow/.local/lib/python3.12/site-packages/airflow/example_dags/example_skip_dag.py took 0.179 seconds
[2026-09-22T16:23:09.095+0000] {processor.py:161} INFO - Started process (PID=509) to work on /home/airflow/.local/lib/python3.12/site-packages/airflow/example_dags/example_skip_dag.py
[2026-09-22T16:23:09.097+0000] {processor.py:830} INFO - Processing file /home/airflow/.local/lib/python3.12/site-packages/airflow/example_dags/example_skip_dag.py for tasks to queue
[2026-09-22T16:23:09.100+0000] {logging_mixin.py:188} INFO - [2026-09-22T16:23:09.100+0000] {dagbag.py:545} INFO - Filling up the DagBag from /home/airflow/.local/lib/python3.12/site-packages/airflow/example_dags/example_skip_dag.py
[2026-09-22T16:23:09.110+0000] {processor.py:840} INFO - DAG(s) 'example_skip_dag' retrieved from /home/airflow/.local/lib/python3.12/site-packages/airflow/example_dags/example_skip_dag.py
[2026-09-22T16:23:09.140+0000] {logging_mixin.py:188} INFO - [2026-09-22T16:23:09.139+0000] {dag.py:3089} INFO - Sync 1 DAGs
[2026-09-22T16:23:09.169+0000] {logging_mixin.py:188} INFO - [2026-09-22T16:23:09.169+0000] {dag.py:3947} INFO - Setting next_dagrun for example_skip_dag to 2026-09-21 00:00:00+00:00, run_after=2026-09-22 00:00:00+00:00
[2026-09-22T16:23:09.197+0000] {processor.py:183} INFO - Processing /home/airflow/.local/lib/python3.12/site-packages/airflow/example_dags/example_skip_dag.py took 0.110 seconds
[2026-09-22T16:23:39.519+0000] {processor.py:161} INFO - Started process (PID=567) to work on /home/airflow/.local/lib/python3.12/site-packages/airflow/example_dags/example_skip_dag.py
[2026-09-22T16:23:39.522+0000] {processor.py:830} INFO - Processing file /home/airflow/.local/lib/python3.12/site-packages/airflow/example_dags/example_skip_dag.py for tasks to queue
[2026-09-22T16:23:39.526+0000] {logging_mixin.py:188} INFO - [2026-09-22T16:23:39.526+0000] {dagbag.py:545} INFO - Filling up the DagBag from /home/airflow/.local/lib/python3.12/site-packages/airflow/example_dags/example_skip_dag.py
[2026-09-22T16:23:39.537+0000] {processor.py:840} INFO - DAG(s) 'example_skip_dag' retrieved from /home/airflow/.local/lib/python3.12/site-packages/airflow/example_dags/example_skip_dag.py
[2026-09-22T16:23:39.571+0000] {logging_mixin.py:188} INFO - [2026-09-22T16:23:39.571+0000] {dag.py:3089} INFO - Sync 1 DAGs
[2026-09-22T16:23:39.609+0000] {logging_mixin.py:188} INFO - [2026-09-22T16:23:39.609+0000] {dag.py:3947} INFO - Setting next_dagrun for example_skip_dag to 2026-09-21 00:00:00+00:00, run_after=2026-09-22 00:00:00+00:00
[2026-09-22T16:23:39.653+0000] {processor.py:183} INFO - Processing /home/airflow/.local/lib/python3.12/site-packages/airflow/example_dags/example_skip_dag.py took 0.143 seconds
[2026-09-22T16:24:09.846+0000] {processor.py:161} INFO - Started process (PID=625) to work on /home/airflow/.local/lib/python3.12/site-packages/airflow/example_dags/example_skip_dag.py
[2026-09-22T16:24:09.847+0000] {processor.py:830} INFO - Processing file /home/airflow/.local/lib/python3.12/site-packages/airflow/example_dags/example_skip_dag.py for tasks to queue
[2026-09-22T16:24:09.850+0000] {logging_mixin.py:188} INFO - [2026-09-22T16:24:09.850+0000] {dagbag.py:545} INFO - Filling up the DagBag from /home/airflow/.local/lib/python3.12/site-packages/airflow/example_dags/example_skip_dag.py
[2026-09-22T16:24:09.859+0000] {processor.py:840} INFO - DAG(s) 'example_skip_dag' retrieved from /home/airflow/.local/lib/python3.12/site-packages/airflow/example_dags/example_skip_dag.py
[2026-09-22T16:24:09.890+0000] {logging_mixin.py:188} INFO - [2026-09-22T16:24:09.890+0000] {dag.py:3089} INFO - Sync 1 DAGs
[2026-09-22T16:24:09.923+0000] {logging_mixin.py:188} INFO - [2026-09-22T16:24:09.923+0000] {dag.py:3947} INFO - Setting next_dagrun for example_skip_dag to 2026-09-21 00:00:00+00:00, run_after=2026-09-22 00:00:00+00:00
[2026-09-22T16:24:09.947+0000] {processor.py:183} INFO - Processing /home/airflow/.local/lib/python3.12/site-packages/airflow/example_dags/example_skip_dag.py took 0.116 seconds
[2026-09-22T16:24:40.397+0000] {processor.py:161} INFO - Started process (PID=683) to work on /home/airflow/.local/lib/python3.12/site-packages/airflow/example_dags/example_skip_dag.py
[2026-09-22T16:24:40.402+0000] {processor.py:830} INFO - Processing file /home/airflow/.local/lib/python3.12/site-packages/airflow/example_dags/example_skip_dag.py for tasks to queue
[2026-09-22T16:24:40.412+0000] {logging_mixin.py:188} INFO - [2026-09-22T16:24:40.412+0000] {dagbag.py:545} INFO - Filling up the DagBag from /home/airflow/.local/lib/python3.12/site-packages/airflow/example_dags/example_skip_dag.py
[2026-09-22T16:24:40.426+0000] {processor.py:840} INFO - DAG(s) 'example_skip_dag' retrieved from /home/airflow/.local/lib/python3.12/site-packages/airflow/example_dags/example_skip_dag.py
[2026-09-22T16:24:40.466+0000] {logging_mixin.py:188} INFO - [2026-09-22T16:24:40.465+0000] {dag.py:3089} INFO - Sync 1 DAGs
[2026-09-22T16:24:40.496+0000] {logging_mixin.py:188} INFO - [2026-09-22T16:24:40.495+0000] {dag.py:3947} INFO - Setting next_dagrun for example_skip_dag to 2026-09-21 00:00:00+00:00, run_after=2026-09-22 00:00:00+00:00
[2026-09-22T16:24:40.529+0000] {processor.py:183} INFO - Processing /home/airflow/.local/lib/python3.12/site-packages/airflow/example_dags/example_skip_dag.py took 0.141 seconds
[2026-09-22T16:25:10.682+0000] {processor.py:161} INFO - Started process (PID=741) to work on /home/airflow/.local/lib/python3.12/site-packages/airflow/example_dags/example_skip_dag.py
[2026-09-22T16:25:10.683+0000] {processor.py:830} INFO - Processing file /home/airflow/.local/lib/python3.12/site-packages/airflow/example_dags/example_skip_dag.py for tasks to queue
[2026-09-22T16:25:10.689+0000] {logging_mixin.py:188} INFO - [2026-09-22T16:25:10.688+0000] {dagbag.py:545} INFO - Filling up the DagBag from /home/airflow/.local/lib/python3.12/site-packages/airflow/example_dags/example_skip_dag.py
[2026-09-22T16:25:10.698+0000] {processor.py:840} INFO - DAG(s) 'example_skip_dag' retrieved from /home/airflow/.local/lib/python3.12/site-packages/airflow/example_dags/example_skip_dag.py
[2026-09-22T16:25:10.724+0000] {logging_mixin.py:188} INFO - [2026-09-22T16:25:10.724+0000] {dag.py:3089} INFO - Sync 1 DAGs
[2026-09-22T16:25:10.747+0000] {logging_mixin.py:188} INFO - [2026-09-22T16:25:10.747+0000] {dag.py:3947} INFO - Setting next_dagrun for example_skip_dag to 2026-09-21 00:00:00+00:00, run_after=2026-09-22 00:00:00+00:00
[2026-09-22T16:25:10.828+0000] {processor.py:183} INFO - Processing /home/airflow/.local/lib/python3.12/site-packages/airflow/example_dags/example_skip_dag.py took 0.154 seconds
[2026-09-22T16:25:41.156+0000] {processor.py:161} INFO - Started process (PID=799) to work on /home/airflow/.local/lib/python3.12/site-packages/airflow/example_dags/example_skip_dag.py
[2026-09-22T16:25:41.158+0000] {processor.py:830} INFO - Processing file /home/airflow/.local/lib/python3.12/site-packages/airflow/example_dags/example_skip_dag.py for tasks to queue
[2026-09-22T16:25:41.161+0000] {logging_mixin.py:188} INFO - [2026-09-22T16:25:41.160+0000] {dagbag.py:545} INFO - Filling up the DagBag from /home/airflow/.local/lib/python3.12/site-packages/airflow/example_dags/example_skip_dag.py
[2026-09-22T16:25:41.179+0000] {processor.py:840} INFO - DAG(s) 'example_skip_dag' retrieved from /home/airflow/.local/lib/python3.12/site-packages/airflow/example_dags/example_skip_dag.py
[2026-09-22T16:25:41.220+0000] {logging_mixin.py:188} INFO - [2026-09-22T16:25:41.219+0000] {dag.py:3089} INFO - Sync 1 DAGs
[2026-09-22T16:25:41.252+0000] {logging_mixin.py:188} INFO - [2026-09-22T16:25:41.252+0000] {dag.py:3947} INFO - Setting next_dagrun for example_skip_dag to 2026-09-21 00:00:00+00:00, run_after=2026-09-22 00:00:00+00:00
[2026-09-22T16:25:41.281+0000] {processor.py:183} INFO - Processing /home/airflow/.local/lib/python3.12/site-packages/airflow/example_dags/example_skip_dag.py took 0.137 seconds
[2026-09-22T16:26:12.103+0000] {processor.py:161} INFO - Started process (PID=857) to work on /home/airflow/.local/lib/python3.12/site-packages/airflow/example_dags/example_skip_dag.py
[2026-09-22T16:26:12.104+0000] {processor.py:830} INFO - Processing file /home/airflow/.local/lib/python3.12/site-packages/airflow/example_dags/example_skip_dag.py for tasks to queue
[2026-09-22T16:26:12.107+0000] {logging_mixin.py:188} INFO - [2026-09-22T16:26:12.107+0000] {dagbag.py:545} INFO - Filling up the DagBag from /home/airflow/.local/lib/python3.12/site-packages/airflow/example_dags/example_skip_dag.py
[2026-09-22T16:26:12.120+0000] {processor.py:840} INFO - DAG(s) 'example_skip_dag' retrieved from /home/airflow/.local/lib/python3.12/site-packages/airflow/example_dags/example_skip_dag.py
[2026-09-22T16:26:12.151+0000] {logging_mixin.py:188} INFO - [2026-09-22T16:26:12.151+0000] {dag.py:3089} INFO - Sync 1 DAGs
[2026-09-22T16:26:12.192+0000] {logging_mixin.py:188} INFO - [2026-09-22T16:26:12.192+0000] {dag.py:3947} INFO - Setting next_dagrun for example_skip_dag to 2026-09-21 00:00:00+00:00, run_after=2026-09-22 00:00:00+00:00
[2026-09-22T16:26:12.268+0000] {processor.py:183} INFO - Processing /home/airflow/.local/lib/python3.12/site-packages/airflow/example_dags/example_skip_dag.py took 0.175 seconds
[2026-09-22T16:26:43.215+0000] {processor.py:161} INFO - Started process (PID=915) to work on /home/airflow/.local/lib/python3.12/site-packages/airflow/example_dags/example_skip_dag.py
[2026-09-22T16:26:43.217+0000] {processor.py:830} INFO - Processing file /home/airflow/.local/lib/python3.12/site-packages/airflow/example_dags/example_skip_dag.py for tasks to queue
[2026-09-22T16:26:43.219+0000] {logging_mixin.py:188} INFO - [2026-09-22T16:26:43.219+0000] {dagbag.py:545} INFO - Filling up the DagBag from /home/airflow/.local/lib/python3.12/site-packages/airflow/example_dags/example_skip_dag.py
[2026-09-22T16:26:43.229+0000] {processor.py:840} INFO - DAG(s) 'example_skip_dag' retrieved from /home/airflow/.local/lib/python3.12/site-packages/airflow/example_dags/example_skip_dag.py
[2026-09-22T16:26:43.258+0000] {logging_mixin.py:188} INFO - [2026-09-22T16:26:43.258+0000] {dag.py:3089} INFO - Sync 1 DAGs
[2026-09-22T16:26:43.293+0000] {logging_mixin.py:188} INFO - [2026-09-22T16:26:43.293+0000] {dag.py:3947} INFO - Setting next_dagrun for example_skip_dag to 2026-09-21 00:00:00+00:00, run_after=2026-09-22 00:00:00+00:00
[2026-09-22T16:26:43.377+0000] {processor.py:183} INFO - Processing /home/airflow/.local/lib/python3.12/site-packages/airflow/example_dags/example_skip_dag.py took 0.172 seconds
[2026-09-22T16:27:13.656+0000] {processor.py:161} INFO - Started process (PID=973) to work on /home/airflow/.local/lib/python3.12/site-packages/airflow/example_dags/example_skip_dag.py
[2026-09-22T16:27:13.657+0000] {processor.py:830} INFO - Processing file /home/airflow/.local/lib/python3.12/site-packages/airflow/example_dags/example_skip_dag.py for tasks to queue
[2026-09-22T16:27:13.660+0000] {logging_mixin.py:188} INFO - [2026-09-22T16:27:13.659+0000] {dagbag.py:545} INFO - Filling up the DagBag from /home/airflow/.local/lib/python3.12/site-packages/airflow/example_dags/example_skip_dag.py
[2026-09-22T16:27:13.670+0000] {processor.py:840} INFO - DAG(s) 'example_skip_dag' retrieved from /home/airflow/.local/lib/python3.12/site-packages/airflow/example_dags/example_skip_dag.py
[2026-09-22T16:27:13.699+0000] {logging_mixin.py:188} INFO - [2026-09-22T16:27:13.699+0000] {dag.py:3089} INFO - Sync 1 DAGs
[2026-09-22T16:27:13.731+0000] {logging_mixin.py:188} INFO - [2026-09-22T16:27:13.730+0000] {dag.py:3947} INFO - Setting next_dagrun for example_skip_dag to 2026-09-21 00:00:00+00:00, run_after=2026-09-22 00:00:00+00:00
[2026-09-22T16:27:13.819+0000] {processor.py:183} INFO - Processing /home/airflow/.local/lib/python3.12/site-packages/airflow/example_dags/example_skip_dag.py took 0.174 seconds
[2026-09-22T16:27:43.941+0000] {processor.py:161} INFO - Started process (PID=1031) to work on /home/airflow/.local/lib/python3.12/site-packages/airflow/example_dags/example_skip_dag.py
[2026-09-22T16:27:43.943+0000] {processor.py:830} INFO - Processing file /home/airflow/.local/lib/python3.12/site-packages/airflow/example_dags/example_skip_dag.py for tasks to queue
[2026-09-22T16:27:43.947+0000] {logging_mixin.py:188} INFO - [2026-09-22T16:27:43.946+0000] {dagbag.py:545} INFO - Filling up the DagBag from /home/airflow/.local/lib/python3.12/site-packages/airflow/example_dags/example_skip_dag.py
[2026-09-22T16:27:43.959+0000] {processor.py:840} INFO - DAG(s) 'example_skip_dag' retrieved from /home/airflow/.local/lib/python3.12/site-packages/airflow/example_dags/example_skip_dag.py
[2026-09-22T16:27:43.996+0000] {logging_mixin.py:188} INFO - [2026-09-22T16:27:43.995+0000] {dag.py:3089} INFO - Sync 1 DAGs
[2026-09-22T16:27:44.035+0000] {logging_mixin.py:188} INFO - [2026-09-22T16:27:44.034+0000] {dag.py:3947} INFO - Setting next_dagrun for example_skip_dag to 2026-09-21 00:00:00+00:00, run_after=2026-09-22 00:00:00+00:00
[2026-09-22T16:27:44.121+0000] {processor.py:183} INFO - Processing /home/airflow/.local/lib/python3.12/site-packages/airflow/example_dags/example_skip_dag.py took 0.189 seconds
[2026-09-22T16:28:14.951+0000] {processor.py:161} INFO - Started process (PID=1089) to work on /home/airflow/.local/lib/python3.12/site-packages/airflow/example_dags/example_skip_dag.py
[2026-09-22T16:28:14.953+0000] {processor.py:830} INFO - Processing file /home/airflow/.local/lib/python3.12/site-packages/airflow/example_dags/example_skip_dag.py for tasks to queue
[2026-09-22T16:28:14.955+0000] {logging_mixin.py:188} INFO - [2026-09-22T16:28:14.955+0000] {dagbag.py:545} INFO - Filling up the DagBag from /home/airflow/.local/lib/python3.12/site-packages/airflow/example_dags/example_skip_dag.py
[2026-09-22T16:28:14.963+0000] {processor.py:840} INFO - DAG(s) 'example_skip_dag' retrieved from /home/airflow/.local/lib/python3.12/site-packages/airflow/example_dags/example_skip_dag.py
[2026-09-22T16:28:15.007+0000] {logging_mixin.py:188} INFO - [2026-09-22T16:28:15.006+0000] {dag.py:3089} INFO - Sync 1 DAGs
[2026-09-22T16:28:15.042+0000] {logging_mixin.py:188} INFO - [2026-09-22T16:28:15.042+0000] {dag.py:3947} INFO - Setting next_dagrun for example_skip_dag to 2026-09-21 00:00:00+00:00, run_after=2026-09-22 00:00:00+00:00
[2026-09-22T16:28:15.081+0000] {processor.py:183} INFO - Processing /home/airflow/.local/lib/python3.12/site-packages/airflow/example_dags/example_skip_dag.py took 0.137 seconds
[2026-09-22T16:28:45.236+0000] {processor.py:161} INFO - Started process (PID=1147) to work on /home/airflow/.local/lib/python3.12/site-packages/airflow/example_dags/example_skip_dag.py
[2026-09-22T16:28:45.237+0000] {processor.py:830} INFO - Processing file /home/airflow/.local/lib/python3.12/site-packages/airflow/example_dags/example_skip_dag.py for tasks to queue
[2026-09-22T16:28:45.240+0000] {logging_mixin.py:188} INFO - [2026-09-22T16:28:45.240+0000] {dagbag.py:545} INFO - Filling up the DagBag from /home/airflow/.local/lib/python3.12/site-packages/airflow/example_dags/example_skip_dag.py
[2026-09-22T16:28:45.250+0000] {processor.py:840} INFO - DAG(s) 'example_skip_dag' retrieved from /home/airflow/.local/lib/python3.12/site-packages/airflow/example_dags/example_skip_dag.py
[2026-09-22T16:28:45.279+0000] {logging_mixin.py:188} INFO - [2026-09-22T16:28:45.279+0000] {dag.py:3089} INFO - Sync 1 DAGs
[2026-09-22T16:28:45.309+0000] {logging_mixin.py:188} INFO - [2026-09-22T16:28:45.309+0000] {dag.py:3947} INFO - Setting next_dagrun for example_skip_dag to 2026-09-21 00:00:00+00:00, run_after=2026-09-22 00:00:00+00:00
[2026-09-22T16:28:45.401+0000] {processor.py:183} INFO - Processing /home/airflow/.local/lib/python3.12/site-packages/airflow/example_dags/example_skip_dag.py took 0.175 seconds
[2026-09-22T16:29:15.762+0000] {processor.py:161} INFO - Started process (PID=1205) to work on /home/airflow/.local/lib/python3.12/site-packages/airflow/example_dags/example_skip_dag.py
[2026-09-22T16:29:15.763+0000] {processor.py:830} INFO - Processing file /home/airflow/.local/lib/python3.12/site-packages/airflow/example_dags/example_skip_dag.py for tasks to queue
[2026-09-22T16:29:15.766+0000] {logging_mixin.py:188} INFO - [2026-09-22T16:29:15.766+0000] {dagbag.py:545} INFO - Filling up the DagBag from /home/airflow/.local/lib/python3.12/site-packages/airflow/example_dags/example_skip_dag.py
[2026-09-22T16:29:15.774+0000] {processor.py:840} INFO - DAG(s) 'example_skip_dag' retrieved from /home/airflow/.local/lib/python3.12/site-packages/airflow/example_dags/example_skip_dag.py
[2026-09-22T16:29:15.804+0000] {logging_mixin.py:188} INFO - [2026-09-22T16:29:15.804+0000] {dag.py:3089} INFO - Sync 1 DAGs
[2026-09-22T16:29:15.833+0000] {logging_mixin.py:188} INFO - [2026-09-22T16:29:15.833+0000] {dag.py:3947} INFO - Setting next_dagrun for example_skip_dag to 2026-09-21 00:00:00+00:00, run_after=2026-09-22 00:00:00+00:00
[2026-09-22T16:29:15.924+0000] {processor.py:183} INFO - Processing /home/airflow/.local/lib/python3.12/site-packages/airflow/example_dags/example_skip_dag.py took 0.172 seconds
[2026-09-22T16:29:46.446+0000] {processor.py:161} INFO - Started process (PID=1262) to work on /home/airflow/.local/lib/python3.12/site-packages/airflow/example_dags/example_skip_dag.py
[2026-09-22T16:29:46.448+0000] {processor.py:830} INFO - Processing file /home/airflow/.local/lib/python3.12/site-packages/airflow/example_dags/example_skip_dag.py for tasks to queue
[2026-09-22T16:29:46.451+0000] {logging_mixin.py:188} INFO - [2026-09-22T16:29:46.450+0000] {dagbag.py:545} INFO - Filling up the DagBag from /home/airflow/.local/lib/python3.12/site-packages/airflow/example_dags/example_skip_dag.py
[2026-09-22T16:29:46.458+0000] {processor.py:840} INFO - DAG(s) 'example_skip_dag' retrieved from /home/airflow/.local/lib/python3.12/site-packages/airflow/example_dags/example_skip_dag.py
[2026-09-22T16:29:46.492+0000] {logging_mixin.py:188} INFO - [2026-09-22T16:29:46.491+0000] {dag.py:3089} INFO - Sync 1 DAGs
[2026-09-22T16:29:46.520+0000] {logging_mixin.py:188} INFO - [2026-09-22T16:29:46.520+0000] {dag.py:3947} INFO - Setting next_dagrun for example_skip_dag to 2026-09-21 00:00:00+00:00, run_after=2026-09-22 00:00:00+00:00
[2026-09-22T16:29:46.613+0000] {processor.py:183} INFO - Processing /home/airflow/.local/lib/python3.12/site-packages/airflow/example_dags/example_skip_dag.py took 0.177 seconds
[2026-09-22T16:30:16.772+0000] {processor.py:161} INFO - Started process (PID=1320) to work on /home/airflow/.local/lib/python3.12/site-packages/airflow/example_dags/example_skip_dag.py
[2026-09-22T16:30:16.774+0000] {processor.py:830} INFO - Processing file /home/airflow/.local/lib/python3.12/site-packages/airflow/example_dags/example_skip_dag.py for tasks to queue
[2026-09-22T16:30:16.776+0000] {logging_mixin.py:188} INFO - [2026-09-22T16:30:16.776+0000] {dagbag.py:545} INFO - Filling up the DagBag from /home/airflow/.local/lib/python3.12/site-packages/airflow/example_dags/example_skip_dag.py
[2026-09-22T16:30:16.786+0000] {processor.py:840} INFO - DAG(s) 'example_skip_dag' retrieved from /home/airflow/.local/lib/python3.12/site-packages/airflow/example_dags/example_skip_dag.py
[2026-09-22T16:30:16.819+0000] {logging_mixin.py:188} INFO - [2026-09-22T16:30:16.819+0000] {dag.py:3089} INFO - Sync 1 DAGs
[2026-09-22T16:30:16.845+0000] {logging_mixin.py:188} INFO - [2026-09-22T16:30:16.845+0000] {dag.py:3947} INFO - Setting next_dagrun for example_skip_dag to 2026-09-21 00:00:00+00:00, run_after=2026-09-22 00:00:00+00:00
[2026-09-22T16:30:16.877+0000] {processor.py:183} INFO - Processing /home/airflow/.local/lib/python3.12/site-packages/airflow/example_dags/example_skip_dag.py took 0.112 seconds
[2026-09-22T16:30:47.297+0000] {processor.py:161} INFO - Started process (PID=1378) to work on /home/airflow/.local/lib/python3.12/site-packages/airflow/example_dags/example_skip_dag.py
[2026-09-22T16:30:47.300+0000] {processor.py:830} INFO - Processing file /home/airflow/.local/lib/python3.12/site-packages/airflow/example_dags/example_skip_dag.py for tasks to queue
[2026-09-22T16:30:47.304+0000] {logging_mixin.py:188} INFO - [2026-09-22T16:30:47.304+0000] {dagbag.py:545} INFO - Filling up the DagBag from /home/airflow/.local/lib/python3.12/site-packages/airflow/example_dags/example_skip_dag.py
[2026-09-22T16:30:47.316+0000] {processor.py:840} INFO - DAG(s) 'example_skip_dag' retrieved from /home/airflow/.local/lib/python3.12/site-packages/airflow/example_dags/example_skip_dag.py
[2026-09-22T16:30:47.356+0000] {logging_mixin.py:188} INFO - [2026-09-22T16:30:47.356+0000] {dag.py:3089} INFO - Sync 1 DAGs
[2026-09-22T16:30:47.398+0000] {logging_mixin.py:188} INFO - [2026-09-22T16:30:47.398+0000] {dag.py:3947} INFO - Setting next_dagrun for example_skip_dag to 2026-09-21 00:00:00+00:00, run_after=2026-09-22 00:00:00+00:00
[2026-09-22T16:30:47.438+0000] {processor.py:183} INFO - Processing /home/airflow/.local/lib/python3.12/site-packages/airflow/example_dags/example_skip_dag.py took 0.151 seconds
[2026-09-22T16:31:18.139+0000] {processor.py:161} INFO - Started process (PID=1436) to work on /home/airflow/.local/lib/python3.12/site-packages/airflow/example_dags/example_skip_dag.py
[2026-09-22T16:31:18.141+0000] {processor.py:830} INFO - Processing file /home/airflow/.local/lib/python3.12/site-packages/airflow/example_dags/example_skip_dag.py for tasks to queue
[2026-09-22T16:31:18.144+0000] {logging_mixin.py:188} INFO - [2026-09-22T16:31:18.143+0000] {dagbag.py:545} INFO - Filling up the DagBag from /home/airflow/.local/lib/python3.12/site-packages/airflow/example_dags/example_skip_dag.py
[2026-09-22T16:31:18.154+0000] {processor.py:840} INFO - DAG(s) 'example_skip_dag' retrieved from /home/airflow/.local/lib/python3.12/site-packages/airflow/example_dags/example_skip_dag.py
[2026-09-22T16:31:18.187+0000] {logging_mixin.py:188} INFO - [2026-09-22T16:31:18.186+0000] {dag.py:3089} INFO - Sync 1 DAGs
[2026-09-22T16:31:18.220+0000] {logging_mixin.py:188} INFO - [2026-09-22T16:31:18.220+0000] {dag.py:3947} INFO - Setting next_dagrun for example_skip_dag to 2026-09-21 00:00:00+00:00, run_after=2026-09-22 00:00:00+00:00
[2026-09-22T16:31:18.308+0000] {processor.py:183} INFO - Processing /home/airflow/.local/lib/python3.12/site-packages/airflow/example_dags/example_skip_dag.py took 0.183 seconds
[2026-09-22T16:31:48.774+0000] {processor.py:161} INFO - Started process (PID=1494) to work on /home/airflow/.local/lib/python3.12/site-packages/airflow/example_dags/example_skip_dag.py
[2026-09-22T16:31:48.776+0000] {processor.py:830} INFO - Processing file /home/airflow/.local/lib/python3.12/site-packages/airflow/example_dags/example_skip_dag.py for tasks to queue
[2026-09-22T16:31:48.780+0000] {logging_mixin.py:188} INFO - [2026-09-22T16:31:48.779+0000] {dagbag.py:545} INFO - Filling up the DagBag from /home/airflow/.local/lib/python3.12/site-packages/airflow/example_dags/example_skip_dag.py
[2026-09-22T16:31:48.789+0000] {processor.py:840} INFO - DAG(s) 'example_skip_dag' retrieved from /home/airflow/.local/lib/python3.12/site-packages/airflow/example_dags/example_skip_dag.py
[2026-09-22T16:31:48.825+0000] {logging_mixin.py:188} INFO - [2026-09-22T16:31:48.824+0000] {dag.py:3089} INFO - Sync 1 DAGs
[2026-09-22T16:31:48.860+0000] {logging_mixin.py:188} INFO - [2026-09-22T16:31:48.859+0000] {dag.py:3947} INFO - Setting next_dagrun for example_skip_dag to 2026-09-21 00:00:00+00:00, run_after=2026-09-22 00:00:00+00:00
[2026-09-22T16:31:48.944+0000] {processor.py:183} INFO - Processing /home/airflow/.local/lib/python3.12/site-packages/airflow/example_dags/example_skip_dag.py took 0.179 seconds
[2026-09-22T16:32:19.196+0000] {processor.py:161} INFO - Started process (PID=1552) to work on /home/airflow/.local/lib/python3.12/site-packages/airflow/example_dags/example_skip_dag.py
[2026-09-22T16:32:19.198+0000] {processor.py:830} INFO - Processing file /home/airflow/.local/lib/python3.12/site-packages/airflow/example_dags/example_skip_dag.py for tasks to queue
[2026-09-22T16:32:19.201+0000] {logging_mixin.py:188} INFO - [2026-09-22T16:32:19.200+0000] {dagbag.py:545} INFO - Filling up the DagBag from /home/airflow/.local/lib/python3.12/site-packages/airflow/example_dags/example_skip_dag.py
[2026-09-22T16:32:19.210+0000] {processor.py:840} INFO - DAG(s) 'example_skip_dag' retrieved from /home/airflow/.local/lib/python3.12/site-packages/airflow/example_dags/example_skip_dag.py
[2026-09-22T16:32:19.249+0000] {logging_mixin.py:188} INFO - [2026-09-22T16:32:19.249+0000] {dag.py:3089} INFO - Sync 1 DAGs
[2026-09-22T16:32:19.296+0000] {logging_mixin.py:188} INFO - [2026-09-22T16:32:19.295+0000] {dag.py:3947} INFO - Setting next_dagrun for example_skip_dag to 2026-09-21 00:00:00+00:00, run_after=2026-09-22 00:00:00+00:00
[2026-09-22T16:32:19.387+0000] {processor.py:183} INFO - Processing /home/airflow/.local/lib/python3.12/site-packages/airflow/example_dags/example_skip_dag.py took 0.203 seconds
[2026-09-22T16:32:49.985+0000] {processor.py:161} INFO - Started process (PID=1610) to work on /home/airflow/.local/lib/python3.12/site-packages/airflow/example_dags/example_skip_dag.py
[2026-09-22T16:32:49.988+0000] {processor.py:830} INFO - Processing file /home/airflow/.local/lib/python3.12/site-packages/airflow/example_dags/example_skip_dag.py for tasks to queue
[2026-09-22T16:32:49.995+0000] {logging_mixin.py:188} INFO - [2026-09-22T16:32:49.993+0000] {dagbag.py:545} INFO - Filling up the DagBag from /home/airflow/.local/lib/python3.12/site-packages/airflow/example_dags/example_skip_dag.py
[2026-09-22T16:32:50.013+0000] {processor.py:840} INFO - DAG(s) 'example_skip_dag' retrieved from /home/airflow/.local/lib/python3.12/site-packages/airflow/example_dags/example_skip_dag.py
[2026-09-22T16:32:50.061+0000] {logging_mixin.py:188} INFO - [2026-09-22T16:32:50.060+0000] {dag.py:3089} INFO - Sync 1 DAGs
[2026-09-22T16:32:50.113+0000] {logging_mixin.py:188} INFO - [2026-09-22T16:32:50.112+0000] {dag.py:3947} INFO - Setting next_dagrun for example_skip_dag to 2026-09-21 00:00:00+00:00, run_after=2026-09-22 00:00:00+00:00
[2026-09-22T16:32:50.197+0000] {processor.py:183} INFO - Processing /home/airflow/.local/lib/python3.12/site-packages/airflow/example_dags/example_skip_dag.py took 0.240 seconds
[2026-09-22T16:33:20.465+0000] {processor.py:161} INFO - Started process (PID=1668) to work on /home/airflow/.local/lib/python3.12/site-packages/airflow/example_dags/example_skip_dag.py
[2026-09-22T16:33:20.469+0000] {processor.py:830} INFO - Processing file /home/airflow/.local/lib/python3.12/site-packages/airflow/example_dags/example_skip_dag.py for tasks to queue
[2026-09-22T16:33:20.476+0000] {logging_mixin.py:188} INFO - [2026-09-22T16:33:20.474+0000] {dagbag.py:545} INFO - Filling up the DagBag from /home/airflow/.local/lib/python3.12/site-packages/airflow/example_dags/example_skip_dag.py
[2026-09-22T16:33:20.496+0000] {processor.py:840} INFO - DAG(s) 'example_skip_dag' retrieved from /home/airflow/.local/lib/python3.12/site-packages/airflow/example_dags/example_skip_dag.py
[2026-09-22T16:33:20.534+0000] {logging_mixin.py:188} INFO - [2026-09-22T16:33:20.533+0000] {dag.py:3089} INFO - Sync 1 DAGs
[2026-09-22T16:33:20.579+0000] {logging_mixin.py:188} INFO - [2026-09-22T16:33:20.579+0000] {dag.py:3947} INFO - Setting next_dagrun for example_skip_dag to 2026-09-21 00:00:00+00:00, run_after=2026-09-22 00:00:00+00:00
[2026-09-22T16:33:20.666+0000] {processor.py:183} INFO - Processing /home/airflow/.local/lib/python3.12/site-packages/airflow/example_dags/example_skip_dag.py took 0.226 seconds
[2026-09-22T16:33:50.825+0000] {processor.py:161} INFO - Started process (PID=1726) to work on /home/airflow/.local/lib/python3.12/site-packages/airflow/example_dags/example_skip_dag.py
[2026-09-22T16:33:50.826+0000] {processor.py:830} INFO - Processing file /home/airflow/.local/lib/python3.12/site-packages/airflow/example_dags/example_skip_dag.py for tasks to queue
[2026-09-22T16:33:50.829+0000] {logging_mixin.py:188} INFO - [2026-09-22T16:33:50.829+0000] {dagbag.py:545} INFO - Filling up the DagBag from /home/airflow/.local/lib/python3.12/site-packages/airflow/example_dags/example_skip_dag.py
[2026-09-22T16:33:50.837+0000] {processor.py:840} INFO - DAG(s) 'example_skip_dag' retrieved from /home/airflow/.local/lib/python3.12/site-packages/airflow/example_dags/example_skip_dag.py
[2026-09-22T16:33:50.873+0000] {logging_mixin.py:188} INFO - [2026-09-22T16:33:50.872+0000] {dag.py:3089} INFO - Sync 1 DAGs
[2026-09-22T16:33:50.913+0000] {logging_mixin.py:188} INFO - [2026-09-22T16:33:50.912+0000] {dag.py:3947} INFO - Setting next_dagrun for example_skip_dag to 2026-09-21 00:00:00+00:00, run_after=2026-09-22 00:00:00+00:00
[2026-09-22T16:33:50.947+0000] {processor.py:183} INFO - Processing /home/airflow/.local/lib/python3.12/site-packages/airflow/example_dags/example_skip_dag.py took 0.131 seconds
[2026-09-22T16:34:22.204+0000] {processor.py:161} INFO - Started process (PID=1784) to work on /home/airflow/.local/lib/python3.12/site-packages/airflow/example_dags/example_skip_dag.py
[2026-09-22T16:34:22.206+0000] {processor.py:830} INFO - Processing file /home/airflow/.local/lib/python3.12/site-packages/airflow/example_dags/example_skip_dag.py for tasks to queue
[2026-09-22T16:34:22.209+0000] {logging_mixin.py:188} INFO - [2026-09-22T16:34:22.209+0000] {dagbag.py:545} INFO - Filling up the DagBag from /home/airflow/.local/lib/python3.12/site-packages/airflow/example_dags/example_skip_dag.py
[2026-09-22T16:34:22.219+0000] {processor.py:840} INFO - DAG(s) 'example_skip_dag' retrieved from /home/airflow/.local/lib/python3.12/site-packages/airflow/example_dags/example_skip_dag.py
[2026-09-22T16:34:22.249+0000] {logging_mixin.py:188} INFO - [2026-09-22T16:34:22.248+0000] {dag.py:3089} INFO - Sync 1 DAGs
[2026-09-22T16:34:22.282+0000] {logging_mixin.py:188} INFO - [2026-09-22T16:34:22.281+0000] {dag.py:3947} INFO - Setting next_dagrun for example_skip_dag to 2026-09-21 00:00:00+00:00, run_after=2026-09-22 00:00:00+00:00
[2026-09-22T16:34:22.306+0000] {processor.py:183} INFO - Processing /home/airflow/.local/lib/python3.12/site-packages/airflow/example_dags/example_skip_dag.py took 0.113 seconds
[2026-09-22T16:34:53.543+0000] {processor.py:161} INFO - Started process (PID=1842) to work on /home/airflow/.local/lib/python3.12/site-packages/airflow/example_dags/example_skip_dag.py
[2026-09-22T16:34:53.545+0000] {processor.py:830} INFO - Processing file /home/airflow/.local/lib/python3.12/site-packages/airflow/example_dags/example_skip_dag.py for tasks to queue
[2026-09-22T16:34:53.549+0000] {logging_mixin.py:188} INFO - [2026-09-22T16:34:53.548+0000] {dagbag.py:545} INFO - Filling up the DagBag from /home/airflow/.local/lib/python3.12/site-packages/airflow/example_dags/example_skip_dag.py
[2026-09-22T16:34:53.561+0000] {processor.py:840} INFO - DAG(s) 'example_skip_dag' retrieved from /home/airflow/.local/lib/python3.12/site-packages/airflow/example_dags/example_skip_dag.py
[2026-09-22T16:34:53.593+0000] {logging_mixin.py:188} INFO - [2026-09-22T16:34:53.592+0000] {dag.py:3089} INFO - Sync 1 DAGs
[2026-09-22T16:34:53.620+0000] {logging_mixin.py:188} INFO - [2026-09-22T16:34:53.620+0000] {dag.py:3947} INFO - Setting next_dagrun for example_skip_dag to 2026-09-21 00:00:00+00:00, run_after=2026-09-22 00:00:00+00:00
[2026-09-22T16:34:53.643+0000] {processor.py:183} INFO - Processing /home/airflow/.local/lib/python3.12/site-packages/airflow/example_dags/example_skip_dag.py took 0.112 seconds
[2026-09-22T16:35:23.971+0000] {processor.py:161} INFO - Started process (PID=1900) to work on /home/airflow/.local/lib/python3.12/site-packages/airflow/example_dags/example_skip_dag.py
[2026-09-22T16:35:23.972+0000] {processor.py:830} INFO - Processing file /home/airflow/.local/lib/python3.12/site-packages/airflow/example_dags/example_skip_dag.py for tasks to queue
[2026-09-22T16:35:23.975+0000] {logging_mixin.py:188} INFO - [2026-09-22T16:35:23.974+0000] {dagbag.py:545} INFO - Filling up the DagBag from /home/airflow/.local/lib/python3.12/site-packages/airflow/example_dags/example_skip_dag.py
[2026-09-22T16:35:23.987+0000] {processor.py:840} INFO - DAG(s) 'example_skip_dag' retrieved from /home/airflow/.local/lib/python3.12/site-packages/airflow/example_dags/example_skip_dag.py
[2026-09-22T16:35:24.049+0000] {logging_mixin.py:188} INFO - [2026-09-22T16:35:24.049+0000] {dag.py:3089} INFO - Sync 1 DAGs
[2026-09-22T16:35:24.110+0000] {logging_mixin.py:188} INFO - [2026-09-22T16:35:24.109+0000] {dag.py:3947} INFO - Setting next_dagrun for example_skip_dag to 2026-09-21 00:00:00+00:00, run_after=2026-09-22 00:00:00+00:00
[2026-09-22T16:35:24.147+0000] {processor.py:183} INFO - Processing /home/airflow/.local/lib/python3.12/site-packages/airflow/example_dags/example_skip_dag.py took 0.184 seconds
[2026-09-22T16:35:54.871+0000] {processor.py:161} INFO - Started process (PID=1958) to work on /home/airflow/.local/lib/python3.12/site-packages/airflow/example_dags/example_skip_dag.py
[2026-09-22T16:35:54.873+0000] {processor.py:830} INFO - Processing file /home/airflow/.local/lib/python3.12/site-packages/airflow/example_dags/example_skip_dag.py for tasks to queue
[2026-09-22T16:35:54.878+0000] {logging_mixin.py:188} INFO - [2026-09-22T16:35:54.877+0000] {dagbag.py:545} INFO - Filling up the DagBag from /home/airflow/.local/lib/python3.12/site-packages/airflow/example_dags/example_skip_dag.py
[2026-09-22T16:35:54.890+0000] {processor.py:840} INFO - DAG(s) 'example_skip_dag' retrieved from /home/airflow/.local/lib/python3.12/site-packages/airflow/example_dags/example_skip_dag.py
[2026-09-22T16:35:54.942+0000] {logging_mixin.py:188} INFO - [2026-09-22T16:35:54.942+0000] {dag.py:3089} INFO - Sync 1 DAGs
[2026-09-22T16:35:54.986+0000] {logging_mixin.py:188} INFO - [2026-09-22T16:35:54.986+0000] {dag.py:3947} INFO - Setting next_dagrun for example_skip_dag to 2026-09-21 00:00:00+00:00, run_after=2026-09-22 00:00:00+00:00
[2026-09-22T16:35:55.021+0000] {processor.py:183} INFO - Processing /home/airflow/.local/lib/python3.12/site-packages/airflow/example_dags/example_skip_dag.py took 0.160 seconds
[2026-09-22T16:36:25.502+0000] {processor.py:161} INFO - Started process (PID=2016) to work on /home/airflow/.local/lib/python3.12/site-packages/airflow/example_dags/example_skip_dag.py
[2026-09-22T16:36:25.504+0000] {processor.py:830} INFO - Processing file /home/airflow/.local/lib/python3.12/site-packages/airflow/example_dags/example_skip_dag.py for tasks to queue
[2026-09-22T16:36:25.507+0000] {logging_mixin.py:188} INFO - [2026-09-22T16:36:25.506+0000] {dagbag.py:545} INFO - Filling up the DagBag from /home/airflow/.local/lib/python3.12/site-packages/airflow/example_dags/example_skip_dag.py
[2026-09-22T16:36:25.518+0000] {processor.py:840} INFO - DAG(s) 'example_skip_dag' retrieved from /home/airflow/.local/lib/python3.12/site-packages/airflow/example_dags/example_skip_dag.py
[2026-09-22T16:36:25.554+0000] {logging_mixin.py:188} INFO - [2026-09-22T16:36:25.554+0000] {dag.py:3089} INFO - Sync 1 DAGs
[2026-09-22T16:36:25.606+0000] {logging_mixin.py:188} INFO - [2026-09-22T16:36:25.606+0000] {dag.py:3947} INFO - Setting next_dagrun for example_skip_dag to 2026-09-21 00:00:00+00:00, run_after=2026-09-22 00:00:00+00:00
[2026-09-22T16:36:25.639+0000] {processor.py:183} INFO - Processing /home/airflow/.local/lib/python3.12/site-packages/airflow/example_dags/example_skip_dag.py took 0.147 seconds
[2026-09-22T16:36:56.117+0000] {processor.py:161} INFO - Started process (PID=2074) to work on /home/airflow/.local/lib/python3.12/site-packages/airflow/example_dags/example_skip_dag.py
[2026-09-22T16:36:56.119+0000] {processor.py:830} INFO - Processing file /home/airflow/.local/lib/python3.12/site-packages/airflow/example_dags/example_skip_dag.py for tasks to queue
[2026-09-22T16:36:56.123+0000] {logging_mixin.py:188} INFO - [2026-09-22T16:36:56.123+0000] {dagbag.py:545} INFO - Filling up the DagBag from /home/airflow/.local/lib/python3.12/site-packages/airflow/example_dags/example_skip_dag.py
[2026-09-22T16:36:56.133+0000] {processor.py:840} INFO - DAG(s) 'example_skip_dag' retrieved from /home/airflow/.local/lib/python3.12/site-packages/airflow/example_dags/example_skip_dag.py
[2026-09-22T16:36:56.171+0000] {logging_mixin.py:188} INFO - [2026-09-22T16:36:56.171+0000] {dag.py:3089} INFO - Sync 1 DAGs
[2026-09-22T16:36:56.455+0000] {logging_mixin.py:188} INFO - [2026-09-22T16:36:56.455+0000] {dag.py:3947} INFO - Setting next_dagrun for example_skip_dag to 2026-09-21 00:00:00+00:00, run_after=2026-09-22 00:00:00+00:00
[2026-09-22T16:36:56.483+0000] {processor.py:183} INFO - Processing /home/airflow/.local/lib/python3.12/site-packages/airflow/example_dags/example_skip_dag.py took 0.374 seconds
[2026-09-22T16:37:26.719+0000] {processor.py:161} INFO - Started process (PID=2132) to work on /home/airflow/.local/lib/python3.12/site-packages/airflow/example_dags/example_skip_dag.py
[2026-09-22T16:37:26.722+0000] {processor.py:830} INFO - Processing file /home/airflow/.local/lib/python3.12/site-packages/airflow/example_dags/example_skip_dag.py for tasks to queue
[2026-09-22T16:37:26.726+0000] {logging_mixin.py:188} INFO - [2026-09-22T16:37:26.725+0000] {dagbag.py:545} INFO - Filling up the DagBag from /home/airflow/.local/lib/python3.12/site-packages/airflow/example_dags/example_skip_dag.py
[2026-09-22T16:37:26.738+0000] {processor.py:840} INFO - DAG(s) 'example_skip_dag' retrieved from /home/airflow/.local/lib/python3.12/site-packages/airflow/example_dags/example_skip_dag.py
[2026-09-22T16:37:26.778+0000] {logging_mixin.py:188} INFO - [2026-09-22T16:37:26.778+0000] {dag.py:3089} INFO - Sync 1 DAGs
[2026-09-22T16:37:26.812+0000] {logging_mixin.py:188} INFO - [2026-09-22T16:37:26.812+0000] {dag.py:3947} INFO - Setting next_dagrun for example_skip_dag to 2026-09-21 00:00:00+00:00, run_after=2026-09-22 00:00:00+00:00
[2026-09-22T16:37:26.892+0000] {processor.py:183} INFO - Processing /home/airflow/.local/lib/python3.12/site-packages/airflow/example_dags/example_skip_dag.py took 0.182 seconds
[2026-09-22T16:37:56.948+0000] {processor.py:161} INFO - Started process (PID=2190) to work on /home/airflow/.local/lib/python3.12/site-packages/airflow/example_dags/example_skip_dag.py
[2026-09-22T16:37:56.950+0000] {processor.py:830} INFO - Processing file /home/airflow/.local/lib/python3.12/site-packages/airflow/example_dags/example_skip_dag.py for tasks to queue
[2026-09-22T16:37:56.955+0000] {logging_mixin.py:188} INFO - [2026-09-22T16:37:56.955+0000] {dagbag.py:545} INFO - Filling up the DagBag from /home/airflow/.local/lib/python3.12/site-packages/airflow/example_dags/example_skip_dag.py
[2026-09-22T16:37:56.966+0000] {processor.py:840} INFO - DAG(s) 'example_skip_dag' retrieved from /home/airflow/.local/lib/python3.12/site-packages/airflow/example_dags/example_skip_dag.py
[2026-09-22T16:37:56.992+0000] {logging_mixin.py:188} INFO - [2026-09-22T16:37:56.991+0000] {dag.py:3089} INFO - Sync 1 DAGs
[2026-09-22T16:37:57.015+0000] {logging_mixin.py:188} INFO - [2026-09-22T16:37:57.015+0000] {dag.py:3947} INFO - Setting next_dagrun for example_skip_dag to 2026-09-21 00:00:00+00:00, run_after=2026-09-22 00:00:00+00:00
[2026-09-22T16:37:57.041+0000] {processor.py:183} INFO - Processing /home/airflow/.local/lib/python3.12/site-packages/airflow/example_dags/example_skip_dag.py took 0.103 seconds
[2026-09-22T16:38:29.144+0000] {processor.py:161} INFO - Started process (PID=2248) to work on /home/airflow/.local/lib/python3.12/site-packages/airflow/example_dags/example_skip_dag.py
[2026-09-22T16:38:29.147+0000] {processor.py:830} INFO - Processing file /home/airflow/.local/lib/python3.12/site-packages/airflow/example_dags/example_skip_dag.py for tasks to queue
[2026-09-22T16:38:29.152+0000] {logging_mixin.py:188} INFO - [2026-09-22T16:38:29.151+0000] {dagbag.py:545} INFO - Filling up the DagBag from /home/airflow/.local/lib/python3.12/site-packages/airflow/example_dags/example_skip_dag.py
[2026-09-22T16:38:29.162+0000] {processor.py:840} INFO - DAG(s) 'example_skip_dag' retrieved from /home/airflow/.local/lib/python3.12/site-packages/airflow/example_dags/example_skip_dag.py
[2026-09-22T16:38:29.414+0000] {logging_mixin.py:188} INFO - [2026-09-22T16:38:29.413+0000] {dag.py:3089} INFO - Sync 1 DAGs
[2026-09-22T16:38:29.476+0000] {logging_mixin.py:188} INFO - [2026-09-22T16:38:29.476+0000] {dag.py:3947} INFO - Setting next_dagrun for example_skip_dag to 2026-09-21 00:00:00+00:00, run_after=2026-09-22 00:00:00+00:00
[2026-09-22T16:38:29.556+0000] {processor.py:183} INFO - Processing /home/airflow/.local/lib/python3.12/site-packages/airflow/example_dags/example_skip_dag.py took 0.424 seconds
[2026-09-22T16:41:51.833+0000] {processor.py:161} INFO - Started process (PID=105) to work on /home/airflow/.local/lib/python3.12/site-packages/airflow/example_dags/example_skip_dag.py
[2026-09-22T16:41:51.841+0000] {processor.py:830} INFO - Processing file /home/airflow/.local/lib/python3.12/site-packages/airflow/example_dags/example_skip_dag.py for tasks to queue
[2026-09-22T16:41:51.847+0000] {logging_mixin.py:188} INFO - [2026-09-22T16:41:51.846+0000] {dagbag.py:545} INFO - Filling up the DagBag from /home/airflow/.local/lib/python3.12/site-packages/airflow/example_dags/example_skip_dag.py
[2026-09-22T16:41:51.860+0000] {processor.py:840} INFO - DAG(s) 'example_skip_dag' retrieved from /home/airflow/.local/lib/python3.12/site-packages/airflow/example_dags/example_skip_dag.py
[2026-09-22T16:41:52.066+0000] {logging_mixin.py:188} INFO - [2026-09-22T16:41:52.065+0000] {dag.py:3089} INFO - Sync 1 DAGs
[2026-09-22T16:41:52.100+0000] {logging_mixin.py:188} INFO - [2026-09-22T16:41:52.099+0000] {dag.py:3947} INFO - Setting next_dagrun for example_skip_dag to 2026-09-21 00:00:00+00:00, run_after=2026-09-22 00:00:00+00:00
[2026-09-22T16:41:52.199+0000] {processor.py:183} INFO - Processing /home/airflow/.local/lib/python3.12/site-packages/airflow/example_dags/example_skip_dag.py took 0.386 seconds
[2026-09-22T16:42:22.722+0000] {processor.py:161} INFO - Started process (PID=163) to work on /home/airflow/.local/lib/python3.12/site-packages/airflow/example_dags/example_skip_dag.py
[2026-09-22T16:42:22.725+0000] {processor.py:830} INFO - Processing file /home/airflow/.local/lib/python3.12/site-packages/airflow/example_dags/example_skip_dag.py for tasks to queue
[2026-09-22T16:42:22.728+0000] {logging_mixin.py:188} INFO - [2026-09-22T16:42:22.728+0000] {dagbag.py:545} INFO - Filling up the DagBag from /home/airflow/.local/lib/python3.12/site-packages/airflow/example_dags/example_skip_dag.py
[2026-09-22T16:42:22.742+0000] {processor.py:840} INFO - DAG(s) 'example_skip_dag' retrieved from /home/airflow/.local/lib/python3.12/site-packages/airflow/example_dags/example_skip_dag.py
[2026-09-22T16:42:22.777+0000] {logging_mixin.py:188} INFO - [2026-09-22T16:42:22.776+0000] {dag.py:3089} INFO - Sync 1 DAGs
[2026-09-22T16:42:22.810+0000] {logging_mixin.py:188} INFO - [2026-09-22T16:42:22.809+0000] {dag.py:3947} INFO - Setting next_dagrun for example_skip_dag to 2026-09-21 00:00:00+00:00, run_after=2026-09-22 00:00:00+00:00
[2026-09-22T16:42:22.863+0000] {processor.py:183} INFO - Processing /home/airflow/.local/lib/python3.12/site-packages/airflow/example_dags/example_skip_dag.py took 0.152 seconds
[2026-09-22T16:43:52.076+0000] {processor.py:161} INFO - Started process (PID=105) to work on /home/airflow/.local/lib/python3.12/site-packages/airflow/example_dags/example_skip_dag.py
[2026-09-22T16:43:52.078+0000] {processor.py:830} INFO - Processing file /home/airflow/.local/lib/python3.12/site-packages/airflow/example_dags/example_skip_dag.py for tasks to queue
[2026-09-22T16:43:52.081+0000] {logging_mixin.py:188} INFO - [2026-09-22T16:43:52.081+0000] {dagbag.py:545} INFO - Filling up the DagBag from /home/airflow/.local/lib/python3.12/site-packages/airflow/example_dags/example_skip_dag.py
[2026-09-22T16:43:52.092+0000] {processor.py:840} INFO - DAG(s) 'example_skip_dag' retrieved from /home/airflow/.local/lib/python3.12/site-packages/airflow/example_dags/example_skip_dag.py
[2026-09-22T16:43:52.259+0000] {logging_mixin.py:188} INFO - [2026-09-22T16:43:52.259+0000] {dag.py:3089} INFO - Sync 1 DAGs
[2026-09-22T16:43:52.284+0000] {logging_mixin.py:188} INFO - [2026-09-22T16:43:52.283+0000] {dag.py:3947} INFO - Setting next_dagrun for example_skip_dag to 2026-09-21 00:00:00+00:00, run_after=2026-09-22 00:00:00+00:00
[2026-09-22T16:43:52.369+0000] {processor.py:183} INFO - Processing /home/airflow/.local/lib/python3.12/site-packages/airflow/example_dags/example_skip_dag.py took 0.303 seconds
[2026-09-22T16:44:22.539+0000] {processor.py:161} INFO - Started process (PID=168) to work on /home/airflow/.local/lib/python3.12/site-packages/airflow/example_dags/example_skip_dag.py
[2026-09-22T16:44:22.540+0000] {processor.py:830} INFO - Processing file /home/airflow/.local/lib/python3.12/site-packages/airflow/example_dags/example_skip_dag.py for tasks to queue
[2026-09-22T16:44:22.545+0000] {logging_mixin.py:188} INFO - [2026-09-22T16:44:22.544+0000] {dagbag.py:545} INFO - Filling up the DagBag from /home/airflow/.local/lib/python3.12/site-packages/airflow/example_dags/example_skip_dag.py
[2026-09-22T16:44:22.558+0000] {processor.py:840} INFO - DAG(s) 'example_skip_dag' retrieved from /home/airflow/.local/lib/python3.12/site-packages/airflow/example_dags/example_skip_dag.py
[2026-09-22T16:44:22.596+0000] {logging_mixin.py:188} INFO - [2026-09-22T16:44:22.596+0000] {dag.py:3089} INFO - Sync 1 DAGs
[2026-09-22T16:44:22.645+0000] {logging_mixin.py:188} INFO - [2026-09-22T16:44:22.645+0000] {dag.py:3947} INFO - Setting next_dagrun for example_skip_dag to 2026-09-21 00:00:00+00:00, run_after=2026-09-22 00:00:00+00:00
[2026-09-22T16:44:22.702+0000] {processor.py:183} INFO - Processing /home/airflow/.local/lib/python3.12/site-packages/airflow/example_dags/example_skip_dag.py took 0.174 seconds
[2026-09-22T16:44:52.928+0000] {processor.py:161} INFO - Started process (PID=226) to work on /home/airflow/.local/lib/python3.12/site-packages/airflow/example_dags/example_skip_dag.py
[2026-09-22T16:44:52.930+0000] {processor.py:830} INFO - Processing file /home/airflow/.local/lib/python3.12/site-packages/airflow/example_dags/example_skip_dag.py for tasks to queue
[2026-09-22T16:44:52.935+0000] {logging_mixin.py:188} INFO - [2026-09-22T16:44:52.934+0000] {dagbag.py:545} INFO - Filling up the DagBag from /home/airflow/.local/lib/python3.12/site-packages/airflow/example_dags/example_skip_dag.py
[2026-09-22T16:44:52.950+0000] {processor.py:840} INFO - DAG(s) 'example_skip_dag' retrieved from /home/airflow/.local/lib/python3.12/site-packages/airflow/example_dags/example_skip_dag.py
[2026-09-22T16:44:52.984+0000] {logging_mixin.py:188} INFO - [2026-09-22T16:44:52.984+0000] {dag.py:3089} INFO - Sync 1 DAGs
[2026-09-22T16:44:53.016+0000] {logging_mixin.py:188} INFO - [2026-09-22T16:44:53.015+0000] {dag.py:3947} INFO - Setting next_dagrun for example_skip_dag to 2026-09-21 00:00:00+00:00, run_after=2026-09-22 00:00:00+00:00
[2026-09-22T16:44:53.101+0000] {processor.py:183} INFO - Processing /home/airflow/.local/lib/python3.12/site-packages/airflow/example_dags/example_skip_dag.py took 0.184 seconds
[2026-09-22T16:45:23.374+0000] {processor.py:161} INFO - Started process (PID=284) to work on /home/airflow/.local/lib/python3.12/site-packages/airflow/example_dags/example_skip_dag.py
[2026-09-22T16:45:23.376+0000] {processor.py:830} INFO - Processing file /home/airflow/.local/lib/python3.12/site-packages/airflow/example_dags/example_skip_dag.py for tasks to queue
[2026-09-22T16:45:23.380+0000] {logging_mixin.py:188} INFO - [2026-09-22T16:45:23.379+0000] {dagbag.py:545} INFO - Filling up the DagBag from /home/airflow/.local/lib/python3.12/site-packages/airflow/example_dags/example_skip_dag.py
[2026-09-22T16:45:23.394+0000] {processor.py:840} INFO - DAG(s) 'example_skip_dag' retrieved from /home/airflow/.local/lib/python3.12/site-packages/airflow/example_dags/example_skip_dag.py
[2026-09-22T16:45:23.437+0000] {logging_mixin.py:188} INFO - [2026-09-22T16:45:23.436+0000] {dag.py:3089} INFO - Sync 1 DAGs
[2026-09-22T16:45:23.475+0000] {logging_mixin.py:188} INFO - [2026-09-22T16:45:23.474+0000] {dag.py:3947} INFO - Setting next_dagrun for example_skip_dag to 2026-09-21 00:00:00+00:00, run_after=2026-09-22 00:00:00+00:00
[2026-09-22T16:45:23.575+0000] {processor.py:183} INFO - Processing /home/airflow/.local/lib/python3.12/site-packages/airflow/example_dags/example_skip_dag.py took 0.210 seconds
[2026-09-22T16:45:53.916+0000] {processor.py:161} INFO - Started process (PID=342) to work on /home/airflow/.local/lib/python3.12/site-packages/airflow/example_dags/example_skip_dag.py
[2026-09-22T16:45:53.918+0000] {processor.py:830} INFO - Processing file /home/airflow/.local/lib/python3.12/site-packages/airflow/example_dags/example_skip_dag.py for tasks to queue
[2026-09-22T16:45:53.923+0000] {logging_mixin.py:188} INFO - [2026-09-22T16:45:53.922+0000] {dagbag.py:545} INFO - Filling up the DagBag from /home/airflow/.local/lib/python3.12/site-packages/airflow/example_dags/example_skip_dag.py
[2026-09-22T16:45:53.936+0000] {processor.py:840} INFO - DAG(s) 'example_skip_dag' retrieved from /home/airflow/.local/lib/python3.12/site-packages/airflow/example_dags/example_skip_dag.py
[2026-09-22T16:45:53.969+0000] {logging_mixin.py:188} INFO - [2026-09-22T16:45:53.968+0000] {dag.py:3089} INFO - Sync 1 DAGs
[2026-09-22T16:45:54.001+0000] {logging_mixin.py:188} INFO - [2026-09-22T16:45:54.000+0000] {dag.py:3947} INFO - Setting next_dagrun for example_skip_dag to 2026-09-21 00:00:00+00:00, run_after=2026-09-22 00:00:00+00:00
[2026-09-22T16:45:54.037+0000] {processor.py:183} INFO - Processing /home/airflow/.local/lib/python3.12/site-packages/airflow/example_dags/example_skip_dag.py took 0.132 seconds
[2026-09-22T16:46:24.249+0000] {processor.py:161} INFO - Started process (PID=400) to work on /home/airflow/.local/lib/python3.12/site-packages/airflow/example_dags/example_skip_dag.py
[2026-09-22T16:46:24.251+0000] {processor.py:830} INFO - Processing file /home/airflow/.local/lib/python3.12/site-packages/airflow/example_dags/example_skip_dag.py for tasks to queue
[2026-09-22T16:46:24.253+0000] {logging_mixin.py:188} INFO - [2026-09-22T16:46:24.253+0000] {dagbag.py:545} INFO - Filling up the DagBag from /home/airflow/.local/lib/python3.12/site-packages/airflow/example_dags/example_skip_dag.py
[2026-09-22T16:46:24.262+0000] {processor.py:840} INFO - DAG(s) 'example_skip_dag' retrieved from /home/airflow/.local/lib/python3.12/site-packages/airflow/example_dags/example_skip_dag.py
[2026-09-22T16:46:24.292+0000] {logging_mixin.py:188} INFO - [2026-09-22T16:46:24.292+0000] {dag.py:3089} INFO - Sync 1 DAGs
[2026-09-22T16:46:24.318+0000] {logging_mixin.py:188} INFO - [2026-09-22T16:46:24.317+0000] {dag.py:3947} INFO - Setting next_dagrun for example_skip_dag to 2026-09-21 00:00:00+00:00, run_after=2026-09-22 00:00:00+00:00
[2026-09-22T16:46:24.341+0000] {processor.py:183} INFO - Processing /home/airflow/.local/lib/python3.12/site-packages/airflow/example_dags/example_skip_dag.py took 0.103 seconds
[2026-09-22T16:46:55.150+0000] {processor.py:161} INFO - Started process (PID=458) to work on /home/airflow/.local/lib/python3.12/site-packages/airflow/example_dags/example_skip_dag.py
[2026-09-22T16:46:55.153+0000] {processor.py:830} INFO - Processing file /home/airflow/.local/lib/python3.12/site-packages/airflow/example_dags/example_skip_dag.py for tasks to queue
[2026-09-22T16:46:55.156+0000] {logging_mixin.py:188} INFO - [2026-09-22T16:46:55.156+0000] {dagbag.py:545} INFO - Filling up the DagBag from /home/airflow/.local/lib/python3.12/site-packages/airflow/example_dags/example_skip_dag.py
[2026-09-22T16:46:55.171+0000] {processor.py:840} INFO - DAG(s) 'example_skip_dag' retrieved from /home/airflow/.local/lib/python3.12/site-packages/airflow/example_dags/example_skip_dag.py
[2026-09-22T16:46:55.207+0000] {logging_mixin.py:188} INFO - [2026-09-22T16:46:55.207+0000] {dag.py:3089} INFO - Sync 1 DAGs
[2026-09-22T16:46:55.237+0000] {logging_mixin.py:188} INFO - [2026-09-22T16:46:55.237+0000] {dag.py:3947} INFO - Setting next_dagrun for example_skip_dag to 2026-09-21 00:00:00+00:00, run_after=2026-09-22 00:00:00+00:00
[2026-09-22T16:46:55.269+0000] {processor.py:183} INFO - Processing /home/airflow/.local/lib/python3.12/site-packages/airflow/example_dags/example_skip_dag.py took 0.135 seconds
[2026-09-22T16:47:26.595+0000] {processor.py:161} INFO - Started process (PID=516) to work on /home/airflow/.local/lib/python3.12/site-packages/airflow/example_dags/example_skip_dag.py
[2026-09-22T16:47:26.597+0000] {processor.py:830} INFO - Processing file /home/airflow/.local/lib/python3.12/site-packages/airflow/example_dags/example_skip_dag.py for tasks to queue
[2026-09-22T16:47:26.601+0000] {logging_mixin.py:188} INFO - [2026-09-22T16:47:26.600+0000] {dagbag.py:545} INFO - Filling up the DagBag from /home/airflow/.local/lib/python3.12/site-packages/airflow/example_dags/example_skip_dag.py
[2026-09-22T16:47:26.612+0000] {processor.py:840} INFO - DAG(s) 'example_skip_dag' retrieved from /home/airflow/.local/lib/python3.12/site-packages/airflow/example_dags/example_skip_dag.py
[2026-09-22T16:47:26.645+0000] {logging_mixin.py:188} INFO - [2026-09-22T16:47:26.645+0000] {dag.py:3089} INFO - Sync 1 DAGs
[2026-09-22T16:47:26.677+0000] {logging_mixin.py:188} INFO - [2026-09-22T16:47:26.677+0000] {dag.py:3947} INFO - Setting next_dagrun for example_skip_dag to 2026-09-21 00:00:00+00:00, run_after=2026-09-22 00:00:00+00:00
[2026-09-22T16:47:26.770+0000] {processor.py:183} INFO - Processing /home/airflow/.local/lib/python3.12/site-packages/airflow/example_dags/example_skip_dag.py took 0.183 seconds
[2026-09-22T16:47:56.828+0000] {processor.py:161} INFO - Started process (PID=573) to work on /home/airflow/.local/lib/python3.12/site-packages/airflow/example_dags/example_skip_dag.py
[2026-09-22T16:47:56.830+0000] {processor.py:830} INFO - Processing file /home/airflow/.local/lib/python3.12/site-packages/airflow/example_dags/example_skip_dag.py for tasks to queue
[2026-09-22T16:47:56.834+0000] {logging_mixin.py:188} INFO - [2026-09-22T16:47:56.834+0000] {dagbag.py:545} INFO - Filling up the DagBag from /home/airflow/.local/lib/python3.12/site-packages/airflow/example_dags/example_skip_dag.py
[2026-09-22T16:47:56.843+0000] {processor.py:840} INFO - DAG(s) 'example_skip_dag' retrieved from /home/airflow/.local/lib/python3.12/site-packages/airflow/example_dags/example_skip_dag.py
[2026-09-22T16:47:56.874+0000] {logging_mixin.py:188} INFO - [2026-09-22T16:47:56.874+0000] {dag.py:3089} INFO - Sync 1 DAGs
[2026-09-22T16:47:56.900+0000] {logging_mixin.py:188} INFO - [2026-09-22T16:47:56.900+0000] {dag.py:3947} INFO - Setting next_dagrun for example_skip_dag to 2026-09-21 00:00:00+00:00, run_after=2026-09-22 00:00:00+00:00
[2026-09-22T16:47:56.986+0000] {processor.py:183} INFO - Processing /home/airflow/.local/lib/python3.12/site-packages/airflow/example_dags/example_skip_dag.py took 0.166 seconds
[2026-09-22T16:48:27.499+0000] {processor.py:161} INFO - Started process (PID=631) to work on /home/airflow/.local/lib/python3.12/site-packages/airflow/example_dags/example_skip_dag.py
[2026-09-22T16:48:27.501+0000] {processor.py:830} INFO - Processing file /home/airflow/.local/lib/python3.12/site-packages/airflow/example_dags/example_skip_dag.py for tasks to queue
[2026-09-22T16:48:27.503+0000] {logging_mixin.py:188} INFO - [2026-09-22T16:48:27.503+0000] {dagbag.py:545} INFO - Filling up the DagBag from /home/airflow/.local/lib/python3.12/site-packages/airflow/example_dags/example_skip_dag.py
[2026-09-22T16:48:27.513+0000] {processor.py:840} INFO - DAG(s) 'example_skip_dag' retrieved from /home/airflow/.local/lib/python3.12/site-packages/airflow/example_dags/example_skip_dag.py
[2026-09-22T16:48:27.542+0000] {logging_mixin.py:188} INFO - [2026-09-22T16:48:27.542+0000] {dag.py:3089} INFO - Sync 1 DAGs
[2026-09-22T16:48:27.572+0000] {logging_mixin.py:188} INFO - [2026-09-22T16:48:27.572+0000] {dag.py:3947} INFO - Setting next_dagrun for example_skip_dag to 2026-09-21 00:00:00+00:00, run_after=2026-09-22 00:00:00+00:00
[2026-09-22T16:48:27.600+0000] {processor.py:183} INFO - Processing /home/airflow/.local/lib/python3.12/site-packages/airflow/example_dags/example_skip_dag.py took 0.109 seconds
[2026-09-22T16:48:58.213+0000] {processor.py:161} INFO - Started process (PID=689) to work on /home/airflow/.local/lib/python3.12/site-packages/airflow/example_dags/example_skip_dag.py
[2026-09-22T16:48:58.215+0000] {processor.py:830} INFO - Processing file /home/airflow/.local/lib/python3.12/site-packages/airflow/example_dags/example_skip_dag.py for tasks to queue
[2026-09-22T16:48:58.219+0000] {logging_mixin.py:188} INFO - [2026-09-22T16:48:58.219+0000] {dagbag.py:545} INFO - Filling up the DagBag from /home/airflow/.local/lib/python3.12/site-packages/airflow/example_dags/example_skip_dag.py
[2026-09-22T16:48:58.234+0000] {processor.py:840} INFO - DAG(s) 'example_skip_dag' retrieved from /home/airflow/.local/lib/python3.12/site-packages/airflow/example_dags/example_skip_dag.py
[2026-09-22T16:48:58.313+0000] {logging_mixin.py:188} INFO - [2026-09-22T16:48:58.312+0000] {dag.py:3089} INFO - Sync 1 DAGs
[2026-09-22T16:48:58.375+0000] {logging_mixin.py:188} INFO - [2026-09-22T16:48:58.375+0000] {dag.py:3947} INFO - Setting next_dagrun for example_skip_dag to 2026-09-21 00:00:00+00:00, run_after=2026-09-22 00:00:00+00:00
[2026-09-22T16:48:58.407+0000] {processor.py:183} INFO - Processing /home/airflow/.local/lib/python3.12/site-packages/airflow/example_dags/example_skip_dag.py took 0.208 seconds
[2026-09-22T16:49:29.675+0000] {processor.py:161} INFO - Started process (PID=748) to work on /home/airflow/.local/lib/python3.12/site-packages/airflow/example_dags/example_skip_dag.py
[2026-09-22T16:49:29.677+0000] {processor.py:830} INFO - Processing file /home/airflow/.local/lib/python3.12/site-packages/airflow/example_dags/example_skip_dag.py for tasks to queue
[2026-09-22T16:49:29.682+0000] {logging_mixin.py:188} INFO - [2026-09-22T16:49:29.681+0000] {dagbag.py:545} INFO - Filling up the DagBag from /home/airflow/.local/lib/python3.12/site-packages/airflow/example_dags/example_skip_dag.py
[2026-09-22T16:49:29.723+0000] {processor.py:840} INFO - DAG(s) 'example_skip_dag' retrieved from /home/airflow/.local/lib/python3.12/site-packages/airflow/example_dags/example_skip_dag.py
[2026-09-22T16:49:29.795+0000] {logging_mixin.py:188} INFO - [2026-09-22T16:49:29.794+0000] {dag.py:3089} INFO - Sync 1 DAGs
[2026-09-22T16:49:29.825+0000] {logging_mixin.py:188} INFO - [2026-09-22T16:49:29.825+0000] {dag.py:3947} INFO - Setting next_dagrun for example_skip_dag to 2026-09-21 00:00:00+00:00, run_after=2026-09-22 00:00:00+00:00
[2026-09-22T16:49:29.857+0000] {processor.py:183} INFO - Processing /home/airflow/.local/lib/python3.12/site-packages/airflow/example_dags/example_skip_dag.py took 0.211 seconds
[2026-09-22T16:50:00.308+0000] {processor.py:161} INFO - Started process (PID=806) to work on /home/airflow/.local/lib/python3.12/site-packages/airflow/example_dags/example_skip_dag.py
[2026-09-22T16:50:00.311+0000] {processor.py:830} INFO - Processing file /home/airflow/.local/lib/python3.12/site-packages/airflow/example_dags/example_skip_dag.py for tasks to queue
[2026-09-22T16:50:00.315+0000] {logging_mixin.py:188} INFO - [2026-09-22T16:50:00.315+0000] {dagbag.py:545} INFO - Filling up the DagBag from /home/airflow/.local/lib/python3.12/site-packages/airflow/example_dags/example_skip_dag.py
[2026-09-22T16:50:00.331+0000] {processor.py:840} INFO - DAG(s) 'example_skip_dag' retrieved from /home/airflow/.local/lib/python3.12/site-packages/airflow/example_dags/example_skip_dag.py
[2026-09-22T16:50:00.378+0000] {logging_mixin.py:188} INFO - [2026-09-22T16:50:00.377+0000] {dag.py:3089} INFO - Sync 1 DAGs
[2026-09-22T16:50:00.428+0000] {logging_mixin.py:188} INFO - [2026-09-22T16:50:00.427+0000] {dag.py:3947} INFO - Setting next_dagrun for example_skip_dag to 2026-09-21 00:00:00+00:00, run_after=2026-09-22 00:00:00+00:00
[2026-09-22T16:50:00.568+0000] {processor.py:183} INFO - Processing /home/airflow/.local/lib/python3.12/site-packages/airflow/example_dags/example_skip_dag.py took 0.275 seconds
[2026-09-22T16:50:30.717+0000] {processor.py:161} INFO - Started process (PID=865) to work on /home/airflow/.local/lib/python3.12/site-packages/airflow/example_dags/example_skip_dag.py
[2026-09-22T16:50:30.719+0000] {processor.py:830} INFO - Processing file /home/airflow/.local/lib/python3.12/site-packages/airflow/example_dags/example_skip_dag.py for tasks to queue
[2026-09-22T16:50:30.722+0000] {logging_mixin.py:188} INFO - [2026-09-22T16:50:30.722+0000] {dagbag.py:545} INFO - Filling up the DagBag from /home/airflow/.local/lib/python3.12/site-packages/airflow/example_dags/example_skip_dag.py
[2026-09-22T16:50:30.732+0000] {processor.py:840} INFO - DAG(s) 'example_skip_dag' retrieved from /home/airflow/.local/lib/python3.12/site-packages/airflow/example_dags/example_skip_dag.py
[2026-09-22T16:50:30.757+0000] {logging_mixin.py:188} INFO - [2026-09-22T16:50:30.757+0000] {dag.py:3089} INFO - Sync 1 DAGs
[2026-09-22T16:50:30.789+0000] {logging_mixin.py:188} INFO - [2026-09-22T16:50:30.789+0000] {dag.py:3947} INFO - Setting next_dagrun for example_skip_dag to 2026-09-21 00:00:00+00:00, run_after=2026-09-22 00:00:00+00:00
[2026-09-22T16:50:30.869+0000] {processor.py:183} INFO - Processing /home/airflow/.local/lib/python3.12/site-packages/airflow/example_dags/example_skip_dag.py took 0.160 seconds
[2026-09-22T16:51:01.625+0000] {processor.py:161} INFO - Started process (PID=923) to work on /home/airflow/.local/lib/python3.12/site-packages/airflow/example_dags/example_skip_dag.py
[2026-09-22T16:51:01.639+0000] {processor.py:830} INFO - Processing file /home/airflow/.local/lib/python3.12/site-packages/airflow/example_dags/example_skip_dag.py for tasks to queue
[2026-09-22T16:51:01.654+0000] {logging_mixin.py:188} INFO - [2026-09-22T16:51:01.645+0000] {dagbag.py:545} INFO - Filling up the DagBag from /home/airflow/.local/lib/python3.12/site-packages/airflow/example_dags/example_skip_dag.py
[2026-09-22T16:51:01.678+0000] {processor.py:840} INFO - DAG(s) 'example_skip_dag' retrieved from /home/airflow/.local/lib/python3.12/site-packages/airflow/example_dags/example_skip_dag.py
[2026-09-22T16:51:01.719+0000] {logging_mixin.py:188} INFO - [2026-09-22T16:51:01.718+0000] {dag.py:3089} INFO - Sync 1 DAGs
[2026-09-22T16:51:01.770+0000] {logging_mixin.py:188} INFO - [2026-09-22T16:51:01.769+0000] {dag.py:3947} INFO - Setting next_dagrun for example_skip_dag to 2026-09-21 00:00:00+00:00, run_after=2026-09-22 00:00:00+00:00
[2026-09-22T16:51:01.811+0000] {processor.py:183} INFO - Processing /home/airflow/.local/lib/python3.12/site-packages/airflow/example_dags/example_skip_dag.py took 0.207 seconds
[2026-09-22T16:51:32.744+0000] {processor.py:161} INFO - Started process (PID=981) to work on /home/airflow/.local/lib/python3.12/site-packages/airflow/example_dags/example_skip_dag.py
[2026-09-22T16:51:32.749+0000] {processor.py:830} INFO - Processing file /home/airflow/.local/lib/python3.12/site-packages/airflow/example_dags/example_skip_dag.py for tasks to queue
[2026-09-22T16:51:32.754+0000] {logging_mixin.py:188} INFO - [2026-09-22T16:51:32.754+0000] {dagbag.py:545} INFO - Filling up the DagBag from /home/airflow/.local/lib/python3.12/site-packages/airflow/example_dags/example_skip_dag.py
[2026-09-22T16:51:32.771+0000] {processor.py:840} INFO - DAG(s) 'example_skip_dag' retrieved from /home/airflow/.local/lib/python3.12/site-packages/airflow/example_dags/example_skip_dag.py
[2026-09-22T16:51:32.819+0000] {logging_mixin.py:188} INFO - [2026-09-22T16:51:32.819+0000] {dag.py:3089} INFO - Sync 1 DAGs
[2026-09-22T16:51:32.855+0000] {logging_mixin.py:188} INFO - [2026-09-22T16:51:32.855+0000] {dag.py:3947} INFO - Setting next_dagrun for example_skip_dag to 2026-09-21 00:00:00+00:00, run_after=2026-09-22 00:00:00+00:00
[2026-09-22T16:51:32.895+0000] {processor.py:183} INFO - Processing /home/airflow/.local/lib/python3.12/site-packages/airflow/example_dags/example_skip_dag.py took 0.161 seconds
[2026-09-22T16:52:24.682+0000] {processor.py:161} INFO - Started process (PID=1032) to work on /home/airflow/.local/lib/python3.12/site-packages/airflow/example_dags/example_skip_dag.py
[2026-09-22T16:52:24.686+0000] {processor.py:830} INFO - Processing file /home/airflow/.local/lib/python3.12/site-packages/airflow/example_dags/example_skip_dag.py for tasks to queue
[2026-09-22T16:52:24.692+0000] {logging_mixin.py:188} INFO - [2026-09-22T16:52:24.691+0000] {dagbag.py:545} INFO - Filling up the DagBag from /home/airflow/.local/lib/python3.12/site-packages/airflow/example_dags/example_skip_dag.py
[2026-09-22T16:52:24.703+0000] {processor.py:840} INFO - DAG(s) 'example_skip_dag' retrieved from /home/airflow/.local/lib/python3.12/site-packages/airflow/example_dags/example_skip_dag.py
[2026-09-22T16:52:24.772+0000] {logging_mixin.py:188} INFO - [2026-09-22T16:52:24.772+0000] {dag.py:3089} INFO - Sync 1 DAGs
[2026-09-22T16:52:24.820+0000] {logging_mixin.py:188} INFO - [2026-09-22T16:52:24.819+0000] {dag.py:3947} INFO - Setting next_dagrun for example_skip_dag to 2026-09-21 00:00:00+00:00, run_after=2026-09-22 00:00:00+00:00
[2026-09-22T16:52:24.865+0000] {processor.py:183} INFO - Processing /home/airflow/.local/lib/python3.12/site-packages/airflow/example_dags/example_skip_dag.py took 0.197 seconds
[2026-09-22T16:52:55.585+0000] {processor.py:161} INFO - Started process (PID=1096) to work on /home/airflow/.local/lib/python3.12/site-packages/airflow/example_dags/example_skip_dag.py
[2026-09-22T16:52:55.586+0000] {processor.py:830} INFO - Processing file /home/airflow/.local/lib/python3.12/site-packages/airflow/example_dags/example_skip_dag.py for tasks to queue
[2026-09-22T16:52:55.589+0000] {logging_mixin.py:188} INFO - [2026-09-22T16:52:55.588+0000] {dagbag.py:545} INFO - Filling up the DagBag from /home/airflow/.local/lib/python3.12/site-packages/airflow/example_dags/example_skip_dag.py
[2026-09-22T16:52:55.595+0000] {processor.py:840} INFO - DAG(s) 'example_skip_dag' retrieved from /home/airflow/.local/lib/python3.12/site-packages/airflow/example_dags/example_skip_dag.py
[2026-09-22T16:52:55.618+0000] {logging_mixin.py:188} INFO - [2026-09-22T16:52:55.617+0000] {dag.py:3089} INFO - Sync 1 DAGs
[2026-09-22T16:52:55.645+0000] {logging_mixin.py:188} INFO - [2026-09-22T16:52:55.645+0000] {dag.py:3947} INFO - Setting next_dagrun for example_skip_dag to 2026-09-21 00:00:00+00:00, run_after=2026-09-22 00:00:00+00:00
[2026-09-22T16:52:55.666+0000] {processor.py:183} INFO - Processing /home/airflow/.local/lib/python3.12/site-packages/airflow/example_dags/example_skip_dag.py took 0.086 seconds
[2026-09-22T16:53:25.859+0000] {processor.py:161} INFO - Started process (PID=1154) to work on /home/airflow/.local/lib/python3.12/site-packages/airflow/example_dags/example_skip_dag.py
[2026-09-22T16:53:25.860+0000] {processor.py:830} INFO - Processing file /home/airflow/.local/lib/python3.12/site-packages/airflow/example_dags/example_skip_dag.py for tasks to queue
[2026-09-22T16:53:25.862+0000] {logging_mixin.py:188} INFO - [2026-09-22T16:53:25.862+0000] {dagbag.py:545} INFO - Filling up the DagBag from /home/airflow/.local/lib/python3.12/site-packages/airflow/example_dags/example_skip_dag.py
[2026-09-22T16:53:25.868+0000] {processor.py:840} INFO - DAG(s) 'example_skip_dag' retrieved from /home/airflow/.local/lib/python3.12/site-packages/airflow/example_dags/example_skip_dag.py
[2026-09-22T16:53:25.890+0000] {logging_mixin.py:188} INFO - [2026-09-22T16:53:25.889+0000] {dag.py:3089} INFO - Sync 1 DAGs
[2026-09-22T16:53:25.909+0000] {logging_mixin.py:188} INFO - [2026-09-22T16:53:25.909+0000] {dag.py:3947} INFO - Setting next_dagrun for example_skip_dag to 2026-09-21 00:00:00+00:00, run_after=2026-09-22 00:00:00+00:00
[2026-09-22T16:53:25.930+0000] {processor.py:183} INFO - Processing /home/airflow/.local/lib/python3.12/site-packages/airflow/example_dags/example_skip_dag.py took 0.076 seconds
[2026-09-22T16:53:56.088+0000] {processor.py:161} INFO - Started process (PID=1212) to work on /home/airflow/.local/lib/python3.12/site-packages/airflow/example_dags/example_skip_dag.py
[2026-09-22T16:53:56.089+0000] {processor.py:830} INFO - Processing file /home/airflow/.local/lib/python3.12/site-packages/airflow/example_dags/example_skip_dag.py for tasks to queue
[2026-09-22T16:53:56.091+0000] {logging_mixin.py:188} INFO - [2026-09-22T16:53:56.091+0000] {dagbag.py:545} INFO - Filling up the DagBag from /home/airflow/.local/lib/python3.12/site-packages/airflow/example_dags/example_skip_dag.py
[2026-09-22T16:53:56.097+0000] {processor.py:840} INFO - DAG(s) 'example_skip_dag' retrieved from /home/airflow/.local/lib/python3.12/site-packages/airflow/example_dags/example_skip_dag.py
[2026-09-22T16:53:56.120+0000] {logging_mixin.py:188} INFO - [2026-09-22T16:53:56.120+0000] {dag.py:3089} INFO - Sync 1 DAGs
[2026-09-22T16:53:56.142+0000] {logging_mixin.py:188} INFO - [2026-09-22T16:53:56.142+0000] {dag.py:3947} INFO - Setting next_dagrun for example_skip_dag to 2026-09-21 00:00:00+00:00, run_after=2026-09-22 00:00:00+00:00
[2026-09-22T16:53:56.163+0000] {processor.py:183} INFO - Processing /home/airflow/.local/lib/python3.12/site-packages/airflow/example_dags/example_skip_dag.py took 0.081 seconds
[2026-09-22T16:54:26.266+0000] {processor.py:161} INFO - Started process (PID=1270) to work on /home/airflow/.local/lib/python3.12/site-packages/airflow/example_dags/example_skip_dag.py
[2026-09-22T16:54:26.268+0000] {processor.py:830} INFO - Processing file /home/airflow/.local/lib/python3.12/site-packages/airflow/example_dags/example_skip_dag.py for tasks to queue
[2026-09-22T16:54:26.271+0000] {logging_mixin.py:188} INFO - [2026-09-22T16:54:26.270+0000] {dagbag.py:545} INFO - Filling up the DagBag from /home/airflow/.local/lib/python3.12/site-packages/airflow/example_dags/example_skip_dag.py
[2026-09-22T16:54:26.277+0000] {processor.py:840} INFO - DAG(s) 'example_skip_dag' retrieved from /home/airflow/.local/lib/python3.12/site-packages/airflow/example_dags/example_skip_dag.py
[2026-09-22T16:54:26.306+0000] {logging_mixin.py:188} INFO - [2026-09-22T16:54:26.306+0000] {dag.py:3089} INFO - Sync 1 DAGs
[2026-09-22T16:54:26.329+0000] {logging_mixin.py:188} INFO - [2026-09-22T16:54:26.329+0000] {dag.py:3947} INFO - Setting next_dagrun for example_skip_dag to 2026-09-21 00:00:00+00:00, run_after=2026-09-22 00:00:00+00:00
[2026-09-22T16:54:26.351+0000] {processor.py:183} INFO - Processing /home/airflow/.local/lib/python3.12/site-packages/airflow/example_dags/example_skip_dag.py took 0.092 seconds
[2026-09-22T16:54:56.793+0000] {processor.py:161} INFO - Started process (PID=1328) to work on /home/airflow/.local/lib/python3.12/site-packages/airflow/example_dags/example_skip_dag.py
[2026-09-22T16:54:56.794+0000] {processor.py:830} INFO - Processing file /home/airflow/.local/lib/python3.12/site-packages/airflow/example_dags/example_skip_dag.py for tasks to queue
[2026-09-22T16:54:56.796+0000] {logging_mixin.py:188} INFO - [2026-09-22T16:54:56.795+0000] {dagbag.py:545} INFO - Filling up the DagBag from /home/airflow/.local/lib/python3.12/site-packages/airflow/example_dags/example_skip_dag.py
[2026-09-22T16:54:56.802+0000] {processor.py:840} INFO - DAG(s) 'example_skip_dag' retrieved from /home/airflow/.local/lib/python3.12/site-packages/airflow/example_dags/example_skip_dag.py
[2026-09-22T16:54:56.829+0000] {logging_mixin.py:188} INFO - [2026-09-22T16:54:56.829+0000] {dag.py:3089} INFO - Sync 1 DAGs
[2026-09-22T16:54:56.864+0000] {logging_mixin.py:188} INFO - [2026-09-22T16:54:56.864+0000] {dag.py:3947} INFO - Setting next_dagrun for example_skip_dag to 2026-09-21 00:00:00+00:00, run_after=2026-09-22 00:00:00+00:00
[2026-09-22T16:54:56.896+0000] {processor.py:183} INFO - Processing /home/airflow/.local/lib/python3.12/site-packages/airflow/example_dags/example_skip_dag.py took 0.109 seconds
[2026-09-22T16:55:27.158+0000] {processor.py:161} INFO - Started process (PID=1386) to work on /home/airflow/.local/lib/python3.12/site-packages/airflow/example_dags/example_skip_dag.py
[2026-09-22T16:55:27.159+0000] {processor.py:830} INFO - Processing file /home/airflow/.local/lib/python3.12/site-packages/airflow/example_dags/example_skip_dag.py for tasks to queue
[2026-09-22T16:55:27.162+0000] {logging_mixin.py:188} INFO - [2026-09-22T16:55:27.161+0000] {dagbag.py:545} INFO - Filling up the DagBag from /home/airflow/.local/lib/python3.12/site-packages/airflow/example_dags/example_skip_dag.py
[2026-09-22T16:55:27.168+0000] {processor.py:840} INFO - DAG(s) 'example_skip_dag' retrieved from /home/airflow/.local/lib/python3.12/site-packages/airflow/example_dags/example_skip_dag.py
[2026-09-22T16:55:27.198+0000] {logging_mixin.py:188} INFO - [2026-09-22T16:55:27.198+0000] {dag.py:3089} INFO - Sync 1 DAGs
[2026-09-22T16:55:27.222+0000] {logging_mixin.py:188} INFO - [2026-09-22T16:55:27.222+0000] {dag.py:3947} INFO - Setting next_dagrun for example_skip_dag to 2026-09-21 00:00:00+00:00, run_after=2026-09-22 00:00:00+00:00
[2026-09-22T16:55:27.247+0000] {processor.py:183} INFO - Processing /home/airflow/.local/lib/python3.12/site-packages/airflow/example_dags/example_skip_dag.py took 0.100 seconds
[2026-09-22T16:55:57.640+0000] {processor.py:161} INFO - Started process (PID=1444) to work on /home/airflow/.local/lib/python3.12/site-packages/airflow/example_dags/example_skip_dag.py
[2026-09-22T16:55:57.642+0000] {processor.py:830} INFO - Processing file /home/airflow/.local/lib/python3.12/site-packages/airflow/example_dags/example_skip_dag.py for tasks to queue
[2026-09-22T16:55:57.646+0000] {logging_mixin.py:188} INFO - [2026-09-22T16:55:57.646+0000] {dagbag.py:545} INFO - Filling up the DagBag from /home/airflow/.local/lib/python3.12/site-packages/airflow/example_dags/example_skip_dag.py
[2026-09-22T16:55:57.657+0000] {processor.py:840} INFO - DAG(s) 'example_skip_dag' retrieved from /home/airflow/.local/lib/python3.12/site-packages/airflow/example_dags/example_skip_dag.py
[2026-09-22T16:55:57.690+0000] {logging_mixin.py:188} INFO - [2026-09-22T16:55:57.690+0000] {dag.py:3089} INFO - Sync 1 DAGs
[2026-09-22T16:55:57.743+0000] {logging_mixin.py:188} INFO - [2026-09-22T16:55:57.742+0000] {dag.py:3947} INFO - Setting next_dagrun for example_skip_dag to 2026-09-21 00:00:00+00:00, run_after=2026-09-22 00:00:00+00:00
[2026-09-22T16:55:57.776+0000] {processor.py:183} INFO - Processing /home/airflow/.local/lib/python3.12/site-packages/airflow/example_dags/example_skip_dag.py took 0.152 seconds
[2026-09-22T16:56:28.461+0000] {processor.py:161} INFO - Started process (PID=1502) to work on /home/airflow/.local/lib/python3.12/site-packages/airflow/example_dags/example_skip_dag.py
[2026-09-22T16:56:28.462+0000] {processor.py:830} INFO - Processing file /home/airflow/.local/lib/python3.12/site-packages/airflow/example_dags/example_skip_dag.py for tasks to queue
[2026-09-22T16:56:28.465+0000] {logging_mixin.py:188} INFO - [2026-09-22T16:56:28.465+0000] {dagbag.py:545} INFO - Filling up the DagBag from /home/airflow/.local/lib/python3.12/site-packages/airflow/example_dags/example_skip_dag.py
[2026-09-22T16:56:28.474+0000] {processor.py:840} INFO - DAG(s) 'example_skip_dag' retrieved from /home/airflow/.local/lib/python3.12/site-packages/airflow/example_dags/example_skip_dag.py
[2026-09-22T16:56:28.495+0000] {logging_mixin.py:188} INFO - [2026-09-22T16:56:28.495+0000] {dag.py:3089} INFO - Sync 1 DAGs
[2026-09-22T16:56:28.514+0000] {logging_mixin.py:188} INFO - [2026-09-22T16:56:28.514+0000] {dag.py:3947} INFO - Setting next_dagrun for example_skip_dag to 2026-09-21 00:00:00+00:00, run_after=2026-09-22 00:00:00+00:00
[2026-09-22T16:56:28.536+0000] {processor.py:183} INFO - Processing /home/airflow/.local/lib/python3.12/site-packages/airflow/example_dags/example_skip_dag.py took 0.081 seconds
[2026-09-22T16:58:06.412+0000] {processor.py:161} INFO - Started process (PID=122) to work on /home/airflow/.local/lib/python3.12/site-packages/airflow/example_dags/example_skip_dag.py
[2026-09-22T16:58:06.413+0000] {processor.py:830} INFO - Processing file /home/airflow/.local/lib/python3.12/site-packages/airflow/example_dags/example_skip_dag.py for tasks to queue
[2026-09-22T16:58:06.416+0000] {logging_mixin.py:188} INFO - [2026-09-22T16:58:06.416+0000] {dagbag.py:545} INFO - Filling up the DagBag from /home/airflow/.local/lib/python3.12/site-packages/airflow/example_dags/example_skip_dag.py
[2026-09-22T16:58:06.424+0000] {processor.py:840} INFO - DAG(s) 'example_skip_dag' retrieved from /home/airflow/.local/lib/python3.12/site-packages/airflow/example_dags/example_skip_dag.py
[2026-09-22T16:58:06.549+0000] {logging_mixin.py:188} INFO - [2026-09-22T16:58:06.549+0000] {dag.py:3089} INFO - Sync 1 DAGs
[2026-09-22T16:58:06.574+0000] {logging_mixin.py:188} INFO - [2026-09-22T16:58:06.574+0000] {dag.py:3947} INFO - Setting next_dagrun for example_skip_dag to 2026-09-21 00:00:00+00:00, run_after=2026-09-22 00:00:00+00:00
[2026-09-22T16:58:06.601+0000] {processor.py:183} INFO - Processing /home/airflow/.local/lib/python3.12/site-packages/airflow/example_dags/example_skip_dag.py took 0.196 seconds
[2026-09-22T16:58:37.309+0000] {processor.py:161} INFO - Started process (PID=180) to work on /home/airflow/.local/lib/python3.12/site-packages/airflow/example_dags/example_skip_dag.py
[2026-09-22T16:58:37.310+0000] {processor.py:830} INFO - Processing file /home/airflow/.local/lib/python3.12/site-packages/airflow/example_dags/example_skip_dag.py for tasks to queue
[2026-09-22T16:58:37.313+0000] {logging_mixin.py:188} INFO - [2026-09-22T16:58:37.313+0000] {dagbag.py:545} INFO - Filling up the DagBag from /home/airflow/.local/lib/python3.12/site-packages/airflow/example_dags/example_skip_dag.py
[2026-09-22T16:58:37.321+0000] {processor.py:840} INFO - DAG(s) 'example_skip_dag' retrieved from /home/airflow/.local/lib/python3.12/site-packages/airflow/example_dags/example_skip_dag.py
[2026-09-22T16:58:37.343+0000] {logging_mixin.py:188} INFO - [2026-09-22T16:58:37.343+0000] {dag.py:3089} INFO - Sync 1 DAGs
[2026-09-22T16:58:37.369+0000] {logging_mixin.py:188} INFO - [2026-09-22T16:58:37.369+0000] {dag.py:3947} INFO - Setting next_dagrun for example_skip_dag to 2026-09-21 00:00:00+00:00, run_after=2026-09-22 00:00:00+00:00
[2026-09-22T16:58:37.390+0000] {processor.py:183} INFO - Processing /home/airflow/.local/lib/python3.12/site-packages/airflow/example_dags/example_skip_dag.py took 0.088 seconds
[2026-09-22T16:59:08.290+0000] {processor.py:161} INFO - Started process (PID=238) to work on /home/airflow/.local/lib/python3.12/site-packages/airflow/example_dags/example_skip_dag.py
[2026-09-22T16:59:08.291+0000] {processor.py:830} INFO - Processing file /home/airflow/.local/lib/python3.12/site-packages/airflow/example_dags/example_skip_dag.py for tasks to queue
[2026-09-22T16:59:08.294+0000] {logging_mixin.py:188} INFO - [2026-09-22T16:59:08.293+0000] {dagbag.py:545} INFO - Filling up the DagBag from /home/airflow/.local/lib/python3.12/site-packages/airflow/example_dags/example_skip_dag.py
[2026-09-22T16:59:08.302+0000] {processor.py:840} INFO - DAG(s) 'example_skip_dag' retrieved from /home/airflow/.local/lib/python3.12/site-packages/airflow/example_dags/example_skip_dag.py
[2026-09-22T16:59:08.328+0000] {logging_mixin.py:188} INFO - [2026-09-22T16:59:08.328+0000] {dag.py:3089} INFO - Sync 1 DAGs
[2026-09-22T16:59:08.352+0000] {logging_mixin.py:188} INFO - [2026-09-22T16:59:08.352+0000] {dag.py:3947} INFO - Setting next_dagrun for example_skip_dag to 2026-09-21 00:00:00+00:00, run_after=2026-09-22 00:00:00+00:00
[2026-09-22T16:59:08.377+0000] {processor.py:183} INFO - Processing /home/airflow/.local/lib/python3.12/site-packages/airflow/example_dags/example_skip_dag.py took 0.095 seconds
[2026-09-22T16:59:38.799+0000] {processor.py:161} INFO - Started process (PID=296) to work on /home/airflow/.local/lib/python3.12/site-packages/airflow/example_dags/example_skip_dag.py
[2026-09-22T16:59:38.800+0000] {processor.py:830} INFO - Processing file /home/airflow/.local/lib/python3.12/site-packages/airflow/example_dags/example_skip_dag.py for tasks to queue
[2026-09-22T16:59:38.803+0000] {logging_mixin.py:188} INFO - [2026-09-22T16:59:38.802+0000] {dagbag.py:545} INFO - Filling up the DagBag from /home/airflow/.local/lib/python3.12/site-packages/airflow/example_dags/example_skip_dag.py
[2026-09-22T16:59:38.810+0000] {processor.py:840} INFO - DAG(s) 'example_skip_dag' retrieved from /home/airflow/.local/lib/python3.12/site-packages/airflow/example_dags/example_skip_dag.py
[2026-09-22T16:59:38.833+0000] {logging_mixin.py:188} INFO - [2026-09-22T16:59:38.832+0000] {dag.py:3089} INFO - Sync 1 DAGs
[2026-09-22T16:59:38.855+0000] {logging_mixin.py:188} INFO - [2026-09-22T16:59:38.855+0000] {dag.py:3947} INFO - Setting next_dagrun for example_skip_dag to 2026-09-21 00:00:00+00:00, run_after=2026-09-22 00:00:00+00:00
[2026-09-22T16:59:38.880+0000] {processor.py:183} INFO - Processing /home/airflow/.local/lib/python3.12/site-packages/airflow/example_dags/example_skip_dag.py took 0.088 seconds
[2026-09-22T17:00:09.053+0000] {processor.py:161} INFO - Started process (PID=354) to work on /home/airflow/.local/lib/python3.12/site-packages/airflow/example_dags/example_skip_dag.py
[2026-09-22T17:00:09.055+0000] {processor.py:830} INFO - Processing file /home/airflow/.local/lib/python3.12/site-packages/airflow/example_dags/example_skip_dag.py for tasks to queue
[2026-09-22T17:00:09.058+0000] {logging_mixin.py:188} INFO - [2026-09-22T17:00:09.057+0000] {dagbag.py:545} INFO - Filling up the DagBag from /home/airflow/.local/lib/python3.12/site-packages/airflow/example_dags/example_skip_dag.py
[2026-09-22T17:00:09.065+0000] {processor.py:840} INFO - DAG(s) 'example_skip_dag' retrieved from /home/airflow/.local/lib/python3.12/site-packages/airflow/example_dags/example_skip_dag.py
[2026-09-22T17:00:09.100+0000] {logging_mixin.py:188} INFO - [2026-09-22T17:00:09.100+0000] {dag.py:3089} INFO - Sync 1 DAGs
[2026-09-22T17:00:09.141+0000] {logging_mixin.py:188} INFO - [2026-09-22T17:00:09.140+0000] {dag.py:3947} INFO - Setting next_dagrun for example_skip_dag to 2026-09-21 00:00:00+00:00, run_after=2026-09-22 00:00:00+00:00
[2026-09-22T17:00:09.177+0000] {processor.py:183} INFO - Processing /home/airflow/.local/lib/python3.12/site-packages/airflow/example_dags/example_skip_dag.py took 0.133 seconds
[2026-09-22T17:00:39.558+0000] {processor.py:161} INFO - Started process (PID=412) to work on /home/airflow/.local/lib/python3.12/site-packages/airflow/example_dags/example_skip_dag.py
[2026-09-22T17:00:39.559+0000] {processor.py:830} INFO - Processing file /home/airflow/.local/lib/python3.12/site-packages/airflow/example_dags/example_skip_dag.py for tasks to queue
[2026-09-22T17:00:39.561+0000] {logging_mixin.py:188} INFO - [2026-09-22T17:00:39.561+0000] {dagbag.py:545} INFO - Filling up the DagBag from /home/airflow/.local/lib/python3.12/site-packages/airflow/example_dags/example_skip_dag.py
[2026-09-22T17:00:39.567+0000] {processor.py:840} INFO - DAG(s) 'example_skip_dag' retrieved from /home/airflow/.local/lib/python3.12/site-packages/airflow/example_dags/example_skip_dag.py
[2026-09-22T17:00:39.590+0000] {logging_mixin.py:188} INFO - [2026-09-22T17:00:39.589+0000] {dag.py:3089} INFO - Sync 1 DAGs
[2026-09-22T17:00:39.609+0000] {logging_mixin.py:188} INFO - [2026-09-22T17:00:39.609+0000] {dag.py:3947} INFO - Setting next_dagrun for example_skip_dag to 2026-09-21 00:00:00+00:00, run_after=2026-09-22 00:00:00+00:00
[2026-09-22T17:00:39.633+0000] {processor.py:183} INFO - Processing /home/airflow/.local/lib/python3.12/site-packages/airflow/example_dags/example_skip_dag.py took 0.083 seconds
[2026-09-22T17:01:10.088+0000] {processor.py:161} INFO - Started process (PID=470) to work on /home/airflow/.local/lib/python3.12/site-packages/airflow/example_dags/example_skip_dag.py
[2026-09-22T17:01:10.089+0000] {processor.py:830} INFO - Processing file /home/airflow/.local/lib/python3.12/site-packages/airflow/example_dags/example_skip_dag.py for tasks to queue
[2026-09-22T17:01:10.092+0000] {logging_mixin.py:188} INFO - [2026-09-22T17:01:10.091+0000] {dagbag.py:545} INFO - Filling up the DagBag from /home/airflow/.local/lib/python3.12/site-packages/airflow/example_dags/example_skip_dag.py
[2026-09-22T17:01:10.100+0000] {processor.py:840} INFO - DAG(s) 'example_skip_dag' retrieved from /home/airflow/.local/lib/python3.12/site-packages/airflow/example_dags/example_skip_dag.py
[2026-09-22T17:01:10.129+0000] {logging_mixin.py:188} INFO - [2026-09-22T17:01:10.128+0000] {dag.py:3089} INFO - Sync 1 DAGs
[2026-09-22T17:01:10.158+0000] {logging_mixin.py:188} INFO - [2026-09-22T17:01:10.157+0000] {dag.py:3947} INFO - Setting next_dagrun for example_skip_dag to 2026-09-21 00:00:00+00:00, run_after=2026-09-22 00:00:00+00:00
[2026-09-22T17:01:10.195+0000] {processor.py:183} INFO - Processing /home/airflow/.local/lib/python3.12/site-packages/airflow/example_dags/example_skip_dag.py took 0.115 seconds
[2026-09-22T17:01:40.881+0000] {processor.py:161} INFO - Started process (PID=528) to work on /home/airflow/.local/lib/python3.12/site-packages/airflow/example_dags/example_skip_dag.py
[2026-09-22T17:01:40.882+0000] {processor.py:830} INFO - Processing file /home/airflow/.local/lib/python3.12/site-packages/airflow/example_dags/example_skip_dag.py for tasks to queue
[2026-09-22T17:01:40.885+0000] {logging_mixin.py:188} INFO - [2026-09-22T17:01:40.884+0000] {dagbag.py:545} INFO - Filling up the DagBag from /home/airflow/.local/lib/python3.12/site-packages/airflow/example_dags/example_skip_dag.py
[2026-09-22T17:01:40.892+0000] {processor.py:840} INFO - DAG(s) 'example_skip_dag' retrieved from /home/airflow/.local/lib/python3.12/site-packages/airflow/example_dags/example_skip_dag.py
[2026-09-22T17:01:40.913+0000] {logging_mixin.py:188} INFO - [2026-09-22T17:01:40.912+0000] {dag.py:3089} INFO - Sync 1 DAGs
[2026-09-22T17:01:40.931+0000] {logging_mixin.py:188} INFO - [2026-09-22T17:01:40.931+0000] {dag.py:3947} INFO - Setting next_dagrun for example_skip_dag to 2026-09-21 00:00:00+00:00, run_after=2026-09-22 00:00:00+00:00
[2026-09-22T17:01:40.954+0000] {processor.py:183} INFO - Processing /home/airflow/.local/lib/python3.12/site-packages/airflow/example_dags/example_skip_dag.py took 0.079 seconds
[2026-09-22T17:02:11.168+0000] {processor.py:161} INFO - Started process (PID=586) to work on /home/airflow/.local/lib/python3.12/site-packages/airflow/example_dags/example_skip_dag.py
[2026-09-22T17:02:11.169+0000] {processor.py:830} INFO - Processing file /home/airflow/.local/lib/python3.12/site-packages/airflow/example_dags/example_skip_dag.py for tasks to queue
[2026-09-22T17:02:11.172+0000] {logging_mixin.py:188} INFO - [2026-09-22T17:02:11.172+0000] {dagbag.py:545} INFO - Filling up the DagBag from /home/airflow/.local/lib/python3.12/site-packages/airflow/example_dags/example_skip_dag.py
[2026-09-22T17:02:11.182+0000] {processor.py:840} INFO - DAG(s) 'example_skip_dag' retrieved from /home/airflow/.local/lib/python3.12/site-packages/airflow/example_dags/example_skip_dag.py
[2026-09-22T17:02:11.202+0000] {logging_mixin.py:188} INFO - [2026-09-22T17:02:11.202+0000] {dag.py:3089} INFO - Sync 1 DAGs
[2026-09-22T17:02:11.222+0000] {logging_mixin.py:188} INFO - [2026-09-22T17:02:11.222+0000] {dag.py:3947} INFO - Setting next_dagrun for example_skip_dag to 2026-09-21 00:00:00+00:00, run_after=2026-09-22 00:00:00+00:00
[2026-09-22T17:02:11.244+0000] {processor.py:183} INFO - Processing /home/airflow/.local/lib/python3.12/site-packages/airflow/example_dags/example_skip_dag.py took 0.084 seconds
[2026-09-22T17:03:35.131+0000] {processor.py:161} INFO - Started process (PID=120) to work on /home/airflow/.local/lib/python3.12/site-packages/airflow/example_dags/example_skip_dag.py
[2026-09-22T17:03:35.133+0000] {processor.py:830} INFO - Processing file /home/airflow/.local/lib/python3.12/site-packages/airflow/example_dags/example_skip_dag.py for tasks to queue
[2026-09-22T17:03:35.136+0000] {logging_mixin.py:188} INFO - [2026-09-22T17:03:35.135+0000] {dagbag.py:545} INFO - Filling up the DagBag from /home/airflow/.local/lib/python3.12/site-packages/airflow/example_dags/example_skip_dag.py
[2026-09-22T17:03:35.145+0000] {processor.py:840} INFO - DAG(s) 'example_skip_dag' retrieved from /home/airflow/.local/lib/python3.12/site-packages/airflow/example_dags/example_skip_dag.py
[2026-09-22T17:03:35.262+0000] {logging_mixin.py:188} INFO - [2026-09-22T17:03:35.261+0000] {dag.py:3089} INFO - Sync 1 DAGs
[2026-09-22T17:03:35.281+0000] {logging_mixin.py:188} INFO - [2026-09-22T17:03:35.281+0000] {dag.py:3947} INFO - Setting next_dagrun for example_skip_dag to 2026-09-21 00:00:00+00:00, run_after=2026-09-22 00:00:00+00:00
[2026-09-22T17:03:35.308+0000] {processor.py:183} INFO - Processing /home/airflow/.local/lib/python3.12/site-packages/airflow/example_dags/example_skip_dag.py took 0.183 seconds
[2026-09-22T17:04:06.011+0000] {processor.py:161} INFO - Started process (PID=178) to work on /home/airflow/.local/lib/python3.12/site-packages/airflow/example_dags/example_skip_dag.py
[2026-09-22T17:04:06.012+0000] {processor.py:830} INFO - Processing file /home/airflow/.local/lib/python3.12/site-packages/airflow/example_dags/example_skip_dag.py for tasks to queue
[2026-09-22T17:04:06.015+0000] {logging_mixin.py:188} INFO - [2026-09-22T17:04:06.014+0000] {dagbag.py:545} INFO - Filling up the DagBag from /home/airflow/.local/lib/python3.12/site-packages/airflow/example_dags/example_skip_dag.py
[2026-09-22T17:04:06.021+0000] {processor.py:840} INFO - DAG(s) 'example_skip_dag' retrieved from /home/airflow/.local/lib/python3.12/site-packages/airflow/example_dags/example_skip_dag.py
[2026-09-22T17:04:06.047+0000] {logging_mixin.py:188} INFO - [2026-09-22T17:04:06.047+0000] {dag.py:3089} INFO - Sync 1 DAGs
[2026-09-22T17:04:06.068+0000] {logging_mixin.py:188} INFO - [2026-09-22T17:04:06.068+0000] {dag.py:3947} INFO - Setting next_dagrun for example_skip_dag to 2026-09-21 00:00:00+00:00, run_after=2026-09-22 00:00:00+00:00
[2026-09-22T17:04:06.090+0000] {processor.py:183} INFO - Processing /home/airflow/.local/lib/python3.12/site-packages/airflow/example_dags/example_skip_dag.py took 0.084 seconds
[2026-09-22T17:04:36.966+0000] {processor.py:161} INFO - Started process (PID=236) to work on /home/airflow/.local/lib/python3.12/site-packages/airflow/example_dags/example_skip_dag.py
[2026-09-22T17:04:36.968+0000] {processor.py:830} INFO - Processing file /home/airflow/.local/lib/python3.12/site-packages/airflow/example_dags/example_skip_dag.py for tasks to queue
[2026-09-22T17:04:36.970+0000] {logging_mixin.py:188} INFO - [2026-09-22T17:04:36.969+0000] {dagbag.py:545} INFO - Filling up the DagBag from /home/airflow/.local/lib/python3.12/site-packages/airflow/example_dags/example_skip_dag.py
[2026-09-22T17:04:36.976+0000] {processor.py:840} INFO - DAG(s) 'example_skip_dag' retrieved from /home/airflow/.local/lib/python3.12/site-packages/airflow/example_dags/example_skip_dag.py
[2026-09-22T17:04:37.000+0000] {logging_mixin.py:188} INFO - [2026-09-22T17:04:36.999+0000] {dag.py:3089} INFO - Sync 1 DAGs
[2026-09-22T17:04:37.025+0000] {logging_mixin.py:188} INFO - [2026-09-22T17:04:37.024+0000] {dag.py:3947} INFO - Setting next_dagrun for example_skip_dag to 2026-09-21 00:00:00+00:00, run_after=2026-09-22 00:00:00+00:00
[2026-09-22T17:04:37.048+0000] {processor.py:183} INFO - Processing /home/airflow/.local/lib/python3.12/site-packages/airflow/example_dags/example_skip_dag.py took 0.087 seconds
[2026-09-22T17:05:07.785+0000] {processor.py:161} INFO - Started process (PID=294) to work on /home/airflow/.local/lib/python3.12/site-packages/airflow/example_dags/example_skip_dag.py
[2026-09-22T17:05:07.788+0000] {processor.py:830} INFO - Processing file /home/airflow/.local/lib/python3.12/site-packages/airflow/example_dags/example_skip_dag.py for tasks to queue
[2026-09-22T17:05:07.790+0000] {logging_mixin.py:188} INFO - [2026-09-22T17:05:07.790+0000] {dagbag.py:545} INFO - Filling up the DagBag from /home/airflow/.local/lib/python3.12/site-packages/airflow/example_dags/example_skip_dag.py
[2026-09-22T17:05:07.799+0000] {processor.py:840} INFO - DAG(s) 'example_skip_dag' retrieved from /home/airflow/.local/lib/python3.12/site-packages/airflow/example_dags/example_skip_dag.py
[2026-09-22T17:05:07.829+0000] {logging_mixin.py:188} INFO - [2026-09-22T17:05:07.828+0000] {dag.py:3089} INFO - Sync 1 DAGs
[2026-09-22T17:05:07.861+0000] {logging_mixin.py:188} INFO - [2026-09-22T17:05:07.861+0000] {dag.py:3947} INFO - Setting next_dagrun for example_skip_dag to 2026-09-21 00:00:00+00:00, run_after=2026-09-22 00:00:00+00:00
[2026-09-22T17:05:07.892+0000] {processor.py:183} INFO - Processing /home/airflow/.local/lib/python3.12/site-packages/airflow/example_dags/example_skip_dag.py took 0.115 seconds
[2026-09-22T17:05:38.196+0000] {processor.py:161} INFO - Started process (PID=352) to work on /home/airflow/.local/lib/python3.12/site-packages/airflow/example_dags/example_skip_dag.py
[2026-09-22T17:05:38.197+0000] {processor.py:830} INFO - Processing file /home/airflow/.local/lib/python3.12/site-packages/airflow/example_dags/example_skip_dag.py for tasks to queue
[2026-09-22T17:05:38.200+0000] {logging_mixin.py:188} INFO - [2026-09-22T17:05:38.199+0000] {dagbag.py:545} INFO - Filling up the DagBag from /home/airflow/.local/lib/python3.12/site-packages/airflow/example_dags/example_skip_dag.py
[2026-09-22T17:05:38.209+0000] {processor.py:840} INFO - DAG(s) 'example_skip_dag' retrieved from /home/airflow/.local/lib/python3.12/site-packages/airflow/example_dags/example_skip_dag.py
[2026-09-22T17:05:38.233+0000] {logging_mixin.py:188} INFO - [2026-09-22T17:05:38.232+0000] {dag.py:3089} INFO - Sync 1 DAGs
[2026-09-22T17:05:38.256+0000] {logging_mixin.py:188} INFO - [2026-09-22T17:05:38.256+0000] {dag.py:3947} INFO - Setting next_dagrun for example_skip_dag to 2026-09-21 00:00:00+00:00, run_after=2026-09-22 00:00:00+00:00
[2026-09-22T17:05:38.280+0000] {processor.py:183} INFO - Processing /home/airflow/.local/lib/python3.12/site-packages/airflow/example_dags/example_skip_dag.py took 0.089 seconds
[2026-09-22T17:06:08.877+0000] {processor.py:161} INFO - Started process (PID=410) to work on /home/airflow/.local/lib/python3.12/site-packages/airflow/example_dags/example_skip_dag.py
[2026-09-22T17:06:08.879+0000] {processor.py:830} INFO - Processing file /home/airflow/.local/lib/python3.12/site-packages/airflow/example_dags/example_skip_dag.py for tasks to queue
[2026-09-22T17:06:08.893+0000] {logging_mixin.py:188} INFO - [2026-09-22T17:06:08.892+0000] {dagbag.py:545} INFO - Filling up the DagBag from /home/airflow/.local/lib/python3.12/site-packages/airflow/example_dags/example_skip_dag.py
[2026-09-22T17:06:08.916+0000] {processor.py:840} INFO - DAG(s) 'example_skip_dag' retrieved from /home/airflow/.local/lib/python3.12/site-packages/airflow/example_dags/example_skip_dag.py
[2026-09-22T17:06:09.001+0000] {logging_mixin.py:188} INFO - [2026-09-22T17:06:09.000+0000] {dag.py:3089} INFO - Sync 1 DAGs
[2026-09-22T17:06:09.043+0000] {logging_mixin.py:188} INFO - [2026-09-22T17:06:09.043+0000] {dag.py:3947} INFO - Setting next_dagrun for example_skip_dag to 2026-09-21 00:00:00+00:00, run_after=2026-09-22 00:00:00+00:00
[2026-09-22T17:06:09.079+0000] {processor.py:183} INFO - Processing /home/airflow/.local/lib/python3.12/site-packages/airflow/example_dags/example_skip_dag.py took 0.224 seconds
[2026-09-22T17:06:39.474+0000] {processor.py:161} INFO - Started process (PID=468) to work on /home/airflow/.local/lib/python3.12/site-packages/airflow/example_dags/example_skip_dag.py
[2026-09-22T17:06:39.475+0000] {processor.py:830} INFO - Processing file /home/airflow/.local/lib/python3.12/site-packages/airflow/example_dags/example_skip_dag.py for tasks to queue
[2026-09-22T17:06:39.477+0000] {logging_mixin.py:188} INFO - [2026-09-22T17:06:39.477+0000] {dagbag.py:545} INFO - Filling up the DagBag from /home/airflow/.local/lib/python3.12/site-packages/airflow/example_dags/example_skip_dag.py
[2026-09-22T17:06:39.483+0000] {processor.py:840} INFO - DAG(s) 'example_skip_dag' retrieved from /home/airflow/.local/lib/python3.12/site-packages/airflow/example_dags/example_skip_dag.py
[2026-09-22T17:06:39.504+0000] {logging_mixin.py:188} INFO - [2026-09-22T17:06:39.503+0000] {dag.py:3089} INFO - Sync 1 DAGs
[2026-09-22T17:06:39.524+0000] {logging_mixin.py:188} INFO - [2026-09-22T17:06:39.524+0000] {dag.py:3947} INFO - Setting next_dagrun for example_skip_dag to 2026-09-21 00:00:00+00:00, run_after=2026-09-22 00:00:00+00:00
[2026-09-22T17:06:39.562+0000] {processor.py:183} INFO - Processing /home/airflow/.local/lib/python3.12/site-packages/airflow/example_dags/example_skip_dag.py took 0.093 seconds
[2026-09-22T17:07:10.302+0000] {processor.py:161} INFO - Started process (PID=526) to work on /home/airflow/.local/lib/python3.12/site-packages/airflow/example_dags/example_skip_dag.py
[2026-09-22T17:07:10.304+0000] {processor.py:830} INFO - Processing file /home/airflow/.local/lib/python3.12/site-packages/airflow/example_dags/example_skip_dag.py for tasks to queue
[2026-09-22T17:07:10.307+0000] {logging_mixin.py:188} INFO - [2026-09-22T17:07:10.306+0000] {dagbag.py:545} INFO - Filling up the DagBag from /home/airflow/.local/lib/python3.12/site-packages/airflow/example_dags/example_skip_dag.py
[2026-09-22T17:07:10.314+0000] {processor.py:840} INFO - DAG(s) 'example_skip_dag' retrieved from /home/airflow/.local/lib/python3.12/site-packages/airflow/example_dags/example_skip_dag.py
[2026-09-22T17:07:10.339+0000] {logging_mixin.py:188} INFO - [2026-09-22T17:07:10.339+0000] {dag.py:3089} INFO - Sync 1 DAGs
[2026-09-22T17:07:10.362+0000] {logging_mixin.py:188} INFO - [2026-09-22T17:07:10.361+0000] {dag.py:3947} INFO - Setting next_dagrun for example_skip_dag to 2026-09-21 00:00:00+00:00, run_after=2026-09-22 00:00:00+00:00
[2026-09-22T17:07:10.388+0000] {processor.py:183} INFO - Processing /home/airflow/.local/lib/python3.12/site-packages/airflow/example_dags/example_skip_dag.py took 0.094 seconds
[2026-09-22T17:07:40.799+0000] {processor.py:161} INFO - Started process (PID=584) to work on /home/airflow/.local/lib/python3.12/site-packages/airflow/example_dags/example_skip_dag.py
[2026-09-22T17:07:40.800+0000] {processor.py:830} INFO - Processing file /home/airflow/.local/lib/python3.12/site-packages/airflow/example_dags/example_skip_dag.py for tasks to queue
[2026-09-22T17:07:40.802+0000] {logging_mixin.py:188} INFO - [2026-09-22T17:07:40.802+0000] {dagbag.py:545} INFO - Filling up the DagBag from /home/airflow/.local/lib/python3.12/site-packages/airflow/example_dags/example_skip_dag.py
[2026-09-22T17:07:40.809+0000] {processor.py:840} INFO - DAG(s) 'example_skip_dag' retrieved from /home/airflow/.local/lib/python3.12/site-packages/airflow/example_dags/example_skip_dag.py
[2026-09-22T17:07:40.831+0000] {logging_mixin.py:188} INFO - [2026-09-22T17:07:40.831+0000] {dag.py:3089} INFO - Sync 1 DAGs
[2026-09-22T17:07:40.853+0000] {logging_mixin.py:188} INFO - [2026-09-22T17:07:40.852+0000] {dag.py:3947} INFO - Setting next_dagrun for example_skip_dag to 2026-09-21 00:00:00+00:00, run_after=2026-09-22 00:00:00+00:00
[2026-09-22T17:07:40.873+0000] {processor.py:183} INFO - Processing /home/airflow/.local/lib/python3.12/site-packages/airflow/example_dags/example_skip_dag.py took 0.080 seconds
[2026-09-22T17:08:11.156+0000] {processor.py:161} INFO - Started process (PID=642) to work on /home/airflow/.local/lib/python3.12/site-packages/airflow/example_dags/example_skip_dag.py
[2026-09-22T17:08:11.157+0000] {processor.py:830} INFO - Processing file /home/airflow/.local/lib/python3.12/site-packages/airflow/example_dags/example_skip_dag.py for tasks to queue
[2026-09-22T17:08:11.159+0000] {logging_mixin.py:188} INFO - [2026-09-22T17:08:11.159+0000] {dagbag.py:545} INFO - Filling up the DagBag from /home/airflow/.local/lib/python3.12/site-packages/airflow/example_dags/example_skip_dag.py
[2026-09-22T17:08:11.166+0000] {processor.py:840} INFO - DAG(s) 'example_skip_dag' retrieved from /home/airflow/.local/lib/python3.12/site-packages/airflow/example_dags/example_skip_dag.py
[2026-09-22T17:08:11.187+0000] {logging_mixin.py:188} INFO - [2026-09-22T17:08:11.187+0000] {dag.py:3089} INFO - Sync 1 DAGs
[2026-09-22T17:08:11.209+0000] {logging_mixin.py:188} INFO - [2026-09-22T17:08:11.209+0000] {dag.py:3947} INFO - Setting next_dagrun for example_skip_dag to 2026-09-21 00:00:00+00:00, run_after=2026-09-22 00:00:00+00:00
[2026-09-22T17:08:11.229+0000] {processor.py:183} INFO - Processing /home/airflow/.local/lib/python3.12/site-packages/airflow/example_dags/example_skip_dag.py took 0.081 seconds
[2026-09-22T17:08:41.359+0000] {processor.py:161} INFO - Started process (PID=706) to work on /home/airflow/.local/lib/python3.12/site-packages/airflow/example_dags/example_skip_dag.py
[2026-09-22T17:08:41.360+0000] {processor.py:830} INFO - Processing file /home/airflow/.local/lib/python3.12/site-packages/airflow/example_dags/example_skip_dag.py for tasks to queue
[2026-09-22T17:08:41.361+0000] {logging_mixin.py:188} INFO - [2026-09-22T17:08:41.361+0000] {dagbag.py:545} INFO - Filling up the DagBag from /home/airflow/.local/lib/python3.12/site-packages/airflow/example_dags/example_skip_dag.py
[2026-09-22T17:08:41.368+0000] {processor.py:840} INFO - DAG(s) 'example_skip_dag' retrieved from /home/airflow/.local/lib/python3.12/site-packages/airflow/example_dags/example_skip_dag.py
[2026-09-22T17:08:41.388+0000] {logging_mixin.py:188} INFO - [2026-09-22T17:08:41.387+0000] {dag.py:3089} INFO - Sync 1 DAGs
[2026-09-22T17:08:41.406+0000] {logging_mixin.py:188} INFO - [2026-09-22T17:08:41.406+0000] {dag.py:3947} INFO - Setting next_dagrun for example_skip_dag to 2026-09-21 00:00:00+00:00, run_after=2026-09-22 00:00:00+00:00
[2026-09-22T17:08:41.425+0000] {processor.py:183} INFO - Processing /home/airflow/.local/lib/python3.12/site-packages/airflow/example_dags/example_skip_dag.py took 0.072 seconds
[2026-09-22T17:09:11.778+0000] {processor.py:161} INFO - Started process (PID=764) to work on /home/airflow/.local/lib/python3.12/site-packages/airflow/example_dags/example_skip_dag.py
[2026-09-22T17:09:11.779+0000] {processor.py:830} INFO - Processing file /home/airflow/.local/lib/python3.12/site-packages/airflow/example_dags/example_skip_dag.py for tasks to queue
[2026-09-22T17:09:11.782+0000] {logging_mixin.py:188} INFO - [2026-09-22T17:09:11.781+0000] {dagbag.py:545} INFO - Filling up the DagBag from /home/airflow/.local/lib/python3.12/site-packages/airflow/example_dags/example_skip_dag.py
[2026-09-22T17:09:11.787+0000] {processor.py:840} INFO - DAG(s) 'example_skip_dag' retrieved from /home/airflow/.local/lib/python3.12/site-packages/airflow/example_dags/example_skip_dag.py
[2026-09-22T17:09:11.809+0000] {logging_mixin.py:188} INFO - [2026-09-22T17:09:11.808+0000] {dag.py:3089} INFO - Sync 1 DAGs
[2026-09-22T17:09:11.830+0000] {logging_mixin.py:188} INFO - [2026-09-22T17:09:11.830+0000] {dag.py:3947} INFO - Setting next_dagrun for example_skip_dag to 2026-09-21 00:00:00+00:00, run_after=2026-09-22 00:00:00+00:00
[2026-09-22T17:09:11.850+0000] {processor.py:183} INFO - Processing /home/airflow/.local/lib/python3.12/site-packages/airflow/example_dags/example_skip_dag.py took 0.078 seconds
[2026-09-22T17:09:41.907+0000] {processor.py:161} INFO - Started process (PID=822) to work on /home/airflow/.local/lib/python3.12/site-packages/airflow/example_dags/example_skip_dag.py
[2026-09-22T17:09:41.908+0000] {processor.py:830} INFO - Processing file /home/airflow/.local/lib/python3.12/site-packages/airflow/example_dags/example_skip_dag.py for tasks to queue
[2026-09-22T17:09:41.910+0000] {logging_mixin.py:188} INFO - [2026-09-22T17:09:41.910+0000] {dagbag.py:545} INFO - Filling up the DagBag from /home/airflow/.local/lib/python3.12/site-packages/airflow/example_dags/example_skip_dag.py
[2026-09-22T17:09:41.916+0000] {processor.py:840} INFO - DAG(s) 'example_skip_dag' retrieved from /home/airflow/.local/lib/python3.12/site-packages/airflow/example_dags/example_skip_dag.py
[2026-09-22T17:09:41.936+0000] {logging_mixin.py:188} INFO - [2026-09-22T17:09:41.936+0000] {dag.py:3089} INFO - Sync 1 DAGs
[2026-09-22T17:09:41.955+0000] {logging_mixin.py:188} INFO - [2026-09-22T17:09:41.954+0000] {dag.py:3947} INFO - Setting next_dagrun for example_skip_dag to 2026-09-21 00:00:00+00:00, run_after=2026-09-22 00:00:00+00:00
[2026-09-22T17:09:41.973+0000] {processor.py:183} INFO - Processing /home/airflow/.local/lib/python3.12/site-packages/airflow/example_dags/example_skip_dag.py took 0.071 seconds
[2026-09-22T17:10:12.084+0000] {processor.py:161} INFO - Started process (PID=880) to work on /home/airflow/.local/lib/python3.12/site-packages/airflow/example_dags/example_skip_dag.py
[2026-09-22T17:10:12.085+0000] {processor.py:830} INFO - Processing file /home/airflow/.local/lib/python3.12/site-packages/airflow/example_dags/example_skip_dag.py for tasks to queue
[2026-09-22T17:10:12.087+0000] {logging_mixin.py:188} INFO - [2026-09-22T17:10:12.086+0000] {dagbag.py:545} INFO - Filling up the DagBag from /home/airflow/.local/lib/python3.12/site-packages/airflow/example_dags/example_skip_dag.py
[2026-09-22T17:10:12.092+0000] {processor.py:840} INFO - DAG(s) 'example_skip_dag' retrieved from /home/airflow/.local/lib/python3.12/site-packages/airflow/example_dags/example_skip_dag.py
[2026-09-22T17:10:12.111+0000] {logging_mixin.py:188} INFO - [2026-09-22T17:10:12.111+0000] {dag.py:3089} INFO - Sync 1 DAGs
[2026-09-22T17:10:12.134+0000] {logging_mixin.py:188} INFO - [2026-09-22T17:10:12.133+0000] {dag.py:3947} INFO - Setting next_dagrun for example_skip_dag to 2026-09-21 00:00:00+00:00, run_after=2026-09-22 00:00:00+00:00
[2026-09-22T17:10:12.152+0000] {processor.py:183} INFO - Processing /home/airflow/.local/lib/python3.12/site-packages/airflow/example_dags/example_skip_dag.py took 0.075 seconds
[2026-09-22T17:10:42.209+0000] {processor.py:161} INFO - Started process (PID=938) to work on /home/airflow/.local/lib/python3.12/site-packages/airflow/example_dags/example_skip_dag.py
[2026-09-22T17:10:42.210+0000] {processor.py:830} INFO - Processing file /home/airflow/.local/lib/python3.12/site-packages/airflow/example_dags/example_skip_dag.py for tasks to queue
[2026-09-22T17:10:42.212+0000] {logging_mixin.py:188} INFO - [2026-09-22T17:10:42.212+0000] {dagbag.py:545} INFO - Filling up the DagBag from /home/airflow/.local/lib/python3.12/site-packages/airflow/example_dags/example_skip_dag.py
[2026-09-22T17:10:42.219+0000] {processor.py:840} INFO - DAG(s) 'example_skip_dag' retrieved from /home/airflow/.local/lib/python3.12/site-packages/airflow/example_dags/example_skip_dag.py
[2026-09-22T17:10:42.239+0000] {logging_mixin.py:188} INFO - [2026-09-22T17:10:42.238+0000] {dag.py:3089} INFO - Sync 1 DAGs
[2026-09-22T17:10:42.257+0000] {logging_mixin.py:188} INFO - [2026-09-22T17:10:42.257+0000] {dag.py:3947} INFO - Setting next_dagrun for example_skip_dag to 2026-09-21 00:00:00+00:00, run_after=2026-09-22 00:00:00+00:00
[2026-09-22T17:10:42.280+0000] {processor.py:183} INFO - Processing /home/airflow/.local/lib/python3.12/site-packages/airflow/example_dags/example_skip_dag.py took 0.076 seconds
[2026-09-22T17:11:12.487+0000] {processor.py:161} INFO - Started process (PID=996) to work on /home/airflow/.local/lib/python3.12/site-packages/airflow/example_dags/example_skip_dag.py
[2026-09-22T17:11:12.488+0000] {processor.py:830} INFO - Processing file /home/airflow/.local/lib/python3.12/site-packages/airflow/example_dags/example_skip_dag.py for tasks to queue
[2026-09-22T17:11:12.490+0000] {logging_mixin.py:188} INFO - [2026-09-22T17:11:12.490+0000] {dagbag.py:545} INFO - Filling up the DagBag from /home/airflow/.local/lib/python3.12/site-packages/airflow/example_dags/example_skip_dag.py
[2026-09-22T17:11:12.496+0000] {processor.py:840} INFO - DAG(s) 'example_skip_dag' retrieved from /home/airflow/.local/lib/python3.12/site-packages/airflow/example_dags/example_skip_dag.py
[2026-09-22T17:11:12.522+0000] {logging_mixin.py:188} INFO - [2026-09-22T17:11:12.522+0000] {dag.py:3089} INFO - Sync 1 DAGs
[2026-09-22T17:11:12.542+0000] {logging_mixin.py:188} INFO - [2026-09-22T17:11:12.542+0000] {dag.py:3947} INFO - Setting next_dagrun for example_skip_dag to 2026-09-21 00:00:00+00:00, run_after=2026-09-22 00:00:00+00:00
[2026-09-22T17:11:12.563+0000] {processor.py:183} INFO - Processing /home/airflow/.local/lib/python3.12/site-packages/airflow/example_dags/example_skip_dag.py took 0.082 seconds
[2026-09-22T17:11:42.855+0000] {processor.py:161} INFO - Started process (PID=1054) to work on /home/airflow/.local/lib/python3.12/site-packages/airflow/example_dags/example_skip_dag.py
[2026-09-22T17:11:42.856+0000] {processor.py:830} INFO - Processing file /home/airflow/.local/lib/python3.12/site-packages/airflow/example_dags/example_skip_dag.py for tasks to queue
[2026-09-22T17:11:42.858+0000] {logging_mixin.py:188} INFO - [2026-09-22T17:11:42.858+0000] {dagbag.py:545} INFO - Filling up the DagBag from /home/airflow/.local/lib/python3.12/site-packages/airflow/example_dags/example_skip_dag.py
[2026-09-22T17:11:42.864+0000] {processor.py:840} INFO - DAG(s) 'example_skip_dag' retrieved from /home/airflow/.local/lib/python3.12/site-packages/airflow/example_dags/example_skip_dag.py
[2026-09-22T17:11:42.884+0000] {logging_mixin.py:188} INFO - [2026-09-22T17:11:42.884+0000] {dag.py:3089} INFO - Sync 1 DAGs
[2026-09-22T17:11:42.901+0000] {logging_mixin.py:188} INFO - [2026-09-22T17:11:42.901+0000] {dag.py:3947} INFO - Setting next_dagrun for example_skip_dag to 2026-09-21 00:00:00+00:00, run_after=2026-09-22 00:00:00+00:00
[2026-09-22T17:11:42.920+0000] {processor.py:183} INFO - Processing /home/airflow/.local/lib/python3.12/site-packages/airflow/example_dags/example_skip_dag.py took 0.070 seconds
[2026-09-22T17:12:13.014+0000] {processor.py:161} INFO - Started process (PID=1112) to work on /home/airflow/.local/lib/python3.12/site-packages/airflow/example_dags/example_skip_dag.py
[2026-09-22T17:12:13.015+0000] {processor.py:830} INFO - Processing file /home/airflow/.local/lib/python3.12/site-packages/airflow/example_dags/example_skip_dag.py for tasks to queue
[2026-09-22T17:12:13.017+0000] {logging_mixin.py:188} INFO - [2026-09-22T17:12:13.017+0000] {dagbag.py:545} INFO - Filling up the DagBag from /home/airflow/.local/lib/python3.12/site-packages/airflow/example_dags/example_skip_dag.py
[2026-09-22T17:12:13.023+0000] {processor.py:840} INFO - DAG(s) 'example_skip_dag' retrieved from /home/airflow/.local/lib/python3.12/site-packages/airflow/example_dags/example_skip_dag.py
[2026-09-22T17:12:13.041+0000] {logging_mixin.py:188} INFO - [2026-09-22T17:12:13.041+0000] {dag.py:3089} INFO - Sync 1 DAGs
[2026-09-22T17:12:13.060+0000] {logging_mixin.py:188} INFO - [2026-09-22T17:12:13.059+0000] {dag.py:3947} INFO - Setting next_dagrun for example_skip_dag to 2026-09-21 00:00:00+00:00, run_after=2026-09-22 00:00:00+00:00
[2026-09-22T17:12:13.079+0000] {processor.py:183} INFO - Processing /home/airflow/.local/lib/python3.12/site-packages/airflow/example_dags/example_skip_dag.py took 0.071 seconds
[2026-09-22T17:12:43.309+0000] {processor.py:161} INFO - Started process (PID=1170) to work on /home/airflow/.local/lib/python3.12/site-packages/airflow/example_dags/example_skip_dag.py
[2026-09-22T17:12:43.310+0000] {processor.py:830} INFO - Processing file /home/airflow/.local/lib/python3.12/site-packages/airflow/example_dags/example_skip_dag.py for tasks to queue
[2026-09-22T17:12:43.312+0000] {logging_mixin.py:188} INFO - [2026-09-22T17:12:43.311+0000] {dagbag.py:545} INFO - Filling up the DagBag from /home/airflow/.local/lib/python3.12/site-packages/airflow/example_dags/example_skip_dag.py
[2026-09-22T17:12:43.318+0000] {processor.py:840} INFO - DAG(s) 'example_skip_dag' retrieved from /home/airflow/.local/lib/python3.12/site-packages/airflow/example_dags/example_skip_dag.py
[2026-09-22T17:12:43.337+0000] {logging_mixin.py:188} INFO - [2026-09-22T17:12:43.337+0000] {dag.py:3089} INFO - Sync 1 DAGs
[2026-09-22T17:12:43.355+0000] {logging_mixin.py:188} INFO - [2026-09-22T17:12:43.355+0000] {dag.py:3947} INFO - Setting next_dagrun for example_skip_dag to 2026-09-21 00:00:00+00:00, run_after=2026-09-22 00:00:00+00:00
[2026-09-22T17:12:43.373+0000] {processor.py:183} INFO - Processing /home/airflow/.local/lib/python3.12/site-packages/airflow/example_dags/example_skip_dag.py took 0.070 seconds
[2026-09-22T17:13:13.635+0000] {processor.py:161} INFO - Started process (PID=1228) to work on /home/airflow/.local/lib/python3.12/site-packages/airflow/example_dags/example_skip_dag.py
[2026-09-22T17:13:13.636+0000] {processor.py:830} INFO - Processing file /home/airflow/.local/lib/python3.12/site-packages/airflow/example_dags/example_skip_dag.py for tasks to queue
[2026-09-22T17:13:13.638+0000] {logging_mixin.py:188} INFO - [2026-09-22T17:13:13.638+0000] {dagbag.py:545} INFO - Filling up the DagBag from /home/airflow/.local/lib/python3.12/site-packages/airflow/example_dags/example_skip_dag.py
[2026-09-22T17:13:13.648+0000] {processor.py:840} INFO - DAG(s) 'example_skip_dag' retrieved from /home/airflow/.local/lib/python3.12/site-packages/airflow/example_dags/example_skip_dag.py
[2026-09-22T17:13:13.675+0000] {logging_mixin.py:188} INFO - [2026-09-22T17:13:13.674+0000] {dag.py:3089} INFO - Sync 1 DAGs
[2026-09-22T17:13:13.696+0000] {logging_mixin.py:188} INFO - [2026-09-22T17:13:13.696+0000] {dag.py:3947} INFO - Setting next_dagrun for example_skip_dag to 2026-09-21 00:00:00+00:00, run_after=2026-09-22 00:00:00+00:00
[2026-09-22T17:13:13.720+0000] {processor.py:183} INFO - Processing /home/airflow/.local/lib/python3.12/site-packages/airflow/example_dags/example_skip_dag.py took 0.092 seconds
