[2026-09-22T16:19:29.162+0000] {processor.py:161} INFO - Started process (PID=76) to work on /home/airflow/.local/lib/python3.12/site-packages/airflow/example_dags/example_latest_only_with_trigger.py
[2026-09-22T16:19:29.165+0000] {processor.py:830} INFO - Processing file /home/airflow/.local/lib/python3.12/site-packages/airflow/example_dags/example_latest_only_with_trigger.py for tasks to queue
[2026-09-22T16:19:29.173+0000] {logging_mixin.py:188} INFO - [2026-09-22T16:19:29.172+0000] {dagbag.py:545} INFO - Filling up the DagBag from /home/airflow/.local/lib/python3.12/site-packages/airflow/example_dags/example_latest_only_with_trigger.py
[2026-09-22T16:19:29.209+0000] {processor.py:840} INFO - DAG(s) 'latest_only_with_trigger' retrieved from /home/airflow/.local/lib/python3.12/site-packages/airflow/example_dags/example_latest_only_with_trigger.py
[2026-09-22T16:19:29.509+0000] {logging_mixin.py:188} INFO - [2026-09-22T16:19:29.507+0000] {dag.py:3089} INFO - Sync 1 DAGs
[2026-09-22T16:19:29.566+0000] {logging_mixin.py:188} INFO - [2026-09-22T16:19:29.566+0000] {dag.py:3947} INFO - Setting next_dagrun for latest_only_with_trigger to 2026-09-22 12:00:00+00:00, run_after=2026-09-22 16:00:00+00:00
[2026-09-22T16:19:29.663+0000] {processor.py:183} INFO - Processing /home/airflow/.local/lib/python3.12/site-packages/airflow/example_dags/example_latest_only_with_trigger.py took 0.519 seconds
[2026-09-22T16:20:00.105+0000] {processor.py:161} INFO - Started process (PID=139) to work on /home/airflow/.local/lib/python3.12/site-packages/airflow/example_dags/example_latest_only_with_trigger.py
[2026-09-22T16:20:00.106+0000] {processor.py:830} INFO - Processing file /home/airflow/.local/lib/python3.12/site-packages/airflow/example_dags/example_latest_only_with_trigger.py for tasks to queue
[2026-09-22T16:20:00.110+0000] {logging_mixin.py:188} INFO - [2026-09-22T16:20:00.109+0000] {dagbag.py:545} INFO - Filling up the DagBag from /home/airflow/.local/lib/python3.12/site-packages/airflow/example_dags/example_latest_only_with_trigger.py
[2026-09-22T16:20:00.121+0000] {processor.py:840} INFO - DAG(s) 'latest_only_with_trigger' retrieved from /home/airflow/.local/lib/python3.12/site-packages/airflow/example_dags/example_latest_only_with_trigger.py
[2026-09-22T16:20:00.194+0000] {logging_mixin.py:188} INFO - [2026-09-22T16:20:00.193+0000] {dag.py:3089} INFO - Sync 1 DAGs
[2026-09-22T16:20:00.232+0000] {logging_mixin.py:188} INFO - [2026-09-22T16:20:00.231+0000] {dag.py:3947} INFO - Setting next_dagrun for latest_only_with_trigger to 2026-09-22 12:00:00+00:00, run_after=2026-09-22 16:00:00+00:00
[2026-09-22T16:20:00.266+0000] {processor.py:183} INFO - Processing /home/airflow/.local/lib/python3.12/site-packages/airflow/example_dags/example_latest_only_with_trigger.py took 0.171 seconds
[2026-09-22T16:20:30.577+0000] {processor.py:161} INFO - Started process (PID=196) to work on /home/airflow/.local/lib/python3.12/site-packages/airflow/example_dags/example_latest_only_with_trigger.py
[2026-09-22T16:20:30.579+0000] {processor.py:830} INFO - Processing file /home/airflow/.local/lib/python3.12/site-packages/airflow/example_dags/example_latest_only_with_trigger.py for tasks to queue
[2026-09-22T16:20:30.582+0000] {logging_mixin.py:188} INFO - [2026-09-22T16:20:30.581+0000] {dagbag.py:545} INFO - Filling up the DagBag from /home/airflow/.local/lib/python3.12/site-packages/airflow/example_dags/example_latest_only_with_trigger.py
[2026-09-22T16:20:30.591+0000] {processor.py:840} INFO - DAG(s) 'latest_only_with_trigger' retrieved from /home/airflow/.local/lib/python3.12/site-packages/airflow/example_dags/example_latest_only_with_trigger.py
[2026-09-22T16:20:30.620+0000] {logging_mixin.py:188} INFO - [2026-09-22T16:20:30.619+0000] {dag.py:3089} INFO - Sync 1 DAGs
[2026-09-22T16:20:30.644+0000] {logging_mixin.py:188} INFO - [2026-09-22T16:20:30.644+0000] {dag.py:3947} INFO - Setting next_dagrun for latest_only_with_trigger to 2026-09-22 12:00:00+00:00, run_after=2026-09-22 16:00:00+00:00
[2026-09-22T16:20:30.673+0000] {processor.py:183} INFO - Processing /home/airflow/.local/lib/python3.12/site-packages/airflow/example_dags/example_latest_only_with_trigger.py took 0.108 seconds
[2026-09-22T16:21:00.930+0000] {processor.py:161} INFO - Started process (PID=254) to work on /home/airflow/.local/lib/python3.12/site-packages/airflow/example_dags/example_latest_only_with_trigger.py
[2026-09-22T16:21:00.934+0000] {processor.py:830} INFO - Processing file /home/airflow/.local/lib/python3.12/site-packages/airflow/example_dags/example_latest_only_with_trigger.py for tasks to queue
[2026-09-22T16:21:00.938+0000] {logging_mixin.py:188} INFO - [2026-09-22T16:21:00.938+0000] {dagbag.py:545} INFO - Filling up the DagBag from /home/airflow/.local/lib/python3.12/site-packages/airflow/example_dags/example_latest_only_with_trigger.py
[2026-09-22T16:21:00.951+0000] {processor.py:840} INFO - DAG(s) 'latest_only_with_trigger' retrieved from /home/airflow/.local/lib/python3.12/site-packages/airflow/example_dags/example_latest_only_with_trigger.py
[2026-09-22T16:21:00.983+0000] {logging_mixin.py:188} INFO - [2026-09-22T16:21:00.983+0000] {dag.py:3089} INFO - Sync 1 DAGs
[2026-09-22T16:21:01.012+0000] {logging_mixin.py:188} INFO - [2026-09-22T16:21:01.012+0000] {dag.py:3947} INFO - Setting next_dagrun for latest_only_with_trigger to 2026-09-22 12:00:00+00:00, run_after=2026-09-22 16:00:00+00:00
[2026-09-22T16:21:01.039+0000] {processor.py:183} INFO - Processing /home/airflow/.local/lib/python3.12/site-packages/airflow/example_dags/example_latest_only_with_trigger.py took 0.130 seconds
[2026-09-22T16:21:31.352+0000] {processor.py:161} INFO - Started process (PID=312) to work on /home/airflow/.local/lib/python3.12/site-packages/airflow/example_dags/example_latest_only_with_trigger.py
[2026-09-22T16:21:31.354+0000] {processor.py:830} INFO - Processing file /home/airflow/.local/lib/python3.12/site-packages/airflow/example_dags/example_latest_only_with_trigger.py for tasks to queue
[2026-09-22T16:21:31.357+0000] {logging_mixin.py:188} INFO - [2026-09-22T16:21:31.356+0000] {dagbag.py:545} INFO - Filling up the DagBag from /home/airflow/.local/lib/python3.12/site-packages/airflow/example_dags/example_latest_only_with_trigger.py
[2026-09-22T16:21:31.363+0000] {processor.py:840} INFO - DAG(s) 'latest_only_with_trigger' retrieved from /home/airflow/.local/lib/python3.12/site-packages/airflow/example_dags/example_latest_only_with_trigger.py
[2026-09-22T16:21:31.391+0000] {logging_mixin.py:188} INFO - [2026-09-22T16:21:31.391+0000] {dag.py:3089} INFO - Sync 1 DAGs
[2026-09-22T16:21:31.430+0000] {logging_mixin.py:188} INFO - [2026-09-22T16:21:31.430+0000] {dag.py:3947} INFO - Setting next_dagrun for latest_only_with_trigger to 2026-09-22 12:00:00+00:00, run_after=2026-09-22 16:00:00+00:00
[2026-09-22T16:21:31.516+0000] {processor.py:183} INFO - Processing /home/airflow/.local/lib/python3.12/site-packages/airflow/example_dags/example_latest_only_with_trigger.py took 0.171 seconds
[2026-09-22T16:22:02.578+0000] {processor.py:161} INFO - Started process (PID=370) to work on /home/airflow/.local/lib/python3.12/site-packages/airflow/example_dags/example_latest_only_with_trigger.py
[2026-09-22T16:22:02.580+0000] {processor.py:830} INFO - Processing file /home/airflow/.local/lib/python3.12/site-packages/airflow/example_dags/example_latest_only_with_trigger.py for tasks to queue
[2026-09-22T16:22:02.584+0000] {logging_mixin.py:188} INFO - [2026-09-22T16:22:02.583+0000] {dagbag.py:545} INFO - Filling up the DagBag from /home/airflow/.local/lib/python3.12/site-packages/airflow/example_dags/example_latest_only_with_trigger.py
[2026-09-22T16:22:02.596+0000] {processor.py:840} INFO - DAG(s) 'latest_only_with_trigger' retrieved from /home/airflow/.local/lib/python3.12/site-packages/airflow/example_dags/example_latest_only_with_trigger.py
[2026-09-22T16:22:02.631+0000] {logging_mixin.py:188} INFO - [2026-09-22T16:22:02.631+0000] {dag.py:3089} INFO - Sync 1 DAGs
[2026-09-22T16:22:02.671+0000] {logging_mixin.py:188} INFO - [2026-09-22T16:22:02.671+0000] {dag.py:3947} INFO - Setting next_dagrun for latest_only_with_trigger to 2026-09-22 12:00:00+00:00, run_after=2026-09-22 16:00:00+00:00
[2026-09-22T16:22:02.713+0000] {processor.py:183} INFO - Processing /home/airflow/.local/lib/python3.12/site-packages/airflow/example_dags/example_latest_only_with_trigger.py took 0.148 seconds
[2026-09-22T16:22:33.278+0000] {processor.py:161} INFO - Started process (PID=428) to work on /home/airflow/.local/lib/python3.12/site-packages/airflow/example_dags/example_latest_only_with_trigger.py
[2026-09-22T16:22:33.281+0000] {processor.py:830} INFO - Processing file /home/airflow/.local/lib/python3.12/site-packages/airflow/example_dags/example_latest_only_with_trigger.py for tasks to queue
[2026-09-22T16:22:33.287+0000] {logging_mixin.py:188} INFO - [2026-09-22T16:22:33.285+0000] {dagbag.py:545} INFO - Filling up the DagBag from /home/airflow/.local/lib/python3.12/site-packages/airflow/example_dags/example_latest_only_with_trigger.py
[2026-09-22T16:22:33.304+0000] {processor.py:840} INFO - DAG(s) 'latest_only_with_trigger' retrieved from /home/airflow/.local/lib/python3.12/site-packages/airflow/example_dags/example_latest_only_with_trigger.py
[2026-09-22T16:22:33.356+0000] {logging_mixin.py:188} INFO - [2026-09-22T16:22:33.355+0000] {dag.py:3089} INFO - Sync 1 DAGs
[2026-09-22T16:22:33.406+0000] {logging_mixin.py:188} INFO - [2026-09-22T16:22:33.406+0000] {dag.py:3947} INFO - Setting next_dagrun for latest_only_with_trigger to 2026-09-22 12:00:00+00:00, run_after=2026-09-22 16:00:00+00:00
[2026-09-22T16:22:33.524+0000] {processor.py:183} INFO - Processing /home/airflow/.local/lib/python3.12/site-packages/airflow/example_dags/example_latest_only_with_trigger.py took 0.258 seconds
[2026-09-22T16:23:03.610+0000] {processor.py:161} INFO - Started process (PID=486) to work on /home/airflow/.local/lib/python3.12/site-packages/airflow/example_dags/example_latest_only_with_trigger.py
[2026-09-22T16:23:03.611+0000] {processor.py:830} INFO - Processing file /home/airflow/.local/lib/python3.12/site-packages/airflow/example_dags/example_latest_only_with_trigger.py for tasks to queue
[2026-09-22T16:23:03.614+0000] {logging_mixin.py:188} INFO - [2026-09-22T16:23:03.613+0000] {dagbag.py:545} INFO - Filling up the DagBag from /home/airflow/.local/lib/python3.12/site-packages/airflow/example_dags/example_latest_only_with_trigger.py
[2026-09-22T16:23:03.622+0000] {processor.py:840} INFO - DAG(s) 'latest_only_with_trigger' retrieved from /home/airflow/.local/lib/python3.12/site-packages/airflow/example_dags/example_latest_only_with_trigger.py
[2026-09-22T16:23:03.656+0000] {logging_mixin.py:188} INFO - [2026-09-22T16:23:03.656+0000] {dag.py:3089} INFO - Sync 1 DAGs
[2026-09-22T16:23:03.690+0000] {logging_mixin.py:188} INFO - [2026-09-22T16:23:03.690+0000] {dag.py:3947} INFO - Setting next_dagrun for latest_only_with_trigger to 2026-09-22 12:00:00+00:00, run_after=2026-09-22 16:00:00+00:00
[2026-09-22T16:23:03.775+0000] {processor.py:183} INFO - Processing /home/airflow/.local/lib/python3.12/site-packages/airflow/example_dags/example_latest_only_with_trigger.py took 0.175 seconds
[2026-09-22T16:23:34.090+0000] {processor.py:161} INFO - Started process (PID=544) to work on /home/airflow/.local/lib/python3.12/site-packages/airflow/example_dags/example_latest_only_with_trigger.py
[2026-09-22T16:23:34.092+0000] {processor.py:830} INFO - Processing file /home/airflow/.local/lib/python3.12/site-packages/airflow/example_dags/example_latest_only_with_trigger.py for tasks to queue
[2026-09-22T16:23:34.095+0000] {logging_mixin.py:188} INFO - [2026-09-22T16:23:34.094+0000] {dagbag.py:545} INFO - Filling up the DagBag from /home/airflow/.local/lib/python3.12/site-packages/airflow/example_dags/example_latest_only_with_trigger.py
[2026-09-22T16:23:34.104+0000] {processor.py:840} INFO - DAG(s) 'latest_only_with_trigger' retrieved from /home/airflow/.local/lib/python3.12/site-packages/airflow/example_dags/example_latest_only_with_trigger.py
[2026-09-22T16:23:34.131+0000] {logging_mixin.py:188} INFO - [2026-09-22T16:23:34.130+0000] {dag.py:3089} INFO - Sync 1 DAGs
[2026-09-22T16:23:34.157+0000] {logging_mixin.py:188} INFO - [2026-09-22T16:23:34.157+0000] {dag.py:3947} INFO - Setting next_dagrun for latest_only_with_trigger to 2026-09-22 12:00:00+00:00, run_after=2026-09-22 16:00:00+00:00
[2026-09-22T16:23:34.179+0000] {processor.py:183} INFO - Processing /home/airflow/.local/lib/python3.12/site-packages/airflow/example_dags/example_latest_only_with_trigger.py took 0.101 seconds
[2026-09-22T16:24:04.354+0000] {processor.py:161} INFO - Started process (PID=602) to work on /home/airflow/.local/lib/python3.12/site-packages/airflow/example_dags/example_latest_only_with_trigger.py
[2026-09-22T16:24:04.356+0000] {processor.py:830} INFO - Processing file /home/airflow/.local/lib/python3.12/site-packages/airflow/example_dags/example_latest_only_with_trigger.py for tasks to queue
[2026-09-22T16:24:04.359+0000] {logging_mixin.py:188} INFO - [2026-09-22T16:24:04.358+0000] {dagbag.py:545} INFO - Filling up the DagBag from /home/airflow/.local/lib/python3.12/site-packages/airflow/example_dags/example_latest_only_with_trigger.py
[2026-09-22T16:24:04.366+0000] {processor.py:840} INFO - DAG(s) 'latest_only_with_trigger' retrieved from /home/airflow/.local/lib/python3.12/site-packages/airflow/example_dags/example_latest_only_with_trigger.py
[2026-09-22T16:24:04.396+0000] {logging_mixin.py:188} INFO - [2026-09-22T16:24:04.396+0000] {dag.py:3089} INFO - Sync 1 DAGs
[2026-09-22T16:24:04.423+0000] {logging_mixin.py:188} INFO - [2026-09-22T16:24:04.423+0000] {dag.py:3947} INFO - Setting next_dagrun for latest_only_with_trigger to 2026-09-22 12:00:00+00:00, run_after=2026-09-22 16:00:00+00:00
[2026-09-22T16:24:04.446+0000] {processor.py:183} INFO - Processing /home/airflow/.local/lib/python3.12/site-packages/airflow/example_dags/example_latest_only_with_trigger.py took 0.102 seconds
[2026-09-22T16:24:34.704+0000] {processor.py:161} INFO - Started process (PID=660) to work on /home/airflow/.local/lib/python3.12/site-packages/airflow/example_dags/example_latest_only_with_trigger.py
[2026-09-22T16:24:34.706+0000] {processor.py:830} INFO - Processing file /home/airflow/.local/lib/python3.12/site-packages/airflow/example_dags/example_latest_only_with_trigger.py for tasks to queue
[2026-09-22T16:24:34.708+0000] {logging_mixin.py:188} INFO - [2026-09-22T16:24:34.708+0000] {dagbag.py:545} INFO - Filling up the DagBag from /home/airflow/.local/lib/python3.12/site-packages/airflow/example_dags/example_latest_only_with_trigger.py
[2026-09-22T16:24:34.715+0000] {processor.py:840} INFO - DAG(s) 'latest_only_with_trigger' retrieved from /home/airflow/.local/lib/python3.12/site-packages/airflow/example_dags/example_latest_only_with_trigger.py
[2026-09-22T16:24:34.739+0000] {logging_mixin.py:188} INFO - [2026-09-22T16:24:34.738+0000] {dag.py:3089} INFO - Sync 1 DAGs
[2026-09-22T16:24:34.764+0000] {logging_mixin.py:188} INFO - [2026-09-22T16:24:34.764+0000] {dag.py:3947} INFO - Setting next_dagrun for latest_only_with_trigger to 2026-09-22 12:00:00+00:00, run_after=2026-09-22 16:00:00+00:00
[2026-09-22T16:24:34.794+0000] {processor.py:183} INFO - Processing /home/airflow/.local/lib/python3.12/site-packages/airflow/example_dags/example_latest_only_with_trigger.py took 0.100 seconds
[2026-09-22T16:25:05.243+0000] {processor.py:161} INFO - Started process (PID=718) to work on /home/airflow/.local/lib/python3.12/site-packages/airflow/example_dags/example_latest_only_with_trigger.py
[2026-09-22T16:25:05.245+0000] {processor.py:830} INFO - Processing file /home/airflow/.local/lib/python3.12/site-packages/airflow/example_dags/example_latest_only_with_trigger.py for tasks to queue
[2026-09-22T16:25:05.248+0000] {logging_mixin.py:188} INFO - [2026-09-22T16:25:05.248+0000] {dagbag.py:545} INFO - Filling up the DagBag from /home/airflow/.local/lib/python3.12/site-packages/airflow/example_dags/example_latest_only_with_trigger.py
[2026-09-22T16:25:05.258+0000] {processor.py:840} INFO - DAG(s) 'latest_only_with_trigger' retrieved from /home/airflow/.local/lib/python3.12/site-packages/airflow/example_dags/example_latest_only_with_trigger.py
[2026-09-22T16:25:05.287+0000] {logging_mixin.py:188} INFO - [2026-09-22T16:25:05.286+0000] {dag.py:3089} INFO - Sync 1 DAGs
[2026-09-22T16:25:05.311+0000] {logging_mixin.py:188} INFO - [2026-09-22T16:25:05.310+0000] {dag.py:3947} INFO - Setting next_dagrun for latest_only_with_trigger to 2026-09-22 12:00:00+00:00, run_after=2026-09-22 16:00:00+00:00
[2026-09-22T16:25:05.349+0000] {processor.py:183} INFO - Processing /home/airflow/.local/lib/python3.12/site-packages/airflow/example_dags/example_latest_only_with_trigger.py took 0.115 seconds
[2026-09-22T16:25:35.654+0000] {processor.py:161} INFO - Started process (PID=776) to work on /home/airflow/.local/lib/python3.12/site-packages/airflow/example_dags/example_latest_only_with_trigger.py
[2026-09-22T16:25:35.655+0000] {processor.py:830} INFO - Processing file /home/airflow/.local/lib/python3.12/site-packages/airflow/example_dags/example_latest_only_with_trigger.py for tasks to queue
[2026-09-22T16:25:35.658+0000] {logging_mixin.py:188} INFO - [2026-09-22T16:25:35.657+0000] {dagbag.py:545} INFO - Filling up the DagBag from /home/airflow/.local/lib/python3.12/site-packages/airflow/example_dags/example_latest_only_with_trigger.py
[2026-09-22T16:25:35.664+0000] {processor.py:840} INFO - DAG(s) 'latest_only_with_trigger' retrieved from /home/airflow/.local/lib/python3.12/site-packages/airflow/example_dags/example_latest_only_with_trigger.py
[2026-09-22T16:25:35.688+0000] {logging_mixin.py:188} INFO - [2026-09-22T16:25:35.688+0000] {dag.py:3089} INFO - Sync 1 DAGs
[2026-09-22T16:25:35.713+0000] {logging_mixin.py:188} INFO - [2026-09-22T16:25:35.713+0000] {dag.py:3947} INFO - Setting next_dagrun for latest_only_with_trigger to 2026-09-22 12:00:00+00:00, run_after=2026-09-22 16:00:00+00:00
[2026-09-22T16:25:35.738+0000] {processor.py:183} INFO - Processing /home/airflow/.local/lib/python3.12/site-packages/airflow/example_dags/example_latest_only_with_trigger.py took 0.092 seconds
[2026-09-22T16:26:06.128+0000] {processor.py:161} INFO - Started process (PID=834) to work on /home/airflow/.local/lib/python3.12/site-packages/airflow/example_dags/example_latest_only_with_trigger.py
[2026-09-22T16:26:06.130+0000] {processor.py:830} INFO - Processing file /home/airflow/.local/lib/python3.12/site-packages/airflow/example_dags/example_latest_only_with_trigger.py for tasks to queue
[2026-09-22T16:26:06.133+0000] {logging_mixin.py:188} INFO - [2026-09-22T16:26:06.132+0000] {dagbag.py:545} INFO - Filling up the DagBag from /home/airflow/.local/lib/python3.12/site-packages/airflow/example_dags/example_latest_only_with_trigger.py
[2026-09-22T16:26:06.140+0000] {processor.py:840} INFO - DAG(s) 'latest_only_with_trigger' retrieved from /home/airflow/.local/lib/python3.12/site-packages/airflow/example_dags/example_latest_only_with_trigger.py
[2026-09-22T16:26:06.166+0000] {logging_mixin.py:188} INFO - [2026-09-22T16:26:06.165+0000] {dag.py:3089} INFO - Sync 1 DAGs
[2026-09-22T16:26:06.194+0000] {logging_mixin.py:188} INFO - [2026-09-22T16:26:06.193+0000] {dag.py:3947} INFO - Setting next_dagrun for latest_only_with_trigger to 2026-09-22 12:00:00+00:00, run_after=2026-09-22 16:00:00+00:00
[2026-09-22T16:26:06.219+0000] {processor.py:183} INFO - Processing /home/airflow/.local/lib/python3.12/site-packages/airflow/example_dags/example_latest_only_with_trigger.py took 0.097 seconds
[2026-09-22T16:26:36.576+0000] {processor.py:161} INFO - Started process (PID=892) to work on /home/airflow/.local/lib/python3.12/site-packages/airflow/example_dags/example_latest_only_with_trigger.py
[2026-09-22T16:26:36.578+0000] {processor.py:830} INFO - Processing file /home/airflow/.local/lib/python3.12/site-packages/airflow/example_dags/example_latest_only_with_trigger.py for tasks to queue
[2026-09-22T16:26:36.580+0000] {logging_mixin.py:188} INFO - [2026-09-22T16:26:36.580+0000] {dagbag.py:545} INFO - Filling up the DagBag from /home/airflow/.local/lib/python3.12/site-packages/airflow/example_dags/example_latest_only_with_trigger.py
[2026-09-22T16:26:36.589+0000] {processor.py:840} INFO - DAG(s) 'latest_only_with_trigger' retrieved from /home/airflow/.local/lib/python3.12/site-packages/airflow/example_dags/example_latest_only_with_trigger.py
[2026-09-22T16:26:36.615+0000] {logging_mixin.py:188} INFO - [2026-09-22T16:26:36.615+0000] {dag.py:3089} INFO - Sync 1 DAGs
[2026-09-22T16:26:36.648+0000] {logging_mixin.py:188} INFO - [2026-09-22T16:26:36.648+0000] {dag.py:3947} INFO - Setting next_dagrun for latest_only_with_trigger to 2026-09-22 12:00:00+00:00, run_after=2026-09-22 16:00:00+00:00
[2026-09-22T16:26:36.702+0000] {processor.py:183} INFO - Processing /home/airflow/.local/lib/python3.12/site-packages/airflow/example_dags/example_latest_only_with_trigger.py took 0.134 seconds
[2026-09-22T16:27:07.074+0000] {processor.py:161} INFO - Started process (PID=950) to work on /home/airflow/.local/lib/python3.12/site-packages/airflow/example_dags/example_latest_only_with_trigger.py
[2026-09-22T16:27:07.076+0000] {processor.py:830} INFO - Processing file /home/airflow/.local/lib/python3.12/site-packages/airflow/example_dags/example_latest_only_with_trigger.py for tasks to queue
[2026-09-22T16:27:07.080+0000] {logging_mixin.py:188} INFO - [2026-09-22T16:27:07.079+0000] {dagbag.py:545} INFO - Filling up the DagBag from /home/airflow/.local/lib/python3.12/site-packages/airflow/example_dags/example_latest_only_with_trigger.py
[2026-09-22T16:27:07.099+0000] {processor.py:840} INFO - DAG(s) 'latest_only_with_trigger' retrieved from /home/airflow/.local/lib/python3.12/site-packages/airflow/example_dags/example_latest_only_with_trigger.py
[2026-09-22T16:27:07.138+0000] {logging_mixin.py:188} INFO - [2026-09-22T16:27:07.137+0000] {dag.py:3089} INFO - Sync 1 DAGs
[2026-09-22T16:27:07.174+0000] {logging_mixin.py:188} INFO - [2026-09-22T16:27:07.173+0000] {dag.py:3947} INFO - Setting next_dagrun for latest_only_with_trigger to 2026-09-22 12:00:00+00:00, run_after=2026-09-22 16:00:00+00:00
[2026-09-22T16:27:07.260+0000] {processor.py:183} INFO - Processing /home/airflow/.local/lib/python3.12/site-packages/airflow/example_dags/example_latest_only_with_trigger.py took 0.199 seconds
[2026-09-22T16:27:38.057+0000] {processor.py:161} INFO - Started process (PID=1008) to work on /home/airflow/.local/lib/python3.12/site-packages/airflow/example_dags/example_latest_only_with_trigger.py
[2026-09-22T16:27:38.059+0000] {processor.py:830} INFO - Processing file /home/airflow/.local/lib/python3.12/site-packages/airflow/example_dags/example_latest_only_with_trigger.py for tasks to queue
[2026-09-22T16:27:38.062+0000] {logging_mixin.py:188} INFO - [2026-09-22T16:27:38.061+0000] {dagbag.py:545} INFO - Filling up the DagBag from /home/airflow/.local/lib/python3.12/site-packages/airflow/example_dags/example_latest_only_with_trigger.py
[2026-09-22T16:27:38.069+0000] {processor.py:840} INFO - DAG(s) 'latest_only_with_trigger' retrieved from /home/airflow/.local/lib/python3.12/site-packages/airflow/example_dags/example_latest_only_with_trigger.py
[2026-09-22T16:27:38.096+0000] {logging_mixin.py:188} INFO - [2026-09-22T16:27:38.095+0000] {dag.py:3089} INFO - Sync 1 DAGs
[2026-09-22T16:27:38.122+0000] {logging_mixin.py:188} INFO - [2026-09-22T16:27:38.121+0000] {dag.py:3947} INFO - Setting next_dagrun for latest_only_with_trigger to 2026-09-22 12:00:00+00:00, run_after=2026-09-22 16:00:00+00:00
[2026-09-22T16:27:38.198+0000] {processor.py:183} INFO - Processing /home/airflow/.local/lib/python3.12/site-packages/airflow/example_dags/example_latest_only_with_trigger.py took 0.148 seconds
[2026-09-22T16:28:08.597+0000] {processor.py:161} INFO - Started process (PID=1066) to work on /home/airflow/.local/lib/python3.12/site-packages/airflow/example_dags/example_latest_only_with_trigger.py
[2026-09-22T16:28:08.599+0000] {processor.py:830} INFO - Processing file /home/airflow/.local/lib/python3.12/site-packages/airflow/example_dags/example_latest_only_with_trigger.py for tasks to queue
[2026-09-22T16:28:08.602+0000] {logging_mixin.py:188} INFO - [2026-09-22T16:28:08.601+0000] {dagbag.py:545} INFO - Filling up the DagBag from /home/airflow/.local/lib/python3.12/site-packages/airflow/example_dags/example_latest_only_with_trigger.py
[2026-09-22T16:28:08.609+0000] {processor.py:840} INFO - DAG(s) 'latest_only_with_trigger' retrieved from /home/airflow/.local/lib/python3.12/site-packages/airflow/example_dags/example_latest_only_with_trigger.py
[2026-09-22T16:28:08.636+0000] {logging_mixin.py:188} INFO - [2026-09-22T16:28:08.636+0000] {dag.py:3089} INFO - Sync 1 DAGs
[2026-09-22T16:28:08.661+0000] {logging_mixin.py:188} INFO - [2026-09-22T16:28:08.660+0000] {dag.py:3947} INFO - Setting next_dagrun for latest_only_with_trigger to 2026-09-22 12:00:00+00:00, run_after=2026-09-22 16:00:00+00:00
[2026-09-22T16:28:08.683+0000] {processor.py:183} INFO - Processing /home/airflow/.local/lib/python3.12/site-packages/airflow/example_dags/example_latest_only_with_trigger.py took 0.095 seconds
[2026-09-22T16:28:38.916+0000] {processor.py:161} INFO - Started process (PID=1124) to work on /home/airflow/.local/lib/python3.12/site-packages/airflow/example_dags/example_latest_only_with_trigger.py
[2026-09-22T16:28:38.919+0000] {processor.py:830} INFO - Processing file /home/airflow/.local/lib/python3.12/site-packages/airflow/example_dags/example_latest_only_with_trigger.py for tasks to queue
[2026-09-22T16:28:38.922+0000] {logging_mixin.py:188} INFO - [2026-09-22T16:28:38.922+0000] {dagbag.py:545} INFO - Filling up the DagBag from /home/airflow/.local/lib/python3.12/site-packages/airflow/example_dags/example_latest_only_with_trigger.py
[2026-09-22T16:28:38.933+0000] {processor.py:840} INFO - DAG(s) 'latest_only_with_trigger' retrieved from /home/airflow/.local/lib/python3.12/site-packages/airflow/example_dags/example_latest_only_with_trigger.py
[2026-09-22T16:28:38.963+0000] {logging_mixin.py:188} INFO - [2026-09-22T16:28:38.962+0000] {dag.py:3089} INFO - Sync 1 DAGs
[2026-09-22T16:28:38.995+0000] {logging_mixin.py:188} INFO - [2026-09-22T16:28:38.994+0000] {dag.py:3947} INFO - Setting next_dagrun for latest_only_with_trigger to 2026-09-22 12:00:00+00:00, run_after=2026-09-22 16:00:00+00:00
[2026-09-22T16:28:39.058+0000] {processor.py:183} INFO - Processing /home/airflow/.local/lib/python3.12/site-packages/airflow/example_dags/example_latest_only_with_trigger.py took 0.150 seconds
[2026-09-22T16:29:09.501+0000] {processor.py:161} INFO - Started process (PID=1182) to work on /home/airflow/.local/lib/python3.12/site-packages/airflow/example_dags/example_latest_only_with_trigger.py
[2026-09-22T16:29:09.503+0000] {processor.py:830} INFO - Processing file /home/airflow/.local/lib/python3.12/site-packages/airflow/example_dags/example_latest_only_with_trigger.py for tasks to queue
[2026-09-22T16:29:09.505+0000] {logging_mixin.py:188} INFO - [2026-09-22T16:29:09.505+0000] {dagbag.py:545} INFO - Filling up the DagBag from /home/airflow/.local/lib/python3.12/site-packages/airflow/example_dags/example_latest_only_with_trigger.py
[2026-09-22T16:29:09.512+0000] {processor.py:840} INFO - DAG(s) 'latest_only_with_trigger' retrieved from /home/airflow/.local/lib/python3.12/site-packages/airflow/example_dags/example_latest_only_with_trigger.py
[2026-09-22T16:29:09.540+0000] {logging_mixin.py:188} INFO - [2026-09-22T16:29:09.540+0000] {dag.py:3089} INFO - Sync 1 DAGs
[2026-09-22T16:29:09.566+0000] {logging_mixin.py:188} INFO - [2026-09-22T16:29:09.566+0000] {dag.py:3947} INFO - Setting next_dagrun for latest_only_with_trigger to 2026-09-22 12:00:00+00:00, run_after=2026-09-22 16:00:00+00:00
[2026-09-22T16:29:09.593+0000] {processor.py:183} INFO - Processing /home/airflow/.local/lib/python3.12/site-packages/airflow/example_dags/example_latest_only_with_trigger.py took 0.100 seconds
[2026-09-22T16:29:40.100+0000] {processor.py:161} INFO - Started process (PID=1239) to work on /home/airflow/.local/lib/python3.12/site-packages/airflow/example_dags/example_latest_only_with_trigger.py
[2026-09-22T16:29:40.105+0000] {processor.py:830} INFO - Processing file /home/airflow/.local/lib/python3.12/site-packages/airflow/example_dags/example_latest_only_with_trigger.py for tasks to queue
[2026-09-22T16:29:40.108+0000] {logging_mixin.py:188} INFO - [2026-09-22T16:29:40.108+0000] {dagbag.py:545} INFO - Filling up the DagBag from /home/airflow/.local/lib/python3.12/site-packages/airflow/example_dags/example_latest_only_with_trigger.py
[2026-09-22T16:29:40.121+0000] {processor.py:840} INFO - DAG(s) 'latest_only_with_trigger' retrieved from /home/airflow/.local/lib/python3.12/site-packages/airflow/example_dags/example_latest_only_with_trigger.py
[2026-09-22T16:29:40.151+0000] {logging_mixin.py:188} INFO - [2026-09-22T16:29:40.150+0000] {dag.py:3089} INFO - Sync 1 DAGs
[2026-09-22T16:29:40.190+0000] {logging_mixin.py:188} INFO - [2026-09-22T16:29:40.190+0000] {dag.py:3947} INFO - Setting next_dagrun for latest_only_with_trigger to 2026-09-22 12:00:00+00:00, run_after=2026-09-22 16:00:00+00:00
[2026-09-22T16:29:40.212+0000] {processor.py:183} INFO - Processing /home/airflow/.local/lib/python3.12/site-packages/airflow/example_dags/example_latest_only_with_trigger.py took 0.121 seconds
[2026-09-22T16:30:11.250+0000] {processor.py:161} INFO - Started process (PID=1297) to work on /home/airflow/.local/lib/python3.12/site-packages/airflow/example_dags/example_latest_only_with_trigger.py
[2026-09-22T16:30:11.252+0000] {processor.py:830} INFO - Processing file /home/airflow/.local/lib/python3.12/site-packages/airflow/example_dags/example_latest_only_with_trigger.py for tasks to queue
[2026-09-22T16:30:11.254+0000] {logging_mixin.py:188} INFO - [2026-09-22T16:30:11.254+0000] {dagbag.py:545} INFO - Filling up the DagBag from /home/airflow/.local/lib/python3.12/site-packages/airflow/example_dags/example_latest_only_with_trigger.py
[2026-09-22T16:30:11.261+0000] {processor.py:840} INFO - DAG(s) 'latest_only_with_trigger' retrieved from /home/airflow/.local/lib/python3.12/site-packages/airflow/example_dags/example_latest_only_with_trigger.py
[2026-09-22T16:30:11.296+0000] {logging_mixin.py:188} INFO - [2026-09-22T16:30:11.295+0000] {dag.py:3089} INFO - Sync 1 DAGs
[2026-09-22T16:30:11.341+0000] {logging_mixin.py:188} INFO - [2026-09-22T16:30:11.340+0000] {dag.py:3947} INFO - Setting next_dagrun for latest_only_with_trigger to 2026-09-22 12:00:00+00:00, run_after=2026-09-22 16:00:00+00:00
[2026-09-22T16:30:11.430+0000] {processor.py:183} INFO - Processing /home/airflow/.local/lib/python3.12/site-packages/airflow/example_dags/example_latest_only_with_trigger.py took 0.192 seconds
[2026-09-22T16:30:41.989+0000] {processor.py:161} INFO - Started process (PID=1355) to work on /home/airflow/.local/lib/python3.12/site-packages/airflow/example_dags/example_latest_only_with_trigger.py
[2026-09-22T16:30:41.991+0000] {processor.py:830} INFO - Processing file /home/airflow/.local/lib/python3.12/site-packages/airflow/example_dags/example_latest_only_with_trigger.py for tasks to queue
[2026-09-22T16:30:41.995+0000] {logging_mixin.py:188} INFO - [2026-09-22T16:30:41.994+0000] {dagbag.py:545} INFO - Filling up the DagBag from /home/airflow/.local/lib/python3.12/site-packages/airflow/example_dags/example_latest_only_with_trigger.py
[2026-09-22T16:30:42.004+0000] {processor.py:840} INFO - DAG(s) 'latest_only_with_trigger' retrieved from /home/airflow/.local/lib/python3.12/site-packages/airflow/example_dags/example_latest_only_with_trigger.py
[2026-09-22T16:30:42.048+0000] {logging_mixin.py:188} INFO - [2026-09-22T16:30:42.048+0000] {dag.py:3089} INFO - Sync 1 DAGs
[2026-09-22T16:30:42.112+0000] {logging_mixin.py:188} INFO - [2026-09-22T16:30:42.112+0000] {dag.py:3947} INFO - Setting next_dagrun for latest_only_with_trigger to 2026-09-22 12:00:00+00:00, run_after=2026-09-22 16:00:00+00:00
[2026-09-22T16:30:42.178+0000] {processor.py:183} INFO - Processing /home/airflow/.local/lib/python3.12/site-packages/airflow/example_dags/example_latest_only_with_trigger.py took 0.200 seconds
[2026-09-22T16:31:12.541+0000] {processor.py:161} INFO - Started process (PID=1413) to work on /home/airflow/.local/lib/python3.12/site-packages/airflow/example_dags/example_latest_only_with_trigger.py
[2026-09-22T16:31:12.543+0000] {processor.py:830} INFO - Processing file /home/airflow/.local/lib/python3.12/site-packages/airflow/example_dags/example_latest_only_with_trigger.py for tasks to queue
[2026-09-22T16:31:12.547+0000] {logging_mixin.py:188} INFO - [2026-09-22T16:31:12.547+0000] {dagbag.py:545} INFO - Filling up the DagBag from /home/airflow/.local/lib/python3.12/site-packages/airflow/example_dags/example_latest_only_with_trigger.py
[2026-09-22T16:31:12.557+0000] {processor.py:840} INFO - DAG(s) 'latest_only_with_trigger' retrieved from /home/airflow/.local/lib/python3.12/site-packages/airflow/example_dags/example_latest_only_with_trigger.py
[2026-09-22T16:31:12.585+0000] {logging_mixin.py:188} INFO - [2026-09-22T16:31:12.584+0000] {dag.py:3089} INFO - Sync 1 DAGs
[2026-09-22T16:31:12.622+0000] {logging_mixin.py:188} INFO - [2026-09-22T16:31:12.622+0000] {dag.py:3947} INFO - Setting next_dagrun for latest_only_with_trigger to 2026-09-22 12:00:00+00:00, run_after=2026-09-22 16:00:00+00:00
[2026-09-22T16:31:12.708+0000] {processor.py:183} INFO - Processing /home/airflow/.local/lib/python3.12/site-packages/airflow/example_dags/example_latest_only_with_trigger.py took 0.176 seconds
[2026-09-22T16:31:42.899+0000] {processor.py:161} INFO - Started process (PID=1471) to work on /home/airflow/.local/lib/python3.12/site-packages/airflow/example_dags/example_latest_only_with_trigger.py
[2026-09-22T16:31:42.905+0000] {processor.py:830} INFO - Processing file /home/airflow/.local/lib/python3.12/site-packages/airflow/example_dags/example_latest_only_with_trigger.py for tasks to queue
[2026-09-22T16:31:42.912+0000] {logging_mixin.py:188} INFO - [2026-09-22T16:31:42.911+0000] {dagbag.py:545} INFO - Filling up the DagBag from /home/airflow/.local/lib/python3.12/site-packages/airflow/example_dags/example_latest_only_with_trigger.py
[2026-09-22T16:31:42.924+0000] {processor.py:840} INFO - DAG(s) 'latest_only_with_trigger' retrieved from /home/airflow/.local/lib/python3.12/site-packages/airflow/example_dags/example_latest_only_with_trigger.py
[2026-09-22T16:31:43.026+0000] {logging_mixin.py:188} INFO - [2026-09-22T16:31:43.026+0000] {dag.py:3089} INFO - Sync 1 DAGs
[2026-09-22T16:31:43.089+0000] {logging_mixin.py:188} INFO - [2026-09-22T16:31:43.089+0000] {dag.py:3947} INFO - Setting next_dagrun for latest_only_with_trigger to 2026-09-22 12:00:00+00:00, run_after=2026-09-22 16:00:00+00:00
[2026-09-22T16:31:43.194+0000] {processor.py:183} INFO - Processing /home/airflow/.local/lib/python3.12/site-packages/airflow/example_dags/example_latest_only_with_trigger.py took 0.307 seconds
[2026-09-22T16:32:14.224+0000] {processor.py:161} INFO - Started process (PID=1529) to work on /home/airflow/.local/lib/python3.12/site-packages/airflow/example_dags/example_latest_only_with_trigger.py
[2026-09-22T16:32:14.225+0000] {processor.py:830} INFO - Processing file /home/airflow/.local/lib/python3.12/site-packages/airflow/example_dags/example_latest_only_with_trigger.py for tasks to queue
[2026-09-22T16:32:14.229+0000] {logging_mixin.py:188} INFO - [2026-09-22T16:32:14.228+0000] {dagbag.py:545} INFO - Filling up the DagBag from /home/airflow/.local/lib/python3.12/site-packages/airflow/example_dags/example_latest_only_with_trigger.py
[2026-09-22T16:32:14.238+0000] {processor.py:840} INFO - DAG(s) 'latest_only_with_trigger' retrieved from /home/airflow/.local/lib/python3.12/site-packages/airflow/example_dags/example_latest_only_with_trigger.py
[2026-09-22T16:32:14.277+0000] {logging_mixin.py:188} INFO - [2026-09-22T16:32:14.277+0000] {dag.py:3089} INFO - Sync 1 DAGs
[2026-09-22T16:32:14.319+0000] {logging_mixin.py:188} INFO - [2026-09-22T16:32:14.319+0000] {dag.py:3947} INFO - Setting next_dagrun for latest_only_with_trigger to 2026-09-22 12:00:00+00:00, run_after=2026-09-22 16:00:00+00:00
[2026-09-22T16:32:14.356+0000] {processor.py:183} INFO - Processing /home/airflow/.local/lib/python3.12/site-packages/airflow/example_dags/example_latest_only_with_trigger.py took 0.142 seconds
[2026-09-22T16:32:45.064+0000] {processor.py:161} INFO - Started process (PID=1587) to work on /home/airflow/.local/lib/python3.12/site-packages/airflow/example_dags/example_latest_only_with_trigger.py
[2026-09-22T16:32:45.067+0000] {processor.py:830} INFO - Processing file /home/airflow/.local/lib/python3.12/site-packages/airflow/example_dags/example_latest_only_with_trigger.py for tasks to queue
[2026-09-22T16:32:45.071+0000] {logging_mixin.py:188} INFO - [2026-09-22T16:32:45.071+0000] {dagbag.py:545} INFO - Filling up the DagBag from /home/airflow/.local/lib/python3.12/site-packages/airflow/example_dags/example_latest_only_with_trigger.py
[2026-09-22T16:32:45.079+0000] {processor.py:840} INFO - DAG(s) 'latest_only_with_trigger' retrieved from /home/airflow/.local/lib/python3.12/site-packages/airflow/example_dags/example_latest_only_with_trigger.py
[2026-09-22T16:32:45.113+0000] {logging_mixin.py:188} INFO - [2026-09-22T16:32:45.113+0000] {dag.py:3089} INFO - Sync 1 DAGs
[2026-09-22T16:32:45.143+0000] {logging_mixin.py:188} INFO - [2026-09-22T16:32:45.143+0000] {dag.py:3947} INFO - Setting next_dagrun for latest_only_with_trigger to 2026-09-22 12:00:00+00:00, run_after=2026-09-22 16:00:00+00:00
[2026-09-22T16:32:45.193+0000] {processor.py:183} INFO - Processing /home/airflow/.local/lib/python3.12/site-packages/airflow/example_dags/example_latest_only_with_trigger.py took 0.139 seconds
[2026-09-22T16:33:15.584+0000] {processor.py:161} INFO - Started process (PID=1645) to work on /home/airflow/.local/lib/python3.12/site-packages/airflow/example_dags/example_latest_only_with_trigger.py
[2026-09-22T16:33:15.587+0000] {processor.py:830} INFO - Processing file /home/airflow/.local/lib/python3.12/site-packages/airflow/example_dags/example_latest_only_with_trigger.py for tasks to queue
[2026-09-22T16:33:15.592+0000] {logging_mixin.py:188} INFO - [2026-09-22T16:33:15.591+0000] {dagbag.py:545} INFO - Filling up the DagBag from /home/airflow/.local/lib/python3.12/site-packages/airflow/example_dags/example_latest_only_with_trigger.py
[2026-09-22T16:33:15.606+0000] {processor.py:840} INFO - DAG(s) 'latest_only_with_trigger' retrieved from /home/airflow/.local/lib/python3.12/site-packages/airflow/example_dags/example_latest_only_with_trigger.py
[2026-09-22T16:33:15.647+0000] {logging_mixin.py:188} INFO - [2026-09-22T16:33:15.647+0000] {dag.py:3089} INFO - Sync 1 DAGs
[2026-09-22T16:33:15.682+0000] {logging_mixin.py:188} INFO - [2026-09-22T16:33:15.681+0000] {dag.py:3947} INFO - Setting next_dagrun for latest_only_with_trigger to 2026-09-22 12:00:00+00:00, run_after=2026-09-22 16:00:00+00:00
[2026-09-22T16:33:15.768+0000] {processor.py:183} INFO - Processing /home/airflow/.local/lib/python3.12/site-packages/airflow/example_dags/example_latest_only_with_trigger.py took 0.204 seconds
[2026-09-22T16:33:45.908+0000] {processor.py:161} INFO - Started process (PID=1703) to work on /home/airflow/.local/lib/python3.12/site-packages/airflow/example_dags/example_latest_only_with_trigger.py
[2026-09-22T16:33:45.910+0000] {processor.py:830} INFO - Processing file /home/airflow/.local/lib/python3.12/site-packages/airflow/example_dags/example_latest_only_with_trigger.py for tasks to queue
[2026-09-22T16:33:45.913+0000] {logging_mixin.py:188} INFO - [2026-09-22T16:33:45.913+0000] {dagbag.py:545} INFO - Filling up the DagBag from /home/airflow/.local/lib/python3.12/site-packages/airflow/example_dags/example_latest_only_with_trigger.py
[2026-09-22T16:33:45.920+0000] {processor.py:840} INFO - DAG(s) 'latest_only_with_trigger' retrieved from /home/airflow/.local/lib/python3.12/site-packages/airflow/example_dags/example_latest_only_with_trigger.py
[2026-09-22T16:33:45.947+0000] {logging_mixin.py:188} INFO - [2026-09-22T16:33:45.946+0000] {dag.py:3089} INFO - Sync 1 DAGs
[2026-09-22T16:33:45.973+0000] {logging_mixin.py:188} INFO - [2026-09-22T16:33:45.973+0000] {dag.py:3947} INFO - Setting next_dagrun for latest_only_with_trigger to 2026-09-22 12:00:00+00:00, run_after=2026-09-22 16:00:00+00:00
[2026-09-22T16:33:46.000+0000] {processor.py:183} INFO - Processing /home/airflow/.local/lib/python3.12/site-packages/airflow/example_dags/example_latest_only_with_trigger.py took 0.101 seconds
[2026-09-22T16:34:16.204+0000] {processor.py:161} INFO - Started process (PID=1761) to work on /home/airflow/.local/lib/python3.12/site-packages/airflow/example_dags/example_latest_only_with_trigger.py
[2026-09-22T16:34:16.205+0000] {processor.py:830} INFO - Processing file /home/airflow/.local/lib/python3.12/site-packages/airflow/example_dags/example_latest_only_with_trigger.py for tasks to queue
[2026-09-22T16:34:16.208+0000] {logging_mixin.py:188} INFO - [2026-09-22T16:34:16.207+0000] {dagbag.py:545} INFO - Filling up the DagBag from /home/airflow/.local/lib/python3.12/site-packages/airflow/example_dags/example_latest_only_with_trigger.py
[2026-09-22T16:34:16.215+0000] {processor.py:840} INFO - DAG(s) 'latest_only_with_trigger' retrieved from /home/airflow/.local/lib/python3.12/site-packages/airflow/example_dags/example_latest_only_with_trigger.py
[2026-09-22T16:34:16.241+0000] {logging_mixin.py:188} INFO - [2026-09-22T16:34:16.241+0000] {dag.py:3089} INFO - Sync 1 DAGs
[2026-09-22T16:34:16.270+0000] {logging_mixin.py:188} INFO - [2026-09-22T16:34:16.270+0000] {dag.py:3947} INFO - Setting next_dagrun for latest_only_with_trigger to 2026-09-22 12:00:00+00:00, run_after=2026-09-22 16:00:00+00:00
[2026-09-22T16:34:16.297+0000] {processor.py:183} INFO - Processing /home/airflow/.local/lib/python3.12/site-packages/airflow/example_dags/example_latest_only_with_trigger.py took 0.103 seconds
[2026-09-22T16:34:46.627+0000] {processor.py:161} INFO - Started process (PID=1819) to work on /home/airflow/.local/lib/python3.12/site-packages/airflow/example_dags/example_latest_only_with_trigger.py
[2026-09-22T16:34:46.629+0000] {processor.py:830} INFO - Processing file /home/airflow/.local/lib/python3.12/site-packages/airflow/example_dags/example_latest_only_with_trigger.py for tasks to queue
[2026-09-22T16:34:46.631+0000] {logging_mixin.py:188} INFO - [2026-09-22T16:34:46.631+0000] {dagbag.py:545} INFO - Filling up the DagBag from /home/airflow/.local/lib/python3.12/site-packages/airflow/example_dags/example_latest_only_with_trigger.py
[2026-09-22T16:34:46.638+0000] {processor.py:840} INFO - DAG(s) 'latest_only_with_trigger' retrieved from /home/airflow/.local/lib/python3.12/site-packages/airflow/example_dags/example_latest_only_with_trigger.py
[2026-09-22T16:34:46.663+0000] {logging_mixin.py:188} INFO - [2026-09-22T16:34:46.662+0000] {dag.py:3089} INFO - Sync 1 DAGs
[2026-09-22T16:34:46.698+0000] {logging_mixin.py:188} INFO - [2026-09-22T16:34:46.698+0000] {dag.py:3947} INFO - Setting next_dagrun for latest_only_with_trigger to 2026-09-22 12:00:00+00:00, run_after=2026-09-22 16:00:00+00:00
[2026-09-22T16:34:47.024+0000] {processor.py:183} INFO - Processing /home/airflow/.local/lib/python3.12/site-packages/airflow/example_dags/example_latest_only_with_trigger.py took 0.406 seconds
[2026-09-22T16:35:17.178+0000] {processor.py:161} INFO - Started process (PID=1877) to work on /home/airflow/.local/lib/python3.12/site-packages/airflow/example_dags/example_latest_only_with_trigger.py
[2026-09-22T16:35:17.179+0000] {processor.py:830} INFO - Processing file /home/airflow/.local/lib/python3.12/site-packages/airflow/example_dags/example_latest_only_with_trigger.py for tasks to queue
[2026-09-22T16:35:17.182+0000] {logging_mixin.py:188} INFO - [2026-09-22T16:35:17.182+0000] {dagbag.py:545} INFO - Filling up the DagBag from /home/airflow/.local/lib/python3.12/site-packages/airflow/example_dags/example_latest_only_with_trigger.py
[2026-09-22T16:35:17.190+0000] {processor.py:840} INFO - DAG(s) 'latest_only_with_trigger' retrieved from /home/airflow/.local/lib/python3.12/site-packages/airflow/example_dags/example_latest_only_with_trigger.py
[2026-09-22T16:35:17.224+0000] {logging_mixin.py:188} INFO - [2026-09-22T16:35:17.224+0000] {dag.py:3089} INFO - Sync 1 DAGs
[2026-09-22T16:35:17.256+0000] {logging_mixin.py:188} INFO - [2026-09-22T16:35:17.256+0000] {dag.py:3947} INFO - Setting next_dagrun for latest_only_with_trigger to 2026-09-22 12:00:00+00:00, run_after=2026-09-22 16:00:00+00:00
[2026-09-22T16:35:17.290+0000] {processor.py:183} INFO - Processing /home/airflow/.local/lib/python3.12/site-packages/airflow/example_dags/example_latest_only_with_trigger.py took 0.123 seconds
[2026-09-22T16:35:47.508+0000] {processor.py:161} INFO - Started process (PID=1935) to work on /home/airflow/.local/lib/python3.12/site-packages/airflow/example_dags/example_latest_only_with_trigger.py
[2026-09-22T16:35:47.509+0000] {processor.py:830} INFO - Processing file /home/airflow/.local/lib/python3.12/site-packages/airflow/example_dags/example_latest_only_with_trigger.py for tasks to queue
[2026-09-22T16:35:47.512+0000] {logging_mixin.py:188} INFO - [2026-09-22T16:35:47.512+0000] {dagbag.py:545} INFO - Filling up the DagBag from /home/airflow/.local/lib/python3.12/site-packages/airflow/example_dags/example_latest_only_with_trigger.py
[2026-09-22T16:35:47.522+0000] {processor.py:840} INFO - DAG(s) 'latest_only_with_trigger' retrieved from /home/airflow/.local/lib/python3.12/site-packages/airflow/example_dags/example_latest_only_with_trigger.py
[2026-09-22T16:35:47.557+0000] {logging_mixin.py:188} INFO - [2026-09-22T16:35:47.557+0000] {dag.py:3089} INFO - Sync 1 DAGs
[2026-09-22T16:35:47.587+0000] {logging_mixin.py:188} INFO - [2026-09-22T16:35:47.587+0000] {dag.py:3947} INFO - Setting next_dagrun for latest_only_with_trigger to 2026-09-22 12:00:00+00:00, run_after=2026-09-22 16:00:00+00:00
[2026-09-22T16:35:47.669+0000] {processor.py:183} INFO - Processing /home/airflow/.local/lib/python3.12/site-packages/airflow/example_dags/example_latest_only_with_trigger.py took 0.169 seconds
[2026-09-22T16:36:18.234+0000] {processor.py:161} INFO - Started process (PID=1993) to work on /home/airflow/.local/lib/python3.12/site-packages/airflow/example_dags/example_latest_only_with_trigger.py
[2026-09-22T16:36:18.237+0000] {processor.py:830} INFO - Processing file /home/airflow/.local/lib/python3.12/site-packages/airflow/example_dags/example_latest_only_with_trigger.py for tasks to queue
[2026-09-22T16:36:18.241+0000] {logging_mixin.py:188} INFO - [2026-09-22T16:36:18.240+0000] {dagbag.py:545} INFO - Filling up the DagBag from /home/airflow/.local/lib/python3.12/site-packages/airflow/example_dags/example_latest_only_with_trigger.py
[2026-09-22T16:36:18.251+0000] {processor.py:840} INFO - DAG(s) 'latest_only_with_trigger' retrieved from /home/airflow/.local/lib/python3.12/site-packages/airflow/example_dags/example_latest_only_with_trigger.py
[2026-09-22T16:36:18.284+0000] {logging_mixin.py:188} INFO - [2026-09-22T16:36:18.284+0000] {dag.py:3089} INFO - Sync 1 DAGs
[2026-09-22T16:36:18.320+0000] {logging_mixin.py:188} INFO - [2026-09-22T16:36:18.320+0000] {dag.py:3947} INFO - Setting next_dagrun for latest_only_with_trigger to 2026-09-22 12:00:00+00:00, run_after=2026-09-22 16:00:00+00:00
[2026-09-22T16:36:18.353+0000] {processor.py:183} INFO - Processing /home/airflow/.local/lib/python3.12/site-packages/airflow/example_dags/example_latest_only_with_trigger.py took 0.131 seconds
[2026-09-22T16:36:49.158+0000] {processor.py:161} INFO - Started process (PID=2051) to work on /home/airflow/.local/lib/python3.12/site-packages/airflow/example_dags/example_latest_only_with_trigger.py
[2026-09-22T16:36:49.161+0000] {processor.py:830} INFO - Processing file /home/airflow/.local/lib/python3.12/site-packages/airflow/example_dags/example_latest_only_with_trigger.py for tasks to queue
[2026-09-22T16:36:49.165+0000] {logging_mixin.py:188} INFO - [2026-09-22T16:36:49.164+0000] {dagbag.py:545} INFO - Filling up the DagBag from /home/airflow/.local/lib/python3.12/site-packages/airflow/example_dags/example_latest_only_with_trigger.py
[2026-09-22T16:36:49.175+0000] {processor.py:840} INFO - DAG(s) 'latest_only_with_trigger' retrieved from /home/airflow/.local/lib/python3.12/site-packages/airflow/example_dags/example_latest_only_with_trigger.py
[2026-09-22T16:36:49.212+0000] {logging_mixin.py:188} INFO - [2026-09-22T16:36:49.211+0000] {dag.py:3089} INFO - Sync 1 DAGs
[2026-09-22T16:36:49.246+0000] {logging_mixin.py:188} INFO - [2026-09-22T16:36:49.246+0000] {dag.py:3947} INFO - Setting next_dagrun for latest_only_with_trigger to 2026-09-22 12:00:00+00:00, run_after=2026-09-22 16:00:00+00:00
[2026-09-22T16:36:49.353+0000] {processor.py:183} INFO - Processing /home/airflow/.local/lib/python3.12/site-packages/airflow/example_dags/example_latest_only_with_trigger.py took 0.206 seconds
[2026-09-22T16:37:20.510+0000] {processor.py:161} INFO - Started process (PID=2109) to work on /home/airflow/.local/lib/python3.12/site-packages/airflow/example_dags/example_latest_only_with_trigger.py
[2026-09-22T16:37:20.513+0000] {processor.py:830} INFO - Processing file /home/airflow/.local/lib/python3.12/site-packages/airflow/example_dags/example_latest_only_with_trigger.py for tasks to queue
[2026-09-22T16:37:20.524+0000] {logging_mixin.py:188} INFO - [2026-09-22T16:37:20.523+0000] {dagbag.py:545} INFO - Filling up the DagBag from /home/airflow/.local/lib/python3.12/site-packages/airflow/example_dags/example_latest_only_with_trigger.py
[2026-09-22T16:37:20.536+0000] {processor.py:840} INFO - DAG(s) 'latest_only_with_trigger' retrieved from /home/airflow/.local/lib/python3.12/site-packages/airflow/example_dags/example_latest_only_with_trigger.py
[2026-09-22T16:37:20.573+0000] {logging_mixin.py:188} INFO - [2026-09-22T16:37:20.572+0000] {dag.py:3089} INFO - Sync 1 DAGs
[2026-09-22T16:37:20.614+0000] {logging_mixin.py:188} INFO - [2026-09-22T16:37:20.614+0000] {dag.py:3947} INFO - Setting next_dagrun for latest_only_with_trigger to 2026-09-22 12:00:00+00:00, run_after=2026-09-22 16:00:00+00:00
[2026-09-22T16:37:20.654+0000] {processor.py:183} INFO - Processing /home/airflow/.local/lib/python3.12/site-packages/airflow/example_dags/example_latest_only_with_trigger.py took 0.166 seconds
[2026-09-22T16:37:51.891+0000] {processor.py:161} INFO - Started process (PID=2167) to work on /home/airflow/.local/lib/python3.12/site-packages/airflow/example_dags/example_latest_only_with_trigger.py
[2026-09-22T16:37:51.893+0000] {processor.py:830} INFO - Processing file /home/airflow/.local/lib/python3.12/site-packages/airflow/example_dags/example_latest_only_with_trigger.py for tasks to queue
[2026-09-22T16:37:51.896+0000] {logging_mixin.py:188} INFO - [2026-09-22T16:37:51.895+0000] {dagbag.py:545} INFO - Filling up the DagBag from /home/airflow/.local/lib/python3.12/site-packages/airflow/example_dags/example_latest_only_with_trigger.py
[2026-09-22T16:37:51.906+0000] {processor.py:840} INFO - DAG(s) 'latest_only_with_trigger' retrieved from /home/airflow/.local/lib/python3.12/site-packages/airflow/example_dags/example_latest_only_with_trigger.py
[2026-09-22T16:37:51.943+0000] {logging_mixin.py:188} INFO - [2026-09-22T16:37:51.942+0000] {dag.py:3089} INFO - Sync 1 DAGs
[2026-09-22T16:37:51.994+0000] {logging_mixin.py:188} INFO - [2026-09-22T16:37:51.994+0000] {dag.py:3947} INFO - Setting next_dagrun for latest_only_with_trigger to 2026-09-22 12:00:00+00:00, run_after=2026-09-22 16:00:00+00:00
[2026-09-22T16:37:52.083+0000] {processor.py:183} INFO - Processing /home/airflow/.local/lib/python3.12/site-packages/airflow/example_dags/example_latest_only_with_trigger.py took 0.204 seconds
[2026-09-22T16:38:22.940+0000] {processor.py:161} INFO - Started process (PID=2223) to work on /home/airflow/.local/lib/python3.12/site-packages/airflow/example_dags/example_latest_only_with_trigger.py
[2026-09-22T16:38:22.943+0000] {processor.py:830} INFO - Processing file /home/airflow/.local/lib/python3.12/site-packages/airflow/example_dags/example_latest_only_with_trigger.py for tasks to queue
[2026-09-22T16:38:22.947+0000] {logging_mixin.py:188} INFO - [2026-09-22T16:38:22.946+0000] {dagbag.py:545} INFO - Filling up the DagBag from /home/airflow/.local/lib/python3.12/site-packages/airflow/example_dags/example_latest_only_with_trigger.py
[2026-09-22T16:38:22.956+0000] {processor.py:840} INFO - DAG(s) 'latest_only_with_trigger' retrieved from /home/airflow/.local/lib/python3.12/site-packages/airflow/example_dags/example_latest_only_with_trigger.py
[2026-09-22T16:38:22.998+0000] {logging_mixin.py:188} INFO - [2026-09-22T16:38:22.997+0000] {dag.py:3089} INFO - Sync 1 DAGs
[2026-09-22T16:38:23.246+0000] {logging_mixin.py:188} INFO - [2026-09-22T16:38:23.245+0000] {dag.py:3947} INFO - Setting next_dagrun for latest_only_with_trigger to 2026-09-22 12:00:00+00:00, run_after=2026-09-22 16:00:00+00:00
[2026-09-22T16:38:23.292+0000] {processor.py:183} INFO - Processing /home/airflow/.local/lib/python3.12/site-packages/airflow/example_dags/example_latest_only_with_trigger.py took 0.363 seconds
[2026-09-22T16:41:46.564+0000] {processor.py:161} INFO - Started process (PID=82) to work on /home/airflow/.local/lib/python3.12/site-packages/airflow/example_dags/example_latest_only_with_trigger.py
[2026-09-22T16:41:46.568+0000] {processor.py:830} INFO - Processing file /home/airflow/.local/lib/python3.12/site-packages/airflow/example_dags/example_latest_only_with_trigger.py for tasks to queue
[2026-09-22T16:41:46.571+0000] {logging_mixin.py:188} INFO - [2026-09-22T16:41:46.571+0000] {dagbag.py:545} INFO - Filling up the DagBag from /home/airflow/.local/lib/python3.12/site-packages/airflow/example_dags/example_latest_only_with_trigger.py
[2026-09-22T16:41:46.592+0000] {processor.py:840} INFO - DAG(s) 'latest_only_with_trigger' retrieved from /home/airflow/.local/lib/python3.12/site-packages/airflow/example_dags/example_latest_only_with_trigger.py
[2026-09-22T16:41:46.751+0000] {logging_mixin.py:188} INFO - [2026-09-22T16:41:46.750+0000] {dag.py:3089} INFO - Sync 1 DAGs
[2026-09-22T16:41:46.788+0000] {logging_mixin.py:188} INFO - [2026-09-22T16:41:46.788+0000] {dag.py:3947} INFO - Setting next_dagrun for latest_only_with_trigger to 2026-09-22 12:00:00+00:00, run_after=2026-09-22 16:00:00+00:00
[2026-09-22T16:41:46.849+0000] {processor.py:183} INFO - Processing /home/airflow/.local/lib/python3.12/site-packages/airflow/example_dags/example_latest_only_with_trigger.py took 0.304 seconds
[2026-09-22T16:42:17.448+0000] {processor.py:161} INFO - Started process (PID=140) to work on /home/airflow/.local/lib/python3.12/site-packages/airflow/example_dags/example_latest_only_with_trigger.py
[2026-09-22T16:42:17.450+0000] {processor.py:830} INFO - Processing file /home/airflow/.local/lib/python3.12/site-packages/airflow/example_dags/example_latest_only_with_trigger.py for tasks to queue
[2026-09-22T16:42:17.453+0000] {logging_mixin.py:188} INFO - [2026-09-22T16:42:17.453+0000] {dagbag.py:545} INFO - Filling up the DagBag from /home/airflow/.local/lib/python3.12/site-packages/airflow/example_dags/example_latest_only_with_trigger.py
[2026-09-22T16:42:17.459+0000] {processor.py:840} INFO - DAG(s) 'latest_only_with_trigger' retrieved from /home/airflow/.local/lib/python3.12/site-packages/airflow/example_dags/example_latest_only_with_trigger.py
[2026-09-22T16:42:17.491+0000] {logging_mixin.py:188} INFO - [2026-09-22T16:42:17.491+0000] {dag.py:3089} INFO - Sync 1 DAGs
[2026-09-22T16:42:17.526+0000] {logging_mixin.py:188} INFO - [2026-09-22T16:42:17.525+0000] {dag.py:3947} INFO - Setting next_dagrun for latest_only_with_trigger to 2026-09-22 12:00:00+00:00, run_after=2026-09-22 16:00:00+00:00
[2026-09-22T16:42:17.558+0000] {processor.py:183} INFO - Processing /home/airflow/.local/lib/python3.12/site-packages/airflow/example_dags/example_latest_only_with_trigger.py took 0.119 seconds
[2026-09-22T16:43:47.574+0000] {processor.py:161} INFO - Started process (PID=82) to work on /home/airflow/.local/lib/python3.12/site-packages/airflow/example_dags/example_latest_only_with_trigger.py
[2026-09-22T16:43:47.576+0000] {processor.py:830} INFO - Processing file /home/airflow/.local/lib/python3.12/site-packages/airflow/example_dags/example_latest_only_with_trigger.py for tasks to queue
[2026-09-22T16:43:47.580+0000] {logging_mixin.py:188} INFO - [2026-09-22T16:43:47.579+0000] {dagbag.py:545} INFO - Filling up the DagBag from /home/airflow/.local/lib/python3.12/site-packages/airflow/example_dags/example_latest_only_with_trigger.py
[2026-09-22T16:43:47.594+0000] {processor.py:840} INFO - DAG(s) 'latest_only_with_trigger' retrieved from /home/airflow/.local/lib/python3.12/site-packages/airflow/example_dags/example_latest_only_with_trigger.py
[2026-09-22T16:43:47.820+0000] {logging_mixin.py:188} INFO - [2026-09-22T16:43:47.819+0000] {dag.py:3089} INFO - Sync 1 DAGs
[2026-09-22T16:43:47.856+0000] {logging_mixin.py:188} INFO - [2026-09-22T16:43:47.856+0000] {dag.py:3947} INFO - Setting next_dagrun for latest_only_with_trigger to 2026-09-22 12:00:00+00:00, run_after=2026-09-22 16:00:00+00:00
[2026-09-22T16:43:47.911+0000] {processor.py:183} INFO - Processing /home/airflow/.local/lib/python3.12/site-packages/airflow/example_dags/example_latest_only_with_trigger.py took 0.348 seconds
[2026-09-22T16:44:18.264+0000] {processor.py:161} INFO - Started process (PID=139) to work on /home/airflow/.local/lib/python3.12/site-packages/airflow/example_dags/example_latest_only_with_trigger.py
[2026-09-22T16:44:18.266+0000] {processor.py:830} INFO - Processing file /home/airflow/.local/lib/python3.12/site-packages/airflow/example_dags/example_latest_only_with_trigger.py for tasks to queue
[2026-09-22T16:44:18.269+0000] {logging_mixin.py:188} INFO - [2026-09-22T16:44:18.268+0000] {dagbag.py:545} INFO - Filling up the DagBag from /home/airflow/.local/lib/python3.12/site-packages/airflow/example_dags/example_latest_only_with_trigger.py
[2026-09-22T16:44:18.275+0000] {processor.py:840} INFO - DAG(s) 'latest_only_with_trigger' retrieved from /home/airflow/.local/lib/python3.12/site-packages/airflow/example_dags/example_latest_only_with_trigger.py
[2026-09-22T16:44:18.304+0000] {logging_mixin.py:188} INFO - [2026-09-22T16:44:18.304+0000] {dag.py:3089} INFO - Sync 1 DAGs
[2026-09-22T16:44:18.362+0000] {logging_mixin.py:188} INFO - [2026-09-22T16:44:18.361+0000] {dag.py:3947} INFO - Setting next_dagrun for latest_only_with_trigger to 2026-09-22 12:00:00+00:00, run_after=2026-09-22 16:00:00+00:00
[2026-09-22T16:44:18.404+0000] {processor.py:183} INFO - Processing /home/airflow/.local/lib/python3.12/site-packages/airflow/example_dags/example_latest_only_with_trigger.py took 0.147 seconds
[2026-09-22T16:44:49.251+0000] {processor.py:161} INFO - Started process (PID=203) to work on /home/airflow/.local/lib/python3.12/site-packages/airflow/example_dags/example_latest_only_with_trigger.py
[2026-09-22T16:44:49.253+0000] {processor.py:830} INFO - Processing file /home/airflow/.local/lib/python3.12/site-packages/airflow/example_dags/example_latest_only_with_trigger.py for tasks to queue
[2026-09-22T16:44:49.257+0000] {logging_mixin.py:188} INFO - [2026-09-22T16:44:49.256+0000] {dagbag.py:545} INFO - Filling up the DagBag from /home/airflow/.local/lib/python3.12/site-packages/airflow/example_dags/example_latest_only_with_trigger.py
[2026-09-22T16:44:49.267+0000] {processor.py:840} INFO - DAG(s) 'latest_only_with_trigger' retrieved from /home/airflow/.local/lib/python3.12/site-packages/airflow/example_dags/example_latest_only_with_trigger.py
[2026-09-22T16:44:49.310+0000] {logging_mixin.py:188} INFO - [2026-09-22T16:44:49.310+0000] {dag.py:3089} INFO - Sync 1 DAGs
[2026-09-22T16:44:49.335+0000] {logging_mixin.py:188} INFO - [2026-09-22T16:44:49.335+0000] {dag.py:3947} INFO - Setting next_dagrun for latest_only_with_trigger to 2026-09-22 12:00:00+00:00, run_after=2026-09-22 16:00:00+00:00
[2026-09-22T16:44:49.361+0000] {processor.py:183} INFO - Processing /home/airflow/.local/lib/python3.12/site-packages/airflow/example_dags/example_latest_only_with_trigger.py took 0.120 seconds
[2026-09-22T16:45:19.776+0000] {processor.py:161} INFO - Started process (PID=261) to work on /home/airflow/.local/lib/python3.12/site-packages/airflow/example_dags/example_latest_only_with_trigger.py
[2026-09-22T16:45:19.778+0000] {processor.py:830} INFO - Processing file /home/airflow/.local/lib/python3.12/site-packages/airflow/example_dags/example_latest_only_with_trigger.py for tasks to queue
[2026-09-22T16:45:19.782+0000] {logging_mixin.py:188} INFO - [2026-09-22T16:45:19.781+0000] {dagbag.py:545} INFO - Filling up the DagBag from /home/airflow/.local/lib/python3.12/site-packages/airflow/example_dags/example_latest_only_with_trigger.py
[2026-09-22T16:45:19.792+0000] {processor.py:840} INFO - DAG(s) 'latest_only_with_trigger' retrieved from /home/airflow/.local/lib/python3.12/site-packages/airflow/example_dags/example_latest_only_with_trigger.py
[2026-09-22T16:45:19.826+0000] {logging_mixin.py:188} INFO - [2026-09-22T16:45:19.826+0000] {dag.py:3089} INFO - Sync 1 DAGs
[2026-09-22T16:45:19.858+0000] {logging_mixin.py:188} INFO - [2026-09-22T16:45:19.858+0000] {dag.py:3947} INFO - Setting next_dagrun for latest_only_with_trigger to 2026-09-22 12:00:00+00:00, run_after=2026-09-22 16:00:00+00:00
[2026-09-22T16:45:19.938+0000] {processor.py:183} INFO - Processing /home/airflow/.local/lib/python3.12/site-packages/airflow/example_dags/example_latest_only_with_trigger.py took 0.170 seconds
[2026-09-22T16:45:50.606+0000] {processor.py:161} INFO - Started process (PID=319) to work on /home/airflow/.local/lib/python3.12/site-packages/airflow/example_dags/example_latest_only_with_trigger.py
[2026-09-22T16:45:50.608+0000] {processor.py:830} INFO - Processing file /home/airflow/.local/lib/python3.12/site-packages/airflow/example_dags/example_latest_only_with_trigger.py for tasks to queue
[2026-09-22T16:45:50.612+0000] {logging_mixin.py:188} INFO - [2026-09-22T16:45:50.611+0000] {dagbag.py:545} INFO - Filling up the DagBag from /home/airflow/.local/lib/python3.12/site-packages/airflow/example_dags/example_latest_only_with_trigger.py
[2026-09-22T16:45:50.619+0000] {processor.py:840} INFO - DAG(s) 'latest_only_with_trigger' retrieved from /home/airflow/.local/lib/python3.12/site-packages/airflow/example_dags/example_latest_only_with_trigger.py
[2026-09-22T16:45:50.654+0000] {logging_mixin.py:188} INFO - [2026-09-22T16:45:50.653+0000] {dag.py:3089} INFO - Sync 1 DAGs
[2026-09-22T16:45:50.692+0000] {logging_mixin.py:188} INFO - [2026-09-22T16:45:50.692+0000] {dag.py:3947} INFO - Setting next_dagrun for latest_only_with_trigger to 2026-09-22 12:00:00+00:00, run_after=2026-09-22 16:00:00+00:00
[2026-09-22T16:45:50.734+0000] {processor.py:183} INFO - Processing /home/airflow/.local/lib/python3.12/site-packages/airflow/example_dags/example_latest_only_with_trigger.py took 0.136 seconds
[2026-09-22T16:46:20.960+0000] {processor.py:161} INFO - Started process (PID=377) to work on /home/airflow/.local/lib/python3.12/site-packages/airflow/example_dags/example_latest_only_with_trigger.py
[2026-09-22T16:46:20.962+0000] {processor.py:830} INFO - Processing file /home/airflow/.local/lib/python3.12/site-packages/airflow/example_dags/example_latest_only_with_trigger.py for tasks to queue
[2026-09-22T16:46:20.966+0000] {logging_mixin.py:188} INFO - [2026-09-22T16:46:20.965+0000] {dagbag.py:545} INFO - Filling up the DagBag from /home/airflow/.local/lib/python3.12/site-packages/airflow/example_dags/example_latest_only_with_trigger.py
[2026-09-22T16:46:20.973+0000] {processor.py:840} INFO - DAG(s) 'latest_only_with_trigger' retrieved from /home/airflow/.local/lib/python3.12/site-packages/airflow/example_dags/example_latest_only_with_trigger.py
[2026-09-22T16:46:21.005+0000] {logging_mixin.py:188} INFO - [2026-09-22T16:46:21.004+0000] {dag.py:3089} INFO - Sync 1 DAGs
[2026-09-22T16:46:21.040+0000] {logging_mixin.py:188} INFO - [2026-09-22T16:46:21.039+0000] {dag.py:3947} INFO - Setting next_dagrun for latest_only_with_trigger to 2026-09-22 12:00:00+00:00, run_after=2026-09-22 16:00:00+00:00
[2026-09-22T16:46:21.124+0000] {processor.py:183} INFO - Processing /home/airflow/.local/lib/python3.12/site-packages/airflow/example_dags/example_latest_only_with_trigger.py took 0.174 seconds
[2026-09-22T16:46:52.230+0000] {processor.py:161} INFO - Started process (PID=435) to work on /home/airflow/.local/lib/python3.12/site-packages/airflow/example_dags/example_latest_only_with_trigger.py
[2026-09-22T16:46:52.232+0000] {processor.py:830} INFO - Processing file /home/airflow/.local/lib/python3.12/site-packages/airflow/example_dags/example_latest_only_with_trigger.py for tasks to queue
[2026-09-22T16:46:52.238+0000] {logging_mixin.py:188} INFO - [2026-09-22T16:46:52.235+0000] {dagbag.py:545} INFO - Filling up the DagBag from /home/airflow/.local/lib/python3.12/site-packages/airflow/example_dags/example_latest_only_with_trigger.py
[2026-09-22T16:46:52.248+0000] {processor.py:840} INFO - DAG(s) 'latest_only_with_trigger' retrieved from /home/airflow/.local/lib/python3.12/site-packages/airflow/example_dags/example_latest_only_with_trigger.py
[2026-09-22T16:46:52.282+0000] {logging_mixin.py:188} INFO - [2026-09-22T16:46:52.282+0000] {dag.py:3089} INFO - Sync 1 DAGs
[2026-09-22T16:46:52.310+0000] {logging_mixin.py:188} INFO - [2026-09-22T16:46:52.310+0000] {dag.py:3947} INFO - Setting next_dagrun for latest_only_with_trigger to 2026-09-22 12:00:00+00:00, run_after=2026-09-22 16:00:00+00:00
[2026-09-22T16:46:52.359+0000] {processor.py:183} INFO - Processing /home/airflow/.local/lib/python3.12/site-packages/airflow/example_dags/example_latest_only_with_trigger.py took 0.140 seconds
[2026-09-22T16:47:22.485+0000] {processor.py:161} INFO - Started process (PID=493) to work on /home/airflow/.local/lib/python3.12/site-packages/airflow/example_dags/example_latest_only_with_trigger.py
[2026-09-22T16:47:22.487+0000] {processor.py:830} INFO - Processing file /home/airflow/.local/lib/python3.12/site-packages/airflow/example_dags/example_latest_only_with_trigger.py for tasks to queue
[2026-09-22T16:47:22.489+0000] {logging_mixin.py:188} INFO - [2026-09-22T16:47:22.489+0000] {dagbag.py:545} INFO - Filling up the DagBag from /home/airflow/.local/lib/python3.12/site-packages/airflow/example_dags/example_latest_only_with_trigger.py
[2026-09-22T16:47:22.502+0000] {processor.py:840} INFO - DAG(s) 'latest_only_with_trigger' retrieved from /home/airflow/.local/lib/python3.12/site-packages/airflow/example_dags/example_latest_only_with_trigger.py
[2026-09-22T16:47:22.539+0000] {logging_mixin.py:188} INFO - [2026-09-22T16:47:22.538+0000] {dag.py:3089} INFO - Sync 1 DAGs
[2026-09-22T16:47:22.576+0000] {logging_mixin.py:188} INFO - [2026-09-22T16:47:22.576+0000] {dag.py:3947} INFO - Setting next_dagrun for latest_only_with_trigger to 2026-09-22 12:00:00+00:00, run_after=2026-09-22 16:00:00+00:00
[2026-09-22T16:47:22.667+0000] {processor.py:183} INFO - Processing /home/airflow/.local/lib/python3.12/site-packages/airflow/example_dags/example_latest_only_with_trigger.py took 0.194 seconds
[2026-09-22T16:47:53.119+0000] {processor.py:161} INFO - Started process (PID=551) to work on /home/airflow/.local/lib/python3.12/site-packages/airflow/example_dags/example_latest_only_with_trigger.py
[2026-09-22T16:47:53.121+0000] {processor.py:830} INFO - Processing file /home/airflow/.local/lib/python3.12/site-packages/airflow/example_dags/example_latest_only_with_trigger.py for tasks to queue
[2026-09-22T16:47:53.124+0000] {logging_mixin.py:188} INFO - [2026-09-22T16:47:53.124+0000] {dagbag.py:545} INFO - Filling up the DagBag from /home/airflow/.local/lib/python3.12/site-packages/airflow/example_dags/example_latest_only_with_trigger.py
[2026-09-22T16:47:53.133+0000] {processor.py:840} INFO - DAG(s) 'latest_only_with_trigger' retrieved from /home/airflow/.local/lib/python3.12/site-packages/airflow/example_dags/example_latest_only_with_trigger.py
[2026-09-22T16:47:53.167+0000] {logging_mixin.py:188} INFO - [2026-09-22T16:47:53.166+0000] {dag.py:3089} INFO - Sync 1 DAGs
[2026-09-22T16:47:53.222+0000] {logging_mixin.py:188} INFO - [2026-09-22T16:47:53.222+0000] {dag.py:3947} INFO - Setting next_dagrun for latest_only_with_trigger to 2026-09-22 12:00:00+00:00, run_after=2026-09-22 16:00:00+00:00
[2026-09-22T16:47:53.293+0000] {processor.py:183} INFO - Processing /home/airflow/.local/lib/python3.12/site-packages/airflow/example_dags/example_latest_only_with_trigger.py took 0.185 seconds
[2026-09-22T16:48:23.763+0000] {processor.py:161} INFO - Started process (PID=609) to work on /home/airflow/.local/lib/python3.12/site-packages/airflow/example_dags/example_latest_only_with_trigger.py
[2026-09-22T16:48:23.765+0000] {processor.py:830} INFO - Processing file /home/airflow/.local/lib/python3.12/site-packages/airflow/example_dags/example_latest_only_with_trigger.py for tasks to queue
[2026-09-22T16:48:23.769+0000] {logging_mixin.py:188} INFO - [2026-09-22T16:48:23.769+0000] {dagbag.py:545} INFO - Filling up the DagBag from /home/airflow/.local/lib/python3.12/site-packages/airflow/example_dags/example_latest_only_with_trigger.py
[2026-09-22T16:48:23.782+0000] {processor.py:840} INFO - DAG(s) 'latest_only_with_trigger' retrieved from /home/airflow/.local/lib/python3.12/site-packages/airflow/example_dags/example_latest_only_with_trigger.py
[2026-09-22T16:48:23.819+0000] {logging_mixin.py:188} INFO - [2026-09-22T16:48:23.818+0000] {dag.py:3089} INFO - Sync 1 DAGs
[2026-09-22T16:48:23.859+0000] {logging_mixin.py:188} INFO - [2026-09-22T16:48:23.858+0000] {dag.py:3947} INFO - Setting next_dagrun for latest_only_with_trigger to 2026-09-22 12:00:00+00:00, run_after=2026-09-22 16:00:00+00:00
[2026-09-22T16:48:23.952+0000] {processor.py:183} INFO - Processing /home/airflow/.local/lib/python3.12/site-packages/airflow/example_dags/example_latest_only_with_trigger.py took 0.207 seconds
[2026-09-22T16:48:54.934+0000] {processor.py:161} INFO - Started process (PID=667) to work on /home/airflow/.local/lib/python3.12/site-packages/airflow/example_dags/example_latest_only_with_trigger.py
[2026-09-22T16:48:54.936+0000] {processor.py:830} INFO - Processing file /home/airflow/.local/lib/python3.12/site-packages/airflow/example_dags/example_latest_only_with_trigger.py for tasks to queue
[2026-09-22T16:48:54.939+0000] {logging_mixin.py:188} INFO - [2026-09-22T16:48:54.938+0000] {dagbag.py:545} INFO - Filling up the DagBag from /home/airflow/.local/lib/python3.12/site-packages/airflow/example_dags/example_latest_only_with_trigger.py
[2026-09-22T16:48:54.947+0000] {processor.py:840} INFO - DAG(s) 'latest_only_with_trigger' retrieved from /home/airflow/.local/lib/python3.12/site-packages/airflow/example_dags/example_latest_only_with_trigger.py
[2026-09-22T16:48:54.982+0000] {logging_mixin.py:188} INFO - [2026-09-22T16:48:54.982+0000] {dag.py:3089} INFO - Sync 1 DAGs
[2026-09-22T16:48:55.019+0000] {logging_mixin.py:188} INFO - [2026-09-22T16:48:55.018+0000] {dag.py:3947} INFO - Setting next_dagrun for latest_only_with_trigger to 2026-09-22 12:00:00+00:00, run_after=2026-09-22 16:00:00+00:00
[2026-09-22T16:48:55.051+0000] {processor.py:183} INFO - Processing /home/airflow/.local/lib/python3.12/site-packages/airflow/example_dags/example_latest_only_with_trigger.py took 0.127 seconds
[2026-09-22T16:49:25.677+0000] {processor.py:161} INFO - Started process (PID=726) to work on /home/airflow/.local/lib/python3.12/site-packages/airflow/example_dags/example_latest_only_with_trigger.py
[2026-09-22T16:49:25.678+0000] {processor.py:830} INFO - Processing file /home/airflow/.local/lib/python3.12/site-packages/airflow/example_dags/example_latest_only_with_trigger.py for tasks to queue
[2026-09-22T16:49:25.682+0000] {logging_mixin.py:188} INFO - [2026-09-22T16:49:25.682+0000] {dagbag.py:545} INFO - Filling up the DagBag from /home/airflow/.local/lib/python3.12/site-packages/airflow/example_dags/example_latest_only_with_trigger.py
[2026-09-22T16:49:25.695+0000] {processor.py:840} INFO - DAG(s) 'latest_only_with_trigger' retrieved from /home/airflow/.local/lib/python3.12/site-packages/airflow/example_dags/example_latest_only_with_trigger.py
[2026-09-22T16:49:25.740+0000] {logging_mixin.py:188} INFO - [2026-09-22T16:49:25.739+0000] {dag.py:3089} INFO - Sync 1 DAGs
[2026-09-22T16:49:25.786+0000] {logging_mixin.py:188} INFO - [2026-09-22T16:49:25.786+0000] {dag.py:3947} INFO - Setting next_dagrun for latest_only_with_trigger to 2026-09-22 12:00:00+00:00, run_after=2026-09-22 16:00:00+00:00
[2026-09-22T16:49:25.889+0000] {processor.py:183} INFO - Processing /home/airflow/.local/lib/python3.12/site-packages/airflow/example_dags/example_latest_only_with_trigger.py took 0.223 seconds
[2026-09-22T16:49:56.155+0000] {processor.py:161} INFO - Started process (PID=784) to work on /home/airflow/.local/lib/python3.12/site-packages/airflow/example_dags/example_latest_only_with_trigger.py
[2026-09-22T16:49:56.158+0000] {processor.py:830} INFO - Processing file /home/airflow/.local/lib/python3.12/site-packages/airflow/example_dags/example_latest_only_with_trigger.py for tasks to queue
[2026-09-22T16:49:56.162+0000] {logging_mixin.py:188} INFO - [2026-09-22T16:49:56.161+0000] {dagbag.py:545} INFO - Filling up the DagBag from /home/airflow/.local/lib/python3.12/site-packages/airflow/example_dags/example_latest_only_with_trigger.py
[2026-09-22T16:49:56.173+0000] {processor.py:840} INFO - DAG(s) 'latest_only_with_trigger' retrieved from /home/airflow/.local/lib/python3.12/site-packages/airflow/example_dags/example_latest_only_with_trigger.py
[2026-09-22T16:49:56.214+0000] {logging_mixin.py:188} INFO - [2026-09-22T16:49:56.214+0000] {dag.py:3089} INFO - Sync 1 DAGs
[2026-09-22T16:49:56.259+0000] {logging_mixin.py:188} INFO - [2026-09-22T16:49:56.258+0000] {dag.py:3947} INFO - Setting next_dagrun for latest_only_with_trigger to 2026-09-22 12:00:00+00:00, run_after=2026-09-22 16:00:00+00:00
[2026-09-22T16:49:56.343+0000] {processor.py:183} INFO - Processing /home/airflow/.local/lib/python3.12/site-packages/airflow/example_dags/example_latest_only_with_trigger.py took 0.200 seconds
[2026-09-22T16:50:26.472+0000] {processor.py:161} INFO - Started process (PID=843) to work on /home/airflow/.local/lib/python3.12/site-packages/airflow/example_dags/example_latest_only_with_trigger.py
[2026-09-22T16:50:26.476+0000] {processor.py:830} INFO - Processing file /home/airflow/.local/lib/python3.12/site-packages/airflow/example_dags/example_latest_only_with_trigger.py for tasks to queue
[2026-09-22T16:50:26.481+0000] {logging_mixin.py:188} INFO - [2026-09-22T16:50:26.479+0000] {dagbag.py:545} INFO - Filling up the DagBag from /home/airflow/.local/lib/python3.12/site-packages/airflow/example_dags/example_latest_only_with_trigger.py
[2026-09-22T16:50:26.493+0000] {processor.py:840} INFO - DAG(s) 'latest_only_with_trigger' retrieved from /home/airflow/.local/lib/python3.12/site-packages/airflow/example_dags/example_latest_only_with_trigger.py
[2026-09-22T16:50:26.533+0000] {logging_mixin.py:188} INFO - [2026-09-22T16:50:26.531+0000] {dag.py:3089} INFO - Sync 1 DAGs
[2026-09-22T16:50:26.576+0000] {logging_mixin.py:188} INFO - [2026-09-22T16:50:26.576+0000] {dag.py:3947} INFO - Setting next_dagrun for latest_only_with_trigger to 2026-09-22 12:00:00+00:00, run_after=2026-09-22 16:00:00+00:00
[2026-09-22T16:50:26.691+0000] {processor.py:183} INFO - Processing /home/airflow/.local/lib/python3.12/site-packages/airflow/example_dags/example_latest_only_with_trigger.py took 0.232 seconds
[2026-09-22T16:50:57.296+0000] {processor.py:161} INFO - Started process (PID=901) to work on /home/airflow/.local/lib/python3.12/site-packages/airflow/example_dags/example_latest_only_with_trigger.py
[2026-09-22T16:50:57.298+0000] {processor.py:830} INFO - Processing file /home/airflow/.local/lib/python3.12/site-packages/airflow/example_dags/example_latest_only_with_trigger.py for tasks to queue
[2026-09-22T16:50:57.304+0000] {logging_mixin.py:188} INFO - [2026-09-22T16:50:57.304+0000] {dagbag.py:545} INFO - Filling up the DagBag from /home/airflow/.local/lib/python3.12/site-packages/airflow/example_dags/example_latest_only_with_trigger.py
[2026-09-22T16:50:57.322+0000] {processor.py:840} INFO - DAG(s) 'latest_only_with_trigger' retrieved from /home/airflow/.local/lib/python3.12/site-packages/airflow/example_dags/example_latest_only_with_trigger.py
[2026-09-22T16:50:57.389+0000] {logging_mixin.py:188} INFO - [2026-09-22T16:50:57.385+0000] {dag.py:3089} INFO - Sync 1 DAGs
[2026-09-22T16:50:57.475+0000] {logging_mixin.py:188} INFO - [2026-09-22T16:50:57.475+0000] {dag.py:3947} INFO - Setting next_dagrun for latest_only_with_trigger to 2026-09-22 12:00:00+00:00, run_after=2026-09-22 16:00:00+00:00
[2026-09-22T16:50:57.541+0000] {processor.py:183} INFO - Processing /home/airflow/.local/lib/python3.12/site-packages/airflow/example_dags/example_latest_only_with_trigger.py took 0.267 seconds
[2026-09-22T16:51:27.741+0000] {processor.py:161} INFO - Started process (PID=959) to work on /home/airflow/.local/lib/python3.12/site-packages/airflow/example_dags/example_latest_only_with_trigger.py
[2026-09-22T16:51:27.743+0000] {processor.py:830} INFO - Processing file /home/airflow/.local/lib/python3.12/site-packages/airflow/example_dags/example_latest_only_with_trigger.py for tasks to queue
[2026-09-22T16:51:27.748+0000] {logging_mixin.py:188} INFO - [2026-09-22T16:51:27.747+0000] {dagbag.py:545} INFO - Filling up the DagBag from /home/airflow/.local/lib/python3.12/site-packages/airflow/example_dags/example_latest_only_with_trigger.py
[2026-09-22T16:51:27.759+0000] {processor.py:840} INFO - DAG(s) 'latest_only_with_trigger' retrieved from /home/airflow/.local/lib/python3.12/site-packages/airflow/example_dags/example_latest_only_with_trigger.py
[2026-09-22T16:51:27.809+0000] {logging_mixin.py:188} INFO - [2026-09-22T16:51:27.808+0000] {dag.py:3089} INFO - Sync 1 DAGs
[2026-09-22T16:51:27.866+0000] {logging_mixin.py:188} INFO - [2026-09-22T16:51:27.864+0000] {dag.py:3947} INFO - Setting next_dagrun for latest_only_with_trigger to 2026-09-22 12:00:00+00:00, run_after=2026-09-22 16:00:00+00:00
[2026-09-22T16:51:27.930+0000] {processor.py:183} INFO - Processing /home/airflow/.local/lib/python3.12/site-packages/airflow/example_dags/example_latest_only_with_trigger.py took 0.202 seconds
[2026-09-22T16:52:22.578+0000] {processor.py:161} INFO - Started process (PID=1009) to work on /home/airflow/.local/lib/python3.12/site-packages/airflow/example_dags/example_latest_only_with_trigger.py
[2026-09-22T16:52:22.581+0000] {processor.py:830} INFO - Processing file /home/airflow/.local/lib/python3.12/site-packages/airflow/example_dags/example_latest_only_with_trigger.py for tasks to queue
[2026-09-22T16:52:22.584+0000] {logging_mixin.py:188} INFO - [2026-09-22T16:52:22.583+0000] {dagbag.py:545} INFO - Filling up the DagBag from /home/airflow/.local/lib/python3.12/site-packages/airflow/example_dags/example_latest_only_with_trigger.py
[2026-09-22T16:52:22.593+0000] {processor.py:840} INFO - DAG(s) 'latest_only_with_trigger' retrieved from /home/airflow/.local/lib/python3.12/site-packages/airflow/example_dags/example_latest_only_with_trigger.py
[2026-09-22T16:52:22.627+0000] {logging_mixin.py:188} INFO - [2026-09-22T16:52:22.626+0000] {dag.py:3089} INFO - Sync 1 DAGs
[2026-09-22T16:52:22.666+0000] {logging_mixin.py:188} INFO - [2026-09-22T16:52:22.666+0000] {dag.py:3947} INFO - Setting next_dagrun for latest_only_with_trigger to 2026-09-22 12:00:00+00:00, run_after=2026-09-22 16:00:00+00:00
[2026-09-22T16:52:22.698+0000] {processor.py:183} INFO - Processing /home/airflow/.local/lib/python3.12/site-packages/airflow/example_dags/example_latest_only_with_trigger.py took 0.129 seconds
[2026-09-22T16:52:52.825+0000] {processor.py:161} INFO - Started process (PID=1067) to work on /home/airflow/.local/lib/python3.12/site-packages/airflow/example_dags/example_latest_only_with_trigger.py
[2026-09-22T16:52:52.826+0000] {processor.py:830} INFO - Processing file /home/airflow/.local/lib/python3.12/site-packages/airflow/example_dags/example_latest_only_with_trigger.py for tasks to queue
[2026-09-22T16:52:52.828+0000] {logging_mixin.py:188} INFO - [2026-09-22T16:52:52.828+0000] {dagbag.py:545} INFO - Filling up the DagBag from /home/airflow/.local/lib/python3.12/site-packages/airflow/example_dags/example_latest_only_with_trigger.py
[2026-09-22T16:52:52.833+0000] {processor.py:840} INFO - DAG(s) 'latest_only_with_trigger' retrieved from /home/airflow/.local/lib/python3.12/site-packages/airflow/example_dags/example_latest_only_with_trigger.py
[2026-09-22T16:52:52.859+0000] {logging_mixin.py:188} INFO - [2026-09-22T16:52:52.858+0000] {dag.py:3089} INFO - Sync 1 DAGs
[2026-09-22T16:52:52.882+0000] {logging_mixin.py:188} INFO - [2026-09-22T16:52:52.882+0000] {dag.py:3947} INFO - Setting next_dagrun for latest_only_with_trigger to 2026-09-22 12:00:00+00:00, run_after=2026-09-22 16:00:00+00:00
[2026-09-22T16:52:52.906+0000] {processor.py:183} INFO - Processing /home/airflow/.local/lib/python3.12/site-packages/airflow/example_dags/example_latest_only_with_trigger.py took 0.089 seconds
[2026-09-22T16:53:23.136+0000] {processor.py:161} INFO - Started process (PID=1125) to work on /home/airflow/.local/lib/python3.12/site-packages/airflow/example_dags/example_latest_only_with_trigger.py
[2026-09-22T16:53:23.137+0000] {processor.py:830} INFO - Processing file /home/airflow/.local/lib/python3.12/site-packages/airflow/example_dags/example_latest_only_with_trigger.py for tasks to queue
[2026-09-22T16:53:23.139+0000] {logging_mixin.py:188} INFO - [2026-09-22T16:53:23.139+0000] {dagbag.py:545} INFO - Filling up the DagBag from /home/airflow/.local/lib/python3.12/site-packages/airflow/example_dags/example_latest_only_with_trigger.py
[2026-09-22T16:53:23.144+0000] {processor.py:840} INFO - DAG(s) 'latest_only_with_trigger' retrieved from /home/airflow/.local/lib/python3.12/site-packages/airflow/example_dags/example_latest_only_with_trigger.py
[2026-09-22T16:53:23.164+0000] {logging_mixin.py:188} INFO - [2026-09-22T16:53:23.163+0000] {dag.py:3089} INFO - Sync 1 DAGs
[2026-09-22T16:53:23.182+0000] {logging_mixin.py:188} INFO - [2026-09-22T16:53:23.182+0000] {dag.py:3947} INFO - Setting next_dagrun for latest_only_with_trigger to 2026-09-22 12:00:00+00:00, run_after=2026-09-22 16:00:00+00:00
[2026-09-22T16:53:23.203+0000] {processor.py:183} INFO - Processing /home/airflow/.local/lib/python3.12/site-packages/airflow/example_dags/example_latest_only_with_trigger.py took 0.072 seconds
[2026-09-22T16:53:53.403+0000] {processor.py:161} INFO - Started process (PID=1183) to work on /home/airflow/.local/lib/python3.12/site-packages/airflow/example_dags/example_latest_only_with_trigger.py
[2026-09-22T16:53:53.405+0000] {processor.py:830} INFO - Processing file /home/airflow/.local/lib/python3.12/site-packages/airflow/example_dags/example_latest_only_with_trigger.py for tasks to queue
[2026-09-22T16:53:53.407+0000] {logging_mixin.py:188} INFO - [2026-09-22T16:53:53.406+0000] {dagbag.py:545} INFO - Filling up the DagBag from /home/airflow/.local/lib/python3.12/site-packages/airflow/example_dags/example_latest_only_with_trigger.py
[2026-09-22T16:53:53.411+0000] {processor.py:840} INFO - DAG(s) 'latest_only_with_trigger' retrieved from /home/airflow/.local/lib/python3.12/site-packages/airflow/example_dags/example_latest_only_with_trigger.py
[2026-09-22T16:53:53.436+0000] {logging_mixin.py:188} INFO - [2026-09-22T16:53:53.435+0000] {dag.py:3089} INFO - Sync 1 DAGs
[2026-09-22T16:53:53.455+0000] {logging_mixin.py:188} INFO - [2026-09-22T16:53:53.455+0000] {dag.py:3947} INFO - Setting next_dagrun for latest_only_with_trigger to 2026-09-22 12:00:00+00:00, run_after=2026-09-22 16:00:00+00:00
[2026-09-22T16:53:53.477+0000] {processor.py:183} INFO - Processing /home/airflow/.local/lib/python3.12/site-packages/airflow/example_dags/example_latest_only_with_trigger.py took 0.080 seconds
[2026-09-22T16:54:23.582+0000] {processor.py:161} INFO - Started process (PID=1241) to work on /home/airflow/.local/lib/python3.12/site-packages/airflow/example_dags/example_latest_only_with_trigger.py
[2026-09-22T16:54:23.584+0000] {processor.py:830} INFO - Processing file /home/airflow/.local/lib/python3.12/site-packages/airflow/example_dags/example_latest_only_with_trigger.py for tasks to queue
[2026-09-22T16:54:23.585+0000] {logging_mixin.py:188} INFO - [2026-09-22T16:54:23.585+0000] {dagbag.py:545} INFO - Filling up the DagBag from /home/airflow/.local/lib/python3.12/site-packages/airflow/example_dags/example_latest_only_with_trigger.py
[2026-09-22T16:54:23.591+0000] {processor.py:840} INFO - DAG(s) 'latest_only_with_trigger' retrieved from /home/airflow/.local/lib/python3.12/site-packages/airflow/example_dags/example_latest_only_with_trigger.py
[2026-09-22T16:54:23.613+0000] {logging_mixin.py:188} INFO - [2026-09-22T16:54:23.612+0000] {dag.py:3089} INFO - Sync 1 DAGs
[2026-09-22T16:54:23.633+0000] {logging_mixin.py:188} INFO - [2026-09-22T16:54:23.633+0000] {dag.py:3947} INFO - Setting next_dagrun for latest_only_with_trigger to 2026-09-22 12:00:00+00:00, run_after=2026-09-22 16:00:00+00:00
[2026-09-22T16:54:23.656+0000] {processor.py:183} INFO - Processing /home/airflow/.local/lib/python3.12/site-packages/airflow/example_dags/example_latest_only_with_trigger.py took 0.079 seconds
[2026-09-22T16:54:54.288+0000] {processor.py:161} INFO - Started process (PID=1299) to work on /home/airflow/.local/lib/python3.12/site-packages/airflow/example_dags/example_latest_only_with_trigger.py
[2026-09-22T16:54:54.290+0000] {processor.py:830} INFO - Processing file /home/airflow/.local/lib/python3.12/site-packages/airflow/example_dags/example_latest_only_with_trigger.py for tasks to queue
[2026-09-22T16:54:54.294+0000] {logging_mixin.py:188} INFO - [2026-09-22T16:54:54.293+0000] {dagbag.py:545} INFO - Filling up the DagBag from /home/airflow/.local/lib/python3.12/site-packages/airflow/example_dags/example_latest_only_with_trigger.py
[2026-09-22T16:54:54.307+0000] {processor.py:840} INFO - DAG(s) 'latest_only_with_trigger' retrieved from /home/airflow/.local/lib/python3.12/site-packages/airflow/example_dags/example_latest_only_with_trigger.py
[2026-09-22T16:54:54.337+0000] {logging_mixin.py:188} INFO - [2026-09-22T16:54:54.337+0000] {dag.py:3089} INFO - Sync 1 DAGs
[2026-09-22T16:54:54.360+0000] {logging_mixin.py:188} INFO - [2026-09-22T16:54:54.360+0000] {dag.py:3947} INFO - Setting next_dagrun for latest_only_with_trigger to 2026-09-22 12:00:00+00:00, run_after=2026-09-22 16:00:00+00:00
[2026-09-22T16:54:54.381+0000] {processor.py:183} INFO - Processing /home/airflow/.local/lib/python3.12/site-packages/airflow/example_dags/example_latest_only_with_trigger.py took 0.104 seconds
[2026-09-22T16:55:24.726+0000] {processor.py:161} INFO - Started process (PID=1357) to work on /home/airflow/.local/lib/python3.12/site-packages/airflow/example_dags/example_latest_only_with_trigger.py
[2026-09-22T16:55:24.727+0000] {processor.py:830} INFO - Processing file /home/airflow/.local/lib/python3.12/site-packages/airflow/example_dags/example_latest_only_with_trigger.py for tasks to queue
[2026-09-22T16:55:24.730+0000] {logging_mixin.py:188} INFO - [2026-09-22T16:55:24.730+0000] {dagbag.py:545} INFO - Filling up the DagBag from /home/airflow/.local/lib/python3.12/site-packages/airflow/example_dags/example_latest_only_with_trigger.py
[2026-09-22T16:55:24.740+0000] {processor.py:840} INFO - DAG(s) 'latest_only_with_trigger' retrieved from /home/airflow/.local/lib/python3.12/site-packages/airflow/example_dags/example_latest_only_with_trigger.py
[2026-09-22T16:55:24.773+0000] {logging_mixin.py:188} INFO - [2026-09-22T16:55:24.773+0000] {dag.py:3089} INFO - Sync 1 DAGs
[2026-09-22T16:55:24.798+0000] {logging_mixin.py:188} INFO - [2026-09-22T16:55:24.798+0000] {dag.py:3947} INFO - Setting next_dagrun for latest_only_with_trigger to 2026-09-22 12:00:00+00:00, run_after=2026-09-22 16:00:00+00:00
[2026-09-22T16:55:24.825+0000] {processor.py:183} INFO - Processing /home/airflow/.local/lib/python3.12/site-packages/airflow/example_dags/example_latest_only_with_trigger.py took 0.109 seconds
[2026-09-22T16:55:55.234+0000] {processor.py:161} INFO - Started process (PID=1415) to work on /home/airflow/.local/lib/python3.12/site-packages/airflow/example_dags/example_latest_only_with_trigger.py
[2026-09-22T16:55:55.236+0000] {processor.py:830} INFO - Processing file /home/airflow/.local/lib/python3.12/site-packages/airflow/example_dags/example_latest_only_with_trigger.py for tasks to queue
[2026-09-22T16:55:55.239+0000] {logging_mixin.py:188} INFO - [2026-09-22T16:55:55.238+0000] {dagbag.py:545} INFO - Filling up the DagBag from /home/airflow/.local/lib/python3.12/site-packages/airflow/example_dags/example_latest_only_with_trigger.py
[2026-09-22T16:55:55.244+0000] {processor.py:840} INFO - DAG(s) 'latest_only_with_trigger' retrieved from /home/airflow/.local/lib/python3.12/site-packages/airflow/example_dags/example_latest_only_with_trigger.py
[2026-09-22T16:55:55.264+0000] {logging_mixin.py:188} INFO - [2026-09-22T16:55:55.264+0000] {dag.py:3089} INFO - Sync 1 DAGs
[2026-09-22T16:55:55.284+0000] {logging_mixin.py:188} INFO - [2026-09-22T16:55:55.284+0000] {dag.py:3947} INFO - Setting next_dagrun for latest_only_with_trigger to 2026-09-22 12:00:00+00:00, run_after=2026-09-22 16:00:00+00:00
[2026-09-22T16:55:55.306+0000] {processor.py:183} INFO - Processing /home/airflow/.local/lib/python3.12/site-packages/airflow/example_dags/example_latest_only_with_trigger.py took 0.077 seconds
[2026-09-22T16:56:26.132+0000] {processor.py:161} INFO - Started process (PID=1479) to work on /home/airflow/.local/lib/python3.12/site-packages/airflow/example_dags/example_latest_only_with_trigger.py
[2026-09-22T16:56:26.133+0000] {processor.py:830} INFO - Processing file /home/airflow/.local/lib/python3.12/site-packages/airflow/example_dags/example_latest_only_with_trigger.py for tasks to queue
[2026-09-22T16:56:26.135+0000] {logging_mixin.py:188} INFO - [2026-09-22T16:56:26.135+0000] {dagbag.py:545} INFO - Filling up the DagBag from /home/airflow/.local/lib/python3.12/site-packages/airflow/example_dags/example_latest_only_with_trigger.py
[2026-09-22T16:56:26.141+0000] {processor.py:840} INFO - DAG(s) 'latest_only_with_trigger' retrieved from /home/airflow/.local/lib/python3.12/site-packages/airflow/example_dags/example_latest_only_with_trigger.py
[2026-09-22T16:56:26.160+0000] {logging_mixin.py:188} INFO - [2026-09-22T16:56:26.160+0000] {dag.py:3089} INFO - Sync 1 DAGs
[2026-09-22T16:56:26.179+0000] {logging_mixin.py:188} INFO - [2026-09-22T16:56:26.178+0000] {dag.py:3947} INFO - Setting next_dagrun for latest_only_with_trigger to 2026-09-22 12:00:00+00:00, run_after=2026-09-22 16:00:00+00:00
[2026-09-22T16:56:26.198+0000] {processor.py:183} INFO - Processing /home/airflow/.local/lib/python3.12/site-packages/airflow/example_dags/example_latest_only_with_trigger.py took 0.073 seconds
[2026-09-22T16:58:03.201+0000] {processor.py:161} INFO - Started process (PID=99) to work on /home/airflow/.local/lib/python3.12/site-packages/airflow/example_dags/example_latest_only_with_trigger.py
[2026-09-22T16:58:03.205+0000] {processor.py:830} INFO - Processing file /home/airflow/.local/lib/python3.12/site-packages/airflow/example_dags/example_latest_only_with_trigger.py for tasks to queue
[2026-09-22T16:58:03.210+0000] {logging_mixin.py:188} INFO - [2026-09-22T16:58:03.209+0000] {dagbag.py:545} INFO - Filling up the DagBag from /home/airflow/.local/lib/python3.12/site-packages/airflow/example_dags/example_latest_only_with_trigger.py
[2026-09-22T16:58:03.223+0000] {processor.py:840} INFO - DAG(s) 'latest_only_with_trigger' retrieved from /home/airflow/.local/lib/python3.12/site-packages/airflow/example_dags/example_latest_only_with_trigger.py
[2026-09-22T16:58:03.402+0000] {logging_mixin.py:188} INFO - [2026-09-22T16:58:03.401+0000] {dag.py:3089} INFO - Sync 1 DAGs
[2026-09-22T16:58:03.425+0000] {logging_mixin.py:188} INFO - [2026-09-22T16:58:03.425+0000] {dag.py:3947} INFO - Setting next_dagrun for latest_only_with_trigger to 2026-09-22 12:00:00+00:00, run_after=2026-09-22 16:00:00+00:00
[2026-09-22T16:58:03.454+0000] {processor.py:183} INFO - Processing /home/airflow/.local/lib/python3.12/site-packages/airflow/example_dags/example_latest_only_with_trigger.py took 0.261 seconds
[2026-09-22T16:58:33.990+0000] {processor.py:161} INFO - Started process (PID=157) to work on /home/airflow/.local/lib/python3.12/site-packages/airflow/example_dags/example_latest_only_with_trigger.py
[2026-09-22T16:58:33.991+0000] {processor.py:830} INFO - Processing file /home/airflow/.local/lib/python3.12/site-packages/airflow/example_dags/example_latest_only_with_trigger.py for tasks to queue
[2026-09-22T16:58:33.993+0000] {logging_mixin.py:188} INFO - [2026-09-22T16:58:33.992+0000] {dagbag.py:545} INFO - Filling up the DagBag from /home/airflow/.local/lib/python3.12/site-packages/airflow/example_dags/example_latest_only_with_trigger.py
[2026-09-22T16:58:33.998+0000] {processor.py:840} INFO - DAG(s) 'latest_only_with_trigger' retrieved from /home/airflow/.local/lib/python3.12/site-packages/airflow/example_dags/example_latest_only_with_trigger.py
[2026-09-22T16:58:34.017+0000] {logging_mixin.py:188} INFO - [2026-09-22T16:58:34.016+0000] {dag.py:3089} INFO - Sync 1 DAGs
[2026-09-22T16:58:34.037+0000] {logging_mixin.py:188} INFO - [2026-09-22T16:58:34.036+0000] {dag.py:3947} INFO - Setting next_dagrun for latest_only_with_trigger to 2026-09-22 12:00:00+00:00, run_after=2026-09-22 16:00:00+00:00
[2026-09-22T16:58:34.059+0000] {processor.py:183} INFO - Processing /home/airflow/.local/lib/python3.12/site-packages/airflow/example_dags/example_latest_only_with_trigger.py took 0.074 seconds
[2026-09-22T16:59:04.950+0000] {processor.py:161} INFO - Started process (PID=215) to work on /home/airflow/.local/lib/python3.12/site-packages/airflow/example_dags/example_latest_only_with_trigger.py
[2026-09-22T16:59:04.951+0000] {processor.py:830} INFO - Processing file /home/airflow/.local/lib/python3.12/site-packages/airflow/example_dags/example_latest_only_with_trigger.py for tasks to queue
[2026-09-22T16:59:04.953+0000] {logging_mixin.py:188} INFO - [2026-09-22T16:59:04.953+0000] {dagbag.py:545} INFO - Filling up the DagBag from /home/airflow/.local/lib/python3.12/site-packages/airflow/example_dags/example_latest_only_with_trigger.py
[2026-09-22T16:59:04.958+0000] {processor.py:840} INFO - DAG(s) 'latest_only_with_trigger' retrieved from /home/airflow/.local/lib/python3.12/site-packages/airflow/example_dags/example_latest_only_with_trigger.py
[2026-09-22T16:59:04.981+0000] {logging_mixin.py:188} INFO - [2026-09-22T16:59:04.981+0000] {dag.py:3089} INFO - Sync 1 DAGs
[2026-09-22T16:59:04.999+0000] {logging_mixin.py:188} INFO - [2026-09-22T16:59:04.999+0000] {dag.py:3947} INFO - Setting next_dagrun for latest_only_with_trigger to 2026-09-22 12:00:00+00:00, run_after=2026-09-22 16:00:00+00:00
[2026-09-22T16:59:05.020+0000] {processor.py:183} INFO - Processing /home/airflow/.local/lib/python3.12/site-packages/airflow/example_dags/example_latest_only_with_trigger.py took 0.075 seconds
[2026-09-22T16:59:35.293+0000] {processor.py:161} INFO - Started process (PID=273) to work on /home/airflow/.local/lib/python3.12/site-packages/airflow/example_dags/example_latest_only_with_trigger.py
[2026-09-22T16:59:35.294+0000] {processor.py:830} INFO - Processing file /home/airflow/.local/lib/python3.12/site-packages/airflow/example_dags/example_latest_only_with_trigger.py for tasks to queue
[2026-09-22T16:59:35.297+0000] {logging_mixin.py:188} INFO - [2026-09-22T16:59:35.296+0000] {dagbag.py:545} INFO - Filling up the DagBag from /home/airflow/.local/lib/python3.12/site-packages/airflow/example_dags/example_latest_only_with_trigger.py
[2026-09-22T16:59:35.303+0000] {processor.py:840} INFO - DAG(s) 'latest_only_with_trigger' retrieved from /home/airflow/.local/lib/python3.12/site-packages/airflow/example_dags/example_latest_only_with_trigger.py
[2026-09-22T16:59:35.330+0000] {logging_mixin.py:188} INFO - [2026-09-22T16:59:35.330+0000] {dag.py:3089} INFO - Sync 1 DAGs
[2026-09-22T16:59:35.359+0000] {logging_mixin.py:188} INFO - [2026-09-22T16:59:35.358+0000] {dag.py:3947} INFO - Setting next_dagrun for latest_only_with_trigger to 2026-09-22 12:00:00+00:00, run_after=2026-09-22 16:00:00+00:00
[2026-09-22T16:59:35.386+0000] {processor.py:183} INFO - Processing /home/airflow/.local/lib/python3.12/site-packages/airflow/example_dags/example_latest_only_with_trigger.py took 0.099 seconds
[2026-09-22T17:00:05.552+0000] {processor.py:161} INFO - Started process (PID=331) to work on /home/airflow/.local/lib/python3.12/site-packages/airflow/example_dags/example_latest_only_with_trigger.py
[2026-09-22T17:00:05.554+0000] {processor.py:830} INFO - Processing file /home/airflow/.local/lib/python3.12/site-packages/airflow/example_dags/example_latest_only_with_trigger.py for tasks to queue
[2026-09-22T17:00:05.556+0000] {logging_mixin.py:188} INFO - [2026-09-22T17:00:05.556+0000] {dagbag.py:545} INFO - Filling up the DagBag from /home/airflow/.local/lib/python3.12/site-packages/airflow/example_dags/example_latest_only_with_trigger.py
[2026-09-22T17:00:05.561+0000] {processor.py:840} INFO - DAG(s) 'latest_only_with_trigger' retrieved from /home/airflow/.local/lib/python3.12/site-packages/airflow/example_dags/example_latest_only_with_trigger.py
[2026-09-22T17:00:05.581+0000] {logging_mixin.py:188} INFO - [2026-09-22T17:00:05.581+0000] {dag.py:3089} INFO - Sync 1 DAGs
[2026-09-22T17:00:05.600+0000] {logging_mixin.py:188} INFO - [2026-09-22T17:00:05.600+0000] {dag.py:3947} INFO - Setting next_dagrun for latest_only_with_trigger to 2026-09-22 12:00:00+00:00, run_after=2026-09-22 16:00:00+00:00
[2026-09-22T17:00:05.623+0000] {processor.py:183} INFO - Processing /home/airflow/.local/lib/python3.12/site-packages/airflow/example_dags/example_latest_only_with_trigger.py took 0.077 seconds
[2026-09-22T17:00:36.161+0000] {processor.py:161} INFO - Started process (PID=389) to work on /home/airflow/.local/lib/python3.12/site-packages/airflow/example_dags/example_latest_only_with_trigger.py
[2026-09-22T17:00:36.163+0000] {processor.py:830} INFO - Processing file /home/airflow/.local/lib/python3.12/site-packages/airflow/example_dags/example_latest_only_with_trigger.py for tasks to queue
[2026-09-22T17:00:36.165+0000] {logging_mixin.py:188} INFO - [2026-09-22T17:00:36.164+0000] {dagbag.py:545} INFO - Filling up the DagBag from /home/airflow/.local/lib/python3.12/site-packages/airflow/example_dags/example_latest_only_with_trigger.py
[2026-09-22T17:00:36.170+0000] {processor.py:840} INFO - DAG(s) 'latest_only_with_trigger' retrieved from /home/airflow/.local/lib/python3.12/site-packages/airflow/example_dags/example_latest_only_with_trigger.py
[2026-09-22T17:00:36.190+0000] {logging_mixin.py:188} INFO - [2026-09-22T17:00:36.190+0000] {dag.py:3089} INFO - Sync 1 DAGs
[2026-09-22T17:00:36.209+0000] {logging_mixin.py:188} INFO - [2026-09-22T17:00:36.209+0000] {dag.py:3947} INFO - Setting next_dagrun for latest_only_with_trigger to 2026-09-22 12:00:00+00:00, run_after=2026-09-22 16:00:00+00:00
[2026-09-22T17:00:36.230+0000] {processor.py:183} INFO - Processing /home/airflow/.local/lib/python3.12/site-packages/airflow/example_dags/example_latest_only_with_trigger.py took 0.074 seconds
[2026-09-22T17:01:06.665+0000] {processor.py:161} INFO - Started process (PID=447) to work on /home/airflow/.local/lib/python3.12/site-packages/airflow/example_dags/example_latest_only_with_trigger.py
[2026-09-22T17:01:06.666+0000] {processor.py:830} INFO - Processing file /home/airflow/.local/lib/python3.12/site-packages/airflow/example_dags/example_latest_only_with_trigger.py for tasks to queue
[2026-09-22T17:01:06.669+0000] {logging_mixin.py:188} INFO - [2026-09-22T17:01:06.668+0000] {dagbag.py:545} INFO - Filling up the DagBag from /home/airflow/.local/lib/python3.12/site-packages/airflow/example_dags/example_latest_only_with_trigger.py
[2026-09-22T17:01:06.673+0000] {processor.py:840} INFO - DAG(s) 'latest_only_with_trigger' retrieved from /home/airflow/.local/lib/python3.12/site-packages/airflow/example_dags/example_latest_only_with_trigger.py
[2026-09-22T17:01:06.694+0000] {logging_mixin.py:188} INFO - [2026-09-22T17:01:06.694+0000] {dag.py:3089} INFO - Sync 1 DAGs
[2026-09-22T17:01:06.713+0000] {logging_mixin.py:188} INFO - [2026-09-22T17:01:06.712+0000] {dag.py:3947} INFO - Setting next_dagrun for latest_only_with_trigger to 2026-09-22 12:00:00+00:00, run_after=2026-09-22 16:00:00+00:00
[2026-09-22T17:01:06.734+0000] {processor.py:183} INFO - Processing /home/airflow/.local/lib/python3.12/site-packages/airflow/example_dags/example_latest_only_with_trigger.py took 0.074 seconds
[2026-09-22T17:01:37.243+0000] {processor.py:161} INFO - Started process (PID=505) to work on /home/airflow/.local/lib/python3.12/site-packages/airflow/example_dags/example_latest_only_with_trigger.py
[2026-09-22T17:01:37.244+0000] {processor.py:830} INFO - Processing file /home/airflow/.local/lib/python3.12/site-packages/airflow/example_dags/example_latest_only_with_trigger.py for tasks to queue
[2026-09-22T17:01:37.247+0000] {logging_mixin.py:188} INFO - [2026-09-22T17:01:37.247+0000] {dagbag.py:545} INFO - Filling up the DagBag from /home/airflow/.local/lib/python3.12/site-packages/airflow/example_dags/example_latest_only_with_trigger.py
[2026-09-22T17:01:37.255+0000] {processor.py:840} INFO - DAG(s) 'latest_only_with_trigger' retrieved from /home/airflow/.local/lib/python3.12/site-packages/airflow/example_dags/example_latest_only_with_trigger.py
[2026-09-22T17:01:37.282+0000] {logging_mixin.py:188} INFO - [2026-09-22T17:01:37.281+0000] {dag.py:3089} INFO - Sync 1 DAGs
[2026-09-22T17:01:37.309+0000] {logging_mixin.py:188} INFO - [2026-09-22T17:01:37.309+0000] {dag.py:3947} INFO - Setting next_dagrun for latest_only_with_trigger to 2026-09-22 12:00:00+00:00, run_after=2026-09-22 16:00:00+00:00
[2026-09-22T17:01:37.341+0000] {processor.py:183} INFO - Processing /home/airflow/.local/lib/python3.12/site-packages/airflow/example_dags/example_latest_only_with_trigger.py took 0.106 seconds
[2026-09-22T17:02:08.293+0000] {processor.py:161} INFO - Started process (PID=563) to work on /home/airflow/.local/lib/python3.12/site-packages/airflow/example_dags/example_latest_only_with_trigger.py
[2026-09-22T17:02:08.294+0000] {processor.py:830} INFO - Processing file /home/airflow/.local/lib/python3.12/site-packages/airflow/example_dags/example_latest_only_with_trigger.py for tasks to queue
[2026-09-22T17:02:08.295+0000] {logging_mixin.py:188} INFO - [2026-09-22T17:02:08.295+0000] {dagbag.py:545} INFO - Filling up the DagBag from /home/airflow/.local/lib/python3.12/site-packages/airflow/example_dags/example_latest_only_with_trigger.py
[2026-09-22T17:02:08.301+0000] {processor.py:840} INFO - DAG(s) 'latest_only_with_trigger' retrieved from /home/airflow/.local/lib/python3.12/site-packages/airflow/example_dags/example_latest_only_with_trigger.py
[2026-09-22T17:02:08.320+0000] {logging_mixin.py:188} INFO - [2026-09-22T17:02:08.319+0000] {dag.py:3089} INFO - Sync 1 DAGs
[2026-09-22T17:02:08.341+0000] {logging_mixin.py:188} INFO - [2026-09-22T17:02:08.341+0000] {dag.py:3947} INFO - Setting next_dagrun for latest_only_with_trigger to 2026-09-22 12:00:00+00:00, run_after=2026-09-22 16:00:00+00:00
[2026-09-22T17:02:08.363+0000] {processor.py:183} INFO - Processing /home/airflow/.local/lib/python3.12/site-packages/airflow/example_dags/example_latest_only_with_trigger.py took 0.075 seconds
[2026-09-22T17:03:31.659+0000] {processor.py:161} INFO - Started process (PID=97) to work on /home/airflow/.local/lib/python3.12/site-packages/airflow/example_dags/example_latest_only_with_trigger.py
[2026-09-22T17:03:31.661+0000] {processor.py:830} INFO - Processing file /home/airflow/.local/lib/python3.12/site-packages/airflow/example_dags/example_latest_only_with_trigger.py for tasks to queue
[2026-09-22T17:03:31.663+0000] {logging_mixin.py:188} INFO - [2026-09-22T17:03:31.663+0000] {dagbag.py:545} INFO - Filling up the DagBag from /home/airflow/.local/lib/python3.12/site-packages/airflow/example_dags/example_latest_only_with_trigger.py
[2026-09-22T17:03:31.674+0000] {processor.py:840} INFO - DAG(s) 'latest_only_with_trigger' retrieved from /home/airflow/.local/lib/python3.12/site-packages/airflow/example_dags/example_latest_only_with_trigger.py
[2026-09-22T17:03:31.862+0000] {logging_mixin.py:188} INFO - [2026-09-22T17:03:31.862+0000] {dag.py:3089} INFO - Sync 1 DAGs
[2026-09-22T17:03:31.892+0000] {logging_mixin.py:188} INFO - [2026-09-22T17:03:31.892+0000] {dag.py:3947} INFO - Setting next_dagrun for latest_only_with_trigger to 2026-09-22 12:00:00+00:00, run_after=2026-09-22 16:00:00+00:00
[2026-09-22T17:03:31.921+0000] {processor.py:183} INFO - Processing /home/airflow/.local/lib/python3.12/site-packages/airflow/example_dags/example_latest_only_with_trigger.py took 0.270 seconds
[2026-09-22T17:04:02.466+0000] {processor.py:161} INFO - Started process (PID=155) to work on /home/airflow/.local/lib/python3.12/site-packages/airflow/example_dags/example_latest_only_with_trigger.py
[2026-09-22T17:04:02.467+0000] {processor.py:830} INFO - Processing file /home/airflow/.local/lib/python3.12/site-packages/airflow/example_dags/example_latest_only_with_trigger.py for tasks to queue
[2026-09-22T17:04:02.470+0000] {logging_mixin.py:188} INFO - [2026-09-22T17:04:02.470+0000] {dagbag.py:545} INFO - Filling up the DagBag from /home/airflow/.local/lib/python3.12/site-packages/airflow/example_dags/example_latest_only_with_trigger.py
[2026-09-22T17:04:02.475+0000] {processor.py:840} INFO - DAG(s) 'latest_only_with_trigger' retrieved from /home/airflow/.local/lib/python3.12/site-packages/airflow/example_dags/example_latest_only_with_trigger.py
[2026-09-22T17:04:02.496+0000] {logging_mixin.py:188} INFO - [2026-09-22T17:04:02.496+0000] {dag.py:3089} INFO - Sync 1 DAGs
[2026-09-22T17:04:02.515+0000] {logging_mixin.py:188} INFO - [2026-09-22T17:04:02.515+0000] {dag.py:3947} INFO - Setting next_dagrun for latest_only_with_trigger to 2026-09-22 12:00:00+00:00, run_after=2026-09-22 16:00:00+00:00
[2026-09-22T17:04:02.537+0000] {processor.py:183} INFO - Processing /home/airflow/.local/lib/python3.12/site-packages/airflow/example_dags/example_latest_only_with_trigger.py took 0.076 seconds
[2026-09-22T17:04:33.308+0000] {processor.py:161} INFO - Started process (PID=213) to work on /home/airflow/.local/lib/python3.12/site-packages/airflow/example_dags/example_latest_only_with_trigger.py
[2026-09-22T17:04:33.309+0000] {processor.py:830} INFO - Processing file /home/airflow/.local/lib/python3.12/site-packages/airflow/example_dags/example_latest_only_with_trigger.py for tasks to queue
[2026-09-22T17:04:33.311+0000] {logging_mixin.py:188} INFO - [2026-09-22T17:04:33.311+0000] {dagbag.py:545} INFO - Filling up the DagBag from /home/airflow/.local/lib/python3.12/site-packages/airflow/example_dags/example_latest_only_with_trigger.py
[2026-09-22T17:04:33.316+0000] {processor.py:840} INFO - DAG(s) 'latest_only_with_trigger' retrieved from /home/airflow/.local/lib/python3.12/site-packages/airflow/example_dags/example_latest_only_with_trigger.py
[2026-09-22T17:04:33.339+0000] {logging_mixin.py:188} INFO - [2026-09-22T17:04:33.338+0000] {dag.py:3089} INFO - Sync 1 DAGs
[2026-09-22T17:04:33.360+0000] {logging_mixin.py:188} INFO - [2026-09-22T17:04:33.360+0000] {dag.py:3947} INFO - Setting next_dagrun for latest_only_with_trigger to 2026-09-22 12:00:00+00:00, run_after=2026-09-22 16:00:00+00:00
[2026-09-22T17:04:33.379+0000] {processor.py:183} INFO - Processing /home/airflow/.local/lib/python3.12/site-packages/airflow/example_dags/example_latest_only_with_trigger.py took 0.076 seconds
[2026-09-22T17:05:04.156+0000] {processor.py:161} INFO - Started process (PID=271) to work on /home/airflow/.local/lib/python3.12/site-packages/airflow/example_dags/example_latest_only_with_trigger.py
[2026-09-22T17:05:04.159+0000] {processor.py:830} INFO - Processing file /home/airflow/.local/lib/python3.12/site-packages/airflow/example_dags/example_latest_only_with_trigger.py for tasks to queue
[2026-09-22T17:05:04.163+0000] {logging_mixin.py:188} INFO - [2026-09-22T17:05:04.162+0000] {dagbag.py:545} INFO - Filling up the DagBag from /home/airflow/.local/lib/python3.12/site-packages/airflow/example_dags/example_latest_only_with_trigger.py
[2026-09-22T17:05:04.171+0000] {processor.py:840} INFO - DAG(s) 'latest_only_with_trigger' retrieved from /home/airflow/.local/lib/python3.12/site-packages/airflow/example_dags/example_latest_only_with_trigger.py
[2026-09-22T17:05:04.211+0000] {logging_mixin.py:188} INFO - [2026-09-22T17:05:04.211+0000] {dag.py:3089} INFO - Sync 1 DAGs
[2026-09-22T17:05:04.242+0000] {logging_mixin.py:188} INFO - [2026-09-22T17:05:04.241+0000] {dag.py:3947} INFO - Setting next_dagrun for latest_only_with_trigger to 2026-09-22 12:00:00+00:00, run_after=2026-09-22 16:00:00+00:00
[2026-09-22T17:05:04.261+0000] {processor.py:183} INFO - Processing /home/airflow/.local/lib/python3.12/site-packages/airflow/example_dags/example_latest_only_with_trigger.py took 0.116 seconds
[2026-09-22T17:05:34.393+0000] {processor.py:161} INFO - Started process (PID=329) to work on /home/airflow/.local/lib/python3.12/site-packages/airflow/example_dags/example_latest_only_with_trigger.py
[2026-09-22T17:05:34.394+0000] {processor.py:830} INFO - Processing file /home/airflow/.local/lib/python3.12/site-packages/airflow/example_dags/example_latest_only_with_trigger.py for tasks to queue
[2026-09-22T17:05:34.398+0000] {logging_mixin.py:188} INFO - [2026-09-22T17:05:34.398+0000] {dagbag.py:545} INFO - Filling up the DagBag from /home/airflow/.local/lib/python3.12/site-packages/airflow/example_dags/example_latest_only_with_trigger.py
[2026-09-22T17:05:34.408+0000] {processor.py:840} INFO - DAG(s) 'latest_only_with_trigger' retrieved from /home/airflow/.local/lib/python3.12/site-packages/airflow/example_dags/example_latest_only_with_trigger.py
[2026-09-22T17:05:34.438+0000] {logging_mixin.py:188} INFO - [2026-09-22T17:05:34.437+0000] {dag.py:3089} INFO - Sync 1 DAGs
[2026-09-22T17:05:34.473+0000] {logging_mixin.py:188} INFO - [2026-09-22T17:05:34.473+0000] {dag.py:3947} INFO - Setting next_dagrun for latest_only_with_trigger to 2026-09-22 12:00:00+00:00, run_after=2026-09-22 16:00:00+00:00
[2026-09-22T17:05:34.507+0000] {processor.py:183} INFO - Processing /home/airflow/.local/lib/python3.12/site-packages/airflow/example_dags/example_latest_only_with_trigger.py took 0.121 seconds
[2026-09-22T17:06:04.722+0000] {processor.py:161} INFO - Started process (PID=387) to work on /home/airflow/.local/lib/python3.12/site-packages/airflow/example_dags/example_latest_only_with_trigger.py
[2026-09-22T17:06:04.724+0000] {processor.py:830} INFO - Processing file /home/airflow/.local/lib/python3.12/site-packages/airflow/example_dags/example_latest_only_with_trigger.py for tasks to queue
[2026-09-22T17:06:04.726+0000] {logging_mixin.py:188} INFO - [2026-09-22T17:06:04.725+0000] {dagbag.py:545} INFO - Filling up the DagBag from /home/airflow/.local/lib/python3.12/site-packages/airflow/example_dags/example_latest_only_with_trigger.py
[2026-09-22T17:06:04.736+0000] {processor.py:840} INFO - DAG(s) 'latest_only_with_trigger' retrieved from /home/airflow/.local/lib/python3.12/site-packages/airflow/example_dags/example_latest_only_with_trigger.py
[2026-09-22T17:06:04.775+0000] {logging_mixin.py:188} INFO - [2026-09-22T17:06:04.775+0000] {dag.py:3089} INFO - Sync 1 DAGs
[2026-09-22T17:06:04.799+0000] {logging_mixin.py:188} INFO - [2026-09-22T17:06:04.799+0000] {dag.py:3947} INFO - Setting next_dagrun for latest_only_with_trigger to 2026-09-22 12:00:00+00:00, run_after=2026-09-22 16:00:00+00:00
[2026-09-22T17:06:04.823+0000] {processor.py:183} INFO - Processing /home/airflow/.local/lib/python3.12/site-packages/airflow/example_dags/example_latest_only_with_trigger.py took 0.108 seconds
[2026-09-22T17:06:35.004+0000] {processor.py:161} INFO - Started process (PID=445) to work on /home/airflow/.local/lib/python3.12/site-packages/airflow/example_dags/example_latest_only_with_trigger.py
[2026-09-22T17:06:35.009+0000] {processor.py:830} INFO - Processing file /home/airflow/.local/lib/python3.12/site-packages/airflow/example_dags/example_latest_only_with_trigger.py for tasks to queue
[2026-09-22T17:06:35.012+0000] {logging_mixin.py:188} INFO - [2026-09-22T17:06:35.011+0000] {dagbag.py:545} INFO - Filling up the DagBag from /home/airflow/.local/lib/python3.12/site-packages/airflow/example_dags/example_latest_only_with_trigger.py
[2026-09-22T17:06:35.019+0000] {processor.py:840} INFO - DAG(s) 'latest_only_with_trigger' retrieved from /home/airflow/.local/lib/python3.12/site-packages/airflow/example_dags/example_latest_only_with_trigger.py
[2026-09-22T17:06:35.040+0000] {logging_mixin.py:188} INFO - [2026-09-22T17:06:35.039+0000] {dag.py:3089} INFO - Sync 1 DAGs
[2026-09-22T17:06:35.062+0000] {logging_mixin.py:188} INFO - [2026-09-22T17:06:35.062+0000] {dag.py:3947} INFO - Setting next_dagrun for latest_only_with_trigger to 2026-09-22 12:00:00+00:00, run_after=2026-09-22 16:00:00+00:00
[2026-09-22T17:06:35.082+0000] {processor.py:183} INFO - Processing /home/airflow/.local/lib/python3.12/site-packages/airflow/example_dags/example_latest_only_with_trigger.py took 0.086 seconds
[2026-09-22T17:07:05.616+0000] {processor.py:161} INFO - Started process (PID=503) to work on /home/airflow/.local/lib/python3.12/site-packages/airflow/example_dags/example_latest_only_with_trigger.py
[2026-09-22T17:07:05.619+0000] {processor.py:830} INFO - Processing file /home/airflow/.local/lib/python3.12/site-packages/airflow/example_dags/example_latest_only_with_trigger.py for tasks to queue
[2026-09-22T17:07:05.621+0000] {logging_mixin.py:188} INFO - [2026-09-22T17:07:05.621+0000] {dagbag.py:545} INFO - Filling up the DagBag from /home/airflow/.local/lib/python3.12/site-packages/airflow/example_dags/example_latest_only_with_trigger.py
[2026-09-22T17:07:05.626+0000] {processor.py:840} INFO - DAG(s) 'latest_only_with_trigger' retrieved from /home/airflow/.local/lib/python3.12/site-packages/airflow/example_dags/example_latest_only_with_trigger.py
[2026-09-22T17:07:05.647+0000] {logging_mixin.py:188} INFO - [2026-09-22T17:07:05.647+0000] {dag.py:3089} INFO - Sync 1 DAGs
[2026-09-22T17:07:05.667+0000] {logging_mixin.py:188} INFO - [2026-09-22T17:07:05.667+0000] {dag.py:3947} INFO - Setting next_dagrun for latest_only_with_trigger to 2026-09-22 12:00:00+00:00, run_after=2026-09-22 16:00:00+00:00
[2026-09-22T17:07:05.693+0000] {processor.py:183} INFO - Processing /home/airflow/.local/lib/python3.12/site-packages/airflow/example_dags/example_latest_only_with_trigger.py took 0.082 seconds
[2026-09-22T17:07:36.451+0000] {processor.py:161} INFO - Started process (PID=561) to work on /home/airflow/.local/lib/python3.12/site-packages/airflow/example_dags/example_latest_only_with_trigger.py
[2026-09-22T17:07:36.452+0000] {processor.py:830} INFO - Processing file /home/airflow/.local/lib/python3.12/site-packages/airflow/example_dags/example_latest_only_with_trigger.py for tasks to queue
[2026-09-22T17:07:36.454+0000] {logging_mixin.py:188} INFO - [2026-09-22T17:07:36.454+0000] {dagbag.py:545} INFO - Filling up the DagBag from /home/airflow/.local/lib/python3.12/site-packages/airflow/example_dags/example_latest_only_with_trigger.py
[2026-09-22T17:07:36.459+0000] {processor.py:840} INFO - DAG(s) 'latest_only_with_trigger' retrieved from /home/airflow/.local/lib/python3.12/site-packages/airflow/example_dags/example_latest_only_with_trigger.py
[2026-09-22T17:07:36.477+0000] {logging_mixin.py:188} INFO - [2026-09-22T17:07:36.476+0000] {dag.py:3089} INFO - Sync 1 DAGs
[2026-09-22T17:07:36.495+0000] {logging_mixin.py:188} INFO - [2026-09-22T17:07:36.495+0000] {dag.py:3947} INFO - Setting next_dagrun for latest_only_with_trigger to 2026-09-22 12:00:00+00:00, run_after=2026-09-22 16:00:00+00:00
[2026-09-22T17:07:36.514+0000] {processor.py:183} INFO - Processing /home/airflow/.local/lib/python3.12/site-packages/airflow/example_dags/example_latest_only_with_trigger.py took 0.068 seconds
[2026-09-22T17:08:06.777+0000] {processor.py:161} INFO - Started process (PID=619) to work on /home/airflow/.local/lib/python3.12/site-packages/airflow/example_dags/example_latest_only_with_trigger.py
[2026-09-22T17:08:06.779+0000] {processor.py:830} INFO - Processing file /home/airflow/.local/lib/python3.12/site-packages/airflow/example_dags/example_latest_only_with_trigger.py for tasks to queue
[2026-09-22T17:08:06.782+0000] {logging_mixin.py:188} INFO - [2026-09-22T17:08:06.781+0000] {dagbag.py:545} INFO - Filling up the DagBag from /home/airflow/.local/lib/python3.12/site-packages/airflow/example_dags/example_latest_only_with_trigger.py
[2026-09-22T17:08:06.791+0000] {processor.py:840} INFO - DAG(s) 'latest_only_with_trigger' retrieved from /home/airflow/.local/lib/python3.12/site-packages/airflow/example_dags/example_latest_only_with_trigger.py
[2026-09-22T17:08:06.830+0000] {logging_mixin.py:188} INFO - [2026-09-22T17:08:06.829+0000] {dag.py:3089} INFO - Sync 1 DAGs
[2026-09-22T17:08:06.867+0000] {logging_mixin.py:188} INFO - [2026-09-22T17:08:06.866+0000] {dag.py:3947} INFO - Setting next_dagrun for latest_only_with_trigger to 2026-09-22 12:00:00+00:00, run_after=2026-09-22 16:00:00+00:00
[2026-09-22T17:08:06.889+0000] {processor.py:183} INFO - Processing /home/airflow/.local/lib/python3.12/site-packages/airflow/example_dags/example_latest_only_with_trigger.py took 0.120 seconds
[2026-09-22T17:08:37.136+0000] {processor.py:161} INFO - Started process (PID=683) to work on /home/airflow/.local/lib/python3.12/site-packages/airflow/example_dags/example_latest_only_with_trigger.py
[2026-09-22T17:08:37.137+0000] {processor.py:830} INFO - Processing file /home/airflow/.local/lib/python3.12/site-packages/airflow/example_dags/example_latest_only_with_trigger.py for tasks to queue
[2026-09-22T17:08:37.139+0000] {logging_mixin.py:188} INFO - [2026-09-22T17:08:37.139+0000] {dagbag.py:545} INFO - Filling up the DagBag from /home/airflow/.local/lib/python3.12/site-packages/airflow/example_dags/example_latest_only_with_trigger.py
[2026-09-22T17:08:37.144+0000] {processor.py:840} INFO - DAG(s) 'latest_only_with_trigger' retrieved from /home/airflow/.local/lib/python3.12/site-packages/airflow/example_dags/example_latest_only_with_trigger.py
[2026-09-22T17:08:37.164+0000] {logging_mixin.py:188} INFO - [2026-09-22T17:08:37.163+0000] {dag.py:3089} INFO - Sync 1 DAGs
[2026-09-22T17:08:37.185+0000] {logging_mixin.py:188} INFO - [2026-09-22T17:08:37.185+0000] {dag.py:3947} INFO - Setting next_dagrun for latest_only_with_trigger to 2026-09-22 12:00:00+00:00, run_after=2026-09-22 16:00:00+00:00
[2026-09-22T17:08:37.204+0000] {processor.py:183} INFO - Processing /home/airflow/.local/lib/python3.12/site-packages/airflow/example_dags/example_latest_only_with_trigger.py took 0.072 seconds
[2026-09-22T17:09:07.312+0000] {processor.py:161} INFO - Started process (PID=741) to work on /home/airflow/.local/lib/python3.12/site-packages/airflow/example_dags/example_latest_only_with_trigger.py
[2026-09-22T17:09:07.314+0000] {processor.py:830} INFO - Processing file /home/airflow/.local/lib/python3.12/site-packages/airflow/example_dags/example_latest_only_with_trigger.py for tasks to queue
[2026-09-22T17:09:07.317+0000] {logging_mixin.py:188} INFO - [2026-09-22T17:09:07.316+0000] {dagbag.py:545} INFO - Filling up the DagBag from /home/airflow/.local/lib/python3.12/site-packages/airflow/example_dags/example_latest_only_with_trigger.py
[2026-09-22T17:09:07.326+0000] {processor.py:840} INFO - DAG(s) 'latest_only_with_trigger' retrieved from /home/airflow/.local/lib/python3.12/site-packages/airflow/example_dags/example_latest_only_with_trigger.py
[2026-09-22T17:09:07.345+0000] {logging_mixin.py:188} INFO - [2026-09-22T17:09:07.344+0000] {dag.py:3089} INFO - Sync 1 DAGs
[2026-09-22T17:09:07.362+0000] {logging_mixin.py:188} INFO - [2026-09-22T17:09:07.362+0000] {dag.py:3947} INFO - Setting next_dagrun for latest_only_with_trigger to 2026-09-22 12:00:00+00:00, run_after=2026-09-22 16:00:00+00:00
[2026-09-22T17:09:07.381+0000] {processor.py:183} INFO - Processing /home/airflow/.local/lib/python3.12/site-packages/airflow/example_dags/example_latest_only_with_trigger.py took 0.074 seconds
[2026-09-22T17:09:37.508+0000] {processor.py:161} INFO - Started process (PID=799) to work on /home/airflow/.local/lib/python3.12/site-packages/airflow/example_dags/example_latest_only_with_trigger.py
[2026-09-22T17:09:37.509+0000] {processor.py:830} INFO - Processing file /home/airflow/.local/lib/python3.12/site-packages/airflow/example_dags/example_latest_only_with_trigger.py for tasks to queue
[2026-09-22T17:09:37.511+0000] {logging_mixin.py:188} INFO - [2026-09-22T17:09:37.511+0000] {dagbag.py:545} INFO - Filling up the DagBag from /home/airflow/.local/lib/python3.12/site-packages/airflow/example_dags/example_latest_only_with_trigger.py
[2026-09-22T17:09:37.519+0000] {processor.py:840} INFO - DAG(s) 'latest_only_with_trigger' retrieved from /home/airflow/.local/lib/python3.12/site-packages/airflow/example_dags/example_latest_only_with_trigger.py
[2026-09-22T17:09:37.538+0000] {logging_mixin.py:188} INFO - [2026-09-22T17:09:37.538+0000] {dag.py:3089} INFO - Sync 1 DAGs
[2026-09-22T17:09:37.556+0000] {logging_mixin.py:188} INFO - [2026-09-22T17:09:37.555+0000] {dag.py:3947} INFO - Setting next_dagrun for latest_only_with_trigger to 2026-09-22 12:00:00+00:00, run_after=2026-09-22 16:00:00+00:00
[2026-09-22T17:09:37.574+0000] {processor.py:183} INFO - Processing /home/airflow/.local/lib/python3.12/site-packages/airflow/example_dags/example_latest_only_with_trigger.py took 0.073 seconds
[2026-09-22T17:10:07.833+0000] {processor.py:161} INFO - Started process (PID=857) to work on /home/airflow/.local/lib/python3.12/site-packages/airflow/example_dags/example_latest_only_with_trigger.py
[2026-09-22T17:10:07.834+0000] {processor.py:830} INFO - Processing file /home/airflow/.local/lib/python3.12/site-packages/airflow/example_dags/example_latest_only_with_trigger.py for tasks to queue
[2026-09-22T17:10:07.837+0000] {logging_mixin.py:188} INFO - [2026-09-22T17:10:07.836+0000] {dagbag.py:545} INFO - Filling up the DagBag from /home/airflow/.local/lib/python3.12/site-packages/airflow/example_dags/example_latest_only_with_trigger.py
[2026-09-22T17:10:07.842+0000] {processor.py:840} INFO - DAG(s) 'latest_only_with_trigger' retrieved from /home/airflow/.local/lib/python3.12/site-packages/airflow/example_dags/example_latest_only_with_trigger.py
[2026-09-22T17:10:07.864+0000] {logging_mixin.py:188} INFO - [2026-09-22T17:10:07.863+0000] {dag.py:3089} INFO - Sync 1 DAGs
[2026-09-22T17:10:07.886+0000] {logging_mixin.py:188} INFO - [2026-09-22T17:10:07.886+0000] {dag.py:3947} INFO - Setting next_dagrun for latest_only_with_trigger to 2026-09-22 12:00:00+00:00, run_after=2026-09-22 16:00:00+00:00
[2026-09-22T17:10:07.911+0000] {processor.py:183} INFO - Processing /home/airflow/.local/lib/python3.12/site-packages/airflow/example_dags/example_latest_only_with_trigger.py took 0.086 seconds
[2026-09-22T17:10:38.767+0000] {processor.py:161} INFO - Started process (PID=915) to work on /home/airflow/.local/lib/python3.12/site-packages/airflow/example_dags/example_latest_only_with_trigger.py
[2026-09-22T17:10:38.768+0000] {processor.py:830} INFO - Processing file /home/airflow/.local/lib/python3.12/site-packages/airflow/example_dags/example_latest_only_with_trigger.py for tasks to queue
[2026-09-22T17:10:38.770+0000] {logging_mixin.py:188} INFO - [2026-09-22T17:10:38.770+0000] {dagbag.py:545} INFO - Filling up the DagBag from /home/airflow/.local/lib/python3.12/site-packages/airflow/example_dags/example_latest_only_with_trigger.py
[2026-09-22T17:10:38.775+0000] {processor.py:840} INFO - DAG(s) 'latest_only_with_trigger' retrieved from /home/airflow/.local/lib/python3.12/site-packages/airflow/example_dags/example_latest_only_with_trigger.py
[2026-09-22T17:10:38.794+0000] {logging_mixin.py:188} INFO - [2026-09-22T17:10:38.793+0000] {dag.py:3089} INFO - Sync 1 DAGs
[2026-09-22T17:10:38.811+0000] {logging_mixin.py:188} INFO - [2026-09-22T17:10:38.811+0000] {dag.py:3947} INFO - Setting next_dagrun for latest_only_with_trigger to 2026-09-22 12:00:00+00:00, run_after=2026-09-22 16:00:00+00:00
[2026-09-22T17:10:38.829+0000] {processor.py:183} INFO - Processing /home/airflow/.local/lib/python3.12/site-packages/airflow/example_dags/example_latest_only_with_trigger.py took 0.068 seconds
[2026-09-22T17:11:09.119+0000] {processor.py:161} INFO - Started process (PID=973) to work on /home/airflow/.local/lib/python3.12/site-packages/airflow/example_dags/example_latest_only_with_trigger.py
[2026-09-22T17:11:09.120+0000] {processor.py:830} INFO - Processing file /home/airflow/.local/lib/python3.12/site-packages/airflow/example_dags/example_latest_only_with_trigger.py for tasks to queue
[2026-09-22T17:11:09.122+0000] {logging_mixin.py:188} INFO - [2026-09-22T17:11:09.122+0000] {dagbag.py:545} INFO - Filling up the DagBag from /home/airflow/.local/lib/python3.12/site-packages/airflow/example_dags/example_latest_only_with_trigger.py
[2026-09-22T17:11:09.127+0000] {processor.py:840} INFO - DAG(s) 'latest_only_with_trigger' retrieved from /home/airflow/.local/lib/python3.12/site-packages/airflow/example_dags/example_latest_only_with_trigger.py
[2026-09-22T17:11:09.147+0000] {logging_mixin.py:188} INFO - [2026-09-22T17:11:09.147+0000] {dag.py:3089} INFO - Sync 1 DAGs
[2026-09-22T17:11:09.169+0000] {logging_mixin.py:188} INFO - [2026-09-22T17:11:09.168+0000] {dag.py:3947} INFO - Setting next_dagrun for latest_only_with_trigger to 2026-09-22 12:00:00+00:00, run_after=2026-09-22 16:00:00+00:00
[2026-09-22T17:11:09.188+0000] {processor.py:183} INFO - Processing /home/airflow/.local/lib/python3.12/site-packages/airflow/example_dags/example_latest_only_with_trigger.py took 0.076 seconds
[2026-09-22T17:11:39.370+0000] {processor.py:161} INFO - Started process (PID=1031) to work on /home/airflow/.local/lib/python3.12/site-packages/airflow/example_dags/example_latest_only_with_trigger.py
[2026-09-22T17:11:39.371+0000] {processor.py:830} INFO - Processing file /home/airflow/.local/lib/python3.12/site-packages/airflow/example_dags/example_latest_only_with_trigger.py for tasks to queue
[2026-09-22T17:11:39.374+0000] {logging_mixin.py:188} INFO - [2026-09-22T17:11:39.373+0000] {dagbag.py:545} INFO - Filling up the DagBag from /home/airflow/.local/lib/python3.12/site-packages/airflow/example_dags/example_latest_only_with_trigger.py
[2026-09-22T17:11:39.380+0000] {processor.py:840} INFO - DAG(s) 'latest_only_with_trigger' retrieved from /home/airflow/.local/lib/python3.12/site-packages/airflow/example_dags/example_latest_only_with_trigger.py
[2026-09-22T17:11:39.401+0000] {logging_mixin.py:188} INFO - [2026-09-22T17:11:39.401+0000] {dag.py:3089} INFO - Sync 1 DAGs
[2026-09-22T17:11:39.421+0000] {logging_mixin.py:188} INFO - [2026-09-22T17:11:39.420+0000] {dag.py:3947} INFO - Setting next_dagrun for latest_only_with_trigger to 2026-09-22 12:00:00+00:00, run_after=2026-09-22 16:00:00+00:00
[2026-09-22T17:11:39.441+0000] {processor.py:183} INFO - Processing /home/airflow/.local/lib/python3.12/site-packages/airflow/example_dags/example_latest_only_with_trigger.py took 0.078 seconds
[2026-09-22T17:12:09.705+0000] {processor.py:161} INFO - Started process (PID=1089) to work on /home/airflow/.local/lib/python3.12/site-packages/airflow/example_dags/example_latest_only_with_trigger.py
[2026-09-22T17:12:09.706+0000] {processor.py:830} INFO - Processing file /home/airflow/.local/lib/python3.12/site-packages/airflow/example_dags/example_latest_only_with_trigger.py for tasks to queue
[2026-09-22T17:12:09.709+0000] {logging_mixin.py:188} INFO - [2026-09-22T17:12:09.709+0000] {dagbag.py:545} INFO - Filling up the DagBag from /home/airflow/.local/lib/python3.12/site-packages/airflow/example_dags/example_latest_only_with_trigger.py
[2026-09-22T17:12:09.719+0000] {processor.py:840} INFO - DAG(s) 'latest_only_with_trigger' retrieved from /home/airflow/.local/lib/python3.12/site-packages/airflow/example_dags/example_latest_only_with_trigger.py
[2026-09-22T17:12:09.738+0000] {logging_mixin.py:188} INFO - [2026-09-22T17:12:09.738+0000] {dag.py:3089} INFO - Sync 1 DAGs
[2026-09-22T17:12:09.757+0000] {logging_mixin.py:188} INFO - [2026-09-22T17:12:09.757+0000] {dag.py:3947} INFO - Setting next_dagrun for latest_only_with_trigger to 2026-09-22 12:00:00+00:00, run_after=2026-09-22 16:00:00+00:00
[2026-09-22T17:12:09.779+0000] {processor.py:183} INFO - Processing /home/airflow/.local/lib/python3.12/site-packages/airflow/example_dags/example_latest_only_with_trigger.py took 0.084 seconds
[2026-09-22T17:12:39.831+0000] {processor.py:161} INFO - Started process (PID=1147) to work on /home/airflow/.local/lib/python3.12/site-packages/airflow/example_dags/example_latest_only_with_trigger.py
[2026-09-22T17:12:39.832+0000] {processor.py:830} INFO - Processing file /home/airflow/.local/lib/python3.12/site-packages/airflow/example_dags/example_latest_only_with_trigger.py for tasks to queue
[2026-09-22T17:12:39.834+0000] {logging_mixin.py:188} INFO - [2026-09-22T17:12:39.834+0000] {dagbag.py:545} INFO - Filling up the DagBag from /home/airflow/.local/lib/python3.12/site-packages/airflow/example_dags/example_latest_only_with_trigger.py
[2026-09-22T17:12:39.839+0000] {processor.py:840} INFO - DAG(s) 'latest_only_with_trigger' retrieved from /home/airflow/.local/lib/python3.12/site-packages/airflow/example_dags/example_latest_only_with_trigger.py
[2026-09-22T17:12:39.858+0000] {logging_mixin.py:188} INFO - [2026-09-22T17:12:39.858+0000] {dag.py:3089} INFO - Sync 1 DAGs
[2026-09-22T17:12:39.879+0000] {logging_mixin.py:188} INFO - [2026-09-22T17:12:39.878+0000] {dag.py:3947} INFO - Setting next_dagrun for latest_only_with_trigger to 2026-09-22 12:00:00+00:00, run_after=2026-09-22 16:00:00+00:00
[2026-09-22T17:12:39.901+0000] {processor.py:183} INFO - Processing /home/airflow/.local/lib/python3.12/site-packages/airflow/example_dags/example_latest_only_with_trigger.py took 0.077 seconds
[2026-09-22T17:13:10.207+0000] {processor.py:161} INFO - Started process (PID=1205) to work on /home/airflow/.local/lib/python3.12/site-packages/airflow/example_dags/example_latest_only_with_trigger.py
[2026-09-22T17:13:10.208+0000] {processor.py:830} INFO - Processing file /home/airflow/.local/lib/python3.12/site-packages/airflow/example_dags/example_latest_only_with_trigger.py for tasks to queue
[2026-09-22T17:13:10.210+0000] {logging_mixin.py:188} INFO - [2026-09-22T17:13:10.210+0000] {dagbag.py:545} INFO - Filling up the DagBag from /home/airflow/.local/lib/python3.12/site-packages/airflow/example_dags/example_latest_only_with_trigger.py
[2026-09-22T17:13:10.215+0000] {processor.py:840} INFO - DAG(s) 'latest_only_with_trigger' retrieved from /home/airflow/.local/lib/python3.12/site-packages/airflow/example_dags/example_latest_only_with_trigger.py
[2026-09-22T17:13:10.233+0000] {logging_mixin.py:188} INFO - [2026-09-22T17:13:10.233+0000] {dag.py:3089} INFO - Sync 1 DAGs
[2026-09-22T17:13:10.252+0000] {logging_mixin.py:188} INFO - [2026-09-22T17:13:10.252+0000] {dag.py:3947} INFO - Setting next_dagrun for latest_only_with_trigger to 2026-09-22 12:00:00+00:00, run_after=2026-09-22 16:00:00+00:00
[2026-09-22T17:13:10.275+0000] {processor.py:183} INFO - Processing /home/airflow/.local/lib/python3.12/site-packages/airflow/example_dags/example_latest_only_with_trigger.py took 0.073 seconds
[2026-09-22T17:13:41.283+0000] {processor.py:161} INFO - Started process (PID=1263) to work on /home/airflow/.local/lib/python3.12/site-packages/airflow/example_dags/example_latest_only_with_trigger.py
[2026-09-22T17:13:41.285+0000] {processor.py:830} INFO - Processing file /home/airflow/.local/lib/python3.12/site-packages/airflow/example_dags/example_latest_only_with_trigger.py for tasks to queue
[2026-09-22T17:13:41.292+0000] {logging_mixin.py:188} INFO - [2026-09-22T17:13:41.291+0000] {dagbag.py:545} INFO - Filling up the DagBag from /home/airflow/.local/lib/python3.12/site-packages/airflow/example_dags/example_latest_only_with_trigger.py
[2026-09-22T17:13:41.303+0000] {processor.py:840} INFO - DAG(s) 'latest_only_with_trigger' retrieved from /home/airflow/.local/lib/python3.12/site-packages/airflow/example_dags/example_latest_only_with_trigger.py
[2026-09-22T17:13:41.339+0000] {logging_mixin.py:188} INFO - [2026-09-22T17:13:41.338+0000] {dag.py:3089} INFO - Sync 1 DAGs
[2026-09-22T17:13:41.374+0000] {logging_mixin.py:188} INFO - [2026-09-22T17:13:41.373+0000] {dag.py:3947} INFO - Setting next_dagrun for latest_only_with_trigger to 2026-09-22 12:00:00+00:00, run_after=2026-09-22 16:00:00+00:00
[2026-09-22T17:13:41.409+0000] {processor.py:183} INFO - Processing /home/airflow/.local/lib/python3.12/site-packages/airflow/example_dags/example_latest_only_with_trigger.py took 0.138 seconds
