[2026-09-22T16:19:35.769+0000] {processor.py:161} INFO - Started process (PID=108) to work on /home/airflow/.local/lib/python3.12/site-packages/airflow/example_dags/example_branch_labels.py
[2026-09-22T16:19:35.771+0000] {processor.py:830} INFO - Processing file /home/airflow/.local/lib/python3.12/site-packages/airflow/example_dags/example_branch_labels.py for tasks to queue
[2026-09-22T16:19:35.773+0000] {logging_mixin.py:188} INFO - [2026-09-22T16:19:35.773+0000] {dagbag.py:545} INFO - Filling up the DagBag from /home/airflow/.local/lib/python3.12/site-packages/airflow/example_dags/example_branch_labels.py
[2026-09-22T16:19:35.783+0000] {processor.py:840} INFO - DAG(s) 'example_branch_labels' retrieved from /home/airflow/.local/lib/python3.12/site-packages/airflow/example_dags/example_branch_labels.py
[2026-09-22T16:19:36.144+0000] {logging_mixin.py:188} INFO - [2026-09-22T16:19:36.144+0000] {dag.py:3089} INFO - Sync 1 DAGs
[2026-09-22T16:19:36.171+0000] {logging_mixin.py:188} INFO - [2026-09-22T16:19:36.171+0000] {dag.py:3947} INFO - Setting next_dagrun for example_branch_labels to 2026-09-21 00:00:00+00:00, run_after=2026-09-22 00:00:00+00:00
[2026-09-22T16:19:36.202+0000] {processor.py:183} INFO - Processing /home/airflow/.local/lib/python3.12/site-packages/airflow/example_dags/example_branch_labels.py took 0.442 seconds
[2026-09-22T16:20:06.979+0000] {processor.py:161} INFO - Started process (PID=166) to work on /home/airflow/.local/lib/python3.12/site-packages/airflow/example_dags/example_branch_labels.py
[2026-09-22T16:20:06.981+0000] {processor.py:830} INFO - Processing file /home/airflow/.local/lib/python3.12/site-packages/airflow/example_dags/example_branch_labels.py for tasks to queue
[2026-09-22T16:20:06.985+0000] {logging_mixin.py:188} INFO - [2026-09-22T16:20:06.985+0000] {dagbag.py:545} INFO - Filling up the DagBag from /home/airflow/.local/lib/python3.12/site-packages/airflow/example_dags/example_branch_labels.py
[2026-09-22T16:20:06.996+0000] {processor.py:840} INFO - DAG(s) 'example_branch_labels' retrieved from /home/airflow/.local/lib/python3.12/site-packages/airflow/example_dags/example_branch_labels.py
[2026-09-22T16:20:07.031+0000] {logging_mixin.py:188} INFO - [2026-09-22T16:20:07.031+0000] {dag.py:3089} INFO - Sync 1 DAGs
[2026-09-22T16:20:07.080+0000] {logging_mixin.py:188} INFO - [2026-09-22T16:20:07.079+0000] {dag.py:3947} INFO - Setting next_dagrun for example_branch_labels to 2026-09-21 00:00:00+00:00, run_after=2026-09-22 00:00:00+00:00
[2026-09-22T16:20:07.168+0000] {processor.py:183} INFO - Processing /home/airflow/.local/lib/python3.12/site-packages/airflow/example_dags/example_branch_labels.py took 0.201 seconds
[2026-09-22T16:20:37.633+0000] {processor.py:161} INFO - Started process (PID=223) to work on /home/airflow/.local/lib/python3.12/site-packages/airflow/example_dags/example_branch_labels.py
[2026-09-22T16:20:37.636+0000] {processor.py:830} INFO - Processing file /home/airflow/.local/lib/python3.12/site-packages/airflow/example_dags/example_branch_labels.py for tasks to queue
[2026-09-22T16:20:37.639+0000] {logging_mixin.py:188} INFO - [2026-09-22T16:20:37.639+0000] {dagbag.py:545} INFO - Filling up the DagBag from /home/airflow/.local/lib/python3.12/site-packages/airflow/example_dags/example_branch_labels.py
[2026-09-22T16:20:37.654+0000] {processor.py:840} INFO - DAG(s) 'example_branch_labels' retrieved from /home/airflow/.local/lib/python3.12/site-packages/airflow/example_dags/example_branch_labels.py
[2026-09-22T16:20:37.685+0000] {logging_mixin.py:188} INFO - [2026-09-22T16:20:37.684+0000] {dag.py:3089} INFO - Sync 1 DAGs
[2026-09-22T16:20:37.715+0000] {logging_mixin.py:188} INFO - [2026-09-22T16:20:37.714+0000] {dag.py:3947} INFO - Setting next_dagrun for example_branch_labels to 2026-09-21 00:00:00+00:00, run_after=2026-09-22 00:00:00+00:00
[2026-09-22T16:20:37.740+0000] {processor.py:183} INFO - Processing /home/airflow/.local/lib/python3.12/site-packages/airflow/example_dags/example_branch_labels.py took 0.118 seconds
[2026-09-22T16:21:08.291+0000] {processor.py:161} INFO - Started process (PID=281) to work on /home/airflow/.local/lib/python3.12/site-packages/airflow/example_dags/example_branch_labels.py
[2026-09-22T16:21:08.293+0000] {processor.py:830} INFO - Processing file /home/airflow/.local/lib/python3.12/site-packages/airflow/example_dags/example_branch_labels.py for tasks to queue
[2026-09-22T16:21:08.296+0000] {logging_mixin.py:188} INFO - [2026-09-22T16:21:08.295+0000] {dagbag.py:545} INFO - Filling up the DagBag from /home/airflow/.local/lib/python3.12/site-packages/airflow/example_dags/example_branch_labels.py
[2026-09-22T16:21:08.306+0000] {processor.py:840} INFO - DAG(s) 'example_branch_labels' retrieved from /home/airflow/.local/lib/python3.12/site-packages/airflow/example_dags/example_branch_labels.py
[2026-09-22T16:21:08.335+0000] {logging_mixin.py:188} INFO - [2026-09-22T16:21:08.335+0000] {dag.py:3089} INFO - Sync 1 DAGs
[2026-09-22T16:21:08.364+0000] {logging_mixin.py:188} INFO - [2026-09-22T16:21:08.364+0000] {dag.py:3947} INFO - Setting next_dagrun for example_branch_labels to 2026-09-21 00:00:00+00:00, run_after=2026-09-22 00:00:00+00:00
[2026-09-22T16:21:08.444+0000] {processor.py:183} INFO - Processing /home/airflow/.local/lib/python3.12/site-packages/airflow/example_dags/example_branch_labels.py took 0.162 seconds
[2026-09-22T16:21:39.087+0000] {processor.py:161} INFO - Started process (PID=339) to work on /home/airflow/.local/lib/python3.12/site-packages/airflow/example_dags/example_branch_labels.py
[2026-09-22T16:21:39.089+0000] {processor.py:830} INFO - Processing file /home/airflow/.local/lib/python3.12/site-packages/airflow/example_dags/example_branch_labels.py for tasks to queue
[2026-09-22T16:21:39.091+0000] {logging_mixin.py:188} INFO - [2026-09-22T16:21:39.091+0000] {dagbag.py:545} INFO - Filling up the DagBag from /home/airflow/.local/lib/python3.12/site-packages/airflow/example_dags/example_branch_labels.py
[2026-09-22T16:21:39.101+0000] {processor.py:840} INFO - DAG(s) 'example_branch_labels' retrieved from /home/airflow/.local/lib/python3.12/site-packages/airflow/example_dags/example_branch_labels.py
[2026-09-22T16:21:39.131+0000] {logging_mixin.py:188} INFO - [2026-09-22T16:21:39.131+0000] {dag.py:3089} INFO - Sync 1 DAGs
[2026-09-22T16:21:39.160+0000] {logging_mixin.py:188} INFO - [2026-09-22T16:21:39.160+0000] {dag.py:3947} INFO - Setting next_dagrun for example_branch_labels to 2026-09-21 00:00:00+00:00, run_after=2026-09-22 00:00:00+00:00
[2026-09-22T16:21:39.188+0000] {processor.py:183} INFO - Processing /home/airflow/.local/lib/python3.12/site-packages/airflow/example_dags/example_branch_labels.py took 0.114 seconds
[2026-09-22T16:22:09.758+0000] {processor.py:161} INFO - Started process (PID=397) to work on /home/airflow/.local/lib/python3.12/site-packages/airflow/example_dags/example_branch_labels.py
[2026-09-22T16:22:09.760+0000] {processor.py:830} INFO - Processing file /home/airflow/.local/lib/python3.12/site-packages/airflow/example_dags/example_branch_labels.py for tasks to queue
[2026-09-22T16:22:09.763+0000] {logging_mixin.py:188} INFO - [2026-09-22T16:22:09.762+0000] {dagbag.py:545} INFO - Filling up the DagBag from /home/airflow/.local/lib/python3.12/site-packages/airflow/example_dags/example_branch_labels.py
[2026-09-22T16:22:09.774+0000] {processor.py:840} INFO - DAG(s) 'example_branch_labels' retrieved from /home/airflow/.local/lib/python3.12/site-packages/airflow/example_dags/example_branch_labels.py
[2026-09-22T16:22:09.800+0000] {logging_mixin.py:188} INFO - [2026-09-22T16:22:09.799+0000] {dag.py:3089} INFO - Sync 1 DAGs
[2026-09-22T16:22:09.826+0000] {logging_mixin.py:188} INFO - [2026-09-22T16:22:09.825+0000] {dag.py:3947} INFO - Setting next_dagrun for example_branch_labels to 2026-09-21 00:00:00+00:00, run_after=2026-09-22 00:00:00+00:00
[2026-09-22T16:22:09.852+0000] {processor.py:183} INFO - Processing /home/airflow/.local/lib/python3.12/site-packages/airflow/example_dags/example_branch_labels.py took 0.102 seconds
[2026-09-22T16:22:40.115+0000] {processor.py:161} INFO - Started process (PID=455) to work on /home/airflow/.local/lib/python3.12/site-packages/airflow/example_dags/example_branch_labels.py
[2026-09-22T16:22:40.118+0000] {processor.py:830} INFO - Processing file /home/airflow/.local/lib/python3.12/site-packages/airflow/example_dags/example_branch_labels.py for tasks to queue
[2026-09-22T16:22:40.124+0000] {logging_mixin.py:188} INFO - [2026-09-22T16:22:40.123+0000] {dagbag.py:545} INFO - Filling up the DagBag from /home/airflow/.local/lib/python3.12/site-packages/airflow/example_dags/example_branch_labels.py
[2026-09-22T16:22:40.145+0000] {processor.py:840} INFO - DAG(s) 'example_branch_labels' retrieved from /home/airflow/.local/lib/python3.12/site-packages/airflow/example_dags/example_branch_labels.py
[2026-09-22T16:22:40.205+0000] {logging_mixin.py:188} INFO - [2026-09-22T16:22:40.205+0000] {dag.py:3089} INFO - Sync 1 DAGs
[2026-09-22T16:22:40.261+0000] {logging_mixin.py:188} INFO - [2026-09-22T16:22:40.261+0000] {dag.py:3947} INFO - Setting next_dagrun for example_branch_labels to 2026-09-21 00:00:00+00:00, run_after=2026-09-22 00:00:00+00:00
[2026-09-22T16:22:40.354+0000] {processor.py:183} INFO - Processing /home/airflow/.local/lib/python3.12/site-packages/airflow/example_dags/example_branch_labels.py took 0.252 seconds
[2026-09-22T16:23:10.427+0000] {processor.py:161} INFO - Started process (PID=513) to work on /home/airflow/.local/lib/python3.12/site-packages/airflow/example_dags/example_branch_labels.py
[2026-09-22T16:23:10.429+0000] {processor.py:830} INFO - Processing file /home/airflow/.local/lib/python3.12/site-packages/airflow/example_dags/example_branch_labels.py for tasks to queue
[2026-09-22T16:23:10.432+0000] {logging_mixin.py:188} INFO - [2026-09-22T16:23:10.432+0000] {dagbag.py:545} INFO - Filling up the DagBag from /home/airflow/.local/lib/python3.12/site-packages/airflow/example_dags/example_branch_labels.py
[2026-09-22T16:23:10.444+0000] {processor.py:840} INFO - DAG(s) 'example_branch_labels' retrieved from /home/airflow/.local/lib/python3.12/site-packages/airflow/example_dags/example_branch_labels.py
[2026-09-22T16:23:10.470+0000] {logging_mixin.py:188} INFO - [2026-09-22T16:23:10.469+0000] {dag.py:3089} INFO - Sync 1 DAGs
[2026-09-22T16:23:10.509+0000] {logging_mixin.py:188} INFO - [2026-09-22T16:23:10.509+0000] {dag.py:3947} INFO - Setting next_dagrun for example_branch_labels to 2026-09-21 00:00:00+00:00, run_after=2026-09-22 00:00:00+00:00
[2026-09-22T16:23:10.550+0000] {processor.py:183} INFO - Processing /home/airflow/.local/lib/python3.12/site-packages/airflow/example_dags/example_branch_labels.py took 0.132 seconds
[2026-09-22T16:23:41.028+0000] {processor.py:161} INFO - Started process (PID=571) to work on /home/airflow/.local/lib/python3.12/site-packages/airflow/example_dags/example_branch_labels.py
[2026-09-22T16:23:41.030+0000] {processor.py:830} INFO - Processing file /home/airflow/.local/lib/python3.12/site-packages/airflow/example_dags/example_branch_labels.py for tasks to queue
[2026-09-22T16:23:41.034+0000] {logging_mixin.py:188} INFO - [2026-09-22T16:23:41.033+0000] {dagbag.py:545} INFO - Filling up the DagBag from /home/airflow/.local/lib/python3.12/site-packages/airflow/example_dags/example_branch_labels.py
[2026-09-22T16:23:41.048+0000] {processor.py:840} INFO - DAG(s) 'example_branch_labels' retrieved from /home/airflow/.local/lib/python3.12/site-packages/airflow/example_dags/example_branch_labels.py
[2026-09-22T16:23:41.080+0000] {logging_mixin.py:188} INFO - [2026-09-22T16:23:41.080+0000] {dag.py:3089} INFO - Sync 1 DAGs
[2026-09-22T16:23:41.111+0000] {logging_mixin.py:188} INFO - [2026-09-22T16:23:41.111+0000] {dag.py:3947} INFO - Setting next_dagrun for example_branch_labels to 2026-09-21 00:00:00+00:00, run_after=2026-09-22 00:00:00+00:00
[2026-09-22T16:23:41.199+0000] {processor.py:183} INFO - Processing /home/airflow/.local/lib/python3.12/site-packages/airflow/example_dags/example_branch_labels.py took 0.180 seconds
[2026-09-22T16:24:11.315+0000] {processor.py:161} INFO - Started process (PID=629) to work on /home/airflow/.local/lib/python3.12/site-packages/airflow/example_dags/example_branch_labels.py
[2026-09-22T16:24:11.317+0000] {processor.py:830} INFO - Processing file /home/airflow/.local/lib/python3.12/site-packages/airflow/example_dags/example_branch_labels.py for tasks to queue
[2026-09-22T16:24:11.321+0000] {logging_mixin.py:188} INFO - [2026-09-22T16:24:11.321+0000] {dagbag.py:545} INFO - Filling up the DagBag from /home/airflow/.local/lib/python3.12/site-packages/airflow/example_dags/example_branch_labels.py
[2026-09-22T16:24:11.336+0000] {processor.py:840} INFO - DAG(s) 'example_branch_labels' retrieved from /home/airflow/.local/lib/python3.12/site-packages/airflow/example_dags/example_branch_labels.py
[2026-09-22T16:24:11.365+0000] {logging_mixin.py:188} INFO - [2026-09-22T16:24:11.365+0000] {dag.py:3089} INFO - Sync 1 DAGs
[2026-09-22T16:24:11.395+0000] {logging_mixin.py:188} INFO - [2026-09-22T16:24:11.395+0000] {dag.py:3947} INFO - Setting next_dagrun for example_branch_labels to 2026-09-21 00:00:00+00:00, run_after=2026-09-22 00:00:00+00:00
[2026-09-22T16:24:11.455+0000] {processor.py:183} INFO - Processing /home/airflow/.local/lib/python3.12/site-packages/airflow/example_dags/example_branch_labels.py took 0.148 seconds
[2026-09-22T16:24:41.654+0000] {processor.py:161} INFO - Started process (PID=686) to work on /home/airflow/.local/lib/python3.12/site-packages/airflow/example_dags/example_branch_labels.py
[2026-09-22T16:24:41.656+0000] {processor.py:830} INFO - Processing file /home/airflow/.local/lib/python3.12/site-packages/airflow/example_dags/example_branch_labels.py for tasks to queue
[2026-09-22T16:24:41.659+0000] {logging_mixin.py:188} INFO - [2026-09-22T16:24:41.659+0000] {dagbag.py:545} INFO - Filling up the DagBag from /home/airflow/.local/lib/python3.12/site-packages/airflow/example_dags/example_branch_labels.py
[2026-09-22T16:24:41.670+0000] {processor.py:840} INFO - DAG(s) 'example_branch_labels' retrieved from /home/airflow/.local/lib/python3.12/site-packages/airflow/example_dags/example_branch_labels.py
[2026-09-22T16:24:41.704+0000] {logging_mixin.py:188} INFO - [2026-09-22T16:24:41.703+0000] {dag.py:3089} INFO - Sync 1 DAGs
[2026-09-22T16:24:41.742+0000] {logging_mixin.py:188} INFO - [2026-09-22T16:24:41.741+0000] {dag.py:3947} INFO - Setting next_dagrun for example_branch_labels to 2026-09-21 00:00:00+00:00, run_after=2026-09-22 00:00:00+00:00
[2026-09-22T16:24:41.790+0000] {processor.py:183} INFO - Processing /home/airflow/.local/lib/python3.12/site-packages/airflow/example_dags/example_branch_labels.py took 0.145 seconds
[2026-09-22T16:25:12.081+0000] {processor.py:161} INFO - Started process (PID=744) to work on /home/airflow/.local/lib/python3.12/site-packages/airflow/example_dags/example_branch_labels.py
[2026-09-22T16:25:12.083+0000] {processor.py:830} INFO - Processing file /home/airflow/.local/lib/python3.12/site-packages/airflow/example_dags/example_branch_labels.py for tasks to queue
[2026-09-22T16:25:12.087+0000] {logging_mixin.py:188} INFO - [2026-09-22T16:25:12.085+0000] {dagbag.py:545} INFO - Filling up the DagBag from /home/airflow/.local/lib/python3.12/site-packages/airflow/example_dags/example_branch_labels.py
[2026-09-22T16:25:12.099+0000] {processor.py:840} INFO - DAG(s) 'example_branch_labels' retrieved from /home/airflow/.local/lib/python3.12/site-packages/airflow/example_dags/example_branch_labels.py
[2026-09-22T16:25:12.141+0000] {logging_mixin.py:188} INFO - [2026-09-22T16:25:12.140+0000] {dag.py:3089} INFO - Sync 1 DAGs
[2026-09-22T16:25:12.182+0000] {logging_mixin.py:188} INFO - [2026-09-22T16:25:12.182+0000] {dag.py:3947} INFO - Setting next_dagrun for example_branch_labels to 2026-09-21 00:00:00+00:00, run_after=2026-09-22 00:00:00+00:00
[2026-09-22T16:25:12.262+0000] {processor.py:183} INFO - Processing /home/airflow/.local/lib/python3.12/site-packages/airflow/example_dags/example_branch_labels.py took 0.190 seconds
[2026-09-22T16:25:42.555+0000] {processor.py:161} INFO - Started process (PID=802) to work on /home/airflow/.local/lib/python3.12/site-packages/airflow/example_dags/example_branch_labels.py
[2026-09-22T16:25:42.558+0000] {processor.py:830} INFO - Processing file /home/airflow/.local/lib/python3.12/site-packages/airflow/example_dags/example_branch_labels.py for tasks to queue
[2026-09-22T16:25:42.562+0000] {logging_mixin.py:188} INFO - [2026-09-22T16:25:42.561+0000] {dagbag.py:545} INFO - Filling up the DagBag from /home/airflow/.local/lib/python3.12/site-packages/airflow/example_dags/example_branch_labels.py
[2026-09-22T16:25:42.573+0000] {processor.py:840} INFO - DAG(s) 'example_branch_labels' retrieved from /home/airflow/.local/lib/python3.12/site-packages/airflow/example_dags/example_branch_labels.py
[2026-09-22T16:25:42.617+0000] {logging_mixin.py:188} INFO - [2026-09-22T16:25:42.616+0000] {dag.py:3089} INFO - Sync 1 DAGs
[2026-09-22T16:25:42.666+0000] {logging_mixin.py:188} INFO - [2026-09-22T16:25:42.666+0000] {dag.py:3947} INFO - Setting next_dagrun for example_branch_labels to 2026-09-21 00:00:00+00:00, run_after=2026-09-22 00:00:00+00:00
[2026-09-22T16:25:42.706+0000] {processor.py:183} INFO - Processing /home/airflow/.local/lib/python3.12/site-packages/airflow/example_dags/example_branch_labels.py took 0.163 seconds
[2026-09-22T16:26:13.342+0000] {processor.py:161} INFO - Started process (PID=860) to work on /home/airflow/.local/lib/python3.12/site-packages/airflow/example_dags/example_branch_labels.py
[2026-09-22T16:26:13.344+0000] {processor.py:830} INFO - Processing file /home/airflow/.local/lib/python3.12/site-packages/airflow/example_dags/example_branch_labels.py for tasks to queue
[2026-09-22T16:26:13.348+0000] {logging_mixin.py:188} INFO - [2026-09-22T16:26:13.348+0000] {dagbag.py:545} INFO - Filling up the DagBag from /home/airflow/.local/lib/python3.12/site-packages/airflow/example_dags/example_branch_labels.py
[2026-09-22T16:26:13.362+0000] {processor.py:840} INFO - DAG(s) 'example_branch_labels' retrieved from /home/airflow/.local/lib/python3.12/site-packages/airflow/example_dags/example_branch_labels.py
[2026-09-22T16:26:13.401+0000] {logging_mixin.py:188} INFO - [2026-09-22T16:26:13.400+0000] {dag.py:3089} INFO - Sync 1 DAGs
[2026-09-22T16:26:13.436+0000] {logging_mixin.py:188} INFO - [2026-09-22T16:26:13.436+0000] {dag.py:3947} INFO - Setting next_dagrun for example_branch_labels to 2026-09-21 00:00:00+00:00, run_after=2026-09-22 00:00:00+00:00
[2026-09-22T16:26:13.469+0000] {processor.py:183} INFO - Processing /home/airflow/.local/lib/python3.12/site-packages/airflow/example_dags/example_branch_labels.py took 0.136 seconds
[2026-09-22T16:26:43.651+0000] {processor.py:161} INFO - Started process (PID=918) to work on /home/airflow/.local/lib/python3.12/site-packages/airflow/example_dags/example_branch_labels.py
[2026-09-22T16:26:43.653+0000] {processor.py:830} INFO - Processing file /home/airflow/.local/lib/python3.12/site-packages/airflow/example_dags/example_branch_labels.py for tasks to queue
[2026-09-22T16:26:43.656+0000] {logging_mixin.py:188} INFO - [2026-09-22T16:26:43.655+0000] {dagbag.py:545} INFO - Filling up the DagBag from /home/airflow/.local/lib/python3.12/site-packages/airflow/example_dags/example_branch_labels.py
[2026-09-22T16:26:43.667+0000] {processor.py:840} INFO - DAG(s) 'example_branch_labels' retrieved from /home/airflow/.local/lib/python3.12/site-packages/airflow/example_dags/example_branch_labels.py
[2026-09-22T16:26:43.698+0000] {logging_mixin.py:188} INFO - [2026-09-22T16:26:43.698+0000] {dag.py:3089} INFO - Sync 1 DAGs
[2026-09-22T16:26:43.725+0000] {logging_mixin.py:188} INFO - [2026-09-22T16:26:43.725+0000] {dag.py:3947} INFO - Setting next_dagrun for example_branch_labels to 2026-09-21 00:00:00+00:00, run_after=2026-09-22 00:00:00+00:00
[2026-09-22T16:26:43.759+0000] {processor.py:183} INFO - Processing /home/airflow/.local/lib/python3.12/site-packages/airflow/example_dags/example_branch_labels.py took 0.117 seconds
[2026-09-22T16:27:14.331+0000] {processor.py:161} INFO - Started process (PID=976) to work on /home/airflow/.local/lib/python3.12/site-packages/airflow/example_dags/example_branch_labels.py
[2026-09-22T16:27:14.333+0000] {processor.py:830} INFO - Processing file /home/airflow/.local/lib/python3.12/site-packages/airflow/example_dags/example_branch_labels.py for tasks to queue
[2026-09-22T16:27:14.336+0000] {logging_mixin.py:188} INFO - [2026-09-22T16:27:14.335+0000] {dagbag.py:545} INFO - Filling up the DagBag from /home/airflow/.local/lib/python3.12/site-packages/airflow/example_dags/example_branch_labels.py
[2026-09-22T16:27:14.346+0000] {processor.py:840} INFO - DAG(s) 'example_branch_labels' retrieved from /home/airflow/.local/lib/python3.12/site-packages/airflow/example_dags/example_branch_labels.py
[2026-09-22T16:27:14.377+0000] {logging_mixin.py:188} INFO - [2026-09-22T16:27:14.377+0000] {dag.py:3089} INFO - Sync 1 DAGs
[2026-09-22T16:27:14.412+0000] {logging_mixin.py:188} INFO - [2026-09-22T16:27:14.412+0000] {dag.py:3947} INFO - Setting next_dagrun for example_branch_labels to 2026-09-21 00:00:00+00:00, run_after=2026-09-22 00:00:00+00:00
[2026-09-22T16:27:14.451+0000] {processor.py:183} INFO - Processing /home/airflow/.local/lib/python3.12/site-packages/airflow/example_dags/example_branch_labels.py took 0.131 seconds
[2026-09-22T16:27:44.658+0000] {processor.py:161} INFO - Started process (PID=1034) to work on /home/airflow/.local/lib/python3.12/site-packages/airflow/example_dags/example_branch_labels.py
[2026-09-22T16:27:44.660+0000] {processor.py:830} INFO - Processing file /home/airflow/.local/lib/python3.12/site-packages/airflow/example_dags/example_branch_labels.py for tasks to queue
[2026-09-22T16:27:44.663+0000] {logging_mixin.py:188} INFO - [2026-09-22T16:27:44.663+0000] {dagbag.py:545} INFO - Filling up the DagBag from /home/airflow/.local/lib/python3.12/site-packages/airflow/example_dags/example_branch_labels.py
[2026-09-22T16:27:44.676+0000] {processor.py:840} INFO - DAG(s) 'example_branch_labels' retrieved from /home/airflow/.local/lib/python3.12/site-packages/airflow/example_dags/example_branch_labels.py
[2026-09-22T16:27:44.706+0000] {logging_mixin.py:188} INFO - [2026-09-22T16:27:44.706+0000] {dag.py:3089} INFO - Sync 1 DAGs
[2026-09-22T16:27:44.738+0000] {logging_mixin.py:188} INFO - [2026-09-22T16:27:44.737+0000] {dag.py:3947} INFO - Setting next_dagrun for example_branch_labels to 2026-09-21 00:00:00+00:00, run_after=2026-09-22 00:00:00+00:00
[2026-09-22T16:27:44.821+0000] {processor.py:183} INFO - Processing /home/airflow/.local/lib/python3.12/site-packages/airflow/example_dags/example_branch_labels.py took 0.172 seconds
[2026-09-22T16:28:15.354+0000] {processor.py:161} INFO - Started process (PID=1092) to work on /home/airflow/.local/lib/python3.12/site-packages/airflow/example_dags/example_branch_labels.py
[2026-09-22T16:28:15.356+0000] {processor.py:830} INFO - Processing file /home/airflow/.local/lib/python3.12/site-packages/airflow/example_dags/example_branch_labels.py for tasks to queue
[2026-09-22T16:28:15.360+0000] {logging_mixin.py:188} INFO - [2026-09-22T16:28:15.360+0000] {dagbag.py:545} INFO - Filling up the DagBag from /home/airflow/.local/lib/python3.12/site-packages/airflow/example_dags/example_branch_labels.py
[2026-09-22T16:28:15.375+0000] {processor.py:840} INFO - DAG(s) 'example_branch_labels' retrieved from /home/airflow/.local/lib/python3.12/site-packages/airflow/example_dags/example_branch_labels.py
[2026-09-22T16:28:15.406+0000] {logging_mixin.py:188} INFO - [2026-09-22T16:28:15.405+0000] {dag.py:3089} INFO - Sync 1 DAGs
[2026-09-22T16:28:15.442+0000] {logging_mixin.py:188} INFO - [2026-09-22T16:28:15.442+0000] {dag.py:3947} INFO - Setting next_dagrun for example_branch_labels to 2026-09-21 00:00:00+00:00, run_after=2026-09-22 00:00:00+00:00
[2026-09-22T16:28:15.544+0000] {processor.py:183} INFO - Processing /home/airflow/.local/lib/python3.12/site-packages/airflow/example_dags/example_branch_labels.py took 0.199 seconds
[2026-09-22T16:28:45.698+0000] {processor.py:161} INFO - Started process (PID=1150) to work on /home/airflow/.local/lib/python3.12/site-packages/airflow/example_dags/example_branch_labels.py
[2026-09-22T16:28:45.700+0000] {processor.py:830} INFO - Processing file /home/airflow/.local/lib/python3.12/site-packages/airflow/example_dags/example_branch_labels.py for tasks to queue
[2026-09-22T16:28:45.704+0000] {logging_mixin.py:188} INFO - [2026-09-22T16:28:45.703+0000] {dagbag.py:545} INFO - Filling up the DagBag from /home/airflow/.local/lib/python3.12/site-packages/airflow/example_dags/example_branch_labels.py
[2026-09-22T16:28:45.715+0000] {processor.py:840} INFO - DAG(s) 'example_branch_labels' retrieved from /home/airflow/.local/lib/python3.12/site-packages/airflow/example_dags/example_branch_labels.py
[2026-09-22T16:28:45.742+0000] {logging_mixin.py:188} INFO - [2026-09-22T16:28:45.741+0000] {dag.py:3089} INFO - Sync 1 DAGs
[2026-09-22T16:28:45.766+0000] {logging_mixin.py:188} INFO - [2026-09-22T16:28:45.766+0000] {dag.py:3947} INFO - Setting next_dagrun for example_branch_labels to 2026-09-21 00:00:00+00:00, run_after=2026-09-22 00:00:00+00:00
[2026-09-22T16:28:45.854+0000] {processor.py:183} INFO - Processing /home/airflow/.local/lib/python3.12/site-packages/airflow/example_dags/example_branch_labels.py took 0.166 seconds
[2026-09-22T16:29:16.420+0000] {processor.py:161} INFO - Started process (PID=1208) to work on /home/airflow/.local/lib/python3.12/site-packages/airflow/example_dags/example_branch_labels.py
[2026-09-22T16:29:16.422+0000] {processor.py:830} INFO - Processing file /home/airflow/.local/lib/python3.12/site-packages/airflow/example_dags/example_branch_labels.py for tasks to queue
[2026-09-22T16:29:16.426+0000] {logging_mixin.py:188} INFO - [2026-09-22T16:29:16.425+0000] {dagbag.py:545} INFO - Filling up the DagBag from /home/airflow/.local/lib/python3.12/site-packages/airflow/example_dags/example_branch_labels.py
[2026-09-22T16:29:16.438+0000] {processor.py:840} INFO - DAG(s) 'example_branch_labels' retrieved from /home/airflow/.local/lib/python3.12/site-packages/airflow/example_dags/example_branch_labels.py
[2026-09-22T16:29:16.465+0000] {logging_mixin.py:188} INFO - [2026-09-22T16:29:16.465+0000] {dag.py:3089} INFO - Sync 1 DAGs
[2026-09-22T16:29:16.493+0000] {logging_mixin.py:188} INFO - [2026-09-22T16:29:16.493+0000] {dag.py:3947} INFO - Setting next_dagrun for example_branch_labels to 2026-09-21 00:00:00+00:00, run_after=2026-09-22 00:00:00+00:00
[2026-09-22T16:29:16.519+0000] {processor.py:183} INFO - Processing /home/airflow/.local/lib/python3.12/site-packages/airflow/example_dags/example_branch_labels.py took 0.108 seconds
[2026-09-22T16:29:46.891+0000] {processor.py:161} INFO - Started process (PID=1265) to work on /home/airflow/.local/lib/python3.12/site-packages/airflow/example_dags/example_branch_labels.py
[2026-09-22T16:29:46.893+0000] {processor.py:830} INFO - Processing file /home/airflow/.local/lib/python3.12/site-packages/airflow/example_dags/example_branch_labels.py for tasks to queue
[2026-09-22T16:29:46.896+0000] {logging_mixin.py:188} INFO - [2026-09-22T16:29:46.895+0000] {dagbag.py:545} INFO - Filling up the DagBag from /home/airflow/.local/lib/python3.12/site-packages/airflow/example_dags/example_branch_labels.py
[2026-09-22T16:29:46.908+0000] {processor.py:840} INFO - DAG(s) 'example_branch_labels' retrieved from /home/airflow/.local/lib/python3.12/site-packages/airflow/example_dags/example_branch_labels.py
[2026-09-22T16:29:46.939+0000] {logging_mixin.py:188} INFO - [2026-09-22T16:29:46.939+0000] {dag.py:3089} INFO - Sync 1 DAGs
[2026-09-22T16:29:46.969+0000] {logging_mixin.py:188} INFO - [2026-09-22T16:29:46.969+0000] {dag.py:3947} INFO - Setting next_dagrun for example_branch_labels to 2026-09-21 00:00:00+00:00, run_after=2026-09-22 00:00:00+00:00
[2026-09-22T16:29:47.005+0000] {processor.py:183} INFO - Processing /home/airflow/.local/lib/python3.12/site-packages/airflow/example_dags/example_branch_labels.py took 0.121 seconds
[2026-09-22T16:30:17.258+0000] {processor.py:161} INFO - Started process (PID=1323) to work on /home/airflow/.local/lib/python3.12/site-packages/airflow/example_dags/example_branch_labels.py
[2026-09-22T16:30:17.260+0000] {processor.py:830} INFO - Processing file /home/airflow/.local/lib/python3.12/site-packages/airflow/example_dags/example_branch_labels.py for tasks to queue
[2026-09-22T16:30:17.263+0000] {logging_mixin.py:188} INFO - [2026-09-22T16:30:17.262+0000] {dagbag.py:545} INFO - Filling up the DagBag from /home/airflow/.local/lib/python3.12/site-packages/airflow/example_dags/example_branch_labels.py
[2026-09-22T16:30:17.272+0000] {processor.py:840} INFO - DAG(s) 'example_branch_labels' retrieved from /home/airflow/.local/lib/python3.12/site-packages/airflow/example_dags/example_branch_labels.py
[2026-09-22T16:30:17.297+0000] {logging_mixin.py:188} INFO - [2026-09-22T16:30:17.297+0000] {dag.py:3089} INFO - Sync 1 DAGs
[2026-09-22T16:30:17.323+0000] {logging_mixin.py:188} INFO - [2026-09-22T16:30:17.323+0000] {dag.py:3947} INFO - Setting next_dagrun for example_branch_labels to 2026-09-21 00:00:00+00:00, run_after=2026-09-22 00:00:00+00:00
[2026-09-22T16:30:17.402+0000] {processor.py:183} INFO - Processing /home/airflow/.local/lib/python3.12/site-packages/airflow/example_dags/example_branch_labels.py took 0.155 seconds
[2026-09-22T16:30:47.698+0000] {processor.py:161} INFO - Started process (PID=1381) to work on /home/airflow/.local/lib/python3.12/site-packages/airflow/example_dags/example_branch_labels.py
[2026-09-22T16:30:47.699+0000] {processor.py:830} INFO - Processing file /home/airflow/.local/lib/python3.12/site-packages/airflow/example_dags/example_branch_labels.py for tasks to queue
[2026-09-22T16:30:47.702+0000] {logging_mixin.py:188} INFO - [2026-09-22T16:30:47.702+0000] {dagbag.py:545} INFO - Filling up the DagBag from /home/airflow/.local/lib/python3.12/site-packages/airflow/example_dags/example_branch_labels.py
[2026-09-22T16:30:47.715+0000] {processor.py:840} INFO - DAG(s) 'example_branch_labels' retrieved from /home/airflow/.local/lib/python3.12/site-packages/airflow/example_dags/example_branch_labels.py
[2026-09-22T16:30:47.755+0000] {logging_mixin.py:188} INFO - [2026-09-22T16:30:47.754+0000] {dag.py:3089} INFO - Sync 1 DAGs
[2026-09-22T16:30:47.800+0000] {logging_mixin.py:188} INFO - [2026-09-22T16:30:47.799+0000] {dag.py:3947} INFO - Setting next_dagrun for example_branch_labels to 2026-09-21 00:00:00+00:00, run_after=2026-09-22 00:00:00+00:00
[2026-09-22T16:30:47.888+0000] {processor.py:183} INFO - Processing /home/airflow/.local/lib/python3.12/site-packages/airflow/example_dags/example_branch_labels.py took 0.200 seconds
[2026-09-22T16:31:18.536+0000] {processor.py:161} INFO - Started process (PID=1439) to work on /home/airflow/.local/lib/python3.12/site-packages/airflow/example_dags/example_branch_labels.py
[2026-09-22T16:31:18.537+0000] {processor.py:830} INFO - Processing file /home/airflow/.local/lib/python3.12/site-packages/airflow/example_dags/example_branch_labels.py for tasks to queue
[2026-09-22T16:31:18.540+0000] {logging_mixin.py:188} INFO - [2026-09-22T16:31:18.539+0000] {dagbag.py:545} INFO - Filling up the DagBag from /home/airflow/.local/lib/python3.12/site-packages/airflow/example_dags/example_branch_labels.py
[2026-09-22T16:31:18.548+0000] {processor.py:840} INFO - DAG(s) 'example_branch_labels' retrieved from /home/airflow/.local/lib/python3.12/site-packages/airflow/example_dags/example_branch_labels.py
[2026-09-22T16:31:18.578+0000] {logging_mixin.py:188} INFO - [2026-09-22T16:31:18.577+0000] {dag.py:3089} INFO - Sync 1 DAGs
[2026-09-22T16:31:18.608+0000] {logging_mixin.py:188} INFO - [2026-09-22T16:31:18.608+0000] {dag.py:3947} INFO - Setting next_dagrun for example_branch_labels to 2026-09-21 00:00:00+00:00, run_after=2026-09-22 00:00:00+00:00
[2026-09-22T16:31:18.703+0000] {processor.py:183} INFO - Processing /home/airflow/.local/lib/python3.12/site-packages/airflow/example_dags/example_branch_labels.py took 0.174 seconds
[2026-09-22T16:31:49.287+0000] {processor.py:161} INFO - Started process (PID=1497) to work on /home/airflow/.local/lib/python3.12/site-packages/airflow/example_dags/example_branch_labels.py
[2026-09-22T16:31:49.289+0000] {processor.py:830} INFO - Processing file /home/airflow/.local/lib/python3.12/site-packages/airflow/example_dags/example_branch_labels.py for tasks to queue
[2026-09-22T16:31:49.292+0000] {logging_mixin.py:188} INFO - [2026-09-22T16:31:49.291+0000] {dagbag.py:545} INFO - Filling up the DagBag from /home/airflow/.local/lib/python3.12/site-packages/airflow/example_dags/example_branch_labels.py
[2026-09-22T16:31:49.305+0000] {processor.py:840} INFO - DAG(s) 'example_branch_labels' retrieved from /home/airflow/.local/lib/python3.12/site-packages/airflow/example_dags/example_branch_labels.py
[2026-09-22T16:31:49.342+0000] {logging_mixin.py:188} INFO - [2026-09-22T16:31:49.341+0000] {dag.py:3089} INFO - Sync 1 DAGs
[2026-09-22T16:31:49.374+0000] {logging_mixin.py:188} INFO - [2026-09-22T16:31:49.373+0000] {dag.py:3947} INFO - Setting next_dagrun for example_branch_labels to 2026-09-21 00:00:00+00:00, run_after=2026-09-22 00:00:00+00:00
[2026-09-22T16:31:49.410+0000] {processor.py:183} INFO - Processing /home/airflow/.local/lib/python3.12/site-packages/airflow/example_dags/example_branch_labels.py took 0.133 seconds
[2026-09-22T16:32:19.739+0000] {processor.py:161} INFO - Started process (PID=1555) to work on /home/airflow/.local/lib/python3.12/site-packages/airflow/example_dags/example_branch_labels.py
[2026-09-22T16:32:19.741+0000] {processor.py:830} INFO - Processing file /home/airflow/.local/lib/python3.12/site-packages/airflow/example_dags/example_branch_labels.py for tasks to queue
[2026-09-22T16:32:19.743+0000] {logging_mixin.py:188} INFO - [2026-09-22T16:32:19.742+0000] {dagbag.py:545} INFO - Filling up the DagBag from /home/airflow/.local/lib/python3.12/site-packages/airflow/example_dags/example_branch_labels.py
[2026-09-22T16:32:19.756+0000] {processor.py:840} INFO - DAG(s) 'example_branch_labels' retrieved from /home/airflow/.local/lib/python3.12/site-packages/airflow/example_dags/example_branch_labels.py
[2026-09-22T16:32:19.792+0000] {logging_mixin.py:188} INFO - [2026-09-22T16:32:19.792+0000] {dag.py:3089} INFO - Sync 1 DAGs
[2026-09-22T16:32:19.829+0000] {logging_mixin.py:188} INFO - [2026-09-22T16:32:19.829+0000] {dag.py:3947} INFO - Setting next_dagrun for example_branch_labels to 2026-09-21 00:00:00+00:00, run_after=2026-09-22 00:00:00+00:00
[2026-09-22T16:32:19.902+0000] {processor.py:183} INFO - Processing /home/airflow/.local/lib/python3.12/site-packages/airflow/example_dags/example_branch_labels.py took 0.171 seconds
[2026-09-22T16:32:50.608+0000] {processor.py:161} INFO - Started process (PID=1613) to work on /home/airflow/.local/lib/python3.12/site-packages/airflow/example_dags/example_branch_labels.py
[2026-09-22T16:32:50.613+0000] {processor.py:830} INFO - Processing file /home/airflow/.local/lib/python3.12/site-packages/airflow/example_dags/example_branch_labels.py for tasks to queue
[2026-09-22T16:32:50.621+0000] {logging_mixin.py:188} INFO - [2026-09-22T16:32:50.621+0000] {dagbag.py:545} INFO - Filling up the DagBag from /home/airflow/.local/lib/python3.12/site-packages/airflow/example_dags/example_branch_labels.py
[2026-09-22T16:32:50.641+0000] {processor.py:840} INFO - DAG(s) 'example_branch_labels' retrieved from /home/airflow/.local/lib/python3.12/site-packages/airflow/example_dags/example_branch_labels.py
[2026-09-22T16:32:50.692+0000] {logging_mixin.py:188} INFO - [2026-09-22T16:32:50.692+0000] {dag.py:3089} INFO - Sync 1 DAGs
[2026-09-22T16:32:50.739+0000] {logging_mixin.py:188} INFO - [2026-09-22T16:32:50.738+0000] {dag.py:3947} INFO - Setting next_dagrun for example_branch_labels to 2026-09-21 00:00:00+00:00, run_after=2026-09-22 00:00:00+00:00
[2026-09-22T16:32:50.779+0000] {processor.py:183} INFO - Processing /home/airflow/.local/lib/python3.12/site-packages/airflow/example_dags/example_branch_labels.py took 0.184 seconds
[2026-09-22T16:33:20.959+0000] {processor.py:161} INFO - Started process (PID=1671) to work on /home/airflow/.local/lib/python3.12/site-packages/airflow/example_dags/example_branch_labels.py
[2026-09-22T16:33:20.960+0000] {processor.py:830} INFO - Processing file /home/airflow/.local/lib/python3.12/site-packages/airflow/example_dags/example_branch_labels.py for tasks to queue
[2026-09-22T16:33:20.964+0000] {logging_mixin.py:188} INFO - [2026-09-22T16:33:20.963+0000] {dagbag.py:545} INFO - Filling up the DagBag from /home/airflow/.local/lib/python3.12/site-packages/airflow/example_dags/example_branch_labels.py
[2026-09-22T16:33:20.975+0000] {processor.py:840} INFO - DAG(s) 'example_branch_labels' retrieved from /home/airflow/.local/lib/python3.12/site-packages/airflow/example_dags/example_branch_labels.py
[2026-09-22T16:33:21.002+0000] {logging_mixin.py:188} INFO - [2026-09-22T16:33:21.002+0000] {dag.py:3089} INFO - Sync 1 DAGs
[2026-09-22T16:33:21.034+0000] {logging_mixin.py:188} INFO - [2026-09-22T16:33:21.034+0000] {dag.py:3947} INFO - Setting next_dagrun for example_branch_labels to 2026-09-21 00:00:00+00:00, run_after=2026-09-22 00:00:00+00:00
[2026-09-22T16:33:21.062+0000] {processor.py:183} INFO - Processing /home/airflow/.local/lib/python3.12/site-packages/airflow/example_dags/example_branch_labels.py took 0.115 seconds
[2026-09-22T16:33:51.211+0000] {processor.py:161} INFO - Started process (PID=1729) to work on /home/airflow/.local/lib/python3.12/site-packages/airflow/example_dags/example_branch_labels.py
[2026-09-22T16:33:51.213+0000] {processor.py:830} INFO - Processing file /home/airflow/.local/lib/python3.12/site-packages/airflow/example_dags/example_branch_labels.py for tasks to queue
[2026-09-22T16:33:51.216+0000] {logging_mixin.py:188} INFO - [2026-09-22T16:33:51.216+0000] {dagbag.py:545} INFO - Filling up the DagBag from /home/airflow/.local/lib/python3.12/site-packages/airflow/example_dags/example_branch_labels.py
[2026-09-22T16:33:51.227+0000] {processor.py:840} INFO - DAG(s) 'example_branch_labels' retrieved from /home/airflow/.local/lib/python3.12/site-packages/airflow/example_dags/example_branch_labels.py
[2026-09-22T16:33:51.265+0000] {logging_mixin.py:188} INFO - [2026-09-22T16:33:51.265+0000] {dag.py:3089} INFO - Sync 1 DAGs
[2026-09-22T16:33:51.297+0000] {logging_mixin.py:188} INFO - [2026-09-22T16:33:51.296+0000] {dag.py:3947} INFO - Setting next_dagrun for example_branch_labels to 2026-09-21 00:00:00+00:00, run_after=2026-09-22 00:00:00+00:00
[2026-09-22T16:33:51.331+0000] {processor.py:183} INFO - Processing /home/airflow/.local/lib/python3.12/site-packages/airflow/example_dags/example_branch_labels.py took 0.127 seconds
[2026-09-22T16:34:22.531+0000] {processor.py:161} INFO - Started process (PID=1787) to work on /home/airflow/.local/lib/python3.12/site-packages/airflow/example_dags/example_branch_labels.py
[2026-09-22T16:34:22.533+0000] {processor.py:830} INFO - Processing file /home/airflow/.local/lib/python3.12/site-packages/airflow/example_dags/example_branch_labels.py for tasks to queue
[2026-09-22T16:34:22.537+0000] {logging_mixin.py:188} INFO - [2026-09-22T16:34:22.536+0000] {dagbag.py:545} INFO - Filling up the DagBag from /home/airflow/.local/lib/python3.12/site-packages/airflow/example_dags/example_branch_labels.py
[2026-09-22T16:34:22.546+0000] {processor.py:840} INFO - DAG(s) 'example_branch_labels' retrieved from /home/airflow/.local/lib/python3.12/site-packages/airflow/example_dags/example_branch_labels.py
[2026-09-22T16:34:22.577+0000] {logging_mixin.py:188} INFO - [2026-09-22T16:34:22.577+0000] {dag.py:3089} INFO - Sync 1 DAGs
[2026-09-22T16:34:22.606+0000] {logging_mixin.py:188} INFO - [2026-09-22T16:34:22.606+0000] {dag.py:3947} INFO - Setting next_dagrun for example_branch_labels to 2026-09-21 00:00:00+00:00, run_after=2026-09-22 00:00:00+00:00
[2026-09-22T16:34:22.686+0000] {processor.py:183} INFO - Processing /home/airflow/.local/lib/python3.12/site-packages/airflow/example_dags/example_branch_labels.py took 0.163 seconds
[2026-09-22T16:34:53.854+0000] {processor.py:161} INFO - Started process (PID=1845) to work on /home/airflow/.local/lib/python3.12/site-packages/airflow/example_dags/example_branch_labels.py
[2026-09-22T16:34:53.855+0000] {processor.py:830} INFO - Processing file /home/airflow/.local/lib/python3.12/site-packages/airflow/example_dags/example_branch_labels.py for tasks to queue
[2026-09-22T16:34:53.859+0000] {logging_mixin.py:188} INFO - [2026-09-22T16:34:53.858+0000] {dagbag.py:545} INFO - Filling up the DagBag from /home/airflow/.local/lib/python3.12/site-packages/airflow/example_dags/example_branch_labels.py
[2026-09-22T16:34:53.873+0000] {processor.py:840} INFO - DAG(s) 'example_branch_labels' retrieved from /home/airflow/.local/lib/python3.12/site-packages/airflow/example_dags/example_branch_labels.py
[2026-09-22T16:34:53.910+0000] {logging_mixin.py:188} INFO - [2026-09-22T16:34:53.910+0000] {dag.py:3089} INFO - Sync 1 DAGs
[2026-09-22T16:34:53.946+0000] {logging_mixin.py:188} INFO - [2026-09-22T16:34:53.945+0000] {dag.py:3947} INFO - Setting next_dagrun for example_branch_labels to 2026-09-21 00:00:00+00:00, run_after=2026-09-22 00:00:00+00:00
[2026-09-22T16:34:53.978+0000] {processor.py:183} INFO - Processing /home/airflow/.local/lib/python3.12/site-packages/airflow/example_dags/example_branch_labels.py took 0.134 seconds
[2026-09-22T16:35:24.211+0000] {processor.py:161} INFO - Started process (PID=1903) to work on /home/airflow/.local/lib/python3.12/site-packages/airflow/example_dags/example_branch_labels.py
[2026-09-22T16:35:24.213+0000] {processor.py:830} INFO - Processing file /home/airflow/.local/lib/python3.12/site-packages/airflow/example_dags/example_branch_labels.py for tasks to queue
[2026-09-22T16:35:24.217+0000] {logging_mixin.py:188} INFO - [2026-09-22T16:35:24.216+0000] {dagbag.py:545} INFO - Filling up the DagBag from /home/airflow/.local/lib/python3.12/site-packages/airflow/example_dags/example_branch_labels.py
[2026-09-22T16:35:24.228+0000] {processor.py:840} INFO - DAG(s) 'example_branch_labels' retrieved from /home/airflow/.local/lib/python3.12/site-packages/airflow/example_dags/example_branch_labels.py
[2026-09-22T16:35:24.272+0000] {logging_mixin.py:188} INFO - [2026-09-22T16:35:24.271+0000] {dag.py:3089} INFO - Sync 1 DAGs
[2026-09-22T16:35:24.315+0000] {logging_mixin.py:188} INFO - [2026-09-22T16:35:24.315+0000] {dag.py:3947} INFO - Setting next_dagrun for example_branch_labels to 2026-09-21 00:00:00+00:00, run_after=2026-09-22 00:00:00+00:00
[2026-09-22T16:35:24.392+0000] {processor.py:183} INFO - Processing /home/airflow/.local/lib/python3.12/site-packages/airflow/example_dags/example_branch_labels.py took 0.188 seconds
[2026-09-22T16:35:55.392+0000] {processor.py:161} INFO - Started process (PID=1961) to work on /home/airflow/.local/lib/python3.12/site-packages/airflow/example_dags/example_branch_labels.py
[2026-09-22T16:35:55.394+0000] {processor.py:830} INFO - Processing file /home/airflow/.local/lib/python3.12/site-packages/airflow/example_dags/example_branch_labels.py for tasks to queue
[2026-09-22T16:35:55.398+0000] {logging_mixin.py:188} INFO - [2026-09-22T16:35:55.398+0000] {dagbag.py:545} INFO - Filling up the DagBag from /home/airflow/.local/lib/python3.12/site-packages/airflow/example_dags/example_branch_labels.py
[2026-09-22T16:35:55.416+0000] {processor.py:840} INFO - DAG(s) 'example_branch_labels' retrieved from /home/airflow/.local/lib/python3.12/site-packages/airflow/example_dags/example_branch_labels.py
[2026-09-22T16:35:55.461+0000] {logging_mixin.py:188} INFO - [2026-09-22T16:35:55.461+0000] {dag.py:3089} INFO - Sync 1 DAGs
[2026-09-22T16:35:55.502+0000] {logging_mixin.py:188} INFO - [2026-09-22T16:35:55.502+0000] {dag.py:3947} INFO - Setting next_dagrun for example_branch_labels to 2026-09-21 00:00:00+00:00, run_after=2026-09-22 00:00:00+00:00
[2026-09-22T16:35:55.539+0000] {processor.py:183} INFO - Processing /home/airflow/.local/lib/python3.12/site-packages/airflow/example_dags/example_branch_labels.py took 0.163 seconds
[2026-09-22T16:36:25.861+0000] {processor.py:161} INFO - Started process (PID=2019) to work on /home/airflow/.local/lib/python3.12/site-packages/airflow/example_dags/example_branch_labels.py
[2026-09-22T16:36:25.868+0000] {processor.py:830} INFO - Processing file /home/airflow/.local/lib/python3.12/site-packages/airflow/example_dags/example_branch_labels.py for tasks to queue
[2026-09-22T16:36:25.878+0000] {logging_mixin.py:188} INFO - [2026-09-22T16:36:25.877+0000] {dagbag.py:545} INFO - Filling up the DagBag from /home/airflow/.local/lib/python3.12/site-packages/airflow/example_dags/example_branch_labels.py
[2026-09-22T16:36:25.893+0000] {processor.py:840} INFO - DAG(s) 'example_branch_labels' retrieved from /home/airflow/.local/lib/python3.12/site-packages/airflow/example_dags/example_branch_labels.py
[2026-09-22T16:36:25.920+0000] {logging_mixin.py:188} INFO - [2026-09-22T16:36:25.919+0000] {dag.py:3089} INFO - Sync 1 DAGs
[2026-09-22T16:36:25.958+0000] {logging_mixin.py:188} INFO - [2026-09-22T16:36:25.958+0000] {dag.py:3947} INFO - Setting next_dagrun for example_branch_labels to 2026-09-21 00:00:00+00:00, run_after=2026-09-22 00:00:00+00:00
[2026-09-22T16:36:25.999+0000] {processor.py:183} INFO - Processing /home/airflow/.local/lib/python3.12/site-packages/airflow/example_dags/example_branch_labels.py took 0.155 seconds
[2026-09-22T16:36:56.749+0000] {processor.py:161} INFO - Started process (PID=2077) to work on /home/airflow/.local/lib/python3.12/site-packages/airflow/example_dags/example_branch_labels.py
[2026-09-22T16:36:56.752+0000] {processor.py:830} INFO - Processing file /home/airflow/.local/lib/python3.12/site-packages/airflow/example_dags/example_branch_labels.py for tasks to queue
[2026-09-22T16:36:56.755+0000] {logging_mixin.py:188} INFO - [2026-09-22T16:36:56.754+0000] {dagbag.py:545} INFO - Filling up the DagBag from /home/airflow/.local/lib/python3.12/site-packages/airflow/example_dags/example_branch_labels.py
[2026-09-22T16:36:56.765+0000] {processor.py:840} INFO - DAG(s) 'example_branch_labels' retrieved from /home/airflow/.local/lib/python3.12/site-packages/airflow/example_dags/example_branch_labels.py
[2026-09-22T16:36:56.794+0000] {logging_mixin.py:188} INFO - [2026-09-22T16:36:56.793+0000] {dag.py:3089} INFO - Sync 1 DAGs
[2026-09-22T16:36:57.019+0000] {logging_mixin.py:188} INFO - [2026-09-22T16:36:57.019+0000] {dag.py:3947} INFO - Setting next_dagrun for example_branch_labels to 2026-09-21 00:00:00+00:00, run_after=2026-09-22 00:00:00+00:00
[2026-09-22T16:36:57.106+0000] {processor.py:183} INFO - Processing /home/airflow/.local/lib/python3.12/site-packages/airflow/example_dags/example_branch_labels.py took 0.368 seconds
[2026-09-22T16:37:27.175+0000] {processor.py:161} INFO - Started process (PID=2135) to work on /home/airflow/.local/lib/python3.12/site-packages/airflow/example_dags/example_branch_labels.py
[2026-09-22T16:37:27.176+0000] {processor.py:830} INFO - Processing file /home/airflow/.local/lib/python3.12/site-packages/airflow/example_dags/example_branch_labels.py for tasks to queue
[2026-09-22T16:37:27.179+0000] {logging_mixin.py:188} INFO - [2026-09-22T16:37:27.178+0000] {dagbag.py:545} INFO - Filling up the DagBag from /home/airflow/.local/lib/python3.12/site-packages/airflow/example_dags/example_branch_labels.py
[2026-09-22T16:37:27.193+0000] {processor.py:840} INFO - DAG(s) 'example_branch_labels' retrieved from /home/airflow/.local/lib/python3.12/site-packages/airflow/example_dags/example_branch_labels.py
[2026-09-22T16:37:27.225+0000] {logging_mixin.py:188} INFO - [2026-09-22T16:37:27.224+0000] {dag.py:3089} INFO - Sync 1 DAGs
[2026-09-22T16:37:27.257+0000] {logging_mixin.py:188} INFO - [2026-09-22T16:37:27.257+0000] {dag.py:3947} INFO - Setting next_dagrun for example_branch_labels to 2026-09-21 00:00:00+00:00, run_after=2026-09-22 00:00:00+00:00
[2026-09-22T16:37:27.332+0000] {processor.py:183} INFO - Processing /home/airflow/.local/lib/python3.12/site-packages/airflow/example_dags/example_branch_labels.py took 0.168 seconds
[2026-09-22T16:37:58.192+0000] {processor.py:161} INFO - Started process (PID=2193) to work on /home/airflow/.local/lib/python3.12/site-packages/airflow/example_dags/example_branch_labels.py
[2026-09-22T16:37:58.194+0000] {processor.py:830} INFO - Processing file /home/airflow/.local/lib/python3.12/site-packages/airflow/example_dags/example_branch_labels.py for tasks to queue
[2026-09-22T16:37:58.196+0000] {logging_mixin.py:188} INFO - [2026-09-22T16:37:58.196+0000] {dagbag.py:545} INFO - Filling up the DagBag from /home/airflow/.local/lib/python3.12/site-packages/airflow/example_dags/example_branch_labels.py
[2026-09-22T16:37:58.206+0000] {processor.py:840} INFO - DAG(s) 'example_branch_labels' retrieved from /home/airflow/.local/lib/python3.12/site-packages/airflow/example_dags/example_branch_labels.py
[2026-09-22T16:37:58.231+0000] {logging_mixin.py:188} INFO - [2026-09-22T16:37:58.231+0000] {dag.py:3089} INFO - Sync 1 DAGs
[2026-09-22T16:37:58.263+0000] {logging_mixin.py:188} INFO - [2026-09-22T16:37:58.262+0000] {dag.py:3947} INFO - Setting next_dagrun for example_branch_labels to 2026-09-21 00:00:00+00:00, run_after=2026-09-22 00:00:00+00:00
[2026-09-22T16:37:58.360+0000] {processor.py:183} INFO - Processing /home/airflow/.local/lib/python3.12/site-packages/airflow/example_dags/example_branch_labels.py took 0.175 seconds
[2026-09-22T16:38:30.059+0000] {processor.py:161} INFO - Started process (PID=2251) to work on /home/airflow/.local/lib/python3.12/site-packages/airflow/example_dags/example_branch_labels.py
[2026-09-22T16:38:30.062+0000] {processor.py:830} INFO - Processing file /home/airflow/.local/lib/python3.12/site-packages/airflow/example_dags/example_branch_labels.py for tasks to queue
[2026-09-22T16:38:30.067+0000] {logging_mixin.py:188} INFO - [2026-09-22T16:38:30.067+0000] {dagbag.py:545} INFO - Filling up the DagBag from /home/airflow/.local/lib/python3.12/site-packages/airflow/example_dags/example_branch_labels.py
[2026-09-22T16:38:30.080+0000] {processor.py:840} INFO - DAG(s) 'example_branch_labels' retrieved from /home/airflow/.local/lib/python3.12/site-packages/airflow/example_dags/example_branch_labels.py
[2026-09-22T16:38:30.304+0000] {logging_mixin.py:188} INFO - [2026-09-22T16:38:30.303+0000] {dag.py:3089} INFO - Sync 1 DAGs
[2026-09-22T16:38:30.374+0000] {logging_mixin.py:188} INFO - [2026-09-22T16:38:30.373+0000] {dag.py:3947} INFO - Setting next_dagrun for example_branch_labels to 2026-09-21 00:00:00+00:00, run_after=2026-09-22 00:00:00+00:00
[2026-09-22T16:38:30.471+0000] {processor.py:183} INFO - Processing /home/airflow/.local/lib/python3.12/site-packages/airflow/example_dags/example_branch_labels.py took 0.422 seconds
[2026-09-22T16:41:52.873+0000] {processor.py:161} INFO - Started process (PID=109) to work on /home/airflow/.local/lib/python3.12/site-packages/airflow/example_dags/example_branch_labels.py
[2026-09-22T16:41:52.875+0000] {processor.py:830} INFO - Processing file /home/airflow/.local/lib/python3.12/site-packages/airflow/example_dags/example_branch_labels.py for tasks to queue
[2026-09-22T16:41:52.879+0000] {logging_mixin.py:188} INFO - [2026-09-22T16:41:52.878+0000] {dagbag.py:545} INFO - Filling up the DagBag from /home/airflow/.local/lib/python3.12/site-packages/airflow/example_dags/example_branch_labels.py
[2026-09-22T16:41:52.893+0000] {processor.py:840} INFO - DAG(s) 'example_branch_labels' retrieved from /home/airflow/.local/lib/python3.12/site-packages/airflow/example_dags/example_branch_labels.py
[2026-09-22T16:41:53.044+0000] {logging_mixin.py:188} INFO - [2026-09-22T16:41:53.043+0000] {dag.py:3089} INFO - Sync 1 DAGs
[2026-09-22T16:41:53.078+0000] {logging_mixin.py:188} INFO - [2026-09-22T16:41:53.077+0000] {dag.py:3947} INFO - Setting next_dagrun for example_branch_labels to 2026-09-21 00:00:00+00:00, run_after=2026-09-22 00:00:00+00:00
[2026-09-22T16:41:53.162+0000] {processor.py:183} INFO - Processing /home/airflow/.local/lib/python3.12/site-packages/airflow/example_dags/example_branch_labels.py took 0.302 seconds
[2026-09-22T16:42:23.374+0000] {processor.py:161} INFO - Started process (PID=167) to work on /home/airflow/.local/lib/python3.12/site-packages/airflow/example_dags/example_branch_labels.py
[2026-09-22T16:42:23.376+0000] {processor.py:830} INFO - Processing file /home/airflow/.local/lib/python3.12/site-packages/airflow/example_dags/example_branch_labels.py for tasks to queue
[2026-09-22T16:42:23.378+0000] {logging_mixin.py:188} INFO - [2026-09-22T16:42:23.378+0000] {dagbag.py:545} INFO - Filling up the DagBag from /home/airflow/.local/lib/python3.12/site-packages/airflow/example_dags/example_branch_labels.py
[2026-09-22T16:42:23.390+0000] {processor.py:840} INFO - DAG(s) 'example_branch_labels' retrieved from /home/airflow/.local/lib/python3.12/site-packages/airflow/example_dags/example_branch_labels.py
[2026-09-22T16:42:23.427+0000] {logging_mixin.py:188} INFO - [2026-09-22T16:42:23.427+0000] {dag.py:3089} INFO - Sync 1 DAGs
[2026-09-22T16:42:23.475+0000] {logging_mixin.py:188} INFO - [2026-09-22T16:42:23.475+0000] {dag.py:3947} INFO - Setting next_dagrun for example_branch_labels to 2026-09-21 00:00:00+00:00, run_after=2026-09-22 00:00:00+00:00
[2026-09-22T16:42:23.567+0000] {processor.py:183} INFO - Processing /home/airflow/.local/lib/python3.12/site-packages/airflow/example_dags/example_branch_labels.py took 0.203 seconds
[2026-09-22T16:43:52.948+0000] {processor.py:161} INFO - Started process (PID=109) to work on /home/airflow/.local/lib/python3.12/site-packages/airflow/example_dags/example_branch_labels.py
[2026-09-22T16:43:52.953+0000] {processor.py:830} INFO - Processing file /home/airflow/.local/lib/python3.12/site-packages/airflow/example_dags/example_branch_labels.py for tasks to queue
[2026-09-22T16:43:52.957+0000] {logging_mixin.py:188} INFO - [2026-09-22T16:43:52.956+0000] {dagbag.py:545} INFO - Filling up the DagBag from /home/airflow/.local/lib/python3.12/site-packages/airflow/example_dags/example_branch_labels.py
[2026-09-22T16:43:52.969+0000] {processor.py:840} INFO - DAG(s) 'example_branch_labels' retrieved from /home/airflow/.local/lib/python3.12/site-packages/airflow/example_dags/example_branch_labels.py
[2026-09-22T16:43:53.128+0000] {logging_mixin.py:188} INFO - [2026-09-22T16:43:53.128+0000] {dag.py:3089} INFO - Sync 1 DAGs
[2026-09-22T16:43:53.156+0000] {logging_mixin.py:188} INFO - [2026-09-22T16:43:53.155+0000] {dag.py:3947} INFO - Setting next_dagrun for example_branch_labels to 2026-09-21 00:00:00+00:00, run_after=2026-09-22 00:00:00+00:00
[2026-09-22T16:43:53.186+0000] {processor.py:183} INFO - Processing /home/airflow/.local/lib/python3.12/site-packages/airflow/example_dags/example_branch_labels.py took 0.247 seconds
[2026-09-22T16:44:24.002+0000] {processor.py:161} INFO - Started process (PID=172) to work on /home/airflow/.local/lib/python3.12/site-packages/airflow/example_dags/example_branch_labels.py
[2026-09-22T16:44:24.004+0000] {processor.py:830} INFO - Processing file /home/airflow/.local/lib/python3.12/site-packages/airflow/example_dags/example_branch_labels.py for tasks to queue
[2026-09-22T16:44:24.006+0000] {logging_mixin.py:188} INFO - [2026-09-22T16:44:24.006+0000] {dagbag.py:545} INFO - Filling up the DagBag from /home/airflow/.local/lib/python3.12/site-packages/airflow/example_dags/example_branch_labels.py
[2026-09-22T16:44:24.017+0000] {processor.py:840} INFO - DAG(s) 'example_branch_labels' retrieved from /home/airflow/.local/lib/python3.12/site-packages/airflow/example_dags/example_branch_labels.py
[2026-09-22T16:44:24.047+0000] {logging_mixin.py:188} INFO - [2026-09-22T16:44:24.046+0000] {dag.py:3089} INFO - Sync 1 DAGs
[2026-09-22T16:44:24.074+0000] {logging_mixin.py:188} INFO - [2026-09-22T16:44:24.074+0000] {dag.py:3947} INFO - Setting next_dagrun for example_branch_labels to 2026-09-21 00:00:00+00:00, run_after=2026-09-22 00:00:00+00:00
[2026-09-22T16:44:24.167+0000] {processor.py:183} INFO - Processing /home/airflow/.local/lib/python3.12/site-packages/airflow/example_dags/example_branch_labels.py took 0.173 seconds
[2026-09-22T16:44:54.368+0000] {processor.py:161} INFO - Started process (PID=230) to work on /home/airflow/.local/lib/python3.12/site-packages/airflow/example_dags/example_branch_labels.py
[2026-09-22T16:44:54.369+0000] {processor.py:830} INFO - Processing file /home/airflow/.local/lib/python3.12/site-packages/airflow/example_dags/example_branch_labels.py for tasks to queue
[2026-09-22T16:44:54.373+0000] {logging_mixin.py:188} INFO - [2026-09-22T16:44:54.372+0000] {dagbag.py:545} INFO - Filling up the DagBag from /home/airflow/.local/lib/python3.12/site-packages/airflow/example_dags/example_branch_labels.py
[2026-09-22T16:44:54.387+0000] {processor.py:840} INFO - DAG(s) 'example_branch_labels' retrieved from /home/airflow/.local/lib/python3.12/site-packages/airflow/example_dags/example_branch_labels.py
[2026-09-22T16:44:54.435+0000] {logging_mixin.py:188} INFO - [2026-09-22T16:44:54.435+0000] {dag.py:3089} INFO - Sync 1 DAGs
[2026-09-22T16:44:54.473+0000] {logging_mixin.py:188} INFO - [2026-09-22T16:44:54.472+0000] {dag.py:3947} INFO - Setting next_dagrun for example_branch_labels to 2026-09-21 00:00:00+00:00, run_after=2026-09-22 00:00:00+00:00
[2026-09-22T16:44:54.554+0000] {processor.py:183} INFO - Processing /home/airflow/.local/lib/python3.12/site-packages/airflow/example_dags/example_branch_labels.py took 0.196 seconds
[2026-09-22T16:45:24.642+0000] {processor.py:161} INFO - Started process (PID=288) to work on /home/airflow/.local/lib/python3.12/site-packages/airflow/example_dags/example_branch_labels.py
[2026-09-22T16:45:24.644+0000] {processor.py:830} INFO - Processing file /home/airflow/.local/lib/python3.12/site-packages/airflow/example_dags/example_branch_labels.py for tasks to queue
[2026-09-22T16:45:24.647+0000] {logging_mixin.py:188} INFO - [2026-09-22T16:45:24.646+0000] {dagbag.py:545} INFO - Filling up the DagBag from /home/airflow/.local/lib/python3.12/site-packages/airflow/example_dags/example_branch_labels.py
[2026-09-22T16:45:24.656+0000] {processor.py:840} INFO - DAG(s) 'example_branch_labels' retrieved from /home/airflow/.local/lib/python3.12/site-packages/airflow/example_dags/example_branch_labels.py
[2026-09-22T16:45:24.692+0000] {logging_mixin.py:188} INFO - [2026-09-22T16:45:24.692+0000] {dag.py:3089} INFO - Sync 1 DAGs
[2026-09-22T16:45:24.732+0000] {logging_mixin.py:188} INFO - [2026-09-22T16:45:24.731+0000] {dag.py:3947} INFO - Setting next_dagrun for example_branch_labels to 2026-09-21 00:00:00+00:00, run_after=2026-09-22 00:00:00+00:00
[2026-09-22T16:45:24.818+0000] {processor.py:183} INFO - Processing /home/airflow/.local/lib/python3.12/site-packages/airflow/example_dags/example_branch_labels.py took 0.182 seconds
[2026-09-22T16:45:55.170+0000] {processor.py:161} INFO - Started process (PID=345) to work on /home/airflow/.local/lib/python3.12/site-packages/airflow/example_dags/example_branch_labels.py
[2026-09-22T16:45:55.172+0000] {processor.py:830} INFO - Processing file /home/airflow/.local/lib/python3.12/site-packages/airflow/example_dags/example_branch_labels.py for tasks to queue
[2026-09-22T16:45:55.176+0000] {logging_mixin.py:188} INFO - [2026-09-22T16:45:55.175+0000] {dagbag.py:545} INFO - Filling up the DagBag from /home/airflow/.local/lib/python3.12/site-packages/airflow/example_dags/example_branch_labels.py
[2026-09-22T16:45:55.192+0000] {processor.py:840} INFO - DAG(s) 'example_branch_labels' retrieved from /home/airflow/.local/lib/python3.12/site-packages/airflow/example_dags/example_branch_labels.py
[2026-09-22T16:45:55.231+0000] {logging_mixin.py:188} INFO - [2026-09-22T16:45:55.230+0000] {dag.py:3089} INFO - Sync 1 DAGs
[2026-09-22T16:45:55.267+0000] {logging_mixin.py:188} INFO - [2026-09-22T16:45:55.267+0000] {dag.py:3947} INFO - Setting next_dagrun for example_branch_labels to 2026-09-21 00:00:00+00:00, run_after=2026-09-22 00:00:00+00:00
[2026-09-22T16:45:55.300+0000] {processor.py:183} INFO - Processing /home/airflow/.local/lib/python3.12/site-packages/airflow/example_dags/example_branch_labels.py took 0.142 seconds
[2026-09-22T16:46:25.598+0000] {processor.py:161} INFO - Started process (PID=403) to work on /home/airflow/.local/lib/python3.12/site-packages/airflow/example_dags/example_branch_labels.py
[2026-09-22T16:46:25.601+0000] {processor.py:830} INFO - Processing file /home/airflow/.local/lib/python3.12/site-packages/airflow/example_dags/example_branch_labels.py for tasks to queue
[2026-09-22T16:46:25.604+0000] {logging_mixin.py:188} INFO - [2026-09-22T16:46:25.603+0000] {dagbag.py:545} INFO - Filling up the DagBag from /home/airflow/.local/lib/python3.12/site-packages/airflow/example_dags/example_branch_labels.py
[2026-09-22T16:46:25.616+0000] {processor.py:840} INFO - DAG(s) 'example_branch_labels' retrieved from /home/airflow/.local/lib/python3.12/site-packages/airflow/example_dags/example_branch_labels.py
[2026-09-22T16:46:25.651+0000] {logging_mixin.py:188} INFO - [2026-09-22T16:46:25.651+0000] {dag.py:3089} INFO - Sync 1 DAGs
[2026-09-22T16:46:25.685+0000] {logging_mixin.py:188} INFO - [2026-09-22T16:46:25.684+0000] {dag.py:3947} INFO - Setting next_dagrun for example_branch_labels to 2026-09-21 00:00:00+00:00, run_after=2026-09-22 00:00:00+00:00
[2026-09-22T16:46:25.768+0000] {processor.py:183} INFO - Processing /home/airflow/.local/lib/python3.12/site-packages/airflow/example_dags/example_branch_labels.py took 0.179 seconds
[2026-09-22T16:46:56.532+0000] {processor.py:161} INFO - Started process (PID=461) to work on /home/airflow/.local/lib/python3.12/site-packages/airflow/example_dags/example_branch_labels.py
[2026-09-22T16:46:56.534+0000] {processor.py:830} INFO - Processing file /home/airflow/.local/lib/python3.12/site-packages/airflow/example_dags/example_branch_labels.py for tasks to queue
[2026-09-22T16:46:56.536+0000] {logging_mixin.py:188} INFO - [2026-09-22T16:46:56.536+0000] {dagbag.py:545} INFO - Filling up the DagBag from /home/airflow/.local/lib/python3.12/site-packages/airflow/example_dags/example_branch_labels.py
[2026-09-22T16:46:56.545+0000] {processor.py:840} INFO - DAG(s) 'example_branch_labels' retrieved from /home/airflow/.local/lib/python3.12/site-packages/airflow/example_dags/example_branch_labels.py
[2026-09-22T16:46:56.569+0000] {logging_mixin.py:188} INFO - [2026-09-22T16:46:56.569+0000] {dag.py:3089} INFO - Sync 1 DAGs
[2026-09-22T16:46:56.595+0000] {logging_mixin.py:188} INFO - [2026-09-22T16:46:56.595+0000] {dag.py:3947} INFO - Setting next_dagrun for example_branch_labels to 2026-09-21 00:00:00+00:00, run_after=2026-09-22 00:00:00+00:00
[2026-09-22T16:46:56.677+0000] {processor.py:183} INFO - Processing /home/airflow/.local/lib/python3.12/site-packages/airflow/example_dags/example_branch_labels.py took 0.152 seconds
[2026-09-22T16:47:27.101+0000] {processor.py:161} INFO - Started process (PID=519) to work on /home/airflow/.local/lib/python3.12/site-packages/airflow/example_dags/example_branch_labels.py
[2026-09-22T16:47:27.102+0000] {processor.py:830} INFO - Processing file /home/airflow/.local/lib/python3.12/site-packages/airflow/example_dags/example_branch_labels.py for tasks to queue
[2026-09-22T16:47:27.106+0000] {logging_mixin.py:188} INFO - [2026-09-22T16:47:27.105+0000] {dagbag.py:545} INFO - Filling up the DagBag from /home/airflow/.local/lib/python3.12/site-packages/airflow/example_dags/example_branch_labels.py
[2026-09-22T16:47:27.117+0000] {processor.py:840} INFO - DAG(s) 'example_branch_labels' retrieved from /home/airflow/.local/lib/python3.12/site-packages/airflow/example_dags/example_branch_labels.py
[2026-09-22T16:47:27.148+0000] {logging_mixin.py:188} INFO - [2026-09-22T16:47:27.147+0000] {dag.py:3089} INFO - Sync 1 DAGs
[2026-09-22T16:47:27.188+0000] {logging_mixin.py:188} INFO - [2026-09-22T16:47:27.188+0000] {dag.py:3947} INFO - Setting next_dagrun for example_branch_labels to 2026-09-21 00:00:00+00:00, run_after=2026-09-22 00:00:00+00:00
[2026-09-22T16:47:27.275+0000] {processor.py:183} INFO - Processing /home/airflow/.local/lib/python3.12/site-packages/airflow/example_dags/example_branch_labels.py took 0.185 seconds
[2026-09-22T16:47:57.654+0000] {processor.py:161} INFO - Started process (PID=577) to work on /home/airflow/.local/lib/python3.12/site-packages/airflow/example_dags/example_branch_labels.py
[2026-09-22T16:47:57.655+0000] {processor.py:830} INFO - Processing file /home/airflow/.local/lib/python3.12/site-packages/airflow/example_dags/example_branch_labels.py for tasks to queue
[2026-09-22T16:47:57.659+0000] {logging_mixin.py:188} INFO - [2026-09-22T16:47:57.658+0000] {dagbag.py:545} INFO - Filling up the DagBag from /home/airflow/.local/lib/python3.12/site-packages/airflow/example_dags/example_branch_labels.py
[2026-09-22T16:47:57.671+0000] {processor.py:840} INFO - DAG(s) 'example_branch_labels' retrieved from /home/airflow/.local/lib/python3.12/site-packages/airflow/example_dags/example_branch_labels.py
[2026-09-22T16:47:57.703+0000] {logging_mixin.py:188} INFO - [2026-09-22T16:47:57.703+0000] {dag.py:3089} INFO - Sync 1 DAGs
[2026-09-22T16:47:57.730+0000] {logging_mixin.py:188} INFO - [2026-09-22T16:47:57.729+0000] {dag.py:3947} INFO - Setting next_dagrun for example_branch_labels to 2026-09-21 00:00:00+00:00, run_after=2026-09-22 00:00:00+00:00
[2026-09-22T16:47:57.814+0000] {processor.py:183} INFO - Processing /home/airflow/.local/lib/python3.12/site-packages/airflow/example_dags/example_branch_labels.py took 0.170 seconds
[2026-09-22T16:48:28.344+0000] {processor.py:161} INFO - Started process (PID=635) to work on /home/airflow/.local/lib/python3.12/site-packages/airflow/example_dags/example_branch_labels.py
[2026-09-22T16:48:28.347+0000] {processor.py:830} INFO - Processing file /home/airflow/.local/lib/python3.12/site-packages/airflow/example_dags/example_branch_labels.py for tasks to queue
[2026-09-22T16:48:28.367+0000] {logging_mixin.py:188} INFO - [2026-09-22T16:48:28.366+0000] {dagbag.py:545} INFO - Filling up the DagBag from /home/airflow/.local/lib/python3.12/site-packages/airflow/example_dags/example_branch_labels.py
[2026-09-22T16:48:28.401+0000] {processor.py:840} INFO - DAG(s) 'example_branch_labels' retrieved from /home/airflow/.local/lib/python3.12/site-packages/airflow/example_dags/example_branch_labels.py
[2026-09-22T16:48:28.555+0000] {logging_mixin.py:188} INFO - [2026-09-22T16:48:28.546+0000] {dag.py:3089} INFO - Sync 1 DAGs
[2026-09-22T16:48:28.642+0000] {logging_mixin.py:188} INFO - [2026-09-22T16:48:28.642+0000] {dag.py:3947} INFO - Setting next_dagrun for example_branch_labels to 2026-09-21 00:00:00+00:00, run_after=2026-09-22 00:00:00+00:00
[2026-09-22T16:48:28.699+0000] {processor.py:183} INFO - Processing /home/airflow/.local/lib/python3.12/site-packages/airflow/example_dags/example_branch_labels.py took 0.379 seconds
[2026-09-22T16:48:58.958+0000] {processor.py:161} INFO - Started process (PID=693) to work on /home/airflow/.local/lib/python3.12/site-packages/airflow/example_dags/example_branch_labels.py
[2026-09-22T16:48:58.960+0000] {processor.py:830} INFO - Processing file /home/airflow/.local/lib/python3.12/site-packages/airflow/example_dags/example_branch_labels.py for tasks to queue
[2026-09-22T16:48:58.966+0000] {logging_mixin.py:188} INFO - [2026-09-22T16:48:58.965+0000] {dagbag.py:545} INFO - Filling up the DagBag from /home/airflow/.local/lib/python3.12/site-packages/airflow/example_dags/example_branch_labels.py
[2026-09-22T16:48:58.982+0000] {processor.py:840} INFO - DAG(s) 'example_branch_labels' retrieved from /home/airflow/.local/lib/python3.12/site-packages/airflow/example_dags/example_branch_labels.py
[2026-09-22T16:48:59.028+0000] {logging_mixin.py:188} INFO - [2026-09-22T16:48:59.027+0000] {dag.py:3089} INFO - Sync 1 DAGs
[2026-09-22T16:48:59.080+0000] {logging_mixin.py:188} INFO - [2026-09-22T16:48:59.080+0000] {dag.py:3947} INFO - Setting next_dagrun for example_branch_labels to 2026-09-21 00:00:00+00:00, run_after=2026-09-22 00:00:00+00:00
[2026-09-22T16:48:59.162+0000] {processor.py:183} INFO - Processing /home/airflow/.local/lib/python3.12/site-packages/airflow/example_dags/example_branch_labels.py took 0.215 seconds
[2026-09-22T16:49:30.348+0000] {processor.py:161} INFO - Started process (PID=752) to work on /home/airflow/.local/lib/python3.12/site-packages/airflow/example_dags/example_branch_labels.py
[2026-09-22T16:49:30.350+0000] {processor.py:830} INFO - Processing file /home/airflow/.local/lib/python3.12/site-packages/airflow/example_dags/example_branch_labels.py for tasks to queue
[2026-09-22T16:49:30.354+0000] {logging_mixin.py:188} INFO - [2026-09-22T16:49:30.353+0000] {dagbag.py:545} INFO - Filling up the DagBag from /home/airflow/.local/lib/python3.12/site-packages/airflow/example_dags/example_branch_labels.py
[2026-09-22T16:49:30.367+0000] {processor.py:840} INFO - DAG(s) 'example_branch_labels' retrieved from /home/airflow/.local/lib/python3.12/site-packages/airflow/example_dags/example_branch_labels.py
[2026-09-22T16:49:30.418+0000] {logging_mixin.py:188} INFO - [2026-09-22T16:49:30.418+0000] {dag.py:3089} INFO - Sync 1 DAGs
[2026-09-22T16:49:30.490+0000] {logging_mixin.py:188} INFO - [2026-09-22T16:49:30.490+0000] {dag.py:3947} INFO - Setting next_dagrun for example_branch_labels to 2026-09-21 00:00:00+00:00, run_after=2026-09-22 00:00:00+00:00
[2026-09-22T16:49:30.592+0000] {processor.py:183} INFO - Processing /home/airflow/.local/lib/python3.12/site-packages/airflow/example_dags/example_branch_labels.py took 0.254 seconds
[2026-09-22T16:50:01.140+0000] {processor.py:161} INFO - Started process (PID=810) to work on /home/airflow/.local/lib/python3.12/site-packages/airflow/example_dags/example_branch_labels.py
[2026-09-22T16:50:01.142+0000] {processor.py:830} INFO - Processing file /home/airflow/.local/lib/python3.12/site-packages/airflow/example_dags/example_branch_labels.py for tasks to queue
[2026-09-22T16:50:01.146+0000] {logging_mixin.py:188} INFO - [2026-09-22T16:50:01.145+0000] {dagbag.py:545} INFO - Filling up the DagBag from /home/airflow/.local/lib/python3.12/site-packages/airflow/example_dags/example_branch_labels.py
[2026-09-22T16:50:01.159+0000] {processor.py:840} INFO - DAG(s) 'example_branch_labels' retrieved from /home/airflow/.local/lib/python3.12/site-packages/airflow/example_dags/example_branch_labels.py
[2026-09-22T16:50:01.201+0000] {logging_mixin.py:188} INFO - [2026-09-22T16:50:01.200+0000] {dag.py:3089} INFO - Sync 1 DAGs
[2026-09-22T16:50:01.251+0000] {logging_mixin.py:188} INFO - [2026-09-22T16:50:01.251+0000] {dag.py:3947} INFO - Setting next_dagrun for example_branch_labels to 2026-09-21 00:00:00+00:00, run_after=2026-09-22 00:00:00+00:00
[2026-09-22T16:50:01.336+0000] {processor.py:183} INFO - Processing /home/airflow/.local/lib/python3.12/site-packages/airflow/example_dags/example_branch_labels.py took 0.204 seconds
[2026-09-22T16:50:32.135+0000] {processor.py:161} INFO - Started process (PID=869) to work on /home/airflow/.local/lib/python3.12/site-packages/airflow/example_dags/example_branch_labels.py
[2026-09-22T16:50:32.137+0000] {processor.py:830} INFO - Processing file /home/airflow/.local/lib/python3.12/site-packages/airflow/example_dags/example_branch_labels.py for tasks to queue
[2026-09-22T16:50:32.140+0000] {logging_mixin.py:188} INFO - [2026-09-22T16:50:32.140+0000] {dagbag.py:545} INFO - Filling up the DagBag from /home/airflow/.local/lib/python3.12/site-packages/airflow/example_dags/example_branch_labels.py
[2026-09-22T16:50:32.152+0000] {processor.py:840} INFO - DAG(s) 'example_branch_labels' retrieved from /home/airflow/.local/lib/python3.12/site-packages/airflow/example_dags/example_branch_labels.py
[2026-09-22T16:50:32.188+0000] {logging_mixin.py:188} INFO - [2026-09-22T16:50:32.188+0000] {dag.py:3089} INFO - Sync 1 DAGs
[2026-09-22T16:50:32.222+0000] {logging_mixin.py:188} INFO - [2026-09-22T16:50:32.222+0000] {dag.py:3947} INFO - Setting next_dagrun for example_branch_labels to 2026-09-21 00:00:00+00:00, run_after=2026-09-22 00:00:00+00:00
[2026-09-22T16:50:32.304+0000] {processor.py:183} INFO - Processing /home/airflow/.local/lib/python3.12/site-packages/airflow/example_dags/example_branch_labels.py took 0.182 seconds
[2026-09-22T16:51:03.469+0000] {processor.py:161} INFO - Started process (PID=927) to work on /home/airflow/.local/lib/python3.12/site-packages/airflow/example_dags/example_branch_labels.py
[2026-09-22T16:51:03.471+0000] {processor.py:830} INFO - Processing file /home/airflow/.local/lib/python3.12/site-packages/airflow/example_dags/example_branch_labels.py for tasks to queue
[2026-09-22T16:51:03.478+0000] {logging_mixin.py:188} INFO - [2026-09-22T16:51:03.477+0000] {dagbag.py:545} INFO - Filling up the DagBag from /home/airflow/.local/lib/python3.12/site-packages/airflow/example_dags/example_branch_labels.py
[2026-09-22T16:51:03.495+0000] {processor.py:840} INFO - DAG(s) 'example_branch_labels' retrieved from /home/airflow/.local/lib/python3.12/site-packages/airflow/example_dags/example_branch_labels.py
[2026-09-22T16:51:03.540+0000] {logging_mixin.py:188} INFO - [2026-09-22T16:51:03.539+0000] {dag.py:3089} INFO - Sync 1 DAGs
[2026-09-22T16:51:03.594+0000] {logging_mixin.py:188} INFO - [2026-09-22T16:51:03.589+0000] {dag.py:3947} INFO - Setting next_dagrun for example_branch_labels to 2026-09-21 00:00:00+00:00, run_after=2026-09-22 00:00:00+00:00
[2026-09-22T16:51:03.674+0000] {processor.py:183} INFO - Processing /home/airflow/.local/lib/python3.12/site-packages/airflow/example_dags/example_branch_labels.py took 0.218 seconds
[2026-09-22T16:51:34.488+0000] {processor.py:161} INFO - Started process (PID=985) to work on /home/airflow/.local/lib/python3.12/site-packages/airflow/example_dags/example_branch_labels.py
[2026-09-22T16:51:34.491+0000] {processor.py:830} INFO - Processing file /home/airflow/.local/lib/python3.12/site-packages/airflow/example_dags/example_branch_labels.py for tasks to queue
[2026-09-22T16:51:34.500+0000] {logging_mixin.py:188} INFO - [2026-09-22T16:51:34.499+0000] {dagbag.py:545} INFO - Filling up the DagBag from /home/airflow/.local/lib/python3.12/site-packages/airflow/example_dags/example_branch_labels.py
[2026-09-22T16:51:34.523+0000] {processor.py:840} INFO - DAG(s) 'example_branch_labels' retrieved from /home/airflow/.local/lib/python3.12/site-packages/airflow/example_dags/example_branch_labels.py
[2026-09-22T16:51:34.592+0000] {logging_mixin.py:188} INFO - [2026-09-22T16:51:34.591+0000] {dag.py:3089} INFO - Sync 1 DAGs
[2026-09-22T16:51:34.642+0000] {logging_mixin.py:188} INFO - [2026-09-22T16:51:34.642+0000] {dag.py:3947} INFO - Setting next_dagrun for example_branch_labels to 2026-09-21 00:00:00+00:00, run_after=2026-09-22 00:00:00+00:00
[2026-09-22T16:51:34.678+0000] {processor.py:183} INFO - Processing /home/airflow/.local/lib/python3.12/site-packages/airflow/example_dags/example_branch_labels.py took 0.207 seconds
[2026-09-22T16:52:25.215+0000] {processor.py:161} INFO - Started process (PID=1036) to work on /home/airflow/.local/lib/python3.12/site-packages/airflow/example_dags/example_branch_labels.py
[2026-09-22T16:52:25.216+0000] {processor.py:830} INFO - Processing file /home/airflow/.local/lib/python3.12/site-packages/airflow/example_dags/example_branch_labels.py for tasks to queue
[2026-09-22T16:52:25.219+0000] {logging_mixin.py:188} INFO - [2026-09-22T16:52:25.219+0000] {dagbag.py:545} INFO - Filling up the DagBag from /home/airflow/.local/lib/python3.12/site-packages/airflow/example_dags/example_branch_labels.py
[2026-09-22T16:52:25.229+0000] {processor.py:840} INFO - DAG(s) 'example_branch_labels' retrieved from /home/airflow/.local/lib/python3.12/site-packages/airflow/example_dags/example_branch_labels.py
[2026-09-22T16:52:25.263+0000] {logging_mixin.py:188} INFO - [2026-09-22T16:52:25.262+0000] {dag.py:3089} INFO - Sync 1 DAGs
[2026-09-22T16:52:25.300+0000] {logging_mixin.py:188} INFO - [2026-09-22T16:52:25.300+0000] {dag.py:3947} INFO - Setting next_dagrun for example_branch_labels to 2026-09-21 00:00:00+00:00, run_after=2026-09-22 00:00:00+00:00
[2026-09-22T16:52:25.331+0000] {processor.py:183} INFO - Processing /home/airflow/.local/lib/python3.12/site-packages/airflow/example_dags/example_branch_labels.py took 0.125 seconds
[2026-09-22T16:52:55.915+0000] {processor.py:161} INFO - Started process (PID=1100) to work on /home/airflow/.local/lib/python3.12/site-packages/airflow/example_dags/example_branch_labels.py
[2026-09-22T16:52:55.917+0000] {processor.py:830} INFO - Processing file /home/airflow/.local/lib/python3.12/site-packages/airflow/example_dags/example_branch_labels.py for tasks to queue
[2026-09-22T16:52:55.919+0000] {logging_mixin.py:188} INFO - [2026-09-22T16:52:55.918+0000] {dagbag.py:545} INFO - Filling up the DagBag from /home/airflow/.local/lib/python3.12/site-packages/airflow/example_dags/example_branch_labels.py
[2026-09-22T16:52:55.931+0000] {processor.py:840} INFO - DAG(s) 'example_branch_labels' retrieved from /home/airflow/.local/lib/python3.12/site-packages/airflow/example_dags/example_branch_labels.py
[2026-09-22T16:52:55.957+0000] {logging_mixin.py:188} INFO - [2026-09-22T16:52:55.956+0000] {dag.py:3089} INFO - Sync 1 DAGs
[2026-09-22T16:52:55.981+0000] {logging_mixin.py:188} INFO - [2026-09-22T16:52:55.981+0000] {dag.py:3947} INFO - Setting next_dagrun for example_branch_labels to 2026-09-21 00:00:00+00:00, run_after=2026-09-22 00:00:00+00:00
[2026-09-22T16:52:56.004+0000] {processor.py:183} INFO - Processing /home/airflow/.local/lib/python3.12/site-packages/airflow/example_dags/example_branch_labels.py took 0.094 seconds
[2026-09-22T16:53:26.064+0000] {processor.py:161} INFO - Started process (PID=1157) to work on /home/airflow/.local/lib/python3.12/site-packages/airflow/example_dags/example_branch_labels.py
[2026-09-22T16:53:26.066+0000] {processor.py:830} INFO - Processing file /home/airflow/.local/lib/python3.12/site-packages/airflow/example_dags/example_branch_labels.py for tasks to queue
[2026-09-22T16:53:26.068+0000] {logging_mixin.py:188} INFO - [2026-09-22T16:53:26.068+0000] {dagbag.py:545} INFO - Filling up the DagBag from /home/airflow/.local/lib/python3.12/site-packages/airflow/example_dags/example_branch_labels.py
[2026-09-22T16:53:26.077+0000] {processor.py:840} INFO - DAG(s) 'example_branch_labels' retrieved from /home/airflow/.local/lib/python3.12/site-packages/airflow/example_dags/example_branch_labels.py
[2026-09-22T16:53:26.097+0000] {logging_mixin.py:188} INFO - [2026-09-22T16:53:26.097+0000] {dag.py:3089} INFO - Sync 1 DAGs
[2026-09-22T16:53:26.115+0000] {logging_mixin.py:188} INFO - [2026-09-22T16:53:26.115+0000] {dag.py:3947} INFO - Setting next_dagrun for example_branch_labels to 2026-09-21 00:00:00+00:00, run_after=2026-09-22 00:00:00+00:00
[2026-09-22T16:53:26.134+0000] {processor.py:183} INFO - Processing /home/airflow/.local/lib/python3.12/site-packages/airflow/example_dags/example_branch_labels.py took 0.076 seconds
[2026-09-22T16:53:56.319+0000] {processor.py:161} INFO - Started process (PID=1215) to work on /home/airflow/.local/lib/python3.12/site-packages/airflow/example_dags/example_branch_labels.py
[2026-09-22T16:53:56.320+0000] {processor.py:830} INFO - Processing file /home/airflow/.local/lib/python3.12/site-packages/airflow/example_dags/example_branch_labels.py for tasks to queue
[2026-09-22T16:53:56.322+0000] {logging_mixin.py:188} INFO - [2026-09-22T16:53:56.322+0000] {dagbag.py:545} INFO - Filling up the DagBag from /home/airflow/.local/lib/python3.12/site-packages/airflow/example_dags/example_branch_labels.py
[2026-09-22T16:53:56.328+0000] {processor.py:840} INFO - DAG(s) 'example_branch_labels' retrieved from /home/airflow/.local/lib/python3.12/site-packages/airflow/example_dags/example_branch_labels.py
[2026-09-22T16:53:56.349+0000] {logging_mixin.py:188} INFO - [2026-09-22T16:53:56.349+0000] {dag.py:3089} INFO - Sync 1 DAGs
[2026-09-22T16:53:56.373+0000] {logging_mixin.py:188} INFO - [2026-09-22T16:53:56.373+0000] {dag.py:3947} INFO - Setting next_dagrun for example_branch_labels to 2026-09-21 00:00:00+00:00, run_after=2026-09-22 00:00:00+00:00
[2026-09-22T16:53:56.397+0000] {processor.py:183} INFO - Processing /home/airflow/.local/lib/python3.12/site-packages/airflow/example_dags/example_branch_labels.py took 0.084 seconds
[2026-09-22T16:54:26.496+0000] {processor.py:161} INFO - Started process (PID=1273) to work on /home/airflow/.local/lib/python3.12/site-packages/airflow/example_dags/example_branch_labels.py
[2026-09-22T16:54:26.497+0000] {processor.py:830} INFO - Processing file /home/airflow/.local/lib/python3.12/site-packages/airflow/example_dags/example_branch_labels.py for tasks to queue
[2026-09-22T16:54:26.499+0000] {logging_mixin.py:188} INFO - [2026-09-22T16:54:26.499+0000] {dagbag.py:545} INFO - Filling up the DagBag from /home/airflow/.local/lib/python3.12/site-packages/airflow/example_dags/example_branch_labels.py
[2026-09-22T16:54:26.507+0000] {processor.py:840} INFO - DAG(s) 'example_branch_labels' retrieved from /home/airflow/.local/lib/python3.12/site-packages/airflow/example_dags/example_branch_labels.py
[2026-09-22T16:54:26.527+0000] {logging_mixin.py:188} INFO - [2026-09-22T16:54:26.526+0000] {dag.py:3089} INFO - Sync 1 DAGs
[2026-09-22T16:54:26.555+0000] {logging_mixin.py:188} INFO - [2026-09-22T16:54:26.554+0000] {dag.py:3947} INFO - Setting next_dagrun for example_branch_labels to 2026-09-21 00:00:00+00:00, run_after=2026-09-22 00:00:00+00:00
[2026-09-22T16:54:26.583+0000] {processor.py:183} INFO - Processing /home/airflow/.local/lib/python3.12/site-packages/airflow/example_dags/example_branch_labels.py took 0.092 seconds
[2026-09-22T16:54:57.028+0000] {processor.py:161} INFO - Started process (PID=1331) to work on /home/airflow/.local/lib/python3.12/site-packages/airflow/example_dags/example_branch_labels.py
[2026-09-22T16:54:57.029+0000] {processor.py:830} INFO - Processing file /home/airflow/.local/lib/python3.12/site-packages/airflow/example_dags/example_branch_labels.py for tasks to queue
[2026-09-22T16:54:57.031+0000] {logging_mixin.py:188} INFO - [2026-09-22T16:54:57.031+0000] {dagbag.py:545} INFO - Filling up the DagBag from /home/airflow/.local/lib/python3.12/site-packages/airflow/example_dags/example_branch_labels.py
[2026-09-22T16:54:57.039+0000] {processor.py:840} INFO - DAG(s) 'example_branch_labels' retrieved from /home/airflow/.local/lib/python3.12/site-packages/airflow/example_dags/example_branch_labels.py
[2026-09-22T16:54:57.058+0000] {logging_mixin.py:188} INFO - [2026-09-22T16:54:57.058+0000] {dag.py:3089} INFO - Sync 1 DAGs
[2026-09-22T16:54:57.078+0000] {logging_mixin.py:188} INFO - [2026-09-22T16:54:57.078+0000] {dag.py:3947} INFO - Setting next_dagrun for example_branch_labels to 2026-09-21 00:00:00+00:00, run_after=2026-09-22 00:00:00+00:00
[2026-09-22T16:54:57.098+0000] {processor.py:183} INFO - Processing /home/airflow/.local/lib/python3.12/site-packages/airflow/example_dags/example_branch_labels.py took 0.076 seconds
[2026-09-22T16:55:27.330+0000] {processor.py:161} INFO - Started process (PID=1389) to work on /home/airflow/.local/lib/python3.12/site-packages/airflow/example_dags/example_branch_labels.py
[2026-09-22T16:55:27.331+0000] {processor.py:830} INFO - Processing file /home/airflow/.local/lib/python3.12/site-packages/airflow/example_dags/example_branch_labels.py for tasks to queue
[2026-09-22T16:55:27.333+0000] {logging_mixin.py:188} INFO - [2026-09-22T16:55:27.333+0000] {dagbag.py:545} INFO - Filling up the DagBag from /home/airflow/.local/lib/python3.12/site-packages/airflow/example_dags/example_branch_labels.py
[2026-09-22T16:55:27.341+0000] {processor.py:840} INFO - DAG(s) 'example_branch_labels' retrieved from /home/airflow/.local/lib/python3.12/site-packages/airflow/example_dags/example_branch_labels.py
[2026-09-22T16:55:27.364+0000] {logging_mixin.py:188} INFO - [2026-09-22T16:55:27.364+0000] {dag.py:3089} INFO - Sync 1 DAGs
[2026-09-22T16:55:27.384+0000] {logging_mixin.py:188} INFO - [2026-09-22T16:55:27.384+0000] {dag.py:3947} INFO - Setting next_dagrun for example_branch_labels to 2026-09-21 00:00:00+00:00, run_after=2026-09-22 00:00:00+00:00
[2026-09-22T16:55:27.407+0000] {processor.py:183} INFO - Processing /home/airflow/.local/lib/python3.12/site-packages/airflow/example_dags/example_branch_labels.py took 0.082 seconds
[2026-09-22T16:55:57.991+0000] {processor.py:161} INFO - Started process (PID=1447) to work on /home/airflow/.local/lib/python3.12/site-packages/airflow/example_dags/example_branch_labels.py
[2026-09-22T16:55:57.992+0000] {processor.py:830} INFO - Processing file /home/airflow/.local/lib/python3.12/site-packages/airflow/example_dags/example_branch_labels.py for tasks to queue
[2026-09-22T16:55:57.995+0000] {logging_mixin.py:188} INFO - [2026-09-22T16:55:57.994+0000] {dagbag.py:545} INFO - Filling up the DagBag from /home/airflow/.local/lib/python3.12/site-packages/airflow/example_dags/example_branch_labels.py
[2026-09-22T16:55:58.003+0000] {processor.py:840} INFO - DAG(s) 'example_branch_labels' retrieved from /home/airflow/.local/lib/python3.12/site-packages/airflow/example_dags/example_branch_labels.py
[2026-09-22T16:55:58.027+0000] {logging_mixin.py:188} INFO - [2026-09-22T16:55:58.026+0000] {dag.py:3089} INFO - Sync 1 DAGs
[2026-09-22T16:55:58.047+0000] {logging_mixin.py:188} INFO - [2026-09-22T16:55:58.047+0000] {dag.py:3947} INFO - Setting next_dagrun for example_branch_labels to 2026-09-21 00:00:00+00:00, run_after=2026-09-22 00:00:00+00:00
[2026-09-22T16:55:58.067+0000] {processor.py:183} INFO - Processing /home/airflow/.local/lib/python3.12/site-packages/airflow/example_dags/example_branch_labels.py took 0.085 seconds
[2026-09-22T16:56:28.645+0000] {processor.py:161} INFO - Started process (PID=1505) to work on /home/airflow/.local/lib/python3.12/site-packages/airflow/example_dags/example_branch_labels.py
[2026-09-22T16:56:28.651+0000] {processor.py:830} INFO - Processing file /home/airflow/.local/lib/python3.12/site-packages/airflow/example_dags/example_branch_labels.py for tasks to queue
[2026-09-22T16:56:28.668+0000] {logging_mixin.py:188} INFO - [2026-09-22T16:56:28.667+0000] {dagbag.py:545} INFO - Filling up the DagBag from /home/airflow/.local/lib/python3.12/site-packages/airflow/example_dags/example_branch_labels.py
[2026-09-22T16:56:28.678+0000] {processor.py:840} INFO - DAG(s) 'example_branch_labels' retrieved from /home/airflow/.local/lib/python3.12/site-packages/airflow/example_dags/example_branch_labels.py
[2026-09-22T16:56:28.701+0000] {logging_mixin.py:188} INFO - [2026-09-22T16:56:28.701+0000] {dag.py:3089} INFO - Sync 1 DAGs
[2026-09-22T16:56:28.727+0000] {logging_mixin.py:188} INFO - [2026-09-22T16:56:28.727+0000] {dag.py:3947} INFO - Setting next_dagrun for example_branch_labels to 2026-09-21 00:00:00+00:00, run_after=2026-09-22 00:00:00+00:00
[2026-09-22T16:56:28.751+0000] {processor.py:183} INFO - Processing /home/airflow/.local/lib/python3.12/site-packages/airflow/example_dags/example_branch_labels.py took 0.117 seconds
[2026-09-22T16:58:07.194+0000] {processor.py:161} INFO - Started process (PID=126) to work on /home/airflow/.local/lib/python3.12/site-packages/airflow/example_dags/example_branch_labels.py
[2026-09-22T16:58:07.196+0000] {processor.py:830} INFO - Processing file /home/airflow/.local/lib/python3.12/site-packages/airflow/example_dags/example_branch_labels.py for tasks to queue
[2026-09-22T16:58:07.198+0000] {logging_mixin.py:188} INFO - [2026-09-22T16:58:07.198+0000] {dagbag.py:545} INFO - Filling up the DagBag from /home/airflow/.local/lib/python3.12/site-packages/airflow/example_dags/example_branch_labels.py
[2026-09-22T16:58:07.213+0000] {processor.py:840} INFO - DAG(s) 'example_branch_labels' retrieved from /home/airflow/.local/lib/python3.12/site-packages/airflow/example_dags/example_branch_labels.py
[2026-09-22T16:58:07.376+0000] {logging_mixin.py:188} INFO - [2026-09-22T16:58:07.375+0000] {dag.py:3089} INFO - Sync 1 DAGs
[2026-09-22T16:58:07.399+0000] {logging_mixin.py:188} INFO - [2026-09-22T16:58:07.398+0000] {dag.py:3947} INFO - Setting next_dagrun for example_branch_labels to 2026-09-21 00:00:00+00:00, run_after=2026-09-22 00:00:00+00:00
[2026-09-22T16:58:07.423+0000] {processor.py:183} INFO - Processing /home/airflow/.local/lib/python3.12/site-packages/airflow/example_dags/example_branch_labels.py took 0.236 seconds
[2026-09-22T16:58:37.553+0000] {processor.py:161} INFO - Started process (PID=184) to work on /home/airflow/.local/lib/python3.12/site-packages/airflow/example_dags/example_branch_labels.py
[2026-09-22T16:58:37.554+0000] {processor.py:830} INFO - Processing file /home/airflow/.local/lib/python3.12/site-packages/airflow/example_dags/example_branch_labels.py for tasks to queue
[2026-09-22T16:58:37.556+0000] {logging_mixin.py:188} INFO - [2026-09-22T16:58:37.556+0000] {dagbag.py:545} INFO - Filling up the DagBag from /home/airflow/.local/lib/python3.12/site-packages/airflow/example_dags/example_branch_labels.py
[2026-09-22T16:58:37.563+0000] {processor.py:840} INFO - DAG(s) 'example_branch_labels' retrieved from /home/airflow/.local/lib/python3.12/site-packages/airflow/example_dags/example_branch_labels.py
[2026-09-22T16:58:37.587+0000] {logging_mixin.py:188} INFO - [2026-09-22T16:58:37.587+0000] {dag.py:3089} INFO - Sync 1 DAGs
[2026-09-22T16:58:37.611+0000] {logging_mixin.py:188} INFO - [2026-09-22T16:58:37.610+0000] {dag.py:3947} INFO - Setting next_dagrun for example_branch_labels to 2026-09-21 00:00:00+00:00, run_after=2026-09-22 00:00:00+00:00
[2026-09-22T16:58:37.632+0000] {processor.py:183} INFO - Processing /home/airflow/.local/lib/python3.12/site-packages/airflow/example_dags/example_branch_labels.py took 0.085 seconds
[2026-09-22T16:59:08.619+0000] {processor.py:161} INFO - Started process (PID=242) to work on /home/airflow/.local/lib/python3.12/site-packages/airflow/example_dags/example_branch_labels.py
[2026-09-22T16:59:08.620+0000] {processor.py:830} INFO - Processing file /home/airflow/.local/lib/python3.12/site-packages/airflow/example_dags/example_branch_labels.py for tasks to queue
[2026-09-22T16:59:08.623+0000] {logging_mixin.py:188} INFO - [2026-09-22T16:59:08.622+0000] {dagbag.py:545} INFO - Filling up the DagBag from /home/airflow/.local/lib/python3.12/site-packages/airflow/example_dags/example_branch_labels.py
[2026-09-22T16:59:08.630+0000] {processor.py:840} INFO - DAG(s) 'example_branch_labels' retrieved from /home/airflow/.local/lib/python3.12/site-packages/airflow/example_dags/example_branch_labels.py
[2026-09-22T16:59:08.656+0000] {logging_mixin.py:188} INFO - [2026-09-22T16:59:08.656+0000] {dag.py:3089} INFO - Sync 1 DAGs
[2026-09-22T16:59:08.676+0000] {logging_mixin.py:188} INFO - [2026-09-22T16:59:08.676+0000] {dag.py:3947} INFO - Setting next_dagrun for example_branch_labels to 2026-09-21 00:00:00+00:00, run_after=2026-09-22 00:00:00+00:00
[2026-09-22T16:59:08.697+0000] {processor.py:183} INFO - Processing /home/airflow/.local/lib/python3.12/site-packages/airflow/example_dags/example_branch_labels.py took 0.084 seconds
[2026-09-22T16:59:39.174+0000] {processor.py:161} INFO - Started process (PID=300) to work on /home/airflow/.local/lib/python3.12/site-packages/airflow/example_dags/example_branch_labels.py
[2026-09-22T16:59:39.185+0000] {processor.py:830} INFO - Processing file /home/airflow/.local/lib/python3.12/site-packages/airflow/example_dags/example_branch_labels.py for tasks to queue
[2026-09-22T16:59:39.187+0000] {logging_mixin.py:188} INFO - [2026-09-22T16:59:39.187+0000] {dagbag.py:545} INFO - Filling up the DagBag from /home/airflow/.local/lib/python3.12/site-packages/airflow/example_dags/example_branch_labels.py
[2026-09-22T16:59:39.196+0000] {processor.py:840} INFO - DAG(s) 'example_branch_labels' retrieved from /home/airflow/.local/lib/python3.12/site-packages/airflow/example_dags/example_branch_labels.py
[2026-09-22T16:59:39.224+0000] {logging_mixin.py:188} INFO - [2026-09-22T16:59:39.224+0000] {dag.py:3089} INFO - Sync 1 DAGs
[2026-09-22T16:59:39.251+0000] {logging_mixin.py:188} INFO - [2026-09-22T16:59:39.250+0000] {dag.py:3947} INFO - Setting next_dagrun for example_branch_labels to 2026-09-21 00:00:00+00:00, run_after=2026-09-22 00:00:00+00:00
[2026-09-22T16:59:39.273+0000] {processor.py:183} INFO - Processing /home/airflow/.local/lib/python3.12/site-packages/airflow/example_dags/example_branch_labels.py took 0.108 seconds
[2026-09-22T17:00:09.462+0000] {processor.py:161} INFO - Started process (PID=358) to work on /home/airflow/.local/lib/python3.12/site-packages/airflow/example_dags/example_branch_labels.py
[2026-09-22T17:00:09.463+0000] {processor.py:830} INFO - Processing file /home/airflow/.local/lib/python3.12/site-packages/airflow/example_dags/example_branch_labels.py for tasks to queue
[2026-09-22T17:00:09.465+0000] {logging_mixin.py:188} INFO - [2026-09-22T17:00:09.465+0000] {dagbag.py:545} INFO - Filling up the DagBag from /home/airflow/.local/lib/python3.12/site-packages/airflow/example_dags/example_branch_labels.py
[2026-09-22T17:00:09.473+0000] {processor.py:840} INFO - DAG(s) 'example_branch_labels' retrieved from /home/airflow/.local/lib/python3.12/site-packages/airflow/example_dags/example_branch_labels.py
[2026-09-22T17:00:09.492+0000] {logging_mixin.py:188} INFO - [2026-09-22T17:00:09.492+0000] {dag.py:3089} INFO - Sync 1 DAGs
[2026-09-22T17:00:09.515+0000] {logging_mixin.py:188} INFO - [2026-09-22T17:00:09.515+0000] {dag.py:3947} INFO - Setting next_dagrun for example_branch_labels to 2026-09-21 00:00:00+00:00, run_after=2026-09-22 00:00:00+00:00
[2026-09-22T17:00:09.541+0000] {processor.py:183} INFO - Processing /home/airflow/.local/lib/python3.12/site-packages/airflow/example_dags/example_branch_labels.py took 0.088 seconds
[2026-09-22T17:00:40.036+0000] {processor.py:161} INFO - Started process (PID=416) to work on /home/airflow/.local/lib/python3.12/site-packages/airflow/example_dags/example_branch_labels.py
[2026-09-22T17:00:40.037+0000] {processor.py:830} INFO - Processing file /home/airflow/.local/lib/python3.12/site-packages/airflow/example_dags/example_branch_labels.py for tasks to queue
[2026-09-22T17:00:40.039+0000] {logging_mixin.py:188} INFO - [2026-09-22T17:00:40.038+0000] {dagbag.py:545} INFO - Filling up the DagBag from /home/airflow/.local/lib/python3.12/site-packages/airflow/example_dags/example_branch_labels.py
[2026-09-22T17:00:40.045+0000] {processor.py:840} INFO - DAG(s) 'example_branch_labels' retrieved from /home/airflow/.local/lib/python3.12/site-packages/airflow/example_dags/example_branch_labels.py
[2026-09-22T17:00:40.065+0000] {logging_mixin.py:188} INFO - [2026-09-22T17:00:40.065+0000] {dag.py:3089} INFO - Sync 1 DAGs
[2026-09-22T17:00:40.085+0000] {logging_mixin.py:188} INFO - [2026-09-22T17:00:40.085+0000] {dag.py:3947} INFO - Setting next_dagrun for example_branch_labels to 2026-09-21 00:00:00+00:00, run_after=2026-09-22 00:00:00+00:00
[2026-09-22T17:00:40.115+0000] {processor.py:183} INFO - Processing /home/airflow/.local/lib/python3.12/site-packages/airflow/example_dags/example_branch_labels.py took 0.085 seconds
[2026-09-22T17:01:10.584+0000] {processor.py:161} INFO - Started process (PID=474) to work on /home/airflow/.local/lib/python3.12/site-packages/airflow/example_dags/example_branch_labels.py
[2026-09-22T17:01:10.585+0000] {processor.py:830} INFO - Processing file /home/airflow/.local/lib/python3.12/site-packages/airflow/example_dags/example_branch_labels.py for tasks to queue
[2026-09-22T17:01:10.588+0000] {logging_mixin.py:188} INFO - [2026-09-22T17:01:10.587+0000] {dagbag.py:545} INFO - Filling up the DagBag from /home/airflow/.local/lib/python3.12/site-packages/airflow/example_dags/example_branch_labels.py
[2026-09-22T17:01:10.601+0000] {processor.py:840} INFO - DAG(s) 'example_branch_labels' retrieved from /home/airflow/.local/lib/python3.12/site-packages/airflow/example_dags/example_branch_labels.py
[2026-09-22T17:01:10.626+0000] {logging_mixin.py:188} INFO - [2026-09-22T17:01:10.626+0000] {dag.py:3089} INFO - Sync 1 DAGs
[2026-09-22T17:01:10.647+0000] {logging_mixin.py:188} INFO - [2026-09-22T17:01:10.647+0000] {dag.py:3947} INFO - Setting next_dagrun for example_branch_labels to 2026-09-21 00:00:00+00:00, run_after=2026-09-22 00:00:00+00:00
[2026-09-22T17:01:10.666+0000] {processor.py:183} INFO - Processing /home/airflow/.local/lib/python3.12/site-packages/airflow/example_dags/example_branch_labels.py took 0.095 seconds
[2026-09-22T17:01:41.230+0000] {processor.py:161} INFO - Started process (PID=532) to work on /home/airflow/.local/lib/python3.12/site-packages/airflow/example_dags/example_branch_labels.py
[2026-09-22T17:01:41.231+0000] {processor.py:830} INFO - Processing file /home/airflow/.local/lib/python3.12/site-packages/airflow/example_dags/example_branch_labels.py for tasks to queue
[2026-09-22T17:01:41.236+0000] {logging_mixin.py:188} INFO - [2026-09-22T17:01:41.235+0000] {dagbag.py:545} INFO - Filling up the DagBag from /home/airflow/.local/lib/python3.12/site-packages/airflow/example_dags/example_branch_labels.py
[2026-09-22T17:01:41.244+0000] {processor.py:840} INFO - DAG(s) 'example_branch_labels' retrieved from /home/airflow/.local/lib/python3.12/site-packages/airflow/example_dags/example_branch_labels.py
[2026-09-22T17:01:41.267+0000] {logging_mixin.py:188} INFO - [2026-09-22T17:01:41.267+0000] {dag.py:3089} INFO - Sync 1 DAGs
[2026-09-22T17:01:41.290+0000] {logging_mixin.py:188} INFO - [2026-09-22T17:01:41.290+0000] {dag.py:3947} INFO - Setting next_dagrun for example_branch_labels to 2026-09-21 00:00:00+00:00, run_after=2026-09-22 00:00:00+00:00
[2026-09-22T17:01:41.313+0000] {processor.py:183} INFO - Processing /home/airflow/.local/lib/python3.12/site-packages/airflow/example_dags/example_branch_labels.py took 0.091 seconds
[2026-09-22T17:02:11.395+0000] {processor.py:161} INFO - Started process (PID=590) to work on /home/airflow/.local/lib/python3.12/site-packages/airflow/example_dags/example_branch_labels.py
[2026-09-22T17:02:11.396+0000] {processor.py:830} INFO - Processing file /home/airflow/.local/lib/python3.12/site-packages/airflow/example_dags/example_branch_labels.py for tasks to queue
[2026-09-22T17:02:11.398+0000] {logging_mixin.py:188} INFO - [2026-09-22T17:02:11.397+0000] {dagbag.py:545} INFO - Filling up the DagBag from /home/airflow/.local/lib/python3.12/site-packages/airflow/example_dags/example_branch_labels.py
[2026-09-22T17:02:11.406+0000] {processor.py:840} INFO - DAG(s) 'example_branch_labels' retrieved from /home/airflow/.local/lib/python3.12/site-packages/airflow/example_dags/example_branch_labels.py
[2026-09-22T17:02:11.429+0000] {logging_mixin.py:188} INFO - [2026-09-22T17:02:11.429+0000] {dag.py:3089} INFO - Sync 1 DAGs
[2026-09-22T17:02:11.452+0000] {logging_mixin.py:188} INFO - [2026-09-22T17:02:11.452+0000] {dag.py:3947} INFO - Setting next_dagrun for example_branch_labels to 2026-09-21 00:00:00+00:00, run_after=2026-09-22 00:00:00+00:00
[2026-09-22T17:02:11.476+0000] {processor.py:183} INFO - Processing /home/airflow/.local/lib/python3.12/site-packages/airflow/example_dags/example_branch_labels.py took 0.090 seconds
[2026-09-22T17:03:35.781+0000] {processor.py:161} INFO - Started process (PID=124) to work on /home/airflow/.local/lib/python3.12/site-packages/airflow/example_dags/example_branch_labels.py
[2026-09-22T17:03:35.782+0000] {processor.py:830} INFO - Processing file /home/airflow/.local/lib/python3.12/site-packages/airflow/example_dags/example_branch_labels.py for tasks to queue
[2026-09-22T17:03:35.785+0000] {logging_mixin.py:188} INFO - [2026-09-22T17:03:35.785+0000] {dagbag.py:545} INFO - Filling up the DagBag from /home/airflow/.local/lib/python3.12/site-packages/airflow/example_dags/example_branch_labels.py
[2026-09-22T17:03:35.794+0000] {processor.py:840} INFO - DAG(s) 'example_branch_labels' retrieved from /home/airflow/.local/lib/python3.12/site-packages/airflow/example_dags/example_branch_labels.py
[2026-09-22T17:03:35.922+0000] {logging_mixin.py:188} INFO - [2026-09-22T17:03:35.922+0000] {dag.py:3089} INFO - Sync 1 DAGs
[2026-09-22T17:03:35.943+0000] {logging_mixin.py:188} INFO - [2026-09-22T17:03:35.943+0000] {dag.py:3947} INFO - Setting next_dagrun for example_branch_labels to 2026-09-21 00:00:00+00:00, run_after=2026-09-22 00:00:00+00:00
[2026-09-22T17:03:35.968+0000] {processor.py:183} INFO - Processing /home/airflow/.local/lib/python3.12/site-packages/airflow/example_dags/example_branch_labels.py took 0.194 seconds
[2026-09-22T17:04:06.365+0000] {processor.py:161} INFO - Started process (PID=182) to work on /home/airflow/.local/lib/python3.12/site-packages/airflow/example_dags/example_branch_labels.py
[2026-09-22T17:04:06.367+0000] {processor.py:830} INFO - Processing file /home/airflow/.local/lib/python3.12/site-packages/airflow/example_dags/example_branch_labels.py for tasks to queue
[2026-09-22T17:04:06.370+0000] {logging_mixin.py:188} INFO - [2026-09-22T17:04:06.369+0000] {dagbag.py:545} INFO - Filling up the DagBag from /home/airflow/.local/lib/python3.12/site-packages/airflow/example_dags/example_branch_labels.py
[2026-09-22T17:04:06.379+0000] {processor.py:840} INFO - DAG(s) 'example_branch_labels' retrieved from /home/airflow/.local/lib/python3.12/site-packages/airflow/example_dags/example_branch_labels.py
[2026-09-22T17:04:06.408+0000] {logging_mixin.py:188} INFO - [2026-09-22T17:04:06.408+0000] {dag.py:3089} INFO - Sync 1 DAGs
[2026-09-22T17:04:06.446+0000] {logging_mixin.py:188} INFO - [2026-09-22T17:04:06.445+0000] {dag.py:3947} INFO - Setting next_dagrun for example_branch_labels to 2026-09-21 00:00:00+00:00, run_after=2026-09-22 00:00:00+00:00
[2026-09-22T17:04:06.480+0000] {processor.py:183} INFO - Processing /home/airflow/.local/lib/python3.12/site-packages/airflow/example_dags/example_branch_labels.py took 0.123 seconds
[2026-09-22T17:04:37.323+0000] {processor.py:161} INFO - Started process (PID=240) to work on /home/airflow/.local/lib/python3.12/site-packages/airflow/example_dags/example_branch_labels.py
[2026-09-22T17:04:37.324+0000] {processor.py:830} INFO - Processing file /home/airflow/.local/lib/python3.12/site-packages/airflow/example_dags/example_branch_labels.py for tasks to queue
[2026-09-22T17:04:37.325+0000] {logging_mixin.py:188} INFO - [2026-09-22T17:04:37.325+0000] {dagbag.py:545} INFO - Filling up the DagBag from /home/airflow/.local/lib/python3.12/site-packages/airflow/example_dags/example_branch_labels.py
[2026-09-22T17:04:37.333+0000] {processor.py:840} INFO - DAG(s) 'example_branch_labels' retrieved from /home/airflow/.local/lib/python3.12/site-packages/airflow/example_dags/example_branch_labels.py
[2026-09-22T17:04:37.357+0000] {logging_mixin.py:188} INFO - [2026-09-22T17:04:37.357+0000] {dag.py:3089} INFO - Sync 1 DAGs
[2026-09-22T17:04:37.381+0000] {logging_mixin.py:188} INFO - [2026-09-22T17:04:37.381+0000] {dag.py:3947} INFO - Setting next_dagrun for example_branch_labels to 2026-09-21 00:00:00+00:00, run_after=2026-09-22 00:00:00+00:00
[2026-09-22T17:04:37.414+0000] {processor.py:183} INFO - Processing /home/airflow/.local/lib/python3.12/site-packages/airflow/example_dags/example_branch_labels.py took 0.098 seconds
[2026-09-22T17:05:08.305+0000] {processor.py:161} INFO - Started process (PID=298) to work on /home/airflow/.local/lib/python3.12/site-packages/airflow/example_dags/example_branch_labels.py
[2026-09-22T17:05:08.306+0000] {processor.py:830} INFO - Processing file /home/airflow/.local/lib/python3.12/site-packages/airflow/example_dags/example_branch_labels.py for tasks to queue
[2026-09-22T17:05:08.308+0000] {logging_mixin.py:188} INFO - [2026-09-22T17:05:08.308+0000] {dagbag.py:545} INFO - Filling up the DagBag from /home/airflow/.local/lib/python3.12/site-packages/airflow/example_dags/example_branch_labels.py
[2026-09-22T17:05:08.315+0000] {processor.py:840} INFO - DAG(s) 'example_branch_labels' retrieved from /home/airflow/.local/lib/python3.12/site-packages/airflow/example_dags/example_branch_labels.py
[2026-09-22T17:05:08.336+0000] {logging_mixin.py:188} INFO - [2026-09-22T17:05:08.336+0000] {dag.py:3089} INFO - Sync 1 DAGs
[2026-09-22T17:05:08.359+0000] {logging_mixin.py:188} INFO - [2026-09-22T17:05:08.359+0000] {dag.py:3947} INFO - Setting next_dagrun for example_branch_labels to 2026-09-21 00:00:00+00:00, run_after=2026-09-22 00:00:00+00:00
[2026-09-22T17:05:08.389+0000] {processor.py:183} INFO - Processing /home/airflow/.local/lib/python3.12/site-packages/airflow/example_dags/example_branch_labels.py took 0.089 seconds
[2026-09-22T17:05:38.541+0000] {processor.py:161} INFO - Started process (PID=356) to work on /home/airflow/.local/lib/python3.12/site-packages/airflow/example_dags/example_branch_labels.py
[2026-09-22T17:05:38.542+0000] {processor.py:830} INFO - Processing file /home/airflow/.local/lib/python3.12/site-packages/airflow/example_dags/example_branch_labels.py for tasks to queue
[2026-09-22T17:05:38.545+0000] {logging_mixin.py:188} INFO - [2026-09-22T17:05:38.544+0000] {dagbag.py:545} INFO - Filling up the DagBag from /home/airflow/.local/lib/python3.12/site-packages/airflow/example_dags/example_branch_labels.py
[2026-09-22T17:05:38.554+0000] {processor.py:840} INFO - DAG(s) 'example_branch_labels' retrieved from /home/airflow/.local/lib/python3.12/site-packages/airflow/example_dags/example_branch_labels.py
[2026-09-22T17:05:38.577+0000] {logging_mixin.py:188} INFO - [2026-09-22T17:05:38.576+0000] {dag.py:3089} INFO - Sync 1 DAGs
[2026-09-22T17:05:38.604+0000] {logging_mixin.py:188} INFO - [2026-09-22T17:05:38.604+0000] {dag.py:3947} INFO - Setting next_dagrun for example_branch_labels to 2026-09-21 00:00:00+00:00, run_after=2026-09-22 00:00:00+00:00
[2026-09-22T17:05:38.627+0000] {processor.py:183} INFO - Processing /home/airflow/.local/lib/python3.12/site-packages/airflow/example_dags/example_branch_labels.py took 0.093 seconds
[2026-09-22T17:06:09.516+0000] {processor.py:161} INFO - Started process (PID=414) to work on /home/airflow/.local/lib/python3.12/site-packages/airflow/example_dags/example_branch_labels.py
[2026-09-22T17:06:09.519+0000] {processor.py:830} INFO - Processing file /home/airflow/.local/lib/python3.12/site-packages/airflow/example_dags/example_branch_labels.py for tasks to queue
[2026-09-22T17:06:09.525+0000] {logging_mixin.py:188} INFO - [2026-09-22T17:06:09.523+0000] {dagbag.py:545} INFO - Filling up the DagBag from /home/airflow/.local/lib/python3.12/site-packages/airflow/example_dags/example_branch_labels.py
[2026-09-22T17:06:09.540+0000] {processor.py:840} INFO - DAG(s) 'example_branch_labels' retrieved from /home/airflow/.local/lib/python3.12/site-packages/airflow/example_dags/example_branch_labels.py
[2026-09-22T17:06:09.595+0000] {logging_mixin.py:188} INFO - [2026-09-22T17:06:09.594+0000] {dag.py:3089} INFO - Sync 1 DAGs
[2026-09-22T17:06:09.634+0000] {logging_mixin.py:188} INFO - [2026-09-22T17:06:09.634+0000] {dag.py:3947} INFO - Setting next_dagrun for example_branch_labels to 2026-09-21 00:00:00+00:00, run_after=2026-09-22 00:00:00+00:00
[2026-09-22T17:06:09.683+0000] {processor.py:183} INFO - Processing /home/airflow/.local/lib/python3.12/site-packages/airflow/example_dags/example_branch_labels.py took 0.177 seconds
[2026-09-22T17:06:39.724+0000] {processor.py:161} INFO - Started process (PID=472) to work on /home/airflow/.local/lib/python3.12/site-packages/airflow/example_dags/example_branch_labels.py
[2026-09-22T17:06:39.725+0000] {processor.py:830} INFO - Processing file /home/airflow/.local/lib/python3.12/site-packages/airflow/example_dags/example_branch_labels.py for tasks to queue
[2026-09-22T17:06:39.727+0000] {logging_mixin.py:188} INFO - [2026-09-22T17:06:39.726+0000] {dagbag.py:545} INFO - Filling up the DagBag from /home/airflow/.local/lib/python3.12/site-packages/airflow/example_dags/example_branch_labels.py
[2026-09-22T17:06:39.734+0000] {processor.py:840} INFO - DAG(s) 'example_branch_labels' retrieved from /home/airflow/.local/lib/python3.12/site-packages/airflow/example_dags/example_branch_labels.py
[2026-09-22T17:06:39.756+0000] {logging_mixin.py:188} INFO - [2026-09-22T17:06:39.756+0000] {dag.py:3089} INFO - Sync 1 DAGs
[2026-09-22T17:06:39.776+0000] {logging_mixin.py:188} INFO - [2026-09-22T17:06:39.776+0000] {dag.py:3947} INFO - Setting next_dagrun for example_branch_labels to 2026-09-21 00:00:00+00:00, run_after=2026-09-22 00:00:00+00:00
[2026-09-22T17:06:39.797+0000] {processor.py:183} INFO - Processing /home/airflow/.local/lib/python3.12/site-packages/airflow/example_dags/example_branch_labels.py took 0.078 seconds
[2026-09-22T17:07:10.661+0000] {processor.py:161} INFO - Started process (PID=530) to work on /home/airflow/.local/lib/python3.12/site-packages/airflow/example_dags/example_branch_labels.py
[2026-09-22T17:07:10.663+0000] {processor.py:830} INFO - Processing file /home/airflow/.local/lib/python3.12/site-packages/airflow/example_dags/example_branch_labels.py for tasks to queue
[2026-09-22T17:07:10.664+0000] {logging_mixin.py:188} INFO - [2026-09-22T17:07:10.664+0000] {dagbag.py:545} INFO - Filling up the DagBag from /home/airflow/.local/lib/python3.12/site-packages/airflow/example_dags/example_branch_labels.py
[2026-09-22T17:07:10.673+0000] {processor.py:840} INFO - DAG(s) 'example_branch_labels' retrieved from /home/airflow/.local/lib/python3.12/site-packages/airflow/example_dags/example_branch_labels.py
[2026-09-22T17:07:10.693+0000] {logging_mixin.py:188} INFO - [2026-09-22T17:07:10.693+0000] {dag.py:3089} INFO - Sync 1 DAGs
[2026-09-22T17:07:10.716+0000] {logging_mixin.py:188} INFO - [2026-09-22T17:07:10.716+0000] {dag.py:3947} INFO - Setting next_dagrun for example_branch_labels to 2026-09-21 00:00:00+00:00, run_after=2026-09-22 00:00:00+00:00
[2026-09-22T17:07:10.740+0000] {processor.py:183} INFO - Processing /home/airflow/.local/lib/python3.12/site-packages/airflow/example_dags/example_branch_labels.py took 0.084 seconds
[2026-09-22T17:07:41.087+0000] {processor.py:161} INFO - Started process (PID=588) to work on /home/airflow/.local/lib/python3.12/site-packages/airflow/example_dags/example_branch_labels.py
[2026-09-22T17:07:41.088+0000] {processor.py:830} INFO - Processing file /home/airflow/.local/lib/python3.12/site-packages/airflow/example_dags/example_branch_labels.py for tasks to queue
[2026-09-22T17:07:41.090+0000] {logging_mixin.py:188} INFO - [2026-09-22T17:07:41.090+0000] {dagbag.py:545} INFO - Filling up the DagBag from /home/airflow/.local/lib/python3.12/site-packages/airflow/example_dags/example_branch_labels.py
[2026-09-22T17:07:41.097+0000] {processor.py:840} INFO - DAG(s) 'example_branch_labels' retrieved from /home/airflow/.local/lib/python3.12/site-packages/airflow/example_dags/example_branch_labels.py
[2026-09-22T17:07:41.124+0000] {logging_mixin.py:188} INFO - [2026-09-22T17:07:41.123+0000] {dag.py:3089} INFO - Sync 1 DAGs
[2026-09-22T17:07:41.147+0000] {logging_mixin.py:188} INFO - [2026-09-22T17:07:41.146+0000] {dag.py:3947} INFO - Setting next_dagrun for example_branch_labels to 2026-09-21 00:00:00+00:00, run_after=2026-09-22 00:00:00+00:00
[2026-09-22T17:07:41.169+0000] {processor.py:183} INFO - Processing /home/airflow/.local/lib/python3.12/site-packages/airflow/example_dags/example_branch_labels.py took 0.088 seconds
[2026-09-22T17:08:11.426+0000] {processor.py:161} INFO - Started process (PID=646) to work on /home/airflow/.local/lib/python3.12/site-packages/airflow/example_dags/example_branch_labels.py
[2026-09-22T17:08:11.427+0000] {processor.py:830} INFO - Processing file /home/airflow/.local/lib/python3.12/site-packages/airflow/example_dags/example_branch_labels.py for tasks to queue
[2026-09-22T17:08:11.429+0000] {logging_mixin.py:188} INFO - [2026-09-22T17:08:11.429+0000] {dagbag.py:545} INFO - Filling up the DagBag from /home/airflow/.local/lib/python3.12/site-packages/airflow/example_dags/example_branch_labels.py
[2026-09-22T17:08:11.438+0000] {processor.py:840} INFO - DAG(s) 'example_branch_labels' retrieved from /home/airflow/.local/lib/python3.12/site-packages/airflow/example_dags/example_branch_labels.py
[2026-09-22T17:08:11.458+0000] {logging_mixin.py:188} INFO - [2026-09-22T17:08:11.458+0000] {dag.py:3089} INFO - Sync 1 DAGs
[2026-09-22T17:08:11.479+0000] {logging_mixin.py:188} INFO - [2026-09-22T17:08:11.479+0000] {dag.py:3947} INFO - Setting next_dagrun for example_branch_labels to 2026-09-21 00:00:00+00:00, run_after=2026-09-22 00:00:00+00:00
[2026-09-22T17:08:11.502+0000] {processor.py:183} INFO - Processing /home/airflow/.local/lib/python3.12/site-packages/airflow/example_dags/example_branch_labels.py took 0.081 seconds
[2026-09-22T17:08:41.592+0000] {processor.py:161} INFO - Started process (PID=710) to work on /home/airflow/.local/lib/python3.12/site-packages/airflow/example_dags/example_branch_labels.py
[2026-09-22T17:08:41.594+0000] {processor.py:830} INFO - Processing file /home/airflow/.local/lib/python3.12/site-packages/airflow/example_dags/example_branch_labels.py for tasks to queue
[2026-09-22T17:08:41.595+0000] {logging_mixin.py:188} INFO - [2026-09-22T17:08:41.595+0000] {dagbag.py:545} INFO - Filling up the DagBag from /home/airflow/.local/lib/python3.12/site-packages/airflow/example_dags/example_branch_labels.py
[2026-09-22T17:08:41.603+0000] {processor.py:840} INFO - DAG(s) 'example_branch_labels' retrieved from /home/airflow/.local/lib/python3.12/site-packages/airflow/example_dags/example_branch_labels.py
[2026-09-22T17:08:41.621+0000] {logging_mixin.py:188} INFO - [2026-09-22T17:08:41.621+0000] {dag.py:3089} INFO - Sync 1 DAGs
[2026-09-22T17:08:41.639+0000] {logging_mixin.py:188} INFO - [2026-09-22T17:08:41.639+0000] {dag.py:3947} INFO - Setting next_dagrun for example_branch_labels to 2026-09-21 00:00:00+00:00, run_after=2026-09-22 00:00:00+00:00
[2026-09-22T17:08:41.657+0000] {processor.py:183} INFO - Processing /home/airflow/.local/lib/python3.12/site-packages/airflow/example_dags/example_branch_labels.py took 0.070 seconds
[2026-09-22T17:09:11.908+0000] {processor.py:161} INFO - Started process (PID=767) to work on /home/airflow/.local/lib/python3.12/site-packages/airflow/example_dags/example_branch_labels.py
[2026-09-22T17:09:11.909+0000] {processor.py:830} INFO - Processing file /home/airflow/.local/lib/python3.12/site-packages/airflow/example_dags/example_branch_labels.py for tasks to queue
[2026-09-22T17:09:11.911+0000] {logging_mixin.py:188} INFO - [2026-09-22T17:09:11.911+0000] {dagbag.py:545} INFO - Filling up the DagBag from /home/airflow/.local/lib/python3.12/site-packages/airflow/example_dags/example_branch_labels.py
[2026-09-22T17:09:11.919+0000] {processor.py:840} INFO - DAG(s) 'example_branch_labels' retrieved from /home/airflow/.local/lib/python3.12/site-packages/airflow/example_dags/example_branch_labels.py
[2026-09-22T17:09:11.940+0000] {logging_mixin.py:188} INFO - [2026-09-22T17:09:11.940+0000] {dag.py:3089} INFO - Sync 1 DAGs
[2026-09-22T17:09:11.959+0000] {logging_mixin.py:188} INFO - [2026-09-22T17:09:11.959+0000] {dag.py:3947} INFO - Setting next_dagrun for example_branch_labels to 2026-09-21 00:00:00+00:00, run_after=2026-09-22 00:00:00+00:00
[2026-09-22T17:09:11.983+0000] {processor.py:183} INFO - Processing /home/airflow/.local/lib/python3.12/site-packages/airflow/example_dags/example_branch_labels.py took 0.080 seconds
[2026-09-22T17:09:42.046+0000] {processor.py:161} INFO - Started process (PID=825) to work on /home/airflow/.local/lib/python3.12/site-packages/airflow/example_dags/example_branch_labels.py
[2026-09-22T17:09:42.047+0000] {processor.py:830} INFO - Processing file /home/airflow/.local/lib/python3.12/site-packages/airflow/example_dags/example_branch_labels.py for tasks to queue
[2026-09-22T17:09:42.050+0000] {logging_mixin.py:188} INFO - [2026-09-22T17:09:42.049+0000] {dagbag.py:545} INFO - Filling up the DagBag from /home/airflow/.local/lib/python3.12/site-packages/airflow/example_dags/example_branch_labels.py
[2026-09-22T17:09:42.056+0000] {processor.py:840} INFO - DAG(s) 'example_branch_labels' retrieved from /home/airflow/.local/lib/python3.12/site-packages/airflow/example_dags/example_branch_labels.py
[2026-09-22T17:09:42.074+0000] {logging_mixin.py:188} INFO - [2026-09-22T17:09:42.074+0000] {dag.py:3089} INFO - Sync 1 DAGs
[2026-09-22T17:09:42.092+0000] {logging_mixin.py:188} INFO - [2026-09-22T17:09:42.092+0000] {dag.py:3947} INFO - Setting next_dagrun for example_branch_labels to 2026-09-21 00:00:00+00:00, run_after=2026-09-22 00:00:00+00:00
[2026-09-22T17:09:42.109+0000] {processor.py:183} INFO - Processing /home/airflow/.local/lib/python3.12/site-packages/airflow/example_dags/example_branch_labels.py took 0.068 seconds
[2026-09-22T17:10:12.216+0000] {processor.py:161} INFO - Started process (PID=883) to work on /home/airflow/.local/lib/python3.12/site-packages/airflow/example_dags/example_branch_labels.py
[2026-09-22T17:10:12.217+0000] {processor.py:830} INFO - Processing file /home/airflow/.local/lib/python3.12/site-packages/airflow/example_dags/example_branch_labels.py for tasks to queue
[2026-09-22T17:10:12.219+0000] {logging_mixin.py:188} INFO - [2026-09-22T17:10:12.219+0000] {dagbag.py:545} INFO - Filling up the DagBag from /home/airflow/.local/lib/python3.12/site-packages/airflow/example_dags/example_branch_labels.py
[2026-09-22T17:10:12.225+0000] {processor.py:840} INFO - DAG(s) 'example_branch_labels' retrieved from /home/airflow/.local/lib/python3.12/site-packages/airflow/example_dags/example_branch_labels.py
[2026-09-22T17:10:12.245+0000] {logging_mixin.py:188} INFO - [2026-09-22T17:10:12.244+0000] {dag.py:3089} INFO - Sync 1 DAGs
[2026-09-22T17:10:12.265+0000] {logging_mixin.py:188} INFO - [2026-09-22T17:10:12.265+0000] {dag.py:3947} INFO - Setting next_dagrun for example_branch_labels to 2026-09-21 00:00:00+00:00, run_after=2026-09-22 00:00:00+00:00
[2026-09-22T17:10:12.285+0000] {processor.py:183} INFO - Processing /home/airflow/.local/lib/python3.12/site-packages/airflow/example_dags/example_branch_labels.py took 0.074 seconds
[2026-09-22T17:10:42.341+0000] {processor.py:161} INFO - Started process (PID=941) to work on /home/airflow/.local/lib/python3.12/site-packages/airflow/example_dags/example_branch_labels.py
[2026-09-22T17:10:42.342+0000] {processor.py:830} INFO - Processing file /home/airflow/.local/lib/python3.12/site-packages/airflow/example_dags/example_branch_labels.py for tasks to queue
[2026-09-22T17:10:42.344+0000] {logging_mixin.py:188} INFO - [2026-09-22T17:10:42.344+0000] {dagbag.py:545} INFO - Filling up the DagBag from /home/airflow/.local/lib/python3.12/site-packages/airflow/example_dags/example_branch_labels.py
[2026-09-22T17:10:42.352+0000] {processor.py:840} INFO - DAG(s) 'example_branch_labels' retrieved from /home/airflow/.local/lib/python3.12/site-packages/airflow/example_dags/example_branch_labels.py
[2026-09-22T17:10:42.372+0000] {logging_mixin.py:188} INFO - [2026-09-22T17:10:42.372+0000] {dag.py:3089} INFO - Sync 1 DAGs
[2026-09-22T17:10:42.392+0000] {logging_mixin.py:188} INFO - [2026-09-22T17:10:42.392+0000] {dag.py:3947} INFO - Setting next_dagrun for example_branch_labels to 2026-09-21 00:00:00+00:00, run_after=2026-09-22 00:00:00+00:00
[2026-09-22T17:10:42.412+0000] {processor.py:183} INFO - Processing /home/airflow/.local/lib/python3.12/site-packages/airflow/example_dags/example_branch_labels.py took 0.076 seconds
[2026-09-22T17:11:12.612+0000] {processor.py:161} INFO - Started process (PID=999) to work on /home/airflow/.local/lib/python3.12/site-packages/airflow/example_dags/example_branch_labels.py
[2026-09-22T17:11:12.613+0000] {processor.py:830} INFO - Processing file /home/airflow/.local/lib/python3.12/site-packages/airflow/example_dags/example_branch_labels.py for tasks to queue
[2026-09-22T17:11:12.617+0000] {logging_mixin.py:188} INFO - [2026-09-22T17:11:12.616+0000] {dagbag.py:545} INFO - Filling up the DagBag from /home/airflow/.local/lib/python3.12/site-packages/airflow/example_dags/example_branch_labels.py
[2026-09-22T17:11:12.629+0000] {processor.py:840} INFO - DAG(s) 'example_branch_labels' retrieved from /home/airflow/.local/lib/python3.12/site-packages/airflow/example_dags/example_branch_labels.py
[2026-09-22T17:11:12.654+0000] {logging_mixin.py:188} INFO - [2026-09-22T17:11:12.653+0000] {dag.py:3089} INFO - Sync 1 DAGs
[2026-09-22T17:11:12.676+0000] {logging_mixin.py:188} INFO - [2026-09-22T17:11:12.676+0000] {dag.py:3947} INFO - Setting next_dagrun for example_branch_labels to 2026-09-21 00:00:00+00:00, run_after=2026-09-22 00:00:00+00:00
[2026-09-22T17:11:12.697+0000] {processor.py:183} INFO - Processing /home/airflow/.local/lib/python3.12/site-packages/airflow/example_dags/example_branch_labels.py took 0.091 seconds
[2026-09-22T17:11:42.986+0000] {processor.py:161} INFO - Started process (PID=1057) to work on /home/airflow/.local/lib/python3.12/site-packages/airflow/example_dags/example_branch_labels.py
[2026-09-22T17:11:42.987+0000] {processor.py:830} INFO - Processing file /home/airflow/.local/lib/python3.12/site-packages/airflow/example_dags/example_branch_labels.py for tasks to queue
[2026-09-22T17:11:42.989+0000] {logging_mixin.py:188} INFO - [2026-09-22T17:11:42.989+0000] {dagbag.py:545} INFO - Filling up the DagBag from /home/airflow/.local/lib/python3.12/site-packages/airflow/example_dags/example_branch_labels.py
[2026-09-22T17:11:42.995+0000] {processor.py:840} INFO - DAG(s) 'example_branch_labels' retrieved from /home/airflow/.local/lib/python3.12/site-packages/airflow/example_dags/example_branch_labels.py
[2026-09-22T17:11:43.014+0000] {logging_mixin.py:188} INFO - [2026-09-22T17:11:43.014+0000] {dag.py:3089} INFO - Sync 1 DAGs
[2026-09-22T17:11:43.036+0000] {logging_mixin.py:188} INFO - [2026-09-22T17:11:43.036+0000] {dag.py:3947} INFO - Setting next_dagrun for example_branch_labels to 2026-09-21 00:00:00+00:00, run_after=2026-09-22 00:00:00+00:00
[2026-09-22T17:11:43.054+0000] {processor.py:183} INFO - Processing /home/airflow/.local/lib/python3.12/site-packages/airflow/example_dags/example_branch_labels.py took 0.073 seconds
[2026-09-22T17:12:13.156+0000] {processor.py:161} INFO - Started process (PID=1115) to work on /home/airflow/.local/lib/python3.12/site-packages/airflow/example_dags/example_branch_labels.py
[2026-09-22T17:12:13.157+0000] {processor.py:830} INFO - Processing file /home/airflow/.local/lib/python3.12/site-packages/airflow/example_dags/example_branch_labels.py for tasks to queue
[2026-09-22T17:12:13.159+0000] {logging_mixin.py:188} INFO - [2026-09-22T17:12:13.158+0000] {dagbag.py:545} INFO - Filling up the DagBag from /home/airflow/.local/lib/python3.12/site-packages/airflow/example_dags/example_branch_labels.py
[2026-09-22T17:12:13.166+0000] {processor.py:840} INFO - DAG(s) 'example_branch_labels' retrieved from /home/airflow/.local/lib/python3.12/site-packages/airflow/example_dags/example_branch_labels.py
[2026-09-22T17:12:13.185+0000] {logging_mixin.py:188} INFO - [2026-09-22T17:12:13.185+0000] {dag.py:3089} INFO - Sync 1 DAGs
[2026-09-22T17:12:13.205+0000] {logging_mixin.py:188} INFO - [2026-09-22T17:12:13.204+0000] {dag.py:3947} INFO - Setting next_dagrun for example_branch_labels to 2026-09-21 00:00:00+00:00, run_after=2026-09-22 00:00:00+00:00
[2026-09-22T17:12:13.223+0000] {processor.py:183} INFO - Processing /home/airflow/.local/lib/python3.12/site-packages/airflow/example_dags/example_branch_labels.py took 0.073 seconds
[2026-09-22T17:12:43.504+0000] {processor.py:161} INFO - Started process (PID=1173) to work on /home/airflow/.local/lib/python3.12/site-packages/airflow/example_dags/example_branch_labels.py
[2026-09-22T17:12:43.505+0000] {processor.py:830} INFO - Processing file /home/airflow/.local/lib/python3.12/site-packages/airflow/example_dags/example_branch_labels.py for tasks to queue
[2026-09-22T17:12:43.507+0000] {logging_mixin.py:188} INFO - [2026-09-22T17:12:43.506+0000] {dagbag.py:545} INFO - Filling up the DagBag from /home/airflow/.local/lib/python3.12/site-packages/airflow/example_dags/example_branch_labels.py
[2026-09-22T17:12:43.513+0000] {processor.py:840} INFO - DAG(s) 'example_branch_labels' retrieved from /home/airflow/.local/lib/python3.12/site-packages/airflow/example_dags/example_branch_labels.py
[2026-09-22T17:12:43.532+0000] {logging_mixin.py:188} INFO - [2026-09-22T17:12:43.532+0000] {dag.py:3089} INFO - Sync 1 DAGs
[2026-09-22T17:12:43.551+0000] {logging_mixin.py:188} INFO - [2026-09-22T17:12:43.550+0000] {dag.py:3947} INFO - Setting next_dagrun for example_branch_labels to 2026-09-21 00:00:00+00:00, run_after=2026-09-22 00:00:00+00:00
[2026-09-22T17:12:43.568+0000] {processor.py:183} INFO - Processing /home/airflow/.local/lib/python3.12/site-packages/airflow/example_dags/example_branch_labels.py took 0.070 seconds
[2026-09-22T17:13:13.869+0000] {processor.py:161} INFO - Started process (PID=1231) to work on /home/airflow/.local/lib/python3.12/site-packages/airflow/example_dags/example_branch_labels.py
[2026-09-22T17:13:13.870+0000] {processor.py:830} INFO - Processing file /home/airflow/.local/lib/python3.12/site-packages/airflow/example_dags/example_branch_labels.py for tasks to queue
[2026-09-22T17:13:13.872+0000] {logging_mixin.py:188} INFO - [2026-09-22T17:13:13.872+0000] {dagbag.py:545} INFO - Filling up the DagBag from /home/airflow/.local/lib/python3.12/site-packages/airflow/example_dags/example_branch_labels.py
[2026-09-22T17:13:13.879+0000] {processor.py:840} INFO - DAG(s) 'example_branch_labels' retrieved from /home/airflow/.local/lib/python3.12/site-packages/airflow/example_dags/example_branch_labels.py
[2026-09-22T17:13:13.905+0000] {logging_mixin.py:188} INFO - [2026-09-22T17:13:13.905+0000] {dag.py:3089} INFO - Sync 1 DAGs
[2026-09-22T17:13:13.934+0000] {logging_mixin.py:188} INFO - [2026-09-22T17:13:13.933+0000] {dag.py:3947} INFO - Setting next_dagrun for example_branch_labels to 2026-09-21 00:00:00+00:00, run_after=2026-09-22 00:00:00+00:00
[2026-09-22T17:13:13.957+0000] {processor.py:183} INFO - Processing /home/airflow/.local/lib/python3.12/site-packages/airflow/example_dags/example_branch_labels.py took 0.097 seconds
