[2026-09-22T16:19:35.460+0000] {processor.py:161} INFO - Started process (PID=106) to work on /home/airflow/.local/lib/python3.12/site-packages/airflow/example_dags/example_task_group_decorator.py
[2026-09-22T16:19:35.462+0000] {processor.py:830} INFO - Processing file /home/airflow/.local/lib/python3.12/site-packages/airflow/example_dags/example_task_group_decorator.py for tasks to queue
[2026-09-22T16:19:35.465+0000] {logging_mixin.py:188} INFO - [2026-09-22T16:19:35.464+0000] {dagbag.py:545} INFO - Filling up the DagBag from /home/airflow/.local/lib/python3.12/site-packages/airflow/example_dags/example_task_group_decorator.py
[2026-09-22T16:19:35.490+0000] {processor.py:840} INFO - DAG(s) 'example_task_group_decorator' retrieved from /home/airflow/.local/lib/python3.12/site-packages/airflow/example_dags/example_task_group_decorator.py
[2026-09-22T16:19:35.634+0000] {logging_mixin.py:188} INFO - [2026-09-22T16:19:35.633+0000] {dag.py:3089} INFO - Sync 1 DAGs
[2026-09-22T16:19:35.663+0000] {logging_mixin.py:188} INFO - [2026-09-22T16:19:35.663+0000] {dag.py:3947} INFO - Setting next_dagrun for example_task_group_decorator to 2026-09-21 00:00:00+00:00, run_after=2026-09-22 00:00:00+00:00
[2026-09-22T16:19:35.722+0000] {processor.py:183} INFO - Processing /home/airflow/.local/lib/python3.12/site-packages/airflow/example_dags/example_task_group_decorator.py took 0.271 seconds
[2026-09-22T16:20:05.787+0000] {processor.py:161} INFO - Started process (PID=164) to work on /home/airflow/.local/lib/python3.12/site-packages/airflow/example_dags/example_task_group_decorator.py
[2026-09-22T16:20:05.788+0000] {processor.py:830} INFO - Processing file /home/airflow/.local/lib/python3.12/site-packages/airflow/example_dags/example_task_group_decorator.py for tasks to queue
[2026-09-22T16:20:05.791+0000] {logging_mixin.py:188} INFO - [2026-09-22T16:20:05.790+0000] {dagbag.py:545} INFO - Filling up the DagBag from /home/airflow/.local/lib/python3.12/site-packages/airflow/example_dags/example_task_group_decorator.py
[2026-09-22T16:20:05.809+0000] {processor.py:840} INFO - DAG(s) 'example_task_group_decorator' retrieved from /home/airflow/.local/lib/python3.12/site-packages/airflow/example_dags/example_task_group_decorator.py
[2026-09-22T16:20:05.847+0000] {logging_mixin.py:188} INFO - [2026-09-22T16:20:05.846+0000] {dag.py:3089} INFO - Sync 1 DAGs
[2026-09-22T16:20:05.891+0000] {logging_mixin.py:188} INFO - [2026-09-22T16:20:05.890+0000] {dag.py:3947} INFO - Setting next_dagrun for example_task_group_decorator to 2026-09-21 00:00:00+00:00, run_after=2026-09-22 00:00:00+00:00
[2026-09-22T16:20:05.922+0000] {processor.py:183} INFO - Processing /home/airflow/.local/lib/python3.12/site-packages/airflow/example_dags/example_task_group_decorator.py took 0.145 seconds
[2026-09-22T16:20:36.419+0000] {processor.py:161} INFO - Started process (PID=221) to work on /home/airflow/.local/lib/python3.12/site-packages/airflow/example_dags/example_task_group_decorator.py
[2026-09-22T16:20:36.421+0000] {processor.py:830} INFO - Processing file /home/airflow/.local/lib/python3.12/site-packages/airflow/example_dags/example_task_group_decorator.py for tasks to queue
[2026-09-22T16:20:36.424+0000] {logging_mixin.py:188} INFO - [2026-09-22T16:20:36.424+0000] {dagbag.py:545} INFO - Filling up the DagBag from /home/airflow/.local/lib/python3.12/site-packages/airflow/example_dags/example_task_group_decorator.py
[2026-09-22T16:20:36.445+0000] {processor.py:840} INFO - DAG(s) 'example_task_group_decorator' retrieved from /home/airflow/.local/lib/python3.12/site-packages/airflow/example_dags/example_task_group_decorator.py
[2026-09-22T16:20:36.480+0000] {logging_mixin.py:188} INFO - [2026-09-22T16:20:36.479+0000] {dag.py:3089} INFO - Sync 1 DAGs
[2026-09-22T16:20:36.513+0000] {logging_mixin.py:188} INFO - [2026-09-22T16:20:36.513+0000] {dag.py:3947} INFO - Setting next_dagrun for example_task_group_decorator to 2026-09-21 00:00:00+00:00, run_after=2026-09-22 00:00:00+00:00
[2026-09-22T16:20:36.559+0000] {processor.py:183} INFO - Processing /home/airflow/.local/lib/python3.12/site-packages/airflow/example_dags/example_task_group_decorator.py took 0.146 seconds
[2026-09-22T16:21:06.906+0000] {processor.py:161} INFO - Started process (PID=279) to work on /home/airflow/.local/lib/python3.12/site-packages/airflow/example_dags/example_task_group_decorator.py
[2026-09-22T16:21:06.909+0000] {processor.py:830} INFO - Processing file /home/airflow/.local/lib/python3.12/site-packages/airflow/example_dags/example_task_group_decorator.py for tasks to queue
[2026-09-22T16:21:06.913+0000] {logging_mixin.py:188} INFO - [2026-09-22T16:21:06.912+0000] {dagbag.py:545} INFO - Filling up the DagBag from /home/airflow/.local/lib/python3.12/site-packages/airflow/example_dags/example_task_group_decorator.py
[2026-09-22T16:21:06.940+0000] {processor.py:840} INFO - DAG(s) 'example_task_group_decorator' retrieved from /home/airflow/.local/lib/python3.12/site-packages/airflow/example_dags/example_task_group_decorator.py
[2026-09-22T16:21:06.971+0000] {logging_mixin.py:188} INFO - [2026-09-22T16:21:06.971+0000] {dag.py:3089} INFO - Sync 1 DAGs
[2026-09-22T16:21:06.998+0000] {logging_mixin.py:188} INFO - [2026-09-22T16:21:06.998+0000] {dag.py:3947} INFO - Setting next_dagrun for example_task_group_decorator to 2026-09-21 00:00:00+00:00, run_after=2026-09-22 00:00:00+00:00
[2026-09-22T16:21:07.029+0000] {processor.py:183} INFO - Processing /home/airflow/.local/lib/python3.12/site-packages/airflow/example_dags/example_task_group_decorator.py took 0.133 seconds
[2026-09-22T16:21:37.751+0000] {processor.py:161} INFO - Started process (PID=337) to work on /home/airflow/.local/lib/python3.12/site-packages/airflow/example_dags/example_task_group_decorator.py
[2026-09-22T16:21:37.754+0000] {processor.py:830} INFO - Processing file /home/airflow/.local/lib/python3.12/site-packages/airflow/example_dags/example_task_group_decorator.py for tasks to queue
[2026-09-22T16:21:37.758+0000] {logging_mixin.py:188} INFO - [2026-09-22T16:21:37.758+0000] {dagbag.py:545} INFO - Filling up the DagBag from /home/airflow/.local/lib/python3.12/site-packages/airflow/example_dags/example_task_group_decorator.py
[2026-09-22T16:21:37.782+0000] {processor.py:840} INFO - DAG(s) 'example_task_group_decorator' retrieved from /home/airflow/.local/lib/python3.12/site-packages/airflow/example_dags/example_task_group_decorator.py
[2026-09-22T16:21:37.819+0000] {logging_mixin.py:188} INFO - [2026-09-22T16:21:37.819+0000] {dag.py:3089} INFO - Sync 1 DAGs
[2026-09-22T16:21:37.846+0000] {logging_mixin.py:188} INFO - [2026-09-22T16:21:37.845+0000] {dag.py:3947} INFO - Setting next_dagrun for example_task_group_decorator to 2026-09-21 00:00:00+00:00, run_after=2026-09-22 00:00:00+00:00
[2026-09-22T16:21:37.928+0000] {processor.py:183} INFO - Processing /home/airflow/.local/lib/python3.12/site-packages/airflow/example_dags/example_task_group_decorator.py took 0.194 seconds
[2026-09-22T16:22:08.398+0000] {processor.py:161} INFO - Started process (PID=395) to work on /home/airflow/.local/lib/python3.12/site-packages/airflow/example_dags/example_task_group_decorator.py
[2026-09-22T16:22:08.400+0000] {processor.py:830} INFO - Processing file /home/airflow/.local/lib/python3.12/site-packages/airflow/example_dags/example_task_group_decorator.py for tasks to queue
[2026-09-22T16:22:08.404+0000] {logging_mixin.py:188} INFO - [2026-09-22T16:22:08.403+0000] {dagbag.py:545} INFO - Filling up the DagBag from /home/airflow/.local/lib/python3.12/site-packages/airflow/example_dags/example_task_group_decorator.py
[2026-09-22T16:22:08.428+0000] {processor.py:840} INFO - DAG(s) 'example_task_group_decorator' retrieved from /home/airflow/.local/lib/python3.12/site-packages/airflow/example_dags/example_task_group_decorator.py
[2026-09-22T16:22:08.464+0000] {logging_mixin.py:188} INFO - [2026-09-22T16:22:08.464+0000] {dag.py:3089} INFO - Sync 1 DAGs
[2026-09-22T16:22:08.493+0000] {logging_mixin.py:188} INFO - [2026-09-22T16:22:08.493+0000] {dag.py:3947} INFO - Setting next_dagrun for example_task_group_decorator to 2026-09-21 00:00:00+00:00, run_after=2026-09-22 00:00:00+00:00
[2026-09-22T16:22:08.521+0000] {processor.py:183} INFO - Processing /home/airflow/.local/lib/python3.12/site-packages/airflow/example_dags/example_task_group_decorator.py took 0.134 seconds
[2026-09-22T16:22:38.720+0000] {processor.py:161} INFO - Started process (PID=452) to work on /home/airflow/.local/lib/python3.12/site-packages/airflow/example_dags/example_task_group_decorator.py
[2026-09-22T16:22:38.723+0000] {processor.py:830} INFO - Processing file /home/airflow/.local/lib/python3.12/site-packages/airflow/example_dags/example_task_group_decorator.py for tasks to queue
[2026-09-22T16:22:38.726+0000] {logging_mixin.py:188} INFO - [2026-09-22T16:22:38.725+0000] {dagbag.py:545} INFO - Filling up the DagBag from /home/airflow/.local/lib/python3.12/site-packages/airflow/example_dags/example_task_group_decorator.py
[2026-09-22T16:22:38.748+0000] {processor.py:840} INFO - DAG(s) 'example_task_group_decorator' retrieved from /home/airflow/.local/lib/python3.12/site-packages/airflow/example_dags/example_task_group_decorator.py
[2026-09-22T16:22:38.782+0000] {logging_mixin.py:188} INFO - [2026-09-22T16:22:38.782+0000] {dag.py:3089} INFO - Sync 1 DAGs
[2026-09-22T16:22:38.814+0000] {logging_mixin.py:188} INFO - [2026-09-22T16:22:38.814+0000] {dag.py:3947} INFO - Setting next_dagrun for example_task_group_decorator to 2026-09-21 00:00:00+00:00, run_after=2026-09-22 00:00:00+00:00
[2026-09-22T16:22:38.855+0000] {processor.py:183} INFO - Processing /home/airflow/.local/lib/python3.12/site-packages/airflow/example_dags/example_task_group_decorator.py took 0.145 seconds
[2026-09-22T16:23:09.151+0000] {processor.py:161} INFO - Started process (PID=510) to work on /home/airflow/.local/lib/python3.12/site-packages/airflow/example_dags/example_task_group_decorator.py
[2026-09-22T16:23:09.152+0000] {processor.py:830} INFO - Processing file /home/airflow/.local/lib/python3.12/site-packages/airflow/example_dags/example_task_group_decorator.py for tasks to queue
[2026-09-22T16:23:09.155+0000] {logging_mixin.py:188} INFO - [2026-09-22T16:23:09.154+0000] {dagbag.py:545} INFO - Filling up the DagBag from /home/airflow/.local/lib/python3.12/site-packages/airflow/example_dags/example_task_group_decorator.py
[2026-09-22T16:23:09.171+0000] {processor.py:840} INFO - DAG(s) 'example_task_group_decorator' retrieved from /home/airflow/.local/lib/python3.12/site-packages/airflow/example_dags/example_task_group_decorator.py
[2026-09-22T16:23:09.206+0000] {logging_mixin.py:188} INFO - [2026-09-22T16:23:09.205+0000] {dag.py:3089} INFO - Sync 1 DAGs
[2026-09-22T16:23:09.244+0000] {logging_mixin.py:188} INFO - [2026-09-22T16:23:09.244+0000] {dag.py:3947} INFO - Setting next_dagrun for example_task_group_decorator to 2026-09-21 00:00:00+00:00, run_after=2026-09-22 00:00:00+00:00
[2026-09-22T16:23:09.279+0000] {processor.py:183} INFO - Processing /home/airflow/.local/lib/python3.12/site-packages/airflow/example_dags/example_task_group_decorator.py took 0.137 seconds
[2026-09-22T16:23:39.560+0000] {processor.py:161} INFO - Started process (PID=568) to work on /home/airflow/.local/lib/python3.12/site-packages/airflow/example_dags/example_task_group_decorator.py
[2026-09-22T16:23:39.561+0000] {processor.py:830} INFO - Processing file /home/airflow/.local/lib/python3.12/site-packages/airflow/example_dags/example_task_group_decorator.py for tasks to queue
[2026-09-22T16:23:39.565+0000] {logging_mixin.py:188} INFO - [2026-09-22T16:23:39.564+0000] {dagbag.py:545} INFO - Filling up the DagBag from /home/airflow/.local/lib/python3.12/site-packages/airflow/example_dags/example_task_group_decorator.py
[2026-09-22T16:23:39.589+0000] {processor.py:840} INFO - DAG(s) 'example_task_group_decorator' retrieved from /home/airflow/.local/lib/python3.12/site-packages/airflow/example_dags/example_task_group_decorator.py
[2026-09-22T16:23:39.640+0000] {logging_mixin.py:188} INFO - [2026-09-22T16:23:39.639+0000] {dag.py:3089} INFO - Sync 1 DAGs
[2026-09-22T16:23:39.696+0000] {logging_mixin.py:188} INFO - [2026-09-22T16:23:39.695+0000] {dag.py:3947} INFO - Setting next_dagrun for example_task_group_decorator to 2026-09-21 00:00:00+00:00, run_after=2026-09-22 00:00:00+00:00
[2026-09-22T16:23:39.736+0000] {processor.py:183} INFO - Processing /home/airflow/.local/lib/python3.12/site-packages/airflow/example_dags/example_task_group_decorator.py took 0.187 seconds
[2026-09-22T16:24:09.992+0000] {processor.py:161} INFO - Started process (PID=626) to work on /home/airflow/.local/lib/python3.12/site-packages/airflow/example_dags/example_task_group_decorator.py
[2026-09-22T16:24:09.993+0000] {processor.py:830} INFO - Processing file /home/airflow/.local/lib/python3.12/site-packages/airflow/example_dags/example_task_group_decorator.py for tasks to queue
[2026-09-22T16:24:09.996+0000] {logging_mixin.py:188} INFO - [2026-09-22T16:24:09.996+0000] {dagbag.py:545} INFO - Filling up the DagBag from /home/airflow/.local/lib/python3.12/site-packages/airflow/example_dags/example_task_group_decorator.py
[2026-09-22T16:24:10.021+0000] {processor.py:840} INFO - DAG(s) 'example_task_group_decorator' retrieved from /home/airflow/.local/lib/python3.12/site-packages/airflow/example_dags/example_task_group_decorator.py
[2026-09-22T16:24:10.073+0000] {logging_mixin.py:188} INFO - [2026-09-22T16:24:10.073+0000] {dag.py:3089} INFO - Sync 1 DAGs
[2026-09-22T16:24:10.121+0000] {logging_mixin.py:188} INFO - [2026-09-22T16:24:10.120+0000] {dag.py:3947} INFO - Setting next_dagrun for example_task_group_decorator to 2026-09-21 00:00:00+00:00, run_after=2026-09-22 00:00:00+00:00
[2026-09-22T16:24:10.212+0000] {processor.py:183} INFO - Processing /home/airflow/.local/lib/python3.12/site-packages/airflow/example_dags/example_task_group_decorator.py took 0.228 seconds
[2026-09-22T16:24:40.441+0000] {processor.py:161} INFO - Started process (PID=684) to work on /home/airflow/.local/lib/python3.12/site-packages/airflow/example_dags/example_task_group_decorator.py
[2026-09-22T16:24:40.442+0000] {processor.py:830} INFO - Processing file /home/airflow/.local/lib/python3.12/site-packages/airflow/example_dags/example_task_group_decorator.py for tasks to queue
[2026-09-22T16:24:40.446+0000] {logging_mixin.py:188} INFO - [2026-09-22T16:24:40.445+0000] {dagbag.py:545} INFO - Filling up the DagBag from /home/airflow/.local/lib/python3.12/site-packages/airflow/example_dags/example_task_group_decorator.py
[2026-09-22T16:24:40.472+0000] {processor.py:840} INFO - DAG(s) 'example_task_group_decorator' retrieved from /home/airflow/.local/lib/python3.12/site-packages/airflow/example_dags/example_task_group_decorator.py
[2026-09-22T16:24:40.511+0000] {logging_mixin.py:188} INFO - [2026-09-22T16:24:40.510+0000] {dag.py:3089} INFO - Sync 1 DAGs
[2026-09-22T16:24:40.553+0000] {logging_mixin.py:188} INFO - [2026-09-22T16:24:40.552+0000] {dag.py:3947} INFO - Setting next_dagrun for example_task_group_decorator to 2026-09-21 00:00:00+00:00, run_after=2026-09-22 00:00:00+00:00
[2026-09-22T16:24:40.590+0000] {processor.py:183} INFO - Processing /home/airflow/.local/lib/python3.12/site-packages/airflow/example_dags/example_task_group_decorator.py took 0.164 seconds
[2026-09-22T16:25:10.903+0000] {processor.py:161} INFO - Started process (PID=742) to work on /home/airflow/.local/lib/python3.12/site-packages/airflow/example_dags/example_task_group_decorator.py
[2026-09-22T16:25:10.905+0000] {processor.py:830} INFO - Processing file /home/airflow/.local/lib/python3.12/site-packages/airflow/example_dags/example_task_group_decorator.py for tasks to queue
[2026-09-22T16:25:10.908+0000] {logging_mixin.py:188} INFO - [2026-09-22T16:25:10.908+0000] {dagbag.py:545} INFO - Filling up the DagBag from /home/airflow/.local/lib/python3.12/site-packages/airflow/example_dags/example_task_group_decorator.py
[2026-09-22T16:25:10.926+0000] {processor.py:840} INFO - DAG(s) 'example_task_group_decorator' retrieved from /home/airflow/.local/lib/python3.12/site-packages/airflow/example_dags/example_task_group_decorator.py
[2026-09-22T16:25:10.959+0000] {logging_mixin.py:188} INFO - [2026-09-22T16:25:10.959+0000] {dag.py:3089} INFO - Sync 1 DAGs
[2026-09-22T16:25:10.990+0000] {logging_mixin.py:188} INFO - [2026-09-22T16:25:10.989+0000] {dag.py:3947} INFO - Setting next_dagrun for example_task_group_decorator to 2026-09-21 00:00:00+00:00, run_after=2026-09-22 00:00:00+00:00
[2026-09-22T16:25:11.020+0000] {processor.py:183} INFO - Processing /home/airflow/.local/lib/python3.12/site-packages/airflow/example_dags/example_task_group_decorator.py took 0.125 seconds
[2026-09-22T16:25:41.336+0000] {processor.py:161} INFO - Started process (PID=800) to work on /home/airflow/.local/lib/python3.12/site-packages/airflow/example_dags/example_task_group_decorator.py
[2026-09-22T16:25:41.338+0000] {processor.py:830} INFO - Processing file /home/airflow/.local/lib/python3.12/site-packages/airflow/example_dags/example_task_group_decorator.py for tasks to queue
[2026-09-22T16:25:41.341+0000] {logging_mixin.py:188} INFO - [2026-09-22T16:25:41.341+0000] {dagbag.py:545} INFO - Filling up the DagBag from /home/airflow/.local/lib/python3.12/site-packages/airflow/example_dags/example_task_group_decorator.py
[2026-09-22T16:25:41.363+0000] {processor.py:840} INFO - DAG(s) 'example_task_group_decorator' retrieved from /home/airflow/.local/lib/python3.12/site-packages/airflow/example_dags/example_task_group_decorator.py
[2026-09-22T16:25:41.406+0000] {logging_mixin.py:188} INFO - [2026-09-22T16:25:41.405+0000] {dag.py:3089} INFO - Sync 1 DAGs
[2026-09-22T16:25:41.447+0000] {logging_mixin.py:188} INFO - [2026-09-22T16:25:41.446+0000] {dag.py:3947} INFO - Setting next_dagrun for example_task_group_decorator to 2026-09-21 00:00:00+00:00, run_after=2026-09-22 00:00:00+00:00
[2026-09-22T16:25:41.481+0000] {processor.py:183} INFO - Processing /home/airflow/.local/lib/python3.12/site-packages/airflow/example_dags/example_task_group_decorator.py took 0.155 seconds
[2026-09-22T16:26:12.135+0000] {processor.py:161} INFO - Started process (PID=858) to work on /home/airflow/.local/lib/python3.12/site-packages/airflow/example_dags/example_task_group_decorator.py
[2026-09-22T16:26:12.137+0000] {processor.py:830} INFO - Processing file /home/airflow/.local/lib/python3.12/site-packages/airflow/example_dags/example_task_group_decorator.py for tasks to queue
[2026-09-22T16:26:12.140+0000] {logging_mixin.py:188} INFO - [2026-09-22T16:26:12.140+0000] {dagbag.py:545} INFO - Filling up the DagBag from /home/airflow/.local/lib/python3.12/site-packages/airflow/example_dags/example_task_group_decorator.py
[2026-09-22T16:26:12.161+0000] {processor.py:840} INFO - DAG(s) 'example_task_group_decorator' retrieved from /home/airflow/.local/lib/python3.12/site-packages/airflow/example_dags/example_task_group_decorator.py
[2026-09-22T16:26:12.203+0000] {logging_mixin.py:188} INFO - [2026-09-22T16:26:12.202+0000] {dag.py:3089} INFO - Sync 1 DAGs
[2026-09-22T16:26:12.238+0000] {logging_mixin.py:188} INFO - [2026-09-22T16:26:12.238+0000] {dag.py:3947} INFO - Setting next_dagrun for example_task_group_decorator to 2026-09-21 00:00:00+00:00, run_after=2026-09-22 00:00:00+00:00
[2026-09-22T16:26:12.276+0000] {processor.py:183} INFO - Processing /home/airflow/.local/lib/python3.12/site-packages/airflow/example_dags/example_task_group_decorator.py took 0.151 seconds
[2026-09-22T16:26:43.248+0000] {processor.py:161} INFO - Started process (PID=916) to work on /home/airflow/.local/lib/python3.12/site-packages/airflow/example_dags/example_task_group_decorator.py
[2026-09-22T16:26:43.249+0000] {processor.py:830} INFO - Processing file /home/airflow/.local/lib/python3.12/site-packages/airflow/example_dags/example_task_group_decorator.py for tasks to queue
[2026-09-22T16:26:43.252+0000] {logging_mixin.py:188} INFO - [2026-09-22T16:26:43.251+0000] {dagbag.py:545} INFO - Filling up the DagBag from /home/airflow/.local/lib/python3.12/site-packages/airflow/example_dags/example_task_group_decorator.py
[2026-09-22T16:26:43.272+0000] {processor.py:840} INFO - DAG(s) 'example_task_group_decorator' retrieved from /home/airflow/.local/lib/python3.12/site-packages/airflow/example_dags/example_task_group_decorator.py
[2026-09-22T16:26:43.314+0000] {logging_mixin.py:188} INFO - [2026-09-22T16:26:43.313+0000] {dag.py:3089} INFO - Sync 1 DAGs
[2026-09-22T16:26:43.346+0000] {logging_mixin.py:188} INFO - [2026-09-22T16:26:43.345+0000] {dag.py:3947} INFO - Setting next_dagrun for example_task_group_decorator to 2026-09-21 00:00:00+00:00, run_after=2026-09-22 00:00:00+00:00
[2026-09-22T16:26:43.382+0000] {processor.py:183} INFO - Processing /home/airflow/.local/lib/python3.12/site-packages/airflow/example_dags/example_task_group_decorator.py took 0.146 seconds
[2026-09-22T16:27:13.867+0000] {processor.py:161} INFO - Started process (PID=974) to work on /home/airflow/.local/lib/python3.12/site-packages/airflow/example_dags/example_task_group_decorator.py
[2026-09-22T16:27:13.868+0000] {processor.py:830} INFO - Processing file /home/airflow/.local/lib/python3.12/site-packages/airflow/example_dags/example_task_group_decorator.py for tasks to queue
[2026-09-22T16:27:13.872+0000] {logging_mixin.py:188} INFO - [2026-09-22T16:27:13.871+0000] {dagbag.py:545} INFO - Filling up the DagBag from /home/airflow/.local/lib/python3.12/site-packages/airflow/example_dags/example_task_group_decorator.py
[2026-09-22T16:27:13.889+0000] {processor.py:840} INFO - DAG(s) 'example_task_group_decorator' retrieved from /home/airflow/.local/lib/python3.12/site-packages/airflow/example_dags/example_task_group_decorator.py
[2026-09-22T16:27:13.922+0000] {logging_mixin.py:188} INFO - [2026-09-22T16:27:13.921+0000] {dag.py:3089} INFO - Sync 1 DAGs
[2026-09-22T16:27:13.948+0000] {logging_mixin.py:188} INFO - [2026-09-22T16:27:13.948+0000] {dag.py:3947} INFO - Setting next_dagrun for example_task_group_decorator to 2026-09-21 00:00:00+00:00, run_after=2026-09-22 00:00:00+00:00
[2026-09-22T16:27:14.034+0000] {processor.py:183} INFO - Processing /home/airflow/.local/lib/python3.12/site-packages/airflow/example_dags/example_task_group_decorator.py took 0.174 seconds
[2026-09-22T16:27:44.176+0000] {processor.py:161} INFO - Started process (PID=1032) to work on /home/airflow/.local/lib/python3.12/site-packages/airflow/example_dags/example_task_group_decorator.py
[2026-09-22T16:27:44.179+0000] {processor.py:830} INFO - Processing file /home/airflow/.local/lib/python3.12/site-packages/airflow/example_dags/example_task_group_decorator.py for tasks to queue
[2026-09-22T16:27:44.182+0000] {logging_mixin.py:188} INFO - [2026-09-22T16:27:44.181+0000] {dagbag.py:545} INFO - Filling up the DagBag from /home/airflow/.local/lib/python3.12/site-packages/airflow/example_dags/example_task_group_decorator.py
[2026-09-22T16:27:44.205+0000] {processor.py:840} INFO - DAG(s) 'example_task_group_decorator' retrieved from /home/airflow/.local/lib/python3.12/site-packages/airflow/example_dags/example_task_group_decorator.py
[2026-09-22T16:27:44.245+0000] {logging_mixin.py:188} INFO - [2026-09-22T16:27:44.244+0000] {dag.py:3089} INFO - Sync 1 DAGs
[2026-09-22T16:27:44.271+0000] {logging_mixin.py:188} INFO - [2026-09-22T16:27:44.271+0000] {dag.py:3947} INFO - Setting next_dagrun for example_task_group_decorator to 2026-09-21 00:00:00+00:00, run_after=2026-09-22 00:00:00+00:00
[2026-09-22T16:27:44.358+0000] {processor.py:183} INFO - Processing /home/airflow/.local/lib/python3.12/site-packages/airflow/example_dags/example_task_group_decorator.py took 0.191 seconds
[2026-09-22T16:28:15.128+0000] {processor.py:161} INFO - Started process (PID=1090) to work on /home/airflow/.local/lib/python3.12/site-packages/airflow/example_dags/example_task_group_decorator.py
[2026-09-22T16:28:15.130+0000] {processor.py:830} INFO - Processing file /home/airflow/.local/lib/python3.12/site-packages/airflow/example_dags/example_task_group_decorator.py for tasks to queue
[2026-09-22T16:28:15.134+0000] {logging_mixin.py:188} INFO - [2026-09-22T16:28:15.133+0000] {dagbag.py:545} INFO - Filling up the DagBag from /home/airflow/.local/lib/python3.12/site-packages/airflow/example_dags/example_task_group_decorator.py
[2026-09-22T16:28:15.151+0000] {processor.py:840} INFO - DAG(s) 'example_task_group_decorator' retrieved from /home/airflow/.local/lib/python3.12/site-packages/airflow/example_dags/example_task_group_decorator.py
[2026-09-22T16:28:15.184+0000] {logging_mixin.py:188} INFO - [2026-09-22T16:28:15.183+0000] {dag.py:3089} INFO - Sync 1 DAGs
[2026-09-22T16:28:15.212+0000] {logging_mixin.py:188} INFO - [2026-09-22T16:28:15.212+0000] {dag.py:3947} INFO - Setting next_dagrun for example_task_group_decorator to 2026-09-21 00:00:00+00:00, run_after=2026-09-22 00:00:00+00:00
[2026-09-22T16:28:15.301+0000] {processor.py:183} INFO - Processing /home/airflow/.local/lib/python3.12/site-packages/airflow/example_dags/example_task_group_decorator.py took 0.182 seconds
[2026-09-22T16:28:45.453+0000] {processor.py:161} INFO - Started process (PID=1148) to work on /home/airflow/.local/lib/python3.12/site-packages/airflow/example_dags/example_task_group_decorator.py
[2026-09-22T16:28:45.455+0000] {processor.py:830} INFO - Processing file /home/airflow/.local/lib/python3.12/site-packages/airflow/example_dags/example_task_group_decorator.py for tasks to queue
[2026-09-22T16:28:45.459+0000] {logging_mixin.py:188} INFO - [2026-09-22T16:28:45.458+0000] {dagbag.py:545} INFO - Filling up the DagBag from /home/airflow/.local/lib/python3.12/site-packages/airflow/example_dags/example_task_group_decorator.py
[2026-09-22T16:28:45.486+0000] {processor.py:840} INFO - DAG(s) 'example_task_group_decorator' retrieved from /home/airflow/.local/lib/python3.12/site-packages/airflow/example_dags/example_task_group_decorator.py
[2026-09-22T16:28:45.527+0000] {logging_mixin.py:188} INFO - [2026-09-22T16:28:45.527+0000] {dag.py:3089} INFO - Sync 1 DAGs
[2026-09-22T16:28:45.561+0000] {logging_mixin.py:188} INFO - [2026-09-22T16:28:45.561+0000] {dag.py:3947} INFO - Setting next_dagrun for example_task_group_decorator to 2026-09-21 00:00:00+00:00, run_after=2026-09-22 00:00:00+00:00
[2026-09-22T16:28:45.643+0000] {processor.py:183} INFO - Processing /home/airflow/.local/lib/python3.12/site-packages/airflow/example_dags/example_task_group_decorator.py took 0.200 seconds
[2026-09-22T16:29:15.979+0000] {processor.py:161} INFO - Started process (PID=1206) to work on /home/airflow/.local/lib/python3.12/site-packages/airflow/example_dags/example_task_group_decorator.py
[2026-09-22T16:29:15.981+0000] {processor.py:830} INFO - Processing file /home/airflow/.local/lib/python3.12/site-packages/airflow/example_dags/example_task_group_decorator.py for tasks to queue
[2026-09-22T16:29:15.984+0000] {logging_mixin.py:188} INFO - [2026-09-22T16:29:15.983+0000] {dagbag.py:545} INFO - Filling up the DagBag from /home/airflow/.local/lib/python3.12/site-packages/airflow/example_dags/example_task_group_decorator.py
[2026-09-22T16:29:16.000+0000] {processor.py:840} INFO - DAG(s) 'example_task_group_decorator' retrieved from /home/airflow/.local/lib/python3.12/site-packages/airflow/example_dags/example_task_group_decorator.py
[2026-09-22T16:29:16.030+0000] {logging_mixin.py:188} INFO - [2026-09-22T16:29:16.030+0000] {dag.py:3089} INFO - Sync 1 DAGs
[2026-09-22T16:29:16.064+0000] {logging_mixin.py:188} INFO - [2026-09-22T16:29:16.063+0000] {dag.py:3947} INFO - Setting next_dagrun for example_task_group_decorator to 2026-09-21 00:00:00+00:00, run_after=2026-09-22 00:00:00+00:00
[2026-09-22T16:29:16.116+0000] {processor.py:183} INFO - Processing /home/airflow/.local/lib/python3.12/site-packages/airflow/example_dags/example_task_group_decorator.py took 0.144 seconds
[2026-09-22T16:29:46.684+0000] {processor.py:161} INFO - Started process (PID=1263) to work on /home/airflow/.local/lib/python3.12/site-packages/airflow/example_dags/example_task_group_decorator.py
[2026-09-22T16:29:46.687+0000] {processor.py:830} INFO - Processing file /home/airflow/.local/lib/python3.12/site-packages/airflow/example_dags/example_task_group_decorator.py for tasks to queue
[2026-09-22T16:29:46.690+0000] {logging_mixin.py:188} INFO - [2026-09-22T16:29:46.689+0000] {dagbag.py:545} INFO - Filling up the DagBag from /home/airflow/.local/lib/python3.12/site-packages/airflow/example_dags/example_task_group_decorator.py
[2026-09-22T16:29:46.714+0000] {processor.py:840} INFO - DAG(s) 'example_task_group_decorator' retrieved from /home/airflow/.local/lib/python3.12/site-packages/airflow/example_dags/example_task_group_decorator.py
[2026-09-22T16:29:46.749+0000] {logging_mixin.py:188} INFO - [2026-09-22T16:29:46.748+0000] {dag.py:3089} INFO - Sync 1 DAGs
[2026-09-22T16:29:46.790+0000] {logging_mixin.py:188} INFO - [2026-09-22T16:29:46.789+0000] {dag.py:3947} INFO - Setting next_dagrun for example_task_group_decorator to 2026-09-21 00:00:00+00:00, run_after=2026-09-22 00:00:00+00:00
[2026-09-22T16:29:46.834+0000] {processor.py:183} INFO - Processing /home/airflow/.local/lib/python3.12/site-packages/airflow/example_dags/example_task_group_decorator.py took 0.160 seconds
[2026-09-22T16:30:17.043+0000] {processor.py:161} INFO - Started process (PID=1321) to work on /home/airflow/.local/lib/python3.12/site-packages/airflow/example_dags/example_task_group_decorator.py
[2026-09-22T16:30:17.045+0000] {processor.py:830} INFO - Processing file /home/airflow/.local/lib/python3.12/site-packages/airflow/example_dags/example_task_group_decorator.py for tasks to queue
[2026-09-22T16:30:17.049+0000] {logging_mixin.py:188} INFO - [2026-09-22T16:30:17.049+0000] {dagbag.py:545} INFO - Filling up the DagBag from /home/airflow/.local/lib/python3.12/site-packages/airflow/example_dags/example_task_group_decorator.py
[2026-09-22T16:30:17.088+0000] {processor.py:840} INFO - DAG(s) 'example_task_group_decorator' retrieved from /home/airflow/.local/lib/python3.12/site-packages/airflow/example_dags/example_task_group_decorator.py
[2026-09-22T16:30:17.139+0000] {logging_mixin.py:188} INFO - [2026-09-22T16:30:17.139+0000] {dag.py:3089} INFO - Sync 1 DAGs
[2026-09-22T16:30:17.171+0000] {logging_mixin.py:188} INFO - [2026-09-22T16:30:17.171+0000] {dag.py:3947} INFO - Setting next_dagrun for example_task_group_decorator to 2026-09-21 00:00:00+00:00, run_after=2026-09-22 00:00:00+00:00
[2026-09-22T16:30:17.200+0000] {processor.py:183} INFO - Processing /home/airflow/.local/lib/python3.12/site-packages/airflow/example_dags/example_task_group_decorator.py took 0.164 seconds
[2026-09-22T16:30:47.495+0000] {processor.py:161} INFO - Started process (PID=1379) to work on /home/airflow/.local/lib/python3.12/site-packages/airflow/example_dags/example_task_group_decorator.py
[2026-09-22T16:30:47.497+0000] {processor.py:830} INFO - Processing file /home/airflow/.local/lib/python3.12/site-packages/airflow/example_dags/example_task_group_decorator.py for tasks to queue
[2026-09-22T16:30:47.500+0000] {logging_mixin.py:188} INFO - [2026-09-22T16:30:47.500+0000] {dagbag.py:545} INFO - Filling up the DagBag from /home/airflow/.local/lib/python3.12/site-packages/airflow/example_dags/example_task_group_decorator.py
[2026-09-22T16:30:47.521+0000] {processor.py:840} INFO - DAG(s) 'example_task_group_decorator' retrieved from /home/airflow/.local/lib/python3.12/site-packages/airflow/example_dags/example_task_group_decorator.py
[2026-09-22T16:30:47.568+0000] {logging_mixin.py:188} INFO - [2026-09-22T16:30:47.568+0000] {dag.py:3089} INFO - Sync 1 DAGs
[2026-09-22T16:30:47.597+0000] {logging_mixin.py:188} INFO - [2026-09-22T16:30:47.597+0000] {dag.py:3947} INFO - Setting next_dagrun for example_task_group_decorator to 2026-09-21 00:00:00+00:00, run_after=2026-09-22 00:00:00+00:00
[2026-09-22T16:30:47.640+0000] {processor.py:183} INFO - Processing /home/airflow/.local/lib/python3.12/site-packages/airflow/example_dags/example_task_group_decorator.py took 0.154 seconds
[2026-09-22T16:31:18.366+0000] {processor.py:161} INFO - Started process (PID=1437) to work on /home/airflow/.local/lib/python3.12/site-packages/airflow/example_dags/example_task_group_decorator.py
[2026-09-22T16:31:18.369+0000] {processor.py:830} INFO - Processing file /home/airflow/.local/lib/python3.12/site-packages/airflow/example_dags/example_task_group_decorator.py for tasks to queue
[2026-09-22T16:31:18.374+0000] {logging_mixin.py:188} INFO - [2026-09-22T16:31:18.374+0000] {dagbag.py:545} INFO - Filling up the DagBag from /home/airflow/.local/lib/python3.12/site-packages/airflow/example_dags/example_task_group_decorator.py
[2026-09-22T16:31:18.399+0000] {processor.py:840} INFO - DAG(s) 'example_task_group_decorator' retrieved from /home/airflow/.local/lib/python3.12/site-packages/airflow/example_dags/example_task_group_decorator.py
[2026-09-22T16:31:18.432+0000] {logging_mixin.py:188} INFO - [2026-09-22T16:31:18.431+0000] {dag.py:3089} INFO - Sync 1 DAGs
[2026-09-22T16:31:18.460+0000] {logging_mixin.py:188} INFO - [2026-09-22T16:31:18.460+0000] {dag.py:3947} INFO - Setting next_dagrun for example_task_group_decorator to 2026-09-21 00:00:00+00:00, run_after=2026-09-22 00:00:00+00:00
[2026-09-22T16:31:18.489+0000] {processor.py:183} INFO - Processing /home/airflow/.local/lib/python3.12/site-packages/airflow/example_dags/example_task_group_decorator.py took 0.132 seconds
[2026-09-22T16:31:49.009+0000] {processor.py:161} INFO - Started process (PID=1495) to work on /home/airflow/.local/lib/python3.12/site-packages/airflow/example_dags/example_task_group_decorator.py
[2026-09-22T16:31:49.011+0000] {processor.py:830} INFO - Processing file /home/airflow/.local/lib/python3.12/site-packages/airflow/example_dags/example_task_group_decorator.py for tasks to queue
[2026-09-22T16:31:49.016+0000] {logging_mixin.py:188} INFO - [2026-09-22T16:31:49.015+0000] {dagbag.py:545} INFO - Filling up the DagBag from /home/airflow/.local/lib/python3.12/site-packages/airflow/example_dags/example_task_group_decorator.py
[2026-09-22T16:31:49.048+0000] {processor.py:840} INFO - DAG(s) 'example_task_group_decorator' retrieved from /home/airflow/.local/lib/python3.12/site-packages/airflow/example_dags/example_task_group_decorator.py
[2026-09-22T16:31:49.086+0000] {logging_mixin.py:188} INFO - [2026-09-22T16:31:49.086+0000] {dag.py:3089} INFO - Sync 1 DAGs
[2026-09-22T16:31:49.115+0000] {logging_mixin.py:188} INFO - [2026-09-22T16:31:49.114+0000] {dag.py:3947} INFO - Setting next_dagrun for example_task_group_decorator to 2026-09-21 00:00:00+00:00, run_after=2026-09-22 00:00:00+00:00
[2026-09-22T16:31:49.214+0000] {processor.py:183} INFO - Processing /home/airflow/.local/lib/python3.12/site-packages/airflow/example_dags/example_task_group_decorator.py took 0.217 seconds
[2026-09-22T16:32:19.447+0000] {processor.py:161} INFO - Started process (PID=1553) to work on /home/airflow/.local/lib/python3.12/site-packages/airflow/example_dags/example_task_group_decorator.py
[2026-09-22T16:32:19.449+0000] {processor.py:830} INFO - Processing file /home/airflow/.local/lib/python3.12/site-packages/airflow/example_dags/example_task_group_decorator.py for tasks to queue
[2026-09-22T16:32:19.455+0000] {logging_mixin.py:188} INFO - [2026-09-22T16:32:19.453+0000] {dagbag.py:545} INFO - Filling up the DagBag from /home/airflow/.local/lib/python3.12/site-packages/airflow/example_dags/example_task_group_decorator.py
[2026-09-22T16:32:19.485+0000] {processor.py:840} INFO - DAG(s) 'example_task_group_decorator' retrieved from /home/airflow/.local/lib/python3.12/site-packages/airflow/example_dags/example_task_group_decorator.py
[2026-09-22T16:32:19.539+0000] {logging_mixin.py:188} INFO - [2026-09-22T16:32:19.539+0000] {dag.py:3089} INFO - Sync 1 DAGs
[2026-09-22T16:32:19.580+0000] {logging_mixin.py:188} INFO - [2026-09-22T16:32:19.579+0000] {dag.py:3947} INFO - Setting next_dagrun for example_task_group_decorator to 2026-09-21 00:00:00+00:00, run_after=2026-09-22 00:00:00+00:00
[2026-09-22T16:32:19.681+0000] {processor.py:183} INFO - Processing /home/airflow/.local/lib/python3.12/site-packages/airflow/example_dags/example_task_group_decorator.py took 0.242 seconds
[2026-09-22T16:32:50.268+0000] {processor.py:161} INFO - Started process (PID=1611) to work on /home/airflow/.local/lib/python3.12/site-packages/airflow/example_dags/example_task_group_decorator.py
[2026-09-22T16:32:50.271+0000] {processor.py:830} INFO - Processing file /home/airflow/.local/lib/python3.12/site-packages/airflow/example_dags/example_task_group_decorator.py for tasks to queue
[2026-09-22T16:32:50.276+0000] {logging_mixin.py:188} INFO - [2026-09-22T16:32:50.274+0000] {dagbag.py:545} INFO - Filling up the DagBag from /home/airflow/.local/lib/python3.12/site-packages/airflow/example_dags/example_task_group_decorator.py
[2026-09-22T16:32:50.308+0000] {processor.py:840} INFO - DAG(s) 'example_task_group_decorator' retrieved from /home/airflow/.local/lib/python3.12/site-packages/airflow/example_dags/example_task_group_decorator.py
[2026-09-22T16:32:50.355+0000] {logging_mixin.py:188} INFO - [2026-09-22T16:32:50.355+0000] {dag.py:3089} INFO - Sync 1 DAGs
[2026-09-22T16:32:50.398+0000] {logging_mixin.py:188} INFO - [2026-09-22T16:32:50.398+0000] {dag.py:3947} INFO - Setting next_dagrun for example_task_group_decorator to 2026-09-21 00:00:00+00:00, run_after=2026-09-22 00:00:00+00:00
[2026-09-22T16:32:50.494+0000] {processor.py:183} INFO - Processing /home/airflow/.local/lib/python3.12/site-packages/airflow/example_dags/example_task_group_decorator.py took 0.243 seconds
[2026-09-22T16:33:20.738+0000] {processor.py:161} INFO - Started process (PID=1669) to work on /home/airflow/.local/lib/python3.12/site-packages/airflow/example_dags/example_task_group_decorator.py
[2026-09-22T16:33:20.740+0000] {processor.py:830} INFO - Processing file /home/airflow/.local/lib/python3.12/site-packages/airflow/example_dags/example_task_group_decorator.py for tasks to queue
[2026-09-22T16:33:20.744+0000] {logging_mixin.py:188} INFO - [2026-09-22T16:33:20.743+0000] {dagbag.py:545} INFO - Filling up the DagBag from /home/airflow/.local/lib/python3.12/site-packages/airflow/example_dags/example_task_group_decorator.py
[2026-09-22T16:33:20.793+0000] {processor.py:840} INFO - DAG(s) 'example_task_group_decorator' retrieved from /home/airflow/.local/lib/python3.12/site-packages/airflow/example_dags/example_task_group_decorator.py
[2026-09-22T16:33:20.831+0000] {logging_mixin.py:188} INFO - [2026-09-22T16:33:20.830+0000] {dag.py:3089} INFO - Sync 1 DAGs
[2026-09-22T16:33:20.867+0000] {logging_mixin.py:188} INFO - [2026-09-22T16:33:20.867+0000] {dag.py:3947} INFO - Setting next_dagrun for example_task_group_decorator to 2026-09-21 00:00:00+00:00, run_after=2026-09-22 00:00:00+00:00
[2026-09-22T16:33:20.905+0000] {processor.py:183} INFO - Processing /home/airflow/.local/lib/python3.12/site-packages/airflow/example_dags/example_task_group_decorator.py took 0.175 seconds
[2026-09-22T16:33:51.009+0000] {processor.py:161} INFO - Started process (PID=1727) to work on /home/airflow/.local/lib/python3.12/site-packages/airflow/example_dags/example_task_group_decorator.py
[2026-09-22T16:33:51.011+0000] {processor.py:830} INFO - Processing file /home/airflow/.local/lib/python3.12/site-packages/airflow/example_dags/example_task_group_decorator.py for tasks to queue
[2026-09-22T16:33:51.017+0000] {logging_mixin.py:188} INFO - [2026-09-22T16:33:51.015+0000] {dagbag.py:545} INFO - Filling up the DagBag from /home/airflow/.local/lib/python3.12/site-packages/airflow/example_dags/example_task_group_decorator.py
[2026-09-22T16:33:51.047+0000] {processor.py:840} INFO - DAG(s) 'example_task_group_decorator' retrieved from /home/airflow/.local/lib/python3.12/site-packages/airflow/example_dags/example_task_group_decorator.py
[2026-09-22T16:33:51.092+0000] {logging_mixin.py:188} INFO - [2026-09-22T16:33:51.092+0000] {dag.py:3089} INFO - Sync 1 DAGs
[2026-09-22T16:33:51.126+0000] {logging_mixin.py:188} INFO - [2026-09-22T16:33:51.126+0000] {dag.py:3947} INFO - Setting next_dagrun for example_task_group_decorator to 2026-09-21 00:00:00+00:00, run_after=2026-09-22 00:00:00+00:00
[2026-09-22T16:33:51.160+0000] {processor.py:183} INFO - Processing /home/airflow/.local/lib/python3.12/site-packages/airflow/example_dags/example_task_group_decorator.py took 0.165 seconds
[2026-09-22T16:34:22.356+0000] {processor.py:161} INFO - Started process (PID=1785) to work on /home/airflow/.local/lib/python3.12/site-packages/airflow/example_dags/example_task_group_decorator.py
[2026-09-22T16:34:22.359+0000] {processor.py:830} INFO - Processing file /home/airflow/.local/lib/python3.12/site-packages/airflow/example_dags/example_task_group_decorator.py for tasks to queue
[2026-09-22T16:34:22.369+0000] {logging_mixin.py:188} INFO - [2026-09-22T16:34:22.367+0000] {dagbag.py:545} INFO - Filling up the DagBag from /home/airflow/.local/lib/python3.12/site-packages/airflow/example_dags/example_task_group_decorator.py
[2026-09-22T16:34:22.389+0000] {processor.py:840} INFO - DAG(s) 'example_task_group_decorator' retrieved from /home/airflow/.local/lib/python3.12/site-packages/airflow/example_dags/example_task_group_decorator.py
[2026-09-22T16:34:22.424+0000] {logging_mixin.py:188} INFO - [2026-09-22T16:34:22.424+0000] {dag.py:3089} INFO - Sync 1 DAGs
[2026-09-22T16:34:22.456+0000] {logging_mixin.py:188} INFO - [2026-09-22T16:34:22.455+0000] {dag.py:3947} INFO - Setting next_dagrun for example_task_group_decorator to 2026-09-21 00:00:00+00:00, run_after=2026-09-22 00:00:00+00:00
[2026-09-22T16:34:22.485+0000] {processor.py:183} INFO - Processing /home/airflow/.local/lib/python3.12/site-packages/airflow/example_dags/example_task_group_decorator.py took 0.142 seconds
[2026-09-22T16:34:53.692+0000] {processor.py:161} INFO - Started process (PID=1843) to work on /home/airflow/.local/lib/python3.12/site-packages/airflow/example_dags/example_task_group_decorator.py
[2026-09-22T16:34:53.693+0000] {processor.py:830} INFO - Processing file /home/airflow/.local/lib/python3.12/site-packages/airflow/example_dags/example_task_group_decorator.py for tasks to queue
[2026-09-22T16:34:53.696+0000] {logging_mixin.py:188} INFO - [2026-09-22T16:34:53.696+0000] {dagbag.py:545} INFO - Filling up the DagBag from /home/airflow/.local/lib/python3.12/site-packages/airflow/example_dags/example_task_group_decorator.py
[2026-09-22T16:34:53.714+0000] {processor.py:840} INFO - DAG(s) 'example_task_group_decorator' retrieved from /home/airflow/.local/lib/python3.12/site-packages/airflow/example_dags/example_task_group_decorator.py
[2026-09-22T16:34:53.752+0000] {logging_mixin.py:188} INFO - [2026-09-22T16:34:53.752+0000] {dag.py:3089} INFO - Sync 1 DAGs
[2026-09-22T16:34:53.788+0000] {logging_mixin.py:188} INFO - [2026-09-22T16:34:53.788+0000] {dag.py:3947} INFO - Setting next_dagrun for example_task_group_decorator to 2026-09-21 00:00:00+00:00, run_after=2026-09-22 00:00:00+00:00
[2026-09-22T16:34:53.825+0000] {processor.py:183} INFO - Processing /home/airflow/.local/lib/python3.12/site-packages/airflow/example_dags/example_task_group_decorator.py took 0.142 seconds
[2026-09-22T16:35:23.971+0000] {processor.py:161} INFO - Started process (PID=1901) to work on /home/airflow/.local/lib/python3.12/site-packages/airflow/example_dags/example_task_group_decorator.py
[2026-09-22T16:35:23.972+0000] {processor.py:830} INFO - Processing file /home/airflow/.local/lib/python3.12/site-packages/airflow/example_dags/example_task_group_decorator.py for tasks to queue
[2026-09-22T16:35:23.975+0000] {logging_mixin.py:188} INFO - [2026-09-22T16:35:23.974+0000] {dagbag.py:545} INFO - Filling up the DagBag from /home/airflow/.local/lib/python3.12/site-packages/airflow/example_dags/example_task_group_decorator.py
[2026-09-22T16:35:23.997+0000] {processor.py:840} INFO - DAG(s) 'example_task_group_decorator' retrieved from /home/airflow/.local/lib/python3.12/site-packages/airflow/example_dags/example_task_group_decorator.py
[2026-09-22T16:35:24.086+0000] {logging_mixin.py:188} INFO - [2026-09-22T16:35:24.085+0000] {dag.py:3089} INFO - Sync 1 DAGs
[2026-09-22T16:35:24.126+0000] {logging_mixin.py:188} INFO - [2026-09-22T16:35:24.126+0000] {dag.py:3947} INFO - Setting next_dagrun for example_task_group_decorator to 2026-09-21 00:00:00+00:00, run_after=2026-09-22 00:00:00+00:00
[2026-09-22T16:35:24.162+0000] {processor.py:183} INFO - Processing /home/airflow/.local/lib/python3.12/site-packages/airflow/example_dags/example_task_group_decorator.py took 0.199 seconds
[2026-09-22T16:35:54.871+0000] {processor.py:161} INFO - Started process (PID=1959) to work on /home/airflow/.local/lib/python3.12/site-packages/airflow/example_dags/example_task_group_decorator.py
[2026-09-22T16:35:54.873+0000] {processor.py:830} INFO - Processing file /home/airflow/.local/lib/python3.12/site-packages/airflow/example_dags/example_task_group_decorator.py for tasks to queue
[2026-09-22T16:35:54.878+0000] {logging_mixin.py:188} INFO - [2026-09-22T16:35:54.878+0000] {dagbag.py:545} INFO - Filling up the DagBag from /home/airflow/.local/lib/python3.12/site-packages/airflow/example_dags/example_task_group_decorator.py
[2026-09-22T16:35:54.913+0000] {processor.py:840} INFO - DAG(s) 'example_task_group_decorator' retrieved from /home/airflow/.local/lib/python3.12/site-packages/airflow/example_dags/example_task_group_decorator.py
[2026-09-22T16:35:54.968+0000] {logging_mixin.py:188} INFO - [2026-09-22T16:35:54.965+0000] {dag.py:3089} INFO - Sync 1 DAGs
[2026-09-22T16:35:55.002+0000] {logging_mixin.py:188} INFO - [2026-09-22T16:35:55.001+0000] {dag.py:3947} INFO - Setting next_dagrun for example_task_group_decorator to 2026-09-21 00:00:00+00:00, run_after=2026-09-22 00:00:00+00:00
[2026-09-22T16:35:55.037+0000] {processor.py:183} INFO - Processing /home/airflow/.local/lib/python3.12/site-packages/airflow/example_dags/example_task_group_decorator.py took 0.176 seconds
[2026-09-22T16:36:25.502+0000] {processor.py:161} INFO - Started process (PID=2017) to work on /home/airflow/.local/lib/python3.12/site-packages/airflow/example_dags/example_task_group_decorator.py
[2026-09-22T16:36:25.504+0000] {processor.py:830} INFO - Processing file /home/airflow/.local/lib/python3.12/site-packages/airflow/example_dags/example_task_group_decorator.py for tasks to queue
[2026-09-22T16:36:25.508+0000] {logging_mixin.py:188} INFO - [2026-09-22T16:36:25.507+0000] {dagbag.py:545} INFO - Filling up the DagBag from /home/airflow/.local/lib/python3.12/site-packages/airflow/example_dags/example_task_group_decorator.py
[2026-09-22T16:36:25.530+0000] {processor.py:840} INFO - DAG(s) 'example_task_group_decorator' retrieved from /home/airflow/.local/lib/python3.12/site-packages/airflow/example_dags/example_task_group_decorator.py
[2026-09-22T16:36:25.564+0000] {logging_mixin.py:188} INFO - [2026-09-22T16:36:25.564+0000] {dag.py:3089} INFO - Sync 1 DAGs
[2026-09-22T16:36:25.621+0000] {logging_mixin.py:188} INFO - [2026-09-22T16:36:25.620+0000] {dag.py:3947} INFO - Setting next_dagrun for example_task_group_decorator to 2026-09-21 00:00:00+00:00, run_after=2026-09-22 00:00:00+00:00
[2026-09-22T16:36:25.662+0000] {processor.py:183} INFO - Processing /home/airflow/.local/lib/python3.12/site-packages/airflow/example_dags/example_task_group_decorator.py took 0.169 seconds
[2026-09-22T16:36:56.360+0000] {processor.py:161} INFO - Started process (PID=2075) to work on /home/airflow/.local/lib/python3.12/site-packages/airflow/example_dags/example_task_group_decorator.py
[2026-09-22T16:36:56.363+0000] {processor.py:830} INFO - Processing file /home/airflow/.local/lib/python3.12/site-packages/airflow/example_dags/example_task_group_decorator.py for tasks to queue
[2026-09-22T16:36:56.366+0000] {logging_mixin.py:188} INFO - [2026-09-22T16:36:56.365+0000] {dagbag.py:545} INFO - Filling up the DagBag from /home/airflow/.local/lib/python3.12/site-packages/airflow/example_dags/example_task_group_decorator.py
[2026-09-22T16:36:56.387+0000] {processor.py:840} INFO - DAG(s) 'example_task_group_decorator' retrieved from /home/airflow/.local/lib/python3.12/site-packages/airflow/example_dags/example_task_group_decorator.py
[2026-09-22T16:36:56.430+0000] {logging_mixin.py:188} INFO - [2026-09-22T16:36:56.429+0000] {dag.py:3089} INFO - Sync 1 DAGs
[2026-09-22T16:36:56.672+0000] {logging_mixin.py:188} INFO - [2026-09-22T16:36:56.671+0000] {dag.py:3947} INFO - Setting next_dagrun for example_task_group_decorator to 2026-09-21 00:00:00+00:00, run_after=2026-09-22 00:00:00+00:00
[2026-09-22T16:36:56.705+0000] {processor.py:183} INFO - Processing /home/airflow/.local/lib/python3.12/site-packages/airflow/example_dags/example_task_group_decorator.py took 0.354 seconds
[2026-09-22T16:37:26.945+0000] {processor.py:161} INFO - Started process (PID=2133) to work on /home/airflow/.local/lib/python3.12/site-packages/airflow/example_dags/example_task_group_decorator.py
[2026-09-22T16:37:26.947+0000] {processor.py:830} INFO - Processing file /home/airflow/.local/lib/python3.12/site-packages/airflow/example_dags/example_task_group_decorator.py for tasks to queue
[2026-09-22T16:37:26.952+0000] {logging_mixin.py:188} INFO - [2026-09-22T16:37:26.950+0000] {dagbag.py:545} INFO - Filling up the DagBag from /home/airflow/.local/lib/python3.12/site-packages/airflow/example_dags/example_task_group_decorator.py
[2026-09-22T16:37:26.976+0000] {processor.py:840} INFO - DAG(s) 'example_task_group_decorator' retrieved from /home/airflow/.local/lib/python3.12/site-packages/airflow/example_dags/example_task_group_decorator.py
[2026-09-22T16:37:27.012+0000] {logging_mixin.py:188} INFO - [2026-09-22T16:37:27.011+0000] {dag.py:3089} INFO - Sync 1 DAGs
[2026-09-22T16:37:27.042+0000] {logging_mixin.py:188} INFO - [2026-09-22T16:37:27.042+0000] {dag.py:3947} INFO - Setting next_dagrun for example_task_group_decorator to 2026-09-21 00:00:00+00:00, run_after=2026-09-22 00:00:00+00:00
[2026-09-22T16:37:27.124+0000] {processor.py:183} INFO - Processing /home/airflow/.local/lib/python3.12/site-packages/airflow/example_dags/example_task_group_decorator.py took 0.188 seconds
[2026-09-22T16:37:57.964+0000] {processor.py:161} INFO - Started process (PID=2191) to work on /home/airflow/.local/lib/python3.12/site-packages/airflow/example_dags/example_task_group_decorator.py
[2026-09-22T16:37:57.966+0000] {processor.py:830} INFO - Processing file /home/airflow/.local/lib/python3.12/site-packages/airflow/example_dags/example_task_group_decorator.py for tasks to queue
[2026-09-22T16:37:57.969+0000] {logging_mixin.py:188} INFO - [2026-09-22T16:37:57.969+0000] {dagbag.py:545} INFO - Filling up the DagBag from /home/airflow/.local/lib/python3.12/site-packages/airflow/example_dags/example_task_group_decorator.py
[2026-09-22T16:37:57.995+0000] {processor.py:840} INFO - DAG(s) 'example_task_group_decorator' retrieved from /home/airflow/.local/lib/python3.12/site-packages/airflow/example_dags/example_task_group_decorator.py
[2026-09-22T16:37:58.044+0000] {logging_mixin.py:188} INFO - [2026-09-22T16:37:58.043+0000] {dag.py:3089} INFO - Sync 1 DAGs
[2026-09-22T16:37:58.084+0000] {logging_mixin.py:188} INFO - [2026-09-22T16:37:58.083+0000] {dag.py:3947} INFO - Setting next_dagrun for example_task_group_decorator to 2026-09-21 00:00:00+00:00, run_after=2026-09-22 00:00:00+00:00
[2026-09-22T16:37:58.148+0000] {processor.py:183} INFO - Processing /home/airflow/.local/lib/python3.12/site-packages/airflow/example_dags/example_task_group_decorator.py took 0.194 seconds
[2026-09-22T16:38:29.614+0000] {processor.py:161} INFO - Started process (PID=2249) to work on /home/airflow/.local/lib/python3.12/site-packages/airflow/example_dags/example_task_group_decorator.py
[2026-09-22T16:38:29.616+0000] {processor.py:830} INFO - Processing file /home/airflow/.local/lib/python3.12/site-packages/airflow/example_dags/example_task_group_decorator.py for tasks to queue
[2026-09-22T16:38:29.619+0000] {logging_mixin.py:188} INFO - [2026-09-22T16:38:29.619+0000] {dagbag.py:545} INFO - Filling up the DagBag from /home/airflow/.local/lib/python3.12/site-packages/airflow/example_dags/example_task_group_decorator.py
[2026-09-22T16:38:29.854+0000] {processor.py:840} INFO - DAG(s) 'example_task_group_decorator' retrieved from /home/airflow/.local/lib/python3.12/site-packages/airflow/example_dags/example_task_group_decorator.py
[2026-09-22T16:38:29.885+0000] {logging_mixin.py:188} INFO - [2026-09-22T16:38:29.884+0000] {dag.py:3089} INFO - Sync 1 DAGs
[2026-09-22T16:38:29.912+0000] {logging_mixin.py:188} INFO - [2026-09-22T16:38:29.911+0000] {dag.py:3947} INFO - Setting next_dagrun for example_task_group_decorator to 2026-09-21 00:00:00+00:00, run_after=2026-09-22 00:00:00+00:00
[2026-09-22T16:38:29.996+0000] {processor.py:183} INFO - Processing /home/airflow/.local/lib/python3.12/site-packages/airflow/example_dags/example_task_group_decorator.py took 0.389 seconds
[2026-09-22T16:41:52.257+0000] {processor.py:161} INFO - Started process (PID=107) to work on /home/airflow/.local/lib/python3.12/site-packages/airflow/example_dags/example_task_group_decorator.py
[2026-09-22T16:41:52.260+0000] {processor.py:830} INFO - Processing file /home/airflow/.local/lib/python3.12/site-packages/airflow/example_dags/example_task_group_decorator.py for tasks to queue
[2026-09-22T16:41:52.264+0000] {logging_mixin.py:188} INFO - [2026-09-22T16:41:52.263+0000] {dagbag.py:545} INFO - Filling up the DagBag from /home/airflow/.local/lib/python3.12/site-packages/airflow/example_dags/example_task_group_decorator.py
[2026-09-22T16:41:52.288+0000] {processor.py:840} INFO - DAG(s) 'example_task_group_decorator' retrieved from /home/airflow/.local/lib/python3.12/site-packages/airflow/example_dags/example_task_group_decorator.py
[2026-09-22T16:41:52.457+0000] {logging_mixin.py:188} INFO - [2026-09-22T16:41:52.456+0000] {dag.py:3089} INFO - Sync 1 DAGs
[2026-09-22T16:41:52.492+0000] {logging_mixin.py:188} INFO - [2026-09-22T16:41:52.492+0000] {dag.py:3947} INFO - Setting next_dagrun for example_task_group_decorator to 2026-09-21 00:00:00+00:00, run_after=2026-09-22 00:00:00+00:00
[2026-09-22T16:41:52.577+0000] {processor.py:183} INFO - Processing /home/airflow/.local/lib/python3.12/site-packages/airflow/example_dags/example_task_group_decorator.py took 0.329 seconds
[2026-09-22T16:42:22.927+0000] {processor.py:161} INFO - Started process (PID=165) to work on /home/airflow/.local/lib/python3.12/site-packages/airflow/example_dags/example_task_group_decorator.py
[2026-09-22T16:42:22.930+0000] {processor.py:830} INFO - Processing file /home/airflow/.local/lib/python3.12/site-packages/airflow/example_dags/example_task_group_decorator.py for tasks to queue
[2026-09-22T16:42:22.935+0000] {logging_mixin.py:188} INFO - [2026-09-22T16:42:22.935+0000] {dagbag.py:545} INFO - Filling up the DagBag from /home/airflow/.local/lib/python3.12/site-packages/airflow/example_dags/example_task_group_decorator.py
[2026-09-22T16:42:22.963+0000] {processor.py:840} INFO - DAG(s) 'example_task_group_decorator' retrieved from /home/airflow/.local/lib/python3.12/site-packages/airflow/example_dags/example_task_group_decorator.py
[2026-09-22T16:42:23.004+0000] {logging_mixin.py:188} INFO - [2026-09-22T16:42:23.003+0000] {dag.py:3089} INFO - Sync 1 DAGs
[2026-09-22T16:42:23.042+0000] {logging_mixin.py:188} INFO - [2026-09-22T16:42:23.042+0000] {dag.py:3947} INFO - Setting next_dagrun for example_task_group_decorator to 2026-09-21 00:00:00+00:00, run_after=2026-09-22 00:00:00+00:00
[2026-09-22T16:42:23.132+0000] {processor.py:183} INFO - Processing /home/airflow/.local/lib/python3.12/site-packages/airflow/example_dags/example_task_group_decorator.py took 0.215 seconds
[2026-09-22T16:43:52.429+0000] {processor.py:161} INFO - Started process (PID=107) to work on /home/airflow/.local/lib/python3.12/site-packages/airflow/example_dags/example_task_group_decorator.py
[2026-09-22T16:43:52.431+0000] {processor.py:830} INFO - Processing file /home/airflow/.local/lib/python3.12/site-packages/airflow/example_dags/example_task_group_decorator.py for tasks to queue
[2026-09-22T16:43:52.435+0000] {logging_mixin.py:188} INFO - [2026-09-22T16:43:52.435+0000] {dagbag.py:545} INFO - Filling up the DagBag from /home/airflow/.local/lib/python3.12/site-packages/airflow/example_dags/example_task_group_decorator.py
[2026-09-22T16:43:52.460+0000] {processor.py:840} INFO - DAG(s) 'example_task_group_decorator' retrieved from /home/airflow/.local/lib/python3.12/site-packages/airflow/example_dags/example_task_group_decorator.py
[2026-09-22T16:43:52.618+0000] {logging_mixin.py:188} INFO - [2026-09-22T16:43:52.618+0000] {dag.py:3089} INFO - Sync 1 DAGs
[2026-09-22T16:43:52.646+0000] {logging_mixin.py:188} INFO - [2026-09-22T16:43:52.645+0000] {dag.py:3947} INFO - Setting next_dagrun for example_task_group_decorator to 2026-09-21 00:00:00+00:00, run_after=2026-09-22 00:00:00+00:00
[2026-09-22T16:43:52.730+0000] {processor.py:183} INFO - Processing /home/airflow/.local/lib/python3.12/site-packages/airflow/example_dags/example_task_group_decorator.py took 0.311 seconds
[2026-09-22T16:44:23.552+0000] {processor.py:161} INFO - Started process (PID=170) to work on /home/airflow/.local/lib/python3.12/site-packages/airflow/example_dags/example_task_group_decorator.py
[2026-09-22T16:44:23.554+0000] {processor.py:830} INFO - Processing file /home/airflow/.local/lib/python3.12/site-packages/airflow/example_dags/example_task_group_decorator.py for tasks to queue
[2026-09-22T16:44:23.558+0000] {logging_mixin.py:188} INFO - [2026-09-22T16:44:23.557+0000] {dagbag.py:545} INFO - Filling up the DagBag from /home/airflow/.local/lib/python3.12/site-packages/airflow/example_dags/example_task_group_decorator.py
[2026-09-22T16:44:23.586+0000] {processor.py:840} INFO - DAG(s) 'example_task_group_decorator' retrieved from /home/airflow/.local/lib/python3.12/site-packages/airflow/example_dags/example_task_group_decorator.py
[2026-09-22T16:44:23.622+0000] {logging_mixin.py:188} INFO - [2026-09-22T16:44:23.621+0000] {dag.py:3089} INFO - Sync 1 DAGs
[2026-09-22T16:44:23.658+0000] {logging_mixin.py:188} INFO - [2026-09-22T16:44:23.658+0000] {dag.py:3947} INFO - Setting next_dagrun for example_task_group_decorator to 2026-09-21 00:00:00+00:00, run_after=2026-09-22 00:00:00+00:00
[2026-09-22T16:44:23.747+0000] {processor.py:183} INFO - Processing /home/airflow/.local/lib/python3.12/site-packages/airflow/example_dags/example_task_group_decorator.py took 0.206 seconds
[2026-09-22T16:44:53.947+0000] {processor.py:161} INFO - Started process (PID=227) to work on /home/airflow/.local/lib/python3.12/site-packages/airflow/example_dags/example_task_group_decorator.py
[2026-09-22T16:44:53.950+0000] {processor.py:830} INFO - Processing file /home/airflow/.local/lib/python3.12/site-packages/airflow/example_dags/example_task_group_decorator.py for tasks to queue
[2026-09-22T16:44:53.953+0000] {logging_mixin.py:188} INFO - [2026-09-22T16:44:53.953+0000] {dagbag.py:545} INFO - Filling up the DagBag from /home/airflow/.local/lib/python3.12/site-packages/airflow/example_dags/example_task_group_decorator.py
[2026-09-22T16:44:53.977+0000] {processor.py:840} INFO - DAG(s) 'example_task_group_decorator' retrieved from /home/airflow/.local/lib/python3.12/site-packages/airflow/example_dags/example_task_group_decorator.py
[2026-09-22T16:44:54.009+0000] {logging_mixin.py:188} INFO - [2026-09-22T16:44:54.009+0000] {dag.py:3089} INFO - Sync 1 DAGs
[2026-09-22T16:44:54.042+0000] {logging_mixin.py:188} INFO - [2026-09-22T16:44:54.041+0000] {dag.py:3947} INFO - Setting next_dagrun for example_task_group_decorator to 2026-09-21 00:00:00+00:00, run_after=2026-09-22 00:00:00+00:00
[2026-09-22T16:44:54.077+0000] {processor.py:183} INFO - Processing /home/airflow/.local/lib/python3.12/site-packages/airflow/example_dags/example_task_group_decorator.py took 0.144 seconds
[2026-09-22T16:45:24.391+0000] {processor.py:161} INFO - Started process (PID=285) to work on /home/airflow/.local/lib/python3.12/site-packages/airflow/example_dags/example_task_group_decorator.py
[2026-09-22T16:45:24.393+0000] {processor.py:830} INFO - Processing file /home/airflow/.local/lib/python3.12/site-packages/airflow/example_dags/example_task_group_decorator.py for tasks to queue
[2026-09-22T16:45:24.398+0000] {logging_mixin.py:188} INFO - [2026-09-22T16:45:24.397+0000] {dagbag.py:545} INFO - Filling up the DagBag from /home/airflow/.local/lib/python3.12/site-packages/airflow/example_dags/example_task_group_decorator.py
[2026-09-22T16:45:24.420+0000] {processor.py:840} INFO - DAG(s) 'example_task_group_decorator' retrieved from /home/airflow/.local/lib/python3.12/site-packages/airflow/example_dags/example_task_group_decorator.py
[2026-09-22T16:45:24.459+0000] {logging_mixin.py:188} INFO - [2026-09-22T16:45:24.458+0000] {dag.py:3089} INFO - Sync 1 DAGs
[2026-09-22T16:45:24.491+0000] {logging_mixin.py:188} INFO - [2026-09-22T16:45:24.490+0000] {dag.py:3947} INFO - Setting next_dagrun for example_task_group_decorator to 2026-09-21 00:00:00+00:00, run_after=2026-09-22 00:00:00+00:00
[2026-09-22T16:45:24.586+0000] {processor.py:183} INFO - Processing /home/airflow/.local/lib/python3.12/site-packages/airflow/example_dags/example_task_group_decorator.py took 0.205 seconds
[2026-09-22T16:45:54.934+0000] {processor.py:161} INFO - Started process (PID=343) to work on /home/airflow/.local/lib/python3.12/site-packages/airflow/example_dags/example_task_group_decorator.py
[2026-09-22T16:45:54.937+0000] {processor.py:830} INFO - Processing file /home/airflow/.local/lib/python3.12/site-packages/airflow/example_dags/example_task_group_decorator.py for tasks to queue
[2026-09-22T16:45:54.940+0000] {logging_mixin.py:188} INFO - [2026-09-22T16:45:54.940+0000] {dagbag.py:545} INFO - Filling up the DagBag from /home/airflow/.local/lib/python3.12/site-packages/airflow/example_dags/example_task_group_decorator.py
[2026-09-22T16:45:54.966+0000] {processor.py:840} INFO - DAG(s) 'example_task_group_decorator' retrieved from /home/airflow/.local/lib/python3.12/site-packages/airflow/example_dags/example_task_group_decorator.py
[2026-09-22T16:45:55.007+0000] {logging_mixin.py:188} INFO - [2026-09-22T16:45:55.006+0000] {dag.py:3089} INFO - Sync 1 DAGs
[2026-09-22T16:45:55.042+0000] {logging_mixin.py:188} INFO - [2026-09-22T16:45:55.042+0000] {dag.py:3947} INFO - Setting next_dagrun for example_task_group_decorator to 2026-09-21 00:00:00+00:00, run_after=2026-09-22 00:00:00+00:00
[2026-09-22T16:45:55.109+0000] {processor.py:183} INFO - Processing /home/airflow/.local/lib/python3.12/site-packages/airflow/example_dags/example_task_group_decorator.py took 0.188 seconds
[2026-09-22T16:46:25.358+0000] {processor.py:161} INFO - Started process (PID=401) to work on /home/airflow/.local/lib/python3.12/site-packages/airflow/example_dags/example_task_group_decorator.py
[2026-09-22T16:46:25.360+0000] {processor.py:830} INFO - Processing file /home/airflow/.local/lib/python3.12/site-packages/airflow/example_dags/example_task_group_decorator.py for tasks to queue
[2026-09-22T16:46:25.363+0000] {logging_mixin.py:188} INFO - [2026-09-22T16:46:25.363+0000] {dagbag.py:545} INFO - Filling up the DagBag from /home/airflow/.local/lib/python3.12/site-packages/airflow/example_dags/example_task_group_decorator.py
[2026-09-22T16:46:25.383+0000] {processor.py:840} INFO - DAG(s) 'example_task_group_decorator' retrieved from /home/airflow/.local/lib/python3.12/site-packages/airflow/example_dags/example_task_group_decorator.py
[2026-09-22T16:46:25.431+0000] {logging_mixin.py:188} INFO - [2026-09-22T16:46:25.431+0000] {dag.py:3089} INFO - Sync 1 DAGs
[2026-09-22T16:46:25.469+0000] {logging_mixin.py:188} INFO - [2026-09-22T16:46:25.469+0000] {dag.py:3947} INFO - Setting next_dagrun for example_task_group_decorator to 2026-09-21 00:00:00+00:00, run_after=2026-09-22 00:00:00+00:00
[2026-09-22T16:46:25.542+0000] {processor.py:183} INFO - Processing /home/airflow/.local/lib/python3.12/site-packages/airflow/example_dags/example_task_group_decorator.py took 0.198 seconds
[2026-09-22T16:46:56.313+0000] {processor.py:161} INFO - Started process (PID=459) to work on /home/airflow/.local/lib/python3.12/site-packages/airflow/example_dags/example_task_group_decorator.py
[2026-09-22T16:46:56.316+0000] {processor.py:830} INFO - Processing file /home/airflow/.local/lib/python3.12/site-packages/airflow/example_dags/example_task_group_decorator.py for tasks to queue
[2026-09-22T16:46:56.321+0000] {logging_mixin.py:188} INFO - [2026-09-22T16:46:56.320+0000] {dagbag.py:545} INFO - Filling up the DagBag from /home/airflow/.local/lib/python3.12/site-packages/airflow/example_dags/example_task_group_decorator.py
[2026-09-22T16:46:56.350+0000] {processor.py:840} INFO - DAG(s) 'example_task_group_decorator' retrieved from /home/airflow/.local/lib/python3.12/site-packages/airflow/example_dags/example_task_group_decorator.py
[2026-09-22T16:46:56.379+0000] {logging_mixin.py:188} INFO - [2026-09-22T16:46:56.379+0000] {dag.py:3089} INFO - Sync 1 DAGs
[2026-09-22T16:46:56.409+0000] {logging_mixin.py:188} INFO - [2026-09-22T16:46:56.409+0000] {dag.py:3947} INFO - Setting next_dagrun for example_task_group_decorator to 2026-09-21 00:00:00+00:00, run_after=2026-09-22 00:00:00+00:00
[2026-09-22T16:46:56.487+0000] {processor.py:183} INFO - Processing /home/airflow/.local/lib/python3.12/site-packages/airflow/example_dags/example_task_group_decorator.py took 0.183 seconds
[2026-09-22T16:47:26.839+0000] {processor.py:161} INFO - Started process (PID=517) to work on /home/airflow/.local/lib/python3.12/site-packages/airflow/example_dags/example_task_group_decorator.py
[2026-09-22T16:47:26.841+0000] {processor.py:830} INFO - Processing file /home/airflow/.local/lib/python3.12/site-packages/airflow/example_dags/example_task_group_decorator.py for tasks to queue
[2026-09-22T16:47:26.843+0000] {logging_mixin.py:188} INFO - [2026-09-22T16:47:26.843+0000] {dagbag.py:545} INFO - Filling up the DagBag from /home/airflow/.local/lib/python3.12/site-packages/airflow/example_dags/example_task_group_decorator.py
[2026-09-22T16:47:26.865+0000] {processor.py:840} INFO - DAG(s) 'example_task_group_decorator' retrieved from /home/airflow/.local/lib/python3.12/site-packages/airflow/example_dags/example_task_group_decorator.py
[2026-09-22T16:47:26.915+0000] {logging_mixin.py:188} INFO - [2026-09-22T16:47:26.913+0000] {dag.py:3089} INFO - Sync 1 DAGs
[2026-09-22T16:47:26.953+0000] {logging_mixin.py:188} INFO - [2026-09-22T16:47:26.952+0000] {dag.py:3947} INFO - Setting next_dagrun for example_task_group_decorator to 2026-09-21 00:00:00+00:00, run_after=2026-09-22 00:00:00+00:00
[2026-09-22T16:47:27.051+0000] {processor.py:183} INFO - Processing /home/airflow/.local/lib/python3.12/site-packages/airflow/example_dags/example_task_group_decorator.py took 0.223 seconds
[2026-09-22T16:47:57.406+0000] {processor.py:161} INFO - Started process (PID=575) to work on /home/airflow/.local/lib/python3.12/site-packages/airflow/example_dags/example_task_group_decorator.py
[2026-09-22T16:47:57.411+0000] {processor.py:830} INFO - Processing file /home/airflow/.local/lib/python3.12/site-packages/airflow/example_dags/example_task_group_decorator.py for tasks to queue
[2026-09-22T16:47:57.416+0000] {logging_mixin.py:188} INFO - [2026-09-22T16:47:57.415+0000] {dagbag.py:545} INFO - Filling up the DagBag from /home/airflow/.local/lib/python3.12/site-packages/airflow/example_dags/example_task_group_decorator.py
[2026-09-22T16:47:57.455+0000] {processor.py:840} INFO - DAG(s) 'example_task_group_decorator' retrieved from /home/airflow/.local/lib/python3.12/site-packages/airflow/example_dags/example_task_group_decorator.py
[2026-09-22T16:47:57.521+0000] {logging_mixin.py:188} INFO - [2026-09-22T16:47:57.520+0000] {dag.py:3089} INFO - Sync 1 DAGs
[2026-09-22T16:47:57.565+0000] {logging_mixin.py:188} INFO - [2026-09-22T16:47:57.564+0000] {dag.py:3947} INFO - Setting next_dagrun for example_task_group_decorator to 2026-09-21 00:00:00+00:00, run_after=2026-09-22 00:00:00+00:00
[2026-09-22T16:47:57.609+0000] {processor.py:183} INFO - Processing /home/airflow/.local/lib/python3.12/site-packages/airflow/example_dags/example_task_group_decorator.py took 0.218 seconds
[2026-09-22T16:48:27.895+0000] {processor.py:161} INFO - Started process (PID=634) to work on /home/airflow/.local/lib/python3.12/site-packages/airflow/example_dags/example_task_group_decorator.py
[2026-09-22T16:48:27.898+0000] {processor.py:830} INFO - Processing file /home/airflow/.local/lib/python3.12/site-packages/airflow/example_dags/example_task_group_decorator.py for tasks to queue
[2026-09-22T16:48:27.909+0000] {logging_mixin.py:188} INFO - [2026-09-22T16:48:27.907+0000] {dagbag.py:545} INFO - Filling up the DagBag from /home/airflow/.local/lib/python3.12/site-packages/airflow/example_dags/example_task_group_decorator.py
[2026-09-22T16:48:27.958+0000] {processor.py:840} INFO - DAG(s) 'example_task_group_decorator' retrieved from /home/airflow/.local/lib/python3.12/site-packages/airflow/example_dags/example_task_group_decorator.py
[2026-09-22T16:48:28.021+0000] {logging_mixin.py:188} INFO - [2026-09-22T16:48:28.021+0000] {dag.py:3089} INFO - Sync 1 DAGs
[2026-09-22T16:48:28.067+0000] {logging_mixin.py:188} INFO - [2026-09-22T16:48:28.066+0000] {dag.py:3947} INFO - Setting next_dagrun for example_task_group_decorator to 2026-09-21 00:00:00+00:00, run_after=2026-09-22 00:00:00+00:00
[2026-09-22T16:48:28.163+0000] {processor.py:183} INFO - Processing /home/airflow/.local/lib/python3.12/site-packages/airflow/example_dags/example_task_group_decorator.py took 0.287 seconds
[2026-09-22T16:48:58.471+0000] {processor.py:161} INFO - Started process (PID=691) to work on /home/airflow/.local/lib/python3.12/site-packages/airflow/example_dags/example_task_group_decorator.py
[2026-09-22T16:48:58.473+0000] {processor.py:830} INFO - Processing file /home/airflow/.local/lib/python3.12/site-packages/airflow/example_dags/example_task_group_decorator.py for tasks to queue
[2026-09-22T16:48:58.477+0000] {logging_mixin.py:188} INFO - [2026-09-22T16:48:58.476+0000] {dagbag.py:545} INFO - Filling up the DagBag from /home/airflow/.local/lib/python3.12/site-packages/airflow/example_dags/example_task_group_decorator.py
[2026-09-22T16:48:58.500+0000] {processor.py:840} INFO - DAG(s) 'example_task_group_decorator' retrieved from /home/airflow/.local/lib/python3.12/site-packages/airflow/example_dags/example_task_group_decorator.py
[2026-09-22T16:48:58.537+0000] {logging_mixin.py:188} INFO - [2026-09-22T16:48:58.537+0000] {dag.py:3089} INFO - Sync 1 DAGs
[2026-09-22T16:48:58.571+0000] {logging_mixin.py:188} INFO - [2026-09-22T16:48:58.571+0000] {dag.py:3947} INFO - Setting next_dagrun for example_task_group_decorator to 2026-09-21 00:00:00+00:00, run_after=2026-09-22 00:00:00+00:00
[2026-09-22T16:48:58.643+0000] {processor.py:183} INFO - Processing /home/airflow/.local/lib/python3.12/site-packages/airflow/example_dags/example_task_group_decorator.py took 0.183 seconds
[2026-09-22T16:49:29.923+0000] {processor.py:161} INFO - Started process (PID=750) to work on /home/airflow/.local/lib/python3.12/site-packages/airflow/example_dags/example_task_group_decorator.py
[2026-09-22T16:49:29.925+0000] {processor.py:830} INFO - Processing file /home/airflow/.local/lib/python3.12/site-packages/airflow/example_dags/example_task_group_decorator.py for tasks to queue
[2026-09-22T16:49:29.929+0000] {logging_mixin.py:188} INFO - [2026-09-22T16:49:29.928+0000] {dagbag.py:545} INFO - Filling up the DagBag from /home/airflow/.local/lib/python3.12/site-packages/airflow/example_dags/example_task_group_decorator.py
[2026-09-22T16:49:29.951+0000] {processor.py:840} INFO - DAG(s) 'example_task_group_decorator' retrieved from /home/airflow/.local/lib/python3.12/site-packages/airflow/example_dags/example_task_group_decorator.py
[2026-09-22T16:49:30.000+0000] {logging_mixin.py:188} INFO - [2026-09-22T16:49:30.000+0000] {dag.py:3089} INFO - Sync 1 DAGs
[2026-09-22T16:49:30.049+0000] {logging_mixin.py:188} INFO - [2026-09-22T16:49:30.049+0000] {dag.py:3947} INFO - Setting next_dagrun for example_task_group_decorator to 2026-09-21 00:00:00+00:00, run_after=2026-09-22 00:00:00+00:00
[2026-09-22T16:49:30.086+0000] {processor.py:183} INFO - Processing /home/airflow/.local/lib/python3.12/site-packages/airflow/example_dags/example_task_group_decorator.py took 0.174 seconds
[2026-09-22T16:50:00.657+0000] {processor.py:161} INFO - Started process (PID=808) to work on /home/airflow/.local/lib/python3.12/site-packages/airflow/example_dags/example_task_group_decorator.py
[2026-09-22T16:50:00.659+0000] {processor.py:830} INFO - Processing file /home/airflow/.local/lib/python3.12/site-packages/airflow/example_dags/example_task_group_decorator.py for tasks to queue
[2026-09-22T16:50:00.663+0000] {logging_mixin.py:188} INFO - [2026-09-22T16:50:00.662+0000] {dagbag.py:545} INFO - Filling up the DagBag from /home/airflow/.local/lib/python3.12/site-packages/airflow/example_dags/example_task_group_decorator.py
[2026-09-22T16:50:00.691+0000] {processor.py:840} INFO - DAG(s) 'example_task_group_decorator' retrieved from /home/airflow/.local/lib/python3.12/site-packages/airflow/example_dags/example_task_group_decorator.py
[2026-09-22T16:50:00.746+0000] {logging_mixin.py:188} INFO - [2026-09-22T16:50:00.745+0000] {dag.py:3089} INFO - Sync 1 DAGs
[2026-09-22T16:50:00.788+0000] {logging_mixin.py:188} INFO - [2026-09-22T16:50:00.788+0000] {dag.py:3947} INFO - Setting next_dagrun for example_task_group_decorator to 2026-09-21 00:00:00+00:00, run_after=2026-09-22 00:00:00+00:00
[2026-09-22T16:50:00.885+0000] {processor.py:183} INFO - Processing /home/airflow/.local/lib/python3.12/site-packages/airflow/example_dags/example_task_group_decorator.py took 0.244 seconds
[2026-09-22T16:50:31.731+0000] {processor.py:161} INFO - Started process (PID=867) to work on /home/airflow/.local/lib/python3.12/site-packages/airflow/example_dags/example_task_group_decorator.py
[2026-09-22T16:50:31.732+0000] {processor.py:830} INFO - Processing file /home/airflow/.local/lib/python3.12/site-packages/airflow/example_dags/example_task_group_decorator.py for tasks to queue
[2026-09-22T16:50:31.735+0000] {logging_mixin.py:188} INFO - [2026-09-22T16:50:31.734+0000] {dagbag.py:545} INFO - Filling up the DagBag from /home/airflow/.local/lib/python3.12/site-packages/airflow/example_dags/example_task_group_decorator.py
[2026-09-22T16:50:31.755+0000] {processor.py:840} INFO - DAG(s) 'example_task_group_decorator' retrieved from /home/airflow/.local/lib/python3.12/site-packages/airflow/example_dags/example_task_group_decorator.py
[2026-09-22T16:50:31.795+0000] {logging_mixin.py:188} INFO - [2026-09-22T16:50:31.795+0000] {dag.py:3089} INFO - Sync 1 DAGs
[2026-09-22T16:50:31.833+0000] {logging_mixin.py:188} INFO - [2026-09-22T16:50:31.833+0000] {dag.py:3947} INFO - Setting next_dagrun for example_task_group_decorator to 2026-09-21 00:00:00+00:00, run_after=2026-09-22 00:00:00+00:00
[2026-09-22T16:50:31.913+0000] {processor.py:183} INFO - Processing /home/airflow/.local/lib/python3.12/site-packages/airflow/example_dags/example_task_group_decorator.py took 0.191 seconds
[2026-09-22T16:51:02.867+0000] {processor.py:161} INFO - Started process (PID=925) to work on /home/airflow/.local/lib/python3.12/site-packages/airflow/example_dags/example_task_group_decorator.py
[2026-09-22T16:51:02.869+0000] {processor.py:830} INFO - Processing file /home/airflow/.local/lib/python3.12/site-packages/airflow/example_dags/example_task_group_decorator.py for tasks to queue
[2026-09-22T16:51:02.874+0000] {logging_mixin.py:188} INFO - [2026-09-22T16:51:02.873+0000] {dagbag.py:545} INFO - Filling up the DagBag from /home/airflow/.local/lib/python3.12/site-packages/airflow/example_dags/example_task_group_decorator.py
[2026-09-22T16:51:02.916+0000] {processor.py:840} INFO - DAG(s) 'example_task_group_decorator' retrieved from /home/airflow/.local/lib/python3.12/site-packages/airflow/example_dags/example_task_group_decorator.py
[2026-09-22T16:51:02.963+0000] {logging_mixin.py:188} INFO - [2026-09-22T16:51:02.962+0000] {dag.py:3089} INFO - Sync 1 DAGs
[2026-09-22T16:51:03.012+0000] {logging_mixin.py:188} INFO - [2026-09-22T16:51:03.011+0000] {dag.py:3947} INFO - Setting next_dagrun for example_task_group_decorator to 2026-09-21 00:00:00+00:00, run_after=2026-09-22 00:00:00+00:00
[2026-09-22T16:51:03.092+0000] {processor.py:183} INFO - Processing /home/airflow/.local/lib/python3.12/site-packages/airflow/example_dags/example_task_group_decorator.py took 0.236 seconds
[2026-09-22T16:51:33.990+0000] {processor.py:161} INFO - Started process (PID=983) to work on /home/airflow/.local/lib/python3.12/site-packages/airflow/example_dags/example_task_group_decorator.py
[2026-09-22T16:51:33.993+0000] {processor.py:830} INFO - Processing file /home/airflow/.local/lib/python3.12/site-packages/airflow/example_dags/example_task_group_decorator.py for tasks to queue
[2026-09-22T16:51:34.000+0000] {logging_mixin.py:188} INFO - [2026-09-22T16:51:33.999+0000] {dagbag.py:545} INFO - Filling up the DagBag from /home/airflow/.local/lib/python3.12/site-packages/airflow/example_dags/example_task_group_decorator.py
[2026-09-22T16:51:34.036+0000] {processor.py:840} INFO - DAG(s) 'example_task_group_decorator' retrieved from /home/airflow/.local/lib/python3.12/site-packages/airflow/example_dags/example_task_group_decorator.py
[2026-09-22T16:51:34.098+0000] {logging_mixin.py:188} INFO - [2026-09-22T16:51:34.098+0000] {dag.py:3089} INFO - Sync 1 DAGs
[2026-09-22T16:51:34.142+0000] {logging_mixin.py:188} INFO - [2026-09-22T16:51:34.141+0000] {dag.py:3947} INFO - Setting next_dagrun for example_task_group_decorator to 2026-09-21 00:00:00+00:00, run_after=2026-09-22 00:00:00+00:00
[2026-09-22T16:51:34.178+0000] {processor.py:183} INFO - Processing /home/airflow/.local/lib/python3.12/site-packages/airflow/example_dags/example_task_group_decorator.py took 0.202 seconds
[2026-09-22T16:52:24.911+0000] {processor.py:161} INFO - Started process (PID=1034) to work on /home/airflow/.local/lib/python3.12/site-packages/airflow/example_dags/example_task_group_decorator.py
[2026-09-22T16:52:24.912+0000] {processor.py:830} INFO - Processing file /home/airflow/.local/lib/python3.12/site-packages/airflow/example_dags/example_task_group_decorator.py for tasks to queue
[2026-09-22T16:52:24.915+0000] {logging_mixin.py:188} INFO - [2026-09-22T16:52:24.914+0000] {dagbag.py:545} INFO - Filling up the DagBag from /home/airflow/.local/lib/python3.12/site-packages/airflow/example_dags/example_task_group_decorator.py
[2026-09-22T16:52:24.934+0000] {processor.py:840} INFO - DAG(s) 'example_task_group_decorator' retrieved from /home/airflow/.local/lib/python3.12/site-packages/airflow/example_dags/example_task_group_decorator.py
[2026-09-22T16:52:24.973+0000] {logging_mixin.py:188} INFO - [2026-09-22T16:52:24.973+0000] {dag.py:3089} INFO - Sync 1 DAGs
[2026-09-22T16:52:25.001+0000] {logging_mixin.py:188} INFO - [2026-09-22T16:52:25.001+0000] {dag.py:3947} INFO - Setting next_dagrun for example_task_group_decorator to 2026-09-21 00:00:00+00:00, run_after=2026-09-22 00:00:00+00:00
[2026-09-22T16:52:25.031+0000] {processor.py:183} INFO - Processing /home/airflow/.local/lib/python3.12/site-packages/airflow/example_dags/example_task_group_decorator.py took 0.130 seconds
[2026-09-22T16:52:55.693+0000] {processor.py:161} INFO - Started process (PID=1098) to work on /home/airflow/.local/lib/python3.12/site-packages/airflow/example_dags/example_task_group_decorator.py
[2026-09-22T16:52:55.695+0000] {processor.py:830} INFO - Processing file /home/airflow/.local/lib/python3.12/site-packages/airflow/example_dags/example_task_group_decorator.py for tasks to queue
[2026-09-22T16:52:55.696+0000] {logging_mixin.py:188} INFO - [2026-09-22T16:52:55.696+0000] {dagbag.py:545} INFO - Filling up the DagBag from /home/airflow/.local/lib/python3.12/site-packages/airflow/example_dags/example_task_group_decorator.py
[2026-09-22T16:52:55.710+0000] {processor.py:840} INFO - DAG(s) 'example_task_group_decorator' retrieved from /home/airflow/.local/lib/python3.12/site-packages/airflow/example_dags/example_task_group_decorator.py
[2026-09-22T16:52:55.734+0000] {logging_mixin.py:188} INFO - [2026-09-22T16:52:55.734+0000] {dag.py:3089} INFO - Sync 1 DAGs
[2026-09-22T16:52:55.756+0000] {logging_mixin.py:188} INFO - [2026-09-22T16:52:55.756+0000] {dag.py:3947} INFO - Setting next_dagrun for example_task_group_decorator to 2026-09-21 00:00:00+00:00, run_after=2026-09-22 00:00:00+00:00
[2026-09-22T16:52:55.779+0000] {processor.py:183} INFO - Processing /home/airflow/.local/lib/python3.12/site-packages/airflow/example_dags/example_task_group_decorator.py took 0.091 seconds
[2026-09-22T16:53:25.900+0000] {processor.py:161} INFO - Started process (PID=1155) to work on /home/airflow/.local/lib/python3.12/site-packages/airflow/example_dags/example_task_group_decorator.py
[2026-09-22T16:53:25.901+0000] {processor.py:830} INFO - Processing file /home/airflow/.local/lib/python3.12/site-packages/airflow/example_dags/example_task_group_decorator.py for tasks to queue
[2026-09-22T16:53:25.903+0000] {logging_mixin.py:188} INFO - [2026-09-22T16:53:25.903+0000] {dagbag.py:545} INFO - Filling up the DagBag from /home/airflow/.local/lib/python3.12/site-packages/airflow/example_dags/example_task_group_decorator.py
[2026-09-22T16:53:25.916+0000] {processor.py:840} INFO - DAG(s) 'example_task_group_decorator' retrieved from /home/airflow/.local/lib/python3.12/site-packages/airflow/example_dags/example_task_group_decorator.py
[2026-09-22T16:53:25.942+0000] {logging_mixin.py:188} INFO - [2026-09-22T16:53:25.942+0000] {dag.py:3089} INFO - Sync 1 DAGs
[2026-09-22T16:53:25.962+0000] {logging_mixin.py:188} INFO - [2026-09-22T16:53:25.962+0000] {dag.py:3947} INFO - Setting next_dagrun for example_task_group_decorator to 2026-09-21 00:00:00+00:00, run_after=2026-09-22 00:00:00+00:00
[2026-09-22T16:53:25.981+0000] {processor.py:183} INFO - Processing /home/airflow/.local/lib/python3.12/site-packages/airflow/example_dags/example_task_group_decorator.py took 0.086 seconds
[2026-09-22T16:53:56.199+0000] {processor.py:161} INFO - Started process (PID=1213) to work on /home/airflow/.local/lib/python3.12/site-packages/airflow/example_dags/example_task_group_decorator.py
[2026-09-22T16:53:56.200+0000] {processor.py:830} INFO - Processing file /home/airflow/.local/lib/python3.12/site-packages/airflow/example_dags/example_task_group_decorator.py for tasks to queue
[2026-09-22T16:53:56.203+0000] {logging_mixin.py:188} INFO - [2026-09-22T16:53:56.202+0000] {dagbag.py:545} INFO - Filling up the DagBag from /home/airflow/.local/lib/python3.12/site-packages/airflow/example_dags/example_task_group_decorator.py
[2026-09-22T16:53:56.216+0000] {processor.py:840} INFO - DAG(s) 'example_task_group_decorator' retrieved from /home/airflow/.local/lib/python3.12/site-packages/airflow/example_dags/example_task_group_decorator.py
[2026-09-22T16:53:56.241+0000] {logging_mixin.py:188} INFO - [2026-09-22T16:53:56.240+0000] {dag.py:3089} INFO - Sync 1 DAGs
[2026-09-22T16:53:56.261+0000] {logging_mixin.py:188} INFO - [2026-09-22T16:53:56.261+0000] {dag.py:3947} INFO - Setting next_dagrun for example_task_group_decorator to 2026-09-21 00:00:00+00:00, run_after=2026-09-22 00:00:00+00:00
[2026-09-22T16:53:56.283+0000] {processor.py:183} INFO - Processing /home/airflow/.local/lib/python3.12/site-packages/airflow/example_dags/example_task_group_decorator.py took 0.089 seconds
[2026-09-22T16:54:26.381+0000] {processor.py:161} INFO - Started process (PID=1271) to work on /home/airflow/.local/lib/python3.12/site-packages/airflow/example_dags/example_task_group_decorator.py
[2026-09-22T16:54:26.383+0000] {processor.py:830} INFO - Processing file /home/airflow/.local/lib/python3.12/site-packages/airflow/example_dags/example_task_group_decorator.py for tasks to queue
[2026-09-22T16:54:26.385+0000] {logging_mixin.py:188} INFO - [2026-09-22T16:54:26.385+0000] {dagbag.py:545} INFO - Filling up the DagBag from /home/airflow/.local/lib/python3.12/site-packages/airflow/example_dags/example_task_group_decorator.py
[2026-09-22T16:54:26.400+0000] {processor.py:840} INFO - DAG(s) 'example_task_group_decorator' retrieved from /home/airflow/.local/lib/python3.12/site-packages/airflow/example_dags/example_task_group_decorator.py
[2026-09-22T16:54:26.424+0000] {logging_mixin.py:188} INFO - [2026-09-22T16:54:26.424+0000] {dag.py:3089} INFO - Sync 1 DAGs
[2026-09-22T16:54:26.443+0000] {logging_mixin.py:188} INFO - [2026-09-22T16:54:26.443+0000] {dag.py:3947} INFO - Setting next_dagrun for example_task_group_decorator to 2026-09-21 00:00:00+00:00, run_after=2026-09-22 00:00:00+00:00
[2026-09-22T16:54:26.463+0000] {processor.py:183} INFO - Processing /home/airflow/.local/lib/python3.12/site-packages/airflow/example_dags/example_task_group_decorator.py took 0.088 seconds
[2026-09-22T16:54:56.877+0000] {processor.py:161} INFO - Started process (PID=1329) to work on /home/airflow/.local/lib/python3.12/site-packages/airflow/example_dags/example_task_group_decorator.py
[2026-09-22T16:54:56.879+0000] {processor.py:830} INFO - Processing file /home/airflow/.local/lib/python3.12/site-packages/airflow/example_dags/example_task_group_decorator.py for tasks to queue
[2026-09-22T16:54:56.882+0000] {logging_mixin.py:188} INFO - [2026-09-22T16:54:56.881+0000] {dagbag.py:545} INFO - Filling up the DagBag from /home/airflow/.local/lib/python3.12/site-packages/airflow/example_dags/example_task_group_decorator.py
[2026-09-22T16:54:56.903+0000] {processor.py:840} INFO - DAG(s) 'example_task_group_decorator' retrieved from /home/airflow/.local/lib/python3.12/site-packages/airflow/example_dags/example_task_group_decorator.py
[2026-09-22T16:54:56.946+0000] {logging_mixin.py:188} INFO - [2026-09-22T16:54:56.946+0000] {dag.py:3089} INFO - Sync 1 DAGs
[2026-09-22T16:54:56.979+0000] {logging_mixin.py:188} INFO - [2026-09-22T16:54:56.978+0000] {dag.py:3947} INFO - Setting next_dagrun for example_task_group_decorator to 2026-09-21 00:00:00+00:00, run_after=2026-09-22 00:00:00+00:00
[2026-09-22T16:54:56.999+0000] {processor.py:183} INFO - Processing /home/airflow/.local/lib/python3.12/site-packages/airflow/example_dags/example_task_group_decorator.py took 0.131 seconds
[2026-09-22T16:55:27.216+0000] {processor.py:161} INFO - Started process (PID=1387) to work on /home/airflow/.local/lib/python3.12/site-packages/airflow/example_dags/example_task_group_decorator.py
[2026-09-22T16:55:27.217+0000] {processor.py:830} INFO - Processing file /home/airflow/.local/lib/python3.12/site-packages/airflow/example_dags/example_task_group_decorator.py for tasks to queue
[2026-09-22T16:55:27.220+0000] {logging_mixin.py:188} INFO - [2026-09-22T16:55:27.220+0000] {dagbag.py:545} INFO - Filling up the DagBag from /home/airflow/.local/lib/python3.12/site-packages/airflow/example_dags/example_task_group_decorator.py
[2026-09-22T16:55:27.238+0000] {processor.py:840} INFO - DAG(s) 'example_task_group_decorator' retrieved from /home/airflow/.local/lib/python3.12/site-packages/airflow/example_dags/example_task_group_decorator.py
[2026-09-22T16:55:27.263+0000] {logging_mixin.py:188} INFO - [2026-09-22T16:55:27.263+0000] {dag.py:3089} INFO - Sync 1 DAGs
[2026-09-22T16:55:27.284+0000] {logging_mixin.py:188} INFO - [2026-09-22T16:55:27.284+0000] {dag.py:3947} INFO - Setting next_dagrun for example_task_group_decorator to 2026-09-21 00:00:00+00:00, run_after=2026-09-22 00:00:00+00:00
[2026-09-22T16:55:27.303+0000] {processor.py:183} INFO - Processing /home/airflow/.local/lib/python3.12/site-packages/airflow/example_dags/example_task_group_decorator.py took 0.092 seconds
[2026-09-22T16:55:57.841+0000] {processor.py:161} INFO - Started process (PID=1445) to work on /home/airflow/.local/lib/python3.12/site-packages/airflow/example_dags/example_task_group_decorator.py
[2026-09-22T16:55:57.842+0000] {processor.py:830} INFO - Processing file /home/airflow/.local/lib/python3.12/site-packages/airflow/example_dags/example_task_group_decorator.py for tasks to queue
[2026-09-22T16:55:57.845+0000] {logging_mixin.py:188} INFO - [2026-09-22T16:55:57.845+0000] {dagbag.py:545} INFO - Filling up the DagBag from /home/airflow/.local/lib/python3.12/site-packages/airflow/example_dags/example_task_group_decorator.py
[2026-09-22T16:55:57.871+0000] {processor.py:840} INFO - DAG(s) 'example_task_group_decorator' retrieved from /home/airflow/.local/lib/python3.12/site-packages/airflow/example_dags/example_task_group_decorator.py
[2026-09-22T16:55:57.909+0000] {logging_mixin.py:188} INFO - [2026-09-22T16:55:57.909+0000] {dag.py:3089} INFO - Sync 1 DAGs
[2026-09-22T16:55:57.934+0000] {logging_mixin.py:188} INFO - [2026-09-22T16:55:57.934+0000] {dag.py:3947} INFO - Setting next_dagrun for example_task_group_decorator to 2026-09-21 00:00:00+00:00, run_after=2026-09-22 00:00:00+00:00
[2026-09-22T16:55:57.953+0000] {processor.py:183} INFO - Processing /home/airflow/.local/lib/python3.12/site-packages/airflow/example_dags/example_task_group_decorator.py took 0.123 seconds
[2026-09-22T16:56:28.526+0000] {processor.py:161} INFO - Started process (PID=1503) to work on /home/airflow/.local/lib/python3.12/site-packages/airflow/example_dags/example_task_group_decorator.py
[2026-09-22T16:56:28.527+0000] {processor.py:830} INFO - Processing file /home/airflow/.local/lib/python3.12/site-packages/airflow/example_dags/example_task_group_decorator.py for tasks to queue
[2026-09-22T16:56:28.529+0000] {logging_mixin.py:188} INFO - [2026-09-22T16:56:28.529+0000] {dagbag.py:545} INFO - Filling up the DagBag from /home/airflow/.local/lib/python3.12/site-packages/airflow/example_dags/example_task_group_decorator.py
[2026-09-22T16:56:28.543+0000] {processor.py:840} INFO - DAG(s) 'example_task_group_decorator' retrieved from /home/airflow/.local/lib/python3.12/site-packages/airflow/example_dags/example_task_group_decorator.py
[2026-09-22T16:56:28.567+0000] {logging_mixin.py:188} INFO - [2026-09-22T16:56:28.567+0000] {dag.py:3089} INFO - Sync 1 DAGs
[2026-09-22T16:56:28.589+0000] {logging_mixin.py:188} INFO - [2026-09-22T16:56:28.589+0000] {dag.py:3947} INFO - Setting next_dagrun for example_task_group_decorator to 2026-09-21 00:00:00+00:00, run_after=2026-09-22 00:00:00+00:00
[2026-09-22T16:56:28.610+0000] {processor.py:183} INFO - Processing /home/airflow/.local/lib/python3.12/site-packages/airflow/example_dags/example_task_group_decorator.py took 0.090 seconds
[2026-09-22T16:58:06.648+0000] {processor.py:161} INFO - Started process (PID=124) to work on /home/airflow/.local/lib/python3.12/site-packages/airflow/example_dags/example_task_group_decorator.py
[2026-09-22T16:58:06.649+0000] {processor.py:830} INFO - Processing file /home/airflow/.local/lib/python3.12/site-packages/airflow/example_dags/example_task_group_decorator.py for tasks to queue
[2026-09-22T16:58:06.653+0000] {logging_mixin.py:188} INFO - [2026-09-22T16:58:06.653+0000] {dagbag.py:545} INFO - Filling up the DagBag from /home/airflow/.local/lib/python3.12/site-packages/airflow/example_dags/example_task_group_decorator.py
[2026-09-22T16:58:06.680+0000] {processor.py:840} INFO - DAG(s) 'example_task_group_decorator' retrieved from /home/airflow/.local/lib/python3.12/site-packages/airflow/example_dags/example_task_group_decorator.py
[2026-09-22T16:58:06.829+0000] {logging_mixin.py:188} INFO - [2026-09-22T16:58:06.829+0000] {dag.py:3089} INFO - Sync 1 DAGs
[2026-09-22T16:58:06.852+0000] {logging_mixin.py:188} INFO - [2026-09-22T16:58:06.852+0000] {dag.py:3947} INFO - Setting next_dagrun for example_task_group_decorator to 2026-09-21 00:00:00+00:00, run_after=2026-09-22 00:00:00+00:00
[2026-09-22T16:58:06.879+0000] {processor.py:183} INFO - Processing /home/airflow/.local/lib/python3.12/site-packages/airflow/example_dags/example_task_group_decorator.py took 0.240 seconds
[2026-09-22T16:58:37.342+0000] {processor.py:161} INFO - Started process (PID=181) to work on /home/airflow/.local/lib/python3.12/site-packages/airflow/example_dags/example_task_group_decorator.py
[2026-09-22T16:58:37.343+0000] {processor.py:830} INFO - Processing file /home/airflow/.local/lib/python3.12/site-packages/airflow/example_dags/example_task_group_decorator.py for tasks to queue
[2026-09-22T16:58:37.345+0000] {logging_mixin.py:188} INFO - [2026-09-22T16:58:37.345+0000] {dagbag.py:545} INFO - Filling up the DagBag from /home/airflow/.local/lib/python3.12/site-packages/airflow/example_dags/example_task_group_decorator.py
[2026-09-22T16:58:37.363+0000] {processor.py:840} INFO - DAG(s) 'example_task_group_decorator' retrieved from /home/airflow/.local/lib/python3.12/site-packages/airflow/example_dags/example_task_group_decorator.py
[2026-09-22T16:58:37.389+0000] {logging_mixin.py:188} INFO - [2026-09-22T16:58:37.389+0000] {dag.py:3089} INFO - Sync 1 DAGs
[2026-09-22T16:58:37.412+0000] {logging_mixin.py:188} INFO - [2026-09-22T16:58:37.411+0000] {dag.py:3947} INFO - Setting next_dagrun for example_task_group_decorator to 2026-09-21 00:00:00+00:00, run_after=2026-09-22 00:00:00+00:00
[2026-09-22T16:58:37.431+0000] {processor.py:183} INFO - Processing /home/airflow/.local/lib/python3.12/site-packages/airflow/example_dags/example_task_group_decorator.py took 0.094 seconds
[2026-09-22T16:59:08.409+0000] {processor.py:161} INFO - Started process (PID=240) to work on /home/airflow/.local/lib/python3.12/site-packages/airflow/example_dags/example_task_group_decorator.py
[2026-09-22T16:59:08.411+0000] {processor.py:830} INFO - Processing file /home/airflow/.local/lib/python3.12/site-packages/airflow/example_dags/example_task_group_decorator.py for tasks to queue
[2026-09-22T16:59:08.414+0000] {logging_mixin.py:188} INFO - [2026-09-22T16:59:08.413+0000] {dagbag.py:545} INFO - Filling up the DagBag from /home/airflow/.local/lib/python3.12/site-packages/airflow/example_dags/example_task_group_decorator.py
[2026-09-22T16:59:08.436+0000] {processor.py:840} INFO - DAG(s) 'example_task_group_decorator' retrieved from /home/airflow/.local/lib/python3.12/site-packages/airflow/example_dags/example_task_group_decorator.py
[2026-09-22T16:59:08.465+0000] {logging_mixin.py:188} INFO - [2026-09-22T16:59:08.465+0000] {dag.py:3089} INFO - Sync 1 DAGs
[2026-09-22T16:59:08.490+0000] {logging_mixin.py:188} INFO - [2026-09-22T16:59:08.490+0000] {dag.py:3947} INFO - Setting next_dagrun for example_task_group_decorator to 2026-09-21 00:00:00+00:00, run_after=2026-09-22 00:00:00+00:00
[2026-09-22T16:59:08.511+0000] {processor.py:183} INFO - Processing /home/airflow/.local/lib/python3.12/site-packages/airflow/example_dags/example_task_group_decorator.py took 0.107 seconds
[2026-09-22T16:59:38.918+0000] {processor.py:161} INFO - Started process (PID=298) to work on /home/airflow/.local/lib/python3.12/site-packages/airflow/example_dags/example_task_group_decorator.py
[2026-09-22T16:59:38.919+0000] {processor.py:830} INFO - Processing file /home/airflow/.local/lib/python3.12/site-packages/airflow/example_dags/example_task_group_decorator.py for tasks to queue
[2026-09-22T16:59:38.921+0000] {logging_mixin.py:188} INFO - [2026-09-22T16:59:38.920+0000] {dagbag.py:545} INFO - Filling up the DagBag from /home/airflow/.local/lib/python3.12/site-packages/airflow/example_dags/example_task_group_decorator.py
[2026-09-22T16:59:38.933+0000] {processor.py:840} INFO - DAG(s) 'example_task_group_decorator' retrieved from /home/airflow/.local/lib/python3.12/site-packages/airflow/example_dags/example_task_group_decorator.py
[2026-09-22T16:59:38.956+0000] {logging_mixin.py:188} INFO - [2026-09-22T16:59:38.956+0000] {dag.py:3089} INFO - Sync 1 DAGs
[2026-09-22T16:59:38.975+0000] {logging_mixin.py:188} INFO - [2026-09-22T16:59:38.975+0000] {dag.py:3947} INFO - Setting next_dagrun for example_task_group_decorator to 2026-09-21 00:00:00+00:00, run_after=2026-09-22 00:00:00+00:00
[2026-09-22T16:59:38.996+0000] {processor.py:183} INFO - Processing /home/airflow/.local/lib/python3.12/site-packages/airflow/example_dags/example_task_group_decorator.py took 0.083 seconds
[2026-09-22T17:00:09.218+0000] {processor.py:161} INFO - Started process (PID=355) to work on /home/airflow/.local/lib/python3.12/site-packages/airflow/example_dags/example_task_group_decorator.py
[2026-09-22T17:00:09.220+0000] {processor.py:830} INFO - Processing file /home/airflow/.local/lib/python3.12/site-packages/airflow/example_dags/example_task_group_decorator.py for tasks to queue
[2026-09-22T17:00:09.222+0000] {logging_mixin.py:188} INFO - [2026-09-22T17:00:09.221+0000] {dagbag.py:545} INFO - Filling up the DagBag from /home/airflow/.local/lib/python3.12/site-packages/airflow/example_dags/example_task_group_decorator.py
[2026-09-22T17:00:09.234+0000] {processor.py:840} INFO - DAG(s) 'example_task_group_decorator' retrieved from /home/airflow/.local/lib/python3.12/site-packages/airflow/example_dags/example_task_group_decorator.py
[2026-09-22T17:00:09.259+0000] {logging_mixin.py:188} INFO - [2026-09-22T17:00:09.258+0000] {dag.py:3089} INFO - Sync 1 DAGs
[2026-09-22T17:00:09.280+0000] {logging_mixin.py:188} INFO - [2026-09-22T17:00:09.280+0000] {dag.py:3947} INFO - Setting next_dagrun for example_task_group_decorator to 2026-09-21 00:00:00+00:00, run_after=2026-09-22 00:00:00+00:00
[2026-09-22T17:00:09.300+0000] {processor.py:183} INFO - Processing /home/airflow/.local/lib/python3.12/site-packages/airflow/example_dags/example_task_group_decorator.py took 0.088 seconds
[2026-09-22T17:00:39.921+0000] {processor.py:161} INFO - Started process (PID=414) to work on /home/airflow/.local/lib/python3.12/site-packages/airflow/example_dags/example_task_group_decorator.py
[2026-09-22T17:00:39.922+0000] {processor.py:830} INFO - Processing file /home/airflow/.local/lib/python3.12/site-packages/airflow/example_dags/example_task_group_decorator.py for tasks to queue
[2026-09-22T17:00:39.924+0000] {logging_mixin.py:188} INFO - [2026-09-22T17:00:39.923+0000] {dagbag.py:545} INFO - Filling up the DagBag from /home/airflow/.local/lib/python3.12/site-packages/airflow/example_dags/example_task_group_decorator.py
[2026-09-22T17:00:39.936+0000] {processor.py:840} INFO - DAG(s) 'example_task_group_decorator' retrieved from /home/airflow/.local/lib/python3.12/site-packages/airflow/example_dags/example_task_group_decorator.py
[2026-09-22T17:00:39.964+0000] {logging_mixin.py:188} INFO - [2026-09-22T17:00:39.964+0000] {dag.py:3089} INFO - Sync 1 DAGs
[2026-09-22T17:00:39.983+0000] {logging_mixin.py:188} INFO - [2026-09-22T17:00:39.983+0000] {dag.py:3947} INFO - Setting next_dagrun for example_task_group_decorator to 2026-09-21 00:00:00+00:00, run_after=2026-09-22 00:00:00+00:00
[2026-09-22T17:00:40.008+0000] {processor.py:183} INFO - Processing /home/airflow/.local/lib/python3.12/site-packages/airflow/example_dags/example_task_group_decorator.py took 0.093 seconds
[2026-09-22T17:01:10.277+0000] {processor.py:161} INFO - Started process (PID=472) to work on /home/airflow/.local/lib/python3.12/site-packages/airflow/example_dags/example_task_group_decorator.py
[2026-09-22T17:01:10.282+0000] {processor.py:830} INFO - Processing file /home/airflow/.local/lib/python3.12/site-packages/airflow/example_dags/example_task_group_decorator.py for tasks to queue
[2026-09-22T17:01:10.290+0000] {logging_mixin.py:188} INFO - [2026-09-22T17:01:10.289+0000] {dagbag.py:545} INFO - Filling up the DagBag from /home/airflow/.local/lib/python3.12/site-packages/airflow/example_dags/example_task_group_decorator.py
[2026-09-22T17:01:10.323+0000] {processor.py:840} INFO - DAG(s) 'example_task_group_decorator' retrieved from /home/airflow/.local/lib/python3.12/site-packages/airflow/example_dags/example_task_group_decorator.py
[2026-09-22T17:01:10.362+0000] {logging_mixin.py:188} INFO - [2026-09-22T17:01:10.362+0000] {dag.py:3089} INFO - Sync 1 DAGs
[2026-09-22T17:01:10.390+0000] {logging_mixin.py:188} INFO - [2026-09-22T17:01:10.390+0000] {dag.py:3947} INFO - Setting next_dagrun for example_task_group_decorator to 2026-09-21 00:00:00+00:00, run_after=2026-09-22 00:00:00+00:00
[2026-09-22T17:01:10.432+0000] {processor.py:183} INFO - Processing /home/airflow/.local/lib/python3.12/site-packages/airflow/example_dags/example_task_group_decorator.py took 0.171 seconds
[2026-09-22T17:01:40.993+0000] {processor.py:161} INFO - Started process (PID=530) to work on /home/airflow/.local/lib/python3.12/site-packages/airflow/example_dags/example_task_group_decorator.py
[2026-09-22T17:01:40.994+0000] {processor.py:830} INFO - Processing file /home/airflow/.local/lib/python3.12/site-packages/airflow/example_dags/example_task_group_decorator.py for tasks to queue
[2026-09-22T17:01:40.996+0000] {logging_mixin.py:188} INFO - [2026-09-22T17:01:40.996+0000] {dagbag.py:545} INFO - Filling up the DagBag from /home/airflow/.local/lib/python3.12/site-packages/airflow/example_dags/example_task_group_decorator.py
[2026-09-22T17:01:41.010+0000] {processor.py:840} INFO - DAG(s) 'example_task_group_decorator' retrieved from /home/airflow/.local/lib/python3.12/site-packages/airflow/example_dags/example_task_group_decorator.py
[2026-09-22T17:01:41.037+0000] {logging_mixin.py:188} INFO - [2026-09-22T17:01:41.037+0000] {dag.py:3089} INFO - Sync 1 DAGs
[2026-09-22T17:01:41.060+0000] {logging_mixin.py:188} INFO - [2026-09-22T17:01:41.059+0000] {dag.py:3947} INFO - Setting next_dagrun for example_task_group_decorator to 2026-09-21 00:00:00+00:00, run_after=2026-09-22 00:00:00+00:00
[2026-09-22T17:01:41.084+0000] {processor.py:183} INFO - Processing /home/airflow/.local/lib/python3.12/site-packages/airflow/example_dags/example_task_group_decorator.py took 0.096 seconds
[2026-09-22T17:02:11.204+0000] {processor.py:161} INFO - Started process (PID=587) to work on /home/airflow/.local/lib/python3.12/site-packages/airflow/example_dags/example_task_group_decorator.py
[2026-09-22T17:02:11.205+0000] {processor.py:830} INFO - Processing file /home/airflow/.local/lib/python3.12/site-packages/airflow/example_dags/example_task_group_decorator.py for tasks to queue
[2026-09-22T17:02:11.208+0000] {logging_mixin.py:188} INFO - [2026-09-22T17:02:11.207+0000] {dagbag.py:545} INFO - Filling up the DagBag from /home/airflow/.local/lib/python3.12/site-packages/airflow/example_dags/example_task_group_decorator.py
[2026-09-22T17:02:11.221+0000] {processor.py:840} INFO - DAG(s) 'example_task_group_decorator' retrieved from /home/airflow/.local/lib/python3.12/site-packages/airflow/example_dags/example_task_group_decorator.py
[2026-09-22T17:02:11.247+0000] {logging_mixin.py:188} INFO - [2026-09-22T17:02:11.247+0000] {dag.py:3089} INFO - Sync 1 DAGs
[2026-09-22T17:02:11.272+0000] {logging_mixin.py:188} INFO - [2026-09-22T17:02:11.272+0000] {dag.py:3947} INFO - Setting next_dagrun for example_task_group_decorator to 2026-09-21 00:00:00+00:00, run_after=2026-09-22 00:00:00+00:00
[2026-09-22T17:02:11.296+0000] {processor.py:183} INFO - Processing /home/airflow/.local/lib/python3.12/site-packages/airflow/example_dags/example_task_group_decorator.py took 0.097 seconds
[2026-09-22T17:03:35.342+0000] {processor.py:161} INFO - Started process (PID=122) to work on /home/airflow/.local/lib/python3.12/site-packages/airflow/example_dags/example_task_group_decorator.py
[2026-09-22T17:03:35.343+0000] {processor.py:830} INFO - Processing file /home/airflow/.local/lib/python3.12/site-packages/airflow/example_dags/example_task_group_decorator.py for tasks to queue
[2026-09-22T17:03:35.346+0000] {logging_mixin.py:188} INFO - [2026-09-22T17:03:35.345+0000] {dagbag.py:545} INFO - Filling up the DagBag from /home/airflow/.local/lib/python3.12/site-packages/airflow/example_dags/example_task_group_decorator.py
[2026-09-22T17:03:35.368+0000] {processor.py:840} INFO - DAG(s) 'example_task_group_decorator' retrieved from /home/airflow/.local/lib/python3.12/site-packages/airflow/example_dags/example_task_group_decorator.py
[2026-09-22T17:03:35.492+0000] {logging_mixin.py:188} INFO - [2026-09-22T17:03:35.492+0000] {dag.py:3089} INFO - Sync 1 DAGs
[2026-09-22T17:03:35.513+0000] {logging_mixin.py:188} INFO - [2026-09-22T17:03:35.512+0000] {dag.py:3947} INFO - Setting next_dagrun for example_task_group_decorator to 2026-09-21 00:00:00+00:00, run_after=2026-09-22 00:00:00+00:00
[2026-09-22T17:03:35.542+0000] {processor.py:183} INFO - Processing /home/airflow/.local/lib/python3.12/site-packages/airflow/example_dags/example_task_group_decorator.py took 0.206 seconds
[2026-09-22T17:04:06.011+0000] {processor.py:161} INFO - Started process (PID=179) to work on /home/airflow/.local/lib/python3.12/site-packages/airflow/example_dags/example_task_group_decorator.py
[2026-09-22T17:04:06.012+0000] {processor.py:830} INFO - Processing file /home/airflow/.local/lib/python3.12/site-packages/airflow/example_dags/example_task_group_decorator.py for tasks to queue
[2026-09-22T17:04:06.014+0000] {logging_mixin.py:188} INFO - [2026-09-22T17:04:06.014+0000] {dagbag.py:545} INFO - Filling up the DagBag from /home/airflow/.local/lib/python3.12/site-packages/airflow/example_dags/example_task_group_decorator.py
[2026-09-22T17:04:06.027+0000] {processor.py:840} INFO - DAG(s) 'example_task_group_decorator' retrieved from /home/airflow/.local/lib/python3.12/site-packages/airflow/example_dags/example_task_group_decorator.py
[2026-09-22T17:04:06.054+0000] {logging_mixin.py:188} INFO - [2026-09-22T17:04:06.054+0000] {dag.py:3089} INFO - Sync 1 DAGs
[2026-09-22T17:04:06.073+0000] {logging_mixin.py:188} INFO - [2026-09-22T17:04:06.073+0000] {dag.py:3947} INFO - Setting next_dagrun for example_task_group_decorator to 2026-09-21 00:00:00+00:00, run_after=2026-09-22 00:00:00+00:00
[2026-09-22T17:04:06.094+0000] {processor.py:183} INFO - Processing /home/airflow/.local/lib/python3.12/site-packages/airflow/example_dags/example_task_group_decorator.py took 0.087 seconds
[2026-09-22T17:04:37.101+0000] {processor.py:161} INFO - Started process (PID=238) to work on /home/airflow/.local/lib/python3.12/site-packages/airflow/example_dags/example_task_group_decorator.py
[2026-09-22T17:04:37.103+0000] {processor.py:830} INFO - Processing file /home/airflow/.local/lib/python3.12/site-packages/airflow/example_dags/example_task_group_decorator.py for tasks to queue
[2026-09-22T17:04:37.106+0000] {logging_mixin.py:188} INFO - [2026-09-22T17:04:37.105+0000] {dagbag.py:545} INFO - Filling up the DagBag from /home/airflow/.local/lib/python3.12/site-packages/airflow/example_dags/example_task_group_decorator.py
[2026-09-22T17:04:37.122+0000] {processor.py:840} INFO - DAG(s) 'example_task_group_decorator' retrieved from /home/airflow/.local/lib/python3.12/site-packages/airflow/example_dags/example_task_group_decorator.py
[2026-09-22T17:04:37.151+0000] {logging_mixin.py:188} INFO - [2026-09-22T17:04:37.151+0000] {dag.py:3089} INFO - Sync 1 DAGs
[2026-09-22T17:04:37.173+0000] {logging_mixin.py:188} INFO - [2026-09-22T17:04:37.173+0000] {dag.py:3947} INFO - Setting next_dagrun for example_task_group_decorator to 2026-09-21 00:00:00+00:00, run_after=2026-09-22 00:00:00+00:00
[2026-09-22T17:04:37.201+0000] {processor.py:183} INFO - Processing /home/airflow/.local/lib/python3.12/site-packages/airflow/example_dags/example_task_group_decorator.py took 0.109 seconds
[2026-09-22T17:05:07.925+0000] {processor.py:161} INFO - Started process (PID=296) to work on /home/airflow/.local/lib/python3.12/site-packages/airflow/example_dags/example_task_group_decorator.py
[2026-09-22T17:05:07.926+0000] {processor.py:830} INFO - Processing file /home/airflow/.local/lib/python3.12/site-packages/airflow/example_dags/example_task_group_decorator.py for tasks to queue
[2026-09-22T17:05:07.929+0000] {logging_mixin.py:188} INFO - [2026-09-22T17:05:07.928+0000] {dagbag.py:545} INFO - Filling up the DagBag from /home/airflow/.local/lib/python3.12/site-packages/airflow/example_dags/example_task_group_decorator.py
[2026-09-22T17:05:07.946+0000] {processor.py:840} INFO - DAG(s) 'example_task_group_decorator' retrieved from /home/airflow/.local/lib/python3.12/site-packages/airflow/example_dags/example_task_group_decorator.py
[2026-09-22T17:05:07.991+0000] {logging_mixin.py:188} INFO - [2026-09-22T17:05:07.990+0000] {dag.py:3089} INFO - Sync 1 DAGs
[2026-09-22T17:05:08.029+0000] {logging_mixin.py:188} INFO - [2026-09-22T17:05:08.029+0000] {dag.py:3947} INFO - Setting next_dagrun for example_task_group_decorator to 2026-09-21 00:00:00+00:00, run_after=2026-09-22 00:00:00+00:00
[2026-09-22T17:05:08.074+0000] {processor.py:183} INFO - Processing /home/airflow/.local/lib/python3.12/site-packages/airflow/example_dags/example_task_group_decorator.py took 0.155 seconds
[2026-09-22T17:05:38.320+0000] {processor.py:161} INFO - Started process (PID=353) to work on /home/airflow/.local/lib/python3.12/site-packages/airflow/example_dags/example_task_group_decorator.py
[2026-09-22T17:05:38.321+0000] {processor.py:830} INFO - Processing file /home/airflow/.local/lib/python3.12/site-packages/airflow/example_dags/example_task_group_decorator.py for tasks to queue
[2026-09-22T17:05:38.324+0000] {logging_mixin.py:188} INFO - [2026-09-22T17:05:38.324+0000] {dagbag.py:545} INFO - Filling up the DagBag from /home/airflow/.local/lib/python3.12/site-packages/airflow/example_dags/example_task_group_decorator.py
[2026-09-22T17:05:38.336+0000] {processor.py:840} INFO - DAG(s) 'example_task_group_decorator' retrieved from /home/airflow/.local/lib/python3.12/site-packages/airflow/example_dags/example_task_group_decorator.py
[2026-09-22T17:05:38.362+0000] {logging_mixin.py:188} INFO - [2026-09-22T17:05:38.362+0000] {dag.py:3089} INFO - Sync 1 DAGs
[2026-09-22T17:05:38.378+0000] {logging_mixin.py:188} INFO - [2026-09-22T17:05:38.378+0000] {dag.py:3947} INFO - Setting next_dagrun for example_task_group_decorator to 2026-09-21 00:00:00+00:00, run_after=2026-09-22 00:00:00+00:00
[2026-09-22T17:05:38.400+0000] {processor.py:183} INFO - Processing /home/airflow/.local/lib/python3.12/site-packages/airflow/example_dags/example_task_group_decorator.py took 0.086 seconds
[2026-09-22T17:06:09.128+0000] {processor.py:161} INFO - Started process (PID=412) to work on /home/airflow/.local/lib/python3.12/site-packages/airflow/example_dags/example_task_group_decorator.py
[2026-09-22T17:06:09.130+0000] {processor.py:830} INFO - Processing file /home/airflow/.local/lib/python3.12/site-packages/airflow/example_dags/example_task_group_decorator.py for tasks to queue
[2026-09-22T17:06:09.134+0000] {logging_mixin.py:188} INFO - [2026-09-22T17:06:09.133+0000] {dagbag.py:545} INFO - Filling up the DagBag from /home/airflow/.local/lib/python3.12/site-packages/airflow/example_dags/example_task_group_decorator.py
[2026-09-22T17:06:09.158+0000] {processor.py:840} INFO - DAG(s) 'example_task_group_decorator' retrieved from /home/airflow/.local/lib/python3.12/site-packages/airflow/example_dags/example_task_group_decorator.py
[2026-09-22T17:06:09.204+0000] {logging_mixin.py:188} INFO - [2026-09-22T17:06:09.204+0000] {dag.py:3089} INFO - Sync 1 DAGs
[2026-09-22T17:06:09.241+0000] {logging_mixin.py:188} INFO - [2026-09-22T17:06:09.241+0000] {dag.py:3947} INFO - Setting next_dagrun for example_task_group_decorator to 2026-09-21 00:00:00+00:00, run_after=2026-09-22 00:00:00+00:00
[2026-09-22T17:06:09.278+0000] {processor.py:183} INFO - Processing /home/airflow/.local/lib/python3.12/site-packages/airflow/example_dags/example_task_group_decorator.py took 0.158 seconds
[2026-09-22T17:06:39.500+0000] {processor.py:161} INFO - Started process (PID=469) to work on /home/airflow/.local/lib/python3.12/site-packages/airflow/example_dags/example_task_group_decorator.py
[2026-09-22T17:06:39.502+0000] {processor.py:830} INFO - Processing file /home/airflow/.local/lib/python3.12/site-packages/airflow/example_dags/example_task_group_decorator.py for tasks to queue
[2026-09-22T17:06:39.503+0000] {logging_mixin.py:188} INFO - [2026-09-22T17:06:39.503+0000] {dagbag.py:545} INFO - Filling up the DagBag from /home/airflow/.local/lib/python3.12/site-packages/airflow/example_dags/example_task_group_decorator.py
[2026-09-22T17:06:39.515+0000] {processor.py:840} INFO - DAG(s) 'example_task_group_decorator' retrieved from /home/airflow/.local/lib/python3.12/site-packages/airflow/example_dags/example_task_group_decorator.py
[2026-09-22T17:06:39.547+0000] {logging_mixin.py:188} INFO - [2026-09-22T17:06:39.547+0000] {dag.py:3089} INFO - Sync 1 DAGs
[2026-09-22T17:06:39.585+0000] {logging_mixin.py:188} INFO - [2026-09-22T17:06:39.585+0000] {dag.py:3947} INFO - Setting next_dagrun for example_task_group_decorator to 2026-09-21 00:00:00+00:00, run_after=2026-09-22 00:00:00+00:00
[2026-09-22T17:06:39.610+0000] {processor.py:183} INFO - Processing /home/airflow/.local/lib/python3.12/site-packages/airflow/example_dags/example_task_group_decorator.py took 0.115 seconds
[2026-09-22T17:07:10.424+0000] {processor.py:161} INFO - Started process (PID=528) to work on /home/airflow/.local/lib/python3.12/site-packages/airflow/example_dags/example_task_group_decorator.py
[2026-09-22T17:07:10.425+0000] {processor.py:830} INFO - Processing file /home/airflow/.local/lib/python3.12/site-packages/airflow/example_dags/example_task_group_decorator.py for tasks to queue
[2026-09-22T17:07:10.427+0000] {logging_mixin.py:188} INFO - [2026-09-22T17:07:10.427+0000] {dagbag.py:545} INFO - Filling up the DagBag from /home/airflow/.local/lib/python3.12/site-packages/airflow/example_dags/example_task_group_decorator.py
[2026-09-22T17:07:10.446+0000] {processor.py:840} INFO - DAG(s) 'example_task_group_decorator' retrieved from /home/airflow/.local/lib/python3.12/site-packages/airflow/example_dags/example_task_group_decorator.py
[2026-09-22T17:07:10.475+0000] {logging_mixin.py:188} INFO - [2026-09-22T17:07:10.475+0000] {dag.py:3089} INFO - Sync 1 DAGs
[2026-09-22T17:07:10.495+0000] {logging_mixin.py:188} INFO - [2026-09-22T17:07:10.495+0000] {dag.py:3947} INFO - Setting next_dagrun for example_task_group_decorator to 2026-09-21 00:00:00+00:00, run_after=2026-09-22 00:00:00+00:00
[2026-09-22T17:07:10.518+0000] {processor.py:183} INFO - Processing /home/airflow/.local/lib/python3.12/site-packages/airflow/example_dags/example_task_group_decorator.py took 0.102 seconds
[2026-09-22T17:07:40.902+0000] {processor.py:161} INFO - Started process (PID=586) to work on /home/airflow/.local/lib/python3.12/site-packages/airflow/example_dags/example_task_group_decorator.py
[2026-09-22T17:07:40.904+0000] {processor.py:830} INFO - Processing file /home/airflow/.local/lib/python3.12/site-packages/airflow/example_dags/example_task_group_decorator.py for tasks to queue
[2026-09-22T17:07:40.906+0000] {logging_mixin.py:188} INFO - [2026-09-22T17:07:40.905+0000] {dagbag.py:545} INFO - Filling up the DagBag from /home/airflow/.local/lib/python3.12/site-packages/airflow/example_dags/example_task_group_decorator.py
[2026-09-22T17:07:40.921+0000] {processor.py:840} INFO - DAG(s) 'example_task_group_decorator' retrieved from /home/airflow/.local/lib/python3.12/site-packages/airflow/example_dags/example_task_group_decorator.py
[2026-09-22T17:07:40.947+0000] {logging_mixin.py:188} INFO - [2026-09-22T17:07:40.947+0000] {dag.py:3089} INFO - Sync 1 DAGs
[2026-09-22T17:07:40.966+0000] {logging_mixin.py:188} INFO - [2026-09-22T17:07:40.966+0000] {dag.py:3947} INFO - Setting next_dagrun for example_task_group_decorator to 2026-09-21 00:00:00+00:00, run_after=2026-09-22 00:00:00+00:00
[2026-09-22T17:07:40.986+0000] {processor.py:183} INFO - Processing /home/airflow/.local/lib/python3.12/site-packages/airflow/example_dags/example_task_group_decorator.py took 0.090 seconds
[2026-09-22T17:08:11.258+0000] {processor.py:161} INFO - Started process (PID=644) to work on /home/airflow/.local/lib/python3.12/site-packages/airflow/example_dags/example_task_group_decorator.py
[2026-09-22T17:08:11.259+0000] {processor.py:830} INFO - Processing file /home/airflow/.local/lib/python3.12/site-packages/airflow/example_dags/example_task_group_decorator.py for tasks to queue
[2026-09-22T17:08:11.261+0000] {logging_mixin.py:188} INFO - [2026-09-22T17:08:11.261+0000] {dagbag.py:545} INFO - Filling up the DagBag from /home/airflow/.local/lib/python3.12/site-packages/airflow/example_dags/example_task_group_decorator.py
[2026-09-22T17:08:11.275+0000] {processor.py:840} INFO - DAG(s) 'example_task_group_decorator' retrieved from /home/airflow/.local/lib/python3.12/site-packages/airflow/example_dags/example_task_group_decorator.py
[2026-09-22T17:08:11.298+0000] {logging_mixin.py:188} INFO - [2026-09-22T17:08:11.298+0000] {dag.py:3089} INFO - Sync 1 DAGs
[2026-09-22T17:08:11.321+0000] {logging_mixin.py:188} INFO - [2026-09-22T17:08:11.321+0000] {dag.py:3947} INFO - Setting next_dagrun for example_task_group_decorator to 2026-09-21 00:00:00+00:00, run_after=2026-09-22 00:00:00+00:00
[2026-09-22T17:08:11.340+0000] {processor.py:183} INFO - Processing /home/airflow/.local/lib/python3.12/site-packages/airflow/example_dags/example_task_group_decorator.py took 0.087 seconds
[2026-09-22T17:08:41.386+0000] {processor.py:161} INFO - Started process (PID=707) to work on /home/airflow/.local/lib/python3.12/site-packages/airflow/example_dags/example_task_group_decorator.py
[2026-09-22T17:08:41.387+0000] {processor.py:830} INFO - Processing file /home/airflow/.local/lib/python3.12/site-packages/airflow/example_dags/example_task_group_decorator.py for tasks to queue
[2026-09-22T17:08:41.389+0000] {logging_mixin.py:188} INFO - [2026-09-22T17:08:41.389+0000] {dagbag.py:545} INFO - Filling up the DagBag from /home/airflow/.local/lib/python3.12/site-packages/airflow/example_dags/example_task_group_decorator.py
[2026-09-22T17:08:41.401+0000] {processor.py:840} INFO - DAG(s) 'example_task_group_decorator' retrieved from /home/airflow/.local/lib/python3.12/site-packages/airflow/example_dags/example_task_group_decorator.py
[2026-09-22T17:08:41.422+0000] {logging_mixin.py:188} INFO - [2026-09-22T17:08:41.421+0000] {dag.py:3089} INFO - Sync 1 DAGs
[2026-09-22T17:08:41.440+0000] {logging_mixin.py:188} INFO - [2026-09-22T17:08:41.440+0000] {dag.py:3947} INFO - Setting next_dagrun for example_task_group_decorator to 2026-09-21 00:00:00+00:00, run_after=2026-09-22 00:00:00+00:00
[2026-09-22T17:08:41.459+0000] {processor.py:183} INFO - Processing /home/airflow/.local/lib/python3.12/site-packages/airflow/example_dags/example_task_group_decorator.py took 0.080 seconds
[2026-09-22T17:09:11.801+0000] {processor.py:161} INFO - Started process (PID=765) to work on /home/airflow/.local/lib/python3.12/site-packages/airflow/example_dags/example_task_group_decorator.py
[2026-09-22T17:09:11.802+0000] {processor.py:830} INFO - Processing file /home/airflow/.local/lib/python3.12/site-packages/airflow/example_dags/example_task_group_decorator.py for tasks to queue
[2026-09-22T17:09:11.804+0000] {logging_mixin.py:188} INFO - [2026-09-22T17:09:11.804+0000] {dagbag.py:545} INFO - Filling up the DagBag from /home/airflow/.local/lib/python3.12/site-packages/airflow/example_dags/example_task_group_decorator.py
[2026-09-22T17:09:11.816+0000] {processor.py:840} INFO - DAG(s) 'example_task_group_decorator' retrieved from /home/airflow/.local/lib/python3.12/site-packages/airflow/example_dags/example_task_group_decorator.py
[2026-09-22T17:09:11.839+0000] {logging_mixin.py:188} INFO - [2026-09-22T17:09:11.839+0000] {dag.py:3089} INFO - Sync 1 DAGs
[2026-09-22T17:09:11.858+0000] {logging_mixin.py:188} INFO - [2026-09-22T17:09:11.858+0000] {dag.py:3947} INFO - Setting next_dagrun for example_task_group_decorator to 2026-09-21 00:00:00+00:00, run_after=2026-09-22 00:00:00+00:00
[2026-09-22T17:09:11.878+0000] {processor.py:183} INFO - Processing /home/airflow/.local/lib/python3.12/site-packages/airflow/example_dags/example_task_group_decorator.py took 0.083 seconds
[2026-09-22T17:09:41.934+0000] {processor.py:161} INFO - Started process (PID=823) to work on /home/airflow/.local/lib/python3.12/site-packages/airflow/example_dags/example_task_group_decorator.py
[2026-09-22T17:09:41.935+0000] {processor.py:830} INFO - Processing file /home/airflow/.local/lib/python3.12/site-packages/airflow/example_dags/example_task_group_decorator.py for tasks to queue
[2026-09-22T17:09:41.937+0000] {logging_mixin.py:188} INFO - [2026-09-22T17:09:41.937+0000] {dagbag.py:545} INFO - Filling up the DagBag from /home/airflow/.local/lib/python3.12/site-packages/airflow/example_dags/example_task_group_decorator.py
[2026-09-22T17:09:41.949+0000] {processor.py:840} INFO - DAG(s) 'example_task_group_decorator' retrieved from /home/airflow/.local/lib/python3.12/site-packages/airflow/example_dags/example_task_group_decorator.py
[2026-09-22T17:09:41.970+0000] {logging_mixin.py:188} INFO - [2026-09-22T17:09:41.969+0000] {dag.py:3089} INFO - Sync 1 DAGs
[2026-09-22T17:09:41.991+0000] {logging_mixin.py:188} INFO - [2026-09-22T17:09:41.991+0000] {dag.py:3947} INFO - Setting next_dagrun for example_task_group_decorator to 2026-09-21 00:00:00+00:00, run_after=2026-09-22 00:00:00+00:00
[2026-09-22T17:09:42.012+0000] {processor.py:183} INFO - Processing /home/airflow/.local/lib/python3.12/site-packages/airflow/example_dags/example_task_group_decorator.py took 0.084 seconds
[2026-09-22T17:10:12.108+0000] {processor.py:161} INFO - Started process (PID=881) to work on /home/airflow/.local/lib/python3.12/site-packages/airflow/example_dags/example_task_group_decorator.py
[2026-09-22T17:10:12.109+0000] {processor.py:830} INFO - Processing file /home/airflow/.local/lib/python3.12/site-packages/airflow/example_dags/example_task_group_decorator.py for tasks to queue
[2026-09-22T17:10:12.112+0000] {logging_mixin.py:188} INFO - [2026-09-22T17:10:12.112+0000] {dagbag.py:545} INFO - Filling up the DagBag from /home/airflow/.local/lib/python3.12/site-packages/airflow/example_dags/example_task_group_decorator.py
[2026-09-22T17:10:12.127+0000] {processor.py:840} INFO - DAG(s) 'example_task_group_decorator' retrieved from /home/airflow/.local/lib/python3.12/site-packages/airflow/example_dags/example_task_group_decorator.py
[2026-09-22T17:10:12.148+0000] {logging_mixin.py:188} INFO - [2026-09-22T17:10:12.147+0000] {dag.py:3089} INFO - Sync 1 DAGs
[2026-09-22T17:10:12.168+0000] {logging_mixin.py:188} INFO - [2026-09-22T17:10:12.167+0000] {dag.py:3947} INFO - Setting next_dagrun for example_task_group_decorator to 2026-09-21 00:00:00+00:00, run_after=2026-09-22 00:00:00+00:00
[2026-09-22T17:10:12.186+0000] {processor.py:183} INFO - Processing /home/airflow/.local/lib/python3.12/site-packages/airflow/example_dags/example_task_group_decorator.py took 0.082 seconds
[2026-09-22T17:10:42.229+0000] {processor.py:161} INFO - Started process (PID=939) to work on /home/airflow/.local/lib/python3.12/site-packages/airflow/example_dags/example_task_group_decorator.py
[2026-09-22T17:10:42.230+0000] {processor.py:830} INFO - Processing file /home/airflow/.local/lib/python3.12/site-packages/airflow/example_dags/example_task_group_decorator.py for tasks to queue
[2026-09-22T17:10:42.233+0000] {logging_mixin.py:188} INFO - [2026-09-22T17:10:42.232+0000] {dagbag.py:545} INFO - Filling up the DagBag from /home/airflow/.local/lib/python3.12/site-packages/airflow/example_dags/example_task_group_decorator.py
[2026-09-22T17:10:42.244+0000] {processor.py:840} INFO - DAG(s) 'example_task_group_decorator' retrieved from /home/airflow/.local/lib/python3.12/site-packages/airflow/example_dags/example_task_group_decorator.py
[2026-09-22T17:10:42.270+0000] {logging_mixin.py:188} INFO - [2026-09-22T17:10:42.270+0000] {dag.py:3089} INFO - Sync 1 DAGs
[2026-09-22T17:10:42.292+0000] {logging_mixin.py:188} INFO - [2026-09-22T17:10:42.292+0000] {dag.py:3947} INFO - Setting next_dagrun for example_task_group_decorator to 2026-09-21 00:00:00+00:00, run_after=2026-09-22 00:00:00+00:00
[2026-09-22T17:10:42.312+0000] {processor.py:183} INFO - Processing /home/airflow/.local/lib/python3.12/site-packages/airflow/example_dags/example_task_group_decorator.py took 0.089 seconds
[2026-09-22T17:11:12.486+0000] {processor.py:161} INFO - Started process (PID=997) to work on /home/airflow/.local/lib/python3.12/site-packages/airflow/example_dags/example_task_group_decorator.py
[2026-09-22T17:11:12.487+0000] {processor.py:830} INFO - Processing file /home/airflow/.local/lib/python3.12/site-packages/airflow/example_dags/example_task_group_decorator.py for tasks to queue
[2026-09-22T17:11:12.489+0000] {logging_mixin.py:188} INFO - [2026-09-22T17:11:12.489+0000] {dagbag.py:545} INFO - Filling up the DagBag from /home/airflow/.local/lib/python3.12/site-packages/airflow/example_dags/example_task_group_decorator.py
[2026-09-22T17:11:12.507+0000] {processor.py:840} INFO - DAG(s) 'example_task_group_decorator' retrieved from /home/airflow/.local/lib/python3.12/site-packages/airflow/example_dags/example_task_group_decorator.py
[2026-09-22T17:11:12.532+0000] {logging_mixin.py:188} INFO - [2026-09-22T17:11:12.531+0000] {dag.py:3089} INFO - Sync 1 DAGs
[2026-09-22T17:11:12.554+0000] {logging_mixin.py:188} INFO - [2026-09-22T17:11:12.554+0000] {dag.py:3947} INFO - Setting next_dagrun for example_task_group_decorator to 2026-09-21 00:00:00+00:00, run_after=2026-09-22 00:00:00+00:00
[2026-09-22T17:11:12.577+0000] {processor.py:183} INFO - Processing /home/airflow/.local/lib/python3.12/site-packages/airflow/example_dags/example_task_group_decorator.py took 0.097 seconds
[2026-09-22T17:11:42.877+0000] {processor.py:161} INFO - Started process (PID=1055) to work on /home/airflow/.local/lib/python3.12/site-packages/airflow/example_dags/example_task_group_decorator.py
[2026-09-22T17:11:42.878+0000] {processor.py:830} INFO - Processing file /home/airflow/.local/lib/python3.12/site-packages/airflow/example_dags/example_task_group_decorator.py for tasks to queue
[2026-09-22T17:11:42.880+0000] {logging_mixin.py:188} INFO - [2026-09-22T17:11:42.879+0000] {dagbag.py:545} INFO - Filling up the DagBag from /home/airflow/.local/lib/python3.12/site-packages/airflow/example_dags/example_task_group_decorator.py
[2026-09-22T17:11:42.892+0000] {processor.py:840} INFO - DAG(s) 'example_task_group_decorator' retrieved from /home/airflow/.local/lib/python3.12/site-packages/airflow/example_dags/example_task_group_decorator.py
[2026-09-22T17:11:42.914+0000] {logging_mixin.py:188} INFO - [2026-09-22T17:11:42.914+0000] {dag.py:3089} INFO - Sync 1 DAGs
[2026-09-22T17:11:42.935+0000] {logging_mixin.py:188} INFO - [2026-09-22T17:11:42.935+0000] {dag.py:3947} INFO - Setting next_dagrun for example_task_group_decorator to 2026-09-21 00:00:00+00:00, run_after=2026-09-22 00:00:00+00:00
[2026-09-22T17:11:42.954+0000] {processor.py:183} INFO - Processing /home/airflow/.local/lib/python3.12/site-packages/airflow/example_dags/example_task_group_decorator.py took 0.083 seconds
[2026-09-22T17:12:13.052+0000] {processor.py:161} INFO - Started process (PID=1113) to work on /home/airflow/.local/lib/python3.12/site-packages/airflow/example_dags/example_task_group_decorator.py
[2026-09-22T17:12:13.053+0000] {processor.py:830} INFO - Processing file /home/airflow/.local/lib/python3.12/site-packages/airflow/example_dags/example_task_group_decorator.py for tasks to queue
[2026-09-22T17:12:13.054+0000] {logging_mixin.py:188} INFO - [2026-09-22T17:12:13.054+0000] {dagbag.py:545} INFO - Filling up the DagBag from /home/airflow/.local/lib/python3.12/site-packages/airflow/example_dags/example_task_group_decorator.py
[2026-09-22T17:12:13.066+0000] {processor.py:840} INFO - DAG(s) 'example_task_group_decorator' retrieved from /home/airflow/.local/lib/python3.12/site-packages/airflow/example_dags/example_task_group_decorator.py
[2026-09-22T17:12:13.087+0000] {logging_mixin.py:188} INFO - [2026-09-22T17:12:13.087+0000] {dag.py:3089} INFO - Sync 1 DAGs
[2026-09-22T17:12:13.105+0000] {logging_mixin.py:188} INFO - [2026-09-22T17:12:13.105+0000] {dag.py:3947} INFO - Setting next_dagrun for example_task_group_decorator to 2026-09-21 00:00:00+00:00, run_after=2026-09-22 00:00:00+00:00
[2026-09-22T17:12:13.126+0000] {processor.py:183} INFO - Processing /home/airflow/.local/lib/python3.12/site-packages/airflow/example_dags/example_task_group_decorator.py took 0.080 seconds
[2026-09-22T17:12:43.401+0000] {processor.py:161} INFO - Started process (PID=1171) to work on /home/airflow/.local/lib/python3.12/site-packages/airflow/example_dags/example_task_group_decorator.py
[2026-09-22T17:12:43.403+0000] {processor.py:830} INFO - Processing file /home/airflow/.local/lib/python3.12/site-packages/airflow/example_dags/example_task_group_decorator.py for tasks to queue
[2026-09-22T17:12:43.404+0000] {logging_mixin.py:188} INFO - [2026-09-22T17:12:43.404+0000] {dagbag.py:545} INFO - Filling up the DagBag from /home/airflow/.local/lib/python3.12/site-packages/airflow/example_dags/example_task_group_decorator.py
[2026-09-22T17:12:43.418+0000] {processor.py:840} INFO - DAG(s) 'example_task_group_decorator' retrieved from /home/airflow/.local/lib/python3.12/site-packages/airflow/example_dags/example_task_group_decorator.py
[2026-09-22T17:12:43.442+0000] {logging_mixin.py:188} INFO - [2026-09-22T17:12:43.441+0000] {dag.py:3089} INFO - Sync 1 DAGs
[2026-09-22T17:12:43.459+0000] {logging_mixin.py:188} INFO - [2026-09-22T17:12:43.458+0000] {dag.py:3947} INFO - Setting next_dagrun for example_task_group_decorator to 2026-09-21 00:00:00+00:00, run_after=2026-09-22 00:00:00+00:00
[2026-09-22T17:12:43.476+0000] {processor.py:183} INFO - Processing /home/airflow/.local/lib/python3.12/site-packages/airflow/example_dags/example_task_group_decorator.py took 0.082 seconds
[2026-09-22T17:13:13.715+0000] {processor.py:161} INFO - Started process (PID=1229) to work on /home/airflow/.local/lib/python3.12/site-packages/airflow/example_dags/example_task_group_decorator.py
[2026-09-22T17:13:13.717+0000] {processor.py:830} INFO - Processing file /home/airflow/.local/lib/python3.12/site-packages/airflow/example_dags/example_task_group_decorator.py for tasks to queue
[2026-09-22T17:13:13.719+0000] {logging_mixin.py:188} INFO - [2026-09-22T17:13:13.718+0000] {dagbag.py:545} INFO - Filling up the DagBag from /home/airflow/.local/lib/python3.12/site-packages/airflow/example_dags/example_task_group_decorator.py
[2026-09-22T17:13:13.739+0000] {processor.py:840} INFO - DAG(s) 'example_task_group_decorator' retrieved from /home/airflow/.local/lib/python3.12/site-packages/airflow/example_dags/example_task_group_decorator.py
[2026-09-22T17:13:13.772+0000] {logging_mixin.py:188} INFO - [2026-09-22T17:13:13.772+0000] {dag.py:3089} INFO - Sync 1 DAGs
[2026-09-22T17:13:13.798+0000] {logging_mixin.py:188} INFO - [2026-09-22T17:13:13.798+0000] {dag.py:3947} INFO - Setting next_dagrun for example_task_group_decorator to 2026-09-21 00:00:00+00:00, run_after=2026-09-22 00:00:00+00:00
[2026-09-22T17:13:13.828+0000] {processor.py:183} INFO - Processing /home/airflow/.local/lib/python3.12/site-packages/airflow/example_dags/example_task_group_decorator.py took 0.120 seconds
