[2026-09-22T16:19:33.595+0000] {processor.py:161} INFO - Started process (PID=98) to work on /home/airflow/.local/lib/python3.12/site-packages/airflow/example_dags/example_latest_only.py
[2026-09-22T16:19:33.597+0000] {processor.py:830} INFO - Processing file /home/airflow/.local/lib/python3.12/site-packages/airflow/example_dags/example_latest_only.py for tasks to queue
[2026-09-22T16:19:33.600+0000] {logging_mixin.py:188} INFO - [2026-09-22T16:19:33.599+0000] {dagbag.py:545} INFO - Filling up the DagBag from /home/airflow/.local/lib/python3.12/site-packages/airflow/example_dags/example_latest_only.py
[2026-09-22T16:19:33.609+0000] {processor.py:840} INFO - DAG(s) 'latest_only' retrieved from /home/airflow/.local/lib/python3.12/site-packages/airflow/example_dags/example_latest_only.py
[2026-09-22T16:19:33.755+0000] {logging_mixin.py:188} INFO - [2026-09-22T16:19:33.755+0000] {dag.py:3089} INFO - Sync 1 DAGs
[2026-09-22T16:19:33.787+0000] {logging_mixin.py:188} INFO - [2026-09-22T16:19:33.787+0000] {dag.py:3947} INFO - Setting next_dagrun for latest_only to 2026-09-22 12:00:00+00:00, run_after=2026-09-22 16:00:00+00:00
[2026-09-22T16:19:33.818+0000] {processor.py:183} INFO - Processing /home/airflow/.local/lib/python3.12/site-packages/airflow/example_dags/example_latest_only.py took 0.230 seconds
[2026-09-22T16:20:03.957+0000] {processor.py:161} INFO - Started process (PID=156) to work on /home/airflow/.local/lib/python3.12/site-packages/airflow/example_dags/example_latest_only.py
[2026-09-22T16:20:03.959+0000] {processor.py:830} INFO - Processing file /home/airflow/.local/lib/python3.12/site-packages/airflow/example_dags/example_latest_only.py for tasks to queue
[2026-09-22T16:20:03.961+0000] {logging_mixin.py:188} INFO - [2026-09-22T16:20:03.961+0000] {dagbag.py:545} INFO - Filling up the DagBag from /home/airflow/.local/lib/python3.12/site-packages/airflow/example_dags/example_latest_only.py
[2026-09-22T16:20:03.969+0000] {processor.py:840} INFO - DAG(s) 'latest_only' retrieved from /home/airflow/.local/lib/python3.12/site-packages/airflow/example_dags/example_latest_only.py
[2026-09-22T16:20:03.992+0000] {logging_mixin.py:188} INFO - [2026-09-22T16:20:03.992+0000] {dag.py:3089} INFO - Sync 1 DAGs
[2026-09-22T16:20:04.033+0000] {logging_mixin.py:188} INFO - [2026-09-22T16:20:04.032+0000] {dag.py:3947} INFO - Setting next_dagrun for latest_only to 2026-09-22 12:00:00+00:00, run_after=2026-09-22 16:00:00+00:00
[2026-09-22T16:20:04.061+0000] {processor.py:183} INFO - Processing /home/airflow/.local/lib/python3.12/site-packages/airflow/example_dags/example_latest_only.py took 0.111 seconds
[2026-09-22T16:20:34.469+0000] {processor.py:161} INFO - Started process (PID=213) to work on /home/airflow/.local/lib/python3.12/site-packages/airflow/example_dags/example_latest_only.py
[2026-09-22T16:20:34.471+0000] {processor.py:830} INFO - Processing file /home/airflow/.local/lib/python3.12/site-packages/airflow/example_dags/example_latest_only.py for tasks to queue
[2026-09-22T16:20:34.474+0000] {logging_mixin.py:188} INFO - [2026-09-22T16:20:34.473+0000] {dagbag.py:545} INFO - Filling up the DagBag from /home/airflow/.local/lib/python3.12/site-packages/airflow/example_dags/example_latest_only.py
[2026-09-22T16:20:34.481+0000] {processor.py:840} INFO - DAG(s) 'latest_only' retrieved from /home/airflow/.local/lib/python3.12/site-packages/airflow/example_dags/example_latest_only.py
[2026-09-22T16:20:34.510+0000] {logging_mixin.py:188} INFO - [2026-09-22T16:20:34.509+0000] {dag.py:3089} INFO - Sync 1 DAGs
[2026-09-22T16:20:34.553+0000] {logging_mixin.py:188} INFO - [2026-09-22T16:20:34.552+0000] {dag.py:3947} INFO - Setting next_dagrun for latest_only to 2026-09-22 12:00:00+00:00, run_after=2026-09-22 16:00:00+00:00
[2026-09-22T16:20:34.646+0000] {processor.py:183} INFO - Processing /home/airflow/.local/lib/python3.12/site-packages/airflow/example_dags/example_latest_only.py took 0.185 seconds
[2026-09-22T16:21:04.686+0000] {processor.py:161} INFO - Started process (PID=270) to work on /home/airflow/.local/lib/python3.12/site-packages/airflow/example_dags/example_latest_only.py
[2026-09-22T16:21:04.687+0000] {processor.py:830} INFO - Processing file /home/airflow/.local/lib/python3.12/site-packages/airflow/example_dags/example_latest_only.py for tasks to queue
[2026-09-22T16:21:04.690+0000] {logging_mixin.py:188} INFO - [2026-09-22T16:21:04.690+0000] {dagbag.py:545} INFO - Filling up the DagBag from /home/airflow/.local/lib/python3.12/site-packages/airflow/example_dags/example_latest_only.py
[2026-09-22T16:21:04.698+0000] {processor.py:840} INFO - DAG(s) 'latest_only' retrieved from /home/airflow/.local/lib/python3.12/site-packages/airflow/example_dags/example_latest_only.py
[2026-09-22T16:21:04.724+0000] {logging_mixin.py:188} INFO - [2026-09-22T16:21:04.724+0000] {dag.py:3089} INFO - Sync 1 DAGs
[2026-09-22T16:21:04.749+0000] {logging_mixin.py:188} INFO - [2026-09-22T16:21:04.749+0000] {dag.py:3947} INFO - Setting next_dagrun for latest_only to 2026-09-22 12:00:00+00:00, run_after=2026-09-22 16:00:00+00:00
[2026-09-22T16:21:04.774+0000] {processor.py:183} INFO - Processing /home/airflow/.local/lib/python3.12/site-packages/airflow/example_dags/example_latest_only.py took 0.097 seconds
[2026-09-22T16:21:34.984+0000] {processor.py:161} INFO - Started process (PID=328) to work on /home/airflow/.local/lib/python3.12/site-packages/airflow/example_dags/example_latest_only.py
[2026-09-22T16:21:34.986+0000] {processor.py:830} INFO - Processing file /home/airflow/.local/lib/python3.12/site-packages/airflow/example_dags/example_latest_only.py for tasks to queue
[2026-09-22T16:21:34.990+0000] {logging_mixin.py:188} INFO - [2026-09-22T16:21:34.989+0000] {dagbag.py:545} INFO - Filling up the DagBag from /home/airflow/.local/lib/python3.12/site-packages/airflow/example_dags/example_latest_only.py
[2026-09-22T16:21:34.999+0000] {processor.py:840} INFO - DAG(s) 'latest_only' retrieved from /home/airflow/.local/lib/python3.12/site-packages/airflow/example_dags/example_latest_only.py
[2026-09-22T16:21:35.028+0000] {logging_mixin.py:188} INFO - [2026-09-22T16:21:35.028+0000] {dag.py:3089} INFO - Sync 1 DAGs
[2026-09-22T16:21:35.064+0000] {logging_mixin.py:188} INFO - [2026-09-22T16:21:35.064+0000] {dag.py:3947} INFO - Setting next_dagrun for latest_only to 2026-09-22 12:00:00+00:00, run_after=2026-09-22 16:00:00+00:00
[2026-09-22T16:21:35.129+0000] {processor.py:183} INFO - Processing /home/airflow/.local/lib/python3.12/site-packages/airflow/example_dags/example_latest_only.py took 0.152 seconds
[2026-09-22T16:22:05.660+0000] {processor.py:161} INFO - Started process (PID=387) to work on /home/airflow/.local/lib/python3.12/site-packages/airflow/example_dags/example_latest_only.py
[2026-09-22T16:22:05.661+0000] {processor.py:830} INFO - Processing file /home/airflow/.local/lib/python3.12/site-packages/airflow/example_dags/example_latest_only.py for tasks to queue
[2026-09-22T16:22:05.664+0000] {logging_mixin.py:188} INFO - [2026-09-22T16:22:05.664+0000] {dagbag.py:545} INFO - Filling up the DagBag from /home/airflow/.local/lib/python3.12/site-packages/airflow/example_dags/example_latest_only.py
[2026-09-22T16:22:05.671+0000] {processor.py:840} INFO - DAG(s) 'latest_only' retrieved from /home/airflow/.local/lib/python3.12/site-packages/airflow/example_dags/example_latest_only.py
[2026-09-22T16:22:05.699+0000] {logging_mixin.py:188} INFO - [2026-09-22T16:22:05.698+0000] {dag.py:3089} INFO - Sync 1 DAGs
[2026-09-22T16:22:05.725+0000] {logging_mixin.py:188} INFO - [2026-09-22T16:22:05.725+0000] {dag.py:3947} INFO - Setting next_dagrun for latest_only to 2026-09-22 12:00:00+00:00, run_after=2026-09-22 16:00:00+00:00
[2026-09-22T16:22:05.803+0000] {processor.py:183} INFO - Processing /home/airflow/.local/lib/python3.12/site-packages/airflow/example_dags/example_latest_only.py took 0.152 seconds
[2026-09-22T16:22:35.909+0000] {processor.py:161} INFO - Started process (PID=445) to work on /home/airflow/.local/lib/python3.12/site-packages/airflow/example_dags/example_latest_only.py
[2026-09-22T16:22:35.910+0000] {processor.py:830} INFO - Processing file /home/airflow/.local/lib/python3.12/site-packages/airflow/example_dags/example_latest_only.py for tasks to queue
[2026-09-22T16:22:35.913+0000] {logging_mixin.py:188} INFO - [2026-09-22T16:22:35.913+0000] {dagbag.py:545} INFO - Filling up the DagBag from /home/airflow/.local/lib/python3.12/site-packages/airflow/example_dags/example_latest_only.py
[2026-09-22T16:22:35.920+0000] {processor.py:840} INFO - DAG(s) 'latest_only' retrieved from /home/airflow/.local/lib/python3.12/site-packages/airflow/example_dags/example_latest_only.py
[2026-09-22T16:22:35.944+0000] {logging_mixin.py:188} INFO - [2026-09-22T16:22:35.944+0000] {dag.py:3089} INFO - Sync 1 DAGs
[2026-09-22T16:22:35.971+0000] {logging_mixin.py:188} INFO - [2026-09-22T16:22:35.970+0000] {dag.py:3947} INFO - Setting next_dagrun for latest_only to 2026-09-22 12:00:00+00:00, run_after=2026-09-22 16:00:00+00:00
[2026-09-22T16:22:36.054+0000] {processor.py:183} INFO - Processing /home/airflow/.local/lib/python3.12/site-packages/airflow/example_dags/example_latest_only.py took 0.153 seconds
[2026-09-22T16:23:06.741+0000] {processor.py:161} INFO - Started process (PID=503) to work on /home/airflow/.local/lib/python3.12/site-packages/airflow/example_dags/example_latest_only.py
[2026-09-22T16:23:06.743+0000] {processor.py:830} INFO - Processing file /home/airflow/.local/lib/python3.12/site-packages/airflow/example_dags/example_latest_only.py for tasks to queue
[2026-09-22T16:23:06.746+0000] {logging_mixin.py:188} INFO - [2026-09-22T16:23:06.745+0000] {dagbag.py:545} INFO - Filling up the DagBag from /home/airflow/.local/lib/python3.12/site-packages/airflow/example_dags/example_latest_only.py
[2026-09-22T16:23:06.754+0000] {processor.py:840} INFO - DAG(s) 'latest_only' retrieved from /home/airflow/.local/lib/python3.12/site-packages/airflow/example_dags/example_latest_only.py
[2026-09-22T16:23:06.781+0000] {logging_mixin.py:188} INFO - [2026-09-22T16:23:06.781+0000] {dag.py:3089} INFO - Sync 1 DAGs
[2026-09-22T16:23:06.822+0000] {logging_mixin.py:188} INFO - [2026-09-22T16:23:06.822+0000] {dag.py:3947} INFO - Setting next_dagrun for latest_only to 2026-09-22 12:00:00+00:00, run_after=2026-09-22 16:00:00+00:00
[2026-09-22T16:23:06.854+0000] {processor.py:183} INFO - Processing /home/airflow/.local/lib/python3.12/site-packages/airflow/example_dags/example_latest_only.py took 0.124 seconds
[2026-09-22T16:23:37.083+0000] {processor.py:161} INFO - Started process (PID=561) to work on /home/airflow/.local/lib/python3.12/site-packages/airflow/example_dags/example_latest_only.py
[2026-09-22T16:23:37.085+0000] {processor.py:830} INFO - Processing file /home/airflow/.local/lib/python3.12/site-packages/airflow/example_dags/example_latest_only.py for tasks to queue
[2026-09-22T16:23:37.088+0000] {logging_mixin.py:188} INFO - [2026-09-22T16:23:37.088+0000] {dagbag.py:545} INFO - Filling up the DagBag from /home/airflow/.local/lib/python3.12/site-packages/airflow/example_dags/example_latest_only.py
[2026-09-22T16:23:37.096+0000] {processor.py:840} INFO - DAG(s) 'latest_only' retrieved from /home/airflow/.local/lib/python3.12/site-packages/airflow/example_dags/example_latest_only.py
[2026-09-22T16:23:37.131+0000] {logging_mixin.py:188} INFO - [2026-09-22T16:23:37.131+0000] {dag.py:3089} INFO - Sync 1 DAGs
[2026-09-22T16:23:37.164+0000] {logging_mixin.py:188} INFO - [2026-09-22T16:23:37.163+0000] {dag.py:3947} INFO - Setting next_dagrun for latest_only to 2026-09-22 12:00:00+00:00, run_after=2026-09-22 16:00:00+00:00
[2026-09-22T16:23:37.246+0000] {processor.py:183} INFO - Processing /home/airflow/.local/lib/python3.12/site-packages/airflow/example_dags/example_latest_only.py took 0.175 seconds
[2026-09-22T16:24:08.143+0000] {processor.py:161} INFO - Started process (PID=619) to work on /home/airflow/.local/lib/python3.12/site-packages/airflow/example_dags/example_latest_only.py
[2026-09-22T16:24:08.146+0000] {processor.py:830} INFO - Processing file /home/airflow/.local/lib/python3.12/site-packages/airflow/example_dags/example_latest_only.py for tasks to queue
[2026-09-22T16:24:08.149+0000] {logging_mixin.py:188} INFO - [2026-09-22T16:24:08.149+0000] {dagbag.py:545} INFO - Filling up the DagBag from /home/airflow/.local/lib/python3.12/site-packages/airflow/example_dags/example_latest_only.py
[2026-09-22T16:24:08.158+0000] {processor.py:840} INFO - DAG(s) 'latest_only' retrieved from /home/airflow/.local/lib/python3.12/site-packages/airflow/example_dags/example_latest_only.py
[2026-09-22T16:24:08.191+0000] {logging_mixin.py:188} INFO - [2026-09-22T16:24:08.191+0000] {dag.py:3089} INFO - Sync 1 DAGs
[2026-09-22T16:24:08.227+0000] {logging_mixin.py:188} INFO - [2026-09-22T16:24:08.226+0000] {dag.py:3947} INFO - Setting next_dagrun for latest_only to 2026-09-22 12:00:00+00:00, run_after=2026-09-22 16:00:00+00:00
[2026-09-22T16:24:08.320+0000] {processor.py:183} INFO - Processing /home/airflow/.local/lib/python3.12/site-packages/airflow/example_dags/example_latest_only.py took 0.189 seconds
[2026-09-22T16:24:38.710+0000] {processor.py:161} INFO - Started process (PID=677) to work on /home/airflow/.local/lib/python3.12/site-packages/airflow/example_dags/example_latest_only.py
[2026-09-22T16:24:38.712+0000] {processor.py:830} INFO - Processing file /home/airflow/.local/lib/python3.12/site-packages/airflow/example_dags/example_latest_only.py for tasks to queue
[2026-09-22T16:24:38.715+0000] {logging_mixin.py:188} INFO - [2026-09-22T16:24:38.715+0000] {dagbag.py:545} INFO - Filling up the DagBag from /home/airflow/.local/lib/python3.12/site-packages/airflow/example_dags/example_latest_only.py
[2026-09-22T16:24:38.725+0000] {processor.py:840} INFO - DAG(s) 'latest_only' retrieved from /home/airflow/.local/lib/python3.12/site-packages/airflow/example_dags/example_latest_only.py
[2026-09-22T16:24:38.756+0000] {logging_mixin.py:188} INFO - [2026-09-22T16:24:38.755+0000] {dag.py:3089} INFO - Sync 1 DAGs
[2026-09-22T16:24:38.784+0000] {logging_mixin.py:188} INFO - [2026-09-22T16:24:38.784+0000] {dag.py:3947} INFO - Setting next_dagrun for latest_only to 2026-09-22 12:00:00+00:00, run_after=2026-09-22 16:00:00+00:00
[2026-09-22T16:24:38.880+0000] {processor.py:183} INFO - Processing /home/airflow/.local/lib/python3.12/site-packages/airflow/example_dags/example_latest_only.py took 0.179 seconds
[2026-09-22T16:25:08.989+0000] {processor.py:161} INFO - Started process (PID=735) to work on /home/airflow/.local/lib/python3.12/site-packages/airflow/example_dags/example_latest_only.py
[2026-09-22T16:25:08.990+0000] {processor.py:830} INFO - Processing file /home/airflow/.local/lib/python3.12/site-packages/airflow/example_dags/example_latest_only.py for tasks to queue
[2026-09-22T16:25:08.992+0000] {logging_mixin.py:188} INFO - [2026-09-22T16:25:08.992+0000] {dagbag.py:545} INFO - Filling up the DagBag from /home/airflow/.local/lib/python3.12/site-packages/airflow/example_dags/example_latest_only.py
[2026-09-22T16:25:08.999+0000] {processor.py:840} INFO - DAG(s) 'latest_only' retrieved from /home/airflow/.local/lib/python3.12/site-packages/airflow/example_dags/example_latest_only.py
[2026-09-22T16:25:09.028+0000] {logging_mixin.py:188} INFO - [2026-09-22T16:25:09.027+0000] {dag.py:3089} INFO - Sync 1 DAGs
[2026-09-22T16:25:09.053+0000] {logging_mixin.py:188} INFO - [2026-09-22T16:25:09.053+0000] {dag.py:3947} INFO - Setting next_dagrun for latest_only to 2026-09-22 12:00:00+00:00, run_after=2026-09-22 16:00:00+00:00
[2026-09-22T16:25:09.080+0000] {processor.py:183} INFO - Processing /home/airflow/.local/lib/python3.12/site-packages/airflow/example_dags/example_latest_only.py took 0.099 seconds
[2026-09-22T16:25:39.656+0000] {processor.py:161} INFO - Started process (PID=793) to work on /home/airflow/.local/lib/python3.12/site-packages/airflow/example_dags/example_latest_only.py
[2026-09-22T16:25:39.658+0000] {processor.py:830} INFO - Processing file /home/airflow/.local/lib/python3.12/site-packages/airflow/example_dags/example_latest_only.py for tasks to queue
[2026-09-22T16:25:39.664+0000] {logging_mixin.py:188} INFO - [2026-09-22T16:25:39.663+0000] {dagbag.py:545} INFO - Filling up the DagBag from /home/airflow/.local/lib/python3.12/site-packages/airflow/example_dags/example_latest_only.py
[2026-09-22T16:25:39.677+0000] {processor.py:840} INFO - DAG(s) 'latest_only' retrieved from /home/airflow/.local/lib/python3.12/site-packages/airflow/example_dags/example_latest_only.py
[2026-09-22T16:25:39.723+0000] {logging_mixin.py:188} INFO - [2026-09-22T16:25:39.723+0000] {dag.py:3089} INFO - Sync 1 DAGs
[2026-09-22T16:25:39.767+0000] {logging_mixin.py:188} INFO - [2026-09-22T16:25:39.767+0000] {dag.py:3947} INFO - Setting next_dagrun for latest_only to 2026-09-22 12:00:00+00:00, run_after=2026-09-22 16:00:00+00:00
[2026-09-22T16:25:39.811+0000] {processor.py:183} INFO - Processing /home/airflow/.local/lib/python3.12/site-packages/airflow/example_dags/example_latest_only.py took 0.167 seconds
[2026-09-22T16:26:10.491+0000] {processor.py:161} INFO - Started process (PID=851) to work on /home/airflow/.local/lib/python3.12/site-packages/airflow/example_dags/example_latest_only.py
[2026-09-22T16:26:10.494+0000] {processor.py:830} INFO - Processing file /home/airflow/.local/lib/python3.12/site-packages/airflow/example_dags/example_latest_only.py for tasks to queue
[2026-09-22T16:26:10.498+0000] {logging_mixin.py:188} INFO - [2026-09-22T16:26:10.497+0000] {dagbag.py:545} INFO - Filling up the DagBag from /home/airflow/.local/lib/python3.12/site-packages/airflow/example_dags/example_latest_only.py
[2026-09-22T16:26:10.505+0000] {processor.py:840} INFO - DAG(s) 'latest_only' retrieved from /home/airflow/.local/lib/python3.12/site-packages/airflow/example_dags/example_latest_only.py
[2026-09-22T16:26:10.530+0000] {logging_mixin.py:188} INFO - [2026-09-22T16:26:10.530+0000] {dag.py:3089} INFO - Sync 1 DAGs
[2026-09-22T16:26:10.562+0000] {logging_mixin.py:188} INFO - [2026-09-22T16:26:10.562+0000] {dag.py:3947} INFO - Setting next_dagrun for latest_only to 2026-09-22 12:00:00+00:00, run_after=2026-09-22 16:00:00+00:00
[2026-09-22T16:26:10.645+0000] {processor.py:183} INFO - Processing /home/airflow/.local/lib/python3.12/site-packages/airflow/example_dags/example_latest_only.py took 0.166 seconds
[2026-09-22T16:26:41.526+0000] {processor.py:161} INFO - Started process (PID=909) to work on /home/airflow/.local/lib/python3.12/site-packages/airflow/example_dags/example_latest_only.py
[2026-09-22T16:26:41.529+0000] {processor.py:830} INFO - Processing file /home/airflow/.local/lib/python3.12/site-packages/airflow/example_dags/example_latest_only.py for tasks to queue
[2026-09-22T16:26:41.533+0000] {logging_mixin.py:188} INFO - [2026-09-22T16:26:41.533+0000] {dagbag.py:545} INFO - Filling up the DagBag from /home/airflow/.local/lib/python3.12/site-packages/airflow/example_dags/example_latest_only.py
[2026-09-22T16:26:41.540+0000] {processor.py:840} INFO - DAG(s) 'latest_only' retrieved from /home/airflow/.local/lib/python3.12/site-packages/airflow/example_dags/example_latest_only.py
[2026-09-22T16:26:41.568+0000] {logging_mixin.py:188} INFO - [2026-09-22T16:26:41.567+0000] {dag.py:3089} INFO - Sync 1 DAGs
[2026-09-22T16:26:41.605+0000] {logging_mixin.py:188} INFO - [2026-09-22T16:26:41.604+0000] {dag.py:3947} INFO - Setting next_dagrun for latest_only to 2026-09-22 12:00:00+00:00, run_after=2026-09-22 16:00:00+00:00
[2026-09-22T16:26:41.654+0000] {processor.py:183} INFO - Processing /home/airflow/.local/lib/python3.12/site-packages/airflow/example_dags/example_latest_only.py took 0.137 seconds
[2026-09-22T16:27:12.062+0000] {processor.py:161} INFO - Started process (PID=967) to work on /home/airflow/.local/lib/python3.12/site-packages/airflow/example_dags/example_latest_only.py
[2026-09-22T16:27:12.067+0000] {processor.py:830} INFO - Processing file /home/airflow/.local/lib/python3.12/site-packages/airflow/example_dags/example_latest_only.py for tasks to queue
[2026-09-22T16:27:12.073+0000] {logging_mixin.py:188} INFO - [2026-09-22T16:27:12.072+0000] {dagbag.py:545} INFO - Filling up the DagBag from /home/airflow/.local/lib/python3.12/site-packages/airflow/example_dags/example_latest_only.py
[2026-09-22T16:27:12.084+0000] {processor.py:840} INFO - DAG(s) 'latest_only' retrieved from /home/airflow/.local/lib/python3.12/site-packages/airflow/example_dags/example_latest_only.py
[2026-09-22T16:27:12.116+0000] {logging_mixin.py:188} INFO - [2026-09-22T16:27:12.115+0000] {dag.py:3089} INFO - Sync 1 DAGs
[2026-09-22T16:27:12.150+0000] {logging_mixin.py:188} INFO - [2026-09-22T16:27:12.149+0000] {dag.py:3947} INFO - Setting next_dagrun for latest_only to 2026-09-22 12:00:00+00:00, run_after=2026-09-22 16:00:00+00:00
[2026-09-22T16:27:12.180+0000] {processor.py:183} INFO - Processing /home/airflow/.local/lib/python3.12/site-packages/airflow/example_dags/example_latest_only.py took 0.135 seconds
[2026-09-22T16:27:42.268+0000] {processor.py:161} INFO - Started process (PID=1025) to work on /home/airflow/.local/lib/python3.12/site-packages/airflow/example_dags/example_latest_only.py
[2026-09-22T16:27:42.270+0000] {processor.py:830} INFO - Processing file /home/airflow/.local/lib/python3.12/site-packages/airflow/example_dags/example_latest_only.py for tasks to queue
[2026-09-22T16:27:42.273+0000] {logging_mixin.py:188} INFO - [2026-09-22T16:27:42.273+0000] {dagbag.py:545} INFO - Filling up the DagBag from /home/airflow/.local/lib/python3.12/site-packages/airflow/example_dags/example_latest_only.py
[2026-09-22T16:27:42.285+0000] {processor.py:840} INFO - DAG(s) 'latest_only' retrieved from /home/airflow/.local/lib/python3.12/site-packages/airflow/example_dags/example_latest_only.py
[2026-09-22T16:27:42.321+0000] {logging_mixin.py:188} INFO - [2026-09-22T16:27:42.321+0000] {dag.py:3089} INFO - Sync 1 DAGs
[2026-09-22T16:27:42.359+0000] {logging_mixin.py:188} INFO - [2026-09-22T16:27:42.358+0000] {dag.py:3947} INFO - Setting next_dagrun for latest_only to 2026-09-22 12:00:00+00:00, run_after=2026-09-22 16:00:00+00:00
[2026-09-22T16:27:42.443+0000] {processor.py:183} INFO - Processing /home/airflow/.local/lib/python3.12/site-packages/airflow/example_dags/example_latest_only.py took 0.186 seconds
[2026-09-22T16:28:12.581+0000] {processor.py:161} INFO - Started process (PID=1083) to work on /home/airflow/.local/lib/python3.12/site-packages/airflow/example_dags/example_latest_only.py
[2026-09-22T16:28:12.582+0000] {processor.py:830} INFO - Processing file /home/airflow/.local/lib/python3.12/site-packages/airflow/example_dags/example_latest_only.py for tasks to queue
[2026-09-22T16:28:12.586+0000] {logging_mixin.py:188} INFO - [2026-09-22T16:28:12.585+0000] {dagbag.py:545} INFO - Filling up the DagBag from /home/airflow/.local/lib/python3.12/site-packages/airflow/example_dags/example_latest_only.py
[2026-09-22T16:28:12.594+0000] {processor.py:840} INFO - DAG(s) 'latest_only' retrieved from /home/airflow/.local/lib/python3.12/site-packages/airflow/example_dags/example_latest_only.py
[2026-09-22T16:28:12.625+0000] {logging_mixin.py:188} INFO - [2026-09-22T16:28:12.625+0000] {dag.py:3089} INFO - Sync 1 DAGs
[2026-09-22T16:28:12.673+0000] {logging_mixin.py:188} INFO - [2026-09-22T16:28:12.673+0000] {dag.py:3947} INFO - Setting next_dagrun for latest_only to 2026-09-22 12:00:00+00:00, run_after=2026-09-22 16:00:00+00:00
[2026-09-22T16:28:12.753+0000] {processor.py:183} INFO - Processing /home/airflow/.local/lib/python3.12/site-packages/airflow/example_dags/example_latest_only.py took 0.183 seconds
[2026-09-22T16:28:43.678+0000] {processor.py:161} INFO - Started process (PID=1141) to work on /home/airflow/.local/lib/python3.12/site-packages/airflow/example_dags/example_latest_only.py
[2026-09-22T16:28:43.680+0000] {processor.py:830} INFO - Processing file /home/airflow/.local/lib/python3.12/site-packages/airflow/example_dags/example_latest_only.py for tasks to queue
[2026-09-22T16:28:43.683+0000] {logging_mixin.py:188} INFO - [2026-09-22T16:28:43.682+0000] {dagbag.py:545} INFO - Filling up the DagBag from /home/airflow/.local/lib/python3.12/site-packages/airflow/example_dags/example_latest_only.py
[2026-09-22T16:28:43.689+0000] {processor.py:840} INFO - DAG(s) 'latest_only' retrieved from /home/airflow/.local/lib/python3.12/site-packages/airflow/example_dags/example_latest_only.py
[2026-09-22T16:28:43.718+0000] {logging_mixin.py:188} INFO - [2026-09-22T16:28:43.718+0000] {dag.py:3089} INFO - Sync 1 DAGs
[2026-09-22T16:28:43.747+0000] {logging_mixin.py:188} INFO - [2026-09-22T16:28:43.747+0000] {dag.py:3947} INFO - Setting next_dagrun for latest_only to 2026-09-22 12:00:00+00:00, run_after=2026-09-22 16:00:00+00:00
[2026-09-22T16:28:43.830+0000] {processor.py:183} INFO - Processing /home/airflow/.local/lib/python3.12/site-packages/airflow/example_dags/example_latest_only.py took 0.163 seconds
[2026-09-22T16:29:14.247+0000] {processor.py:161} INFO - Started process (PID=1199) to work on /home/airflow/.local/lib/python3.12/site-packages/airflow/example_dags/example_latest_only.py
[2026-09-22T16:29:14.248+0000] {processor.py:830} INFO - Processing file /home/airflow/.local/lib/python3.12/site-packages/airflow/example_dags/example_latest_only.py for tasks to queue
[2026-09-22T16:29:14.251+0000] {logging_mixin.py:188} INFO - [2026-09-22T16:29:14.251+0000] {dagbag.py:545} INFO - Filling up the DagBag from /home/airflow/.local/lib/python3.12/site-packages/airflow/example_dags/example_latest_only.py
[2026-09-22T16:29:14.257+0000] {processor.py:840} INFO - DAG(s) 'latest_only' retrieved from /home/airflow/.local/lib/python3.12/site-packages/airflow/example_dags/example_latest_only.py
[2026-09-22T16:29:14.285+0000] {logging_mixin.py:188} INFO - [2026-09-22T16:29:14.285+0000] {dag.py:3089} INFO - Sync 1 DAGs
[2026-09-22T16:29:14.311+0000] {logging_mixin.py:188} INFO - [2026-09-22T16:29:14.311+0000] {dag.py:3947} INFO - Setting next_dagrun for latest_only to 2026-09-22 12:00:00+00:00, run_after=2026-09-22 16:00:00+00:00
[2026-09-22T16:29:14.346+0000] {processor.py:183} INFO - Processing /home/airflow/.local/lib/python3.12/site-packages/airflow/example_dags/example_latest_only.py took 0.108 seconds
[2026-09-22T16:29:44.842+0000] {processor.py:161} INFO - Started process (PID=1256) to work on /home/airflow/.local/lib/python3.12/site-packages/airflow/example_dags/example_latest_only.py
[2026-09-22T16:29:44.844+0000] {processor.py:830} INFO - Processing file /home/airflow/.local/lib/python3.12/site-packages/airflow/example_dags/example_latest_only.py for tasks to queue
[2026-09-22T16:29:44.847+0000] {logging_mixin.py:188} INFO - [2026-09-22T16:29:44.846+0000] {dagbag.py:545} INFO - Filling up the DagBag from /home/airflow/.local/lib/python3.12/site-packages/airflow/example_dags/example_latest_only.py
[2026-09-22T16:29:44.862+0000] {processor.py:840} INFO - DAG(s) 'latest_only' retrieved from /home/airflow/.local/lib/python3.12/site-packages/airflow/example_dags/example_latest_only.py
[2026-09-22T16:29:44.893+0000] {logging_mixin.py:188} INFO - [2026-09-22T16:29:44.893+0000] {dag.py:3089} INFO - Sync 1 DAGs
[2026-09-22T16:29:44.927+0000] {logging_mixin.py:188} INFO - [2026-09-22T16:29:44.927+0000] {dag.py:3947} INFO - Setting next_dagrun for latest_only to 2026-09-22 12:00:00+00:00, run_after=2026-09-22 16:00:00+00:00
[2026-09-22T16:29:45.033+0000] {processor.py:183} INFO - Processing /home/airflow/.local/lib/python3.12/site-packages/airflow/example_dags/example_latest_only.py took 0.197 seconds
[2026-09-22T16:30:15.162+0000] {processor.py:161} INFO - Started process (PID=1314) to work on /home/airflow/.local/lib/python3.12/site-packages/airflow/example_dags/example_latest_only.py
[2026-09-22T16:30:15.164+0000] {processor.py:830} INFO - Processing file /home/airflow/.local/lib/python3.12/site-packages/airflow/example_dags/example_latest_only.py for tasks to queue
[2026-09-22T16:30:15.169+0000] {logging_mixin.py:188} INFO - [2026-09-22T16:30:15.169+0000] {dagbag.py:545} INFO - Filling up the DagBag from /home/airflow/.local/lib/python3.12/site-packages/airflow/example_dags/example_latest_only.py
[2026-09-22T16:30:15.176+0000] {processor.py:840} INFO - DAG(s) 'latest_only' retrieved from /home/airflow/.local/lib/python3.12/site-packages/airflow/example_dags/example_latest_only.py
[2026-09-22T16:30:15.212+0000] {logging_mixin.py:188} INFO - [2026-09-22T16:30:15.211+0000] {dag.py:3089} INFO - Sync 1 DAGs
[2026-09-22T16:30:15.255+0000] {logging_mixin.py:188} INFO - [2026-09-22T16:30:15.255+0000] {dag.py:3947} INFO - Setting next_dagrun for latest_only to 2026-09-22 12:00:00+00:00, run_after=2026-09-22 16:00:00+00:00
[2026-09-22T16:30:15.339+0000] {processor.py:183} INFO - Processing /home/airflow/.local/lib/python3.12/site-packages/airflow/example_dags/example_latest_only.py took 0.186 seconds
[2026-09-22T16:30:45.732+0000] {processor.py:161} INFO - Started process (PID=1372) to work on /home/airflow/.local/lib/python3.12/site-packages/airflow/example_dags/example_latest_only.py
[2026-09-22T16:30:45.735+0000] {processor.py:830} INFO - Processing file /home/airflow/.local/lib/python3.12/site-packages/airflow/example_dags/example_latest_only.py for tasks to queue
[2026-09-22T16:30:45.739+0000] {logging_mixin.py:188} INFO - [2026-09-22T16:30:45.738+0000] {dagbag.py:545} INFO - Filling up the DagBag from /home/airflow/.local/lib/python3.12/site-packages/airflow/example_dags/example_latest_only.py
[2026-09-22T16:30:45.748+0000] {processor.py:840} INFO - DAG(s) 'latest_only' retrieved from /home/airflow/.local/lib/python3.12/site-packages/airflow/example_dags/example_latest_only.py
[2026-09-22T16:30:45.789+0000] {logging_mixin.py:188} INFO - [2026-09-22T16:30:45.789+0000] {dag.py:3089} INFO - Sync 1 DAGs
[2026-09-22T16:30:45.821+0000] {logging_mixin.py:188} INFO - [2026-09-22T16:30:45.821+0000] {dag.py:3947} INFO - Setting next_dagrun for latest_only to 2026-09-22 12:00:00+00:00, run_after=2026-09-22 16:00:00+00:00
[2026-09-22T16:30:45.853+0000] {processor.py:183} INFO - Processing /home/airflow/.local/lib/python3.12/site-packages/airflow/example_dags/example_latest_only.py took 0.129 seconds
[2026-09-22T16:31:16.705+0000] {processor.py:161} INFO - Started process (PID=1430) to work on /home/airflow/.local/lib/python3.12/site-packages/airflow/example_dags/example_latest_only.py
[2026-09-22T16:31:16.708+0000] {processor.py:830} INFO - Processing file /home/airflow/.local/lib/python3.12/site-packages/airflow/example_dags/example_latest_only.py for tasks to queue
[2026-09-22T16:31:16.714+0000] {logging_mixin.py:188} INFO - [2026-09-22T16:31:16.713+0000] {dagbag.py:545} INFO - Filling up the DagBag from /home/airflow/.local/lib/python3.12/site-packages/airflow/example_dags/example_latest_only.py
[2026-09-22T16:31:16.724+0000] {processor.py:840} INFO - DAG(s) 'latest_only' retrieved from /home/airflow/.local/lib/python3.12/site-packages/airflow/example_dags/example_latest_only.py
[2026-09-22T16:31:16.755+0000] {logging_mixin.py:188} INFO - [2026-09-22T16:31:16.755+0000] {dag.py:3089} INFO - Sync 1 DAGs
[2026-09-22T16:31:16.789+0000] {logging_mixin.py:188} INFO - [2026-09-22T16:31:16.789+0000] {dag.py:3947} INFO - Setting next_dagrun for latest_only to 2026-09-22 12:00:00+00:00, run_after=2026-09-22 16:00:00+00:00
[2026-09-22T16:31:16.827+0000] {processor.py:183} INFO - Processing /home/airflow/.local/lib/python3.12/site-packages/airflow/example_dags/example_latest_only.py took 0.137 seconds
[2026-09-22T16:31:47.061+0000] {processor.py:161} INFO - Started process (PID=1488) to work on /home/airflow/.local/lib/python3.12/site-packages/airflow/example_dags/example_latest_only.py
[2026-09-22T16:31:47.063+0000] {processor.py:830} INFO - Processing file /home/airflow/.local/lib/python3.12/site-packages/airflow/example_dags/example_latest_only.py for tasks to queue
[2026-09-22T16:31:47.066+0000] {logging_mixin.py:188} INFO - [2026-09-22T16:31:47.065+0000] {dagbag.py:545} INFO - Filling up the DagBag from /home/airflow/.local/lib/python3.12/site-packages/airflow/example_dags/example_latest_only.py
[2026-09-22T16:31:47.078+0000] {processor.py:840} INFO - DAG(s) 'latest_only' retrieved from /home/airflow/.local/lib/python3.12/site-packages/airflow/example_dags/example_latest_only.py
[2026-09-22T16:31:47.123+0000] {logging_mixin.py:188} INFO - [2026-09-22T16:31:47.123+0000] {dag.py:3089} INFO - Sync 1 DAGs
[2026-09-22T16:31:47.164+0000] {logging_mixin.py:188} INFO - [2026-09-22T16:31:47.163+0000] {dag.py:3947} INFO - Setting next_dagrun for latest_only to 2026-09-22 12:00:00+00:00, run_after=2026-09-22 16:00:00+00:00
[2026-09-22T16:31:47.230+0000] {processor.py:183} INFO - Processing /home/airflow/.local/lib/python3.12/site-packages/airflow/example_dags/example_latest_only.py took 0.185 seconds
[2026-09-22T16:32:17.416+0000] {processor.py:161} INFO - Started process (PID=1546) to work on /home/airflow/.local/lib/python3.12/site-packages/airflow/example_dags/example_latest_only.py
[2026-09-22T16:32:17.420+0000] {processor.py:830} INFO - Processing file /home/airflow/.local/lib/python3.12/site-packages/airflow/example_dags/example_latest_only.py for tasks to queue
[2026-09-22T16:32:17.427+0000] {logging_mixin.py:188} INFO - [2026-09-22T16:32:17.425+0000] {dagbag.py:545} INFO - Filling up the DagBag from /home/airflow/.local/lib/python3.12/site-packages/airflow/example_dags/example_latest_only.py
[2026-09-22T16:32:17.438+0000] {processor.py:840} INFO - DAG(s) 'latest_only' retrieved from /home/airflow/.local/lib/python3.12/site-packages/airflow/example_dags/example_latest_only.py
[2026-09-22T16:32:17.465+0000] {logging_mixin.py:188} INFO - [2026-09-22T16:32:17.465+0000] {dag.py:3089} INFO - Sync 1 DAGs
[2026-09-22T16:32:17.530+0000] {logging_mixin.py:188} INFO - [2026-09-22T16:32:17.529+0000] {dag.py:3947} INFO - Setting next_dagrun for latest_only to 2026-09-22 12:00:00+00:00, run_after=2026-09-22 16:00:00+00:00
[2026-09-22T16:32:17.626+0000] {processor.py:183} INFO - Processing /home/airflow/.local/lib/python3.12/site-packages/airflow/example_dags/example_latest_only.py took 0.221 seconds
[2026-09-22T16:32:48.508+0000] {processor.py:161} INFO - Started process (PID=1604) to work on /home/airflow/.local/lib/python3.12/site-packages/airflow/example_dags/example_latest_only.py
[2026-09-22T16:32:48.510+0000] {processor.py:830} INFO - Processing file /home/airflow/.local/lib/python3.12/site-packages/airflow/example_dags/example_latest_only.py for tasks to queue
[2026-09-22T16:32:48.513+0000] {logging_mixin.py:188} INFO - [2026-09-22T16:32:48.513+0000] {dagbag.py:545} INFO - Filling up the DagBag from /home/airflow/.local/lib/python3.12/site-packages/airflow/example_dags/example_latest_only.py
[2026-09-22T16:32:48.523+0000] {processor.py:840} INFO - DAG(s) 'latest_only' retrieved from /home/airflow/.local/lib/python3.12/site-packages/airflow/example_dags/example_latest_only.py
[2026-09-22T16:32:48.557+0000] {logging_mixin.py:188} INFO - [2026-09-22T16:32:48.557+0000] {dag.py:3089} INFO - Sync 1 DAGs
[2026-09-22T16:32:48.593+0000] {logging_mixin.py:188} INFO - [2026-09-22T16:32:48.592+0000] {dag.py:3947} INFO - Setting next_dagrun for latest_only to 2026-09-22 12:00:00+00:00, run_after=2026-09-22 16:00:00+00:00
[2026-09-22T16:32:48.641+0000] {processor.py:183} INFO - Processing /home/airflow/.local/lib/python3.12/site-packages/airflow/example_dags/example_latest_only.py took 0.147 seconds
[2026-09-22T16:33:18.693+0000] {processor.py:161} INFO - Started process (PID=1662) to work on /home/airflow/.local/lib/python3.12/site-packages/airflow/example_dags/example_latest_only.py
[2026-09-22T16:33:18.694+0000] {processor.py:830} INFO - Processing file /home/airflow/.local/lib/python3.12/site-packages/airflow/example_dags/example_latest_only.py for tasks to queue
[2026-09-22T16:33:18.697+0000] {logging_mixin.py:188} INFO - [2026-09-22T16:33:18.697+0000] {dagbag.py:545} INFO - Filling up the DagBag from /home/airflow/.local/lib/python3.12/site-packages/airflow/example_dags/example_latest_only.py
[2026-09-22T16:33:18.705+0000] {processor.py:840} INFO - DAG(s) 'latest_only' retrieved from /home/airflow/.local/lib/python3.12/site-packages/airflow/example_dags/example_latest_only.py
[2026-09-22T16:33:18.728+0000] {logging_mixin.py:188} INFO - [2026-09-22T16:33:18.728+0000] {dag.py:3089} INFO - Sync 1 DAGs
[2026-09-22T16:33:18.757+0000] {logging_mixin.py:188} INFO - [2026-09-22T16:33:18.757+0000] {dag.py:3947} INFO - Setting next_dagrun for latest_only to 2026-09-22 12:00:00+00:00, run_after=2026-09-22 16:00:00+00:00
[2026-09-22T16:33:18.782+0000] {processor.py:183} INFO - Processing /home/airflow/.local/lib/python3.12/site-packages/airflow/example_dags/example_latest_only.py took 0.097 seconds
[2026-09-22T16:33:50.014+0000] {processor.py:161} INFO - Started process (PID=1720) to work on /home/airflow/.local/lib/python3.12/site-packages/airflow/example_dags/example_latest_only.py
[2026-09-22T16:33:50.015+0000] {processor.py:830} INFO - Processing file /home/airflow/.local/lib/python3.12/site-packages/airflow/example_dags/example_latest_only.py for tasks to queue
[2026-09-22T16:33:50.019+0000] {logging_mixin.py:188} INFO - [2026-09-22T16:33:50.019+0000] {dagbag.py:545} INFO - Filling up the DagBag from /home/airflow/.local/lib/python3.12/site-packages/airflow/example_dags/example_latest_only.py
[2026-09-22T16:33:50.030+0000] {processor.py:840} INFO - DAG(s) 'latest_only' retrieved from /home/airflow/.local/lib/python3.12/site-packages/airflow/example_dags/example_latest_only.py
[2026-09-22T16:33:50.065+0000] {logging_mixin.py:188} INFO - [2026-09-22T16:33:50.065+0000] {dag.py:3089} INFO - Sync 1 DAGs
[2026-09-22T16:33:50.105+0000] {logging_mixin.py:188} INFO - [2026-09-22T16:33:50.105+0000] {dag.py:3947} INFO - Setting next_dagrun for latest_only to 2026-09-22 12:00:00+00:00, run_after=2026-09-22 16:00:00+00:00
[2026-09-22T16:33:50.140+0000] {processor.py:183} INFO - Processing /home/airflow/.local/lib/python3.12/site-packages/airflow/example_dags/example_latest_only.py took 0.134 seconds
[2026-09-22T16:34:21.342+0000] {processor.py:161} INFO - Started process (PID=1778) to work on /home/airflow/.local/lib/python3.12/site-packages/airflow/example_dags/example_latest_only.py
[2026-09-22T16:34:21.345+0000] {processor.py:830} INFO - Processing file /home/airflow/.local/lib/python3.12/site-packages/airflow/example_dags/example_latest_only.py for tasks to queue
[2026-09-22T16:34:21.348+0000] {logging_mixin.py:188} INFO - [2026-09-22T16:34:21.348+0000] {dagbag.py:545} INFO - Filling up the DagBag from /home/airflow/.local/lib/python3.12/site-packages/airflow/example_dags/example_latest_only.py
[2026-09-22T16:34:21.355+0000] {processor.py:840} INFO - DAG(s) 'latest_only' retrieved from /home/airflow/.local/lib/python3.12/site-packages/airflow/example_dags/example_latest_only.py
[2026-09-22T16:34:21.382+0000] {logging_mixin.py:188} INFO - [2026-09-22T16:34:21.382+0000] {dag.py:3089} INFO - Sync 1 DAGs
[2026-09-22T16:34:21.414+0000] {logging_mixin.py:188} INFO - [2026-09-22T16:34:21.413+0000] {dag.py:3947} INFO - Setting next_dagrun for latest_only to 2026-09-22 12:00:00+00:00, run_after=2026-09-22 16:00:00+00:00
[2026-09-22T16:34:21.499+0000] {processor.py:183} INFO - Processing /home/airflow/.local/lib/python3.12/site-packages/airflow/example_dags/example_latest_only.py took 0.170 seconds
[2026-09-22T16:34:52.520+0000] {processor.py:161} INFO - Started process (PID=1836) to work on /home/airflow/.local/lib/python3.12/site-packages/airflow/example_dags/example_latest_only.py
[2026-09-22T16:34:52.522+0000] {processor.py:830} INFO - Processing file /home/airflow/.local/lib/python3.12/site-packages/airflow/example_dags/example_latest_only.py for tasks to queue
[2026-09-22T16:34:52.527+0000] {logging_mixin.py:188} INFO - [2026-09-22T16:34:52.526+0000] {dagbag.py:545} INFO - Filling up the DagBag from /home/airflow/.local/lib/python3.12/site-packages/airflow/example_dags/example_latest_only.py
[2026-09-22T16:34:52.537+0000] {processor.py:840} INFO - DAG(s) 'latest_only' retrieved from /home/airflow/.local/lib/python3.12/site-packages/airflow/example_dags/example_latest_only.py
[2026-09-22T16:34:52.576+0000] {logging_mixin.py:188} INFO - [2026-09-22T16:34:52.576+0000] {dag.py:3089} INFO - Sync 1 DAGs
[2026-09-22T16:34:52.614+0000] {logging_mixin.py:188} INFO - [2026-09-22T16:34:52.614+0000] {dag.py:3947} INFO - Setting next_dagrun for latest_only to 2026-09-22 12:00:00+00:00, run_after=2026-09-22 16:00:00+00:00
[2026-09-22T16:34:52.644+0000] {processor.py:183} INFO - Processing /home/airflow/.local/lib/python3.12/site-packages/airflow/example_dags/example_latest_only.py took 0.134 seconds
[2026-09-22T16:35:23.030+0000] {processor.py:161} INFO - Started process (PID=1894) to work on /home/airflow/.local/lib/python3.12/site-packages/airflow/example_dags/example_latest_only.py
[2026-09-22T16:35:23.032+0000] {processor.py:830} INFO - Processing file /home/airflow/.local/lib/python3.12/site-packages/airflow/example_dags/example_latest_only.py for tasks to queue
[2026-09-22T16:35:23.036+0000] {logging_mixin.py:188} INFO - [2026-09-22T16:35:23.035+0000] {dagbag.py:545} INFO - Filling up the DagBag from /home/airflow/.local/lib/python3.12/site-packages/airflow/example_dags/example_latest_only.py
[2026-09-22T16:35:23.044+0000] {processor.py:840} INFO - DAG(s) 'latest_only' retrieved from /home/airflow/.local/lib/python3.12/site-packages/airflow/example_dags/example_latest_only.py
[2026-09-22T16:35:23.074+0000] {logging_mixin.py:188} INFO - [2026-09-22T16:35:23.074+0000] {dag.py:3089} INFO - Sync 1 DAGs
[2026-09-22T16:35:23.111+0000] {logging_mixin.py:188} INFO - [2026-09-22T16:35:23.110+0000] {dag.py:3947} INFO - Setting next_dagrun for latest_only to 2026-09-22 12:00:00+00:00, run_after=2026-09-22 16:00:00+00:00
[2026-09-22T16:35:23.207+0000] {processor.py:183} INFO - Processing /home/airflow/.local/lib/python3.12/site-packages/airflow/example_dags/example_latest_only.py took 0.186 seconds
[2026-09-22T16:35:53.722+0000] {processor.py:161} INFO - Started process (PID=1952) to work on /home/airflow/.local/lib/python3.12/site-packages/airflow/example_dags/example_latest_only.py
[2026-09-22T16:35:53.728+0000] {processor.py:830} INFO - Processing file /home/airflow/.local/lib/python3.12/site-packages/airflow/example_dags/example_latest_only.py for tasks to queue
[2026-09-22T16:35:53.737+0000] {logging_mixin.py:188} INFO - [2026-09-22T16:35:53.736+0000] {dagbag.py:545} INFO - Filling up the DagBag from /home/airflow/.local/lib/python3.12/site-packages/airflow/example_dags/example_latest_only.py
[2026-09-22T16:35:53.752+0000] {processor.py:840} INFO - DAG(s) 'latest_only' retrieved from /home/airflow/.local/lib/python3.12/site-packages/airflow/example_dags/example_latest_only.py
[2026-09-22T16:35:53.792+0000] {logging_mixin.py:188} INFO - [2026-09-22T16:35:53.791+0000] {dag.py:3089} INFO - Sync 1 DAGs
[2026-09-22T16:35:53.840+0000] {logging_mixin.py:188} INFO - [2026-09-22T16:35:53.839+0000] {dag.py:3947} INFO - Setting next_dagrun for latest_only to 2026-09-22 12:00:00+00:00, run_after=2026-09-22 16:00:00+00:00
[2026-09-22T16:35:53.887+0000] {processor.py:183} INFO - Processing /home/airflow/.local/lib/python3.12/site-packages/airflow/example_dags/example_latest_only.py took 0.193 seconds
[2026-09-22T16:36:24.530+0000] {processor.py:161} INFO - Started process (PID=2010) to work on /home/airflow/.local/lib/python3.12/site-packages/airflow/example_dags/example_latest_only.py
[2026-09-22T16:36:24.532+0000] {processor.py:830} INFO - Processing file /home/airflow/.local/lib/python3.12/site-packages/airflow/example_dags/example_latest_only.py for tasks to queue
[2026-09-22T16:36:24.535+0000] {logging_mixin.py:188} INFO - [2026-09-22T16:36:24.535+0000] {dagbag.py:545} INFO - Filling up the DagBag from /home/airflow/.local/lib/python3.12/site-packages/airflow/example_dags/example_latest_only.py
[2026-09-22T16:36:24.543+0000] {processor.py:840} INFO - DAG(s) 'latest_only' retrieved from /home/airflow/.local/lib/python3.12/site-packages/airflow/example_dags/example_latest_only.py
[2026-09-22T16:36:24.585+0000] {logging_mixin.py:188} INFO - [2026-09-22T16:36:24.585+0000] {dag.py:3089} INFO - Sync 1 DAGs
[2026-09-22T16:36:24.637+0000] {logging_mixin.py:188} INFO - [2026-09-22T16:36:24.637+0000] {dag.py:3947} INFO - Setting next_dagrun for latest_only to 2026-09-22 12:00:00+00:00, run_after=2026-09-22 16:00:00+00:00
[2026-09-22T16:36:24.688+0000] {processor.py:183} INFO - Processing /home/airflow/.local/lib/python3.12/site-packages/airflow/example_dags/example_latest_only.py took 0.171 seconds
[2026-09-22T16:36:54.894+0000] {processor.py:161} INFO - Started process (PID=2068) to work on /home/airflow/.local/lib/python3.12/site-packages/airflow/example_dags/example_latest_only.py
[2026-09-22T16:36:54.897+0000] {processor.py:830} INFO - Processing file /home/airflow/.local/lib/python3.12/site-packages/airflow/example_dags/example_latest_only.py for tasks to queue
[2026-09-22T16:36:54.903+0000] {logging_mixin.py:188} INFO - [2026-09-22T16:36:54.902+0000] {dagbag.py:545} INFO - Filling up the DagBag from /home/airflow/.local/lib/python3.12/site-packages/airflow/example_dags/example_latest_only.py
[2026-09-22T16:36:54.911+0000] {processor.py:840} INFO - DAG(s) 'latest_only' retrieved from /home/airflow/.local/lib/python3.12/site-packages/airflow/example_dags/example_latest_only.py
[2026-09-22T16:36:54.944+0000] {logging_mixin.py:188} INFO - [2026-09-22T16:36:54.944+0000] {dag.py:3089} INFO - Sync 1 DAGs
[2026-09-22T16:36:54.978+0000] {logging_mixin.py:188} INFO - [2026-09-22T16:36:54.977+0000] {dag.py:3947} INFO - Setting next_dagrun for latest_only to 2026-09-22 12:00:00+00:00, run_after=2026-09-22 16:00:00+00:00
[2026-09-22T16:36:55.217+0000] {processor.py:183} INFO - Processing /home/airflow/.local/lib/python3.12/site-packages/airflow/example_dags/example_latest_only.py took 0.335 seconds
[2026-09-22T16:37:25.982+0000] {processor.py:161} INFO - Started process (PID=2126) to work on /home/airflow/.local/lib/python3.12/site-packages/airflow/example_dags/example_latest_only.py
[2026-09-22T16:37:25.987+0000] {processor.py:830} INFO - Processing file /home/airflow/.local/lib/python3.12/site-packages/airflow/example_dags/example_latest_only.py for tasks to queue
[2026-09-22T16:37:25.991+0000] {logging_mixin.py:188} INFO - [2026-09-22T16:37:25.990+0000] {dagbag.py:545} INFO - Filling up the DagBag from /home/airflow/.local/lib/python3.12/site-packages/airflow/example_dags/example_latest_only.py
[2026-09-22T16:37:25.999+0000] {processor.py:840} INFO - DAG(s) 'latest_only' retrieved from /home/airflow/.local/lib/python3.12/site-packages/airflow/example_dags/example_latest_only.py
[2026-09-22T16:37:26.038+0000] {logging_mixin.py:188} INFO - [2026-09-22T16:37:26.037+0000] {dag.py:3089} INFO - Sync 1 DAGs
[2026-09-22T16:37:26.076+0000] {logging_mixin.py:188} INFO - [2026-09-22T16:37:26.076+0000] {dag.py:3947} INFO - Setting next_dagrun for latest_only to 2026-09-22 12:00:00+00:00, run_after=2026-09-22 16:00:00+00:00
[2026-09-22T16:37:26.111+0000] {processor.py:183} INFO - Processing /home/airflow/.local/lib/python3.12/site-packages/airflow/example_dags/example_latest_only.py took 0.141 seconds
[2026-09-22T16:37:56.207+0000] {processor.py:161} INFO - Started process (PID=2184) to work on /home/airflow/.local/lib/python3.12/site-packages/airflow/example_dags/example_latest_only.py
[2026-09-22T16:37:56.208+0000] {processor.py:830} INFO - Processing file /home/airflow/.local/lib/python3.12/site-packages/airflow/example_dags/example_latest_only.py for tasks to queue
[2026-09-22T16:37:56.211+0000] {logging_mixin.py:188} INFO - [2026-09-22T16:37:56.211+0000] {dagbag.py:545} INFO - Filling up the DagBag from /home/airflow/.local/lib/python3.12/site-packages/airflow/example_dags/example_latest_only.py
[2026-09-22T16:37:56.225+0000] {processor.py:840} INFO - DAG(s) 'latest_only' retrieved from /home/airflow/.local/lib/python3.12/site-packages/airflow/example_dags/example_latest_only.py
[2026-09-22T16:37:56.269+0000] {logging_mixin.py:188} INFO - [2026-09-22T16:37:56.269+0000] {dag.py:3089} INFO - Sync 1 DAGs
[2026-09-22T16:37:56.322+0000] {logging_mixin.py:188} INFO - [2026-09-22T16:37:56.321+0000] {dag.py:3947} INFO - Setting next_dagrun for latest_only to 2026-09-22 12:00:00+00:00, run_after=2026-09-22 16:00:00+00:00
[2026-09-22T16:37:56.362+0000] {processor.py:183} INFO - Processing /home/airflow/.local/lib/python3.12/site-packages/airflow/example_dags/example_latest_only.py took 0.166 seconds
[2026-09-22T16:38:27.581+0000] {processor.py:161} INFO - Started process (PID=2242) to work on /home/airflow/.local/lib/python3.12/site-packages/airflow/example_dags/example_latest_only.py
[2026-09-22T16:38:27.583+0000] {processor.py:830} INFO - Processing file /home/airflow/.local/lib/python3.12/site-packages/airflow/example_dags/example_latest_only.py for tasks to queue
[2026-09-22T16:38:27.587+0000] {logging_mixin.py:188} INFO - [2026-09-22T16:38:27.586+0000] {dagbag.py:545} INFO - Filling up the DagBag from /home/airflow/.local/lib/python3.12/site-packages/airflow/example_dags/example_latest_only.py
[2026-09-22T16:38:27.594+0000] {processor.py:840} INFO - DAG(s) 'latest_only' retrieved from /home/airflow/.local/lib/python3.12/site-packages/airflow/example_dags/example_latest_only.py
[2026-09-22T16:38:27.780+0000] {logging_mixin.py:188} INFO - [2026-09-22T16:38:27.780+0000] {dag.py:3089} INFO - Sync 1 DAGs
[2026-09-22T16:38:27.808+0000] {logging_mixin.py:188} INFO - [2026-09-22T16:38:27.808+0000] {dag.py:3947} INFO - Setting next_dagrun for latest_only to 2026-09-22 12:00:00+00:00, run_after=2026-09-22 16:00:00+00:00
[2026-09-22T16:38:27.836+0000] {processor.py:183} INFO - Processing /home/airflow/.local/lib/python3.12/site-packages/airflow/example_dags/example_latest_only.py took 0.262 seconds
[2026-09-22T16:41:50.519+0000] {processor.py:161} INFO - Started process (PID=99) to work on /home/airflow/.local/lib/python3.12/site-packages/airflow/example_dags/example_latest_only.py
[2026-09-22T16:41:50.520+0000] {processor.py:830} INFO - Processing file /home/airflow/.local/lib/python3.12/site-packages/airflow/example_dags/example_latest_only.py for tasks to queue
[2026-09-22T16:41:50.523+0000] {logging_mixin.py:188} INFO - [2026-09-22T16:41:50.522+0000] {dagbag.py:545} INFO - Filling up the DagBag from /home/airflow/.local/lib/python3.12/site-packages/airflow/example_dags/example_latest_only.py
[2026-09-22T16:41:50.530+0000] {processor.py:840} INFO - DAG(s) 'latest_only' retrieved from /home/airflow/.local/lib/python3.12/site-packages/airflow/example_dags/example_latest_only.py
[2026-09-22T16:41:50.702+0000] {logging_mixin.py:188} INFO - [2026-09-22T16:41:50.702+0000] {dag.py:3089} INFO - Sync 1 DAGs
[2026-09-22T16:41:50.741+0000] {logging_mixin.py:188} INFO - [2026-09-22T16:41:50.741+0000] {dag.py:3947} INFO - Setting next_dagrun for latest_only to 2026-09-22 12:00:00+00:00, run_after=2026-09-22 16:00:00+00:00
[2026-09-22T16:41:50.827+0000] {processor.py:183} INFO - Processing /home/airflow/.local/lib/python3.12/site-packages/airflow/example_dags/example_latest_only.py took 0.318 seconds
[2026-09-22T16:42:20.916+0000] {processor.py:161} INFO - Started process (PID=157) to work on /home/airflow/.local/lib/python3.12/site-packages/airflow/example_dags/example_latest_only.py
[2026-09-22T16:42:20.918+0000] {processor.py:830} INFO - Processing file /home/airflow/.local/lib/python3.12/site-packages/airflow/example_dags/example_latest_only.py for tasks to queue
[2026-09-22T16:42:20.922+0000] {logging_mixin.py:188} INFO - [2026-09-22T16:42:20.922+0000] {dagbag.py:545} INFO - Filling up the DagBag from /home/airflow/.local/lib/python3.12/site-packages/airflow/example_dags/example_latest_only.py
[2026-09-22T16:42:20.932+0000] {processor.py:840} INFO - DAG(s) 'latest_only' retrieved from /home/airflow/.local/lib/python3.12/site-packages/airflow/example_dags/example_latest_only.py
[2026-09-22T16:42:20.965+0000] {logging_mixin.py:188} INFO - [2026-09-22T16:42:20.964+0000] {dag.py:3089} INFO - Sync 1 DAGs
[2026-09-22T16:42:21.002+0000] {logging_mixin.py:188} INFO - [2026-09-22T16:42:21.001+0000] {dag.py:3947} INFO - Setting next_dagrun for latest_only to 2026-09-22 12:00:00+00:00, run_after=2026-09-22 16:00:00+00:00
[2026-09-22T16:42:21.105+0000] {processor.py:183} INFO - Processing /home/airflow/.local/lib/python3.12/site-packages/airflow/example_dags/example_latest_only.py took 0.201 seconds
[2026-09-22T16:43:50.916+0000] {processor.py:161} INFO - Started process (PID=99) to work on /home/airflow/.local/lib/python3.12/site-packages/airflow/example_dags/example_latest_only.py
[2026-09-22T16:43:50.918+0000] {processor.py:830} INFO - Processing file /home/airflow/.local/lib/python3.12/site-packages/airflow/example_dags/example_latest_only.py for tasks to queue
[2026-09-22T16:43:50.921+0000] {logging_mixin.py:188} INFO - [2026-09-22T16:43:50.920+0000] {dagbag.py:545} INFO - Filling up the DagBag from /home/airflow/.local/lib/python3.12/site-packages/airflow/example_dags/example_latest_only.py
[2026-09-22T16:43:50.930+0000] {processor.py:840} INFO - DAG(s) 'latest_only' retrieved from /home/airflow/.local/lib/python3.12/site-packages/airflow/example_dags/example_latest_only.py
[2026-09-22T16:43:51.062+0000] {logging_mixin.py:188} INFO - [2026-09-22T16:43:51.061+0000] {dag.py:3089} INFO - Sync 1 DAGs
[2026-09-22T16:43:51.088+0000] {logging_mixin.py:188} INFO - [2026-09-22T16:43:51.088+0000] {dag.py:3947} INFO - Setting next_dagrun for latest_only to 2026-09-22 12:00:00+00:00, run_after=2026-09-22 16:00:00+00:00
[2026-09-22T16:43:51.170+0000] {processor.py:183} INFO - Processing /home/airflow/.local/lib/python3.12/site-packages/airflow/example_dags/example_latest_only.py took 0.263 seconds
[2026-09-22T16:44:21.559+0000] {processor.py:161} INFO - Started process (PID=162) to work on /home/airflow/.local/lib/python3.12/site-packages/airflow/example_dags/example_latest_only.py
[2026-09-22T16:44:21.560+0000] {processor.py:830} INFO - Processing file /home/airflow/.local/lib/python3.12/site-packages/airflow/example_dags/example_latest_only.py for tasks to queue
[2026-09-22T16:44:21.563+0000] {logging_mixin.py:188} INFO - [2026-09-22T16:44:21.563+0000] {dagbag.py:545} INFO - Filling up the DagBag from /home/airflow/.local/lib/python3.12/site-packages/airflow/example_dags/example_latest_only.py
[2026-09-22T16:44:21.572+0000] {processor.py:840} INFO - DAG(s) 'latest_only' retrieved from /home/airflow/.local/lib/python3.12/site-packages/airflow/example_dags/example_latest_only.py
[2026-09-22T16:44:21.606+0000] {logging_mixin.py:188} INFO - [2026-09-22T16:44:21.606+0000] {dag.py:3089} INFO - Sync 1 DAGs
[2026-09-22T16:44:21.643+0000] {logging_mixin.py:188} INFO - [2026-09-22T16:44:21.643+0000] {dag.py:3947} INFO - Setting next_dagrun for latest_only to 2026-09-22 12:00:00+00:00, run_after=2026-09-22 16:00:00+00:00
[2026-09-22T16:44:21.677+0000] {processor.py:183} INFO - Processing /home/airflow/.local/lib/python3.12/site-packages/airflow/example_dags/example_latest_only.py took 0.128 seconds
[2026-09-22T16:44:52.050+0000] {processor.py:161} INFO - Started process (PID=220) to work on /home/airflow/.local/lib/python3.12/site-packages/airflow/example_dags/example_latest_only.py
[2026-09-22T16:44:52.051+0000] {processor.py:830} INFO - Processing file /home/airflow/.local/lib/python3.12/site-packages/airflow/example_dags/example_latest_only.py for tasks to queue
[2026-09-22T16:44:52.054+0000] {logging_mixin.py:188} INFO - [2026-09-22T16:44:52.054+0000] {dagbag.py:545} INFO - Filling up the DagBag from /home/airflow/.local/lib/python3.12/site-packages/airflow/example_dags/example_latest_only.py
[2026-09-22T16:44:52.061+0000] {processor.py:840} INFO - DAG(s) 'latest_only' retrieved from /home/airflow/.local/lib/python3.12/site-packages/airflow/example_dags/example_latest_only.py
[2026-09-22T16:44:52.094+0000] {logging_mixin.py:188} INFO - [2026-09-22T16:44:52.094+0000] {dag.py:3089} INFO - Sync 1 DAGs
[2026-09-22T16:44:52.133+0000] {logging_mixin.py:188} INFO - [2026-09-22T16:44:52.132+0000] {dag.py:3947} INFO - Setting next_dagrun for latest_only to 2026-09-22 12:00:00+00:00, run_after=2026-09-22 16:00:00+00:00
[2026-09-22T16:44:52.167+0000] {processor.py:183} INFO - Processing /home/airflow/.local/lib/python3.12/site-packages/airflow/example_dags/example_latest_only.py took 0.128 seconds
[2026-09-22T16:45:22.581+0000] {processor.py:161} INFO - Started process (PID=278) to work on /home/airflow/.local/lib/python3.12/site-packages/airflow/example_dags/example_latest_only.py
[2026-09-22T16:45:22.583+0000] {processor.py:830} INFO - Processing file /home/airflow/.local/lib/python3.12/site-packages/airflow/example_dags/example_latest_only.py for tasks to queue
[2026-09-22T16:45:22.587+0000] {logging_mixin.py:188} INFO - [2026-09-22T16:45:22.586+0000] {dagbag.py:545} INFO - Filling up the DagBag from /home/airflow/.local/lib/python3.12/site-packages/airflow/example_dags/example_latest_only.py
[2026-09-22T16:45:22.595+0000] {processor.py:840} INFO - DAG(s) 'latest_only' retrieved from /home/airflow/.local/lib/python3.12/site-packages/airflow/example_dags/example_latest_only.py
[2026-09-22T16:45:22.638+0000] {logging_mixin.py:188} INFO - [2026-09-22T16:45:22.637+0000] {dag.py:3089} INFO - Sync 1 DAGs
[2026-09-22T16:45:22.682+0000] {logging_mixin.py:188} INFO - [2026-09-22T16:45:22.682+0000] {dag.py:3947} INFO - Setting next_dagrun for latest_only to 2026-09-22 12:00:00+00:00, run_after=2026-09-22 16:00:00+00:00
[2026-09-22T16:45:22.788+0000] {processor.py:183} INFO - Processing /home/airflow/.local/lib/python3.12/site-packages/airflow/example_dags/example_latest_only.py took 0.219 seconds
[2026-09-22T16:45:53.156+0000] {processor.py:161} INFO - Started process (PID=336) to work on /home/airflow/.local/lib/python3.12/site-packages/airflow/example_dags/example_latest_only.py
[2026-09-22T16:45:53.157+0000] {processor.py:830} INFO - Processing file /home/airflow/.local/lib/python3.12/site-packages/airflow/example_dags/example_latest_only.py for tasks to queue
[2026-09-22T16:45:53.160+0000] {logging_mixin.py:188} INFO - [2026-09-22T16:45:53.160+0000] {dagbag.py:545} INFO - Filling up the DagBag from /home/airflow/.local/lib/python3.12/site-packages/airflow/example_dags/example_latest_only.py
[2026-09-22T16:45:53.168+0000] {processor.py:840} INFO - DAG(s) 'latest_only' retrieved from /home/airflow/.local/lib/python3.12/site-packages/airflow/example_dags/example_latest_only.py
[2026-09-22T16:45:53.197+0000] {logging_mixin.py:188} INFO - [2026-09-22T16:45:53.197+0000] {dag.py:3089} INFO - Sync 1 DAGs
[2026-09-22T16:45:53.235+0000] {logging_mixin.py:188} INFO - [2026-09-22T16:45:53.235+0000] {dag.py:3947} INFO - Setting next_dagrun for latest_only to 2026-09-22 12:00:00+00:00, run_after=2026-09-22 16:00:00+00:00
[2026-09-22T16:45:53.304+0000] {processor.py:183} INFO - Processing /home/airflow/.local/lib/python3.12/site-packages/airflow/example_dags/example_latest_only.py took 0.158 seconds
[2026-09-22T16:46:23.402+0000] {processor.py:161} INFO - Started process (PID=394) to work on /home/airflow/.local/lib/python3.12/site-packages/airflow/example_dags/example_latest_only.py
[2026-09-22T16:46:23.404+0000] {processor.py:830} INFO - Processing file /home/airflow/.local/lib/python3.12/site-packages/airflow/example_dags/example_latest_only.py for tasks to queue
[2026-09-22T16:46:23.407+0000] {logging_mixin.py:188} INFO - [2026-09-22T16:46:23.406+0000] {dagbag.py:545} INFO - Filling up the DagBag from /home/airflow/.local/lib/python3.12/site-packages/airflow/example_dags/example_latest_only.py
[2026-09-22T16:46:23.418+0000] {processor.py:840} INFO - DAG(s) 'latest_only' retrieved from /home/airflow/.local/lib/python3.12/site-packages/airflow/example_dags/example_latest_only.py
[2026-09-22T16:46:23.453+0000] {logging_mixin.py:188} INFO - [2026-09-22T16:46:23.452+0000] {dag.py:3089} INFO - Sync 1 DAGs
[2026-09-22T16:46:23.484+0000] {logging_mixin.py:188} INFO - [2026-09-22T16:46:23.484+0000] {dag.py:3947} INFO - Setting next_dagrun for latest_only to 2026-09-22 12:00:00+00:00, run_after=2026-09-22 16:00:00+00:00
[2026-09-22T16:46:23.567+0000] {processor.py:183} INFO - Processing /home/airflow/.local/lib/python3.12/site-packages/airflow/example_dags/example_latest_only.py took 0.174 seconds
[2026-09-22T16:46:54.396+0000] {processor.py:161} INFO - Started process (PID=452) to work on /home/airflow/.local/lib/python3.12/site-packages/airflow/example_dags/example_latest_only.py
[2026-09-22T16:46:54.398+0000] {processor.py:830} INFO - Processing file /home/airflow/.local/lib/python3.12/site-packages/airflow/example_dags/example_latest_only.py for tasks to queue
[2026-09-22T16:46:54.401+0000] {logging_mixin.py:188} INFO - [2026-09-22T16:46:54.400+0000] {dagbag.py:545} INFO - Filling up the DagBag from /home/airflow/.local/lib/python3.12/site-packages/airflow/example_dags/example_latest_only.py
[2026-09-22T16:46:54.406+0000] {processor.py:840} INFO - DAG(s) 'latest_only' retrieved from /home/airflow/.local/lib/python3.12/site-packages/airflow/example_dags/example_latest_only.py
[2026-09-22T16:46:54.439+0000] {logging_mixin.py:188} INFO - [2026-09-22T16:46:54.438+0000] {dag.py:3089} INFO - Sync 1 DAGs
[2026-09-22T16:46:54.470+0000] {logging_mixin.py:188} INFO - [2026-09-22T16:46:54.469+0000] {dag.py:3947} INFO - Setting next_dagrun for latest_only to 2026-09-22 12:00:00+00:00, run_after=2026-09-22 16:00:00+00:00
[2026-09-22T16:46:54.517+0000] {processor.py:183} INFO - Processing /home/airflow/.local/lib/python3.12/site-packages/airflow/example_dags/example_latest_only.py took 0.129 seconds
[2026-09-22T16:47:24.765+0000] {processor.py:161} INFO - Started process (PID=510) to work on /home/airflow/.local/lib/python3.12/site-packages/airflow/example_dags/example_latest_only.py
[2026-09-22T16:47:24.767+0000] {processor.py:830} INFO - Processing file /home/airflow/.local/lib/python3.12/site-packages/airflow/example_dags/example_latest_only.py for tasks to queue
[2026-09-22T16:47:24.770+0000] {logging_mixin.py:188} INFO - [2026-09-22T16:47:24.770+0000] {dagbag.py:545} INFO - Filling up the DagBag from /home/airflow/.local/lib/python3.12/site-packages/airflow/example_dags/example_latest_only.py
[2026-09-22T16:47:24.781+0000] {processor.py:840} INFO - DAG(s) 'latest_only' retrieved from /home/airflow/.local/lib/python3.12/site-packages/airflow/example_dags/example_latest_only.py
[2026-09-22T16:47:24.814+0000] {logging_mixin.py:188} INFO - [2026-09-22T16:47:24.814+0000] {dag.py:3089} INFO - Sync 1 DAGs
[2026-09-22T16:47:24.858+0000] {logging_mixin.py:188} INFO - [2026-09-22T16:47:24.858+0000] {dag.py:3947} INFO - Setting next_dagrun for latest_only to 2026-09-22 12:00:00+00:00, run_after=2026-09-22 16:00:00+00:00
[2026-09-22T16:47:24.893+0000] {processor.py:183} INFO - Processing /home/airflow/.local/lib/python3.12/site-packages/airflow/example_dags/example_latest_only.py took 0.140 seconds
[2026-09-22T16:47:55.090+0000] {processor.py:161} INFO - Started process (PID=568) to work on /home/airflow/.local/lib/python3.12/site-packages/airflow/example_dags/example_latest_only.py
[2026-09-22T16:47:55.091+0000] {processor.py:830} INFO - Processing file /home/airflow/.local/lib/python3.12/site-packages/airflow/example_dags/example_latest_only.py for tasks to queue
[2026-09-22T16:47:55.095+0000] {logging_mixin.py:188} INFO - [2026-09-22T16:47:55.094+0000] {dagbag.py:545} INFO - Filling up the DagBag from /home/airflow/.local/lib/python3.12/site-packages/airflow/example_dags/example_latest_only.py
[2026-09-22T16:47:55.102+0000] {processor.py:840} INFO - DAG(s) 'latest_only' retrieved from /home/airflow/.local/lib/python3.12/site-packages/airflow/example_dags/example_latest_only.py
[2026-09-22T16:47:55.131+0000] {logging_mixin.py:188} INFO - [2026-09-22T16:47:55.131+0000] {dag.py:3089} INFO - Sync 1 DAGs
[2026-09-22T16:47:55.158+0000] {logging_mixin.py:188} INFO - [2026-09-22T16:47:55.158+0000] {dag.py:3947} INFO - Setting next_dagrun for latest_only to 2026-09-22 12:00:00+00:00, run_after=2026-09-22 16:00:00+00:00
[2026-09-22T16:47:55.208+0000] {processor.py:183} INFO - Processing /home/airflow/.local/lib/python3.12/site-packages/airflow/example_dags/example_latest_only.py took 0.127 seconds
[2026-09-22T16:48:26.079+0000] {processor.py:161} INFO - Started process (PID=626) to work on /home/airflow/.local/lib/python3.12/site-packages/airflow/example_dags/example_latest_only.py
[2026-09-22T16:48:26.082+0000] {processor.py:830} INFO - Processing file /home/airflow/.local/lib/python3.12/site-packages/airflow/example_dags/example_latest_only.py for tasks to queue
[2026-09-22T16:48:26.084+0000] {logging_mixin.py:188} INFO - [2026-09-22T16:48:26.084+0000] {dagbag.py:545} INFO - Filling up the DagBag from /home/airflow/.local/lib/python3.12/site-packages/airflow/example_dags/example_latest_only.py
[2026-09-22T16:48:26.090+0000] {processor.py:840} INFO - DAG(s) 'latest_only' retrieved from /home/airflow/.local/lib/python3.12/site-packages/airflow/example_dags/example_latest_only.py
[2026-09-22T16:48:26.117+0000] {logging_mixin.py:188} INFO - [2026-09-22T16:48:26.116+0000] {dag.py:3089} INFO - Sync 1 DAGs
[2026-09-22T16:48:26.144+0000] {logging_mixin.py:188} INFO - [2026-09-22T16:48:26.144+0000] {dag.py:3947} INFO - Setting next_dagrun for latest_only to 2026-09-22 12:00:00+00:00, run_after=2026-09-22 16:00:00+00:00
[2026-09-22T16:48:26.228+0000] {processor.py:183} INFO - Processing /home/airflow/.local/lib/python3.12/site-packages/airflow/example_dags/example_latest_only.py took 0.157 seconds
[2026-09-22T16:48:57.279+0000] {processor.py:161} INFO - Started process (PID=684) to work on /home/airflow/.local/lib/python3.12/site-packages/airflow/example_dags/example_latest_only.py
[2026-09-22T16:48:57.281+0000] {processor.py:830} INFO - Processing file /home/airflow/.local/lib/python3.12/site-packages/airflow/example_dags/example_latest_only.py for tasks to queue
[2026-09-22T16:48:57.285+0000] {logging_mixin.py:188} INFO - [2026-09-22T16:48:57.284+0000] {dagbag.py:545} INFO - Filling up the DagBag from /home/airflow/.local/lib/python3.12/site-packages/airflow/example_dags/example_latest_only.py
[2026-09-22T16:48:57.293+0000] {processor.py:840} INFO - DAG(s) 'latest_only' retrieved from /home/airflow/.local/lib/python3.12/site-packages/airflow/example_dags/example_latest_only.py
[2026-09-22T16:48:57.327+0000] {logging_mixin.py:188} INFO - [2026-09-22T16:48:57.327+0000] {dag.py:3089} INFO - Sync 1 DAGs
[2026-09-22T16:48:57.364+0000] {logging_mixin.py:188} INFO - [2026-09-22T16:48:57.363+0000] {dag.py:3947} INFO - Setting next_dagrun for latest_only to 2026-09-22 12:00:00+00:00, run_after=2026-09-22 16:00:00+00:00
[2026-09-22T16:48:57.407+0000] {processor.py:183} INFO - Processing /home/airflow/.local/lib/python3.12/site-packages/airflow/example_dags/example_latest_only.py took 0.138 seconds
[2026-09-22T16:49:28.327+0000] {processor.py:161} INFO - Started process (PID=743) to work on /home/airflow/.local/lib/python3.12/site-packages/airflow/example_dags/example_latest_only.py
[2026-09-22T16:49:28.334+0000] {processor.py:830} INFO - Processing file /home/airflow/.local/lib/python3.12/site-packages/airflow/example_dags/example_latest_only.py for tasks to queue
[2026-09-22T16:49:28.339+0000] {logging_mixin.py:188} INFO - [2026-09-22T16:49:28.338+0000] {dagbag.py:545} INFO - Filling up the DagBag from /home/airflow/.local/lib/python3.12/site-packages/airflow/example_dags/example_latest_only.py
[2026-09-22T16:49:28.354+0000] {processor.py:840} INFO - DAG(s) 'latest_only' retrieved from /home/airflow/.local/lib/python3.12/site-packages/airflow/example_dags/example_latest_only.py
[2026-09-22T16:49:28.418+0000] {logging_mixin.py:188} INFO - [2026-09-22T16:49:28.418+0000] {dag.py:3089} INFO - Sync 1 DAGs
[2026-09-22T16:49:28.505+0000] {logging_mixin.py:188} INFO - [2026-09-22T16:49:28.505+0000] {dag.py:3947} INFO - Setting next_dagrun for latest_only to 2026-09-22 12:00:00+00:00, run_after=2026-09-22 16:00:00+00:00
[2026-09-22T16:49:28.609+0000] {processor.py:183} INFO - Processing /home/airflow/.local/lib/python3.12/site-packages/airflow/example_dags/example_latest_only.py took 0.300 seconds
[2026-09-22T16:49:59.294+0000] {processor.py:161} INFO - Started process (PID=801) to work on /home/airflow/.local/lib/python3.12/site-packages/airflow/example_dags/example_latest_only.py
[2026-09-22T16:49:59.296+0000] {processor.py:830} INFO - Processing file /home/airflow/.local/lib/python3.12/site-packages/airflow/example_dags/example_latest_only.py for tasks to queue
[2026-09-22T16:49:59.310+0000] {logging_mixin.py:188} INFO - [2026-09-22T16:49:59.309+0000] {dagbag.py:545} INFO - Filling up the DagBag from /home/airflow/.local/lib/python3.12/site-packages/airflow/example_dags/example_latest_only.py
[2026-09-22T16:49:59.321+0000] {processor.py:840} INFO - DAG(s) 'latest_only' retrieved from /home/airflow/.local/lib/python3.12/site-packages/airflow/example_dags/example_latest_only.py
[2026-09-22T16:49:59.352+0000] {logging_mixin.py:188} INFO - [2026-09-22T16:49:59.352+0000] {dag.py:3089} INFO - Sync 1 DAGs
[2026-09-22T16:49:59.383+0000] {logging_mixin.py:188} INFO - [2026-09-22T16:49:59.383+0000] {dag.py:3947} INFO - Setting next_dagrun for latest_only to 2026-09-22 12:00:00+00:00, run_after=2026-09-22 16:00:00+00:00
[2026-09-22T16:49:59.487+0000] {processor.py:183} INFO - Processing /home/airflow/.local/lib/python3.12/site-packages/airflow/example_dags/example_latest_only.py took 0.211 seconds
[2026-09-22T16:50:29.969+0000] {processor.py:161} INFO - Started process (PID=860) to work on /home/airflow/.local/lib/python3.12/site-packages/airflow/example_dags/example_latest_only.py
[2026-09-22T16:50:29.970+0000] {processor.py:830} INFO - Processing file /home/airflow/.local/lib/python3.12/site-packages/airflow/example_dags/example_latest_only.py for tasks to queue
[2026-09-22T16:50:29.973+0000] {logging_mixin.py:188} INFO - [2026-09-22T16:50:29.973+0000] {dagbag.py:545} INFO - Filling up the DagBag from /home/airflow/.local/lib/python3.12/site-packages/airflow/example_dags/example_latest_only.py
[2026-09-22T16:50:29.984+0000] {processor.py:840} INFO - DAG(s) 'latest_only' retrieved from /home/airflow/.local/lib/python3.12/site-packages/airflow/example_dags/example_latest_only.py
[2026-09-22T16:50:30.014+0000] {logging_mixin.py:188} INFO - [2026-09-22T16:50:30.014+0000] {dag.py:3089} INFO - Sync 1 DAGs
[2026-09-22T16:50:30.041+0000] {logging_mixin.py:188} INFO - [2026-09-22T16:50:30.040+0000] {dag.py:3947} INFO - Setting next_dagrun for latest_only to 2026-09-22 12:00:00+00:00, run_after=2026-09-22 16:00:00+00:00
[2026-09-22T16:50:30.067+0000] {processor.py:183} INFO - Processing /home/airflow/.local/lib/python3.12/site-packages/airflow/example_dags/example_latest_only.py took 0.111 seconds
[2026-09-22T16:51:00.572+0000] {processor.py:161} INFO - Started process (PID=918) to work on /home/airflow/.local/lib/python3.12/site-packages/airflow/example_dags/example_latest_only.py
[2026-09-22T16:51:00.575+0000] {processor.py:830} INFO - Processing file /home/airflow/.local/lib/python3.12/site-packages/airflow/example_dags/example_latest_only.py for tasks to queue
[2026-09-22T16:51:00.583+0000] {logging_mixin.py:188} INFO - [2026-09-22T16:51:00.580+0000] {dagbag.py:545} INFO - Filling up the DagBag from /home/airflow/.local/lib/python3.12/site-packages/airflow/example_dags/example_latest_only.py
[2026-09-22T16:51:00.599+0000] {processor.py:840} INFO - DAG(s) 'latest_only' retrieved from /home/airflow/.local/lib/python3.12/site-packages/airflow/example_dags/example_latest_only.py
[2026-09-22T16:51:00.649+0000] {logging_mixin.py:188} INFO - [2026-09-22T16:51:00.648+0000] {dag.py:3089} INFO - Sync 1 DAGs
[2026-09-22T16:51:00.704+0000] {logging_mixin.py:188} INFO - [2026-09-22T16:51:00.704+0000] {dag.py:3947} INFO - Setting next_dagrun for latest_only to 2026-09-22 12:00:00+00:00, run_after=2026-09-22 16:00:00+00:00
[2026-09-22T16:51:00.771+0000] {processor.py:183} INFO - Processing /home/airflow/.local/lib/python3.12/site-packages/airflow/example_dags/example_latest_only.py took 0.216 seconds
[2026-09-22T16:51:31.099+0000] {processor.py:161} INFO - Started process (PID=976) to work on /home/airflow/.local/lib/python3.12/site-packages/airflow/example_dags/example_latest_only.py
[2026-09-22T16:51:31.113+0000] {processor.py:830} INFO - Processing file /home/airflow/.local/lib/python3.12/site-packages/airflow/example_dags/example_latest_only.py for tasks to queue
[2026-09-22T16:51:31.118+0000] {logging_mixin.py:188} INFO - [2026-09-22T16:51:31.118+0000] {dagbag.py:545} INFO - Filling up the DagBag from /home/airflow/.local/lib/python3.12/site-packages/airflow/example_dags/example_latest_only.py
[2026-09-22T16:51:31.133+0000] {processor.py:840} INFO - DAG(s) 'latest_only' retrieved from /home/airflow/.local/lib/python3.12/site-packages/airflow/example_dags/example_latest_only.py
[2026-09-22T16:51:31.167+0000] {logging_mixin.py:188} INFO - [2026-09-22T16:51:31.167+0000] {dag.py:3089} INFO - Sync 1 DAGs
[2026-09-22T16:51:31.220+0000] {logging_mixin.py:188} INFO - [2026-09-22T16:51:31.219+0000] {dag.py:3947} INFO - Setting next_dagrun for latest_only to 2026-09-22 12:00:00+00:00, run_after=2026-09-22 16:00:00+00:00
[2026-09-22T16:51:31.257+0000] {processor.py:183} INFO - Processing /home/airflow/.local/lib/python3.12/site-packages/airflow/example_dags/example_latest_only.py took 0.197 seconds
[2026-09-22T16:52:24.184+0000] {processor.py:161} INFO - Started process (PID=1026) to work on /home/airflow/.local/lib/python3.12/site-packages/airflow/example_dags/example_latest_only.py
[2026-09-22T16:52:24.186+0000] {processor.py:830} INFO - Processing file /home/airflow/.local/lib/python3.12/site-packages/airflow/example_dags/example_latest_only.py for tasks to queue
[2026-09-22T16:52:24.189+0000] {logging_mixin.py:188} INFO - [2026-09-22T16:52:24.188+0000] {dagbag.py:545} INFO - Filling up the DagBag from /home/airflow/.local/lib/python3.12/site-packages/airflow/example_dags/example_latest_only.py
[2026-09-22T16:52:24.197+0000] {processor.py:840} INFO - DAG(s) 'latest_only' retrieved from /home/airflow/.local/lib/python3.12/site-packages/airflow/example_dags/example_latest_only.py
[2026-09-22T16:52:24.224+0000] {logging_mixin.py:188} INFO - [2026-09-22T16:52:24.224+0000] {dag.py:3089} INFO - Sync 1 DAGs
[2026-09-22T16:52:24.256+0000] {logging_mixin.py:188} INFO - [2026-09-22T16:52:24.256+0000] {dag.py:3947} INFO - Setting next_dagrun for latest_only to 2026-09-22 12:00:00+00:00, run_after=2026-09-22 16:00:00+00:00
[2026-09-22T16:52:24.306+0000] {processor.py:183} INFO - Processing /home/airflow/.local/lib/python3.12/site-packages/airflow/example_dags/example_latest_only.py took 0.131 seconds
[2026-09-22T16:52:55.234+0000] {processor.py:161} INFO - Started process (PID=1084) to work on /home/airflow/.local/lib/python3.12/site-packages/airflow/example_dags/example_latest_only.py
[2026-09-22T16:52:55.235+0000] {processor.py:830} INFO - Processing file /home/airflow/.local/lib/python3.12/site-packages/airflow/example_dags/example_latest_only.py for tasks to queue
[2026-09-22T16:52:55.237+0000] {logging_mixin.py:188} INFO - [2026-09-22T16:52:55.236+0000] {dagbag.py:545} INFO - Filling up the DagBag from /home/airflow/.local/lib/python3.12/site-packages/airflow/example_dags/example_latest_only.py
[2026-09-22T16:52:55.242+0000] {processor.py:840} INFO - DAG(s) 'latest_only' retrieved from /home/airflow/.local/lib/python3.12/site-packages/airflow/example_dags/example_latest_only.py
[2026-09-22T16:52:55.269+0000] {logging_mixin.py:188} INFO - [2026-09-22T16:52:55.269+0000] {dag.py:3089} INFO - Sync 1 DAGs
[2026-09-22T16:52:55.292+0000] {logging_mixin.py:188} INFO - [2026-09-22T16:52:55.292+0000] {dag.py:3947} INFO - Setting next_dagrun for latest_only to 2026-09-22 12:00:00+00:00, run_after=2026-09-22 16:00:00+00:00
[2026-09-22T16:52:55.321+0000] {processor.py:183} INFO - Processing /home/airflow/.local/lib/python3.12/site-packages/airflow/example_dags/example_latest_only.py took 0.093 seconds
[2026-09-22T16:53:25.501+0000] {processor.py:161} INFO - Started process (PID=1148) to work on /home/airflow/.local/lib/python3.12/site-packages/airflow/example_dags/example_latest_only.py
[2026-09-22T16:53:25.502+0000] {processor.py:830} INFO - Processing file /home/airflow/.local/lib/python3.12/site-packages/airflow/example_dags/example_latest_only.py for tasks to queue
[2026-09-22T16:53:25.504+0000] {logging_mixin.py:188} INFO - [2026-09-22T16:53:25.504+0000] {dagbag.py:545} INFO - Filling up the DagBag from /home/airflow/.local/lib/python3.12/site-packages/airflow/example_dags/example_latest_only.py
[2026-09-22T16:53:25.509+0000] {processor.py:840} INFO - DAG(s) 'latest_only' retrieved from /home/airflow/.local/lib/python3.12/site-packages/airflow/example_dags/example_latest_only.py
[2026-09-22T16:53:25.535+0000] {logging_mixin.py:188} INFO - [2026-09-22T16:53:25.534+0000] {dag.py:3089} INFO - Sync 1 DAGs
[2026-09-22T16:53:25.559+0000] {logging_mixin.py:188} INFO - [2026-09-22T16:53:25.559+0000] {dag.py:3947} INFO - Setting next_dagrun for latest_only to 2026-09-22 12:00:00+00:00, run_after=2026-09-22 16:00:00+00:00
[2026-09-22T16:53:25.592+0000] {processor.py:183} INFO - Processing /home/airflow/.local/lib/python3.12/site-packages/airflow/example_dags/example_latest_only.py took 0.099 seconds
[2026-09-22T16:53:55.691+0000] {processor.py:161} INFO - Started process (PID=1206) to work on /home/airflow/.local/lib/python3.12/site-packages/airflow/example_dags/example_latest_only.py
[2026-09-22T16:53:55.692+0000] {processor.py:830} INFO - Processing file /home/airflow/.local/lib/python3.12/site-packages/airflow/example_dags/example_latest_only.py for tasks to queue
[2026-09-22T16:53:55.694+0000] {logging_mixin.py:188} INFO - [2026-09-22T16:53:55.694+0000] {dagbag.py:545} INFO - Filling up the DagBag from /home/airflow/.local/lib/python3.12/site-packages/airflow/example_dags/example_latest_only.py
[2026-09-22T16:53:55.698+0000] {processor.py:840} INFO - DAG(s) 'latest_only' retrieved from /home/airflow/.local/lib/python3.12/site-packages/airflow/example_dags/example_latest_only.py
[2026-09-22T16:53:55.716+0000] {logging_mixin.py:188} INFO - [2026-09-22T16:53:55.716+0000] {dag.py:3089} INFO - Sync 1 DAGs
[2026-09-22T16:53:55.734+0000] {logging_mixin.py:188} INFO - [2026-09-22T16:53:55.734+0000] {dag.py:3947} INFO - Setting next_dagrun for latest_only to 2026-09-22 12:00:00+00:00, run_after=2026-09-22 16:00:00+00:00
[2026-09-22T16:53:55.753+0000] {processor.py:183} INFO - Processing /home/airflow/.local/lib/python3.12/site-packages/airflow/example_dags/example_latest_only.py took 0.070 seconds
[2026-09-22T16:54:25.949+0000] {processor.py:161} INFO - Started process (PID=1264) to work on /home/airflow/.local/lib/python3.12/site-packages/airflow/example_dags/example_latest_only.py
[2026-09-22T16:54:25.950+0000] {processor.py:830} INFO - Processing file /home/airflow/.local/lib/python3.12/site-packages/airflow/example_dags/example_latest_only.py for tasks to queue
[2026-09-22T16:54:25.953+0000] {logging_mixin.py:188} INFO - [2026-09-22T16:54:25.952+0000] {dagbag.py:545} INFO - Filling up the DagBag from /home/airflow/.local/lib/python3.12/site-packages/airflow/example_dags/example_latest_only.py
[2026-09-22T16:54:25.962+0000] {processor.py:840} INFO - DAG(s) 'latest_only' retrieved from /home/airflow/.local/lib/python3.12/site-packages/airflow/example_dags/example_latest_only.py
[2026-09-22T16:54:25.980+0000] {logging_mixin.py:188} INFO - [2026-09-22T16:54:25.980+0000] {dag.py:3089} INFO - Sync 1 DAGs
[2026-09-22T16:54:25.999+0000] {logging_mixin.py:188} INFO - [2026-09-22T16:54:25.999+0000] {dag.py:3947} INFO - Setting next_dagrun for latest_only to 2026-09-22 12:00:00+00:00, run_after=2026-09-22 16:00:00+00:00
[2026-09-22T16:54:26.019+0000] {processor.py:183} INFO - Processing /home/airflow/.local/lib/python3.12/site-packages/airflow/example_dags/example_latest_only.py took 0.078 seconds
[2026-09-22T16:54:56.427+0000] {processor.py:161} INFO - Started process (PID=1322) to work on /home/airflow/.local/lib/python3.12/site-packages/airflow/example_dags/example_latest_only.py
[2026-09-22T16:54:56.428+0000] {processor.py:830} INFO - Processing file /home/airflow/.local/lib/python3.12/site-packages/airflow/example_dags/example_latest_only.py for tasks to queue
[2026-09-22T16:54:56.430+0000] {logging_mixin.py:188} INFO - [2026-09-22T16:54:56.430+0000] {dagbag.py:545} INFO - Filling up the DagBag from /home/airflow/.local/lib/python3.12/site-packages/airflow/example_dags/example_latest_only.py
[2026-09-22T16:54:56.437+0000] {processor.py:840} INFO - DAG(s) 'latest_only' retrieved from /home/airflow/.local/lib/python3.12/site-packages/airflow/example_dags/example_latest_only.py
[2026-09-22T16:54:56.464+0000] {logging_mixin.py:188} INFO - [2026-09-22T16:54:56.463+0000] {dag.py:3089} INFO - Sync 1 DAGs
[2026-09-22T16:54:56.485+0000] {logging_mixin.py:188} INFO - [2026-09-22T16:54:56.484+0000] {dag.py:3947} INFO - Setting next_dagrun for latest_only to 2026-09-22 12:00:00+00:00, run_after=2026-09-22 16:00:00+00:00
[2026-09-22T16:54:56.516+0000] {processor.py:183} INFO - Processing /home/airflow/.local/lib/python3.12/site-packages/airflow/example_dags/example_latest_only.py took 0.096 seconds
[2026-09-22T16:55:26.809+0000] {processor.py:161} INFO - Started process (PID=1380) to work on /home/airflow/.local/lib/python3.12/site-packages/airflow/example_dags/example_latest_only.py
[2026-09-22T16:55:26.810+0000] {processor.py:830} INFO - Processing file /home/airflow/.local/lib/python3.12/site-packages/airflow/example_dags/example_latest_only.py for tasks to queue
[2026-09-22T16:55:26.813+0000] {logging_mixin.py:188} INFO - [2026-09-22T16:55:26.812+0000] {dagbag.py:545} INFO - Filling up the DagBag from /home/airflow/.local/lib/python3.12/site-packages/airflow/example_dags/example_latest_only.py
[2026-09-22T16:55:26.820+0000] {processor.py:840} INFO - DAG(s) 'latest_only' retrieved from /home/airflow/.local/lib/python3.12/site-packages/airflow/example_dags/example_latest_only.py
[2026-09-22T16:55:26.844+0000] {logging_mixin.py:188} INFO - [2026-09-22T16:55:26.844+0000] {dag.py:3089} INFO - Sync 1 DAGs
[2026-09-22T16:55:26.866+0000] {logging_mixin.py:188} INFO - [2026-09-22T16:55:26.865+0000] {dag.py:3947} INFO - Setting next_dagrun for latest_only to 2026-09-22 12:00:00+00:00, run_after=2026-09-22 16:00:00+00:00
[2026-09-22T16:55:26.886+0000] {processor.py:183} INFO - Processing /home/airflow/.local/lib/python3.12/site-packages/airflow/example_dags/example_latest_only.py took 0.085 seconds
[2026-09-22T16:55:57.197+0000] {processor.py:161} INFO - Started process (PID=1438) to work on /home/airflow/.local/lib/python3.12/site-packages/airflow/example_dags/example_latest_only.py
[2026-09-22T16:55:57.198+0000] {processor.py:830} INFO - Processing file /home/airflow/.local/lib/python3.12/site-packages/airflow/example_dags/example_latest_only.py for tasks to queue
[2026-09-22T16:55:57.200+0000] {logging_mixin.py:188} INFO - [2026-09-22T16:55:57.200+0000] {dagbag.py:545} INFO - Filling up the DagBag from /home/airflow/.local/lib/python3.12/site-packages/airflow/example_dags/example_latest_only.py
[2026-09-22T16:55:57.206+0000] {processor.py:840} INFO - DAG(s) 'latest_only' retrieved from /home/airflow/.local/lib/python3.12/site-packages/airflow/example_dags/example_latest_only.py
[2026-09-22T16:55:57.227+0000] {logging_mixin.py:188} INFO - [2026-09-22T16:55:57.226+0000] {dag.py:3089} INFO - Sync 1 DAGs
[2026-09-22T16:55:57.247+0000] {logging_mixin.py:188} INFO - [2026-09-22T16:55:57.247+0000] {dag.py:3947} INFO - Setting next_dagrun for latest_only to 2026-09-22 12:00:00+00:00, run_after=2026-09-22 16:00:00+00:00
[2026-09-22T16:55:57.271+0000] {processor.py:183} INFO - Processing /home/airflow/.local/lib/python3.12/site-packages/airflow/example_dags/example_latest_only.py took 0.079 seconds
[2026-09-22T16:56:28.149+0000] {processor.py:161} INFO - Started process (PID=1496) to work on /home/airflow/.local/lib/python3.12/site-packages/airflow/example_dags/example_latest_only.py
[2026-09-22T16:56:28.150+0000] {processor.py:830} INFO - Processing file /home/airflow/.local/lib/python3.12/site-packages/airflow/example_dags/example_latest_only.py for tasks to queue
[2026-09-22T16:56:28.153+0000] {logging_mixin.py:188} INFO - [2026-09-22T16:56:28.152+0000] {dagbag.py:545} INFO - Filling up the DagBag from /home/airflow/.local/lib/python3.12/site-packages/airflow/example_dags/example_latest_only.py
[2026-09-22T16:56:28.159+0000] {processor.py:840} INFO - DAG(s) 'latest_only' retrieved from /home/airflow/.local/lib/python3.12/site-packages/airflow/example_dags/example_latest_only.py
[2026-09-22T16:56:28.181+0000] {logging_mixin.py:188} INFO - [2026-09-22T16:56:28.181+0000] {dag.py:3089} INFO - Sync 1 DAGs
[2026-09-22T16:56:28.201+0000] {logging_mixin.py:188} INFO - [2026-09-22T16:56:28.200+0000] {dag.py:3947} INFO - Setting next_dagrun for latest_only to 2026-09-22 12:00:00+00:00, run_after=2026-09-22 16:00:00+00:00
[2026-09-22T16:56:28.224+0000] {processor.py:183} INFO - Processing /home/airflow/.local/lib/python3.12/site-packages/airflow/example_dags/example_latest_only.py took 0.081 seconds
[2026-09-22T16:58:05.663+0000] {processor.py:161} INFO - Started process (PID=116) to work on /home/airflow/.local/lib/python3.12/site-packages/airflow/example_dags/example_latest_only.py
[2026-09-22T16:58:05.664+0000] {processor.py:830} INFO - Processing file /home/airflow/.local/lib/python3.12/site-packages/airflow/example_dags/example_latest_only.py for tasks to queue
[2026-09-22T16:58:05.668+0000] {logging_mixin.py:188} INFO - [2026-09-22T16:58:05.667+0000] {dagbag.py:545} INFO - Filling up the DagBag from /home/airflow/.local/lib/python3.12/site-packages/airflow/example_dags/example_latest_only.py
[2026-09-22T16:58:05.674+0000] {processor.py:840} INFO - DAG(s) 'latest_only' retrieved from /home/airflow/.local/lib/python3.12/site-packages/airflow/example_dags/example_latest_only.py
[2026-09-22T16:58:05.806+0000] {logging_mixin.py:188} INFO - [2026-09-22T16:58:05.805+0000] {dag.py:3089} INFO - Sync 1 DAGs
[2026-09-22T16:58:05.845+0000] {logging_mixin.py:188} INFO - [2026-09-22T16:58:05.845+0000] {dag.py:3947} INFO - Setting next_dagrun for latest_only to 2026-09-22 12:00:00+00:00, run_after=2026-09-22 16:00:00+00:00
[2026-09-22T16:58:05.880+0000] {processor.py:183} INFO - Processing /home/airflow/.local/lib/python3.12/site-packages/airflow/example_dags/example_latest_only.py took 0.223 seconds
[2026-09-22T16:58:35.978+0000] {processor.py:161} INFO - Started process (PID=174) to work on /home/airflow/.local/lib/python3.12/site-packages/airflow/example_dags/example_latest_only.py
[2026-09-22T16:58:35.979+0000] {processor.py:830} INFO - Processing file /home/airflow/.local/lib/python3.12/site-packages/airflow/example_dags/example_latest_only.py for tasks to queue
[2026-09-22T16:58:35.981+0000] {logging_mixin.py:188} INFO - [2026-09-22T16:58:35.981+0000] {dagbag.py:545} INFO - Filling up the DagBag from /home/airflow/.local/lib/python3.12/site-packages/airflow/example_dags/example_latest_only.py
[2026-09-22T16:58:35.985+0000] {processor.py:840} INFO - DAG(s) 'latest_only' retrieved from /home/airflow/.local/lib/python3.12/site-packages/airflow/example_dags/example_latest_only.py
[2026-09-22T16:58:36.003+0000] {logging_mixin.py:188} INFO - [2026-09-22T16:58:36.003+0000] {dag.py:3089} INFO - Sync 1 DAGs
[2026-09-22T16:58:36.024+0000] {logging_mixin.py:188} INFO - [2026-09-22T16:58:36.024+0000] {dag.py:3947} INFO - Setting next_dagrun for latest_only to 2026-09-22 12:00:00+00:00, run_after=2026-09-22 16:00:00+00:00
[2026-09-22T16:58:36.045+0000] {processor.py:183} INFO - Processing /home/airflow/.local/lib/python3.12/site-packages/airflow/example_dags/example_latest_only.py took 0.071 seconds
[2026-09-22T16:59:06.982+0000] {processor.py:161} INFO - Started process (PID=232) to work on /home/airflow/.local/lib/python3.12/site-packages/airflow/example_dags/example_latest_only.py
[2026-09-22T16:59:06.983+0000] {processor.py:830} INFO - Processing file /home/airflow/.local/lib/python3.12/site-packages/airflow/example_dags/example_latest_only.py for tasks to queue
[2026-09-22T16:59:06.985+0000] {logging_mixin.py:188} INFO - [2026-09-22T16:59:06.985+0000] {dagbag.py:545} INFO - Filling up the DagBag from /home/airflow/.local/lib/python3.12/site-packages/airflow/example_dags/example_latest_only.py
[2026-09-22T16:59:06.989+0000] {processor.py:840} INFO - DAG(s) 'latest_only' retrieved from /home/airflow/.local/lib/python3.12/site-packages/airflow/example_dags/example_latest_only.py
[2026-09-22T16:59:07.008+0000] {logging_mixin.py:188} INFO - [2026-09-22T16:59:07.008+0000] {dag.py:3089} INFO - Sync 1 DAGs
[2026-09-22T16:59:07.026+0000] {logging_mixin.py:188} INFO - [2026-09-22T16:59:07.026+0000] {dag.py:3947} INFO - Setting next_dagrun for latest_only to 2026-09-22 12:00:00+00:00, run_after=2026-09-22 16:00:00+00:00
[2026-09-22T16:59:07.045+0000] {processor.py:183} INFO - Processing /home/airflow/.local/lib/python3.12/site-packages/airflow/example_dags/example_latest_only.py took 0.067 seconds
[2026-09-22T16:59:37.388+0000] {processor.py:161} INFO - Started process (PID=290) to work on /home/airflow/.local/lib/python3.12/site-packages/airflow/example_dags/example_latest_only.py
[2026-09-22T16:59:37.390+0000] {processor.py:830} INFO - Processing file /home/airflow/.local/lib/python3.12/site-packages/airflow/example_dags/example_latest_only.py for tasks to queue
[2026-09-22T16:59:37.391+0000] {logging_mixin.py:188} INFO - [2026-09-22T16:59:37.391+0000] {dagbag.py:545} INFO - Filling up the DagBag from /home/airflow/.local/lib/python3.12/site-packages/airflow/example_dags/example_latest_only.py
[2026-09-22T16:59:37.396+0000] {processor.py:840} INFO - DAG(s) 'latest_only' retrieved from /home/airflow/.local/lib/python3.12/site-packages/airflow/example_dags/example_latest_only.py
[2026-09-22T16:59:37.415+0000] {logging_mixin.py:188} INFO - [2026-09-22T16:59:37.415+0000] {dag.py:3089} INFO - Sync 1 DAGs
[2026-09-22T16:59:37.438+0000] {logging_mixin.py:188} INFO - [2026-09-22T16:59:37.437+0000] {dag.py:3947} INFO - Setting next_dagrun for latest_only to 2026-09-22 12:00:00+00:00, run_after=2026-09-22 16:00:00+00:00
[2026-09-22T16:59:37.458+0000] {processor.py:183} INFO - Processing /home/airflow/.local/lib/python3.12/site-packages/airflow/example_dags/example_latest_only.py took 0.075 seconds
[2026-09-22T17:00:07.733+0000] {processor.py:161} INFO - Started process (PID=348) to work on /home/airflow/.local/lib/python3.12/site-packages/airflow/example_dags/example_latest_only.py
[2026-09-22T17:00:07.735+0000] {processor.py:830} INFO - Processing file /home/airflow/.local/lib/python3.12/site-packages/airflow/example_dags/example_latest_only.py for tasks to queue
[2026-09-22T17:00:07.738+0000] {logging_mixin.py:188} INFO - [2026-09-22T17:00:07.738+0000] {dagbag.py:545} INFO - Filling up the DagBag from /home/airflow/.local/lib/python3.12/site-packages/airflow/example_dags/example_latest_only.py
[2026-09-22T17:00:07.744+0000] {processor.py:840} INFO - DAG(s) 'latest_only' retrieved from /home/airflow/.local/lib/python3.12/site-packages/airflow/example_dags/example_latest_only.py
[2026-09-22T17:00:07.772+0000] {logging_mixin.py:188} INFO - [2026-09-22T17:00:07.772+0000] {dag.py:3089} INFO - Sync 1 DAGs
[2026-09-22T17:00:07.795+0000] {logging_mixin.py:188} INFO - [2026-09-22T17:00:07.795+0000] {dag.py:3947} INFO - Setting next_dagrun for latest_only to 2026-09-22 12:00:00+00:00, run_after=2026-09-22 16:00:00+00:00
[2026-09-22T17:00:07.815+0000] {processor.py:183} INFO - Processing /home/airflow/.local/lib/python3.12/site-packages/airflow/example_dags/example_latest_only.py took 0.089 seconds
[2026-09-22T17:00:38.260+0000] {processor.py:161} INFO - Started process (PID=406) to work on /home/airflow/.local/lib/python3.12/site-packages/airflow/example_dags/example_latest_only.py
[2026-09-22T17:00:38.261+0000] {processor.py:830} INFO - Processing file /home/airflow/.local/lib/python3.12/site-packages/airflow/example_dags/example_latest_only.py for tasks to queue
[2026-09-22T17:00:38.263+0000] {logging_mixin.py:188} INFO - [2026-09-22T17:00:38.262+0000] {dagbag.py:545} INFO - Filling up the DagBag from /home/airflow/.local/lib/python3.12/site-packages/airflow/example_dags/example_latest_only.py
[2026-09-22T17:00:38.268+0000] {processor.py:840} INFO - DAG(s) 'latest_only' retrieved from /home/airflow/.local/lib/python3.12/site-packages/airflow/example_dags/example_latest_only.py
[2026-09-22T17:00:38.288+0000] {logging_mixin.py:188} INFO - [2026-09-22T17:00:38.288+0000] {dag.py:3089} INFO - Sync 1 DAGs
[2026-09-22T17:00:38.306+0000] {logging_mixin.py:188} INFO - [2026-09-22T17:00:38.306+0000] {dag.py:3947} INFO - Setting next_dagrun for latest_only to 2026-09-22 12:00:00+00:00, run_after=2026-09-22 16:00:00+00:00
[2026-09-22T17:00:38.332+0000] {processor.py:183} INFO - Processing /home/airflow/.local/lib/python3.12/site-packages/airflow/example_dags/example_latest_only.py took 0.078 seconds
[2026-09-22T17:01:08.727+0000] {processor.py:161} INFO - Started process (PID=464) to work on /home/airflow/.local/lib/python3.12/site-packages/airflow/example_dags/example_latest_only.py
[2026-09-22T17:01:08.729+0000] {processor.py:830} INFO - Processing file /home/airflow/.local/lib/python3.12/site-packages/airflow/example_dags/example_latest_only.py for tasks to queue
[2026-09-22T17:01:08.731+0000] {logging_mixin.py:188} INFO - [2026-09-22T17:01:08.731+0000] {dagbag.py:545} INFO - Filling up the DagBag from /home/airflow/.local/lib/python3.12/site-packages/airflow/example_dags/example_latest_only.py
[2026-09-22T17:01:08.737+0000] {processor.py:840} INFO - DAG(s) 'latest_only' retrieved from /home/airflow/.local/lib/python3.12/site-packages/airflow/example_dags/example_latest_only.py
[2026-09-22T17:01:08.761+0000] {logging_mixin.py:188} INFO - [2026-09-22T17:01:08.760+0000] {dag.py:3089} INFO - Sync 1 DAGs
[2026-09-22T17:01:08.779+0000] {logging_mixin.py:188} INFO - [2026-09-22T17:01:08.778+0000] {dag.py:3947} INFO - Setting next_dagrun for latest_only to 2026-09-22 12:00:00+00:00, run_after=2026-09-22 16:00:00+00:00
[2026-09-22T17:01:08.797+0000] {processor.py:183} INFO - Processing /home/airflow/.local/lib/python3.12/site-packages/airflow/example_dags/example_latest_only.py took 0.078 seconds
[2026-09-22T17:01:39.356+0000] {processor.py:161} INFO - Started process (PID=522) to work on /home/airflow/.local/lib/python3.12/site-packages/airflow/example_dags/example_latest_only.py
[2026-09-22T17:01:39.357+0000] {processor.py:830} INFO - Processing file /home/airflow/.local/lib/python3.12/site-packages/airflow/example_dags/example_latest_only.py for tasks to queue
[2026-09-22T17:01:39.359+0000] {logging_mixin.py:188} INFO - [2026-09-22T17:01:39.359+0000] {dagbag.py:545} INFO - Filling up the DagBag from /home/airflow/.local/lib/python3.12/site-packages/airflow/example_dags/example_latest_only.py
[2026-09-22T17:01:39.364+0000] {processor.py:840} INFO - DAG(s) 'latest_only' retrieved from /home/airflow/.local/lib/python3.12/site-packages/airflow/example_dags/example_latest_only.py
[2026-09-22T17:01:39.390+0000] {logging_mixin.py:188} INFO - [2026-09-22T17:01:39.390+0000] {dag.py:3089} INFO - Sync 1 DAGs
[2026-09-22T17:01:39.410+0000] {logging_mixin.py:188} INFO - [2026-09-22T17:01:39.410+0000] {dag.py:3947} INFO - Setting next_dagrun for latest_only to 2026-09-22 12:00:00+00:00, run_after=2026-09-22 16:00:00+00:00
[2026-09-22T17:01:39.436+0000] {processor.py:183} INFO - Processing /home/airflow/.local/lib/python3.12/site-packages/airflow/example_dags/example_latest_only.py took 0.091 seconds
[2026-09-22T17:02:10.643+0000] {processor.py:161} INFO - Started process (PID=580) to work on /home/airflow/.local/lib/python3.12/site-packages/airflow/example_dags/example_latest_only.py
[2026-09-22T17:02:10.644+0000] {processor.py:830} INFO - Processing file /home/airflow/.local/lib/python3.12/site-packages/airflow/example_dags/example_latest_only.py for tasks to queue
[2026-09-22T17:02:10.646+0000] {logging_mixin.py:188} INFO - [2026-09-22T17:02:10.646+0000] {dagbag.py:545} INFO - Filling up the DagBag from /home/airflow/.local/lib/python3.12/site-packages/airflow/example_dags/example_latest_only.py
[2026-09-22T17:02:10.652+0000] {processor.py:840} INFO - DAG(s) 'latest_only' retrieved from /home/airflow/.local/lib/python3.12/site-packages/airflow/example_dags/example_latest_only.py
[2026-09-22T17:02:10.670+0000] {logging_mixin.py:188} INFO - [2026-09-22T17:02:10.670+0000] {dag.py:3089} INFO - Sync 1 DAGs
[2026-09-22T17:02:10.688+0000] {logging_mixin.py:188} INFO - [2026-09-22T17:02:10.688+0000] {dag.py:3947} INFO - Setting next_dagrun for latest_only to 2026-09-22 12:00:00+00:00, run_after=2026-09-22 16:00:00+00:00
[2026-09-22T17:02:10.709+0000] {processor.py:183} INFO - Processing /home/airflow/.local/lib/python3.12/site-packages/airflow/example_dags/example_latest_only.py took 0.071 seconds
[2026-09-22T17:03:34.305+0000] {processor.py:161} INFO - Started process (PID=114) to work on /home/airflow/.local/lib/python3.12/site-packages/airflow/example_dags/example_latest_only.py
[2026-09-22T17:03:34.306+0000] {processor.py:830} INFO - Processing file /home/airflow/.local/lib/python3.12/site-packages/airflow/example_dags/example_latest_only.py for tasks to queue
[2026-09-22T17:03:34.309+0000] {logging_mixin.py:188} INFO - [2026-09-22T17:03:34.308+0000] {dagbag.py:545} INFO - Filling up the DagBag from /home/airflow/.local/lib/python3.12/site-packages/airflow/example_dags/example_latest_only.py
[2026-09-22T17:03:34.315+0000] {processor.py:840} INFO - DAG(s) 'latest_only' retrieved from /home/airflow/.local/lib/python3.12/site-packages/airflow/example_dags/example_latest_only.py
[2026-09-22T17:03:34.424+0000] {logging_mixin.py:188} INFO - [2026-09-22T17:03:34.424+0000] {dag.py:3089} INFO - Sync 1 DAGs
[2026-09-22T17:03:34.449+0000] {logging_mixin.py:188} INFO - [2026-09-22T17:03:34.449+0000] {dag.py:3947} INFO - Setting next_dagrun for latest_only to 2026-09-22 12:00:00+00:00, run_after=2026-09-22 16:00:00+00:00
[2026-09-22T17:03:34.475+0000] {processor.py:183} INFO - Processing /home/airflow/.local/lib/python3.12/site-packages/airflow/example_dags/example_latest_only.py took 0.176 seconds
[2026-09-22T17:04:04.564+0000] {processor.py:161} INFO - Started process (PID=172) to work on /home/airflow/.local/lib/python3.12/site-packages/airflow/example_dags/example_latest_only.py
[2026-09-22T17:04:04.565+0000] {processor.py:830} INFO - Processing file /home/airflow/.local/lib/python3.12/site-packages/airflow/example_dags/example_latest_only.py for tasks to queue
[2026-09-22T17:04:04.567+0000] {logging_mixin.py:188} INFO - [2026-09-22T17:04:04.566+0000] {dagbag.py:545} INFO - Filling up the DagBag from /home/airflow/.local/lib/python3.12/site-packages/airflow/example_dags/example_latest_only.py
[2026-09-22T17:04:04.571+0000] {processor.py:840} INFO - DAG(s) 'latest_only' retrieved from /home/airflow/.local/lib/python3.12/site-packages/airflow/example_dags/example_latest_only.py
[2026-09-22T17:04:04.593+0000] {logging_mixin.py:188} INFO - [2026-09-22T17:04:04.592+0000] {dag.py:3089} INFO - Sync 1 DAGs
[2026-09-22T17:04:04.615+0000] {logging_mixin.py:188} INFO - [2026-09-22T17:04:04.615+0000] {dag.py:3947} INFO - Setting next_dagrun for latest_only to 2026-09-22 12:00:00+00:00, run_after=2026-09-22 16:00:00+00:00
[2026-09-22T17:04:04.637+0000] {processor.py:183} INFO - Processing /home/airflow/.local/lib/python3.12/site-packages/airflow/example_dags/example_latest_only.py took 0.078 seconds
[2026-09-22T17:04:35.466+0000] {processor.py:161} INFO - Started process (PID=230) to work on /home/airflow/.local/lib/python3.12/site-packages/airflow/example_dags/example_latest_only.py
[2026-09-22T17:04:35.469+0000] {processor.py:830} INFO - Processing file /home/airflow/.local/lib/python3.12/site-packages/airflow/example_dags/example_latest_only.py for tasks to queue
[2026-09-22T17:04:35.473+0000] {logging_mixin.py:188} INFO - [2026-09-22T17:04:35.472+0000] {dagbag.py:545} INFO - Filling up the DagBag from /home/airflow/.local/lib/python3.12/site-packages/airflow/example_dags/example_latest_only.py
[2026-09-22T17:04:35.481+0000] {processor.py:840} INFO - DAG(s) 'latest_only' retrieved from /home/airflow/.local/lib/python3.12/site-packages/airflow/example_dags/example_latest_only.py
[2026-09-22T17:04:35.512+0000] {logging_mixin.py:188} INFO - [2026-09-22T17:04:35.512+0000] {dag.py:3089} INFO - Sync 1 DAGs
[2026-09-22T17:04:35.544+0000] {logging_mixin.py:188} INFO - [2026-09-22T17:04:35.543+0000] {dag.py:3947} INFO - Setting next_dagrun for latest_only to 2026-09-22 12:00:00+00:00, run_after=2026-09-22 16:00:00+00:00
[2026-09-22T17:04:35.572+0000] {processor.py:183} INFO - Processing /home/airflow/.local/lib/python3.12/site-packages/airflow/example_dags/example_latest_only.py took 0.112 seconds
[2026-09-22T17:05:06.336+0000] {processor.py:161} INFO - Started process (PID=288) to work on /home/airflow/.local/lib/python3.12/site-packages/airflow/example_dags/example_latest_only.py
[2026-09-22T17:05:06.337+0000] {processor.py:830} INFO - Processing file /home/airflow/.local/lib/python3.12/site-packages/airflow/example_dags/example_latest_only.py for tasks to queue
[2026-09-22T17:05:06.344+0000] {logging_mixin.py:188} INFO - [2026-09-22T17:05:06.343+0000] {dagbag.py:545} INFO - Filling up the DagBag from /home/airflow/.local/lib/python3.12/site-packages/airflow/example_dags/example_latest_only.py
[2026-09-22T17:05:06.350+0000] {processor.py:840} INFO - DAG(s) 'latest_only' retrieved from /home/airflow/.local/lib/python3.12/site-packages/airflow/example_dags/example_latest_only.py
[2026-09-22T17:05:06.403+0000] {logging_mixin.py:188} INFO - [2026-09-22T17:05:06.403+0000] {dag.py:3089} INFO - Sync 1 DAGs
[2026-09-22T17:05:06.451+0000] {logging_mixin.py:188} INFO - [2026-09-22T17:05:06.451+0000] {dag.py:3947} INFO - Setting next_dagrun for latest_only to 2026-09-22 12:00:00+00:00, run_after=2026-09-22 16:00:00+00:00
[2026-09-22T17:05:06.490+0000] {processor.py:183} INFO - Processing /home/airflow/.local/lib/python3.12/site-packages/airflow/example_dags/example_latest_only.py took 0.165 seconds
[2026-09-22T17:05:36.775+0000] {processor.py:161} INFO - Started process (PID=346) to work on /home/airflow/.local/lib/python3.12/site-packages/airflow/example_dags/example_latest_only.py
[2026-09-22T17:05:36.778+0000] {processor.py:830} INFO - Processing file /home/airflow/.local/lib/python3.12/site-packages/airflow/example_dags/example_latest_only.py for tasks to queue
[2026-09-22T17:05:36.781+0000] {logging_mixin.py:188} INFO - [2026-09-22T17:05:36.780+0000] {dagbag.py:545} INFO - Filling up the DagBag from /home/airflow/.local/lib/python3.12/site-packages/airflow/example_dags/example_latest_only.py
[2026-09-22T17:05:36.801+0000] {processor.py:840} INFO - DAG(s) 'latest_only' retrieved from /home/airflow/.local/lib/python3.12/site-packages/airflow/example_dags/example_latest_only.py
[2026-09-22T17:05:36.856+0000] {logging_mixin.py:188} INFO - [2026-09-22T17:05:36.855+0000] {dag.py:3089} INFO - Sync 1 DAGs
[2026-09-22T17:05:36.890+0000] {logging_mixin.py:188} INFO - [2026-09-22T17:05:36.890+0000] {dag.py:3947} INFO - Setting next_dagrun for latest_only to 2026-09-22 12:00:00+00:00, run_after=2026-09-22 16:00:00+00:00
[2026-09-22T17:05:36.912+0000] {processor.py:183} INFO - Processing /home/airflow/.local/lib/python3.12/site-packages/airflow/example_dags/example_latest_only.py took 0.149 seconds
[2026-09-22T17:06:07.338+0000] {processor.py:161} INFO - Started process (PID=404) to work on /home/airflow/.local/lib/python3.12/site-packages/airflow/example_dags/example_latest_only.py
[2026-09-22T17:06:07.340+0000] {processor.py:830} INFO - Processing file /home/airflow/.local/lib/python3.12/site-packages/airflow/example_dags/example_latest_only.py for tasks to queue
[2026-09-22T17:06:07.343+0000] {logging_mixin.py:188} INFO - [2026-09-22T17:06:07.343+0000] {dagbag.py:545} INFO - Filling up the DagBag from /home/airflow/.local/lib/python3.12/site-packages/airflow/example_dags/example_latest_only.py
[2026-09-22T17:06:07.356+0000] {processor.py:840} INFO - DAG(s) 'latest_only' retrieved from /home/airflow/.local/lib/python3.12/site-packages/airflow/example_dags/example_latest_only.py
[2026-09-22T17:06:07.388+0000] {logging_mixin.py:188} INFO - [2026-09-22T17:06:07.388+0000] {dag.py:3089} INFO - Sync 1 DAGs
[2026-09-22T17:06:07.419+0000] {logging_mixin.py:188} INFO - [2026-09-22T17:06:07.418+0000] {dag.py:3947} INFO - Setting next_dagrun for latest_only to 2026-09-22 12:00:00+00:00, run_after=2026-09-22 16:00:00+00:00
[2026-09-22T17:06:07.455+0000] {processor.py:183} INFO - Processing /home/airflow/.local/lib/python3.12/site-packages/airflow/example_dags/example_latest_only.py took 0.129 seconds
[2026-09-22T17:06:38.124+0000] {processor.py:161} INFO - Started process (PID=462) to work on /home/airflow/.local/lib/python3.12/site-packages/airflow/example_dags/example_latest_only.py
[2026-09-22T17:06:38.125+0000] {processor.py:830} INFO - Processing file /home/airflow/.local/lib/python3.12/site-packages/airflow/example_dags/example_latest_only.py for tasks to queue
[2026-09-22T17:06:38.127+0000] {logging_mixin.py:188} INFO - [2026-09-22T17:06:38.127+0000] {dagbag.py:545} INFO - Filling up the DagBag from /home/airflow/.local/lib/python3.12/site-packages/airflow/example_dags/example_latest_only.py
[2026-09-22T17:06:38.133+0000] {processor.py:840} INFO - DAG(s) 'latest_only' retrieved from /home/airflow/.local/lib/python3.12/site-packages/airflow/example_dags/example_latest_only.py
[2026-09-22T17:06:38.153+0000] {logging_mixin.py:188} INFO - [2026-09-22T17:06:38.153+0000] {dag.py:3089} INFO - Sync 1 DAGs
[2026-09-22T17:06:38.173+0000] {logging_mixin.py:188} INFO - [2026-09-22T17:06:38.173+0000] {dag.py:3947} INFO - Setting next_dagrun for latest_only to 2026-09-22 12:00:00+00:00, run_after=2026-09-22 16:00:00+00:00
[2026-09-22T17:06:38.194+0000] {processor.py:183} INFO - Processing /home/airflow/.local/lib/python3.12/site-packages/airflow/example_dags/example_latest_only.py took 0.076 seconds
[2026-09-22T17:07:08.879+0000] {processor.py:161} INFO - Started process (PID=520) to work on /home/airflow/.local/lib/python3.12/site-packages/airflow/example_dags/example_latest_only.py
[2026-09-22T17:07:08.880+0000] {processor.py:830} INFO - Processing file /home/airflow/.local/lib/python3.12/site-packages/airflow/example_dags/example_latest_only.py for tasks to queue
[2026-09-22T17:07:08.883+0000] {logging_mixin.py:188} INFO - [2026-09-22T17:07:08.882+0000] {dagbag.py:545} INFO - Filling up the DagBag from /home/airflow/.local/lib/python3.12/site-packages/airflow/example_dags/example_latest_only.py
[2026-09-22T17:07:08.889+0000] {processor.py:840} INFO - DAG(s) 'latest_only' retrieved from /home/airflow/.local/lib/python3.12/site-packages/airflow/example_dags/example_latest_only.py
[2026-09-22T17:07:08.910+0000] {logging_mixin.py:188} INFO - [2026-09-22T17:07:08.910+0000] {dag.py:3089} INFO - Sync 1 DAGs
[2026-09-22T17:07:08.931+0000] {logging_mixin.py:188} INFO - [2026-09-22T17:07:08.931+0000] {dag.py:3947} INFO - Setting next_dagrun for latest_only to 2026-09-22 12:00:00+00:00, run_after=2026-09-22 16:00:00+00:00
[2026-09-22T17:07:08.957+0000] {processor.py:183} INFO - Processing /home/airflow/.local/lib/python3.12/site-packages/airflow/example_dags/example_latest_only.py took 0.083 seconds
[2026-09-22T17:07:39.412+0000] {processor.py:161} INFO - Started process (PID=578) to work on /home/airflow/.local/lib/python3.12/site-packages/airflow/example_dags/example_latest_only.py
[2026-09-22T17:07:39.413+0000] {processor.py:830} INFO - Processing file /home/airflow/.local/lib/python3.12/site-packages/airflow/example_dags/example_latest_only.py for tasks to queue
[2026-09-22T17:07:39.416+0000] {logging_mixin.py:188} INFO - [2026-09-22T17:07:39.415+0000] {dagbag.py:545} INFO - Filling up the DagBag from /home/airflow/.local/lib/python3.12/site-packages/airflow/example_dags/example_latest_only.py
[2026-09-22T17:07:39.421+0000] {processor.py:840} INFO - DAG(s) 'latest_only' retrieved from /home/airflow/.local/lib/python3.12/site-packages/airflow/example_dags/example_latest_only.py
[2026-09-22T17:07:39.439+0000] {logging_mixin.py:188} INFO - [2026-09-22T17:07:39.439+0000] {dag.py:3089} INFO - Sync 1 DAGs
[2026-09-22T17:07:39.458+0000] {logging_mixin.py:188} INFO - [2026-09-22T17:07:39.458+0000] {dag.py:3947} INFO - Setting next_dagrun for latest_only to 2026-09-22 12:00:00+00:00, run_after=2026-09-22 16:00:00+00:00
[2026-09-22T17:07:39.478+0000] {processor.py:183} INFO - Processing /home/airflow/.local/lib/python3.12/site-packages/airflow/example_dags/example_latest_only.py took 0.071 seconds
[2026-09-22T17:08:09.754+0000] {processor.py:161} INFO - Started process (PID=636) to work on /home/airflow/.local/lib/python3.12/site-packages/airflow/example_dags/example_latest_only.py
[2026-09-22T17:08:09.755+0000] {processor.py:830} INFO - Processing file /home/airflow/.local/lib/python3.12/site-packages/airflow/example_dags/example_latest_only.py for tasks to queue
[2026-09-22T17:08:09.758+0000] {logging_mixin.py:188} INFO - [2026-09-22T17:08:09.757+0000] {dagbag.py:545} INFO - Filling up the DagBag from /home/airflow/.local/lib/python3.12/site-packages/airflow/example_dags/example_latest_only.py
[2026-09-22T17:08:09.762+0000] {processor.py:840} INFO - DAG(s) 'latest_only' retrieved from /home/airflow/.local/lib/python3.12/site-packages/airflow/example_dags/example_latest_only.py
[2026-09-22T17:08:09.780+0000] {logging_mixin.py:188} INFO - [2026-09-22T17:08:09.780+0000] {dag.py:3089} INFO - Sync 1 DAGs
[2026-09-22T17:08:09.800+0000] {logging_mixin.py:188} INFO - [2026-09-22T17:08:09.800+0000] {dag.py:3947} INFO - Setting next_dagrun for latest_only to 2026-09-22 12:00:00+00:00, run_after=2026-09-22 16:00:00+00:00
[2026-09-22T17:08:09.819+0000] {processor.py:183} INFO - Processing /home/airflow/.local/lib/python3.12/site-packages/airflow/example_dags/example_latest_only.py took 0.071 seconds
[2026-09-22T17:08:40.016+0000] {processor.py:161} INFO - Started process (PID=700) to work on /home/airflow/.local/lib/python3.12/site-packages/airflow/example_dags/example_latest_only.py
[2026-09-22T17:08:40.017+0000] {processor.py:830} INFO - Processing file /home/airflow/.local/lib/python3.12/site-packages/airflow/example_dags/example_latest_only.py for tasks to queue
[2026-09-22T17:08:40.020+0000] {logging_mixin.py:188} INFO - [2026-09-22T17:08:40.019+0000] {dagbag.py:545} INFO - Filling up the DagBag from /home/airflow/.local/lib/python3.12/site-packages/airflow/example_dags/example_latest_only.py
[2026-09-22T17:08:40.024+0000] {processor.py:840} INFO - DAG(s) 'latest_only' retrieved from /home/airflow/.local/lib/python3.12/site-packages/airflow/example_dags/example_latest_only.py
[2026-09-22T17:08:40.041+0000] {logging_mixin.py:188} INFO - [2026-09-22T17:08:40.041+0000] {dag.py:3089} INFO - Sync 1 DAGs
[2026-09-22T17:08:40.060+0000] {logging_mixin.py:188} INFO - [2026-09-22T17:08:40.060+0000] {dag.py:3947} INFO - Setting next_dagrun for latest_only to 2026-09-22 12:00:00+00:00, run_after=2026-09-22 16:00:00+00:00
[2026-09-22T17:08:40.078+0000] {processor.py:183} INFO - Processing /home/airflow/.local/lib/python3.12/site-packages/airflow/example_dags/example_latest_only.py took 0.069 seconds
[2026-09-22T17:09:10.278+0000] {processor.py:161} INFO - Started process (PID=758) to work on /home/airflow/.local/lib/python3.12/site-packages/airflow/example_dags/example_latest_only.py
[2026-09-22T17:09:10.279+0000] {processor.py:830} INFO - Processing file /home/airflow/.local/lib/python3.12/site-packages/airflow/example_dags/example_latest_only.py for tasks to queue
[2026-09-22T17:09:10.281+0000] {logging_mixin.py:188} INFO - [2026-09-22T17:09:10.281+0000] {dagbag.py:545} INFO - Filling up the DagBag from /home/airflow/.local/lib/python3.12/site-packages/airflow/example_dags/example_latest_only.py
[2026-09-22T17:09:10.286+0000] {processor.py:840} INFO - DAG(s) 'latest_only' retrieved from /home/airflow/.local/lib/python3.12/site-packages/airflow/example_dags/example_latest_only.py
[2026-09-22T17:09:10.302+0000] {logging_mixin.py:188} INFO - [2026-09-22T17:09:10.302+0000] {dag.py:3089} INFO - Sync 1 DAGs
[2026-09-22T17:09:10.319+0000] {logging_mixin.py:188} INFO - [2026-09-22T17:09:10.319+0000] {dag.py:3947} INFO - Setting next_dagrun for latest_only to 2026-09-22 12:00:00+00:00, run_after=2026-09-22 16:00:00+00:00
[2026-09-22T17:09:10.337+0000] {processor.py:183} INFO - Processing /home/airflow/.local/lib/python3.12/site-packages/airflow/example_dags/example_latest_only.py took 0.064 seconds
[2026-09-22T17:09:40.529+0000] {processor.py:161} INFO - Started process (PID=816) to work on /home/airflow/.local/lib/python3.12/site-packages/airflow/example_dags/example_latest_only.py
[2026-09-22T17:09:40.531+0000] {processor.py:830} INFO - Processing file /home/airflow/.local/lib/python3.12/site-packages/airflow/example_dags/example_latest_only.py for tasks to queue
[2026-09-22T17:09:40.533+0000] {logging_mixin.py:188} INFO - [2026-09-22T17:09:40.533+0000] {dagbag.py:545} INFO - Filling up the DagBag from /home/airflow/.local/lib/python3.12/site-packages/airflow/example_dags/example_latest_only.py
[2026-09-22T17:09:40.538+0000] {processor.py:840} INFO - DAG(s) 'latest_only' retrieved from /home/airflow/.local/lib/python3.12/site-packages/airflow/example_dags/example_latest_only.py
[2026-09-22T17:09:40.559+0000] {logging_mixin.py:188} INFO - [2026-09-22T17:09:40.559+0000] {dag.py:3089} INFO - Sync 1 DAGs
[2026-09-22T17:09:40.580+0000] {logging_mixin.py:188} INFO - [2026-09-22T17:09:40.579+0000] {dag.py:3947} INFO - Setting next_dagrun for latest_only to 2026-09-22 12:00:00+00:00, run_after=2026-09-22 16:00:00+00:00
[2026-09-22T17:09:40.601+0000] {processor.py:183} INFO - Processing /home/airflow/.local/lib/python3.12/site-packages/airflow/example_dags/example_latest_only.py took 0.077 seconds
[2026-09-22T17:10:10.710+0000] {processor.py:161} INFO - Started process (PID=874) to work on /home/airflow/.local/lib/python3.12/site-packages/airflow/example_dags/example_latest_only.py
[2026-09-22T17:10:10.711+0000] {processor.py:830} INFO - Processing file /home/airflow/.local/lib/python3.12/site-packages/airflow/example_dags/example_latest_only.py for tasks to queue
[2026-09-22T17:10:10.713+0000] {logging_mixin.py:188} INFO - [2026-09-22T17:10:10.713+0000] {dagbag.py:545} INFO - Filling up the DagBag from /home/airflow/.local/lib/python3.12/site-packages/airflow/example_dags/example_latest_only.py
[2026-09-22T17:10:10.718+0000] {processor.py:840} INFO - DAG(s) 'latest_only' retrieved from /home/airflow/.local/lib/python3.12/site-packages/airflow/example_dags/example_latest_only.py
[2026-09-22T17:10:10.738+0000] {logging_mixin.py:188} INFO - [2026-09-22T17:10:10.738+0000] {dag.py:3089} INFO - Sync 1 DAGs
[2026-09-22T17:10:10.757+0000] {logging_mixin.py:188} INFO - [2026-09-22T17:10:10.757+0000] {dag.py:3947} INFO - Setting next_dagrun for latest_only to 2026-09-22 12:00:00+00:00, run_after=2026-09-22 16:00:00+00:00
[2026-09-22T17:10:10.778+0000] {processor.py:183} INFO - Processing /home/airflow/.local/lib/python3.12/site-packages/airflow/example_dags/example_latest_only.py took 0.074 seconds
[2026-09-22T17:10:40.847+0000] {processor.py:161} INFO - Started process (PID=932) to work on /home/airflow/.local/lib/python3.12/site-packages/airflow/example_dags/example_latest_only.py
[2026-09-22T17:10:40.848+0000] {processor.py:830} INFO - Processing file /home/airflow/.local/lib/python3.12/site-packages/airflow/example_dags/example_latest_only.py for tasks to queue
[2026-09-22T17:10:40.850+0000] {logging_mixin.py:188} INFO - [2026-09-22T17:10:40.850+0000] {dagbag.py:545} INFO - Filling up the DagBag from /home/airflow/.local/lib/python3.12/site-packages/airflow/example_dags/example_latest_only.py
[2026-09-22T17:10:40.854+0000] {processor.py:840} INFO - DAG(s) 'latest_only' retrieved from /home/airflow/.local/lib/python3.12/site-packages/airflow/example_dags/example_latest_only.py
[2026-09-22T17:10:40.872+0000] {logging_mixin.py:188} INFO - [2026-09-22T17:10:40.872+0000] {dag.py:3089} INFO - Sync 1 DAGs
[2026-09-22T17:10:40.890+0000] {logging_mixin.py:188} INFO - [2026-09-22T17:10:40.890+0000] {dag.py:3947} INFO - Setting next_dagrun for latest_only to 2026-09-22 12:00:00+00:00, run_after=2026-09-22 16:00:00+00:00
[2026-09-22T17:10:40.908+0000] {processor.py:183} INFO - Processing /home/airflow/.local/lib/python3.12/site-packages/airflow/example_dags/example_latest_only.py took 0.066 seconds
[2026-09-22T17:11:11.173+0000] {processor.py:161} INFO - Started process (PID=990) to work on /home/airflow/.local/lib/python3.12/site-packages/airflow/example_dags/example_latest_only.py
[2026-09-22T17:11:11.186+0000] {processor.py:830} INFO - Processing file /home/airflow/.local/lib/python3.12/site-packages/airflow/example_dags/example_latest_only.py for tasks to queue
[2026-09-22T17:11:11.188+0000] {logging_mixin.py:188} INFO - [2026-09-22T17:11:11.188+0000] {dagbag.py:545} INFO - Filling up the DagBag from /home/airflow/.local/lib/python3.12/site-packages/airflow/example_dags/example_latest_only.py
[2026-09-22T17:11:11.194+0000] {processor.py:840} INFO - DAG(s) 'latest_only' retrieved from /home/airflow/.local/lib/python3.12/site-packages/airflow/example_dags/example_latest_only.py
[2026-09-22T17:11:11.215+0000] {logging_mixin.py:188} INFO - [2026-09-22T17:11:11.215+0000] {dag.py:3089} INFO - Sync 1 DAGs
[2026-09-22T17:11:11.231+0000] {logging_mixin.py:188} INFO - [2026-09-22T17:11:11.231+0000] {dag.py:3947} INFO - Setting next_dagrun for latest_only to 2026-09-22 12:00:00+00:00, run_after=2026-09-22 16:00:00+00:00
[2026-09-22T17:11:11.249+0000] {processor.py:183} INFO - Processing /home/airflow/.local/lib/python3.12/site-packages/airflow/example_dags/example_latest_only.py took 0.084 seconds
[2026-09-22T17:11:41.546+0000] {processor.py:161} INFO - Started process (PID=1048) to work on /home/airflow/.local/lib/python3.12/site-packages/airflow/example_dags/example_latest_only.py
[2026-09-22T17:11:41.547+0000] {processor.py:830} INFO - Processing file /home/airflow/.local/lib/python3.12/site-packages/airflow/example_dags/example_latest_only.py for tasks to queue
[2026-09-22T17:11:41.549+0000] {logging_mixin.py:188} INFO - [2026-09-22T17:11:41.549+0000] {dagbag.py:545} INFO - Filling up the DagBag from /home/airflow/.local/lib/python3.12/site-packages/airflow/example_dags/example_latest_only.py
[2026-09-22T17:11:41.554+0000] {processor.py:840} INFO - DAG(s) 'latest_only' retrieved from /home/airflow/.local/lib/python3.12/site-packages/airflow/example_dags/example_latest_only.py
[2026-09-22T17:11:41.570+0000] {logging_mixin.py:188} INFO - [2026-09-22T17:11:41.570+0000] {dag.py:3089} INFO - Sync 1 DAGs
[2026-09-22T17:11:41.590+0000] {logging_mixin.py:188} INFO - [2026-09-22T17:11:41.589+0000] {dag.py:3947} INFO - Setting next_dagrun for latest_only to 2026-09-22 12:00:00+00:00, run_after=2026-09-22 16:00:00+00:00
[2026-09-22T17:11:41.610+0000] {processor.py:183} INFO - Processing /home/airflow/.local/lib/python3.12/site-packages/airflow/example_dags/example_latest_only.py took 0.069 seconds
[2026-09-22T17:12:11.683+0000] {processor.py:161} INFO - Started process (PID=1106) to work on /home/airflow/.local/lib/python3.12/site-packages/airflow/example_dags/example_latest_only.py
[2026-09-22T17:12:11.684+0000] {processor.py:830} INFO - Processing file /home/airflow/.local/lib/python3.12/site-packages/airflow/example_dags/example_latest_only.py for tasks to queue
[2026-09-22T17:12:11.686+0000] {logging_mixin.py:188} INFO - [2026-09-22T17:12:11.686+0000] {dagbag.py:545} INFO - Filling up the DagBag from /home/airflow/.local/lib/python3.12/site-packages/airflow/example_dags/example_latest_only.py
[2026-09-22T17:12:11.691+0000] {processor.py:840} INFO - DAG(s) 'latest_only' retrieved from /home/airflow/.local/lib/python3.12/site-packages/airflow/example_dags/example_latest_only.py
[2026-09-22T17:12:11.708+0000] {logging_mixin.py:188} INFO - [2026-09-22T17:12:11.708+0000] {dag.py:3089} INFO - Sync 1 DAGs
[2026-09-22T17:12:11.731+0000] {logging_mixin.py:188} INFO - [2026-09-22T17:12:11.730+0000] {dag.py:3947} INFO - Setting next_dagrun for latest_only to 2026-09-22 12:00:00+00:00, run_after=2026-09-22 16:00:00+00:00
[2026-09-22T17:12:11.753+0000] {processor.py:183} INFO - Processing /home/airflow/.local/lib/python3.12/site-packages/airflow/example_dags/example_latest_only.py took 0.075 seconds
[2026-09-22T17:12:42.016+0000] {processor.py:161} INFO - Started process (PID=1164) to work on /home/airflow/.local/lib/python3.12/site-packages/airflow/example_dags/example_latest_only.py
[2026-09-22T17:12:42.017+0000] {processor.py:830} INFO - Processing file /home/airflow/.local/lib/python3.12/site-packages/airflow/example_dags/example_latest_only.py for tasks to queue
[2026-09-22T17:12:42.019+0000] {logging_mixin.py:188} INFO - [2026-09-22T17:12:42.019+0000] {dagbag.py:545} INFO - Filling up the DagBag from /home/airflow/.local/lib/python3.12/site-packages/airflow/example_dags/example_latest_only.py
[2026-09-22T17:12:42.023+0000] {processor.py:840} INFO - DAG(s) 'latest_only' retrieved from /home/airflow/.local/lib/python3.12/site-packages/airflow/example_dags/example_latest_only.py
[2026-09-22T17:12:42.040+0000] {logging_mixin.py:188} INFO - [2026-09-22T17:12:42.040+0000] {dag.py:3089} INFO - Sync 1 DAGs
[2026-09-22T17:12:42.059+0000] {logging_mixin.py:188} INFO - [2026-09-22T17:12:42.059+0000] {dag.py:3947} INFO - Setting next_dagrun for latest_only to 2026-09-22 12:00:00+00:00, run_after=2026-09-22 16:00:00+00:00
[2026-09-22T17:12:42.079+0000] {processor.py:183} INFO - Processing /home/airflow/.local/lib/python3.12/site-packages/airflow/example_dags/example_latest_only.py took 0.068 seconds
[2026-09-22T17:13:12.371+0000] {processor.py:161} INFO - Started process (PID=1222) to work on /home/airflow/.local/lib/python3.12/site-packages/airflow/example_dags/example_latest_only.py
[2026-09-22T17:13:12.372+0000] {processor.py:830} INFO - Processing file /home/airflow/.local/lib/python3.12/site-packages/airflow/example_dags/example_latest_only.py for tasks to queue
[2026-09-22T17:13:12.374+0000] {logging_mixin.py:188} INFO - [2026-09-22T17:13:12.374+0000] {dagbag.py:545} INFO - Filling up the DagBag from /home/airflow/.local/lib/python3.12/site-packages/airflow/example_dags/example_latest_only.py
[2026-09-22T17:13:12.379+0000] {processor.py:840} INFO - DAG(s) 'latest_only' retrieved from /home/airflow/.local/lib/python3.12/site-packages/airflow/example_dags/example_latest_only.py
[2026-09-22T17:13:12.401+0000] {logging_mixin.py:188} INFO - [2026-09-22T17:13:12.401+0000] {dag.py:3089} INFO - Sync 1 DAGs
[2026-09-22T17:13:12.425+0000] {logging_mixin.py:188} INFO - [2026-09-22T17:13:12.425+0000] {dag.py:3947} INFO - Setting next_dagrun for latest_only to 2026-09-22 12:00:00+00:00, run_after=2026-09-22 16:00:00+00:00
[2026-09-22T17:13:12.450+0000] {processor.py:183} INFO - Processing /home/airflow/.local/lib/python3.12/site-packages/airflow/example_dags/example_latest_only.py took 0.085 seconds
