[2026-09-22T16:19:26.958+0000] {processor.py:161} INFO - Started process (PID=67) to work on /home/airflow/.local/lib/python3.12/site-packages/airflow/example_dags/example_xcom.py
[2026-09-22T16:19:26.960+0000] {processor.py:830} INFO - Processing file /home/airflow/.local/lib/python3.12/site-packages/airflow/example_dags/example_xcom.py for tasks to queue
[2026-09-22T16:19:26.963+0000] {logging_mixin.py:188} INFO - [2026-09-22T16:19:26.963+0000] {dagbag.py:545} INFO - Filling up the DagBag from /home/airflow/.local/lib/python3.12/site-packages/airflow/example_dags/example_xcom.py
[2026-09-22T16:19:26.992+0000] {processor.py:840} INFO - DAG(s) 'example_xcom' retrieved from /home/airflow/.local/lib/python3.12/site-packages/airflow/example_dags/example_xcom.py
[2026-09-22T16:19:27.217+0000] {logging_mixin.py:188} INFO - [2026-09-22T16:19:27.217+0000] {dag.py:3089} INFO - Sync 1 DAGs
[2026-09-22T16:19:27.269+0000] {logging_mixin.py:188} INFO - [2026-09-22T16:19:27.268+0000] {dag.py:3947} INFO - Setting next_dagrun for example_xcom to 2021-01-01 00:00:00+00:00, run_after=2021-01-01 00:00:00+00:00
[2026-09-22T16:19:27.312+0000] {processor.py:183} INFO - Processing /home/airflow/.local/lib/python3.12/site-packages/airflow/example_dags/example_xcom.py took 0.368 seconds
[2026-09-22T16:19:57.933+0000] {processor.py:161} INFO - Started process (PID=124) to work on /home/airflow/.local/lib/python3.12/site-packages/airflow/example_dags/example_xcom.py
[2026-09-22T16:19:57.936+0000] {processor.py:830} INFO - Processing file /home/airflow/.local/lib/python3.12/site-packages/airflow/example_dags/example_xcom.py for tasks to queue
[2026-09-22T16:19:57.940+0000] {logging_mixin.py:188} INFO - [2026-09-22T16:19:57.939+0000] {dagbag.py:545} INFO - Filling up the DagBag from /home/airflow/.local/lib/python3.12/site-packages/airflow/example_dags/example_xcom.py
[2026-09-22T16:19:57.954+0000] {processor.py:840} INFO - DAG(s) 'example_xcom' retrieved from /home/airflow/.local/lib/python3.12/site-packages/airflow/example_dags/example_xcom.py
[2026-09-22T16:19:57.987+0000] {logging_mixin.py:188} INFO - [2026-09-22T16:19:57.986+0000] {dag.py:3089} INFO - Sync 1 DAGs
[2026-09-22T16:19:58.022+0000] {logging_mixin.py:188} INFO - [2026-09-22T16:19:58.022+0000] {dag.py:3947} INFO - Setting next_dagrun for example_xcom to 2021-01-01 00:00:00+00:00, run_after=2021-01-01 00:00:00+00:00
[2026-09-22T16:19:58.106+0000] {processor.py:183} INFO - Processing /home/airflow/.local/lib/python3.12/site-packages/airflow/example_dags/example_xcom.py took 0.187 seconds
[2026-09-22T16:20:28.234+0000] {processor.py:161} INFO - Started process (PID=182) to work on /home/airflow/.local/lib/python3.12/site-packages/airflow/example_dags/example_xcom.py
[2026-09-22T16:20:28.237+0000] {processor.py:830} INFO - Processing file /home/airflow/.local/lib/python3.12/site-packages/airflow/example_dags/example_xcom.py for tasks to queue
[2026-09-22T16:20:28.239+0000] {logging_mixin.py:188} INFO - [2026-09-22T16:20:28.239+0000] {dagbag.py:545} INFO - Filling up the DagBag from /home/airflow/.local/lib/python3.12/site-packages/airflow/example_dags/example_xcom.py
[2026-09-22T16:20:28.249+0000] {processor.py:840} INFO - DAG(s) 'example_xcom' retrieved from /home/airflow/.local/lib/python3.12/site-packages/airflow/example_dags/example_xcom.py
[2026-09-22T16:20:28.280+0000] {logging_mixin.py:188} INFO - [2026-09-22T16:20:28.280+0000] {dag.py:3089} INFO - Sync 1 DAGs
[2026-09-22T16:20:28.304+0000] {logging_mixin.py:188} INFO - [2026-09-22T16:20:28.304+0000] {dag.py:3947} INFO - Setting next_dagrun for example_xcom to 2021-01-01 00:00:00+00:00, run_after=2021-01-01 00:00:00+00:00
[2026-09-22T16:20:28.393+0000] {processor.py:183} INFO - Processing /home/airflow/.local/lib/python3.12/site-packages/airflow/example_dags/example_xcom.py took 0.165 seconds
[2026-09-22T16:20:58.867+0000] {processor.py:161} INFO - Started process (PID=239) to work on /home/airflow/.local/lib/python3.12/site-packages/airflow/example_dags/example_xcom.py
[2026-09-22T16:20:58.869+0000] {processor.py:830} INFO - Processing file /home/airflow/.local/lib/python3.12/site-packages/airflow/example_dags/example_xcom.py for tasks to queue
[2026-09-22T16:20:58.873+0000] {logging_mixin.py:188} INFO - [2026-09-22T16:20:58.872+0000] {dagbag.py:545} INFO - Filling up the DagBag from /home/airflow/.local/lib/python3.12/site-packages/airflow/example_dags/example_xcom.py
[2026-09-22T16:20:58.887+0000] {processor.py:840} INFO - DAG(s) 'example_xcom' retrieved from /home/airflow/.local/lib/python3.12/site-packages/airflow/example_dags/example_xcom.py
[2026-09-22T16:20:58.918+0000] {logging_mixin.py:188} INFO - [2026-09-22T16:20:58.917+0000] {dag.py:3089} INFO - Sync 1 DAGs
[2026-09-22T16:20:58.951+0000] {logging_mixin.py:188} INFO - [2026-09-22T16:20:58.951+0000] {dag.py:3947} INFO - Setting next_dagrun for example_xcom to 2021-01-01 00:00:00+00:00, run_after=2021-01-01 00:00:00+00:00
[2026-09-22T16:20:59.025+0000] {processor.py:183} INFO - Processing /home/airflow/.local/lib/python3.12/site-packages/airflow/example_dags/example_xcom.py took 0.169 seconds
[2026-09-22T16:21:29.407+0000] {processor.py:161} INFO - Started process (PID=297) to work on /home/airflow/.local/lib/python3.12/site-packages/airflow/example_dags/example_xcom.py
[2026-09-22T16:21:29.408+0000] {processor.py:830} INFO - Processing file /home/airflow/.local/lib/python3.12/site-packages/airflow/example_dags/example_xcom.py for tasks to queue
[2026-09-22T16:21:29.411+0000] {logging_mixin.py:188} INFO - [2026-09-22T16:21:29.410+0000] {dagbag.py:545} INFO - Filling up the DagBag from /home/airflow/.local/lib/python3.12/site-packages/airflow/example_dags/example_xcom.py
[2026-09-22T16:21:29.425+0000] {processor.py:840} INFO - DAG(s) 'example_xcom' retrieved from /home/airflow/.local/lib/python3.12/site-packages/airflow/example_dags/example_xcom.py
[2026-09-22T16:21:29.457+0000] {logging_mixin.py:188} INFO - [2026-09-22T16:21:29.457+0000] {dag.py:3089} INFO - Sync 1 DAGs
[2026-09-22T16:21:29.501+0000] {logging_mixin.py:188} INFO - [2026-09-22T16:21:29.500+0000] {dag.py:3947} INFO - Setting next_dagrun for example_xcom to 2021-01-01 00:00:00+00:00, run_after=2021-01-01 00:00:00+00:00
[2026-09-22T16:21:29.542+0000] {processor.py:183} INFO - Processing /home/airflow/.local/lib/python3.12/site-packages/airflow/example_dags/example_xcom.py took 0.146 seconds
[2026-09-22T16:22:00.439+0000] {processor.py:161} INFO - Started process (PID=361) to work on /home/airflow/.local/lib/python3.12/site-packages/airflow/example_dags/example_xcom.py
[2026-09-22T16:22:00.442+0000] {processor.py:830} INFO - Processing file /home/airflow/.local/lib/python3.12/site-packages/airflow/example_dags/example_xcom.py for tasks to queue
[2026-09-22T16:22:00.446+0000] {logging_mixin.py:188} INFO - [2026-09-22T16:22:00.445+0000] {dagbag.py:545} INFO - Filling up the DagBag from /home/airflow/.local/lib/python3.12/site-packages/airflow/example_dags/example_xcom.py
[2026-09-22T16:22:00.459+0000] {processor.py:840} INFO - DAG(s) 'example_xcom' retrieved from /home/airflow/.local/lib/python3.12/site-packages/airflow/example_dags/example_xcom.py
[2026-09-22T16:22:00.492+0000] {logging_mixin.py:188} INFO - [2026-09-22T16:22:00.492+0000] {dag.py:3089} INFO - Sync 1 DAGs
[2026-09-22T16:22:00.526+0000] {logging_mixin.py:188} INFO - [2026-09-22T16:22:00.525+0000] {dag.py:3947} INFO - Setting next_dagrun for example_xcom to 2021-01-01 00:00:00+00:00, run_after=2021-01-01 00:00:00+00:00
[2026-09-22T16:22:00.608+0000] {processor.py:183} INFO - Processing /home/airflow/.local/lib/python3.12/site-packages/airflow/example_dags/example_xcom.py took 0.179 seconds
[2026-09-22T16:22:31.356+0000] {processor.py:161} INFO - Started process (PID=419) to work on /home/airflow/.local/lib/python3.12/site-packages/airflow/example_dags/example_xcom.py
[2026-09-22T16:22:31.358+0000] {processor.py:830} INFO - Processing file /home/airflow/.local/lib/python3.12/site-packages/airflow/example_dags/example_xcom.py for tasks to queue
[2026-09-22T16:22:31.361+0000] {logging_mixin.py:188} INFO - [2026-09-22T16:22:31.361+0000] {dagbag.py:545} INFO - Filling up the DagBag from /home/airflow/.local/lib/python3.12/site-packages/airflow/example_dags/example_xcom.py
[2026-09-22T16:22:31.376+0000] {processor.py:840} INFO - DAG(s) 'example_xcom' retrieved from /home/airflow/.local/lib/python3.12/site-packages/airflow/example_dags/example_xcom.py
[2026-09-22T16:22:31.418+0000] {logging_mixin.py:188} INFO - [2026-09-22T16:22:31.418+0000] {dag.py:3089} INFO - Sync 1 DAGs
[2026-09-22T16:22:31.458+0000] {logging_mixin.py:188} INFO - [2026-09-22T16:22:31.458+0000] {dag.py:3947} INFO - Setting next_dagrun for example_xcom to 2021-01-01 00:00:00+00:00, run_after=2021-01-01 00:00:00+00:00
[2026-09-22T16:22:31.487+0000] {processor.py:183} INFO - Processing /home/airflow/.local/lib/python3.12/site-packages/airflow/example_dags/example_xcom.py took 0.142 seconds
[2026-09-22T16:23:01.547+0000] {processor.py:161} INFO - Started process (PID=477) to work on /home/airflow/.local/lib/python3.12/site-packages/airflow/example_dags/example_xcom.py
[2026-09-22T16:23:01.550+0000] {processor.py:830} INFO - Processing file /home/airflow/.local/lib/python3.12/site-packages/airflow/example_dags/example_xcom.py for tasks to queue
[2026-09-22T16:23:01.553+0000] {logging_mixin.py:188} INFO - [2026-09-22T16:23:01.553+0000] {dagbag.py:545} INFO - Filling up the DagBag from /home/airflow/.local/lib/python3.12/site-packages/airflow/example_dags/example_xcom.py
[2026-09-22T16:23:01.567+0000] {processor.py:840} INFO - DAG(s) 'example_xcom' retrieved from /home/airflow/.local/lib/python3.12/site-packages/airflow/example_dags/example_xcom.py
[2026-09-22T16:23:01.606+0000] {logging_mixin.py:188} INFO - [2026-09-22T16:23:01.605+0000] {dag.py:3089} INFO - Sync 1 DAGs
[2026-09-22T16:23:01.647+0000] {logging_mixin.py:188} INFO - [2026-09-22T16:23:01.647+0000] {dag.py:3947} INFO - Setting next_dagrun for example_xcom to 2021-01-01 00:00:00+00:00, run_after=2021-01-01 00:00:00+00:00
[2026-09-22T16:23:01.723+0000] {processor.py:183} INFO - Processing /home/airflow/.local/lib/python3.12/site-packages/airflow/example_dags/example_xcom.py took 0.186 seconds
[2026-09-22T16:23:31.996+0000] {processor.py:161} INFO - Started process (PID=535) to work on /home/airflow/.local/lib/python3.12/site-packages/airflow/example_dags/example_xcom.py
[2026-09-22T16:23:31.999+0000] {processor.py:830} INFO - Processing file /home/airflow/.local/lib/python3.12/site-packages/airflow/example_dags/example_xcom.py for tasks to queue
[2026-09-22T16:23:32.003+0000] {logging_mixin.py:188} INFO - [2026-09-22T16:23:32.003+0000] {dagbag.py:545} INFO - Filling up the DagBag from /home/airflow/.local/lib/python3.12/site-packages/airflow/example_dags/example_xcom.py
[2026-09-22T16:23:32.017+0000] {processor.py:840} INFO - DAG(s) 'example_xcom' retrieved from /home/airflow/.local/lib/python3.12/site-packages/airflow/example_dags/example_xcom.py
[2026-09-22T16:23:32.056+0000] {logging_mixin.py:188} INFO - [2026-09-22T16:23:32.056+0000] {dag.py:3089} INFO - Sync 1 DAGs
[2026-09-22T16:23:32.083+0000] {logging_mixin.py:188} INFO - [2026-09-22T16:23:32.083+0000] {dag.py:3947} INFO - Setting next_dagrun for example_xcom to 2021-01-01 00:00:00+00:00, run_after=2021-01-01 00:00:00+00:00
[2026-09-22T16:23:32.163+0000] {processor.py:183} INFO - Processing /home/airflow/.local/lib/python3.12/site-packages/airflow/example_dags/example_xcom.py took 0.177 seconds
[2026-09-22T16:24:02.502+0000] {processor.py:161} INFO - Started process (PID=593) to work on /home/airflow/.local/lib/python3.12/site-packages/airflow/example_dags/example_xcom.py
[2026-09-22T16:24:02.504+0000] {processor.py:830} INFO - Processing file /home/airflow/.local/lib/python3.12/site-packages/airflow/example_dags/example_xcom.py for tasks to queue
[2026-09-22T16:24:02.508+0000] {logging_mixin.py:188} INFO - [2026-09-22T16:24:02.508+0000] {dagbag.py:545} INFO - Filling up the DagBag from /home/airflow/.local/lib/python3.12/site-packages/airflow/example_dags/example_xcom.py
[2026-09-22T16:24:02.520+0000] {processor.py:840} INFO - DAG(s) 'example_xcom' retrieved from /home/airflow/.local/lib/python3.12/site-packages/airflow/example_dags/example_xcom.py
[2026-09-22T16:24:02.558+0000] {logging_mixin.py:188} INFO - [2026-09-22T16:24:02.558+0000] {dag.py:3089} INFO - Sync 1 DAGs
[2026-09-22T16:24:02.595+0000] {logging_mixin.py:188} INFO - [2026-09-22T16:24:02.594+0000] {dag.py:3947} INFO - Setting next_dagrun for example_xcom to 2021-01-01 00:00:00+00:00, run_after=2021-01-01 00:00:00+00:00
[2026-09-22T16:24:02.632+0000] {processor.py:183} INFO - Processing /home/airflow/.local/lib/python3.12/site-packages/airflow/example_dags/example_xcom.py took 0.140 seconds
[2026-09-22T16:24:32.743+0000] {processor.py:161} INFO - Started process (PID=651) to work on /home/airflow/.local/lib/python3.12/site-packages/airflow/example_dags/example_xcom.py
[2026-09-22T16:24:32.746+0000] {processor.py:830} INFO - Processing file /home/airflow/.local/lib/python3.12/site-packages/airflow/example_dags/example_xcom.py for tasks to queue
[2026-09-22T16:24:32.748+0000] {logging_mixin.py:188} INFO - [2026-09-22T16:24:32.748+0000] {dagbag.py:545} INFO - Filling up the DagBag from /home/airflow/.local/lib/python3.12/site-packages/airflow/example_dags/example_xcom.py
[2026-09-22T16:24:32.759+0000] {processor.py:840} INFO - DAG(s) 'example_xcom' retrieved from /home/airflow/.local/lib/python3.12/site-packages/airflow/example_dags/example_xcom.py
[2026-09-22T16:24:32.804+0000] {logging_mixin.py:188} INFO - [2026-09-22T16:24:32.803+0000] {dag.py:3089} INFO - Sync 1 DAGs
[2026-09-22T16:24:32.837+0000] {logging_mixin.py:188} INFO - [2026-09-22T16:24:32.837+0000] {dag.py:3947} INFO - Setting next_dagrun for example_xcom to 2021-01-01 00:00:00+00:00, run_after=2021-01-01 00:00:00+00:00
[2026-09-22T16:24:32.886+0000] {processor.py:183} INFO - Processing /home/airflow/.local/lib/python3.12/site-packages/airflow/example_dags/example_xcom.py took 0.149 seconds
[2026-09-22T16:25:03.268+0000] {processor.py:161} INFO - Started process (PID=709) to work on /home/airflow/.local/lib/python3.12/site-packages/airflow/example_dags/example_xcom.py
[2026-09-22T16:25:03.270+0000] {processor.py:830} INFO - Processing file /home/airflow/.local/lib/python3.12/site-packages/airflow/example_dags/example_xcom.py for tasks to queue
[2026-09-22T16:25:03.274+0000] {logging_mixin.py:188} INFO - [2026-09-22T16:25:03.273+0000] {dagbag.py:545} INFO - Filling up the DagBag from /home/airflow/.local/lib/python3.12/site-packages/airflow/example_dags/example_xcom.py
[2026-09-22T16:25:03.282+0000] {processor.py:840} INFO - DAG(s) 'example_xcom' retrieved from /home/airflow/.local/lib/python3.12/site-packages/airflow/example_dags/example_xcom.py
[2026-09-22T16:25:03.324+0000] {logging_mixin.py:188} INFO - [2026-09-22T16:25:03.324+0000] {dag.py:3089} INFO - Sync 1 DAGs
[2026-09-22T16:25:03.360+0000] {logging_mixin.py:188} INFO - [2026-09-22T16:25:03.360+0000] {dag.py:3947} INFO - Setting next_dagrun for example_xcom to 2021-01-01 00:00:00+00:00, run_after=2021-01-01 00:00:00+00:00
[2026-09-22T16:25:03.430+0000] {processor.py:183} INFO - Processing /home/airflow/.local/lib/python3.12/site-packages/airflow/example_dags/example_xcom.py took 0.173 seconds
[2026-09-22T16:25:33.755+0000] {processor.py:161} INFO - Started process (PID=767) to work on /home/airflow/.local/lib/python3.12/site-packages/airflow/example_dags/example_xcom.py
[2026-09-22T16:25:33.757+0000] {processor.py:830} INFO - Processing file /home/airflow/.local/lib/python3.12/site-packages/airflow/example_dags/example_xcom.py for tasks to queue
[2026-09-22T16:25:33.761+0000] {logging_mixin.py:188} INFO - [2026-09-22T16:25:33.760+0000] {dagbag.py:545} INFO - Filling up the DagBag from /home/airflow/.local/lib/python3.12/site-packages/airflow/example_dags/example_xcom.py
[2026-09-22T16:25:33.773+0000] {processor.py:840} INFO - DAG(s) 'example_xcom' retrieved from /home/airflow/.local/lib/python3.12/site-packages/airflow/example_dags/example_xcom.py
[2026-09-22T16:25:33.811+0000] {logging_mixin.py:188} INFO - [2026-09-22T16:25:33.810+0000] {dag.py:3089} INFO - Sync 1 DAGs
[2026-09-22T16:25:33.846+0000] {logging_mixin.py:188} INFO - [2026-09-22T16:25:33.845+0000] {dag.py:3947} INFO - Setting next_dagrun for example_xcom to 2021-01-01 00:00:00+00:00, run_after=2021-01-01 00:00:00+00:00
[2026-09-22T16:25:33.911+0000] {processor.py:183} INFO - Processing /home/airflow/.local/lib/python3.12/site-packages/airflow/example_dags/example_xcom.py took 0.163 seconds
[2026-09-22T16:26:04.082+0000] {processor.py:161} INFO - Started process (PID=825) to work on /home/airflow/.local/lib/python3.12/site-packages/airflow/example_dags/example_xcom.py
[2026-09-22T16:26:04.083+0000] {processor.py:830} INFO - Processing file /home/airflow/.local/lib/python3.12/site-packages/airflow/example_dags/example_xcom.py for tasks to queue
[2026-09-22T16:26:04.086+0000] {logging_mixin.py:188} INFO - [2026-09-22T16:26:04.086+0000] {dagbag.py:545} INFO - Filling up the DagBag from /home/airflow/.local/lib/python3.12/site-packages/airflow/example_dags/example_xcom.py
[2026-09-22T16:26:04.099+0000] {processor.py:840} INFO - DAG(s) 'example_xcom' retrieved from /home/airflow/.local/lib/python3.12/site-packages/airflow/example_dags/example_xcom.py
[2026-09-22T16:26:04.129+0000] {logging_mixin.py:188} INFO - [2026-09-22T16:26:04.128+0000] {dag.py:3089} INFO - Sync 1 DAGs
[2026-09-22T16:26:04.161+0000] {logging_mixin.py:188} INFO - [2026-09-22T16:26:04.161+0000] {dag.py:3947} INFO - Setting next_dagrun for example_xcom to 2021-01-01 00:00:00+00:00, run_after=2021-01-01 00:00:00+00:00
[2026-09-22T16:26:04.237+0000] {processor.py:183} INFO - Processing /home/airflow/.local/lib/python3.12/site-packages/airflow/example_dags/example_xcom.py took 0.165 seconds
[2026-09-22T16:26:34.682+0000] {processor.py:161} INFO - Started process (PID=883) to work on /home/airflow/.local/lib/python3.12/site-packages/airflow/example_dags/example_xcom.py
[2026-09-22T16:26:34.684+0000] {processor.py:830} INFO - Processing file /home/airflow/.local/lib/python3.12/site-packages/airflow/example_dags/example_xcom.py for tasks to queue
[2026-09-22T16:26:34.687+0000] {logging_mixin.py:188} INFO - [2026-09-22T16:26:34.687+0000] {dagbag.py:545} INFO - Filling up the DagBag from /home/airflow/.local/lib/python3.12/site-packages/airflow/example_dags/example_xcom.py
[2026-09-22T16:26:34.697+0000] {processor.py:840} INFO - DAG(s) 'example_xcom' retrieved from /home/airflow/.local/lib/python3.12/site-packages/airflow/example_dags/example_xcom.py
[2026-09-22T16:26:34.727+0000] {logging_mixin.py:188} INFO - [2026-09-22T16:26:34.727+0000] {dag.py:3089} INFO - Sync 1 DAGs
[2026-09-22T16:26:34.753+0000] {logging_mixin.py:188} INFO - [2026-09-22T16:26:34.753+0000] {dag.py:3947} INFO - Setting next_dagrun for example_xcom to 2021-01-01 00:00:00+00:00, run_after=2021-01-01 00:00:00+00:00
[2026-09-22T16:26:34.831+0000] {processor.py:183} INFO - Processing /home/airflow/.local/lib/python3.12/site-packages/airflow/example_dags/example_xcom.py took 0.157 seconds
[2026-09-22T16:27:05.153+0000] {processor.py:161} INFO - Started process (PID=941) to work on /home/airflow/.local/lib/python3.12/site-packages/airflow/example_dags/example_xcom.py
[2026-09-22T16:27:05.155+0000] {processor.py:830} INFO - Processing file /home/airflow/.local/lib/python3.12/site-packages/airflow/example_dags/example_xcom.py for tasks to queue
[2026-09-22T16:27:05.159+0000] {logging_mixin.py:188} INFO - [2026-09-22T16:27:05.158+0000] {dagbag.py:545} INFO - Filling up the DagBag from /home/airflow/.local/lib/python3.12/site-packages/airflow/example_dags/example_xcom.py
[2026-09-22T16:27:05.178+0000] {processor.py:840} INFO - DAG(s) 'example_xcom' retrieved from /home/airflow/.local/lib/python3.12/site-packages/airflow/example_dags/example_xcom.py
[2026-09-22T16:27:05.215+0000] {logging_mixin.py:188} INFO - [2026-09-22T16:27:05.214+0000] {dag.py:3089} INFO - Sync 1 DAGs
[2026-09-22T16:27:05.250+0000] {logging_mixin.py:188} INFO - [2026-09-22T16:27:05.250+0000] {dag.py:3947} INFO - Setting next_dagrun for example_xcom to 2021-01-01 00:00:00+00:00, run_after=2021-01-01 00:00:00+00:00
[2026-09-22T16:27:05.281+0000] {processor.py:183} INFO - Processing /home/airflow/.local/lib/python3.12/site-packages/airflow/example_dags/example_xcom.py took 0.141 seconds
[2026-09-22T16:27:36.032+0000] {processor.py:161} INFO - Started process (PID=999) to work on /home/airflow/.local/lib/python3.12/site-packages/airflow/example_dags/example_xcom.py
[2026-09-22T16:27:36.033+0000] {processor.py:830} INFO - Processing file /home/airflow/.local/lib/python3.12/site-packages/airflow/example_dags/example_xcom.py for tasks to queue
[2026-09-22T16:27:36.036+0000] {logging_mixin.py:188} INFO - [2026-09-22T16:27:36.036+0000] {dagbag.py:545} INFO - Filling up the DagBag from /home/airflow/.local/lib/python3.12/site-packages/airflow/example_dags/example_xcom.py
[2026-09-22T16:27:36.045+0000] {processor.py:840} INFO - DAG(s) 'example_xcom' retrieved from /home/airflow/.local/lib/python3.12/site-packages/airflow/example_dags/example_xcom.py
[2026-09-22T16:27:36.073+0000] {logging_mixin.py:188} INFO - [2026-09-22T16:27:36.072+0000] {dag.py:3089} INFO - Sync 1 DAGs
[2026-09-22T16:27:36.101+0000] {logging_mixin.py:188} INFO - [2026-09-22T16:27:36.101+0000] {dag.py:3947} INFO - Setting next_dagrun for example_xcom to 2021-01-01 00:00:00+00:00, run_after=2021-01-01 00:00:00+00:00
[2026-09-22T16:27:36.185+0000] {processor.py:183} INFO - Processing /home/airflow/.local/lib/python3.12/site-packages/airflow/example_dags/example_xcom.py took 0.161 seconds
[2026-09-22T16:28:06.561+0000] {processor.py:161} INFO - Started process (PID=1057) to work on /home/airflow/.local/lib/python3.12/site-packages/airflow/example_dags/example_xcom.py
[2026-09-22T16:28:06.563+0000] {processor.py:830} INFO - Processing file /home/airflow/.local/lib/python3.12/site-packages/airflow/example_dags/example_xcom.py for tasks to queue
[2026-09-22T16:28:06.567+0000] {logging_mixin.py:188} INFO - [2026-09-22T16:28:06.566+0000] {dagbag.py:545} INFO - Filling up the DagBag from /home/airflow/.local/lib/python3.12/site-packages/airflow/example_dags/example_xcom.py
[2026-09-22T16:28:06.577+0000] {processor.py:840} INFO - DAG(s) 'example_xcom' retrieved from /home/airflow/.local/lib/python3.12/site-packages/airflow/example_dags/example_xcom.py
[2026-09-22T16:28:06.611+0000] {logging_mixin.py:188} INFO - [2026-09-22T16:28:06.611+0000] {dag.py:3089} INFO - Sync 1 DAGs
[2026-09-22T16:28:06.639+0000] {logging_mixin.py:188} INFO - [2026-09-22T16:28:06.638+0000] {dag.py:3947} INFO - Setting next_dagrun for example_xcom to 2021-01-01 00:00:00+00:00, run_after=2021-01-01 00:00:00+00:00
[2026-09-22T16:28:06.726+0000] {processor.py:183} INFO - Processing /home/airflow/.local/lib/python3.12/site-packages/airflow/example_dags/example_xcom.py took 0.173 seconds
[2026-09-22T16:28:37.640+0000] {processor.py:161} INFO - Started process (PID=1115) to work on /home/airflow/.local/lib/python3.12/site-packages/airflow/example_dags/example_xcom.py
[2026-09-22T16:28:37.642+0000] {processor.py:830} INFO - Processing file /home/airflow/.local/lib/python3.12/site-packages/airflow/example_dags/example_xcom.py for tasks to queue
[2026-09-22T16:28:37.645+0000] {logging_mixin.py:188} INFO - [2026-09-22T16:28:37.644+0000] {dagbag.py:545} INFO - Filling up the DagBag from /home/airflow/.local/lib/python3.12/site-packages/airflow/example_dags/example_xcom.py
[2026-09-22T16:28:37.654+0000] {processor.py:840} INFO - DAG(s) 'example_xcom' retrieved from /home/airflow/.local/lib/python3.12/site-packages/airflow/example_dags/example_xcom.py
[2026-09-22T16:28:37.684+0000] {logging_mixin.py:188} INFO - [2026-09-22T16:28:37.683+0000] {dag.py:3089} INFO - Sync 1 DAGs
[2026-09-22T16:28:37.710+0000] {logging_mixin.py:188} INFO - [2026-09-22T16:28:37.710+0000] {dag.py:3947} INFO - Setting next_dagrun for example_xcom to 2021-01-01 00:00:00+00:00, run_after=2021-01-01 00:00:00+00:00
[2026-09-22T16:28:37.799+0000] {processor.py:183} INFO - Processing /home/airflow/.local/lib/python3.12/site-packages/airflow/example_dags/example_xcom.py took 0.166 seconds
[2026-09-22T16:29:08.323+0000] {processor.py:161} INFO - Started process (PID=1173) to work on /home/airflow/.local/lib/python3.12/site-packages/airflow/example_dags/example_xcom.py
[2026-09-22T16:29:08.325+0000] {processor.py:830} INFO - Processing file /home/airflow/.local/lib/python3.12/site-packages/airflow/example_dags/example_xcom.py for tasks to queue
[2026-09-22T16:29:08.328+0000] {logging_mixin.py:188} INFO - [2026-09-22T16:29:08.328+0000] {dagbag.py:545} INFO - Filling up the DagBag from /home/airflow/.local/lib/python3.12/site-packages/airflow/example_dags/example_xcom.py
[2026-09-22T16:29:08.340+0000] {processor.py:840} INFO - DAG(s) 'example_xcom' retrieved from /home/airflow/.local/lib/python3.12/site-packages/airflow/example_dags/example_xcom.py
[2026-09-22T16:29:08.376+0000] {logging_mixin.py:188} INFO - [2026-09-22T16:29:08.376+0000] {dag.py:3089} INFO - Sync 1 DAGs
[2026-09-22T16:29:08.418+0000] {logging_mixin.py:188} INFO - [2026-09-22T16:29:08.417+0000] {dag.py:3947} INFO - Setting next_dagrun for example_xcom to 2021-01-01 00:00:00+00:00, run_after=2021-01-01 00:00:00+00:00
[2026-09-22T16:29:08.527+0000] {processor.py:183} INFO - Processing /home/airflow/.local/lib/python3.12/site-packages/airflow/example_dags/example_xcom.py took 0.214 seconds
[2026-09-22T16:29:38.946+0000] {processor.py:161} INFO - Started process (PID=1230) to work on /home/airflow/.local/lib/python3.12/site-packages/airflow/example_dags/example_xcom.py
[2026-09-22T16:29:38.949+0000] {processor.py:830} INFO - Processing file /home/airflow/.local/lib/python3.12/site-packages/airflow/example_dags/example_xcom.py for tasks to queue
[2026-09-22T16:29:38.953+0000] {logging_mixin.py:188} INFO - [2026-09-22T16:29:38.952+0000] {dagbag.py:545} INFO - Filling up the DagBag from /home/airflow/.local/lib/python3.12/site-packages/airflow/example_dags/example_xcom.py
[2026-09-22T16:29:38.966+0000] {processor.py:840} INFO - DAG(s) 'example_xcom' retrieved from /home/airflow/.local/lib/python3.12/site-packages/airflow/example_dags/example_xcom.py
[2026-09-22T16:29:39.000+0000] {logging_mixin.py:188} INFO - [2026-09-22T16:29:39.000+0000] {dag.py:3089} INFO - Sync 1 DAGs
[2026-09-22T16:29:39.028+0000] {logging_mixin.py:188} INFO - [2026-09-22T16:29:39.027+0000] {dag.py:3947} INFO - Setting next_dagrun for example_xcom to 2021-01-01 00:00:00+00:00, run_after=2021-01-01 00:00:00+00:00
[2026-09-22T16:29:39.100+0000] {processor.py:183} INFO - Processing /home/airflow/.local/lib/python3.12/site-packages/airflow/example_dags/example_xcom.py took 0.163 seconds
[2026-09-22T16:30:09.896+0000] {processor.py:161} INFO - Started process (PID=1288) to work on /home/airflow/.local/lib/python3.12/site-packages/airflow/example_dags/example_xcom.py
[2026-09-22T16:30:09.899+0000] {processor.py:830} INFO - Processing file /home/airflow/.local/lib/python3.12/site-packages/airflow/example_dags/example_xcom.py for tasks to queue
[2026-09-22T16:30:09.903+0000] {logging_mixin.py:188} INFO - [2026-09-22T16:30:09.902+0000] {dagbag.py:545} INFO - Filling up the DagBag from /home/airflow/.local/lib/python3.12/site-packages/airflow/example_dags/example_xcom.py
[2026-09-22T16:30:09.918+0000] {processor.py:840} INFO - DAG(s) 'example_xcom' retrieved from /home/airflow/.local/lib/python3.12/site-packages/airflow/example_dags/example_xcom.py
[2026-09-22T16:30:09.953+0000] {logging_mixin.py:188} INFO - [2026-09-22T16:30:09.953+0000] {dag.py:3089} INFO - Sync 1 DAGs
[2026-09-22T16:30:09.989+0000] {logging_mixin.py:188} INFO - [2026-09-22T16:30:09.989+0000] {dag.py:3947} INFO - Setting next_dagrun for example_xcom to 2021-01-01 00:00:00+00:00, run_after=2021-01-01 00:00:00+00:00
[2026-09-22T16:30:10.060+0000] {processor.py:183} INFO - Processing /home/airflow/.local/lib/python3.12/site-packages/airflow/example_dags/example_xcom.py took 0.174 seconds
[2026-09-22T16:30:40.610+0000] {processor.py:161} INFO - Started process (PID=1346) to work on /home/airflow/.local/lib/python3.12/site-packages/airflow/example_dags/example_xcom.py
[2026-09-22T16:30:40.613+0000] {processor.py:830} INFO - Processing file /home/airflow/.local/lib/python3.12/site-packages/airflow/example_dags/example_xcom.py for tasks to queue
[2026-09-22T16:30:40.616+0000] {logging_mixin.py:188} INFO - [2026-09-22T16:30:40.616+0000] {dagbag.py:545} INFO - Filling up the DagBag from /home/airflow/.local/lib/python3.12/site-packages/airflow/example_dags/example_xcom.py
[2026-09-22T16:30:40.640+0000] {processor.py:840} INFO - DAG(s) 'example_xcom' retrieved from /home/airflow/.local/lib/python3.12/site-packages/airflow/example_dags/example_xcom.py
[2026-09-22T16:30:40.689+0000] {logging_mixin.py:188} INFO - [2026-09-22T16:30:40.689+0000] {dag.py:3089} INFO - Sync 1 DAGs
[2026-09-22T16:30:40.723+0000] {logging_mixin.py:188} INFO - [2026-09-22T16:30:40.723+0000] {dag.py:3947} INFO - Setting next_dagrun for example_xcom to 2021-01-01 00:00:00+00:00, run_after=2021-01-01 00:00:00+00:00
[2026-09-22T16:30:40.824+0000] {processor.py:183} INFO - Processing /home/airflow/.local/lib/python3.12/site-packages/airflow/example_dags/example_xcom.py took 0.229 seconds
[2026-09-22T16:31:11.277+0000] {processor.py:161} INFO - Started process (PID=1404) to work on /home/airflow/.local/lib/python3.12/site-packages/airflow/example_dags/example_xcom.py
[2026-09-22T16:31:11.279+0000] {processor.py:830} INFO - Processing file /home/airflow/.local/lib/python3.12/site-packages/airflow/example_dags/example_xcom.py for tasks to queue
[2026-09-22T16:31:11.282+0000] {logging_mixin.py:188} INFO - [2026-09-22T16:31:11.282+0000] {dagbag.py:545} INFO - Filling up the DagBag from /home/airflow/.local/lib/python3.12/site-packages/airflow/example_dags/example_xcom.py
[2026-09-22T16:31:11.295+0000] {processor.py:840} INFO - DAG(s) 'example_xcom' retrieved from /home/airflow/.local/lib/python3.12/site-packages/airflow/example_dags/example_xcom.py
[2026-09-22T16:31:11.331+0000] {logging_mixin.py:188} INFO - [2026-09-22T16:31:11.331+0000] {dag.py:3089} INFO - Sync 1 DAGs
[2026-09-22T16:31:11.368+0000] {logging_mixin.py:188} INFO - [2026-09-22T16:31:11.368+0000] {dag.py:3947} INFO - Setting next_dagrun for example_xcom to 2021-01-01 00:00:00+00:00, run_after=2021-01-01 00:00:00+00:00
[2026-09-22T16:31:11.399+0000] {processor.py:183} INFO - Processing /home/airflow/.local/lib/python3.12/site-packages/airflow/example_dags/example_xcom.py took 0.131 seconds
[2026-09-22T16:31:41.819+0000] {processor.py:161} INFO - Started process (PID=1462) to work on /home/airflow/.local/lib/python3.12/site-packages/airflow/example_dags/example_xcom.py
[2026-09-22T16:31:41.822+0000] {processor.py:830} INFO - Processing file /home/airflow/.local/lib/python3.12/site-packages/airflow/example_dags/example_xcom.py for tasks to queue
[2026-09-22T16:31:41.825+0000] {logging_mixin.py:188} INFO - [2026-09-22T16:31:41.824+0000] {dagbag.py:545} INFO - Filling up the DagBag from /home/airflow/.local/lib/python3.12/site-packages/airflow/example_dags/example_xcom.py
[2026-09-22T16:31:41.845+0000] {processor.py:840} INFO - DAG(s) 'example_xcom' retrieved from /home/airflow/.local/lib/python3.12/site-packages/airflow/example_dags/example_xcom.py
[2026-09-22T16:31:41.882+0000] {logging_mixin.py:188} INFO - [2026-09-22T16:31:41.882+0000] {dag.py:3089} INFO - Sync 1 DAGs
[2026-09-22T16:31:41.924+0000] {logging_mixin.py:188} INFO - [2026-09-22T16:31:41.924+0000] {dag.py:3947} INFO - Setting next_dagrun for example_xcom to 2021-01-01 00:00:00+00:00, run_after=2021-01-01 00:00:00+00:00
[2026-09-22T16:31:41.968+0000] {processor.py:183} INFO - Processing /home/airflow/.local/lib/python3.12/site-packages/airflow/example_dags/example_xcom.py took 0.161 seconds
[2026-09-22T16:32:12.818+0000] {processor.py:161} INFO - Started process (PID=1521) to work on /home/airflow/.local/lib/python3.12/site-packages/airflow/example_dags/example_xcom.py
[2026-09-22T16:32:12.820+0000] {processor.py:830} INFO - Processing file /home/airflow/.local/lib/python3.12/site-packages/airflow/example_dags/example_xcom.py for tasks to queue
[2026-09-22T16:32:12.824+0000] {logging_mixin.py:188} INFO - [2026-09-22T16:32:12.823+0000] {dagbag.py:545} INFO - Filling up the DagBag from /home/airflow/.local/lib/python3.12/site-packages/airflow/example_dags/example_xcom.py
[2026-09-22T16:32:12.841+0000] {processor.py:840} INFO - DAG(s) 'example_xcom' retrieved from /home/airflow/.local/lib/python3.12/site-packages/airflow/example_dags/example_xcom.py
[2026-09-22T16:32:12.880+0000] {logging_mixin.py:188} INFO - [2026-09-22T16:32:12.879+0000] {dag.py:3089} INFO - Sync 1 DAGs
[2026-09-22T16:32:12.922+0000] {logging_mixin.py:188} INFO - [2026-09-22T16:32:12.921+0000] {dag.py:3947} INFO - Setting next_dagrun for example_xcom to 2021-01-01 00:00:00+00:00, run_after=2021-01-01 00:00:00+00:00
[2026-09-22T16:32:12.963+0000] {processor.py:183} INFO - Processing /home/airflow/.local/lib/python3.12/site-packages/airflow/example_dags/example_xcom.py took 0.162 seconds
[2026-09-22T16:32:43.604+0000] {processor.py:161} INFO - Started process (PID=1578) to work on /home/airflow/.local/lib/python3.12/site-packages/airflow/example_dags/example_xcom.py
[2026-09-22T16:32:43.606+0000] {processor.py:830} INFO - Processing file /home/airflow/.local/lib/python3.12/site-packages/airflow/example_dags/example_xcom.py for tasks to queue
[2026-09-22T16:32:43.610+0000] {logging_mixin.py:188} INFO - [2026-09-22T16:32:43.610+0000] {dagbag.py:545} INFO - Filling up the DagBag from /home/airflow/.local/lib/python3.12/site-packages/airflow/example_dags/example_xcom.py
[2026-09-22T16:32:43.628+0000] {processor.py:840} INFO - DAG(s) 'example_xcom' retrieved from /home/airflow/.local/lib/python3.12/site-packages/airflow/example_dags/example_xcom.py
[2026-09-22T16:32:43.677+0000] {logging_mixin.py:188} INFO - [2026-09-22T16:32:43.676+0000] {dag.py:3089} INFO - Sync 1 DAGs
[2026-09-22T16:32:43.711+0000] {logging_mixin.py:188} INFO - [2026-09-22T16:32:43.710+0000] {dag.py:3947} INFO - Setting next_dagrun for example_xcom to 2021-01-01 00:00:00+00:00, run_after=2021-01-01 00:00:00+00:00
[2026-09-22T16:32:43.814+0000] {processor.py:183} INFO - Processing /home/airflow/.local/lib/python3.12/site-packages/airflow/example_dags/example_xcom.py took 0.226 seconds
[2026-09-22T16:33:14.155+0000] {processor.py:161} INFO - Started process (PID=1636) to work on /home/airflow/.local/lib/python3.12/site-packages/airflow/example_dags/example_xcom.py
[2026-09-22T16:33:14.156+0000] {processor.py:830} INFO - Processing file /home/airflow/.local/lib/python3.12/site-packages/airflow/example_dags/example_xcom.py for tasks to queue
[2026-09-22T16:33:14.159+0000] {logging_mixin.py:188} INFO - [2026-09-22T16:33:14.158+0000] {dagbag.py:545} INFO - Filling up the DagBag from /home/airflow/.local/lib/python3.12/site-packages/airflow/example_dags/example_xcom.py
[2026-09-22T16:33:14.173+0000] {processor.py:840} INFO - DAG(s) 'example_xcom' retrieved from /home/airflow/.local/lib/python3.12/site-packages/airflow/example_dags/example_xcom.py
[2026-09-22T16:33:14.208+0000] {logging_mixin.py:188} INFO - [2026-09-22T16:33:14.207+0000] {dag.py:3089} INFO - Sync 1 DAGs
[2026-09-22T16:33:14.242+0000] {logging_mixin.py:188} INFO - [2026-09-22T16:33:14.242+0000] {dag.py:3947} INFO - Setting next_dagrun for example_xcom to 2021-01-01 00:00:00+00:00, run_after=2021-01-01 00:00:00+00:00
[2026-09-22T16:33:14.274+0000] {processor.py:183} INFO - Processing /home/airflow/.local/lib/python3.12/site-packages/airflow/example_dags/example_xcom.py took 0.131 seconds
[2026-09-22T16:33:44.368+0000] {processor.py:161} INFO - Started process (PID=1694) to work on /home/airflow/.local/lib/python3.12/site-packages/airflow/example_dags/example_xcom.py
[2026-09-22T16:33:44.370+0000] {processor.py:830} INFO - Processing file /home/airflow/.local/lib/python3.12/site-packages/airflow/example_dags/example_xcom.py for tasks to queue
[2026-09-22T16:33:44.373+0000] {logging_mixin.py:188} INFO - [2026-09-22T16:33:44.372+0000] {dagbag.py:545} INFO - Filling up the DagBag from /home/airflow/.local/lib/python3.12/site-packages/airflow/example_dags/example_xcom.py
[2026-09-22T16:33:44.384+0000] {processor.py:840} INFO - DAG(s) 'example_xcom' retrieved from /home/airflow/.local/lib/python3.12/site-packages/airflow/example_dags/example_xcom.py
[2026-09-22T16:33:44.416+0000] {logging_mixin.py:188} INFO - [2026-09-22T16:33:44.415+0000] {dag.py:3089} INFO - Sync 1 DAGs
[2026-09-22T16:33:44.457+0000] {logging_mixin.py:188} INFO - [2026-09-22T16:33:44.456+0000] {dag.py:3947} INFO - Setting next_dagrun for example_xcom to 2021-01-01 00:00:00+00:00, run_after=2021-01-01 00:00:00+00:00
[2026-09-22T16:33:44.506+0000] {processor.py:183} INFO - Processing /home/airflow/.local/lib/python3.12/site-packages/airflow/example_dags/example_xcom.py took 0.145 seconds
[2026-09-22T16:34:14.765+0000] {processor.py:161} INFO - Started process (PID=1752) to work on /home/airflow/.local/lib/python3.12/site-packages/airflow/example_dags/example_xcom.py
[2026-09-22T16:34:14.767+0000] {processor.py:830} INFO - Processing file /home/airflow/.local/lib/python3.12/site-packages/airflow/example_dags/example_xcom.py for tasks to queue
[2026-09-22T16:34:14.771+0000] {logging_mixin.py:188} INFO - [2026-09-22T16:34:14.770+0000] {dagbag.py:545} INFO - Filling up the DagBag from /home/airflow/.local/lib/python3.12/site-packages/airflow/example_dags/example_xcom.py
[2026-09-22T16:34:14.786+0000] {processor.py:840} INFO - DAG(s) 'example_xcom' retrieved from /home/airflow/.local/lib/python3.12/site-packages/airflow/example_dags/example_xcom.py
[2026-09-22T16:34:14.821+0000] {logging_mixin.py:188} INFO - [2026-09-22T16:34:14.821+0000] {dag.py:3089} INFO - Sync 1 DAGs
[2026-09-22T16:34:14.850+0000] {logging_mixin.py:188} INFO - [2026-09-22T16:34:14.850+0000] {dag.py:3947} INFO - Setting next_dagrun for example_xcom to 2021-01-01 00:00:00+00:00, run_after=2021-01-01 00:00:00+00:00
[2026-09-22T16:34:14.946+0000] {processor.py:183} INFO - Processing /home/airflow/.local/lib/python3.12/site-packages/airflow/example_dags/example_xcom.py took 0.191 seconds
[2026-09-22T16:34:45.402+0000] {processor.py:161} INFO - Started process (PID=1810) to work on /home/airflow/.local/lib/python3.12/site-packages/airflow/example_dags/example_xcom.py
[2026-09-22T16:34:45.404+0000] {processor.py:830} INFO - Processing file /home/airflow/.local/lib/python3.12/site-packages/airflow/example_dags/example_xcom.py for tasks to queue
[2026-09-22T16:34:45.406+0000] {logging_mixin.py:188} INFO - [2026-09-22T16:34:45.406+0000] {dagbag.py:545} INFO - Filling up the DagBag from /home/airflow/.local/lib/python3.12/site-packages/airflow/example_dags/example_xcom.py
[2026-09-22T16:34:45.415+0000] {processor.py:840} INFO - DAG(s) 'example_xcom' retrieved from /home/airflow/.local/lib/python3.12/site-packages/airflow/example_dags/example_xcom.py
[2026-09-22T16:34:45.444+0000] {logging_mixin.py:188} INFO - [2026-09-22T16:34:45.444+0000] {dag.py:3089} INFO - Sync 1 DAGs
[2026-09-22T16:34:45.470+0000] {logging_mixin.py:188} INFO - [2026-09-22T16:34:45.470+0000] {dag.py:3947} INFO - Setting next_dagrun for example_xcom to 2021-01-01 00:00:00+00:00, run_after=2021-01-01 00:00:00+00:00
[2026-09-22T16:34:45.565+0000] {processor.py:183} INFO - Processing /home/airflow/.local/lib/python3.12/site-packages/airflow/example_dags/example_xcom.py took 0.171 seconds
[2026-09-22T16:35:15.909+0000] {processor.py:161} INFO - Started process (PID=1868) to work on /home/airflow/.local/lib/python3.12/site-packages/airflow/example_dags/example_xcom.py
[2026-09-22T16:35:15.911+0000] {processor.py:830} INFO - Processing file /home/airflow/.local/lib/python3.12/site-packages/airflow/example_dags/example_xcom.py for tasks to queue
[2026-09-22T16:35:15.914+0000] {logging_mixin.py:188} INFO - [2026-09-22T16:35:15.914+0000] {dagbag.py:545} INFO - Filling up the DagBag from /home/airflow/.local/lib/python3.12/site-packages/airflow/example_dags/example_xcom.py
[2026-09-22T16:35:15.924+0000] {processor.py:840} INFO - DAG(s) 'example_xcom' retrieved from /home/airflow/.local/lib/python3.12/site-packages/airflow/example_dags/example_xcom.py
[2026-09-22T16:35:15.953+0000] {logging_mixin.py:188} INFO - [2026-09-22T16:35:15.953+0000] {dag.py:3089} INFO - Sync 1 DAGs
[2026-09-22T16:35:15.984+0000] {logging_mixin.py:188} INFO - [2026-09-22T16:35:15.984+0000] {dag.py:3947} INFO - Setting next_dagrun for example_xcom to 2021-01-01 00:00:00+00:00, run_after=2021-01-01 00:00:00+00:00
[2026-09-22T16:35:16.065+0000] {processor.py:183} INFO - Processing /home/airflow/.local/lib/python3.12/site-packages/airflow/example_dags/example_xcom.py took 0.162 seconds
[2026-09-22T16:35:46.300+0000] {processor.py:161} INFO - Started process (PID=1926) to work on /home/airflow/.local/lib/python3.12/site-packages/airflow/example_dags/example_xcom.py
[2026-09-22T16:35:46.302+0000] {processor.py:830} INFO - Processing file /home/airflow/.local/lib/python3.12/site-packages/airflow/example_dags/example_xcom.py for tasks to queue
[2026-09-22T16:35:46.305+0000] {logging_mixin.py:188} INFO - [2026-09-22T16:35:46.305+0000] {dagbag.py:545} INFO - Filling up the DagBag from /home/airflow/.local/lib/python3.12/site-packages/airflow/example_dags/example_xcom.py
[2026-09-22T16:35:46.317+0000] {processor.py:840} INFO - DAG(s) 'example_xcom' retrieved from /home/airflow/.local/lib/python3.12/site-packages/airflow/example_dags/example_xcom.py
[2026-09-22T16:35:46.358+0000] {logging_mixin.py:188} INFO - [2026-09-22T16:35:46.357+0000] {dag.py:3089} INFO - Sync 1 DAGs
[2026-09-22T16:35:46.398+0000] {logging_mixin.py:188} INFO - [2026-09-22T16:35:46.397+0000] {dag.py:3947} INFO - Setting next_dagrun for example_xcom to 2021-01-01 00:00:00+00:00, run_after=2021-01-01 00:00:00+00:00
[2026-09-22T16:35:46.434+0000] {processor.py:183} INFO - Processing /home/airflow/.local/lib/python3.12/site-packages/airflow/example_dags/example_xcom.py took 0.142 seconds
[2026-09-22T16:36:16.695+0000] {processor.py:161} INFO - Started process (PID=1984) to work on /home/airflow/.local/lib/python3.12/site-packages/airflow/example_dags/example_xcom.py
[2026-09-22T16:36:16.697+0000] {processor.py:830} INFO - Processing file /home/airflow/.local/lib/python3.12/site-packages/airflow/example_dags/example_xcom.py for tasks to queue
[2026-09-22T16:36:16.701+0000] {logging_mixin.py:188} INFO - [2026-09-22T16:36:16.699+0000] {dagbag.py:545} INFO - Filling up the DagBag from /home/airflow/.local/lib/python3.12/site-packages/airflow/example_dags/example_xcom.py
[2026-09-22T16:36:16.711+0000] {processor.py:840} INFO - DAG(s) 'example_xcom' retrieved from /home/airflow/.local/lib/python3.12/site-packages/airflow/example_dags/example_xcom.py
[2026-09-22T16:36:16.743+0000] {logging_mixin.py:188} INFO - [2026-09-22T16:36:16.742+0000] {dag.py:3089} INFO - Sync 1 DAGs
[2026-09-22T16:36:16.792+0000] {logging_mixin.py:188} INFO - [2026-09-22T16:36:16.792+0000] {dag.py:3947} INFO - Setting next_dagrun for example_xcom to 2021-01-01 00:00:00+00:00, run_after=2021-01-01 00:00:00+00:00
[2026-09-22T16:36:17.011+0000] {processor.py:183} INFO - Processing /home/airflow/.local/lib/python3.12/site-packages/airflow/example_dags/example_xcom.py took 0.325 seconds
[2026-09-22T16:36:48.078+0000] {processor.py:161} INFO - Started process (PID=2042) to work on /home/airflow/.local/lib/python3.12/site-packages/airflow/example_dags/example_xcom.py
[2026-09-22T16:36:48.080+0000] {processor.py:830} INFO - Processing file /home/airflow/.local/lib/python3.12/site-packages/airflow/example_dags/example_xcom.py for tasks to queue
[2026-09-22T16:36:48.085+0000] {logging_mixin.py:188} INFO - [2026-09-22T16:36:48.084+0000] {dagbag.py:545} INFO - Filling up the DagBag from /home/airflow/.local/lib/python3.12/site-packages/airflow/example_dags/example_xcom.py
[2026-09-22T16:36:48.097+0000] {processor.py:840} INFO - DAG(s) 'example_xcom' retrieved from /home/airflow/.local/lib/python3.12/site-packages/airflow/example_dags/example_xcom.py
[2026-09-22T16:36:48.136+0000] {logging_mixin.py:188} INFO - [2026-09-22T16:36:48.136+0000] {dag.py:3089} INFO - Sync 1 DAGs
[2026-09-22T16:36:48.177+0000] {logging_mixin.py:188} INFO - [2026-09-22T16:36:48.177+0000] {dag.py:3947} INFO - Setting next_dagrun for example_xcom to 2021-01-01 00:00:00+00:00, run_after=2021-01-01 00:00:00+00:00
[2026-09-22T16:36:48.240+0000] {processor.py:183} INFO - Processing /home/airflow/.local/lib/python3.12/site-packages/airflow/example_dags/example_xcom.py took 0.170 seconds
[2026-09-22T16:37:18.355+0000] {processor.py:161} INFO - Started process (PID=2098) to work on /home/airflow/.local/lib/python3.12/site-packages/airflow/example_dags/example_xcom.py
[2026-09-22T16:37:18.357+0000] {processor.py:830} INFO - Processing file /home/airflow/.local/lib/python3.12/site-packages/airflow/example_dags/example_xcom.py for tasks to queue
[2026-09-22T16:37:18.362+0000] {logging_mixin.py:188} INFO - [2026-09-22T16:37:18.361+0000] {dagbag.py:545} INFO - Filling up the DagBag from /home/airflow/.local/lib/python3.12/site-packages/airflow/example_dags/example_xcom.py
[2026-09-22T16:37:18.378+0000] {processor.py:840} INFO - DAG(s) 'example_xcom' retrieved from /home/airflow/.local/lib/python3.12/site-packages/airflow/example_dags/example_xcom.py
[2026-09-22T16:37:18.422+0000] {logging_mixin.py:188} INFO - [2026-09-22T16:37:18.421+0000] {dag.py:3089} INFO - Sync 1 DAGs
[2026-09-22T16:37:18.461+0000] {logging_mixin.py:188} INFO - [2026-09-22T16:37:18.461+0000] {dag.py:3947} INFO - Setting next_dagrun for example_xcom to 2021-01-01 00:00:00+00:00, run_after=2021-01-01 00:00:00+00:00
[2026-09-22T16:37:18.552+0000] {processor.py:183} INFO - Processing /home/airflow/.local/lib/python3.12/site-packages/airflow/example_dags/example_xcom.py took 0.207 seconds
[2026-09-22T16:37:49.424+0000] {processor.py:161} INFO - Started process (PID=2156) to work on /home/airflow/.local/lib/python3.12/site-packages/airflow/example_dags/example_xcom.py
[2026-09-22T16:37:49.426+0000] {processor.py:830} INFO - Processing file /home/airflow/.local/lib/python3.12/site-packages/airflow/example_dags/example_xcom.py for tasks to queue
[2026-09-22T16:37:49.431+0000] {logging_mixin.py:188} INFO - [2026-09-22T16:37:49.430+0000] {dagbag.py:545} INFO - Filling up the DagBag from /home/airflow/.local/lib/python3.12/site-packages/airflow/example_dags/example_xcom.py
[2026-09-22T16:37:49.446+0000] {processor.py:840} INFO - DAG(s) 'example_xcom' retrieved from /home/airflow/.local/lib/python3.12/site-packages/airflow/example_dags/example_xcom.py
[2026-09-22T16:37:49.696+0000] {logging_mixin.py:188} INFO - [2026-09-22T16:37:49.695+0000] {dag.py:3089} INFO - Sync 1 DAGs
[2026-09-22T16:37:49.731+0000] {logging_mixin.py:188} INFO - [2026-09-22T16:37:49.731+0000] {dag.py:3947} INFO - Setting next_dagrun for example_xcom to 2021-01-01 00:00:00+00:00, run_after=2021-01-01 00:00:00+00:00
[2026-09-22T16:37:49.759+0000] {processor.py:183} INFO - Processing /home/airflow/.local/lib/python3.12/site-packages/airflow/example_dags/example_xcom.py took 0.352 seconds
[2026-09-22T16:38:20.187+0000] {processor.py:161} INFO - Started process (PID=2214) to work on /home/airflow/.local/lib/python3.12/site-packages/airflow/example_dags/example_xcom.py
[2026-09-22T16:38:20.189+0000] {processor.py:830} INFO - Processing file /home/airflow/.local/lib/python3.12/site-packages/airflow/example_dags/example_xcom.py for tasks to queue
[2026-09-22T16:38:20.193+0000] {logging_mixin.py:188} INFO - [2026-09-22T16:38:20.192+0000] {dagbag.py:545} INFO - Filling up the DagBag from /home/airflow/.local/lib/python3.12/site-packages/airflow/example_dags/example_xcom.py
[2026-09-22T16:38:20.211+0000] {processor.py:840} INFO - DAG(s) 'example_xcom' retrieved from /home/airflow/.local/lib/python3.12/site-packages/airflow/example_dags/example_xcom.py
[2026-09-22T16:38:20.263+0000] {logging_mixin.py:188} INFO - [2026-09-22T16:38:20.262+0000] {dag.py:3089} INFO - Sync 1 DAGs
[2026-09-22T16:38:20.314+0000] {logging_mixin.py:188} INFO - [2026-09-22T16:38:20.313+0000] {dag.py:3947} INFO - Setting next_dagrun for example_xcom to 2021-01-01 00:00:00+00:00, run_after=2021-01-01 00:00:00+00:00
[2026-09-22T16:38:20.570+0000] {processor.py:183} INFO - Processing /home/airflow/.local/lib/python3.12/site-packages/airflow/example_dags/example_xcom.py took 0.393 seconds
[2026-09-22T16:41:44.374+0000] {processor.py:161} INFO - Started process (PID=67) to work on /home/airflow/.local/lib/python3.12/site-packages/airflow/example_dags/example_xcom.py
[2026-09-22T16:41:44.378+0000] {processor.py:830} INFO - Processing file /home/airflow/.local/lib/python3.12/site-packages/airflow/example_dags/example_xcom.py for tasks to queue
[2026-09-22T16:41:44.386+0000] {logging_mixin.py:188} INFO - [2026-09-22T16:41:44.385+0000] {dagbag.py:545} INFO - Filling up the DagBag from /home/airflow/.local/lib/python3.12/site-packages/airflow/example_dags/example_xcom.py
[2026-09-22T16:41:44.418+0000] {processor.py:840} INFO - DAG(s) 'example_xcom' retrieved from /home/airflow/.local/lib/python3.12/site-packages/airflow/example_dags/example_xcom.py
[2026-09-22T16:41:44.649+0000] {logging_mixin.py:188} INFO - [2026-09-22T16:41:44.648+0000] {dag.py:3089} INFO - Sync 1 DAGs
[2026-09-22T16:41:44.695+0000] {logging_mixin.py:188} INFO - [2026-09-22T16:41:44.695+0000] {dag.py:3947} INFO - Setting next_dagrun for example_xcom to 2021-01-01 00:00:00+00:00, run_after=2021-01-01 00:00:00+00:00
[2026-09-22T16:41:44.743+0000] {processor.py:183} INFO - Processing /home/airflow/.local/lib/python3.12/site-packages/airflow/example_dags/example_xcom.py took 0.383 seconds
[2026-09-22T16:42:15.438+0000] {processor.py:161} INFO - Started process (PID=131) to work on /home/airflow/.local/lib/python3.12/site-packages/airflow/example_dags/example_xcom.py
[2026-09-22T16:42:15.440+0000] {processor.py:830} INFO - Processing file /home/airflow/.local/lib/python3.12/site-packages/airflow/example_dags/example_xcom.py for tasks to queue
[2026-09-22T16:42:15.453+0000] {logging_mixin.py:188} INFO - [2026-09-22T16:42:15.442+0000] {dagbag.py:545} INFO - Filling up the DagBag from /home/airflow/.local/lib/python3.12/site-packages/airflow/example_dags/example_xcom.py
[2026-09-22T16:42:15.478+0000] {processor.py:840} INFO - DAG(s) 'example_xcom' retrieved from /home/airflow/.local/lib/python3.12/site-packages/airflow/example_dags/example_xcom.py
[2026-09-22T16:42:15.519+0000] {logging_mixin.py:188} INFO - [2026-09-22T16:42:15.518+0000] {dag.py:3089} INFO - Sync 1 DAGs
[2026-09-22T16:42:15.561+0000] {logging_mixin.py:188} INFO - [2026-09-22T16:42:15.561+0000] {dag.py:3947} INFO - Setting next_dagrun for example_xcom to 2021-01-01 00:00:00+00:00, run_after=2021-01-01 00:00:00+00:00
[2026-09-22T16:42:15.649+0000] {processor.py:183} INFO - Processing /home/airflow/.local/lib/python3.12/site-packages/airflow/example_dags/example_xcom.py took 0.243 seconds
[2026-09-22T16:43:45.190+0000] {processor.py:161} INFO - Started process (PID=66) to work on /home/airflow/.local/lib/python3.12/site-packages/airflow/example_dags/example_xcom.py
[2026-09-22T16:43:45.194+0000] {processor.py:830} INFO - Processing file /home/airflow/.local/lib/python3.12/site-packages/airflow/example_dags/example_xcom.py for tasks to queue
[2026-09-22T16:43:45.198+0000] {logging_mixin.py:188} INFO - [2026-09-22T16:43:45.197+0000] {dagbag.py:545} INFO - Filling up the DagBag from /home/airflow/.local/lib/python3.12/site-packages/airflow/example_dags/example_xcom.py
[2026-09-22T16:43:45.213+0000] {processor.py:840} INFO - DAG(s) 'example_xcom' retrieved from /home/airflow/.local/lib/python3.12/site-packages/airflow/example_dags/example_xcom.py
[2026-09-22T16:43:45.472+0000] {logging_mixin.py:188} INFO - [2026-09-22T16:43:45.471+0000] {dag.py:3089} INFO - Sync 1 DAGs
[2026-09-22T16:43:45.509+0000] {logging_mixin.py:188} INFO - [2026-09-22T16:43:45.508+0000] {dag.py:3947} INFO - Setting next_dagrun for example_xcom to 2021-01-01 00:00:00+00:00, run_after=2021-01-01 00:00:00+00:00
[2026-09-22T16:43:45.544+0000] {processor.py:183} INFO - Processing /home/airflow/.local/lib/python3.12/site-packages/airflow/example_dags/example_xcom.py took 0.366 seconds
[2026-09-22T16:44:16.261+0000] {processor.py:161} INFO - Started process (PID=130) to work on /home/airflow/.local/lib/python3.12/site-packages/airflow/example_dags/example_xcom.py
[2026-09-22T16:44:16.263+0000] {processor.py:830} INFO - Processing file /home/airflow/.local/lib/python3.12/site-packages/airflow/example_dags/example_xcom.py for tasks to queue
[2026-09-22T16:44:16.267+0000] {logging_mixin.py:188} INFO - [2026-09-22T16:44:16.266+0000] {dagbag.py:545} INFO - Filling up the DagBag from /home/airflow/.local/lib/python3.12/site-packages/airflow/example_dags/example_xcom.py
[2026-09-22T16:44:16.280+0000] {processor.py:840} INFO - DAG(s) 'example_xcom' retrieved from /home/airflow/.local/lib/python3.12/site-packages/airflow/example_dags/example_xcom.py
[2026-09-22T16:44:16.314+0000] {logging_mixin.py:188} INFO - [2026-09-22T16:44:16.314+0000] {dag.py:3089} INFO - Sync 1 DAGs
[2026-09-22T16:44:16.352+0000] {logging_mixin.py:188} INFO - [2026-09-22T16:44:16.351+0000] {dag.py:3947} INFO - Setting next_dagrun for example_xcom to 2021-01-01 00:00:00+00:00, run_after=2021-01-01 00:00:00+00:00
[2026-09-22T16:44:16.388+0000] {processor.py:183} INFO - Processing /home/airflow/.local/lib/python3.12/site-packages/airflow/example_dags/example_xcom.py took 0.137 seconds
[2026-09-22T16:44:46.996+0000] {processor.py:161} INFO - Started process (PID=194) to work on /home/airflow/.local/lib/python3.12/site-packages/airflow/example_dags/example_xcom.py
[2026-09-22T16:44:47.000+0000] {processor.py:830} INFO - Processing file /home/airflow/.local/lib/python3.12/site-packages/airflow/example_dags/example_xcom.py for tasks to queue
[2026-09-22T16:44:47.007+0000] {logging_mixin.py:188} INFO - [2026-09-22T16:44:47.006+0000] {dagbag.py:545} INFO - Filling up the DagBag from /home/airflow/.local/lib/python3.12/site-packages/airflow/example_dags/example_xcom.py
[2026-09-22T16:44:47.026+0000] {processor.py:840} INFO - DAG(s) 'example_xcom' retrieved from /home/airflow/.local/lib/python3.12/site-packages/airflow/example_dags/example_xcom.py
[2026-09-22T16:44:47.063+0000] {logging_mixin.py:188} INFO - [2026-09-22T16:44:47.062+0000] {dag.py:3089} INFO - Sync 1 DAGs
[2026-09-22T16:44:47.094+0000] {logging_mixin.py:188} INFO - [2026-09-22T16:44:47.094+0000] {dag.py:3947} INFO - Setting next_dagrun for example_xcom to 2021-01-01 00:00:00+00:00, run_after=2021-01-01 00:00:00+00:00
[2026-09-22T16:44:47.181+0000] {processor.py:183} INFO - Processing /home/airflow/.local/lib/python3.12/site-packages/airflow/example_dags/example_xcom.py took 0.196 seconds
[2026-09-22T16:45:17.538+0000] {processor.py:161} INFO - Started process (PID=252) to work on /home/airflow/.local/lib/python3.12/site-packages/airflow/example_dags/example_xcom.py
[2026-09-22T16:45:17.540+0000] {processor.py:830} INFO - Processing file /home/airflow/.local/lib/python3.12/site-packages/airflow/example_dags/example_xcom.py for tasks to queue
[2026-09-22T16:45:17.544+0000] {logging_mixin.py:188} INFO - [2026-09-22T16:45:17.544+0000] {dagbag.py:545} INFO - Filling up the DagBag from /home/airflow/.local/lib/python3.12/site-packages/airflow/example_dags/example_xcom.py
[2026-09-22T16:45:17.557+0000] {processor.py:840} INFO - DAG(s) 'example_xcom' retrieved from /home/airflow/.local/lib/python3.12/site-packages/airflow/example_dags/example_xcom.py
[2026-09-22T16:45:17.591+0000] {logging_mixin.py:188} INFO - [2026-09-22T16:45:17.591+0000] {dag.py:3089} INFO - Sync 1 DAGs
[2026-09-22T16:45:17.630+0000] {logging_mixin.py:188} INFO - [2026-09-22T16:45:17.629+0000] {dag.py:3947} INFO - Setting next_dagrun for example_xcom to 2021-01-01 00:00:00+00:00, run_after=2021-01-01 00:00:00+00:00
[2026-09-22T16:45:17.714+0000] {processor.py:183} INFO - Processing /home/airflow/.local/lib/python3.12/site-packages/airflow/example_dags/example_xcom.py took 0.186 seconds
[2026-09-22T16:45:48.370+0000] {processor.py:161} INFO - Started process (PID=310) to work on /home/airflow/.local/lib/python3.12/site-packages/airflow/example_dags/example_xcom.py
[2026-09-22T16:45:48.372+0000] {processor.py:830} INFO - Processing file /home/airflow/.local/lib/python3.12/site-packages/airflow/example_dags/example_xcom.py for tasks to queue
[2026-09-22T16:45:48.376+0000] {logging_mixin.py:188} INFO - [2026-09-22T16:45:48.376+0000] {dagbag.py:545} INFO - Filling up the DagBag from /home/airflow/.local/lib/python3.12/site-packages/airflow/example_dags/example_xcom.py
[2026-09-22T16:45:48.393+0000] {processor.py:840} INFO - DAG(s) 'example_xcom' retrieved from /home/airflow/.local/lib/python3.12/site-packages/airflow/example_dags/example_xcom.py
[2026-09-22T16:45:48.438+0000] {logging_mixin.py:188} INFO - [2026-09-22T16:45:48.438+0000] {dag.py:3089} INFO - Sync 1 DAGs
[2026-09-22T16:45:48.477+0000] {logging_mixin.py:188} INFO - [2026-09-22T16:45:48.476+0000] {dag.py:3947} INFO - Setting next_dagrun for example_xcom to 2021-01-01 00:00:00+00:00, run_after=2021-01-01 00:00:00+00:00
[2026-09-22T16:45:48.578+0000] {processor.py:183} INFO - Processing /home/airflow/.local/lib/python3.12/site-packages/airflow/example_dags/example_xcom.py took 0.227 seconds
[2026-09-22T16:46:18.836+0000] {processor.py:161} INFO - Started process (PID=368) to work on /home/airflow/.local/lib/python3.12/site-packages/airflow/example_dags/example_xcom.py
[2026-09-22T16:46:18.837+0000] {processor.py:830} INFO - Processing file /home/airflow/.local/lib/python3.12/site-packages/airflow/example_dags/example_xcom.py for tasks to queue
[2026-09-22T16:46:18.841+0000] {logging_mixin.py:188} INFO - [2026-09-22T16:46:18.840+0000] {dagbag.py:545} INFO - Filling up the DagBag from /home/airflow/.local/lib/python3.12/site-packages/airflow/example_dags/example_xcom.py
[2026-09-22T16:46:18.854+0000] {processor.py:840} INFO - DAG(s) 'example_xcom' retrieved from /home/airflow/.local/lib/python3.12/site-packages/airflow/example_dags/example_xcom.py
[2026-09-22T16:46:18.888+0000] {logging_mixin.py:188} INFO - [2026-09-22T16:46:18.888+0000] {dag.py:3089} INFO - Sync 1 DAGs
[2026-09-22T16:46:18.921+0000] {logging_mixin.py:188} INFO - [2026-09-22T16:46:18.920+0000] {dag.py:3947} INFO - Setting next_dagrun for example_xcom to 2021-01-01 00:00:00+00:00, run_after=2021-01-01 00:00:00+00:00
[2026-09-22T16:46:18.957+0000] {processor.py:183} INFO - Processing /home/airflow/.local/lib/python3.12/site-packages/airflow/example_dags/example_xcom.py took 0.132 seconds
[2026-09-22T16:46:49.154+0000] {processor.py:161} INFO - Started process (PID=426) to work on /home/airflow/.local/lib/python3.12/site-packages/airflow/example_dags/example_xcom.py
[2026-09-22T16:46:49.156+0000] {processor.py:830} INFO - Processing file /home/airflow/.local/lib/python3.12/site-packages/airflow/example_dags/example_xcom.py for tasks to queue
[2026-09-22T16:46:49.159+0000] {logging_mixin.py:188} INFO - [2026-09-22T16:46:49.159+0000] {dagbag.py:545} INFO - Filling up the DagBag from /home/airflow/.local/lib/python3.12/site-packages/airflow/example_dags/example_xcom.py
[2026-09-22T16:46:49.172+0000] {processor.py:840} INFO - DAG(s) 'example_xcom' retrieved from /home/airflow/.local/lib/python3.12/site-packages/airflow/example_dags/example_xcom.py
[2026-09-22T16:46:49.208+0000] {logging_mixin.py:188} INFO - [2026-09-22T16:46:49.208+0000] {dag.py:3089} INFO - Sync 1 DAGs
[2026-09-22T16:46:49.248+0000] {logging_mixin.py:188} INFO - [2026-09-22T16:46:49.247+0000] {dag.py:3947} INFO - Setting next_dagrun for example_xcom to 2021-01-01 00:00:00+00:00, run_after=2021-01-01 00:00:00+00:00
[2026-09-22T16:46:49.281+0000] {processor.py:183} INFO - Processing /home/airflow/.local/lib/python3.12/site-packages/airflow/example_dags/example_xcom.py took 0.136 seconds
[2026-09-22T16:47:19.538+0000] {processor.py:161} INFO - Started process (PID=484) to work on /home/airflow/.local/lib/python3.12/site-packages/airflow/example_dags/example_xcom.py
[2026-09-22T16:47:19.541+0000] {processor.py:830} INFO - Processing file /home/airflow/.local/lib/python3.12/site-packages/airflow/example_dags/example_xcom.py for tasks to queue
[2026-09-22T16:47:19.545+0000] {logging_mixin.py:188} INFO - [2026-09-22T16:47:19.545+0000] {dagbag.py:545} INFO - Filling up the DagBag from /home/airflow/.local/lib/python3.12/site-packages/airflow/example_dags/example_xcom.py
[2026-09-22T16:47:19.562+0000] {processor.py:840} INFO - DAG(s) 'example_xcom' retrieved from /home/airflow/.local/lib/python3.12/site-packages/airflow/example_dags/example_xcom.py
[2026-09-22T16:47:19.591+0000] {logging_mixin.py:188} INFO - [2026-09-22T16:47:19.591+0000] {dag.py:3089} INFO - Sync 1 DAGs
[2026-09-22T16:47:19.620+0000] {logging_mixin.py:188} INFO - [2026-09-22T16:47:19.620+0000] {dag.py:3947} INFO - Setting next_dagrun for example_xcom to 2021-01-01 00:00:00+00:00, run_after=2021-01-01 00:00:00+00:00
[2026-09-22T16:47:19.665+0000] {processor.py:183} INFO - Processing /home/airflow/.local/lib/python3.12/site-packages/airflow/example_dags/example_xcom.py took 0.160 seconds
[2026-09-22T16:47:50.043+0000] {processor.py:161} INFO - Started process (PID=542) to work on /home/airflow/.local/lib/python3.12/site-packages/airflow/example_dags/example_xcom.py
[2026-09-22T16:47:50.047+0000] {processor.py:830} INFO - Processing file /home/airflow/.local/lib/python3.12/site-packages/airflow/example_dags/example_xcom.py for tasks to queue
[2026-09-22T16:47:50.053+0000] {logging_mixin.py:188} INFO - [2026-09-22T16:47:50.052+0000] {dagbag.py:545} INFO - Filling up the DagBag from /home/airflow/.local/lib/python3.12/site-packages/airflow/example_dags/example_xcom.py
[2026-09-22T16:47:50.083+0000] {processor.py:840} INFO - DAG(s) 'example_xcom' retrieved from /home/airflow/.local/lib/python3.12/site-packages/airflow/example_dags/example_xcom.py
[2026-09-22T16:47:50.148+0000] {logging_mixin.py:188} INFO - [2026-09-22T16:47:50.147+0000] {dag.py:3089} INFO - Sync 1 DAGs
[2026-09-22T16:47:50.230+0000] {logging_mixin.py:188} INFO - [2026-09-22T16:47:50.230+0000] {dag.py:3947} INFO - Setting next_dagrun for example_xcom to 2021-01-01 00:00:00+00:00, run_after=2021-01-01 00:00:00+00:00
[2026-09-22T16:47:50.278+0000] {processor.py:183} INFO - Processing /home/airflow/.local/lib/python3.12/site-packages/airflow/example_dags/example_xcom.py took 0.253 seconds
[2026-09-22T16:48:20.937+0000] {processor.py:161} INFO - Started process (PID=600) to work on /home/airflow/.local/lib/python3.12/site-packages/airflow/example_dags/example_xcom.py
[2026-09-22T16:48:20.939+0000] {processor.py:830} INFO - Processing file /home/airflow/.local/lib/python3.12/site-packages/airflow/example_dags/example_xcom.py for tasks to queue
[2026-09-22T16:48:20.942+0000] {logging_mixin.py:188} INFO - [2026-09-22T16:48:20.942+0000] {dagbag.py:545} INFO - Filling up the DagBag from /home/airflow/.local/lib/python3.12/site-packages/airflow/example_dags/example_xcom.py
[2026-09-22T16:48:20.957+0000] {processor.py:840} INFO - DAG(s) 'example_xcom' retrieved from /home/airflow/.local/lib/python3.12/site-packages/airflow/example_dags/example_xcom.py
[2026-09-22T16:48:21.003+0000] {logging_mixin.py:188} INFO - [2026-09-22T16:48:21.002+0000] {dag.py:3089} INFO - Sync 1 DAGs
[2026-09-22T16:48:21.050+0000] {logging_mixin.py:188} INFO - [2026-09-22T16:48:21.049+0000] {dag.py:3947} INFO - Setting next_dagrun for example_xcom to 2021-01-01 00:00:00+00:00, run_after=2021-01-01 00:00:00+00:00
[2026-09-22T16:48:21.121+0000] {processor.py:183} INFO - Processing /home/airflow/.local/lib/python3.12/site-packages/airflow/example_dags/example_xcom.py took 0.197 seconds
[2026-09-22T16:48:51.592+0000] {processor.py:161} INFO - Started process (PID=658) to work on /home/airflow/.local/lib/python3.12/site-packages/airflow/example_dags/example_xcom.py
[2026-09-22T16:48:51.594+0000] {processor.py:830} INFO - Processing file /home/airflow/.local/lib/python3.12/site-packages/airflow/example_dags/example_xcom.py for tasks to queue
[2026-09-22T16:48:51.600+0000] {logging_mixin.py:188} INFO - [2026-09-22T16:48:51.599+0000] {dagbag.py:545} INFO - Filling up the DagBag from /home/airflow/.local/lib/python3.12/site-packages/airflow/example_dags/example_xcom.py
[2026-09-22T16:48:51.614+0000] {processor.py:840} INFO - DAG(s) 'example_xcom' retrieved from /home/airflow/.local/lib/python3.12/site-packages/airflow/example_dags/example_xcom.py
[2026-09-22T16:48:51.658+0000] {logging_mixin.py:188} INFO - [2026-09-22T16:48:51.658+0000] {dag.py:3089} INFO - Sync 1 DAGs
[2026-09-22T16:48:51.696+0000] {logging_mixin.py:188} INFO - [2026-09-22T16:48:51.695+0000] {dag.py:3947} INFO - Setting next_dagrun for example_xcom to 2021-01-01 00:00:00+00:00, run_after=2021-01-01 00:00:00+00:00
[2026-09-22T16:48:51.807+0000] {processor.py:183} INFO - Processing /home/airflow/.local/lib/python3.12/site-packages/airflow/example_dags/example_xcom.py took 0.235 seconds
[2026-09-22T16:49:21.889+0000] {processor.py:161} INFO - Started process (PID=717) to work on /home/airflow/.local/lib/python3.12/site-packages/airflow/example_dags/example_xcom.py
[2026-09-22T16:49:21.891+0000] {processor.py:830} INFO - Processing file /home/airflow/.local/lib/python3.12/site-packages/airflow/example_dags/example_xcom.py for tasks to queue
[2026-09-22T16:49:21.895+0000] {logging_mixin.py:188} INFO - [2026-09-22T16:49:21.894+0000] {dagbag.py:545} INFO - Filling up the DagBag from /home/airflow/.local/lib/python3.12/site-packages/airflow/example_dags/example_xcom.py
[2026-09-22T16:49:21.908+0000] {processor.py:840} INFO - DAG(s) 'example_xcom' retrieved from /home/airflow/.local/lib/python3.12/site-packages/airflow/example_dags/example_xcom.py
[2026-09-22T16:49:21.950+0000] {logging_mixin.py:188} INFO - [2026-09-22T16:49:21.950+0000] {dag.py:3089} INFO - Sync 1 DAGs
[2026-09-22T16:49:21.994+0000] {logging_mixin.py:188} INFO - [2026-09-22T16:49:21.994+0000] {dag.py:3947} INFO - Setting next_dagrun for example_xcom to 2021-01-01 00:00:00+00:00, run_after=2021-01-01 00:00:00+00:00
[2026-09-22T16:49:22.083+0000] {processor.py:183} INFO - Processing /home/airflow/.local/lib/python3.12/site-packages/airflow/example_dags/example_xcom.py took 0.209 seconds
[2026-09-22T16:49:52.232+0000] {processor.py:161} INFO - Started process (PID=775) to work on /home/airflow/.local/lib/python3.12/site-packages/airflow/example_dags/example_xcom.py
[2026-09-22T16:49:52.234+0000] {processor.py:830} INFO - Processing file /home/airflow/.local/lib/python3.12/site-packages/airflow/example_dags/example_xcom.py for tasks to queue
[2026-09-22T16:49:52.238+0000] {logging_mixin.py:188} INFO - [2026-09-22T16:49:52.237+0000] {dagbag.py:545} INFO - Filling up the DagBag from /home/airflow/.local/lib/python3.12/site-packages/airflow/example_dags/example_xcom.py
[2026-09-22T16:49:52.252+0000] {processor.py:840} INFO - DAG(s) 'example_xcom' retrieved from /home/airflow/.local/lib/python3.12/site-packages/airflow/example_dags/example_xcom.py
[2026-09-22T16:49:52.296+0000] {logging_mixin.py:188} INFO - [2026-09-22T16:49:52.295+0000] {dag.py:3089} INFO - Sync 1 DAGs
[2026-09-22T16:49:52.330+0000] {logging_mixin.py:188} INFO - [2026-09-22T16:49:52.330+0000] {dag.py:3947} INFO - Setting next_dagrun for example_xcom to 2021-01-01 00:00:00+00:00, run_after=2021-01-01 00:00:00+00:00
[2026-09-22T16:49:52.381+0000] {processor.py:183} INFO - Processing /home/airflow/.local/lib/python3.12/site-packages/airflow/example_dags/example_xcom.py took 0.161 seconds
[2026-09-22T16:50:22.623+0000] {processor.py:161} INFO - Started process (PID=834) to work on /home/airflow/.local/lib/python3.12/site-packages/airflow/example_dags/example_xcom.py
[2026-09-22T16:50:22.627+0000] {processor.py:830} INFO - Processing file /home/airflow/.local/lib/python3.12/site-packages/airflow/example_dags/example_xcom.py for tasks to queue
[2026-09-22T16:50:22.632+0000] {logging_mixin.py:188} INFO - [2026-09-22T16:50:22.631+0000] {dagbag.py:545} INFO - Filling up the DagBag from /home/airflow/.local/lib/python3.12/site-packages/airflow/example_dags/example_xcom.py
[2026-09-22T16:50:22.641+0000] {processor.py:840} INFO - DAG(s) 'example_xcom' retrieved from /home/airflow/.local/lib/python3.12/site-packages/airflow/example_dags/example_xcom.py
[2026-09-22T16:50:22.684+0000] {logging_mixin.py:188} INFO - [2026-09-22T16:50:22.683+0000] {dag.py:3089} INFO - Sync 1 DAGs
[2026-09-22T16:50:22.726+0000] {logging_mixin.py:188} INFO - [2026-09-22T16:50:22.725+0000] {dag.py:3947} INFO - Setting next_dagrun for example_xcom to 2021-01-01 00:00:00+00:00, run_after=2021-01-01 00:00:00+00:00
[2026-09-22T16:50:22.766+0000] {processor.py:183} INFO - Processing /home/airflow/.local/lib/python3.12/site-packages/airflow/example_dags/example_xcom.py took 0.151 seconds
[2026-09-22T16:50:53.221+0000] {processor.py:161} INFO - Started process (PID=892) to work on /home/airflow/.local/lib/python3.12/site-packages/airflow/example_dags/example_xcom.py
[2026-09-22T16:50:53.223+0000] {processor.py:830} INFO - Processing file /home/airflow/.local/lib/python3.12/site-packages/airflow/example_dags/example_xcom.py for tasks to queue
[2026-09-22T16:50:53.228+0000] {logging_mixin.py:188} INFO - [2026-09-22T16:50:53.227+0000] {dagbag.py:545} INFO - Filling up the DagBag from /home/airflow/.local/lib/python3.12/site-packages/airflow/example_dags/example_xcom.py
[2026-09-22T16:50:53.243+0000] {processor.py:840} INFO - DAG(s) 'example_xcom' retrieved from /home/airflow/.local/lib/python3.12/site-packages/airflow/example_dags/example_xcom.py
[2026-09-22T16:50:53.292+0000] {logging_mixin.py:188} INFO - [2026-09-22T16:50:53.291+0000] {dag.py:3089} INFO - Sync 1 DAGs
[2026-09-22T16:50:53.354+0000] {logging_mixin.py:188} INFO - [2026-09-22T16:50:53.353+0000] {dag.py:3947} INFO - Setting next_dagrun for example_xcom to 2021-01-01 00:00:00+00:00, run_after=2021-01-01 00:00:00+00:00
[2026-09-22T16:50:53.417+0000] {processor.py:183} INFO - Processing /home/airflow/.local/lib/python3.12/site-packages/airflow/example_dags/example_xcom.py took 0.210 seconds
[2026-09-22T16:51:23.503+0000] {processor.py:161} INFO - Started process (PID=950) to work on /home/airflow/.local/lib/python3.12/site-packages/airflow/example_dags/example_xcom.py
[2026-09-22T16:51:23.506+0000] {processor.py:830} INFO - Processing file /home/airflow/.local/lib/python3.12/site-packages/airflow/example_dags/example_xcom.py for tasks to queue
[2026-09-22T16:51:23.510+0000] {logging_mixin.py:188} INFO - [2026-09-22T16:51:23.510+0000] {dagbag.py:545} INFO - Filling up the DagBag from /home/airflow/.local/lib/python3.12/site-packages/airflow/example_dags/example_xcom.py
[2026-09-22T16:51:23.523+0000] {processor.py:840} INFO - DAG(s) 'example_xcom' retrieved from /home/airflow/.local/lib/python3.12/site-packages/airflow/example_dags/example_xcom.py
[2026-09-22T16:51:23.564+0000] {logging_mixin.py:188} INFO - [2026-09-22T16:51:23.564+0000] {dag.py:3089} INFO - Sync 1 DAGs
[2026-09-22T16:51:23.606+0000] {logging_mixin.py:188} INFO - [2026-09-22T16:51:23.606+0000] {dag.py:3947} INFO - Setting next_dagrun for example_xcom to 2021-01-01 00:00:00+00:00, run_after=2021-01-01 00:00:00+00:00
[2026-09-22T16:51:23.674+0000] {processor.py:183} INFO - Processing /home/airflow/.local/lib/python3.12/site-packages/airflow/example_dags/example_xcom.py took 0.181 seconds
[2026-09-22T16:52:21.006+0000] {processor.py:161} INFO - Started process (PID=1000) to work on /home/airflow/.local/lib/python3.12/site-packages/airflow/example_dags/example_xcom.py
[2026-09-22T16:52:21.015+0000] {processor.py:830} INFO - Processing file /home/airflow/.local/lib/python3.12/site-packages/airflow/example_dags/example_xcom.py for tasks to queue
[2026-09-22T16:52:21.037+0000] {logging_mixin.py:188} INFO - [2026-09-22T16:52:21.031+0000] {dagbag.py:545} INFO - Filling up the DagBag from /home/airflow/.local/lib/python3.12/site-packages/airflow/example_dags/example_xcom.py
[2026-09-22T16:52:21.063+0000] {processor.py:840} INFO - DAG(s) 'example_xcom' retrieved from /home/airflow/.local/lib/python3.12/site-packages/airflow/example_dags/example_xcom.py
[2026-09-22T16:52:21.139+0000] {logging_mixin.py:188} INFO - [2026-09-22T16:52:21.139+0000] {dag.py:3089} INFO - Sync 1 DAGs
[2026-09-22T16:52:21.235+0000] {logging_mixin.py:188} INFO - [2026-09-22T16:52:21.234+0000] {dag.py:3947} INFO - Setting next_dagrun for example_xcom to 2021-01-01 00:00:00+00:00, run_after=2021-01-01 00:00:00+00:00
[2026-09-22T16:52:21.319+0000] {processor.py:183} INFO - Processing /home/airflow/.local/lib/python3.12/site-packages/airflow/example_dags/example_xcom.py took 0.334 seconds
[2026-09-22T16:52:51.963+0000] {processor.py:161} INFO - Started process (PID=1058) to work on /home/airflow/.local/lib/python3.12/site-packages/airflow/example_dags/example_xcom.py
[2026-09-22T16:52:51.964+0000] {processor.py:830} INFO - Processing file /home/airflow/.local/lib/python3.12/site-packages/airflow/example_dags/example_xcom.py for tasks to queue
[2026-09-22T16:52:51.965+0000] {logging_mixin.py:188} INFO - [2026-09-22T16:52:51.965+0000] {dagbag.py:545} INFO - Filling up the DagBag from /home/airflow/.local/lib/python3.12/site-packages/airflow/example_dags/example_xcom.py
[2026-09-22T16:52:51.972+0000] {processor.py:840} INFO - DAG(s) 'example_xcom' retrieved from /home/airflow/.local/lib/python3.12/site-packages/airflow/example_dags/example_xcom.py
[2026-09-22T16:52:51.992+0000] {logging_mixin.py:188} INFO - [2026-09-22T16:52:51.991+0000] {dag.py:3089} INFO - Sync 1 DAGs
[2026-09-22T16:52:52.009+0000] {logging_mixin.py:188} INFO - [2026-09-22T16:52:52.009+0000] {dag.py:3947} INFO - Setting next_dagrun for example_xcom to 2021-01-01 00:00:00+00:00, run_after=2021-01-01 00:00:00+00:00
[2026-09-22T16:52:52.030+0000] {processor.py:183} INFO - Processing /home/airflow/.local/lib/python3.12/site-packages/airflow/example_dags/example_xcom.py took 0.072 seconds
[2026-09-22T16:53:22.456+0000] {processor.py:161} INFO - Started process (PID=1116) to work on /home/airflow/.local/lib/python3.12/site-packages/airflow/example_dags/example_xcom.py
[2026-09-22T16:53:22.457+0000] {processor.py:830} INFO - Processing file /home/airflow/.local/lib/python3.12/site-packages/airflow/example_dags/example_xcom.py for tasks to queue
[2026-09-22T16:53:22.459+0000] {logging_mixin.py:188} INFO - [2026-09-22T16:53:22.459+0000] {dagbag.py:545} INFO - Filling up the DagBag from /home/airflow/.local/lib/python3.12/site-packages/airflow/example_dags/example_xcom.py
[2026-09-22T16:53:22.465+0000] {processor.py:840} INFO - DAG(s) 'example_xcom' retrieved from /home/airflow/.local/lib/python3.12/site-packages/airflow/example_dags/example_xcom.py
[2026-09-22T16:53:22.483+0000] {logging_mixin.py:188} INFO - [2026-09-22T16:53:22.483+0000] {dag.py:3089} INFO - Sync 1 DAGs
[2026-09-22T16:53:22.500+0000] {logging_mixin.py:188} INFO - [2026-09-22T16:53:22.500+0000] {dag.py:3947} INFO - Setting next_dagrun for example_xcom to 2021-01-01 00:00:00+00:00, run_after=2021-01-01 00:00:00+00:00
[2026-09-22T16:53:22.518+0000] {processor.py:183} INFO - Processing /home/airflow/.local/lib/python3.12/site-packages/airflow/example_dags/example_xcom.py took 0.067 seconds
[2026-09-22T16:53:52.778+0000] {processor.py:161} INFO - Started process (PID=1174) to work on /home/airflow/.local/lib/python3.12/site-packages/airflow/example_dags/example_xcom.py
[2026-09-22T16:53:52.779+0000] {processor.py:830} INFO - Processing file /home/airflow/.local/lib/python3.12/site-packages/airflow/example_dags/example_xcom.py for tasks to queue
[2026-09-22T16:53:52.781+0000] {logging_mixin.py:188} INFO - [2026-09-22T16:53:52.781+0000] {dagbag.py:545} INFO - Filling up the DagBag from /home/airflow/.local/lib/python3.12/site-packages/airflow/example_dags/example_xcom.py
[2026-09-22T16:53:52.788+0000] {processor.py:840} INFO - DAG(s) 'example_xcom' retrieved from /home/airflow/.local/lib/python3.12/site-packages/airflow/example_dags/example_xcom.py
[2026-09-22T16:53:52.809+0000] {logging_mixin.py:188} INFO - [2026-09-22T16:53:52.808+0000] {dag.py:3089} INFO - Sync 1 DAGs
[2026-09-22T16:53:52.831+0000] {logging_mixin.py:188} INFO - [2026-09-22T16:53:52.831+0000] {dag.py:3947} INFO - Setting next_dagrun for example_xcom to 2021-01-01 00:00:00+00:00, run_after=2021-01-01 00:00:00+00:00
[2026-09-22T16:53:52.861+0000] {processor.py:183} INFO - Processing /home/airflow/.local/lib/python3.12/site-packages/airflow/example_dags/example_xcom.py took 0.090 seconds
[2026-09-22T16:54:23.030+0000] {processor.py:161} INFO - Started process (PID=1232) to work on /home/airflow/.local/lib/python3.12/site-packages/airflow/example_dags/example_xcom.py
[2026-09-22T16:54:23.031+0000] {processor.py:830} INFO - Processing file /home/airflow/.local/lib/python3.12/site-packages/airflow/example_dags/example_xcom.py for tasks to queue
[2026-09-22T16:54:23.033+0000] {logging_mixin.py:188} INFO - [2026-09-22T16:54:23.033+0000] {dagbag.py:545} INFO - Filling up the DagBag from /home/airflow/.local/lib/python3.12/site-packages/airflow/example_dags/example_xcom.py
[2026-09-22T16:54:23.044+0000] {processor.py:840} INFO - DAG(s) 'example_xcom' retrieved from /home/airflow/.local/lib/python3.12/site-packages/airflow/example_dags/example_xcom.py
[2026-09-22T16:54:23.068+0000] {logging_mixin.py:188} INFO - [2026-09-22T16:54:23.067+0000] {dag.py:3089} INFO - Sync 1 DAGs
[2026-09-22T16:54:23.091+0000] {logging_mixin.py:188} INFO - [2026-09-22T16:54:23.090+0000] {dag.py:3947} INFO - Setting next_dagrun for example_xcom to 2021-01-01 00:00:00+00:00, run_after=2021-01-01 00:00:00+00:00
[2026-09-22T16:54:23.111+0000] {processor.py:183} INFO - Processing /home/airflow/.local/lib/python3.12/site-packages/airflow/example_dags/example_xcom.py took 0.088 seconds
[2026-09-22T16:54:53.561+0000] {processor.py:161} INFO - Started process (PID=1290) to work on /home/airflow/.local/lib/python3.12/site-packages/airflow/example_dags/example_xcom.py
[2026-09-22T16:54:53.563+0000] {processor.py:830} INFO - Processing file /home/airflow/.local/lib/python3.12/site-packages/airflow/example_dags/example_xcom.py for tasks to queue
[2026-09-22T16:54:53.565+0000] {logging_mixin.py:188} INFO - [2026-09-22T16:54:53.564+0000] {dagbag.py:545} INFO - Filling up the DagBag from /home/airflow/.local/lib/python3.12/site-packages/airflow/example_dags/example_xcom.py
[2026-09-22T16:54:53.572+0000] {processor.py:840} INFO - DAG(s) 'example_xcom' retrieved from /home/airflow/.local/lib/python3.12/site-packages/airflow/example_dags/example_xcom.py
[2026-09-22T16:54:53.594+0000] {logging_mixin.py:188} INFO - [2026-09-22T16:54:53.594+0000] {dag.py:3089} INFO - Sync 1 DAGs
[2026-09-22T16:54:53.624+0000] {logging_mixin.py:188} INFO - [2026-09-22T16:54:53.624+0000] {dag.py:3947} INFO - Setting next_dagrun for example_xcom to 2021-01-01 00:00:00+00:00, run_after=2021-01-01 00:00:00+00:00
[2026-09-22T16:54:53.647+0000] {processor.py:183} INFO - Processing /home/airflow/.local/lib/python3.12/site-packages/airflow/example_dags/example_xcom.py took 0.091 seconds
[2026-09-22T16:55:23.935+0000] {processor.py:161} INFO - Started process (PID=1348) to work on /home/airflow/.local/lib/python3.12/site-packages/airflow/example_dags/example_xcom.py
[2026-09-22T16:55:23.938+0000] {processor.py:830} INFO - Processing file /home/airflow/.local/lib/python3.12/site-packages/airflow/example_dags/example_xcom.py for tasks to queue
[2026-09-22T16:55:23.941+0000] {logging_mixin.py:188} INFO - [2026-09-22T16:55:23.940+0000] {dagbag.py:545} INFO - Filling up the DagBag from /home/airflow/.local/lib/python3.12/site-packages/airflow/example_dags/example_xcom.py
[2026-09-22T16:55:23.951+0000] {processor.py:840} INFO - DAG(s) 'example_xcom' retrieved from /home/airflow/.local/lib/python3.12/site-packages/airflow/example_dags/example_xcom.py
[2026-09-22T16:55:23.984+0000] {logging_mixin.py:188} INFO - [2026-09-22T16:55:23.984+0000] {dag.py:3089} INFO - Sync 1 DAGs
[2026-09-22T16:55:24.009+0000] {logging_mixin.py:188} INFO - [2026-09-22T16:55:24.009+0000] {dag.py:3947} INFO - Setting next_dagrun for example_xcom to 2021-01-01 00:00:00+00:00, run_after=2021-01-01 00:00:00+00:00
[2026-09-22T16:55:24.037+0000] {processor.py:183} INFO - Processing /home/airflow/.local/lib/python3.12/site-packages/airflow/example_dags/example_xcom.py took 0.110 seconds
[2026-09-22T16:55:54.605+0000] {processor.py:161} INFO - Started process (PID=1406) to work on /home/airflow/.local/lib/python3.12/site-packages/airflow/example_dags/example_xcom.py
[2026-09-22T16:55:54.606+0000] {processor.py:830} INFO - Processing file /home/airflow/.local/lib/python3.12/site-packages/airflow/example_dags/example_xcom.py for tasks to queue
[2026-09-22T16:55:54.608+0000] {logging_mixin.py:188} INFO - [2026-09-22T16:55:54.608+0000] {dagbag.py:545} INFO - Filling up the DagBag from /home/airflow/.local/lib/python3.12/site-packages/airflow/example_dags/example_xcom.py
[2026-09-22T16:55:54.615+0000] {processor.py:840} INFO - DAG(s) 'example_xcom' retrieved from /home/airflow/.local/lib/python3.12/site-packages/airflow/example_dags/example_xcom.py
[2026-09-22T16:55:54.638+0000] {logging_mixin.py:188} INFO - [2026-09-22T16:55:54.637+0000] {dag.py:3089} INFO - Sync 1 DAGs
[2026-09-22T16:55:54.658+0000] {logging_mixin.py:188} INFO - [2026-09-22T16:55:54.658+0000] {dag.py:3947} INFO - Setting next_dagrun for example_xcom to 2021-01-01 00:00:00+00:00, run_after=2021-01-01 00:00:00+00:00
[2026-09-22T16:55:54.679+0000] {processor.py:183} INFO - Processing /home/airflow/.local/lib/python3.12/site-packages/airflow/example_dags/example_xcom.py took 0.081 seconds
[2026-09-22T16:56:25.318+0000] {processor.py:161} INFO - Started process (PID=1464) to work on /home/airflow/.local/lib/python3.12/site-packages/airflow/example_dags/example_xcom.py
[2026-09-22T16:56:25.320+0000] {processor.py:830} INFO - Processing file /home/airflow/.local/lib/python3.12/site-packages/airflow/example_dags/example_xcom.py for tasks to queue
[2026-09-22T16:56:25.323+0000] {logging_mixin.py:188} INFO - [2026-09-22T16:56:25.323+0000] {dagbag.py:545} INFO - Filling up the DagBag from /home/airflow/.local/lib/python3.12/site-packages/airflow/example_dags/example_xcom.py
[2026-09-22T16:56:25.330+0000] {processor.py:840} INFO - DAG(s) 'example_xcom' retrieved from /home/airflow/.local/lib/python3.12/site-packages/airflow/example_dags/example_xcom.py
[2026-09-22T16:56:25.352+0000] {logging_mixin.py:188} INFO - [2026-09-22T16:56:25.352+0000] {dag.py:3089} INFO - Sync 1 DAGs
[2026-09-22T16:56:25.377+0000] {logging_mixin.py:188} INFO - [2026-09-22T16:56:25.376+0000] {dag.py:3947} INFO - Setting next_dagrun for example_xcom to 2021-01-01 00:00:00+00:00, run_after=2021-01-01 00:00:00+00:00
[2026-09-22T16:56:25.400+0000] {processor.py:183} INFO - Processing /home/airflow/.local/lib/python3.12/site-packages/airflow/example_dags/example_xcom.py took 0.087 seconds
[2026-09-22T16:57:59.000+0000] {processor.py:161} INFO - Started process (PID=90) to work on /home/airflow/.local/lib/python3.12/site-packages/airflow/example_dags/example_xcom.py
[2026-09-22T16:57:59.002+0000] {processor.py:830} INFO - Processing file /home/airflow/.local/lib/python3.12/site-packages/airflow/example_dags/example_xcom.py for tasks to queue
[2026-09-22T16:57:59.005+0000] {logging_mixin.py:188} INFO - [2026-09-22T16:57:59.005+0000] {dagbag.py:545} INFO - Filling up the DagBag from /home/airflow/.local/lib/python3.12/site-packages/airflow/example_dags/example_xcom.py
[2026-09-22T16:57:59.024+0000] {processor.py:840} INFO - DAG(s) 'example_xcom' retrieved from /home/airflow/.local/lib/python3.12/site-packages/airflow/example_dags/example_xcom.py
[2026-09-22T16:57:59.208+0000] {logging_mixin.py:188} INFO - [2026-09-22T16:57:59.207+0000] {dag.py:3089} INFO - Sync 1 DAGs
[2026-09-22T16:57:59.234+0000] {logging_mixin.py:188} INFO - [2026-09-22T16:57:59.234+0000] {dag.py:3947} INFO - Setting next_dagrun for example_xcom to 2021-01-01 00:00:00+00:00, run_after=2021-01-01 00:00:00+00:00
[2026-09-22T16:57:59.269+0000] {processor.py:183} INFO - Processing /home/airflow/.local/lib/python3.12/site-packages/airflow/example_dags/example_xcom.py took 0.279 seconds
[2026-09-22T16:58:29.416+0000] {processor.py:161} INFO - Started process (PID=148) to work on /home/airflow/.local/lib/python3.12/site-packages/airflow/example_dags/example_xcom.py
[2026-09-22T16:58:29.418+0000] {processor.py:830} INFO - Processing file /home/airflow/.local/lib/python3.12/site-packages/airflow/example_dags/example_xcom.py for tasks to queue
[2026-09-22T16:58:29.421+0000] {logging_mixin.py:188} INFO - [2026-09-22T16:58:29.420+0000] {dagbag.py:545} INFO - Filling up the DagBag from /home/airflow/.local/lib/python3.12/site-packages/airflow/example_dags/example_xcom.py
[2026-09-22T16:58:29.449+0000] {processor.py:840} INFO - DAG(s) 'example_xcom' retrieved from /home/airflow/.local/lib/python3.12/site-packages/airflow/example_dags/example_xcom.py
[2026-09-22T16:58:29.507+0000] {logging_mixin.py:188} INFO - [2026-09-22T16:58:29.507+0000] {dag.py:3089} INFO - Sync 1 DAGs
[2026-09-22T16:58:29.526+0000] {logging_mixin.py:188} INFO - [2026-09-22T16:58:29.526+0000] {dag.py:3947} INFO - Setting next_dagrun for example_xcom to 2021-01-01 00:00:00+00:00, run_after=2021-01-01 00:00:00+00:00
[2026-09-22T16:58:29.545+0000] {processor.py:183} INFO - Processing /home/airflow/.local/lib/python3.12/site-packages/airflow/example_dags/example_xcom.py took 0.137 seconds
[2026-09-22T16:59:00.457+0000] {processor.py:161} INFO - Started process (PID=206) to work on /home/airflow/.local/lib/python3.12/site-packages/airflow/example_dags/example_xcom.py
[2026-09-22T16:59:00.458+0000] {processor.py:830} INFO - Processing file /home/airflow/.local/lib/python3.12/site-packages/airflow/example_dags/example_xcom.py for tasks to queue
[2026-09-22T16:59:00.460+0000] {logging_mixin.py:188} INFO - [2026-09-22T16:59:00.460+0000] {dagbag.py:545} INFO - Filling up the DagBag from /home/airflow/.local/lib/python3.12/site-packages/airflow/example_dags/example_xcom.py
[2026-09-22T16:59:00.467+0000] {processor.py:840} INFO - DAG(s) 'example_xcom' retrieved from /home/airflow/.local/lib/python3.12/site-packages/airflow/example_dags/example_xcom.py
[2026-09-22T16:59:00.491+0000] {logging_mixin.py:188} INFO - [2026-09-22T16:59:00.491+0000] {dag.py:3089} INFO - Sync 1 DAGs
[2026-09-22T16:59:00.514+0000] {logging_mixin.py:188} INFO - [2026-09-22T16:59:00.513+0000] {dag.py:3947} INFO - Setting next_dagrun for example_xcom to 2021-01-01 00:00:00+00:00, run_after=2021-01-01 00:00:00+00:00
[2026-09-22T16:59:00.538+0000] {processor.py:183} INFO - Processing /home/airflow/.local/lib/python3.12/site-packages/airflow/example_dags/example_xcom.py took 0.087 seconds
[2026-09-22T16:59:30.737+0000] {processor.py:161} INFO - Started process (PID=264) to work on /home/airflow/.local/lib/python3.12/site-packages/airflow/example_dags/example_xcom.py
[2026-09-22T16:59:30.738+0000] {processor.py:830} INFO - Processing file /home/airflow/.local/lib/python3.12/site-packages/airflow/example_dags/example_xcom.py for tasks to queue
[2026-09-22T16:59:30.740+0000] {logging_mixin.py:188} INFO - [2026-09-22T16:59:30.740+0000] {dagbag.py:545} INFO - Filling up the DagBag from /home/airflow/.local/lib/python3.12/site-packages/airflow/example_dags/example_xcom.py
[2026-09-22T16:59:30.746+0000] {processor.py:840} INFO - DAG(s) 'example_xcom' retrieved from /home/airflow/.local/lib/python3.12/site-packages/airflow/example_dags/example_xcom.py
[2026-09-22T16:59:30.767+0000] {logging_mixin.py:188} INFO - [2026-09-22T16:59:30.767+0000] {dag.py:3089} INFO - Sync 1 DAGs
[2026-09-22T16:59:30.785+0000] {logging_mixin.py:188} INFO - [2026-09-22T16:59:30.785+0000] {dag.py:3947} INFO - Setting next_dagrun for example_xcom to 2021-01-01 00:00:00+00:00, run_after=2021-01-01 00:00:00+00:00
[2026-09-22T16:59:30.811+0000] {processor.py:183} INFO - Processing /home/airflow/.local/lib/python3.12/site-packages/airflow/example_dags/example_xcom.py took 0.079 seconds
[2026-09-22T17:00:01.126+0000] {processor.py:161} INFO - Started process (PID=322) to work on /home/airflow/.local/lib/python3.12/site-packages/airflow/example_dags/example_xcom.py
[2026-09-22T17:00:01.128+0000] {processor.py:830} INFO - Processing file /home/airflow/.local/lib/python3.12/site-packages/airflow/example_dags/example_xcom.py for tasks to queue
[2026-09-22T17:00:01.130+0000] {logging_mixin.py:188} INFO - [2026-09-22T17:00:01.130+0000] {dagbag.py:545} INFO - Filling up the DagBag from /home/airflow/.local/lib/python3.12/site-packages/airflow/example_dags/example_xcom.py
[2026-09-22T17:00:01.141+0000] {processor.py:840} INFO - DAG(s) 'example_xcom' retrieved from /home/airflow/.local/lib/python3.12/site-packages/airflow/example_dags/example_xcom.py
[2026-09-22T17:00:01.165+0000] {logging_mixin.py:188} INFO - [2026-09-22T17:00:01.165+0000] {dag.py:3089} INFO - Sync 1 DAGs
[2026-09-22T17:00:01.189+0000] {logging_mixin.py:188} INFO - [2026-09-22T17:00:01.188+0000] {dag.py:3947} INFO - Setting next_dagrun for example_xcom to 2021-01-01 00:00:00+00:00, run_after=2021-01-01 00:00:00+00:00
[2026-09-22T17:00:01.210+0000] {processor.py:183} INFO - Processing /home/airflow/.local/lib/python3.12/site-packages/airflow/example_dags/example_xcom.py took 0.092 seconds
[2026-09-22T17:00:31.673+0000] {processor.py:161} INFO - Started process (PID=380) to work on /home/airflow/.local/lib/python3.12/site-packages/airflow/example_dags/example_xcom.py
[2026-09-22T17:00:31.674+0000] {processor.py:830} INFO - Processing file /home/airflow/.local/lib/python3.12/site-packages/airflow/example_dags/example_xcom.py for tasks to queue
[2026-09-22T17:00:31.676+0000] {logging_mixin.py:188} INFO - [2026-09-22T17:00:31.676+0000] {dagbag.py:545} INFO - Filling up the DagBag from /home/airflow/.local/lib/python3.12/site-packages/airflow/example_dags/example_xcom.py
[2026-09-22T17:00:31.683+0000] {processor.py:840} INFO - DAG(s) 'example_xcom' retrieved from /home/airflow/.local/lib/python3.12/site-packages/airflow/example_dags/example_xcom.py
[2026-09-22T17:00:31.704+0000] {logging_mixin.py:188} INFO - [2026-09-22T17:00:31.704+0000] {dag.py:3089} INFO - Sync 1 DAGs
[2026-09-22T17:00:31.722+0000] {logging_mixin.py:188} INFO - [2026-09-22T17:00:31.722+0000] {dag.py:3947} INFO - Setting next_dagrun for example_xcom to 2021-01-01 00:00:00+00:00, run_after=2021-01-01 00:00:00+00:00
[2026-09-22T17:00:31.743+0000] {processor.py:183} INFO - Processing /home/airflow/.local/lib/python3.12/site-packages/airflow/example_dags/example_xcom.py took 0.076 seconds
[2026-09-22T17:01:02.126+0000] {processor.py:161} INFO - Started process (PID=438) to work on /home/airflow/.local/lib/python3.12/site-packages/airflow/example_dags/example_xcom.py
[2026-09-22T17:01:02.128+0000] {processor.py:830} INFO - Processing file /home/airflow/.local/lib/python3.12/site-packages/airflow/example_dags/example_xcom.py for tasks to queue
[2026-09-22T17:01:02.130+0000] {logging_mixin.py:188} INFO - [2026-09-22T17:01:02.130+0000] {dagbag.py:545} INFO - Filling up the DagBag from /home/airflow/.local/lib/python3.12/site-packages/airflow/example_dags/example_xcom.py
[2026-09-22T17:01:02.140+0000] {processor.py:840} INFO - DAG(s) 'example_xcom' retrieved from /home/airflow/.local/lib/python3.12/site-packages/airflow/example_dags/example_xcom.py
[2026-09-22T17:01:02.170+0000] {logging_mixin.py:188} INFO - [2026-09-22T17:01:02.169+0000] {dag.py:3089} INFO - Sync 1 DAGs
[2026-09-22T17:01:02.197+0000] {logging_mixin.py:188} INFO - [2026-09-22T17:01:02.197+0000] {dag.py:3947} INFO - Setting next_dagrun for example_xcom to 2021-01-01 00:00:00+00:00, run_after=2021-01-01 00:00:00+00:00
[2026-09-22T17:01:02.229+0000] {processor.py:183} INFO - Processing /home/airflow/.local/lib/python3.12/site-packages/airflow/example_dags/example_xcom.py took 0.111 seconds
[2026-09-22T17:01:32.693+0000] {processor.py:161} INFO - Started process (PID=496) to work on /home/airflow/.local/lib/python3.12/site-packages/airflow/example_dags/example_xcom.py
[2026-09-22T17:01:32.695+0000] {processor.py:830} INFO - Processing file /home/airflow/.local/lib/python3.12/site-packages/airflow/example_dags/example_xcom.py for tasks to queue
[2026-09-22T17:01:32.697+0000] {logging_mixin.py:188} INFO - [2026-09-22T17:01:32.697+0000] {dagbag.py:545} INFO - Filling up the DagBag from /home/airflow/.local/lib/python3.12/site-packages/airflow/example_dags/example_xcom.py
[2026-09-22T17:01:32.707+0000] {processor.py:840} INFO - DAG(s) 'example_xcom' retrieved from /home/airflow/.local/lib/python3.12/site-packages/airflow/example_dags/example_xcom.py
[2026-09-22T17:01:32.728+0000] {logging_mixin.py:188} INFO - [2026-09-22T17:01:32.727+0000] {dag.py:3089} INFO - Sync 1 DAGs
[2026-09-22T17:01:32.747+0000] {logging_mixin.py:188} INFO - [2026-09-22T17:01:32.747+0000] {dag.py:3947} INFO - Setting next_dagrun for example_xcom to 2021-01-01 00:00:00+00:00, run_after=2021-01-01 00:00:00+00:00
[2026-09-22T17:01:32.770+0000] {processor.py:183} INFO - Processing /home/airflow/.local/lib/python3.12/site-packages/airflow/example_dags/example_xcom.py took 0.087 seconds
[2026-09-22T17:02:03.694+0000] {processor.py:161} INFO - Started process (PID=554) to work on /home/airflow/.local/lib/python3.12/site-packages/airflow/example_dags/example_xcom.py
[2026-09-22T17:02:03.695+0000] {processor.py:830} INFO - Processing file /home/airflow/.local/lib/python3.12/site-packages/airflow/example_dags/example_xcom.py for tasks to queue
[2026-09-22T17:02:03.697+0000] {logging_mixin.py:188} INFO - [2026-09-22T17:02:03.697+0000] {dagbag.py:545} INFO - Filling up the DagBag from /home/airflow/.local/lib/python3.12/site-packages/airflow/example_dags/example_xcom.py
[2026-09-22T17:02:03.707+0000] {processor.py:840} INFO - DAG(s) 'example_xcom' retrieved from /home/airflow/.local/lib/python3.12/site-packages/airflow/example_dags/example_xcom.py
[2026-09-22T17:02:03.729+0000] {logging_mixin.py:188} INFO - [2026-09-22T17:02:03.729+0000] {dag.py:3089} INFO - Sync 1 DAGs
[2026-09-22T17:02:03.750+0000] {logging_mixin.py:188} INFO - [2026-09-22T17:02:03.750+0000] {dag.py:3947} INFO - Setting next_dagrun for example_xcom to 2021-01-01 00:00:00+00:00, run_after=2021-01-01 00:00:00+00:00
[2026-09-22T17:02:03.777+0000] {processor.py:183} INFO - Processing /home/airflow/.local/lib/python3.12/site-packages/airflow/example_dags/example_xcom.py took 0.090 seconds
[2026-09-22T17:03:29.986+0000] {processor.py:161} INFO - Started process (PID=88) to work on /home/airflow/.local/lib/python3.12/site-packages/airflow/example_dags/example_xcom.py
[2026-09-22T17:03:29.989+0000] {processor.py:830} INFO - Processing file /home/airflow/.local/lib/python3.12/site-packages/airflow/example_dags/example_xcom.py for tasks to queue
[2026-09-22T17:03:29.993+0000] {logging_mixin.py:188} INFO - [2026-09-22T17:03:29.992+0000] {dagbag.py:545} INFO - Filling up the DagBag from /home/airflow/.local/lib/python3.12/site-packages/airflow/example_dags/example_xcom.py
[2026-09-22T17:03:30.008+0000] {processor.py:840} INFO - DAG(s) 'example_xcom' retrieved from /home/airflow/.local/lib/python3.12/site-packages/airflow/example_dags/example_xcom.py
[2026-09-22T17:03:30.166+0000] {logging_mixin.py:188} INFO - [2026-09-22T17:03:30.166+0000] {dag.py:3089} INFO - Sync 1 DAGs
[2026-09-22T17:03:30.194+0000] {logging_mixin.py:188} INFO - [2026-09-22T17:03:30.194+0000] {dag.py:3947} INFO - Setting next_dagrun for example_xcom to 2021-01-01 00:00:00+00:00, run_after=2021-01-01 00:00:00+00:00
[2026-09-22T17:03:30.223+0000] {processor.py:183} INFO - Processing /home/airflow/.local/lib/python3.12/site-packages/airflow/example_dags/example_xcom.py took 0.249 seconds
[2026-09-22T17:04:00.788+0000] {processor.py:161} INFO - Started process (PID=146) to work on /home/airflow/.local/lib/python3.12/site-packages/airflow/example_dags/example_xcom.py
[2026-09-22T17:04:00.789+0000] {processor.py:830} INFO - Processing file /home/airflow/.local/lib/python3.12/site-packages/airflow/example_dags/example_xcom.py for tasks to queue
[2026-09-22T17:04:00.791+0000] {logging_mixin.py:188} INFO - [2026-09-22T17:04:00.791+0000] {dagbag.py:545} INFO - Filling up the DagBag from /home/airflow/.local/lib/python3.12/site-packages/airflow/example_dags/example_xcom.py
[2026-09-22T17:04:00.798+0000] {processor.py:840} INFO - DAG(s) 'example_xcom' retrieved from /home/airflow/.local/lib/python3.12/site-packages/airflow/example_dags/example_xcom.py
[2026-09-22T17:04:00.820+0000] {logging_mixin.py:188} INFO - [2026-09-22T17:04:00.820+0000] {dag.py:3089} INFO - Sync 1 DAGs
[2026-09-22T17:04:00.839+0000] {logging_mixin.py:188} INFO - [2026-09-22T17:04:00.839+0000] {dag.py:3947} INFO - Setting next_dagrun for example_xcom to 2021-01-01 00:00:00+00:00, run_after=2021-01-01 00:00:00+00:00
[2026-09-22T17:04:00.860+0000] {processor.py:183} INFO - Processing /home/airflow/.local/lib/python3.12/site-packages/airflow/example_dags/example_xcom.py took 0.077 seconds
[2026-09-22T17:04:31.600+0000] {processor.py:161} INFO - Started process (PID=204) to work on /home/airflow/.local/lib/python3.12/site-packages/airflow/example_dags/example_xcom.py
[2026-09-22T17:04:31.602+0000] {processor.py:830} INFO - Processing file /home/airflow/.local/lib/python3.12/site-packages/airflow/example_dags/example_xcom.py for tasks to queue
[2026-09-22T17:04:31.604+0000] {logging_mixin.py:188} INFO - [2026-09-22T17:04:31.604+0000] {dagbag.py:545} INFO - Filling up the DagBag from /home/airflow/.local/lib/python3.12/site-packages/airflow/example_dags/example_xcom.py
[2026-09-22T17:04:31.610+0000] {processor.py:840} INFO - DAG(s) 'example_xcom' retrieved from /home/airflow/.local/lib/python3.12/site-packages/airflow/example_dags/example_xcom.py
[2026-09-22T17:04:31.632+0000] {logging_mixin.py:188} INFO - [2026-09-22T17:04:31.632+0000] {dag.py:3089} INFO - Sync 1 DAGs
[2026-09-22T17:04:31.655+0000] {logging_mixin.py:188} INFO - [2026-09-22T17:04:31.655+0000] {dag.py:3947} INFO - Setting next_dagrun for example_xcom to 2021-01-01 00:00:00+00:00, run_after=2021-01-01 00:00:00+00:00
[2026-09-22T17:04:31.678+0000] {processor.py:183} INFO - Processing /home/airflow/.local/lib/python3.12/site-packages/airflow/example_dags/example_xcom.py took 0.083 seconds
[2026-09-22T17:05:02.232+0000] {processor.py:161} INFO - Started process (PID=262) to work on /home/airflow/.local/lib/python3.12/site-packages/airflow/example_dags/example_xcom.py
[2026-09-22T17:05:02.234+0000] {processor.py:830} INFO - Processing file /home/airflow/.local/lib/python3.12/site-packages/airflow/example_dags/example_xcom.py for tasks to queue
[2026-09-22T17:05:02.237+0000] {logging_mixin.py:188} INFO - [2026-09-22T17:05:02.236+0000] {dagbag.py:545} INFO - Filling up the DagBag from /home/airflow/.local/lib/python3.12/site-packages/airflow/example_dags/example_xcom.py
[2026-09-22T17:05:02.245+0000] {processor.py:840} INFO - DAG(s) 'example_xcom' retrieved from /home/airflow/.local/lib/python3.12/site-packages/airflow/example_dags/example_xcom.py
[2026-09-22T17:05:02.281+0000] {logging_mixin.py:188} INFO - [2026-09-22T17:05:02.280+0000] {dag.py:3089} INFO - Sync 1 DAGs
[2026-09-22T17:05:02.327+0000] {logging_mixin.py:188} INFO - [2026-09-22T17:05:02.326+0000] {dag.py:3947} INFO - Setting next_dagrun for example_xcom to 2021-01-01 00:00:00+00:00, run_after=2021-01-01 00:00:00+00:00
[2026-09-22T17:05:02.368+0000] {processor.py:183} INFO - Processing /home/airflow/.local/lib/python3.12/site-packages/airflow/example_dags/example_xcom.py took 0.141 seconds
[2026-09-22T17:05:32.768+0000] {processor.py:161} INFO - Started process (PID=320) to work on /home/airflow/.local/lib/python3.12/site-packages/airflow/example_dags/example_xcom.py
[2026-09-22T17:05:32.769+0000] {processor.py:830} INFO - Processing file /home/airflow/.local/lib/python3.12/site-packages/airflow/example_dags/example_xcom.py for tasks to queue
[2026-09-22T17:05:32.771+0000] {logging_mixin.py:188} INFO - [2026-09-22T17:05:32.770+0000] {dagbag.py:545} INFO - Filling up the DagBag from /home/airflow/.local/lib/python3.12/site-packages/airflow/example_dags/example_xcom.py
[2026-09-22T17:05:32.777+0000] {processor.py:840} INFO - DAG(s) 'example_xcom' retrieved from /home/airflow/.local/lib/python3.12/site-packages/airflow/example_dags/example_xcom.py
[2026-09-22T17:05:32.797+0000] {logging_mixin.py:188} INFO - [2026-09-22T17:05:32.797+0000] {dag.py:3089} INFO - Sync 1 DAGs
[2026-09-22T17:05:32.814+0000] {logging_mixin.py:188} INFO - [2026-09-22T17:05:32.814+0000] {dag.py:3947} INFO - Setting next_dagrun for example_xcom to 2021-01-01 00:00:00+00:00, run_after=2021-01-01 00:00:00+00:00
[2026-09-22T17:05:32.835+0000] {processor.py:183} INFO - Processing /home/airflow/.local/lib/python3.12/site-packages/airflow/example_dags/example_xcom.py took 0.073 seconds
[2026-09-22T17:06:03.046+0000] {processor.py:161} INFO - Started process (PID=378) to work on /home/airflow/.local/lib/python3.12/site-packages/airflow/example_dags/example_xcom.py
[2026-09-22T17:06:03.047+0000] {processor.py:830} INFO - Processing file /home/airflow/.local/lib/python3.12/site-packages/airflow/example_dags/example_xcom.py for tasks to queue
[2026-09-22T17:06:03.050+0000] {logging_mixin.py:188} INFO - [2026-09-22T17:06:03.049+0000] {dagbag.py:545} INFO - Filling up the DagBag from /home/airflow/.local/lib/python3.12/site-packages/airflow/example_dags/example_xcom.py
[2026-09-22T17:06:03.058+0000] {processor.py:840} INFO - DAG(s) 'example_xcom' retrieved from /home/airflow/.local/lib/python3.12/site-packages/airflow/example_dags/example_xcom.py
[2026-09-22T17:06:03.081+0000] {logging_mixin.py:188} INFO - [2026-09-22T17:06:03.081+0000] {dag.py:3089} INFO - Sync 1 DAGs
[2026-09-22T17:06:03.101+0000] {logging_mixin.py:188} INFO - [2026-09-22T17:06:03.100+0000] {dag.py:3947} INFO - Setting next_dagrun for example_xcom to 2021-01-01 00:00:00+00:00, run_after=2021-01-01 00:00:00+00:00
[2026-09-22T17:06:03.124+0000] {processor.py:183} INFO - Processing /home/airflow/.local/lib/python3.12/site-packages/airflow/example_dags/example_xcom.py took 0.084 seconds
[2026-09-22T17:06:33.444+0000] {processor.py:161} INFO - Started process (PID=436) to work on /home/airflow/.local/lib/python3.12/site-packages/airflow/example_dags/example_xcom.py
[2026-09-22T17:06:33.445+0000] {processor.py:830} INFO - Processing file /home/airflow/.local/lib/python3.12/site-packages/airflow/example_dags/example_xcom.py for tasks to queue
[2026-09-22T17:06:33.447+0000] {logging_mixin.py:188} INFO - [2026-09-22T17:06:33.447+0000] {dagbag.py:545} INFO - Filling up the DagBag from /home/airflow/.local/lib/python3.12/site-packages/airflow/example_dags/example_xcom.py
[2026-09-22T17:06:33.454+0000] {processor.py:840} INFO - DAG(s) 'example_xcom' retrieved from /home/airflow/.local/lib/python3.12/site-packages/airflow/example_dags/example_xcom.py
[2026-09-22T17:06:33.475+0000] {logging_mixin.py:188} INFO - [2026-09-22T17:06:33.475+0000] {dag.py:3089} INFO - Sync 1 DAGs
[2026-09-22T17:06:33.493+0000] {logging_mixin.py:188} INFO - [2026-09-22T17:06:33.493+0000] {dag.py:3947} INFO - Setting next_dagrun for example_xcom to 2021-01-01 00:00:00+00:00, run_after=2021-01-01 00:00:00+00:00
[2026-09-22T17:06:33.517+0000] {processor.py:183} INFO - Processing /home/airflow/.local/lib/python3.12/site-packages/airflow/example_dags/example_xcom.py took 0.078 seconds
[2026-09-22T17:07:03.809+0000] {processor.py:161} INFO - Started process (PID=494) to work on /home/airflow/.local/lib/python3.12/site-packages/airflow/example_dags/example_xcom.py
[2026-09-22T17:07:03.810+0000] {processor.py:830} INFO - Processing file /home/airflow/.local/lib/python3.12/site-packages/airflow/example_dags/example_xcom.py for tasks to queue
[2026-09-22T17:07:03.812+0000] {logging_mixin.py:188} INFO - [2026-09-22T17:07:03.811+0000] {dagbag.py:545} INFO - Filling up the DagBag from /home/airflow/.local/lib/python3.12/site-packages/airflow/example_dags/example_xcom.py
[2026-09-22T17:07:03.820+0000] {processor.py:840} INFO - DAG(s) 'example_xcom' retrieved from /home/airflow/.local/lib/python3.12/site-packages/airflow/example_dags/example_xcom.py
[2026-09-22T17:07:03.845+0000] {logging_mixin.py:188} INFO - [2026-09-22T17:07:03.845+0000] {dag.py:3089} INFO - Sync 1 DAGs
[2026-09-22T17:07:03.866+0000] {logging_mixin.py:188} INFO - [2026-09-22T17:07:03.865+0000] {dag.py:3947} INFO - Setting next_dagrun for example_xcom to 2021-01-01 00:00:00+00:00, run_after=2021-01-01 00:00:00+00:00
[2026-09-22T17:07:03.893+0000] {processor.py:183} INFO - Processing /home/airflow/.local/lib/python3.12/site-packages/airflow/example_dags/example_xcom.py took 0.089 seconds
[2026-09-22T17:07:33.932+0000] {processor.py:161} INFO - Started process (PID=552) to work on /home/airflow/.local/lib/python3.12/site-packages/airflow/example_dags/example_xcom.py
[2026-09-22T17:07:33.932+0000] {processor.py:830} INFO - Processing file /home/airflow/.local/lib/python3.12/site-packages/airflow/example_dags/example_xcom.py for tasks to queue
[2026-09-22T17:07:33.935+0000] {logging_mixin.py:188} INFO - [2026-09-22T17:07:33.934+0000] {dagbag.py:545} INFO - Filling up the DagBag from /home/airflow/.local/lib/python3.12/site-packages/airflow/example_dags/example_xcom.py
[2026-09-22T17:07:33.941+0000] {processor.py:840} INFO - DAG(s) 'example_xcom' retrieved from /home/airflow/.local/lib/python3.12/site-packages/airflow/example_dags/example_xcom.py
[2026-09-22T17:07:33.959+0000] {logging_mixin.py:188} INFO - [2026-09-22T17:07:33.959+0000] {dag.py:3089} INFO - Sync 1 DAGs
[2026-09-22T17:07:33.977+0000] {logging_mixin.py:188} INFO - [2026-09-22T17:07:33.977+0000] {dag.py:3947} INFO - Setting next_dagrun for example_xcom to 2021-01-01 00:00:00+00:00, run_after=2021-01-01 00:00:00+00:00
[2026-09-22T17:07:33.997+0000] {processor.py:183} INFO - Processing /home/airflow/.local/lib/python3.12/site-packages/airflow/example_dags/example_xcom.py took 0.070 seconds
[2026-09-22T17:08:04.266+0000] {processor.py:161} INFO - Started process (PID=610) to work on /home/airflow/.local/lib/python3.12/site-packages/airflow/example_dags/example_xcom.py
[2026-09-22T17:08:04.267+0000] {processor.py:830} INFO - Processing file /home/airflow/.local/lib/python3.12/site-packages/airflow/example_dags/example_xcom.py for tasks to queue
[2026-09-22T17:08:04.269+0000] {logging_mixin.py:188} INFO - [2026-09-22T17:08:04.269+0000] {dagbag.py:545} INFO - Filling up the DagBag from /home/airflow/.local/lib/python3.12/site-packages/airflow/example_dags/example_xcom.py
[2026-09-22T17:08:04.275+0000] {processor.py:840} INFO - DAG(s) 'example_xcom' retrieved from /home/airflow/.local/lib/python3.12/site-packages/airflow/example_dags/example_xcom.py
[2026-09-22T17:08:04.295+0000] {logging_mixin.py:188} INFO - [2026-09-22T17:08:04.295+0000] {dag.py:3089} INFO - Sync 1 DAGs
[2026-09-22T17:08:04.313+0000] {logging_mixin.py:188} INFO - [2026-09-22T17:08:04.312+0000] {dag.py:3947} INFO - Setting next_dagrun for example_xcom to 2021-01-01 00:00:00+00:00, run_after=2021-01-01 00:00:00+00:00
[2026-09-22T17:08:04.332+0000] {processor.py:183} INFO - Processing /home/airflow/.local/lib/python3.12/site-packages/airflow/example_dags/example_xcom.py took 0.071 seconds
[2026-09-22T17:08:34.702+0000] {processor.py:161} INFO - Started process (PID=674) to work on /home/airflow/.local/lib/python3.12/site-packages/airflow/example_dags/example_xcom.py
[2026-09-22T17:08:34.704+0000] {processor.py:830} INFO - Processing file /home/airflow/.local/lib/python3.12/site-packages/airflow/example_dags/example_xcom.py for tasks to queue
[2026-09-22T17:08:34.706+0000] {logging_mixin.py:188} INFO - [2026-09-22T17:08:34.705+0000] {dagbag.py:545} INFO - Filling up the DagBag from /home/airflow/.local/lib/python3.12/site-packages/airflow/example_dags/example_xcom.py
[2026-09-22T17:08:34.714+0000] {processor.py:840} INFO - DAG(s) 'example_xcom' retrieved from /home/airflow/.local/lib/python3.12/site-packages/airflow/example_dags/example_xcom.py
[2026-09-22T17:08:34.737+0000] {logging_mixin.py:188} INFO - [2026-09-22T17:08:34.737+0000] {dag.py:3089} INFO - Sync 1 DAGs
[2026-09-22T17:08:34.757+0000] {logging_mixin.py:188} INFO - [2026-09-22T17:08:34.757+0000] {dag.py:3947} INFO - Setting next_dagrun for example_xcom to 2021-01-01 00:00:00+00:00, run_after=2021-01-01 00:00:00+00:00
[2026-09-22T17:08:34.776+0000] {processor.py:183} INFO - Processing /home/airflow/.local/lib/python3.12/site-packages/airflow/example_dags/example_xcom.py took 0.081 seconds
[2026-09-22T17:09:04.825+0000] {processor.py:161} INFO - Started process (PID=732) to work on /home/airflow/.local/lib/python3.12/site-packages/airflow/example_dags/example_xcom.py
[2026-09-22T17:09:04.826+0000] {processor.py:830} INFO - Processing file /home/airflow/.local/lib/python3.12/site-packages/airflow/example_dags/example_xcom.py for tasks to queue
[2026-09-22T17:09:04.828+0000] {logging_mixin.py:188} INFO - [2026-09-22T17:09:04.828+0000] {dagbag.py:545} INFO - Filling up the DagBag from /home/airflow/.local/lib/python3.12/site-packages/airflow/example_dags/example_xcom.py
[2026-09-22T17:09:04.835+0000] {processor.py:840} INFO - DAG(s) 'example_xcom' retrieved from /home/airflow/.local/lib/python3.12/site-packages/airflow/example_dags/example_xcom.py
[2026-09-22T17:09:04.856+0000] {logging_mixin.py:188} INFO - [2026-09-22T17:09:04.856+0000] {dag.py:3089} INFO - Sync 1 DAGs
[2026-09-22T17:09:04.875+0000] {logging_mixin.py:188} INFO - [2026-09-22T17:09:04.874+0000] {dag.py:3947} INFO - Setting next_dagrun for example_xcom to 2021-01-01 00:00:00+00:00, run_after=2021-01-01 00:00:00+00:00
[2026-09-22T17:09:04.894+0000] {processor.py:183} INFO - Processing /home/airflow/.local/lib/python3.12/site-packages/airflow/example_dags/example_xcom.py took 0.075 seconds
[2026-09-22T17:09:35.859+0000] {processor.py:161} INFO - Started process (PID=790) to work on /home/airflow/.local/lib/python3.12/site-packages/airflow/example_dags/example_xcom.py
[2026-09-22T17:09:35.860+0000] {processor.py:830} INFO - Processing file /home/airflow/.local/lib/python3.12/site-packages/airflow/example_dags/example_xcom.py for tasks to queue
[2026-09-22T17:09:35.862+0000] {logging_mixin.py:188} INFO - [2026-09-22T17:09:35.861+0000] {dagbag.py:545} INFO - Filling up the DagBag from /home/airflow/.local/lib/python3.12/site-packages/airflow/example_dags/example_xcom.py
[2026-09-22T17:09:35.868+0000] {processor.py:840} INFO - DAG(s) 'example_xcom' retrieved from /home/airflow/.local/lib/python3.12/site-packages/airflow/example_dags/example_xcom.py
[2026-09-22T17:09:35.887+0000] {logging_mixin.py:188} INFO - [2026-09-22T17:09:35.887+0000] {dag.py:3089} INFO - Sync 1 DAGs
[2026-09-22T17:09:35.905+0000] {logging_mixin.py:188} INFO - [2026-09-22T17:09:35.904+0000] {dag.py:3947} INFO - Setting next_dagrun for example_xcom to 2021-01-01 00:00:00+00:00, run_after=2021-01-01 00:00:00+00:00
[2026-09-22T17:09:35.925+0000] {processor.py:183} INFO - Processing /home/airflow/.local/lib/python3.12/site-packages/airflow/example_dags/example_xcom.py took 0.071 seconds
[2026-09-22T17:10:06.253+0000] {processor.py:161} INFO - Started process (PID=848) to work on /home/airflow/.local/lib/python3.12/site-packages/airflow/example_dags/example_xcom.py
[2026-09-22T17:10:06.254+0000] {processor.py:830} INFO - Processing file /home/airflow/.local/lib/python3.12/site-packages/airflow/example_dags/example_xcom.py for tasks to queue
[2026-09-22T17:10:06.256+0000] {logging_mixin.py:188} INFO - [2026-09-22T17:10:06.256+0000] {dagbag.py:545} INFO - Filling up the DagBag from /home/airflow/.local/lib/python3.12/site-packages/airflow/example_dags/example_xcom.py
[2026-09-22T17:10:06.261+0000] {processor.py:840} INFO - DAG(s) 'example_xcom' retrieved from /home/airflow/.local/lib/python3.12/site-packages/airflow/example_dags/example_xcom.py
[2026-09-22T17:10:06.284+0000] {logging_mixin.py:188} INFO - [2026-09-22T17:10:06.284+0000] {dag.py:3089} INFO - Sync 1 DAGs
[2026-09-22T17:10:06.307+0000] {logging_mixin.py:188} INFO - [2026-09-22T17:10:06.306+0000] {dag.py:3947} INFO - Setting next_dagrun for example_xcom to 2021-01-01 00:00:00+00:00, run_after=2021-01-01 00:00:00+00:00
[2026-09-22T17:10:06.330+0000] {processor.py:183} INFO - Processing /home/airflow/.local/lib/python3.12/site-packages/airflow/example_dags/example_xcom.py took 0.082 seconds
[2026-09-22T17:10:37.077+0000] {processor.py:161} INFO - Started process (PID=906) to work on /home/airflow/.local/lib/python3.12/site-packages/airflow/example_dags/example_xcom.py
[2026-09-22T17:10:37.078+0000] {processor.py:830} INFO - Processing file /home/airflow/.local/lib/python3.12/site-packages/airflow/example_dags/example_xcom.py for tasks to queue
[2026-09-22T17:10:37.080+0000] {logging_mixin.py:188} INFO - [2026-09-22T17:10:37.080+0000] {dagbag.py:545} INFO - Filling up the DagBag from /home/airflow/.local/lib/python3.12/site-packages/airflow/example_dags/example_xcom.py
[2026-09-22T17:10:37.089+0000] {processor.py:840} INFO - DAG(s) 'example_xcom' retrieved from /home/airflow/.local/lib/python3.12/site-packages/airflow/example_dags/example_xcom.py
[2026-09-22T17:10:37.113+0000] {logging_mixin.py:188} INFO - [2026-09-22T17:10:37.112+0000] {dag.py:3089} INFO - Sync 1 DAGs
[2026-09-22T17:10:37.136+0000] {logging_mixin.py:188} INFO - [2026-09-22T17:10:37.135+0000] {dag.py:3947} INFO - Setting next_dagrun for example_xcom to 2021-01-01 00:00:00+00:00, run_after=2021-01-01 00:00:00+00:00
[2026-09-22T17:10:37.160+0000] {processor.py:183} INFO - Processing /home/airflow/.local/lib/python3.12/site-packages/airflow/example_dags/example_xcom.py took 0.088 seconds
[2026-09-22T17:11:07.532+0000] {processor.py:161} INFO - Started process (PID=964) to work on /home/airflow/.local/lib/python3.12/site-packages/airflow/example_dags/example_xcom.py
[2026-09-22T17:11:07.534+0000] {processor.py:830} INFO - Processing file /home/airflow/.local/lib/python3.12/site-packages/airflow/example_dags/example_xcom.py for tasks to queue
[2026-09-22T17:11:07.537+0000] {logging_mixin.py:188} INFO - [2026-09-22T17:11:07.536+0000] {dagbag.py:545} INFO - Filling up the DagBag from /home/airflow/.local/lib/python3.12/site-packages/airflow/example_dags/example_xcom.py
[2026-09-22T17:11:07.547+0000] {processor.py:840} INFO - DAG(s) 'example_xcom' retrieved from /home/airflow/.local/lib/python3.12/site-packages/airflow/example_dags/example_xcom.py
[2026-09-22T17:11:07.576+0000] {logging_mixin.py:188} INFO - [2026-09-22T17:11:07.576+0000] {dag.py:3089} INFO - Sync 1 DAGs
[2026-09-22T17:11:07.605+0000] {logging_mixin.py:188} INFO - [2026-09-22T17:11:07.604+0000] {dag.py:3947} INFO - Setting next_dagrun for example_xcom to 2021-01-01 00:00:00+00:00, run_after=2021-01-01 00:00:00+00:00
[2026-09-22T17:11:07.637+0000] {processor.py:183} INFO - Processing /home/airflow/.local/lib/python3.12/site-packages/airflow/example_dags/example_xcom.py took 0.113 seconds
[2026-09-22T17:11:37.819+0000] {processor.py:161} INFO - Started process (PID=1022) to work on /home/airflow/.local/lib/python3.12/site-packages/airflow/example_dags/example_xcom.py
[2026-09-22T17:11:37.820+0000] {processor.py:830} INFO - Processing file /home/airflow/.local/lib/python3.12/site-packages/airflow/example_dags/example_xcom.py for tasks to queue
[2026-09-22T17:11:37.821+0000] {logging_mixin.py:188} INFO - [2026-09-22T17:11:37.821+0000] {dagbag.py:545} INFO - Filling up the DagBag from /home/airflow/.local/lib/python3.12/site-packages/airflow/example_dags/example_xcom.py
[2026-09-22T17:11:37.828+0000] {processor.py:840} INFO - DAG(s) 'example_xcom' retrieved from /home/airflow/.local/lib/python3.12/site-packages/airflow/example_dags/example_xcom.py
[2026-09-22T17:11:37.846+0000] {logging_mixin.py:188} INFO - [2026-09-22T17:11:37.846+0000] {dag.py:3089} INFO - Sync 1 DAGs
[2026-09-22T17:11:37.864+0000] {logging_mixin.py:188} INFO - [2026-09-22T17:11:37.864+0000] {dag.py:3947} INFO - Setting next_dagrun for example_xcom to 2021-01-01 00:00:00+00:00, run_after=2021-01-01 00:00:00+00:00
[2026-09-22T17:11:37.884+0000] {processor.py:183} INFO - Processing /home/airflow/.local/lib/python3.12/site-packages/airflow/example_dags/example_xcom.py took 0.072 seconds
[2026-09-22T17:12:08.106+0000] {processor.py:161} INFO - Started process (PID=1080) to work on /home/airflow/.local/lib/python3.12/site-packages/airflow/example_dags/example_xcom.py
[2026-09-22T17:12:08.107+0000] {processor.py:830} INFO - Processing file /home/airflow/.local/lib/python3.12/site-packages/airflow/example_dags/example_xcom.py for tasks to queue
[2026-09-22T17:12:08.110+0000] {logging_mixin.py:188} INFO - [2026-09-22T17:12:08.110+0000] {dagbag.py:545} INFO - Filling up the DagBag from /home/airflow/.local/lib/python3.12/site-packages/airflow/example_dags/example_xcom.py
[2026-09-22T17:12:08.120+0000] {processor.py:840} INFO - DAG(s) 'example_xcom' retrieved from /home/airflow/.local/lib/python3.12/site-packages/airflow/example_dags/example_xcom.py
[2026-09-22T17:12:08.145+0000] {logging_mixin.py:188} INFO - [2026-09-22T17:12:08.145+0000] {dag.py:3089} INFO - Sync 1 DAGs
[2026-09-22T17:12:08.173+0000] {logging_mixin.py:188} INFO - [2026-09-22T17:12:08.173+0000] {dag.py:3947} INFO - Setting next_dagrun for example_xcom to 2021-01-01 00:00:00+00:00, run_after=2021-01-01 00:00:00+00:00
[2026-09-22T17:12:08.197+0000] {processor.py:183} INFO - Processing /home/airflow/.local/lib/python3.12/site-packages/airflow/example_dags/example_xcom.py took 0.098 seconds
[2026-09-22T17:12:38.263+0000] {processor.py:161} INFO - Started process (PID=1138) to work on /home/airflow/.local/lib/python3.12/site-packages/airflow/example_dags/example_xcom.py
[2026-09-22T17:12:38.264+0000] {processor.py:830} INFO - Processing file /home/airflow/.local/lib/python3.12/site-packages/airflow/example_dags/example_xcom.py for tasks to queue
[2026-09-22T17:12:38.266+0000] {logging_mixin.py:188} INFO - [2026-09-22T17:12:38.266+0000] {dagbag.py:545} INFO - Filling up the DagBag from /home/airflow/.local/lib/python3.12/site-packages/airflow/example_dags/example_xcom.py
[2026-09-22T17:12:38.272+0000] {processor.py:840} INFO - DAG(s) 'example_xcom' retrieved from /home/airflow/.local/lib/python3.12/site-packages/airflow/example_dags/example_xcom.py
[2026-09-22T17:12:38.290+0000] {logging_mixin.py:188} INFO - [2026-09-22T17:12:38.290+0000] {dag.py:3089} INFO - Sync 1 DAGs
[2026-09-22T17:12:38.306+0000] {logging_mixin.py:188} INFO - [2026-09-22T17:12:38.306+0000] {dag.py:3947} INFO - Setting next_dagrun for example_xcom to 2021-01-01 00:00:00+00:00, run_after=2021-01-01 00:00:00+00:00
[2026-09-22T17:12:38.329+0000] {processor.py:183} INFO - Processing /home/airflow/.local/lib/python3.12/site-packages/airflow/example_dags/example_xcom.py took 0.071 seconds
[2026-09-22T17:13:08.568+0000] {processor.py:161} INFO - Started process (PID=1196) to work on /home/airflow/.local/lib/python3.12/site-packages/airflow/example_dags/example_xcom.py
[2026-09-22T17:13:08.570+0000] {processor.py:830} INFO - Processing file /home/airflow/.local/lib/python3.12/site-packages/airflow/example_dags/example_xcom.py for tasks to queue
[2026-09-22T17:13:08.572+0000] {logging_mixin.py:188} INFO - [2026-09-22T17:13:08.571+0000] {dagbag.py:545} INFO - Filling up the DagBag from /home/airflow/.local/lib/python3.12/site-packages/airflow/example_dags/example_xcom.py
[2026-09-22T17:13:08.577+0000] {processor.py:840} INFO - DAG(s) 'example_xcom' retrieved from /home/airflow/.local/lib/python3.12/site-packages/airflow/example_dags/example_xcom.py
[2026-09-22T17:13:08.600+0000] {logging_mixin.py:188} INFO - [2026-09-22T17:13:08.600+0000] {dag.py:3089} INFO - Sync 1 DAGs
[2026-09-22T17:13:08.624+0000] {logging_mixin.py:188} INFO - [2026-09-22T17:13:08.624+0000] {dag.py:3947} INFO - Setting next_dagrun for example_xcom to 2021-01-01 00:00:00+00:00, run_after=2021-01-01 00:00:00+00:00
[2026-09-22T17:13:08.646+0000] {processor.py:183} INFO - Processing /home/airflow/.local/lib/python3.12/site-packages/airflow/example_dags/example_xcom.py took 0.084 seconds
[2026-09-22T17:13:38.729+0000] {processor.py:161} INFO - Started process (PID=1254) to work on /home/airflow/.local/lib/python3.12/site-packages/airflow/example_dags/example_xcom.py
[2026-09-22T17:13:38.730+0000] {processor.py:830} INFO - Processing file /home/airflow/.local/lib/python3.12/site-packages/airflow/example_dags/example_xcom.py for tasks to queue
[2026-09-22T17:13:38.732+0000] {logging_mixin.py:188} INFO - [2026-09-22T17:13:38.732+0000] {dagbag.py:545} INFO - Filling up the DagBag from /home/airflow/.local/lib/python3.12/site-packages/airflow/example_dags/example_xcom.py
[2026-09-22T17:13:38.739+0000] {processor.py:840} INFO - DAG(s) 'example_xcom' retrieved from /home/airflow/.local/lib/python3.12/site-packages/airflow/example_dags/example_xcom.py
[2026-09-22T17:13:38.758+0000] {logging_mixin.py:188} INFO - [2026-09-22T17:13:38.758+0000] {dag.py:3089} INFO - Sync 1 DAGs
[2026-09-22T17:13:38.776+0000] {logging_mixin.py:188} INFO - [2026-09-22T17:13:38.776+0000] {dag.py:3947} INFO - Setting next_dagrun for example_xcom to 2021-01-01 00:00:00+00:00, run_after=2021-01-01 00:00:00+00:00
[2026-09-22T17:13:38.799+0000] {processor.py:183} INFO - Processing /home/airflow/.local/lib/python3.12/site-packages/airflow/example_dags/example_xcom.py took 0.075 seconds
