[2026-09-22T16:19:31.313+0000] {processor.py:161} INFO - Started process (PID=88) to work on /home/airflow/.local/lib/python3.12/site-packages/airflow/example_dags/example_nested_branch_dag.py
[2026-09-22T16:19:31.314+0000] {processor.py:830} INFO - Processing file /home/airflow/.local/lib/python3.12/site-packages/airflow/example_dags/example_nested_branch_dag.py for tasks to queue
[2026-09-22T16:19:31.317+0000] {logging_mixin.py:188} INFO - [2026-09-22T16:19:31.316+0000] {dagbag.py:545} INFO - Filling up the DagBag from /home/airflow/.local/lib/python3.12/site-packages/airflow/example_dags/example_nested_branch_dag.py
[2026-09-22T16:19:31.350+0000] {processor.py:840} INFO - DAG(s) 'example_nested_branch_dag' retrieved from /home/airflow/.local/lib/python3.12/site-packages/airflow/example_dags/example_nested_branch_dag.py
[2026-09-22T16:19:31.563+0000] {logging_mixin.py:188} INFO - [2026-09-22T16:19:31.563+0000] {dag.py:3089} INFO - Sync 1 DAGs
[2026-09-22T16:19:31.613+0000] {logging_mixin.py:188} INFO - [2026-09-22T16:19:31.612+0000] {dag.py:3947} INFO - Setting next_dagrun for example_nested_branch_dag to 2026-09-21 00:00:00+00:00, run_after=2026-09-22 00:00:00+00:00
[2026-09-22T16:19:31.717+0000] {processor.py:183} INFO - Processing /home/airflow/.local/lib/python3.12/site-packages/airflow/example_dags/example_nested_branch_dag.py took 0.414 seconds
[2026-09-22T16:20:02.117+0000] {processor.py:161} INFO - Started process (PID=146) to work on /home/airflow/.local/lib/python3.12/site-packages/airflow/example_dags/example_nested_branch_dag.py
[2026-09-22T16:20:02.118+0000] {processor.py:830} INFO - Processing file /home/airflow/.local/lib/python3.12/site-packages/airflow/example_dags/example_nested_branch_dag.py for tasks to queue
[2026-09-22T16:20:02.122+0000] {logging_mixin.py:188} INFO - [2026-09-22T16:20:02.121+0000] {dagbag.py:545} INFO - Filling up the DagBag from /home/airflow/.local/lib/python3.12/site-packages/airflow/example_dags/example_nested_branch_dag.py
[2026-09-22T16:20:02.139+0000] {processor.py:840} INFO - DAG(s) 'example_nested_branch_dag' retrieved from /home/airflow/.local/lib/python3.12/site-packages/airflow/example_dags/example_nested_branch_dag.py
[2026-09-22T16:20:02.173+0000] {logging_mixin.py:188} INFO - [2026-09-22T16:20:02.172+0000] {dag.py:3089} INFO - Sync 1 DAGs
[2026-09-22T16:20:02.213+0000] {logging_mixin.py:188} INFO - [2026-09-22T16:20:02.213+0000] {dag.py:3947} INFO - Setting next_dagrun for example_nested_branch_dag to 2026-09-21 00:00:00+00:00, run_after=2026-09-22 00:00:00+00:00
[2026-09-22T16:20:02.257+0000] {processor.py:183} INFO - Processing /home/airflow/.local/lib/python3.12/site-packages/airflow/example_dags/example_nested_branch_dag.py took 0.149 seconds
[2026-09-22T16:20:32.598+0000] {processor.py:161} INFO - Started process (PID=203) to work on /home/airflow/.local/lib/python3.12/site-packages/airflow/example_dags/example_nested_branch_dag.py
[2026-09-22T16:20:32.601+0000] {processor.py:830} INFO - Processing file /home/airflow/.local/lib/python3.12/site-packages/airflow/example_dags/example_nested_branch_dag.py for tasks to queue
[2026-09-22T16:20:32.607+0000] {logging_mixin.py:188} INFO - [2026-09-22T16:20:32.606+0000] {dagbag.py:545} INFO - Filling up the DagBag from /home/airflow/.local/lib/python3.12/site-packages/airflow/example_dags/example_nested_branch_dag.py
[2026-09-22T16:20:32.653+0000] {processor.py:840} INFO - DAG(s) 'example_nested_branch_dag' retrieved from /home/airflow/.local/lib/python3.12/site-packages/airflow/example_dags/example_nested_branch_dag.py
[2026-09-22T16:20:32.678+0000] {logging_mixin.py:188} INFO - [2026-09-22T16:20:32.678+0000] {dag.py:3089} INFO - Sync 1 DAGs
[2026-09-22T16:20:32.705+0000] {logging_mixin.py:188} INFO - [2026-09-22T16:20:32.704+0000] {dag.py:3947} INFO - Setting next_dagrun for example_nested_branch_dag to 2026-09-21 00:00:00+00:00, run_after=2026-09-22 00:00:00+00:00
[2026-09-22T16:20:32.783+0000] {processor.py:183} INFO - Processing /home/airflow/.local/lib/python3.12/site-packages/airflow/example_dags/example_nested_branch_dag.py took 0.194 seconds
[2026-09-22T16:21:02.846+0000] {processor.py:161} INFO - Started process (PID=261) to work on /home/airflow/.local/lib/python3.12/site-packages/airflow/example_dags/example_nested_branch_dag.py
[2026-09-22T16:21:02.848+0000] {processor.py:830} INFO - Processing file /home/airflow/.local/lib/python3.12/site-packages/airflow/example_dags/example_nested_branch_dag.py for tasks to queue
[2026-09-22T16:21:02.851+0000] {logging_mixin.py:188} INFO - [2026-09-22T16:21:02.851+0000] {dagbag.py:545} INFO - Filling up the DagBag from /home/airflow/.local/lib/python3.12/site-packages/airflow/example_dags/example_nested_branch_dag.py
[2026-09-22T16:21:02.864+0000] {processor.py:840} INFO - DAG(s) 'example_nested_branch_dag' retrieved from /home/airflow/.local/lib/python3.12/site-packages/airflow/example_dags/example_nested_branch_dag.py
[2026-09-22T16:21:02.894+0000] {logging_mixin.py:188} INFO - [2026-09-22T16:21:02.894+0000] {dag.py:3089} INFO - Sync 1 DAGs
[2026-09-22T16:21:02.925+0000] {logging_mixin.py:188} INFO - [2026-09-22T16:21:02.924+0000] {dag.py:3947} INFO - Setting next_dagrun for example_nested_branch_dag to 2026-09-21 00:00:00+00:00, run_after=2026-09-22 00:00:00+00:00
[2026-09-22T16:21:02.954+0000] {processor.py:183} INFO - Processing /home/airflow/.local/lib/python3.12/site-packages/airflow/example_dags/example_nested_branch_dag.py took 0.116 seconds
[2026-09-22T16:21:33.088+0000] {processor.py:161} INFO - Started process (PID=319) to work on /home/airflow/.local/lib/python3.12/site-packages/airflow/example_dags/example_nested_branch_dag.py
[2026-09-22T16:21:33.090+0000] {processor.py:830} INFO - Processing file /home/airflow/.local/lib/python3.12/site-packages/airflow/example_dags/example_nested_branch_dag.py for tasks to queue
[2026-09-22T16:21:33.093+0000] {logging_mixin.py:188} INFO - [2026-09-22T16:21:33.092+0000] {dagbag.py:545} INFO - Filling up the DagBag from /home/airflow/.local/lib/python3.12/site-packages/airflow/example_dags/example_nested_branch_dag.py
[2026-09-22T16:21:33.106+0000] {processor.py:840} INFO - DAG(s) 'example_nested_branch_dag' retrieved from /home/airflow/.local/lib/python3.12/site-packages/airflow/example_dags/example_nested_branch_dag.py
[2026-09-22T16:21:33.134+0000] {logging_mixin.py:188} INFO - [2026-09-22T16:21:33.134+0000] {dag.py:3089} INFO - Sync 1 DAGs
[2026-09-22T16:21:33.161+0000] {logging_mixin.py:188} INFO - [2026-09-22T16:21:33.161+0000] {dag.py:3947} INFO - Setting next_dagrun for example_nested_branch_dag to 2026-09-21 00:00:00+00:00, run_after=2026-09-22 00:00:00+00:00
[2026-09-22T16:21:33.186+0000] {processor.py:183} INFO - Processing /home/airflow/.local/lib/python3.12/site-packages/airflow/example_dags/example_nested_branch_dag.py took 0.108 seconds
[2026-09-22T16:22:03.423+0000] {processor.py:161} INFO - Started process (PID=377) to work on /home/airflow/.local/lib/python3.12/site-packages/airflow/example_dags/example_nested_branch_dag.py
[2026-09-22T16:22:03.425+0000] {processor.py:830} INFO - Processing file /home/airflow/.local/lib/python3.12/site-packages/airflow/example_dags/example_nested_branch_dag.py for tasks to queue
[2026-09-22T16:22:03.427+0000] {logging_mixin.py:188} INFO - [2026-09-22T16:22:03.427+0000] {dagbag.py:545} INFO - Filling up the DagBag from /home/airflow/.local/lib/python3.12/site-packages/airflow/example_dags/example_nested_branch_dag.py
[2026-09-22T16:22:03.442+0000] {processor.py:840} INFO - DAG(s) 'example_nested_branch_dag' retrieved from /home/airflow/.local/lib/python3.12/site-packages/airflow/example_dags/example_nested_branch_dag.py
[2026-09-22T16:22:03.472+0000] {logging_mixin.py:188} INFO - [2026-09-22T16:22:03.471+0000] {dag.py:3089} INFO - Sync 1 DAGs
[2026-09-22T16:22:03.501+0000] {logging_mixin.py:188} INFO - [2026-09-22T16:22:03.500+0000] {dag.py:3947} INFO - Setting next_dagrun for example_nested_branch_dag to 2026-09-21 00:00:00+00:00, run_after=2026-09-22 00:00:00+00:00
[2026-09-22T16:22:03.542+0000] {processor.py:183} INFO - Processing /home/airflow/.local/lib/python3.12/site-packages/airflow/example_dags/example_nested_branch_dag.py took 0.127 seconds
[2026-09-22T16:22:34.361+0000] {processor.py:161} INFO - Started process (PID=435) to work on /home/airflow/.local/lib/python3.12/site-packages/airflow/example_dags/example_nested_branch_dag.py
[2026-09-22T16:22:34.364+0000] {processor.py:830} INFO - Processing file /home/airflow/.local/lib/python3.12/site-packages/airflow/example_dags/example_nested_branch_dag.py for tasks to queue
[2026-09-22T16:22:34.367+0000] {logging_mixin.py:188} INFO - [2026-09-22T16:22:34.367+0000] {dagbag.py:545} INFO - Filling up the DagBag from /home/airflow/.local/lib/python3.12/site-packages/airflow/example_dags/example_nested_branch_dag.py
[2026-09-22T16:22:34.393+0000] {processor.py:840} INFO - DAG(s) 'example_nested_branch_dag' retrieved from /home/airflow/.local/lib/python3.12/site-packages/airflow/example_dags/example_nested_branch_dag.py
[2026-09-22T16:22:34.441+0000] {logging_mixin.py:188} INFO - [2026-09-22T16:22:34.440+0000] {dag.py:3089} INFO - Sync 1 DAGs
[2026-09-22T16:22:34.492+0000] {logging_mixin.py:188} INFO - [2026-09-22T16:22:34.491+0000] {dag.py:3947} INFO - Setting next_dagrun for example_nested_branch_dag to 2026-09-21 00:00:00+00:00, run_after=2026-09-22 00:00:00+00:00
[2026-09-22T16:22:34.538+0000] {processor.py:183} INFO - Processing /home/airflow/.local/lib/python3.12/site-packages/airflow/example_dags/example_nested_branch_dag.py took 0.190 seconds
[2026-09-22T16:23:05.485+0000] {processor.py:161} INFO - Started process (PID=493) to work on /home/airflow/.local/lib/python3.12/site-packages/airflow/example_dags/example_nested_branch_dag.py
[2026-09-22T16:23:05.487+0000] {processor.py:830} INFO - Processing file /home/airflow/.local/lib/python3.12/site-packages/airflow/example_dags/example_nested_branch_dag.py for tasks to queue
[2026-09-22T16:23:05.491+0000] {logging_mixin.py:188} INFO - [2026-09-22T16:23:05.490+0000] {dagbag.py:545} INFO - Filling up the DagBag from /home/airflow/.local/lib/python3.12/site-packages/airflow/example_dags/example_nested_branch_dag.py
[2026-09-22T16:23:05.508+0000] {processor.py:840} INFO - DAG(s) 'example_nested_branch_dag' retrieved from /home/airflow/.local/lib/python3.12/site-packages/airflow/example_dags/example_nested_branch_dag.py
[2026-09-22T16:23:05.549+0000] {logging_mixin.py:188} INFO - [2026-09-22T16:23:05.548+0000] {dag.py:3089} INFO - Sync 1 DAGs
[2026-09-22T16:23:05.581+0000] {logging_mixin.py:188} INFO - [2026-09-22T16:23:05.581+0000] {dag.py:3947} INFO - Setting next_dagrun for example_nested_branch_dag to 2026-09-21 00:00:00+00:00, run_after=2026-09-22 00:00:00+00:00
[2026-09-22T16:23:05.672+0000] {processor.py:183} INFO - Processing /home/airflow/.local/lib/python3.12/site-packages/airflow/example_dags/example_nested_branch_dag.py took 0.199 seconds
[2026-09-22T16:23:36.029+0000] {processor.py:161} INFO - Started process (PID=551) to work on /home/airflow/.local/lib/python3.12/site-packages/airflow/example_dags/example_nested_branch_dag.py
[2026-09-22T16:23:36.030+0000] {processor.py:830} INFO - Processing file /home/airflow/.local/lib/python3.12/site-packages/airflow/example_dags/example_nested_branch_dag.py for tasks to queue
[2026-09-22T16:23:36.033+0000] {logging_mixin.py:188} INFO - [2026-09-22T16:23:36.033+0000] {dagbag.py:545} INFO - Filling up the DagBag from /home/airflow/.local/lib/python3.12/site-packages/airflow/example_dags/example_nested_branch_dag.py
[2026-09-22T16:23:36.045+0000] {processor.py:840} INFO - DAG(s) 'example_nested_branch_dag' retrieved from /home/airflow/.local/lib/python3.12/site-packages/airflow/example_dags/example_nested_branch_dag.py
[2026-09-22T16:23:36.075+0000] {logging_mixin.py:188} INFO - [2026-09-22T16:23:36.075+0000] {dag.py:3089} INFO - Sync 1 DAGs
[2026-09-22T16:23:36.100+0000] {logging_mixin.py:188} INFO - [2026-09-22T16:23:36.100+0000] {dag.py:3947} INFO - Setting next_dagrun for example_nested_branch_dag to 2026-09-21 00:00:00+00:00, run_after=2026-09-22 00:00:00+00:00
[2026-09-22T16:23:36.195+0000] {processor.py:183} INFO - Processing /home/airflow/.local/lib/python3.12/site-packages/airflow/example_dags/example_nested_branch_dag.py took 0.175 seconds
[2026-09-22T16:24:06.271+0000] {processor.py:161} INFO - Started process (PID=609) to work on /home/airflow/.local/lib/python3.12/site-packages/airflow/example_dags/example_nested_branch_dag.py
[2026-09-22T16:24:06.273+0000] {processor.py:830} INFO - Processing file /home/airflow/.local/lib/python3.12/site-packages/airflow/example_dags/example_nested_branch_dag.py for tasks to queue
[2026-09-22T16:24:06.277+0000] {logging_mixin.py:188} INFO - [2026-09-22T16:24:06.276+0000] {dagbag.py:545} INFO - Filling up the DagBag from /home/airflow/.local/lib/python3.12/site-packages/airflow/example_dags/example_nested_branch_dag.py
[2026-09-22T16:24:06.289+0000] {processor.py:840} INFO - DAG(s) 'example_nested_branch_dag' retrieved from /home/airflow/.local/lib/python3.12/site-packages/airflow/example_dags/example_nested_branch_dag.py
[2026-09-22T16:24:06.319+0000] {logging_mixin.py:188} INFO - [2026-09-22T16:24:06.318+0000] {dag.py:3089} INFO - Sync 1 DAGs
[2026-09-22T16:24:06.349+0000] {logging_mixin.py:188} INFO - [2026-09-22T16:24:06.349+0000] {dag.py:3947} INFO - Setting next_dagrun for example_nested_branch_dag to 2026-09-21 00:00:00+00:00, run_after=2026-09-22 00:00:00+00:00
[2026-09-22T16:24:06.383+0000] {processor.py:183} INFO - Processing /home/airflow/.local/lib/python3.12/site-packages/airflow/example_dags/example_nested_branch_dag.py took 0.125 seconds
[2026-09-22T16:24:36.473+0000] {processor.py:161} INFO - Started process (PID=667) to work on /home/airflow/.local/lib/python3.12/site-packages/airflow/example_dags/example_nested_branch_dag.py
[2026-09-22T16:24:36.474+0000] {processor.py:830} INFO - Processing file /home/airflow/.local/lib/python3.12/site-packages/airflow/example_dags/example_nested_branch_dag.py for tasks to queue
[2026-09-22T16:24:36.477+0000] {logging_mixin.py:188} INFO - [2026-09-22T16:24:36.476+0000] {dagbag.py:545} INFO - Filling up the DagBag from /home/airflow/.local/lib/python3.12/site-packages/airflow/example_dags/example_nested_branch_dag.py
[2026-09-22T16:24:36.491+0000] {processor.py:840} INFO - DAG(s) 'example_nested_branch_dag' retrieved from /home/airflow/.local/lib/python3.12/site-packages/airflow/example_dags/example_nested_branch_dag.py
[2026-09-22T16:24:36.521+0000] {logging_mixin.py:188} INFO - [2026-09-22T16:24:36.521+0000] {dag.py:3089} INFO - Sync 1 DAGs
[2026-09-22T16:24:36.558+0000] {logging_mixin.py:188} INFO - [2026-09-22T16:24:36.558+0000] {dag.py:3947} INFO - Setting next_dagrun for example_nested_branch_dag to 2026-09-21 00:00:00+00:00, run_after=2026-09-22 00:00:00+00:00
[2026-09-22T16:24:36.643+0000] {processor.py:183} INFO - Processing /home/airflow/.local/lib/python3.12/site-packages/airflow/example_dags/example_nested_branch_dag.py took 0.178 seconds
[2026-09-22T16:25:06.940+0000] {processor.py:161} INFO - Started process (PID=725) to work on /home/airflow/.local/lib/python3.12/site-packages/airflow/example_dags/example_nested_branch_dag.py
[2026-09-22T16:25:06.942+0000] {processor.py:830} INFO - Processing file /home/airflow/.local/lib/python3.12/site-packages/airflow/example_dags/example_nested_branch_dag.py for tasks to queue
[2026-09-22T16:25:06.948+0000] {logging_mixin.py:188} INFO - [2026-09-22T16:25:06.947+0000] {dagbag.py:545} INFO - Filling up the DagBag from /home/airflow/.local/lib/python3.12/site-packages/airflow/example_dags/example_nested_branch_dag.py
[2026-09-22T16:25:06.969+0000] {processor.py:840} INFO - DAG(s) 'example_nested_branch_dag' retrieved from /home/airflow/.local/lib/python3.12/site-packages/airflow/example_dags/example_nested_branch_dag.py
[2026-09-22T16:25:07.005+0000] {logging_mixin.py:188} INFO - [2026-09-22T16:25:07.004+0000] {dag.py:3089} INFO - Sync 1 DAGs
[2026-09-22T16:25:07.044+0000] {logging_mixin.py:188} INFO - [2026-09-22T16:25:07.044+0000] {dag.py:3947} INFO - Setting next_dagrun for example_nested_branch_dag to 2026-09-21 00:00:00+00:00, run_after=2026-09-22 00:00:00+00:00
[2026-09-22T16:25:07.141+0000] {processor.py:183} INFO - Processing /home/airflow/.local/lib/python3.12/site-packages/airflow/example_dags/example_nested_branch_dag.py took 0.212 seconds
[2026-09-22T16:25:37.352+0000] {processor.py:161} INFO - Started process (PID=783) to work on /home/airflow/.local/lib/python3.12/site-packages/airflow/example_dags/example_nested_branch_dag.py
[2026-09-22T16:25:37.354+0000] {processor.py:830} INFO - Processing file /home/airflow/.local/lib/python3.12/site-packages/airflow/example_dags/example_nested_branch_dag.py for tasks to queue
[2026-09-22T16:25:37.357+0000] {logging_mixin.py:188} INFO - [2026-09-22T16:25:37.356+0000] {dagbag.py:545} INFO - Filling up the DagBag from /home/airflow/.local/lib/python3.12/site-packages/airflow/example_dags/example_nested_branch_dag.py
[2026-09-22T16:25:37.370+0000] {processor.py:840} INFO - DAG(s) 'example_nested_branch_dag' retrieved from /home/airflow/.local/lib/python3.12/site-packages/airflow/example_dags/example_nested_branch_dag.py
[2026-09-22T16:25:37.405+0000] {logging_mixin.py:188} INFO - [2026-09-22T16:25:37.405+0000] {dag.py:3089} INFO - Sync 1 DAGs
[2026-09-22T16:25:37.450+0000] {logging_mixin.py:188} INFO - [2026-09-22T16:25:37.450+0000] {dag.py:3947} INFO - Setting next_dagrun for example_nested_branch_dag to 2026-09-21 00:00:00+00:00, run_after=2026-09-22 00:00:00+00:00
[2026-09-22T16:25:37.488+0000] {processor.py:183} INFO - Processing /home/airflow/.local/lib/python3.12/site-packages/airflow/example_dags/example_nested_branch_dag.py took 0.143 seconds
[2026-09-22T16:26:08.006+0000] {processor.py:161} INFO - Started process (PID=841) to work on /home/airflow/.local/lib/python3.12/site-packages/airflow/example_dags/example_nested_branch_dag.py
[2026-09-22T16:26:08.007+0000] {processor.py:830} INFO - Processing file /home/airflow/.local/lib/python3.12/site-packages/airflow/example_dags/example_nested_branch_dag.py for tasks to queue
[2026-09-22T16:26:08.010+0000] {logging_mixin.py:188} INFO - [2026-09-22T16:26:08.010+0000] {dagbag.py:545} INFO - Filling up the DagBag from /home/airflow/.local/lib/python3.12/site-packages/airflow/example_dags/example_nested_branch_dag.py
[2026-09-22T16:26:08.027+0000] {processor.py:840} INFO - DAG(s) 'example_nested_branch_dag' retrieved from /home/airflow/.local/lib/python3.12/site-packages/airflow/example_dags/example_nested_branch_dag.py
[2026-09-22T16:26:08.060+0000] {logging_mixin.py:188} INFO - [2026-09-22T16:26:08.060+0000] {dag.py:3089} INFO - Sync 1 DAGs
[2026-09-22T16:26:08.092+0000] {logging_mixin.py:188} INFO - [2026-09-22T16:26:08.092+0000] {dag.py:3947} INFO - Setting next_dagrun for example_nested_branch_dag to 2026-09-21 00:00:00+00:00, run_after=2026-09-22 00:00:00+00:00
[2026-09-22T16:26:08.116+0000] {processor.py:183} INFO - Processing /home/airflow/.local/lib/python3.12/site-packages/airflow/example_dags/example_nested_branch_dag.py took 0.122 seconds
[2026-09-22T16:26:38.428+0000] {processor.py:161} INFO - Started process (PID=899) to work on /home/airflow/.local/lib/python3.12/site-packages/airflow/example_dags/example_nested_branch_dag.py
[2026-09-22T16:26:38.429+0000] {processor.py:830} INFO - Processing file /home/airflow/.local/lib/python3.12/site-packages/airflow/example_dags/example_nested_branch_dag.py for tasks to queue
[2026-09-22T16:26:38.432+0000] {logging_mixin.py:188} INFO - [2026-09-22T16:26:38.431+0000] {dagbag.py:545} INFO - Filling up the DagBag from /home/airflow/.local/lib/python3.12/site-packages/airflow/example_dags/example_nested_branch_dag.py
[2026-09-22T16:26:38.447+0000] {processor.py:840} INFO - DAG(s) 'example_nested_branch_dag' retrieved from /home/airflow/.local/lib/python3.12/site-packages/airflow/example_dags/example_nested_branch_dag.py
[2026-09-22T16:26:38.483+0000] {logging_mixin.py:188} INFO - [2026-09-22T16:26:38.483+0000] {dag.py:3089} INFO - Sync 1 DAGs
[2026-09-22T16:26:38.515+0000] {logging_mixin.py:188} INFO - [2026-09-22T16:26:38.515+0000] {dag.py:3947} INFO - Setting next_dagrun for example_nested_branch_dag to 2026-09-21 00:00:00+00:00, run_after=2026-09-22 00:00:00+00:00
[2026-09-22T16:26:38.550+0000] {processor.py:183} INFO - Processing /home/airflow/.local/lib/python3.12/site-packages/airflow/example_dags/example_nested_branch_dag.py took 0.131 seconds
[2026-09-22T16:27:08.978+0000] {processor.py:161} INFO - Started process (PID=957) to work on /home/airflow/.local/lib/python3.12/site-packages/airflow/example_dags/example_nested_branch_dag.py
[2026-09-22T16:27:08.980+0000] {processor.py:830} INFO - Processing file /home/airflow/.local/lib/python3.12/site-packages/airflow/example_dags/example_nested_branch_dag.py for tasks to queue
[2026-09-22T16:27:08.984+0000] {logging_mixin.py:188} INFO - [2026-09-22T16:27:08.983+0000] {dagbag.py:545} INFO - Filling up the DagBag from /home/airflow/.local/lib/python3.12/site-packages/airflow/example_dags/example_nested_branch_dag.py
[2026-09-22T16:27:08.997+0000] {processor.py:840} INFO - DAG(s) 'example_nested_branch_dag' retrieved from /home/airflow/.local/lib/python3.12/site-packages/airflow/example_dags/example_nested_branch_dag.py
[2026-09-22T16:27:09.032+0000] {logging_mixin.py:188} INFO - [2026-09-22T16:27:09.031+0000] {dag.py:3089} INFO - Sync 1 DAGs
[2026-09-22T16:27:09.070+0000] {logging_mixin.py:188} INFO - [2026-09-22T16:27:09.070+0000] {dag.py:3947} INFO - Setting next_dagrun for example_nested_branch_dag to 2026-09-21 00:00:00+00:00, run_after=2026-09-22 00:00:00+00:00
[2026-09-22T16:27:09.100+0000] {processor.py:183} INFO - Processing /home/airflow/.local/lib/python3.12/site-packages/airflow/example_dags/example_nested_branch_dag.py took 0.133 seconds
[2026-09-22T16:27:40.102+0000] {processor.py:161} INFO - Started process (PID=1015) to work on /home/airflow/.local/lib/python3.12/site-packages/airflow/example_dags/example_nested_branch_dag.py
[2026-09-22T16:27:40.104+0000] {processor.py:830} INFO - Processing file /home/airflow/.local/lib/python3.12/site-packages/airflow/example_dags/example_nested_branch_dag.py for tasks to queue
[2026-09-22T16:27:40.107+0000] {logging_mixin.py:188} INFO - [2026-09-22T16:27:40.106+0000] {dagbag.py:545} INFO - Filling up the DagBag from /home/airflow/.local/lib/python3.12/site-packages/airflow/example_dags/example_nested_branch_dag.py
[2026-09-22T16:27:40.122+0000] {processor.py:840} INFO - DAG(s) 'example_nested_branch_dag' retrieved from /home/airflow/.local/lib/python3.12/site-packages/airflow/example_dags/example_nested_branch_dag.py
[2026-09-22T16:27:40.163+0000] {logging_mixin.py:188} INFO - [2026-09-22T16:27:40.163+0000] {dag.py:3089} INFO - Sync 1 DAGs
[2026-09-22T16:27:40.201+0000] {logging_mixin.py:188} INFO - [2026-09-22T16:27:40.200+0000] {dag.py:3947} INFO - Setting next_dagrun for example_nested_branch_dag to 2026-09-21 00:00:00+00:00, run_after=2026-09-22 00:00:00+00:00
[2026-09-22T16:27:40.266+0000] {processor.py:183} INFO - Processing /home/airflow/.local/lib/python3.12/site-packages/airflow/example_dags/example_nested_branch_dag.py took 0.174 seconds
[2026-09-22T16:28:10.713+0000] {processor.py:161} INFO - Started process (PID=1073) to work on /home/airflow/.local/lib/python3.12/site-packages/airflow/example_dags/example_nested_branch_dag.py
[2026-09-22T16:28:10.715+0000] {processor.py:830} INFO - Processing file /home/airflow/.local/lib/python3.12/site-packages/airflow/example_dags/example_nested_branch_dag.py for tasks to queue
[2026-09-22T16:28:10.718+0000] {logging_mixin.py:188} INFO - [2026-09-22T16:28:10.717+0000] {dagbag.py:545} INFO - Filling up the DagBag from /home/airflow/.local/lib/python3.12/site-packages/airflow/example_dags/example_nested_branch_dag.py
[2026-09-22T16:28:10.730+0000] {processor.py:840} INFO - DAG(s) 'example_nested_branch_dag' retrieved from /home/airflow/.local/lib/python3.12/site-packages/airflow/example_dags/example_nested_branch_dag.py
[2026-09-22T16:28:10.758+0000] {logging_mixin.py:188} INFO - [2026-09-22T16:28:10.757+0000] {dag.py:3089} INFO - Sync 1 DAGs
[2026-09-22T16:28:10.788+0000] {logging_mixin.py:188} INFO - [2026-09-22T16:28:10.788+0000] {dag.py:3947} INFO - Setting next_dagrun for example_nested_branch_dag to 2026-09-21 00:00:00+00:00, run_after=2026-09-22 00:00:00+00:00
[2026-09-22T16:28:10.832+0000] {processor.py:183} INFO - Processing /home/airflow/.local/lib/python3.12/site-packages/airflow/example_dags/example_nested_branch_dag.py took 0.126 seconds
[2026-09-22T16:28:41.736+0000] {processor.py:161} INFO - Started process (PID=1131) to work on /home/airflow/.local/lib/python3.12/site-packages/airflow/example_dags/example_nested_branch_dag.py
[2026-09-22T16:28:41.737+0000] {processor.py:830} INFO - Processing file /home/airflow/.local/lib/python3.12/site-packages/airflow/example_dags/example_nested_branch_dag.py for tasks to queue
[2026-09-22T16:28:41.739+0000] {logging_mixin.py:188} INFO - [2026-09-22T16:28:41.739+0000] {dagbag.py:545} INFO - Filling up the DagBag from /home/airflow/.local/lib/python3.12/site-packages/airflow/example_dags/example_nested_branch_dag.py
[2026-09-22T16:28:41.754+0000] {processor.py:840} INFO - DAG(s) 'example_nested_branch_dag' retrieved from /home/airflow/.local/lib/python3.12/site-packages/airflow/example_dags/example_nested_branch_dag.py
[2026-09-22T16:28:41.779+0000] {logging_mixin.py:188} INFO - [2026-09-22T16:28:41.779+0000] {dag.py:3089} INFO - Sync 1 DAGs
[2026-09-22T16:28:41.809+0000] {logging_mixin.py:188} INFO - [2026-09-22T16:28:41.809+0000] {dag.py:3947} INFO - Setting next_dagrun for example_nested_branch_dag to 2026-09-21 00:00:00+00:00, run_after=2026-09-22 00:00:00+00:00
[2026-09-22T16:28:41.904+0000] {processor.py:183} INFO - Processing /home/airflow/.local/lib/python3.12/site-packages/airflow/example_dags/example_nested_branch_dag.py took 0.176 seconds
[2026-09-22T16:29:12.216+0000] {processor.py:161} INFO - Started process (PID=1189) to work on /home/airflow/.local/lib/python3.12/site-packages/airflow/example_dags/example_nested_branch_dag.py
[2026-09-22T16:29:12.218+0000] {processor.py:830} INFO - Processing file /home/airflow/.local/lib/python3.12/site-packages/airflow/example_dags/example_nested_branch_dag.py for tasks to queue
[2026-09-22T16:29:12.221+0000] {logging_mixin.py:188} INFO - [2026-09-22T16:29:12.221+0000] {dagbag.py:545} INFO - Filling up the DagBag from /home/airflow/.local/lib/python3.12/site-packages/airflow/example_dags/example_nested_branch_dag.py
[2026-09-22T16:29:12.239+0000] {processor.py:840} INFO - DAG(s) 'example_nested_branch_dag' retrieved from /home/airflow/.local/lib/python3.12/site-packages/airflow/example_dags/example_nested_branch_dag.py
[2026-09-22T16:29:12.270+0000] {logging_mixin.py:188} INFO - [2026-09-22T16:29:12.270+0000] {dag.py:3089} INFO - Sync 1 DAGs
[2026-09-22T16:29:12.304+0000] {logging_mixin.py:188} INFO - [2026-09-22T16:29:12.303+0000] {dag.py:3947} INFO - Setting next_dagrun for example_nested_branch_dag to 2026-09-21 00:00:00+00:00, run_after=2026-09-22 00:00:00+00:00
[2026-09-22T16:29:12.370+0000] {processor.py:183} INFO - Processing /home/airflow/.local/lib/python3.12/site-packages/airflow/example_dags/example_nested_branch_dag.py took 0.161 seconds
[2026-09-22T16:29:43.635+0000] {processor.py:161} INFO - Started process (PID=1246) to work on /home/airflow/.local/lib/python3.12/site-packages/airflow/example_dags/example_nested_branch_dag.py
[2026-09-22T16:29:43.637+0000] {processor.py:830} INFO - Processing file /home/airflow/.local/lib/python3.12/site-packages/airflow/example_dags/example_nested_branch_dag.py for tasks to queue
[2026-09-22T16:29:43.640+0000] {logging_mixin.py:188} INFO - [2026-09-22T16:29:43.639+0000] {dagbag.py:545} INFO - Filling up the DagBag from /home/airflow/.local/lib/python3.12/site-packages/airflow/example_dags/example_nested_branch_dag.py
[2026-09-22T16:29:43.654+0000] {processor.py:840} INFO - DAG(s) 'example_nested_branch_dag' retrieved from /home/airflow/.local/lib/python3.12/site-packages/airflow/example_dags/example_nested_branch_dag.py
[2026-09-22T16:29:43.683+0000] {logging_mixin.py:188} INFO - [2026-09-22T16:29:43.683+0000] {dag.py:3089} INFO - Sync 1 DAGs
[2026-09-22T16:29:43.717+0000] {logging_mixin.py:188} INFO - [2026-09-22T16:29:43.717+0000] {dag.py:3947} INFO - Setting next_dagrun for example_nested_branch_dag to 2026-09-21 00:00:00+00:00, run_after=2026-09-22 00:00:00+00:00
[2026-09-22T16:29:43.743+0000] {processor.py:183} INFO - Processing /home/airflow/.local/lib/python3.12/site-packages/airflow/example_dags/example_nested_branch_dag.py took 0.117 seconds
[2026-09-22T16:30:13.881+0000] {processor.py:161} INFO - Started process (PID=1304) to work on /home/airflow/.local/lib/python3.12/site-packages/airflow/example_dags/example_nested_branch_dag.py
[2026-09-22T16:30:13.911+0000] {processor.py:830} INFO - Processing file /home/airflow/.local/lib/python3.12/site-packages/airflow/example_dags/example_nested_branch_dag.py for tasks to queue
[2026-09-22T16:30:13.915+0000] {logging_mixin.py:188} INFO - [2026-09-22T16:30:13.914+0000] {dagbag.py:545} INFO - Filling up the DagBag from /home/airflow/.local/lib/python3.12/site-packages/airflow/example_dags/example_nested_branch_dag.py
[2026-09-22T16:30:13.928+0000] {processor.py:840} INFO - DAG(s) 'example_nested_branch_dag' retrieved from /home/airflow/.local/lib/python3.12/site-packages/airflow/example_dags/example_nested_branch_dag.py
[2026-09-22T16:30:13.956+0000] {logging_mixin.py:188} INFO - [2026-09-22T16:30:13.956+0000] {dag.py:3089} INFO - Sync 1 DAGs
[2026-09-22T16:30:13.989+0000] {logging_mixin.py:188} INFO - [2026-09-22T16:30:13.988+0000] {dag.py:3947} INFO - Setting next_dagrun for example_nested_branch_dag to 2026-09-21 00:00:00+00:00, run_after=2026-09-22 00:00:00+00:00
[2026-09-22T16:30:14.019+0000] {processor.py:183} INFO - Processing /home/airflow/.local/lib/python3.12/site-packages/airflow/example_dags/example_nested_branch_dag.py took 0.146 seconds
[2026-09-22T16:30:44.188+0000] {processor.py:161} INFO - Started process (PID=1362) to work on /home/airflow/.local/lib/python3.12/site-packages/airflow/example_dags/example_nested_branch_dag.py
[2026-09-22T16:30:44.190+0000] {processor.py:830} INFO - Processing file /home/airflow/.local/lib/python3.12/site-packages/airflow/example_dags/example_nested_branch_dag.py for tasks to queue
[2026-09-22T16:30:44.193+0000] {logging_mixin.py:188} INFO - [2026-09-22T16:30:44.192+0000] {dagbag.py:545} INFO - Filling up the DagBag from /home/airflow/.local/lib/python3.12/site-packages/airflow/example_dags/example_nested_branch_dag.py
[2026-09-22T16:30:44.206+0000] {processor.py:840} INFO - DAG(s) 'example_nested_branch_dag' retrieved from /home/airflow/.local/lib/python3.12/site-packages/airflow/example_dags/example_nested_branch_dag.py
[2026-09-22T16:30:44.239+0000] {logging_mixin.py:188} INFO - [2026-09-22T16:30:44.239+0000] {dag.py:3089} INFO - Sync 1 DAGs
[2026-09-22T16:30:44.274+0000] {logging_mixin.py:188} INFO - [2026-09-22T16:30:44.274+0000] {dag.py:3947} INFO - Setting next_dagrun for example_nested_branch_dag to 2026-09-21 00:00:00+00:00, run_after=2026-09-22 00:00:00+00:00
[2026-09-22T16:30:44.310+0000] {processor.py:183} INFO - Processing /home/airflow/.local/lib/python3.12/site-packages/airflow/example_dags/example_nested_branch_dag.py took 0.130 seconds
[2026-09-22T16:31:14.460+0000] {processor.py:161} INFO - Started process (PID=1420) to work on /home/airflow/.local/lib/python3.12/site-packages/airflow/example_dags/example_nested_branch_dag.py
[2026-09-22T16:31:14.461+0000] {processor.py:830} INFO - Processing file /home/airflow/.local/lib/python3.12/site-packages/airflow/example_dags/example_nested_branch_dag.py for tasks to queue
[2026-09-22T16:31:14.468+0000] {logging_mixin.py:188} INFO - [2026-09-22T16:31:14.467+0000] {dagbag.py:545} INFO - Filling up the DagBag from /home/airflow/.local/lib/python3.12/site-packages/airflow/example_dags/example_nested_branch_dag.py
[2026-09-22T16:31:14.487+0000] {processor.py:840} INFO - DAG(s) 'example_nested_branch_dag' retrieved from /home/airflow/.local/lib/python3.12/site-packages/airflow/example_dags/example_nested_branch_dag.py
[2026-09-22T16:31:14.539+0000] {logging_mixin.py:188} INFO - [2026-09-22T16:31:14.538+0000] {dag.py:3089} INFO - Sync 1 DAGs
[2026-09-22T16:31:14.575+0000] {logging_mixin.py:188} INFO - [2026-09-22T16:31:14.575+0000] {dag.py:3947} INFO - Setting next_dagrun for example_nested_branch_dag to 2026-09-21 00:00:00+00:00, run_after=2026-09-22 00:00:00+00:00
[2026-09-22T16:31:14.609+0000] {processor.py:183} INFO - Processing /home/airflow/.local/lib/python3.12/site-packages/airflow/example_dags/example_nested_branch_dag.py took 0.159 seconds
[2026-09-22T16:31:44.738+0000] {processor.py:161} INFO - Started process (PID=1478) to work on /home/airflow/.local/lib/python3.12/site-packages/airflow/example_dags/example_nested_branch_dag.py
[2026-09-22T16:31:44.740+0000] {processor.py:830} INFO - Processing file /home/airflow/.local/lib/python3.12/site-packages/airflow/example_dags/example_nested_branch_dag.py for tasks to queue
[2026-09-22T16:31:44.744+0000] {logging_mixin.py:188} INFO - [2026-09-22T16:31:44.744+0000] {dagbag.py:545} INFO - Filling up the DagBag from /home/airflow/.local/lib/python3.12/site-packages/airflow/example_dags/example_nested_branch_dag.py
[2026-09-22T16:31:44.766+0000] {processor.py:840} INFO - DAG(s) 'example_nested_branch_dag' retrieved from /home/airflow/.local/lib/python3.12/site-packages/airflow/example_dags/example_nested_branch_dag.py
[2026-09-22T16:31:44.818+0000] {logging_mixin.py:188} INFO - [2026-09-22T16:31:44.817+0000] {dag.py:3089} INFO - Sync 1 DAGs
[2026-09-22T16:31:44.855+0000] {logging_mixin.py:188} INFO - [2026-09-22T16:31:44.854+0000] {dag.py:3947} INFO - Setting next_dagrun for example_nested_branch_dag to 2026-09-21 00:00:00+00:00, run_after=2026-09-22 00:00:00+00:00
[2026-09-22T16:31:44.891+0000] {processor.py:183} INFO - Processing /home/airflow/.local/lib/python3.12/site-packages/airflow/example_dags/example_nested_branch_dag.py took 0.166 seconds
[2026-09-22T16:32:15.031+0000] {processor.py:161} INFO - Started process (PID=1536) to work on /home/airflow/.local/lib/python3.12/site-packages/airflow/example_dags/example_nested_branch_dag.py
[2026-09-22T16:32:15.033+0000] {processor.py:830} INFO - Processing file /home/airflow/.local/lib/python3.12/site-packages/airflow/example_dags/example_nested_branch_dag.py for tasks to queue
[2026-09-22T16:32:15.038+0000] {logging_mixin.py:188} INFO - [2026-09-22T16:32:15.037+0000] {dagbag.py:545} INFO - Filling up the DagBag from /home/airflow/.local/lib/python3.12/site-packages/airflow/example_dags/example_nested_branch_dag.py
[2026-09-22T16:32:15.063+0000] {processor.py:840} INFO - DAG(s) 'example_nested_branch_dag' retrieved from /home/airflow/.local/lib/python3.12/site-packages/airflow/example_dags/example_nested_branch_dag.py
[2026-09-22T16:32:15.102+0000] {logging_mixin.py:188} INFO - [2026-09-22T16:32:15.101+0000] {dag.py:3089} INFO - Sync 1 DAGs
[2026-09-22T16:32:15.143+0000] {logging_mixin.py:188} INFO - [2026-09-22T16:32:15.143+0000] {dag.py:3947} INFO - Setting next_dagrun for example_nested_branch_dag to 2026-09-21 00:00:00+00:00, run_after=2026-09-22 00:00:00+00:00
[2026-09-22T16:32:15.250+0000] {processor.py:183} INFO - Processing /home/airflow/.local/lib/python3.12/site-packages/airflow/example_dags/example_nested_branch_dag.py took 0.231 seconds
[2026-09-22T16:32:46.106+0000] {processor.py:161} INFO - Started process (PID=1594) to work on /home/airflow/.local/lib/python3.12/site-packages/airflow/example_dags/example_nested_branch_dag.py
[2026-09-22T16:32:46.108+0000] {processor.py:830} INFO - Processing file /home/airflow/.local/lib/python3.12/site-packages/airflow/example_dags/example_nested_branch_dag.py for tasks to queue
[2026-09-22T16:32:46.110+0000] {logging_mixin.py:188} INFO - [2026-09-22T16:32:46.110+0000] {dagbag.py:545} INFO - Filling up the DagBag from /home/airflow/.local/lib/python3.12/site-packages/airflow/example_dags/example_nested_branch_dag.py
[2026-09-22T16:32:46.124+0000] {processor.py:840} INFO - DAG(s) 'example_nested_branch_dag' retrieved from /home/airflow/.local/lib/python3.12/site-packages/airflow/example_dags/example_nested_branch_dag.py
[2026-09-22T16:32:46.154+0000] {logging_mixin.py:188} INFO - [2026-09-22T16:32:46.154+0000] {dag.py:3089} INFO - Sync 1 DAGs
[2026-09-22T16:32:46.192+0000] {logging_mixin.py:188} INFO - [2026-09-22T16:32:46.192+0000] {dag.py:3947} INFO - Setting next_dagrun for example_nested_branch_dag to 2026-09-21 00:00:00+00:00, run_after=2026-09-22 00:00:00+00:00
[2026-09-22T16:32:46.220+0000] {processor.py:183} INFO - Processing /home/airflow/.local/lib/python3.12/site-packages/airflow/example_dags/example_nested_branch_dag.py took 0.122 seconds
[2026-09-22T16:33:16.555+0000] {processor.py:161} INFO - Started process (PID=1652) to work on /home/airflow/.local/lib/python3.12/site-packages/airflow/example_dags/example_nested_branch_dag.py
[2026-09-22T16:33:16.556+0000] {processor.py:830} INFO - Processing file /home/airflow/.local/lib/python3.12/site-packages/airflow/example_dags/example_nested_branch_dag.py for tasks to queue
[2026-09-22T16:33:16.560+0000] {logging_mixin.py:188} INFO - [2026-09-22T16:33:16.559+0000] {dagbag.py:545} INFO - Filling up the DagBag from /home/airflow/.local/lib/python3.12/site-packages/airflow/example_dags/example_nested_branch_dag.py
[2026-09-22T16:33:16.581+0000] {processor.py:840} INFO - DAG(s) 'example_nested_branch_dag' retrieved from /home/airflow/.local/lib/python3.12/site-packages/airflow/example_dags/example_nested_branch_dag.py
[2026-09-22T16:33:16.633+0000] {logging_mixin.py:188} INFO - [2026-09-22T16:33:16.633+0000] {dag.py:3089} INFO - Sync 1 DAGs
[2026-09-22T16:33:16.681+0000] {logging_mixin.py:188} INFO - [2026-09-22T16:33:16.680+0000] {dag.py:3947} INFO - Setting next_dagrun for example_nested_branch_dag to 2026-09-21 00:00:00+00:00, run_after=2026-09-22 00:00:00+00:00
[2026-09-22T16:33:16.772+0000] {processor.py:183} INFO - Processing /home/airflow/.local/lib/python3.12/site-packages/airflow/example_dags/example_nested_branch_dag.py took 0.231 seconds
[2026-09-22T16:33:47.627+0000] {processor.py:161} INFO - Started process (PID=1710) to work on /home/airflow/.local/lib/python3.12/site-packages/airflow/example_dags/example_nested_branch_dag.py
[2026-09-22T16:33:47.630+0000] {processor.py:830} INFO - Processing file /home/airflow/.local/lib/python3.12/site-packages/airflow/example_dags/example_nested_branch_dag.py for tasks to queue
[2026-09-22T16:33:47.633+0000] {logging_mixin.py:188} INFO - [2026-09-22T16:33:47.633+0000] {dagbag.py:545} INFO - Filling up the DagBag from /home/airflow/.local/lib/python3.12/site-packages/airflow/example_dags/example_nested_branch_dag.py
[2026-09-22T16:33:47.649+0000] {processor.py:840} INFO - DAG(s) 'example_nested_branch_dag' retrieved from /home/airflow/.local/lib/python3.12/site-packages/airflow/example_dags/example_nested_branch_dag.py
[2026-09-22T16:33:47.680+0000] {logging_mixin.py:188} INFO - [2026-09-22T16:33:47.679+0000] {dag.py:3089} INFO - Sync 1 DAGs
[2026-09-22T16:33:47.711+0000] {logging_mixin.py:188} INFO - [2026-09-22T16:33:47.710+0000] {dag.py:3947} INFO - Setting next_dagrun for example_nested_branch_dag to 2026-09-21 00:00:00+00:00, run_after=2026-09-22 00:00:00+00:00
[2026-09-22T16:33:47.808+0000] {processor.py:183} INFO - Processing /home/airflow/.local/lib/python3.12/site-packages/airflow/example_dags/example_nested_branch_dag.py took 0.191 seconds
[2026-09-22T16:34:18.012+0000] {processor.py:161} INFO - Started process (PID=1768) to work on /home/airflow/.local/lib/python3.12/site-packages/airflow/example_dags/example_nested_branch_dag.py
[2026-09-22T16:34:18.014+0000] {processor.py:830} INFO - Processing file /home/airflow/.local/lib/python3.12/site-packages/airflow/example_dags/example_nested_branch_dag.py for tasks to queue
[2026-09-22T16:34:18.018+0000] {logging_mixin.py:188} INFO - [2026-09-22T16:34:18.018+0000] {dagbag.py:545} INFO - Filling up the DagBag from /home/airflow/.local/lib/python3.12/site-packages/airflow/example_dags/example_nested_branch_dag.py
[2026-09-22T16:34:18.031+0000] {processor.py:840} INFO - DAG(s) 'example_nested_branch_dag' retrieved from /home/airflow/.local/lib/python3.12/site-packages/airflow/example_dags/example_nested_branch_dag.py
[2026-09-22T16:34:18.059+0000] {logging_mixin.py:188} INFO - [2026-09-22T16:34:18.058+0000] {dag.py:3089} INFO - Sync 1 DAGs
[2026-09-22T16:34:18.088+0000] {logging_mixin.py:188} INFO - [2026-09-22T16:34:18.088+0000] {dag.py:3947} INFO - Setting next_dagrun for example_nested_branch_dag to 2026-09-21 00:00:00+00:00, run_after=2026-09-22 00:00:00+00:00
[2026-09-22T16:34:18.177+0000] {processor.py:183} INFO - Processing /home/airflow/.local/lib/python3.12/site-packages/airflow/example_dags/example_nested_branch_dag.py took 0.182 seconds
[2026-09-22T16:34:48.445+0000] {processor.py:161} INFO - Started process (PID=1826) to work on /home/airflow/.local/lib/python3.12/site-packages/airflow/example_dags/example_nested_branch_dag.py
[2026-09-22T16:34:48.449+0000] {processor.py:830} INFO - Processing file /home/airflow/.local/lib/python3.12/site-packages/airflow/example_dags/example_nested_branch_dag.py for tasks to queue
[2026-09-22T16:34:48.454+0000] {logging_mixin.py:188} INFO - [2026-09-22T16:34:48.453+0000] {dagbag.py:545} INFO - Filling up the DagBag from /home/airflow/.local/lib/python3.12/site-packages/airflow/example_dags/example_nested_branch_dag.py
[2026-09-22T16:34:48.467+0000] {processor.py:840} INFO - DAG(s) 'example_nested_branch_dag' retrieved from /home/airflow/.local/lib/python3.12/site-packages/airflow/example_dags/example_nested_branch_dag.py
[2026-09-22T16:34:48.497+0000] {logging_mixin.py:188} INFO - [2026-09-22T16:34:48.497+0000] {dag.py:3089} INFO - Sync 1 DAGs
[2026-09-22T16:34:48.525+0000] {logging_mixin.py:188} INFO - [2026-09-22T16:34:48.525+0000] {dag.py:3947} INFO - Setting next_dagrun for example_nested_branch_dag to 2026-09-21 00:00:00+00:00, run_after=2026-09-22 00:00:00+00:00
[2026-09-22T16:34:48.775+0000] {processor.py:183} INFO - Processing /home/airflow/.local/lib/python3.12/site-packages/airflow/example_dags/example_nested_branch_dag.py took 0.337 seconds
[2026-09-22T16:35:18.966+0000] {processor.py:161} INFO - Started process (PID=1885) to work on /home/airflow/.local/lib/python3.12/site-packages/airflow/example_dags/example_nested_branch_dag.py
[2026-09-22T16:35:18.969+0000] {processor.py:830} INFO - Processing file /home/airflow/.local/lib/python3.12/site-packages/airflow/example_dags/example_nested_branch_dag.py for tasks to queue
[2026-09-22T16:35:18.973+0000] {logging_mixin.py:188} INFO - [2026-09-22T16:35:18.972+0000] {dagbag.py:545} INFO - Filling up the DagBag from /home/airflow/.local/lib/python3.12/site-packages/airflow/example_dags/example_nested_branch_dag.py
[2026-09-22T16:35:18.989+0000] {processor.py:840} INFO - DAG(s) 'example_nested_branch_dag' retrieved from /home/airflow/.local/lib/python3.12/site-packages/airflow/example_dags/example_nested_branch_dag.py
[2026-09-22T16:35:19.021+0000] {logging_mixin.py:188} INFO - [2026-09-22T16:35:19.021+0000] {dag.py:3089} INFO - Sync 1 DAGs
[2026-09-22T16:35:19.063+0000] {logging_mixin.py:188} INFO - [2026-09-22T16:35:19.063+0000] {dag.py:3947} INFO - Setting next_dagrun for example_nested_branch_dag to 2026-09-21 00:00:00+00:00, run_after=2026-09-22 00:00:00+00:00
[2026-09-22T16:35:19.103+0000] {processor.py:183} INFO - Processing /home/airflow/.local/lib/python3.12/site-packages/airflow/example_dags/example_nested_branch_dag.py took 0.146 seconds
[2026-09-22T16:35:49.521+0000] {processor.py:161} INFO - Started process (PID=1942) to work on /home/airflow/.local/lib/python3.12/site-packages/airflow/example_dags/example_nested_branch_dag.py
[2026-09-22T16:35:49.522+0000] {processor.py:830} INFO - Processing file /home/airflow/.local/lib/python3.12/site-packages/airflow/example_dags/example_nested_branch_dag.py for tasks to queue
[2026-09-22T16:35:49.525+0000] {logging_mixin.py:188} INFO - [2026-09-22T16:35:49.524+0000] {dagbag.py:545} INFO - Filling up the DagBag from /home/airflow/.local/lib/python3.12/site-packages/airflow/example_dags/example_nested_branch_dag.py
[2026-09-22T16:35:49.540+0000] {processor.py:840} INFO - DAG(s) 'example_nested_branch_dag' retrieved from /home/airflow/.local/lib/python3.12/site-packages/airflow/example_dags/example_nested_branch_dag.py
[2026-09-22T16:35:49.575+0000] {logging_mixin.py:188} INFO - [2026-09-22T16:35:49.574+0000] {dag.py:3089} INFO - Sync 1 DAGs
[2026-09-22T16:35:49.609+0000] {logging_mixin.py:188} INFO - [2026-09-22T16:35:49.609+0000] {dag.py:3947} INFO - Setting next_dagrun for example_nested_branch_dag to 2026-09-21 00:00:00+00:00, run_after=2026-09-22 00:00:00+00:00
[2026-09-22T16:35:49.643+0000] {processor.py:183} INFO - Processing /home/airflow/.local/lib/python3.12/site-packages/airflow/example_dags/example_nested_branch_dag.py took 0.131 seconds
[2026-09-22T16:36:20.340+0000] {processor.py:161} INFO - Started process (PID=2000) to work on /home/airflow/.local/lib/python3.12/site-packages/airflow/example_dags/example_nested_branch_dag.py
[2026-09-22T16:36:20.342+0000] {processor.py:830} INFO - Processing file /home/airflow/.local/lib/python3.12/site-packages/airflow/example_dags/example_nested_branch_dag.py for tasks to queue
[2026-09-22T16:36:20.347+0000] {logging_mixin.py:188} INFO - [2026-09-22T16:36:20.345+0000] {dagbag.py:545} INFO - Filling up the DagBag from /home/airflow/.local/lib/python3.12/site-packages/airflow/example_dags/example_nested_branch_dag.py
[2026-09-22T16:36:20.370+0000] {processor.py:840} INFO - DAG(s) 'example_nested_branch_dag' retrieved from /home/airflow/.local/lib/python3.12/site-packages/airflow/example_dags/example_nested_branch_dag.py
[2026-09-22T16:36:20.416+0000] {logging_mixin.py:188} INFO - [2026-09-22T16:36:20.415+0000] {dag.py:3089} INFO - Sync 1 DAGs
[2026-09-22T16:36:20.461+0000] {logging_mixin.py:188} INFO - [2026-09-22T16:36:20.461+0000] {dag.py:3947} INFO - Setting next_dagrun for example_nested_branch_dag to 2026-09-21 00:00:00+00:00, run_after=2026-09-22 00:00:00+00:00
[2026-09-22T16:36:20.499+0000] {processor.py:183} INFO - Processing /home/airflow/.local/lib/python3.12/site-packages/airflow/example_dags/example_nested_branch_dag.py took 0.168 seconds
[2026-09-22T16:36:51.505+0000] {processor.py:161} INFO - Started process (PID=2058) to work on /home/airflow/.local/lib/python3.12/site-packages/airflow/example_dags/example_nested_branch_dag.py
[2026-09-22T16:36:51.507+0000] {processor.py:830} INFO - Processing file /home/airflow/.local/lib/python3.12/site-packages/airflow/example_dags/example_nested_branch_dag.py for tasks to queue
[2026-09-22T16:36:51.511+0000] {logging_mixin.py:188} INFO - [2026-09-22T16:36:51.510+0000] {dagbag.py:545} INFO - Filling up the DagBag from /home/airflow/.local/lib/python3.12/site-packages/airflow/example_dags/example_nested_branch_dag.py
[2026-09-22T16:36:51.524+0000] {processor.py:840} INFO - DAG(s) 'example_nested_branch_dag' retrieved from /home/airflow/.local/lib/python3.12/site-packages/airflow/example_dags/example_nested_branch_dag.py
[2026-09-22T16:36:51.567+0000] {logging_mixin.py:188} INFO - [2026-09-22T16:36:51.566+0000] {dag.py:3089} INFO - Sync 1 DAGs
[2026-09-22T16:36:51.603+0000] {logging_mixin.py:188} INFO - [2026-09-22T16:36:51.602+0000] {dag.py:3947} INFO - Setting next_dagrun for example_nested_branch_dag to 2026-09-21 00:00:00+00:00, run_after=2026-09-22 00:00:00+00:00
[2026-09-22T16:36:51.679+0000] {processor.py:183} INFO - Processing /home/airflow/.local/lib/python3.12/site-packages/airflow/example_dags/example_nested_branch_dag.py took 0.183 seconds
[2026-09-22T16:37:22.617+0000] {processor.py:161} INFO - Started process (PID=2116) to work on /home/airflow/.local/lib/python3.12/site-packages/airflow/example_dags/example_nested_branch_dag.py
[2026-09-22T16:37:22.619+0000] {processor.py:830} INFO - Processing file /home/airflow/.local/lib/python3.12/site-packages/airflow/example_dags/example_nested_branch_dag.py for tasks to queue
[2026-09-22T16:37:22.623+0000] {logging_mixin.py:188} INFO - [2026-09-22T16:37:22.622+0000] {dagbag.py:545} INFO - Filling up the DagBag from /home/airflow/.local/lib/python3.12/site-packages/airflow/example_dags/example_nested_branch_dag.py
[2026-09-22T16:37:22.653+0000] {processor.py:840} INFO - DAG(s) 'example_nested_branch_dag' retrieved from /home/airflow/.local/lib/python3.12/site-packages/airflow/example_dags/example_nested_branch_dag.py
[2026-09-22T16:37:22.687+0000] {logging_mixin.py:188} INFO - [2026-09-22T16:37:22.686+0000] {dag.py:3089} INFO - Sync 1 DAGs
[2026-09-22T16:37:22.722+0000] {logging_mixin.py:188} INFO - [2026-09-22T16:37:22.722+0000] {dag.py:3947} INFO - Setting next_dagrun for example_nested_branch_dag to 2026-09-21 00:00:00+00:00, run_after=2026-09-22 00:00:00+00:00
[2026-09-22T16:37:22.775+0000] {processor.py:183} INFO - Processing /home/airflow/.local/lib/python3.12/site-packages/airflow/example_dags/example_nested_branch_dag.py took 0.174 seconds
[2026-09-22T16:37:52.854+0000] {processor.py:161} INFO - Started process (PID=2174) to work on /home/airflow/.local/lib/python3.12/site-packages/airflow/example_dags/example_nested_branch_dag.py
[2026-09-22T16:37:52.857+0000] {processor.py:830} INFO - Processing file /home/airflow/.local/lib/python3.12/site-packages/airflow/example_dags/example_nested_branch_dag.py for tasks to queue
[2026-09-22T16:37:52.864+0000] {logging_mixin.py:188} INFO - [2026-09-22T16:37:52.863+0000] {dagbag.py:545} INFO - Filling up the DagBag from /home/airflow/.local/lib/python3.12/site-packages/airflow/example_dags/example_nested_branch_dag.py
[2026-09-22T16:37:52.891+0000] {processor.py:840} INFO - DAG(s) 'example_nested_branch_dag' retrieved from /home/airflow/.local/lib/python3.12/site-packages/airflow/example_dags/example_nested_branch_dag.py
[2026-09-22T16:37:52.934+0000] {logging_mixin.py:188} INFO - [2026-09-22T16:37:52.934+0000] {dag.py:3089} INFO - Sync 1 DAGs
[2026-09-22T16:37:52.981+0000] {logging_mixin.py:188} INFO - [2026-09-22T16:37:52.981+0000] {dag.py:3947} INFO - Setting next_dagrun for example_nested_branch_dag to 2026-09-21 00:00:00+00:00, run_after=2026-09-22 00:00:00+00:00
[2026-09-22T16:37:53.041+0000] {processor.py:183} INFO - Processing /home/airflow/.local/lib/python3.12/site-packages/airflow/example_dags/example_nested_branch_dag.py took 0.200 seconds
[2026-09-22T16:38:24.325+0000] {processor.py:161} INFO - Started process (PID=2230) to work on /home/airflow/.local/lib/python3.12/site-packages/airflow/example_dags/example_nested_branch_dag.py
[2026-09-22T16:38:24.327+0000] {processor.py:830} INFO - Processing file /home/airflow/.local/lib/python3.12/site-packages/airflow/example_dags/example_nested_branch_dag.py for tasks to queue
[2026-09-22T16:38:24.331+0000] {logging_mixin.py:188} INFO - [2026-09-22T16:38:24.330+0000] {dagbag.py:545} INFO - Filling up the DagBag from /home/airflow/.local/lib/python3.12/site-packages/airflow/example_dags/example_nested_branch_dag.py
[2026-09-22T16:38:24.352+0000] {processor.py:840} INFO - DAG(s) 'example_nested_branch_dag' retrieved from /home/airflow/.local/lib/python3.12/site-packages/airflow/example_dags/example_nested_branch_dag.py
[2026-09-22T16:38:24.387+0000] {logging_mixin.py:188} INFO - [2026-09-22T16:38:24.386+0000] {dag.py:3089} INFO - Sync 1 DAGs
[2026-09-22T16:38:24.648+0000] {logging_mixin.py:188} INFO - [2026-09-22T16:38:24.647+0000] {dag.py:3947} INFO - Setting next_dagrun for example_nested_branch_dag to 2026-09-21 00:00:00+00:00, run_after=2026-09-22 00:00:00+00:00
[2026-09-22T16:38:24.677+0000] {processor.py:183} INFO - Processing /home/airflow/.local/lib/python3.12/site-packages/airflow/example_dags/example_nested_branch_dag.py took 0.364 seconds
[2026-09-22T16:41:48.422+0000] {processor.py:161} INFO - Started process (PID=89) to work on /home/airflow/.local/lib/python3.12/site-packages/airflow/example_dags/example_nested_branch_dag.py
[2026-09-22T16:41:48.424+0000] {processor.py:830} INFO - Processing file /home/airflow/.local/lib/python3.12/site-packages/airflow/example_dags/example_nested_branch_dag.py for tasks to queue
[2026-09-22T16:41:48.429+0000] {logging_mixin.py:188} INFO - [2026-09-22T16:41:48.428+0000] {dagbag.py:545} INFO - Filling up the DagBag from /home/airflow/.local/lib/python3.12/site-packages/airflow/example_dags/example_nested_branch_dag.py
[2026-09-22T16:41:48.450+0000] {processor.py:840} INFO - DAG(s) 'example_nested_branch_dag' retrieved from /home/airflow/.local/lib/python3.12/site-packages/airflow/example_dags/example_nested_branch_dag.py
[2026-09-22T16:41:48.641+0000] {logging_mixin.py:188} INFO - [2026-09-22T16:41:48.640+0000] {dag.py:3089} INFO - Sync 1 DAGs
[2026-09-22T16:41:48.680+0000] {logging_mixin.py:188} INFO - [2026-09-22T16:41:48.679+0000] {dag.py:3947} INFO - Setting next_dagrun for example_nested_branch_dag to 2026-09-21 00:00:00+00:00, run_after=2026-09-22 00:00:00+00:00
[2026-09-22T16:41:48.760+0000] {processor.py:183} INFO - Processing /home/airflow/.local/lib/python3.12/site-packages/airflow/example_dags/example_nested_branch_dag.py took 0.349 seconds
[2026-09-22T16:42:19.296+0000] {processor.py:161} INFO - Started process (PID=147) to work on /home/airflow/.local/lib/python3.12/site-packages/airflow/example_dags/example_nested_branch_dag.py
[2026-09-22T16:42:19.298+0000] {processor.py:830} INFO - Processing file /home/airflow/.local/lib/python3.12/site-packages/airflow/example_dags/example_nested_branch_dag.py for tasks to queue
[2026-09-22T16:42:19.301+0000] {logging_mixin.py:188} INFO - [2026-09-22T16:42:19.301+0000] {dagbag.py:545} INFO - Filling up the DagBag from /home/airflow/.local/lib/python3.12/site-packages/airflow/example_dags/example_nested_branch_dag.py
[2026-09-22T16:42:19.319+0000] {processor.py:840} INFO - DAG(s) 'example_nested_branch_dag' retrieved from /home/airflow/.local/lib/python3.12/site-packages/airflow/example_dags/example_nested_branch_dag.py
[2026-09-22T16:42:19.353+0000] {logging_mixin.py:188} INFO - [2026-09-22T16:42:19.352+0000] {dag.py:3089} INFO - Sync 1 DAGs
[2026-09-22T16:42:19.391+0000] {logging_mixin.py:188} INFO - [2026-09-22T16:42:19.390+0000] {dag.py:3947} INFO - Setting next_dagrun for example_nested_branch_dag to 2026-09-21 00:00:00+00:00, run_after=2026-09-22 00:00:00+00:00
[2026-09-22T16:42:19.478+0000] {processor.py:183} INFO - Processing /home/airflow/.local/lib/python3.12/site-packages/airflow/example_dags/example_nested_branch_dag.py took 0.190 seconds
[2026-09-22T16:43:48.991+0000] {processor.py:161} INFO - Started process (PID=89) to work on /home/airflow/.local/lib/python3.12/site-packages/airflow/example_dags/example_nested_branch_dag.py
[2026-09-22T16:43:48.993+0000] {processor.py:830} INFO - Processing file /home/airflow/.local/lib/python3.12/site-packages/airflow/example_dags/example_nested_branch_dag.py for tasks to queue
[2026-09-22T16:43:48.997+0000] {logging_mixin.py:188} INFO - [2026-09-22T16:43:48.997+0000] {dagbag.py:545} INFO - Filling up the DagBag from /home/airflow/.local/lib/python3.12/site-packages/airflow/example_dags/example_nested_branch_dag.py
[2026-09-22T16:43:49.023+0000] {processor.py:840} INFO - DAG(s) 'example_nested_branch_dag' retrieved from /home/airflow/.local/lib/python3.12/site-packages/airflow/example_dags/example_nested_branch_dag.py
[2026-09-22T16:43:49.177+0000] {logging_mixin.py:188} INFO - [2026-09-22T16:43:49.176+0000] {dag.py:3089} INFO - Sync 1 DAGs
[2026-09-22T16:43:49.204+0000] {logging_mixin.py:188} INFO - [2026-09-22T16:43:49.204+0000] {dag.py:3947} INFO - Setting next_dagrun for example_nested_branch_dag to 2026-09-21 00:00:00+00:00, run_after=2026-09-22 00:00:00+00:00
[2026-09-22T16:43:49.236+0000] {processor.py:183} INFO - Processing /home/airflow/.local/lib/python3.12/site-packages/airflow/example_dags/example_nested_branch_dag.py took 0.256 seconds
[2026-09-22T16:44:19.343+0000] {processor.py:161} INFO - Started process (PID=146) to work on /home/airflow/.local/lib/python3.12/site-packages/airflow/example_dags/example_nested_branch_dag.py
[2026-09-22T16:44:19.347+0000] {processor.py:830} INFO - Processing file /home/airflow/.local/lib/python3.12/site-packages/airflow/example_dags/example_nested_branch_dag.py for tasks to queue
[2026-09-22T16:44:19.352+0000] {logging_mixin.py:188} INFO - [2026-09-22T16:44:19.352+0000] {dagbag.py:545} INFO - Filling up the DagBag from /home/airflow/.local/lib/python3.12/site-packages/airflow/example_dags/example_nested_branch_dag.py
[2026-09-22T16:44:19.370+0000] {processor.py:840} INFO - DAG(s) 'example_nested_branch_dag' retrieved from /home/airflow/.local/lib/python3.12/site-packages/airflow/example_dags/example_nested_branch_dag.py
[2026-09-22T16:44:19.407+0000] {logging_mixin.py:188} INFO - [2026-09-22T16:44:19.407+0000] {dag.py:3089} INFO - Sync 1 DAGs
[2026-09-22T16:44:19.449+0000] {logging_mixin.py:188} INFO - [2026-09-22T16:44:19.448+0000] {dag.py:3947} INFO - Setting next_dagrun for example_nested_branch_dag to 2026-09-21 00:00:00+00:00, run_after=2026-09-22 00:00:00+00:00
[2026-09-22T16:44:19.488+0000] {processor.py:183} INFO - Processing /home/airflow/.local/lib/python3.12/site-packages/airflow/example_dags/example_nested_branch_dag.py took 0.155 seconds
[2026-09-22T16:44:49.811+0000] {processor.py:161} INFO - Started process (PID=210) to work on /home/airflow/.local/lib/python3.12/site-packages/airflow/example_dags/example_nested_branch_dag.py
[2026-09-22T16:44:49.812+0000] {processor.py:830} INFO - Processing file /home/airflow/.local/lib/python3.12/site-packages/airflow/example_dags/example_nested_branch_dag.py for tasks to queue
[2026-09-22T16:44:49.817+0000] {logging_mixin.py:188} INFO - [2026-09-22T16:44:49.816+0000] {dagbag.py:545} INFO - Filling up the DagBag from /home/airflow/.local/lib/python3.12/site-packages/airflow/example_dags/example_nested_branch_dag.py
[2026-09-22T16:44:49.834+0000] {processor.py:840} INFO - DAG(s) 'example_nested_branch_dag' retrieved from /home/airflow/.local/lib/python3.12/site-packages/airflow/example_dags/example_nested_branch_dag.py
[2026-09-22T16:44:49.866+0000] {logging_mixin.py:188} INFO - [2026-09-22T16:44:49.865+0000] {dag.py:3089} INFO - Sync 1 DAGs
[2026-09-22T16:44:49.895+0000] {logging_mixin.py:188} INFO - [2026-09-22T16:44:49.895+0000] {dag.py:3947} INFO - Setting next_dagrun for example_nested_branch_dag to 2026-09-21 00:00:00+00:00, run_after=2026-09-22 00:00:00+00:00
[2026-09-22T16:44:49.928+0000] {processor.py:183} INFO - Processing /home/airflow/.local/lib/python3.12/site-packages/airflow/example_dags/example_nested_branch_dag.py took 0.127 seconds
[2026-09-22T16:45:21.072+0000] {processor.py:161} INFO - Started process (PID=268) to work on /home/airflow/.local/lib/python3.12/site-packages/airflow/example_dags/example_nested_branch_dag.py
[2026-09-22T16:45:21.074+0000] {processor.py:830} INFO - Processing file /home/airflow/.local/lib/python3.12/site-packages/airflow/example_dags/example_nested_branch_dag.py for tasks to queue
[2026-09-22T16:45:21.081+0000] {logging_mixin.py:188} INFO - [2026-09-22T16:45:21.080+0000] {dagbag.py:545} INFO - Filling up the DagBag from /home/airflow/.local/lib/python3.12/site-packages/airflow/example_dags/example_nested_branch_dag.py
[2026-09-22T16:45:21.109+0000] {processor.py:840} INFO - DAG(s) 'example_nested_branch_dag' retrieved from /home/airflow/.local/lib/python3.12/site-packages/airflow/example_dags/example_nested_branch_dag.py
[2026-09-22T16:45:21.163+0000] {logging_mixin.py:188} INFO - [2026-09-22T16:45:21.163+0000] {dag.py:3089} INFO - Sync 1 DAGs
[2026-09-22T16:45:21.207+0000] {logging_mixin.py:188} INFO - [2026-09-22T16:45:21.206+0000] {dag.py:3947} INFO - Setting next_dagrun for example_nested_branch_dag to 2026-09-21 00:00:00+00:00, run_after=2026-09-22 00:00:00+00:00
[2026-09-22T16:45:21.267+0000] {processor.py:183} INFO - Processing /home/airflow/.local/lib/python3.12/site-packages/airflow/example_dags/example_nested_branch_dag.py took 0.210 seconds
[2026-09-22T16:45:51.378+0000] {processor.py:161} INFO - Started process (PID=326) to work on /home/airflow/.local/lib/python3.12/site-packages/airflow/example_dags/example_nested_branch_dag.py
[2026-09-22T16:45:51.380+0000] {processor.py:830} INFO - Processing file /home/airflow/.local/lib/python3.12/site-packages/airflow/example_dags/example_nested_branch_dag.py for tasks to queue
[2026-09-22T16:45:51.383+0000] {logging_mixin.py:188} INFO - [2026-09-22T16:45:51.383+0000] {dagbag.py:545} INFO - Filling up the DagBag from /home/airflow/.local/lib/python3.12/site-packages/airflow/example_dags/example_nested_branch_dag.py
[2026-09-22T16:45:51.397+0000] {processor.py:840} INFO - DAG(s) 'example_nested_branch_dag' retrieved from /home/airflow/.local/lib/python3.12/site-packages/airflow/example_dags/example_nested_branch_dag.py
[2026-09-22T16:45:51.426+0000] {logging_mixin.py:188} INFO - [2026-09-22T16:45:51.425+0000] {dag.py:3089} INFO - Sync 1 DAGs
[2026-09-22T16:45:51.454+0000] {logging_mixin.py:188} INFO - [2026-09-22T16:45:51.454+0000] {dag.py:3947} INFO - Setting next_dagrun for example_nested_branch_dag to 2026-09-21 00:00:00+00:00, run_after=2026-09-22 00:00:00+00:00
[2026-09-22T16:45:51.551+0000] {processor.py:183} INFO - Processing /home/airflow/.local/lib/python3.12/site-packages/airflow/example_dags/example_nested_branch_dag.py took 0.182 seconds
[2026-09-22T16:46:21.834+0000] {processor.py:161} INFO - Started process (PID=384) to work on /home/airflow/.local/lib/python3.12/site-packages/airflow/example_dags/example_nested_branch_dag.py
[2026-09-22T16:46:21.835+0000] {processor.py:830} INFO - Processing file /home/airflow/.local/lib/python3.12/site-packages/airflow/example_dags/example_nested_branch_dag.py for tasks to queue
[2026-09-22T16:46:21.839+0000] {logging_mixin.py:188} INFO - [2026-09-22T16:46:21.839+0000] {dagbag.py:545} INFO - Filling up the DagBag from /home/airflow/.local/lib/python3.12/site-packages/airflow/example_dags/example_nested_branch_dag.py
[2026-09-22T16:46:21.856+0000] {processor.py:840} INFO - DAG(s) 'example_nested_branch_dag' retrieved from /home/airflow/.local/lib/python3.12/site-packages/airflow/example_dags/example_nested_branch_dag.py
[2026-09-22T16:46:21.892+0000] {logging_mixin.py:188} INFO - [2026-09-22T16:46:21.891+0000] {dag.py:3089} INFO - Sync 1 DAGs
[2026-09-22T16:46:21.922+0000] {logging_mixin.py:188} INFO - [2026-09-22T16:46:21.922+0000] {dag.py:3947} INFO - Setting next_dagrun for example_nested_branch_dag to 2026-09-21 00:00:00+00:00, run_after=2026-09-22 00:00:00+00:00
[2026-09-22T16:46:21.950+0000] {processor.py:183} INFO - Processing /home/airflow/.local/lib/python3.12/site-packages/airflow/example_dags/example_nested_branch_dag.py took 0.128 seconds
[2026-09-22T16:46:52.986+0000] {processor.py:161} INFO - Started process (PID=442) to work on /home/airflow/.local/lib/python3.12/site-packages/airflow/example_dags/example_nested_branch_dag.py
[2026-09-22T16:46:52.989+0000] {processor.py:830} INFO - Processing file /home/airflow/.local/lib/python3.12/site-packages/airflow/example_dags/example_nested_branch_dag.py for tasks to queue
[2026-09-22T16:46:52.992+0000] {logging_mixin.py:188} INFO - [2026-09-22T16:46:52.992+0000] {dagbag.py:545} INFO - Filling up the DagBag from /home/airflow/.local/lib/python3.12/site-packages/airflow/example_dags/example_nested_branch_dag.py
[2026-09-22T16:46:53.009+0000] {processor.py:840} INFO - DAG(s) 'example_nested_branch_dag' retrieved from /home/airflow/.local/lib/python3.12/site-packages/airflow/example_dags/example_nested_branch_dag.py
[2026-09-22T16:46:53.045+0000] {logging_mixin.py:188} INFO - [2026-09-22T16:46:53.045+0000] {dag.py:3089} INFO - Sync 1 DAGs
[2026-09-22T16:46:53.083+0000] {logging_mixin.py:188} INFO - [2026-09-22T16:46:53.083+0000] {dag.py:3947} INFO - Setting next_dagrun for example_nested_branch_dag to 2026-09-21 00:00:00+00:00, run_after=2026-09-22 00:00:00+00:00
[2026-09-22T16:46:53.175+0000] {processor.py:183} INFO - Processing /home/airflow/.local/lib/python3.12/site-packages/airflow/example_dags/example_nested_branch_dag.py took 0.200 seconds
[2026-09-22T16:47:23.355+0000] {processor.py:161} INFO - Started process (PID=500) to work on /home/airflow/.local/lib/python3.12/site-packages/airflow/example_dags/example_nested_branch_dag.py
[2026-09-22T16:47:23.356+0000] {processor.py:830} INFO - Processing file /home/airflow/.local/lib/python3.12/site-packages/airflow/example_dags/example_nested_branch_dag.py for tasks to queue
[2026-09-22T16:47:23.359+0000] {logging_mixin.py:188} INFO - [2026-09-22T16:47:23.359+0000] {dagbag.py:545} INFO - Filling up the DagBag from /home/airflow/.local/lib/python3.12/site-packages/airflow/example_dags/example_nested_branch_dag.py
[2026-09-22T16:47:23.375+0000] {processor.py:840} INFO - DAG(s) 'example_nested_branch_dag' retrieved from /home/airflow/.local/lib/python3.12/site-packages/airflow/example_dags/example_nested_branch_dag.py
[2026-09-22T16:47:23.407+0000] {logging_mixin.py:188} INFO - [2026-09-22T16:47:23.406+0000] {dag.py:3089} INFO - Sync 1 DAGs
[2026-09-22T16:47:23.441+0000] {logging_mixin.py:188} INFO - [2026-09-22T16:47:23.440+0000] {dag.py:3947} INFO - Setting next_dagrun for example_nested_branch_dag to 2026-09-21 00:00:00+00:00, run_after=2026-09-22 00:00:00+00:00
[2026-09-22T16:47:23.496+0000] {processor.py:183} INFO - Processing /home/airflow/.local/lib/python3.12/site-packages/airflow/example_dags/example_nested_branch_dag.py took 0.149 seconds
[2026-09-22T16:47:53.825+0000] {processor.py:161} INFO - Started process (PID=558) to work on /home/airflow/.local/lib/python3.12/site-packages/airflow/example_dags/example_nested_branch_dag.py
[2026-09-22T16:47:53.828+0000] {processor.py:830} INFO - Processing file /home/airflow/.local/lib/python3.12/site-packages/airflow/example_dags/example_nested_branch_dag.py for tasks to queue
[2026-09-22T16:47:53.833+0000] {logging_mixin.py:188} INFO - [2026-09-22T16:47:53.833+0000] {dagbag.py:545} INFO - Filling up the DagBag from /home/airflow/.local/lib/python3.12/site-packages/airflow/example_dags/example_nested_branch_dag.py
[2026-09-22T16:47:53.851+0000] {processor.py:840} INFO - DAG(s) 'example_nested_branch_dag' retrieved from /home/airflow/.local/lib/python3.12/site-packages/airflow/example_dags/example_nested_branch_dag.py
[2026-09-22T16:47:53.892+0000] {logging_mixin.py:188} INFO - [2026-09-22T16:47:53.892+0000] {dag.py:3089} INFO - Sync 1 DAGs
[2026-09-22T16:47:53.924+0000] {logging_mixin.py:188} INFO - [2026-09-22T16:47:53.924+0000] {dag.py:3947} INFO - Setting next_dagrun for example_nested_branch_dag to 2026-09-21 00:00:00+00:00, run_after=2026-09-22 00:00:00+00:00
[2026-09-22T16:47:53.965+0000] {processor.py:183} INFO - Processing /home/airflow/.local/lib/python3.12/site-packages/airflow/example_dags/example_nested_branch_dag.py took 0.151 seconds
[2026-09-22T16:48:24.687+0000] {processor.py:161} INFO - Started process (PID=616) to work on /home/airflow/.local/lib/python3.12/site-packages/airflow/example_dags/example_nested_branch_dag.py
[2026-09-22T16:48:24.689+0000] {processor.py:830} INFO - Processing file /home/airflow/.local/lib/python3.12/site-packages/airflow/example_dags/example_nested_branch_dag.py for tasks to queue
[2026-09-22T16:48:24.693+0000] {logging_mixin.py:188} INFO - [2026-09-22T16:48:24.693+0000] {dagbag.py:545} INFO - Filling up the DagBag from /home/airflow/.local/lib/python3.12/site-packages/airflow/example_dags/example_nested_branch_dag.py
[2026-09-22T16:48:24.715+0000] {processor.py:840} INFO - DAG(s) 'example_nested_branch_dag' retrieved from /home/airflow/.local/lib/python3.12/site-packages/airflow/example_dags/example_nested_branch_dag.py
[2026-09-22T16:48:24.757+0000] {logging_mixin.py:188} INFO - [2026-09-22T16:48:24.756+0000] {dag.py:3089} INFO - Sync 1 DAGs
[2026-09-22T16:48:24.800+0000] {logging_mixin.py:188} INFO - [2026-09-22T16:48:24.799+0000] {dag.py:3947} INFO - Setting next_dagrun for example_nested_branch_dag to 2026-09-21 00:00:00+00:00, run_after=2026-09-22 00:00:00+00:00
[2026-09-22T16:48:24.846+0000] {processor.py:183} INFO - Processing /home/airflow/.local/lib/python3.12/site-packages/airflow/example_dags/example_nested_branch_dag.py took 0.171 seconds
[2026-09-22T16:48:55.551+0000] {processor.py:161} INFO - Started process (PID=674) to work on /home/airflow/.local/lib/python3.12/site-packages/airflow/example_dags/example_nested_branch_dag.py
[2026-09-22T16:48:55.552+0000] {processor.py:830} INFO - Processing file /home/airflow/.local/lib/python3.12/site-packages/airflow/example_dags/example_nested_branch_dag.py for tasks to queue
[2026-09-22T16:48:55.556+0000] {logging_mixin.py:188} INFO - [2026-09-22T16:48:55.555+0000] {dagbag.py:545} INFO - Filling up the DagBag from /home/airflow/.local/lib/python3.12/site-packages/airflow/example_dags/example_nested_branch_dag.py
[2026-09-22T16:48:55.571+0000] {processor.py:840} INFO - DAG(s) 'example_nested_branch_dag' retrieved from /home/airflow/.local/lib/python3.12/site-packages/airflow/example_dags/example_nested_branch_dag.py
[2026-09-22T16:48:55.605+0000] {logging_mixin.py:188} INFO - [2026-09-22T16:48:55.604+0000] {dag.py:3089} INFO - Sync 1 DAGs
[2026-09-22T16:48:55.634+0000] {logging_mixin.py:188} INFO - [2026-09-22T16:48:55.634+0000] {dag.py:3947} INFO - Setting next_dagrun for example_nested_branch_dag to 2026-09-21 00:00:00+00:00, run_after=2026-09-22 00:00:00+00:00
[2026-09-22T16:48:55.673+0000] {processor.py:183} INFO - Processing /home/airflow/.local/lib/python3.12/site-packages/airflow/example_dags/example_nested_branch_dag.py took 0.133 seconds
[2026-09-22T16:49:26.834+0000] {processor.py:161} INFO - Started process (PID=733) to work on /home/airflow/.local/lib/python3.12/site-packages/airflow/example_dags/example_nested_branch_dag.py
[2026-09-22T16:49:26.836+0000] {processor.py:830} INFO - Processing file /home/airflow/.local/lib/python3.12/site-packages/airflow/example_dags/example_nested_branch_dag.py for tasks to queue
[2026-09-22T16:49:26.841+0000] {logging_mixin.py:188} INFO - [2026-09-22T16:49:26.840+0000] {dagbag.py:545} INFO - Filling up the DagBag from /home/airflow/.local/lib/python3.12/site-packages/airflow/example_dags/example_nested_branch_dag.py
[2026-09-22T16:49:26.856+0000] {processor.py:840} INFO - DAG(s) 'example_nested_branch_dag' retrieved from /home/airflow/.local/lib/python3.12/site-packages/airflow/example_dags/example_nested_branch_dag.py
[2026-09-22T16:49:26.891+0000] {logging_mixin.py:188} INFO - [2026-09-22T16:49:26.891+0000] {dag.py:3089} INFO - Sync 1 DAGs
[2026-09-22T16:49:26.951+0000] {logging_mixin.py:188} INFO - [2026-09-22T16:49:26.951+0000] {dag.py:3947} INFO - Setting next_dagrun for example_nested_branch_dag to 2026-09-21 00:00:00+00:00, run_after=2026-09-22 00:00:00+00:00
[2026-09-22T16:49:27.035+0000] {processor.py:183} INFO - Processing /home/airflow/.local/lib/python3.12/site-packages/airflow/example_dags/example_nested_branch_dag.py took 0.214 seconds
[2026-09-22T16:49:57.389+0000] {processor.py:161} INFO - Started process (PID=791) to work on /home/airflow/.local/lib/python3.12/site-packages/airflow/example_dags/example_nested_branch_dag.py
[2026-09-22T16:49:57.391+0000] {processor.py:830} INFO - Processing file /home/airflow/.local/lib/python3.12/site-packages/airflow/example_dags/example_nested_branch_dag.py for tasks to queue
[2026-09-22T16:49:57.394+0000] {logging_mixin.py:188} INFO - [2026-09-22T16:49:57.393+0000] {dagbag.py:545} INFO - Filling up the DagBag from /home/airflow/.local/lib/python3.12/site-packages/airflow/example_dags/example_nested_branch_dag.py
[2026-09-22T16:49:57.414+0000] {processor.py:840} INFO - DAG(s) 'example_nested_branch_dag' retrieved from /home/airflow/.local/lib/python3.12/site-packages/airflow/example_dags/example_nested_branch_dag.py
[2026-09-22T16:49:57.472+0000] {logging_mixin.py:188} INFO - [2026-09-22T16:49:57.471+0000] {dag.py:3089} INFO - Sync 1 DAGs
[2026-09-22T16:49:57.522+0000] {logging_mixin.py:188} INFO - [2026-09-22T16:49:57.522+0000] {dag.py:3947} INFO - Setting next_dagrun for example_nested_branch_dag to 2026-09-21 00:00:00+00:00, run_after=2026-09-22 00:00:00+00:00
[2026-09-22T16:49:57.609+0000] {processor.py:183} INFO - Processing /home/airflow/.local/lib/python3.12/site-packages/airflow/example_dags/example_nested_branch_dag.py took 0.230 seconds
[2026-09-22T16:50:28.458+0000] {processor.py:161} INFO - Started process (PID=850) to work on /home/airflow/.local/lib/python3.12/site-packages/airflow/example_dags/example_nested_branch_dag.py
[2026-09-22T16:50:28.459+0000] {processor.py:830} INFO - Processing file /home/airflow/.local/lib/python3.12/site-packages/airflow/example_dags/example_nested_branch_dag.py for tasks to queue
[2026-09-22T16:50:28.463+0000] {logging_mixin.py:188} INFO - [2026-09-22T16:50:28.462+0000] {dagbag.py:545} INFO - Filling up the DagBag from /home/airflow/.local/lib/python3.12/site-packages/airflow/example_dags/example_nested_branch_dag.py
[2026-09-22T16:50:28.486+0000] {processor.py:840} INFO - DAG(s) 'example_nested_branch_dag' retrieved from /home/airflow/.local/lib/python3.12/site-packages/airflow/example_dags/example_nested_branch_dag.py
[2026-09-22T16:50:28.520+0000] {logging_mixin.py:188} INFO - [2026-09-22T16:50:28.520+0000] {dag.py:3089} INFO - Sync 1 DAGs
[2026-09-22T16:50:28.550+0000] {logging_mixin.py:188} INFO - [2026-09-22T16:50:28.549+0000] {dag.py:3947} INFO - Setting next_dagrun for example_nested_branch_dag to 2026-09-21 00:00:00+00:00, run_after=2026-09-22 00:00:00+00:00
[2026-09-22T16:50:28.632+0000] {processor.py:183} INFO - Processing /home/airflow/.local/lib/python3.12/site-packages/airflow/example_dags/example_nested_branch_dag.py took 0.184 seconds
[2026-09-22T16:50:58.755+0000] {processor.py:161} INFO - Started process (PID=908) to work on /home/airflow/.local/lib/python3.12/site-packages/airflow/example_dags/example_nested_branch_dag.py
[2026-09-22T16:50:58.764+0000] {processor.py:830} INFO - Processing file /home/airflow/.local/lib/python3.12/site-packages/airflow/example_dags/example_nested_branch_dag.py for tasks to queue
[2026-09-22T16:50:58.771+0000] {logging_mixin.py:188} INFO - [2026-09-22T16:50:58.770+0000] {dagbag.py:545} INFO - Filling up the DagBag from /home/airflow/.local/lib/python3.12/site-packages/airflow/example_dags/example_nested_branch_dag.py
[2026-09-22T16:50:58.800+0000] {processor.py:840} INFO - DAG(s) 'example_nested_branch_dag' retrieved from /home/airflow/.local/lib/python3.12/site-packages/airflow/example_dags/example_nested_branch_dag.py
[2026-09-22T16:50:58.900+0000] {logging_mixin.py:188} INFO - [2026-09-22T16:50:58.895+0000] {dag.py:3089} INFO - Sync 1 DAGs
[2026-09-22T16:50:59.051+0000] {logging_mixin.py:188} INFO - [2026-09-22T16:50:59.051+0000] {dag.py:3947} INFO - Setting next_dagrun for example_nested_branch_dag to 2026-09-21 00:00:00+00:00, run_after=2026-09-22 00:00:00+00:00
[2026-09-22T16:50:59.117+0000] {processor.py:183} INFO - Processing /home/airflow/.local/lib/python3.12/site-packages/airflow/example_dags/example_nested_branch_dag.py took 0.382 seconds
[2026-09-22T16:51:29.630+0000] {processor.py:161} INFO - Started process (PID=966) to work on /home/airflow/.local/lib/python3.12/site-packages/airflow/example_dags/example_nested_branch_dag.py
[2026-09-22T16:51:29.632+0000] {processor.py:830} INFO - Processing file /home/airflow/.local/lib/python3.12/site-packages/airflow/example_dags/example_nested_branch_dag.py for tasks to queue
[2026-09-22T16:51:29.636+0000] {logging_mixin.py:188} INFO - [2026-09-22T16:51:29.636+0000] {dagbag.py:545} INFO - Filling up the DagBag from /home/airflow/.local/lib/python3.12/site-packages/airflow/example_dags/example_nested_branch_dag.py
[2026-09-22T16:51:29.660+0000] {processor.py:840} INFO - DAG(s) 'example_nested_branch_dag' retrieved from /home/airflow/.local/lib/python3.12/site-packages/airflow/example_dags/example_nested_branch_dag.py
[2026-09-22T16:51:29.724+0000] {logging_mixin.py:188} INFO - [2026-09-22T16:51:29.724+0000] {dag.py:3089} INFO - Sync 1 DAGs
[2026-09-22T16:51:29.783+0000] {logging_mixin.py:188} INFO - [2026-09-22T16:51:29.783+0000] {dag.py:3947} INFO - Setting next_dagrun for example_nested_branch_dag to 2026-09-21 00:00:00+00:00, run_after=2026-09-22 00:00:00+00:00
[2026-09-22T16:51:29.833+0000] {processor.py:183} INFO - Processing /home/airflow/.local/lib/python3.12/site-packages/airflow/example_dags/example_nested_branch_dag.py took 0.217 seconds
[2026-09-22T16:52:23.278+0000] {processor.py:161} INFO - Started process (PID=1016) to work on /home/airflow/.local/lib/python3.12/site-packages/airflow/example_dags/example_nested_branch_dag.py
[2026-09-22T16:52:23.279+0000] {processor.py:830} INFO - Processing file /home/airflow/.local/lib/python3.12/site-packages/airflow/example_dags/example_nested_branch_dag.py for tasks to queue
[2026-09-22T16:52:23.282+0000] {logging_mixin.py:188} INFO - [2026-09-22T16:52:23.281+0000] {dagbag.py:545} INFO - Filling up the DagBag from /home/airflow/.local/lib/python3.12/site-packages/airflow/example_dags/example_nested_branch_dag.py
[2026-09-22T16:52:23.297+0000] {processor.py:840} INFO - DAG(s) 'example_nested_branch_dag' retrieved from /home/airflow/.local/lib/python3.12/site-packages/airflow/example_dags/example_nested_branch_dag.py
[2026-09-22T16:52:23.331+0000] {logging_mixin.py:188} INFO - [2026-09-22T16:52:23.331+0000] {dag.py:3089} INFO - Sync 1 DAGs
[2026-09-22T16:52:23.365+0000] {logging_mixin.py:188} INFO - [2026-09-22T16:52:23.364+0000] {dag.py:3947} INFO - Setting next_dagrun for example_nested_branch_dag to 2026-09-21 00:00:00+00:00, run_after=2026-09-22 00:00:00+00:00
[2026-09-22T16:52:23.394+0000] {processor.py:183} INFO - Processing /home/airflow/.local/lib/python3.12/site-packages/airflow/example_dags/example_nested_branch_dag.py took 0.132 seconds
[2026-09-22T16:52:53.519+0000] {processor.py:161} INFO - Started process (PID=1074) to work on /home/airflow/.local/lib/python3.12/site-packages/airflow/example_dags/example_nested_branch_dag.py
[2026-09-22T16:52:53.520+0000] {processor.py:830} INFO - Processing file /home/airflow/.local/lib/python3.12/site-packages/airflow/example_dags/example_nested_branch_dag.py for tasks to queue
[2026-09-22T16:52:53.522+0000] {logging_mixin.py:188} INFO - [2026-09-22T16:52:53.522+0000] {dagbag.py:545} INFO - Filling up the DagBag from /home/airflow/.local/lib/python3.12/site-packages/airflow/example_dags/example_nested_branch_dag.py
[2026-09-22T16:52:53.531+0000] {processor.py:840} INFO - DAG(s) 'example_nested_branch_dag' retrieved from /home/airflow/.local/lib/python3.12/site-packages/airflow/example_dags/example_nested_branch_dag.py
[2026-09-22T16:52:53.550+0000] {logging_mixin.py:188} INFO - [2026-09-22T16:52:53.550+0000] {dag.py:3089} INFO - Sync 1 DAGs
[2026-09-22T16:52:53.569+0000] {logging_mixin.py:188} INFO - [2026-09-22T16:52:53.569+0000] {dag.py:3947} INFO - Setting next_dagrun for example_nested_branch_dag to 2026-09-21 00:00:00+00:00, run_after=2026-09-22 00:00:00+00:00
[2026-09-22T16:52:53.595+0000] {processor.py:183} INFO - Processing /home/airflow/.local/lib/python3.12/site-packages/airflow/example_dags/example_nested_branch_dag.py took 0.081 seconds
[2026-09-22T16:53:23.726+0000] {processor.py:161} INFO - Started process (PID=1132) to work on /home/airflow/.local/lib/python3.12/site-packages/airflow/example_dags/example_nested_branch_dag.py
[2026-09-22T16:53:23.728+0000] {processor.py:830} INFO - Processing file /home/airflow/.local/lib/python3.12/site-packages/airflow/example_dags/example_nested_branch_dag.py for tasks to queue
[2026-09-22T16:53:23.730+0000] {logging_mixin.py:188} INFO - [2026-09-22T16:53:23.730+0000] {dagbag.py:545} INFO - Filling up the DagBag from /home/airflow/.local/lib/python3.12/site-packages/airflow/example_dags/example_nested_branch_dag.py
[2026-09-22T16:53:23.742+0000] {processor.py:840} INFO - DAG(s) 'example_nested_branch_dag' retrieved from /home/airflow/.local/lib/python3.12/site-packages/airflow/example_dags/example_nested_branch_dag.py
[2026-09-22T16:53:23.765+0000] {logging_mixin.py:188} INFO - [2026-09-22T16:53:23.764+0000] {dag.py:3089} INFO - Sync 1 DAGs
[2026-09-22T16:53:23.791+0000] {logging_mixin.py:188} INFO - [2026-09-22T16:53:23.791+0000] {dag.py:3947} INFO - Setting next_dagrun for example_nested_branch_dag to 2026-09-21 00:00:00+00:00, run_after=2026-09-22 00:00:00+00:00
[2026-09-22T16:53:23.813+0000] {processor.py:183} INFO - Processing /home/airflow/.local/lib/python3.12/site-packages/airflow/example_dags/example_nested_branch_dag.py took 0.093 seconds
[2026-09-22T16:53:53.975+0000] {processor.py:161} INFO - Started process (PID=1190) to work on /home/airflow/.local/lib/python3.12/site-packages/airflow/example_dags/example_nested_branch_dag.py
[2026-09-22T16:53:53.976+0000] {processor.py:830} INFO - Processing file /home/airflow/.local/lib/python3.12/site-packages/airflow/example_dags/example_nested_branch_dag.py for tasks to queue
[2026-09-22T16:53:53.978+0000] {logging_mixin.py:188} INFO - [2026-09-22T16:53:53.978+0000] {dagbag.py:545} INFO - Filling up the DagBag from /home/airflow/.local/lib/python3.12/site-packages/airflow/example_dags/example_nested_branch_dag.py
[2026-09-22T16:53:53.986+0000] {processor.py:840} INFO - DAG(s) 'example_nested_branch_dag' retrieved from /home/airflow/.local/lib/python3.12/site-packages/airflow/example_dags/example_nested_branch_dag.py
[2026-09-22T16:53:54.007+0000] {logging_mixin.py:188} INFO - [2026-09-22T16:53:54.007+0000] {dag.py:3089} INFO - Sync 1 DAGs
[2026-09-22T16:53:54.028+0000] {logging_mixin.py:188} INFO - [2026-09-22T16:53:54.028+0000] {dag.py:3947} INFO - Setting next_dagrun for example_nested_branch_dag to 2026-09-21 00:00:00+00:00, run_after=2026-09-22 00:00:00+00:00
[2026-09-22T16:53:54.050+0000] {processor.py:183} INFO - Processing /home/airflow/.local/lib/python3.12/site-packages/airflow/example_dags/example_nested_branch_dag.py took 0.081 seconds
[2026-09-22T16:54:24.340+0000] {processor.py:161} INFO - Started process (PID=1248) to work on /home/airflow/.local/lib/python3.12/site-packages/airflow/example_dags/example_nested_branch_dag.py
[2026-09-22T16:54:24.341+0000] {processor.py:830} INFO - Processing file /home/airflow/.local/lib/python3.12/site-packages/airflow/example_dags/example_nested_branch_dag.py for tasks to queue
[2026-09-22T16:54:24.343+0000] {logging_mixin.py:188} INFO - [2026-09-22T16:54:24.343+0000] {dagbag.py:545} INFO - Filling up the DagBag from /home/airflow/.local/lib/python3.12/site-packages/airflow/example_dags/example_nested_branch_dag.py
[2026-09-22T16:54:24.352+0000] {processor.py:840} INFO - DAG(s) 'example_nested_branch_dag' retrieved from /home/airflow/.local/lib/python3.12/site-packages/airflow/example_dags/example_nested_branch_dag.py
[2026-09-22T16:54:24.372+0000] {logging_mixin.py:188} INFO - [2026-09-22T16:54:24.372+0000] {dag.py:3089} INFO - Sync 1 DAGs
[2026-09-22T16:54:24.398+0000] {logging_mixin.py:188} INFO - [2026-09-22T16:54:24.398+0000] {dag.py:3947} INFO - Setting next_dagrun for example_nested_branch_dag to 2026-09-21 00:00:00+00:00, run_after=2026-09-22 00:00:00+00:00
[2026-09-22T16:54:24.418+0000] {processor.py:183} INFO - Processing /home/airflow/.local/lib/python3.12/site-packages/airflow/example_dags/example_nested_branch_dag.py took 0.083 seconds
[2026-09-22T16:54:54.724+0000] {processor.py:161} INFO - Started process (PID=1306) to work on /home/airflow/.local/lib/python3.12/site-packages/airflow/example_dags/example_nested_branch_dag.py
[2026-09-22T16:54:54.725+0000] {processor.py:830} INFO - Processing file /home/airflow/.local/lib/python3.12/site-packages/airflow/example_dags/example_nested_branch_dag.py for tasks to queue
[2026-09-22T16:54:54.727+0000] {logging_mixin.py:188} INFO - [2026-09-22T16:54:54.727+0000] {dagbag.py:545} INFO - Filling up the DagBag from /home/airflow/.local/lib/python3.12/site-packages/airflow/example_dags/example_nested_branch_dag.py
[2026-09-22T16:54:54.736+0000] {processor.py:840} INFO - DAG(s) 'example_nested_branch_dag' retrieved from /home/airflow/.local/lib/python3.12/site-packages/airflow/example_dags/example_nested_branch_dag.py
[2026-09-22T16:54:54.760+0000] {logging_mixin.py:188} INFO - [2026-09-22T16:54:54.760+0000] {dag.py:3089} INFO - Sync 1 DAGs
[2026-09-22T16:54:54.783+0000] {logging_mixin.py:188} INFO - [2026-09-22T16:54:54.783+0000] {dag.py:3947} INFO - Setting next_dagrun for example_nested_branch_dag to 2026-09-21 00:00:00+00:00, run_after=2026-09-22 00:00:00+00:00
[2026-09-22T16:54:54.818+0000] {processor.py:183} INFO - Processing /home/airflow/.local/lib/python3.12/site-packages/airflow/example_dags/example_nested_branch_dag.py took 0.102 seconds
[2026-09-22T16:55:25.124+0000] {processor.py:161} INFO - Started process (PID=1364) to work on /home/airflow/.local/lib/python3.12/site-packages/airflow/example_dags/example_nested_branch_dag.py
[2026-09-22T16:55:25.126+0000] {processor.py:830} INFO - Processing file /home/airflow/.local/lib/python3.12/site-packages/airflow/example_dags/example_nested_branch_dag.py for tasks to queue
[2026-09-22T16:55:25.128+0000] {logging_mixin.py:188} INFO - [2026-09-22T16:55:25.128+0000] {dagbag.py:545} INFO - Filling up the DagBag from /home/airflow/.local/lib/python3.12/site-packages/airflow/example_dags/example_nested_branch_dag.py
[2026-09-22T16:55:25.139+0000] {processor.py:840} INFO - DAG(s) 'example_nested_branch_dag' retrieved from /home/airflow/.local/lib/python3.12/site-packages/airflow/example_dags/example_nested_branch_dag.py
[2026-09-22T16:55:25.163+0000] {logging_mixin.py:188} INFO - [2026-09-22T16:55:25.163+0000] {dag.py:3089} INFO - Sync 1 DAGs
[2026-09-22T16:55:25.186+0000] {logging_mixin.py:188} INFO - [2026-09-22T16:55:25.186+0000] {dag.py:3947} INFO - Setting next_dagrun for example_nested_branch_dag to 2026-09-21 00:00:00+00:00, run_after=2026-09-22 00:00:00+00:00
[2026-09-22T16:55:25.211+0000] {processor.py:183} INFO - Processing /home/airflow/.local/lib/python3.12/site-packages/airflow/example_dags/example_nested_branch_dag.py took 0.091 seconds
[2026-09-22T16:55:55.611+0000] {processor.py:161} INFO - Started process (PID=1422) to work on /home/airflow/.local/lib/python3.12/site-packages/airflow/example_dags/example_nested_branch_dag.py
[2026-09-22T16:55:55.612+0000] {processor.py:830} INFO - Processing file /home/airflow/.local/lib/python3.12/site-packages/airflow/example_dags/example_nested_branch_dag.py for tasks to queue
[2026-09-22T16:55:55.614+0000] {logging_mixin.py:188} INFO - [2026-09-22T16:55:55.614+0000] {dagbag.py:545} INFO - Filling up the DagBag from /home/airflow/.local/lib/python3.12/site-packages/airflow/example_dags/example_nested_branch_dag.py
[2026-09-22T16:55:55.626+0000] {processor.py:840} INFO - DAG(s) 'example_nested_branch_dag' retrieved from /home/airflow/.local/lib/python3.12/site-packages/airflow/example_dags/example_nested_branch_dag.py
[2026-09-22T16:55:55.648+0000] {logging_mixin.py:188} INFO - [2026-09-22T16:55:55.648+0000] {dag.py:3089} INFO - Sync 1 DAGs
[2026-09-22T16:55:55.675+0000] {logging_mixin.py:188} INFO - [2026-09-22T16:55:55.674+0000] {dag.py:3947} INFO - Setting next_dagrun for example_nested_branch_dag to 2026-09-21 00:00:00+00:00, run_after=2026-09-22 00:00:00+00:00
[2026-09-22T16:55:55.695+0000] {processor.py:183} INFO - Processing /home/airflow/.local/lib/python3.12/site-packages/airflow/example_dags/example_nested_branch_dag.py took 0.089 seconds
[2026-09-22T16:56:26.533+0000] {processor.py:161} INFO - Started process (PID=1486) to work on /home/airflow/.local/lib/python3.12/site-packages/airflow/example_dags/example_nested_branch_dag.py
[2026-09-22T16:56:26.534+0000] {processor.py:830} INFO - Processing file /home/airflow/.local/lib/python3.12/site-packages/airflow/example_dags/example_nested_branch_dag.py for tasks to queue
[2026-09-22T16:56:26.536+0000] {logging_mixin.py:188} INFO - [2026-09-22T16:56:26.535+0000] {dagbag.py:545} INFO - Filling up the DagBag from /home/airflow/.local/lib/python3.12/site-packages/airflow/example_dags/example_nested_branch_dag.py
[2026-09-22T16:56:26.548+0000] {processor.py:840} INFO - DAG(s) 'example_nested_branch_dag' retrieved from /home/airflow/.local/lib/python3.12/site-packages/airflow/example_dags/example_nested_branch_dag.py
[2026-09-22T16:56:26.569+0000] {logging_mixin.py:188} INFO - [2026-09-22T16:56:26.569+0000] {dag.py:3089} INFO - Sync 1 DAGs
[2026-09-22T16:56:26.591+0000] {logging_mixin.py:188} INFO - [2026-09-22T16:56:26.591+0000] {dag.py:3947} INFO - Setting next_dagrun for example_nested_branch_dag to 2026-09-21 00:00:00+00:00, run_after=2026-09-22 00:00:00+00:00
[2026-09-22T16:56:26.610+0000] {processor.py:183} INFO - Processing /home/airflow/.local/lib/python3.12/site-packages/airflow/example_dags/example_nested_branch_dag.py took 0.082 seconds
[2026-09-22T16:58:04.093+0000] {processor.py:161} INFO - Started process (PID=106) to work on /home/airflow/.local/lib/python3.12/site-packages/airflow/example_dags/example_nested_branch_dag.py
[2026-09-22T16:58:04.095+0000] {processor.py:830} INFO - Processing file /home/airflow/.local/lib/python3.12/site-packages/airflow/example_dags/example_nested_branch_dag.py for tasks to queue
[2026-09-22T16:58:04.099+0000] {logging_mixin.py:188} INFO - [2026-09-22T16:58:04.099+0000] {dagbag.py:545} INFO - Filling up the DagBag from /home/airflow/.local/lib/python3.12/site-packages/airflow/example_dags/example_nested_branch_dag.py
[2026-09-22T16:58:04.113+0000] {processor.py:840} INFO - DAG(s) 'example_nested_branch_dag' retrieved from /home/airflow/.local/lib/python3.12/site-packages/airflow/example_dags/example_nested_branch_dag.py
[2026-09-22T16:58:04.271+0000] {logging_mixin.py:188} INFO - [2026-09-22T16:58:04.270+0000] {dag.py:3089} INFO - Sync 1 DAGs
[2026-09-22T16:58:04.305+0000] {logging_mixin.py:188} INFO - [2026-09-22T16:58:04.305+0000] {dag.py:3947} INFO - Setting next_dagrun for example_nested_branch_dag to 2026-09-21 00:00:00+00:00, run_after=2026-09-22 00:00:00+00:00
[2026-09-22T16:58:04.337+0000] {processor.py:183} INFO - Processing /home/airflow/.local/lib/python3.12/site-packages/airflow/example_dags/example_nested_branch_dag.py took 0.252 seconds
[2026-09-22T16:58:35.314+0000] {processor.py:161} INFO - Started process (PID=164) to work on /home/airflow/.local/lib/python3.12/site-packages/airflow/example_dags/example_nested_branch_dag.py
[2026-09-22T16:58:35.315+0000] {processor.py:830} INFO - Processing file /home/airflow/.local/lib/python3.12/site-packages/airflow/example_dags/example_nested_branch_dag.py for tasks to queue
[2026-09-22T16:58:35.317+0000] {logging_mixin.py:188} INFO - [2026-09-22T16:58:35.317+0000] {dagbag.py:545} INFO - Filling up the DagBag from /home/airflow/.local/lib/python3.12/site-packages/airflow/example_dags/example_nested_branch_dag.py
[2026-09-22T16:58:35.327+0000] {processor.py:840} INFO - DAG(s) 'example_nested_branch_dag' retrieved from /home/airflow/.local/lib/python3.12/site-packages/airflow/example_dags/example_nested_branch_dag.py
[2026-09-22T16:58:35.347+0000] {logging_mixin.py:188} INFO - [2026-09-22T16:58:35.347+0000] {dag.py:3089} INFO - Sync 1 DAGs
[2026-09-22T16:58:35.366+0000] {logging_mixin.py:188} INFO - [2026-09-22T16:58:35.366+0000] {dag.py:3947} INFO - Setting next_dagrun for example_nested_branch_dag to 2026-09-21 00:00:00+00:00, run_after=2026-09-22 00:00:00+00:00
[2026-09-22T16:58:35.387+0000] {processor.py:183} INFO - Processing /home/airflow/.local/lib/python3.12/site-packages/airflow/example_dags/example_nested_branch_dag.py took 0.078 seconds
[2026-09-22T16:59:06.275+0000] {processor.py:161} INFO - Started process (PID=222) to work on /home/airflow/.local/lib/python3.12/site-packages/airflow/example_dags/example_nested_branch_dag.py
[2026-09-22T16:59:06.276+0000] {processor.py:830} INFO - Processing file /home/airflow/.local/lib/python3.12/site-packages/airflow/example_dags/example_nested_branch_dag.py for tasks to queue
[2026-09-22T16:59:06.278+0000] {logging_mixin.py:188} INFO - [2026-09-22T16:59:06.278+0000] {dagbag.py:545} INFO - Filling up the DagBag from /home/airflow/.local/lib/python3.12/site-packages/airflow/example_dags/example_nested_branch_dag.py
[2026-09-22T16:59:06.287+0000] {processor.py:840} INFO - DAG(s) 'example_nested_branch_dag' retrieved from /home/airflow/.local/lib/python3.12/site-packages/airflow/example_dags/example_nested_branch_dag.py
[2026-09-22T16:59:06.306+0000] {logging_mixin.py:188} INFO - [2026-09-22T16:59:06.306+0000] {dag.py:3089} INFO - Sync 1 DAGs
[2026-09-22T16:59:06.325+0000] {logging_mixin.py:188} INFO - [2026-09-22T16:59:06.325+0000] {dag.py:3947} INFO - Setting next_dagrun for example_nested_branch_dag to 2026-09-21 00:00:00+00:00, run_after=2026-09-22 00:00:00+00:00
[2026-09-22T16:59:06.354+0000] {processor.py:183} INFO - Processing /home/airflow/.local/lib/python3.12/site-packages/airflow/example_dags/example_nested_branch_dag.py took 0.084 seconds
[2026-09-22T16:59:36.681+0000] {processor.py:161} INFO - Started process (PID=280) to work on /home/airflow/.local/lib/python3.12/site-packages/airflow/example_dags/example_nested_branch_dag.py
[2026-09-22T16:59:36.682+0000] {processor.py:830} INFO - Processing file /home/airflow/.local/lib/python3.12/site-packages/airflow/example_dags/example_nested_branch_dag.py for tasks to queue
[2026-09-22T16:59:36.684+0000] {logging_mixin.py:188} INFO - [2026-09-22T16:59:36.684+0000] {dagbag.py:545} INFO - Filling up the DagBag from /home/airflow/.local/lib/python3.12/site-packages/airflow/example_dags/example_nested_branch_dag.py
[2026-09-22T16:59:36.704+0000] {processor.py:840} INFO - DAG(s) 'example_nested_branch_dag' retrieved from /home/airflow/.local/lib/python3.12/site-packages/airflow/example_dags/example_nested_branch_dag.py
[2026-09-22T16:59:36.729+0000] {logging_mixin.py:188} INFO - [2026-09-22T16:59:36.728+0000] {dag.py:3089} INFO - Sync 1 DAGs
[2026-09-22T16:59:36.748+0000] {logging_mixin.py:188} INFO - [2026-09-22T16:59:36.748+0000] {dag.py:3947} INFO - Setting next_dagrun for example_nested_branch_dag to 2026-09-21 00:00:00+00:00, run_after=2026-09-22 00:00:00+00:00
[2026-09-22T16:59:36.776+0000] {processor.py:183} INFO - Processing /home/airflow/.local/lib/python3.12/site-packages/airflow/example_dags/example_nested_branch_dag.py took 0.101 seconds
[2026-09-22T17:00:06.921+0000] {processor.py:161} INFO - Started process (PID=338) to work on /home/airflow/.local/lib/python3.12/site-packages/airflow/example_dags/example_nested_branch_dag.py
[2026-09-22T17:00:06.923+0000] {processor.py:830} INFO - Processing file /home/airflow/.local/lib/python3.12/site-packages/airflow/example_dags/example_nested_branch_dag.py for tasks to queue
[2026-09-22T17:00:06.926+0000] {logging_mixin.py:188} INFO - [2026-09-22T17:00:06.926+0000] {dagbag.py:545} INFO - Filling up the DagBag from /home/airflow/.local/lib/python3.12/site-packages/airflow/example_dags/example_nested_branch_dag.py
[2026-09-22T17:00:06.943+0000] {processor.py:840} INFO - DAG(s) 'example_nested_branch_dag' retrieved from /home/airflow/.local/lib/python3.12/site-packages/airflow/example_dags/example_nested_branch_dag.py
[2026-09-22T17:00:06.980+0000] {logging_mixin.py:188} INFO - [2026-09-22T17:00:06.979+0000] {dag.py:3089} INFO - Sync 1 DAGs
[2026-09-22T17:00:07.008+0000] {logging_mixin.py:188} INFO - [2026-09-22T17:00:07.008+0000] {dag.py:3947} INFO - Setting next_dagrun for example_nested_branch_dag to 2026-09-21 00:00:00+00:00, run_after=2026-09-22 00:00:00+00:00
[2026-09-22T17:00:07.040+0000] {processor.py:183} INFO - Processing /home/airflow/.local/lib/python3.12/site-packages/airflow/example_dags/example_nested_branch_dag.py took 0.129 seconds
[2026-09-22T17:00:37.506+0000] {processor.py:161} INFO - Started process (PID=396) to work on /home/airflow/.local/lib/python3.12/site-packages/airflow/example_dags/example_nested_branch_dag.py
[2026-09-22T17:00:37.507+0000] {processor.py:830} INFO - Processing file /home/airflow/.local/lib/python3.12/site-packages/airflow/example_dags/example_nested_branch_dag.py for tasks to queue
[2026-09-22T17:00:37.510+0000] {logging_mixin.py:188} INFO - [2026-09-22T17:00:37.510+0000] {dagbag.py:545} INFO - Filling up the DagBag from /home/airflow/.local/lib/python3.12/site-packages/airflow/example_dags/example_nested_branch_dag.py
[2026-09-22T17:00:37.525+0000] {processor.py:840} INFO - DAG(s) 'example_nested_branch_dag' retrieved from /home/airflow/.local/lib/python3.12/site-packages/airflow/example_dags/example_nested_branch_dag.py
[2026-09-22T17:00:37.552+0000] {logging_mixin.py:188} INFO - [2026-09-22T17:00:37.551+0000] {dag.py:3089} INFO - Sync 1 DAGs
[2026-09-22T17:00:37.580+0000] {logging_mixin.py:188} INFO - [2026-09-22T17:00:37.580+0000] {dag.py:3947} INFO - Setting next_dagrun for example_nested_branch_dag to 2026-09-21 00:00:00+00:00, run_after=2026-09-22 00:00:00+00:00
[2026-09-22T17:00:37.605+0000] {processor.py:183} INFO - Processing /home/airflow/.local/lib/python3.12/site-packages/airflow/example_dags/example_nested_branch_dag.py took 0.106 seconds
[2026-09-22T17:01:08.028+0000] {processor.py:161} INFO - Started process (PID=454) to work on /home/airflow/.local/lib/python3.12/site-packages/airflow/example_dags/example_nested_branch_dag.py
[2026-09-22T17:01:08.030+0000] {processor.py:830} INFO - Processing file /home/airflow/.local/lib/python3.12/site-packages/airflow/example_dags/example_nested_branch_dag.py for tasks to queue
[2026-09-22T17:01:08.032+0000] {logging_mixin.py:188} INFO - [2026-09-22T17:01:08.032+0000] {dagbag.py:545} INFO - Filling up the DagBag from /home/airflow/.local/lib/python3.12/site-packages/airflow/example_dags/example_nested_branch_dag.py
[2026-09-22T17:01:08.048+0000] {processor.py:840} INFO - DAG(s) 'example_nested_branch_dag' retrieved from /home/airflow/.local/lib/python3.12/site-packages/airflow/example_dags/example_nested_branch_dag.py
[2026-09-22T17:01:08.076+0000] {logging_mixin.py:188} INFO - [2026-09-22T17:01:08.075+0000] {dag.py:3089} INFO - Sync 1 DAGs
[2026-09-22T17:01:08.102+0000] {logging_mixin.py:188} INFO - [2026-09-22T17:01:08.102+0000] {dag.py:3947} INFO - Setting next_dagrun for example_nested_branch_dag to 2026-09-21 00:00:00+00:00, run_after=2026-09-22 00:00:00+00:00
[2026-09-22T17:01:08.125+0000] {processor.py:183} INFO - Processing /home/airflow/.local/lib/python3.12/site-packages/airflow/example_dags/example_nested_branch_dag.py took 0.105 seconds
[2026-09-22T17:01:38.599+0000] {processor.py:161} INFO - Started process (PID=512) to work on /home/airflow/.local/lib/python3.12/site-packages/airflow/example_dags/example_nested_branch_dag.py
[2026-09-22T17:01:38.600+0000] {processor.py:830} INFO - Processing file /home/airflow/.local/lib/python3.12/site-packages/airflow/example_dags/example_nested_branch_dag.py for tasks to queue
[2026-09-22T17:01:38.603+0000] {logging_mixin.py:188} INFO - [2026-09-22T17:01:38.603+0000] {dagbag.py:545} INFO - Filling up the DagBag from /home/airflow/.local/lib/python3.12/site-packages/airflow/example_dags/example_nested_branch_dag.py
[2026-09-22T17:01:38.612+0000] {processor.py:840} INFO - DAG(s) 'example_nested_branch_dag' retrieved from /home/airflow/.local/lib/python3.12/site-packages/airflow/example_dags/example_nested_branch_dag.py
[2026-09-22T17:01:38.634+0000] {logging_mixin.py:188} INFO - [2026-09-22T17:01:38.634+0000] {dag.py:3089} INFO - Sync 1 DAGs
[2026-09-22T17:01:38.655+0000] {logging_mixin.py:188} INFO - [2026-09-22T17:01:38.655+0000] {dag.py:3947} INFO - Setting next_dagrun for example_nested_branch_dag to 2026-09-21 00:00:00+00:00, run_after=2026-09-22 00:00:00+00:00
[2026-09-22T17:01:38.680+0000] {processor.py:183} INFO - Processing /home/airflow/.local/lib/python3.12/site-packages/airflow/example_dags/example_nested_branch_dag.py took 0.087 seconds
[2026-09-22T17:02:09.618+0000] {processor.py:161} INFO - Started process (PID=570) to work on /home/airflow/.local/lib/python3.12/site-packages/airflow/example_dags/example_nested_branch_dag.py
[2026-09-22T17:02:09.620+0000] {processor.py:830} INFO - Processing file /home/airflow/.local/lib/python3.12/site-packages/airflow/example_dags/example_nested_branch_dag.py for tasks to queue
[2026-09-22T17:02:09.622+0000] {logging_mixin.py:188} INFO - [2026-09-22T17:02:09.621+0000] {dagbag.py:545} INFO - Filling up the DagBag from /home/airflow/.local/lib/python3.12/site-packages/airflow/example_dags/example_nested_branch_dag.py
[2026-09-22T17:02:09.630+0000] {processor.py:840} INFO - DAG(s) 'example_nested_branch_dag' retrieved from /home/airflow/.local/lib/python3.12/site-packages/airflow/example_dags/example_nested_branch_dag.py
[2026-09-22T17:02:09.649+0000] {logging_mixin.py:188} INFO - [2026-09-22T17:02:09.649+0000] {dag.py:3089} INFO - Sync 1 DAGs
[2026-09-22T17:02:09.668+0000] {logging_mixin.py:188} INFO - [2026-09-22T17:02:09.668+0000] {dag.py:3947} INFO - Setting next_dagrun for example_nested_branch_dag to 2026-09-21 00:00:00+00:00, run_after=2026-09-22 00:00:00+00:00
[2026-09-22T17:02:09.694+0000] {processor.py:183} INFO - Processing /home/airflow/.local/lib/python3.12/site-packages/airflow/example_dags/example_nested_branch_dag.py took 0.081 seconds
[2026-09-22T17:03:33.047+0000] {processor.py:161} INFO - Started process (PID=104) to work on /home/airflow/.local/lib/python3.12/site-packages/airflow/example_dags/example_nested_branch_dag.py
[2026-09-22T17:03:33.048+0000] {processor.py:830} INFO - Processing file /home/airflow/.local/lib/python3.12/site-packages/airflow/example_dags/example_nested_branch_dag.py for tasks to queue
[2026-09-22T17:03:33.052+0000] {logging_mixin.py:188} INFO - [2026-09-22T17:03:33.052+0000] {dagbag.py:545} INFO - Filling up the DagBag from /home/airflow/.local/lib/python3.12/site-packages/airflow/example_dags/example_nested_branch_dag.py
[2026-09-22T17:03:33.069+0000] {processor.py:840} INFO - DAG(s) 'example_nested_branch_dag' retrieved from /home/airflow/.local/lib/python3.12/site-packages/airflow/example_dags/example_nested_branch_dag.py
[2026-09-22T17:03:33.197+0000] {logging_mixin.py:188} INFO - [2026-09-22T17:03:33.197+0000] {dag.py:3089} INFO - Sync 1 DAGs
[2026-09-22T17:03:33.227+0000] {logging_mixin.py:188} INFO - [2026-09-22T17:03:33.226+0000] {dag.py:3947} INFO - Setting next_dagrun for example_nested_branch_dag to 2026-09-21 00:00:00+00:00, run_after=2026-09-22 00:00:00+00:00
[2026-09-22T17:03:33.252+0000] {processor.py:183} INFO - Processing /home/airflow/.local/lib/python3.12/site-packages/airflow/example_dags/example_nested_branch_dag.py took 0.215 seconds
[2026-09-22T17:04:03.900+0000] {processor.py:161} INFO - Started process (PID=162) to work on /home/airflow/.local/lib/python3.12/site-packages/airflow/example_dags/example_nested_branch_dag.py
[2026-09-22T17:04:03.901+0000] {processor.py:830} INFO - Processing file /home/airflow/.local/lib/python3.12/site-packages/airflow/example_dags/example_nested_branch_dag.py for tasks to queue
[2026-09-22T17:04:03.903+0000] {logging_mixin.py:188} INFO - [2026-09-22T17:04:03.903+0000] {dagbag.py:545} INFO - Filling up the DagBag from /home/airflow/.local/lib/python3.12/site-packages/airflow/example_dags/example_nested_branch_dag.py
[2026-09-22T17:04:03.912+0000] {processor.py:840} INFO - DAG(s) 'example_nested_branch_dag' retrieved from /home/airflow/.local/lib/python3.12/site-packages/airflow/example_dags/example_nested_branch_dag.py
[2026-09-22T17:04:03.934+0000] {logging_mixin.py:188} INFO - [2026-09-22T17:04:03.933+0000] {dag.py:3089} INFO - Sync 1 DAGs
[2026-09-22T17:04:03.956+0000] {logging_mixin.py:188} INFO - [2026-09-22T17:04:03.956+0000] {dag.py:3947} INFO - Setting next_dagrun for example_nested_branch_dag to 2026-09-21 00:00:00+00:00, run_after=2026-09-22 00:00:00+00:00
[2026-09-22T17:04:03.977+0000] {processor.py:183} INFO - Processing /home/airflow/.local/lib/python3.12/site-packages/airflow/example_dags/example_nested_branch_dag.py took 0.083 seconds
[2026-09-22T17:04:34.739+0000] {processor.py:161} INFO - Started process (PID=220) to work on /home/airflow/.local/lib/python3.12/site-packages/airflow/example_dags/example_nested_branch_dag.py
[2026-09-22T17:04:34.741+0000] {processor.py:830} INFO - Processing file /home/airflow/.local/lib/python3.12/site-packages/airflow/example_dags/example_nested_branch_dag.py for tasks to queue
[2026-09-22T17:04:34.744+0000] {logging_mixin.py:188} INFO - [2026-09-22T17:04:34.743+0000] {dagbag.py:545} INFO - Filling up the DagBag from /home/airflow/.local/lib/python3.12/site-packages/airflow/example_dags/example_nested_branch_dag.py
[2026-09-22T17:04:34.761+0000] {processor.py:840} INFO - DAG(s) 'example_nested_branch_dag' retrieved from /home/airflow/.local/lib/python3.12/site-packages/airflow/example_dags/example_nested_branch_dag.py
[2026-09-22T17:04:34.793+0000] {logging_mixin.py:188} INFO - [2026-09-22T17:04:34.792+0000] {dag.py:3089} INFO - Sync 1 DAGs
[2026-09-22T17:04:34.814+0000] {logging_mixin.py:188} INFO - [2026-09-22T17:04:34.814+0000] {dag.py:3947} INFO - Setting next_dagrun for example_nested_branch_dag to 2026-09-21 00:00:00+00:00, run_after=2026-09-22 00:00:00+00:00
[2026-09-22T17:04:34.840+0000] {processor.py:183} INFO - Processing /home/airflow/.local/lib/python3.12/site-packages/airflow/example_dags/example_nested_branch_dag.py took 0.108 seconds
[2026-09-22T17:05:05.669+0000] {processor.py:161} INFO - Started process (PID=278) to work on /home/airflow/.local/lib/python3.12/site-packages/airflow/example_dags/example_nested_branch_dag.py
[2026-09-22T17:05:05.671+0000] {processor.py:830} INFO - Processing file /home/airflow/.local/lib/python3.12/site-packages/airflow/example_dags/example_nested_branch_dag.py for tasks to queue
[2026-09-22T17:05:05.673+0000] {logging_mixin.py:188} INFO - [2026-09-22T17:05:05.672+0000] {dagbag.py:545} INFO - Filling up the DagBag from /home/airflow/.local/lib/python3.12/site-packages/airflow/example_dags/example_nested_branch_dag.py
[2026-09-22T17:05:05.681+0000] {processor.py:840} INFO - DAG(s) 'example_nested_branch_dag' retrieved from /home/airflow/.local/lib/python3.12/site-packages/airflow/example_dags/example_nested_branch_dag.py
[2026-09-22T17:05:05.704+0000] {logging_mixin.py:188} INFO - [2026-09-22T17:05:05.704+0000] {dag.py:3089} INFO - Sync 1 DAGs
[2026-09-22T17:05:05.727+0000] {logging_mixin.py:188} INFO - [2026-09-22T17:05:05.727+0000] {dag.py:3947} INFO - Setting next_dagrun for example_nested_branch_dag to 2026-09-21 00:00:00+00:00, run_after=2026-09-22 00:00:00+00:00
[2026-09-22T17:05:05.748+0000] {processor.py:183} INFO - Processing /home/airflow/.local/lib/python3.12/site-packages/airflow/example_dags/example_nested_branch_dag.py took 0.085 seconds
[2026-09-22T17:05:35.984+0000] {processor.py:161} INFO - Started process (PID=336) to work on /home/airflow/.local/lib/python3.12/site-packages/airflow/example_dags/example_nested_branch_dag.py
[2026-09-22T17:05:35.985+0000] {processor.py:830} INFO - Processing file /home/airflow/.local/lib/python3.12/site-packages/airflow/example_dags/example_nested_branch_dag.py for tasks to queue
[2026-09-22T17:05:35.988+0000] {logging_mixin.py:188} INFO - [2026-09-22T17:05:35.988+0000] {dagbag.py:545} INFO - Filling up the DagBag from /home/airflow/.local/lib/python3.12/site-packages/airflow/example_dags/example_nested_branch_dag.py
[2026-09-22T17:05:35.998+0000] {processor.py:840} INFO - DAG(s) 'example_nested_branch_dag' retrieved from /home/airflow/.local/lib/python3.12/site-packages/airflow/example_dags/example_nested_branch_dag.py
[2026-09-22T17:05:36.021+0000] {logging_mixin.py:188} INFO - [2026-09-22T17:05:36.020+0000] {dag.py:3089} INFO - Sync 1 DAGs
[2026-09-22T17:05:36.049+0000] {logging_mixin.py:188} INFO - [2026-09-22T17:05:36.049+0000] {dag.py:3947} INFO - Setting next_dagrun for example_nested_branch_dag to 2026-09-21 00:00:00+00:00, run_after=2026-09-22 00:00:00+00:00
[2026-09-22T17:05:36.079+0000] {processor.py:183} INFO - Processing /home/airflow/.local/lib/python3.12/site-packages/airflow/example_dags/example_nested_branch_dag.py took 0.102 seconds
[2026-09-22T17:06:06.228+0000] {processor.py:161} INFO - Started process (PID=394) to work on /home/airflow/.local/lib/python3.12/site-packages/airflow/example_dags/example_nested_branch_dag.py
[2026-09-22T17:06:06.229+0000] {processor.py:830} INFO - Processing file /home/airflow/.local/lib/python3.12/site-packages/airflow/example_dags/example_nested_branch_dag.py for tasks to queue
[2026-09-22T17:06:06.232+0000] {logging_mixin.py:188} INFO - [2026-09-22T17:06:06.232+0000] {dagbag.py:545} INFO - Filling up the DagBag from /home/airflow/.local/lib/python3.12/site-packages/airflow/example_dags/example_nested_branch_dag.py
[2026-09-22T17:06:06.246+0000] {processor.py:840} INFO - DAG(s) 'example_nested_branch_dag' retrieved from /home/airflow/.local/lib/python3.12/site-packages/airflow/example_dags/example_nested_branch_dag.py
[2026-09-22T17:06:06.268+0000] {logging_mixin.py:188} INFO - [2026-09-22T17:06:06.268+0000] {dag.py:3089} INFO - Sync 1 DAGs
[2026-09-22T17:06:06.288+0000] {logging_mixin.py:188} INFO - [2026-09-22T17:06:06.288+0000] {dag.py:3947} INFO - Setting next_dagrun for example_nested_branch_dag to 2026-09-21 00:00:00+00:00, run_after=2026-09-22 00:00:00+00:00
[2026-09-22T17:06:06.308+0000] {processor.py:183} INFO - Processing /home/airflow/.local/lib/python3.12/site-packages/airflow/example_dags/example_nested_branch_dag.py took 0.087 seconds
[2026-09-22T17:06:36.446+0000] {processor.py:161} INFO - Started process (PID=452) to work on /home/airflow/.local/lib/python3.12/site-packages/airflow/example_dags/example_nested_branch_dag.py
[2026-09-22T17:06:36.447+0000] {processor.py:830} INFO - Processing file /home/airflow/.local/lib/python3.12/site-packages/airflow/example_dags/example_nested_branch_dag.py for tasks to queue
[2026-09-22T17:06:36.449+0000] {logging_mixin.py:188} INFO - [2026-09-22T17:06:36.449+0000] {dagbag.py:545} INFO - Filling up the DagBag from /home/airflow/.local/lib/python3.12/site-packages/airflow/example_dags/example_nested_branch_dag.py
[2026-09-22T17:06:36.459+0000] {processor.py:840} INFO - DAG(s) 'example_nested_branch_dag' retrieved from /home/airflow/.local/lib/python3.12/site-packages/airflow/example_dags/example_nested_branch_dag.py
[2026-09-22T17:06:36.491+0000] {logging_mixin.py:188} INFO - [2026-09-22T17:06:36.490+0000] {dag.py:3089} INFO - Sync 1 DAGs
[2026-09-22T17:06:36.525+0000] {logging_mixin.py:188} INFO - [2026-09-22T17:06:36.524+0000] {dag.py:3947} INFO - Setting next_dagrun for example_nested_branch_dag to 2026-09-21 00:00:00+00:00, run_after=2026-09-22 00:00:00+00:00
[2026-09-22T17:06:36.559+0000] {processor.py:183} INFO - Processing /home/airflow/.local/lib/python3.12/site-packages/airflow/example_dags/example_nested_branch_dag.py took 0.120 seconds
[2026-09-22T17:07:07.254+0000] {processor.py:161} INFO - Started process (PID=510) to work on /home/airflow/.local/lib/python3.12/site-packages/airflow/example_dags/example_nested_branch_dag.py
[2026-09-22T17:07:07.255+0000] {processor.py:830} INFO - Processing file /home/airflow/.local/lib/python3.12/site-packages/airflow/example_dags/example_nested_branch_dag.py for tasks to queue
[2026-09-22T17:07:07.257+0000] {logging_mixin.py:188} INFO - [2026-09-22T17:07:07.256+0000] {dagbag.py:545} INFO - Filling up the DagBag from /home/airflow/.local/lib/python3.12/site-packages/airflow/example_dags/example_nested_branch_dag.py
[2026-09-22T17:07:07.268+0000] {processor.py:840} INFO - DAG(s) 'example_nested_branch_dag' retrieved from /home/airflow/.local/lib/python3.12/site-packages/airflow/example_dags/example_nested_branch_dag.py
[2026-09-22T17:07:07.293+0000] {logging_mixin.py:188} INFO - [2026-09-22T17:07:07.293+0000] {dag.py:3089} INFO - Sync 1 DAGs
[2026-09-22T17:07:07.313+0000] {logging_mixin.py:188} INFO - [2026-09-22T17:07:07.312+0000] {dag.py:3947} INFO - Setting next_dagrun for example_nested_branch_dag to 2026-09-21 00:00:00+00:00, run_after=2026-09-22 00:00:00+00:00
[2026-09-22T17:07:07.335+0000] {processor.py:183} INFO - Processing /home/airflow/.local/lib/python3.12/site-packages/airflow/example_dags/example_nested_branch_dag.py took 0.089 seconds
[2026-09-22T17:07:37.907+0000] {processor.py:161} INFO - Started process (PID=568) to work on /home/airflow/.local/lib/python3.12/site-packages/airflow/example_dags/example_nested_branch_dag.py
[2026-09-22T17:07:37.908+0000] {processor.py:830} INFO - Processing file /home/airflow/.local/lib/python3.12/site-packages/airflow/example_dags/example_nested_branch_dag.py for tasks to queue
[2026-09-22T17:07:37.909+0000] {logging_mixin.py:188} INFO - [2026-09-22T17:07:37.909+0000] {dagbag.py:545} INFO - Filling up the DagBag from /home/airflow/.local/lib/python3.12/site-packages/airflow/example_dags/example_nested_branch_dag.py
[2026-09-22T17:07:37.918+0000] {processor.py:840} INFO - DAG(s) 'example_nested_branch_dag' retrieved from /home/airflow/.local/lib/python3.12/site-packages/airflow/example_dags/example_nested_branch_dag.py
[2026-09-22T17:07:37.940+0000] {logging_mixin.py:188} INFO - [2026-09-22T17:07:37.940+0000] {dag.py:3089} INFO - Sync 1 DAGs
[2026-09-22T17:07:37.963+0000] {logging_mixin.py:188} INFO - [2026-09-22T17:07:37.963+0000] {dag.py:3947} INFO - Setting next_dagrun for example_nested_branch_dag to 2026-09-21 00:00:00+00:00, run_after=2026-09-22 00:00:00+00:00
[2026-09-22T17:07:37.992+0000] {processor.py:183} INFO - Processing /home/airflow/.local/lib/python3.12/site-packages/airflow/example_dags/example_nested_branch_dag.py took 0.090 seconds
[2026-09-22T17:08:08.222+0000] {processor.py:161} INFO - Started process (PID=626) to work on /home/airflow/.local/lib/python3.12/site-packages/airflow/example_dags/example_nested_branch_dag.py
[2026-09-22T17:08:08.223+0000] {processor.py:830} INFO - Processing file /home/airflow/.local/lib/python3.12/site-packages/airflow/example_dags/example_nested_branch_dag.py for tasks to queue
[2026-09-22T17:08:08.225+0000] {logging_mixin.py:188} INFO - [2026-09-22T17:08:08.225+0000] {dagbag.py:545} INFO - Filling up the DagBag from /home/airflow/.local/lib/python3.12/site-packages/airflow/example_dags/example_nested_branch_dag.py
[2026-09-22T17:08:08.233+0000] {processor.py:840} INFO - DAG(s) 'example_nested_branch_dag' retrieved from /home/airflow/.local/lib/python3.12/site-packages/airflow/example_dags/example_nested_branch_dag.py
[2026-09-22T17:08:08.250+0000] {logging_mixin.py:188} INFO - [2026-09-22T17:08:08.250+0000] {dag.py:3089} INFO - Sync 1 DAGs
[2026-09-22T17:08:08.266+0000] {logging_mixin.py:188} INFO - [2026-09-22T17:08:08.266+0000] {dag.py:3947} INFO - Setting next_dagrun for example_nested_branch_dag to 2026-09-21 00:00:00+00:00, run_after=2026-09-22 00:00:00+00:00
[2026-09-22T17:08:08.285+0000] {processor.py:183} INFO - Processing /home/airflow/.local/lib/python3.12/site-packages/airflow/example_dags/example_nested_branch_dag.py took 0.068 seconds
[2026-09-22T17:08:38.451+0000] {processor.py:161} INFO - Started process (PID=690) to work on /home/airflow/.local/lib/python3.12/site-packages/airflow/example_dags/example_nested_branch_dag.py
[2026-09-22T17:08:38.453+0000] {processor.py:830} INFO - Processing file /home/airflow/.local/lib/python3.12/site-packages/airflow/example_dags/example_nested_branch_dag.py for tasks to queue
[2026-09-22T17:08:38.454+0000] {logging_mixin.py:188} INFO - [2026-09-22T17:08:38.454+0000] {dagbag.py:545} INFO - Filling up the DagBag from /home/airflow/.local/lib/python3.12/site-packages/airflow/example_dags/example_nested_branch_dag.py
[2026-09-22T17:08:38.463+0000] {processor.py:840} INFO - DAG(s) 'example_nested_branch_dag' retrieved from /home/airflow/.local/lib/python3.12/site-packages/airflow/example_dags/example_nested_branch_dag.py
[2026-09-22T17:08:38.488+0000] {logging_mixin.py:188} INFO - [2026-09-22T17:08:38.487+0000] {dag.py:3089} INFO - Sync 1 DAGs
[2026-09-22T17:08:38.507+0000] {logging_mixin.py:188} INFO - [2026-09-22T17:08:38.506+0000] {dag.py:3947} INFO - Setting next_dagrun for example_nested_branch_dag to 2026-09-21 00:00:00+00:00, run_after=2026-09-22 00:00:00+00:00
[2026-09-22T17:08:38.529+0000] {processor.py:183} INFO - Processing /home/airflow/.local/lib/python3.12/site-packages/airflow/example_dags/example_nested_branch_dag.py took 0.084 seconds
[2026-09-22T17:09:08.717+0000] {processor.py:161} INFO - Started process (PID=748) to work on /home/airflow/.local/lib/python3.12/site-packages/airflow/example_dags/example_nested_branch_dag.py
[2026-09-22T17:09:08.718+0000] {processor.py:830} INFO - Processing file /home/airflow/.local/lib/python3.12/site-packages/airflow/example_dags/example_nested_branch_dag.py for tasks to queue
[2026-09-22T17:09:08.720+0000] {logging_mixin.py:188} INFO - [2026-09-22T17:09:08.720+0000] {dagbag.py:545} INFO - Filling up the DagBag from /home/airflow/.local/lib/python3.12/site-packages/airflow/example_dags/example_nested_branch_dag.py
[2026-09-22T17:09:08.728+0000] {processor.py:840} INFO - DAG(s) 'example_nested_branch_dag' retrieved from /home/airflow/.local/lib/python3.12/site-packages/airflow/example_dags/example_nested_branch_dag.py
[2026-09-22T17:09:08.746+0000] {logging_mixin.py:188} INFO - [2026-09-22T17:09:08.746+0000] {dag.py:3089} INFO - Sync 1 DAGs
[2026-09-22T17:09:08.768+0000] {logging_mixin.py:188} INFO - [2026-09-22T17:09:08.767+0000] {dag.py:3947} INFO - Setting next_dagrun for example_nested_branch_dag to 2026-09-21 00:00:00+00:00, run_after=2026-09-22 00:00:00+00:00
[2026-09-22T17:09:08.796+0000] {processor.py:183} INFO - Processing /home/airflow/.local/lib/python3.12/site-packages/airflow/example_dags/example_nested_branch_dag.py took 0.085 seconds
[2026-09-22T17:09:38.948+0000] {processor.py:161} INFO - Started process (PID=806) to work on /home/airflow/.local/lib/python3.12/site-packages/airflow/example_dags/example_nested_branch_dag.py
[2026-09-22T17:09:38.949+0000] {processor.py:830} INFO - Processing file /home/airflow/.local/lib/python3.12/site-packages/airflow/example_dags/example_nested_branch_dag.py for tasks to queue
[2026-09-22T17:09:38.951+0000] {logging_mixin.py:188} INFO - [2026-09-22T17:09:38.951+0000] {dagbag.py:545} INFO - Filling up the DagBag from /home/airflow/.local/lib/python3.12/site-packages/airflow/example_dags/example_nested_branch_dag.py
[2026-09-22T17:09:38.961+0000] {processor.py:840} INFO - DAG(s) 'example_nested_branch_dag' retrieved from /home/airflow/.local/lib/python3.12/site-packages/airflow/example_dags/example_nested_branch_dag.py
[2026-09-22T17:09:38.985+0000] {logging_mixin.py:188} INFO - [2026-09-22T17:09:38.985+0000] {dag.py:3089} INFO - Sync 1 DAGs
[2026-09-22T17:09:39.005+0000] {logging_mixin.py:188} INFO - [2026-09-22T17:09:39.004+0000] {dag.py:3947} INFO - Setting next_dagrun for example_nested_branch_dag to 2026-09-21 00:00:00+00:00, run_after=2026-09-22 00:00:00+00:00
[2026-09-22T17:09:39.026+0000] {processor.py:183} INFO - Processing /home/airflow/.local/lib/python3.12/site-packages/airflow/example_dags/example_nested_branch_dag.py took 0.085 seconds
[2026-09-22T17:10:09.266+0000] {processor.py:161} INFO - Started process (PID=864) to work on /home/airflow/.local/lib/python3.12/site-packages/airflow/example_dags/example_nested_branch_dag.py
[2026-09-22T17:10:09.267+0000] {processor.py:830} INFO - Processing file /home/airflow/.local/lib/python3.12/site-packages/airflow/example_dags/example_nested_branch_dag.py for tasks to queue
[2026-09-22T17:10:09.269+0000] {logging_mixin.py:188} INFO - [2026-09-22T17:10:09.269+0000] {dagbag.py:545} INFO - Filling up the DagBag from /home/airflow/.local/lib/python3.12/site-packages/airflow/example_dags/example_nested_branch_dag.py
[2026-09-22T17:10:09.277+0000] {processor.py:840} INFO - DAG(s) 'example_nested_branch_dag' retrieved from /home/airflow/.local/lib/python3.12/site-packages/airflow/example_dags/example_nested_branch_dag.py
[2026-09-22T17:10:09.298+0000] {logging_mixin.py:188} INFO - [2026-09-22T17:10:09.297+0000] {dag.py:3089} INFO - Sync 1 DAGs
[2026-09-22T17:10:09.318+0000] {logging_mixin.py:188} INFO - [2026-09-22T17:10:09.318+0000] {dag.py:3947} INFO - Setting next_dagrun for example_nested_branch_dag to 2026-09-21 00:00:00+00:00, run_after=2026-09-22 00:00:00+00:00
[2026-09-22T17:10:09.339+0000] {processor.py:183} INFO - Processing /home/airflow/.local/lib/python3.12/site-packages/airflow/example_dags/example_nested_branch_dag.py took 0.079 seconds
[2026-09-22T17:10:40.225+0000] {processor.py:161} INFO - Started process (PID=922) to work on /home/airflow/.local/lib/python3.12/site-packages/airflow/example_dags/example_nested_branch_dag.py
[2026-09-22T17:10:40.226+0000] {processor.py:830} INFO - Processing file /home/airflow/.local/lib/python3.12/site-packages/airflow/example_dags/example_nested_branch_dag.py for tasks to queue
[2026-09-22T17:10:40.228+0000] {logging_mixin.py:188} INFO - [2026-09-22T17:10:40.228+0000] {dagbag.py:545} INFO - Filling up the DagBag from /home/airflow/.local/lib/python3.12/site-packages/airflow/example_dags/example_nested_branch_dag.py
[2026-09-22T17:10:40.238+0000] {processor.py:840} INFO - DAG(s) 'example_nested_branch_dag' retrieved from /home/airflow/.local/lib/python3.12/site-packages/airflow/example_dags/example_nested_branch_dag.py
[2026-09-22T17:10:40.262+0000] {logging_mixin.py:188} INFO - [2026-09-22T17:10:40.262+0000] {dag.py:3089} INFO - Sync 1 DAGs
[2026-09-22T17:10:40.284+0000] {logging_mixin.py:188} INFO - [2026-09-22T17:10:40.283+0000] {dag.py:3947} INFO - Setting next_dagrun for example_nested_branch_dag to 2026-09-21 00:00:00+00:00, run_after=2026-09-22 00:00:00+00:00
[2026-09-22T17:10:40.305+0000] {processor.py:183} INFO - Processing /home/airflow/.local/lib/python3.12/site-packages/airflow/example_dags/example_nested_branch_dag.py took 0.086 seconds
[2026-09-22T17:11:10.567+0000] {processor.py:161} INFO - Started process (PID=980) to work on /home/airflow/.local/lib/python3.12/site-packages/airflow/example_dags/example_nested_branch_dag.py
[2026-09-22T17:11:10.568+0000] {processor.py:830} INFO - Processing file /home/airflow/.local/lib/python3.12/site-packages/airflow/example_dags/example_nested_branch_dag.py for tasks to queue
[2026-09-22T17:11:10.570+0000] {logging_mixin.py:188} INFO - [2026-09-22T17:11:10.570+0000] {dagbag.py:545} INFO - Filling up the DagBag from /home/airflow/.local/lib/python3.12/site-packages/airflow/example_dags/example_nested_branch_dag.py
[2026-09-22T17:11:10.580+0000] {processor.py:840} INFO - DAG(s) 'example_nested_branch_dag' retrieved from /home/airflow/.local/lib/python3.12/site-packages/airflow/example_dags/example_nested_branch_dag.py
[2026-09-22T17:11:10.601+0000] {logging_mixin.py:188} INFO - [2026-09-22T17:11:10.601+0000] {dag.py:3089} INFO - Sync 1 DAGs
[2026-09-22T17:11:10.622+0000] {logging_mixin.py:188} INFO - [2026-09-22T17:11:10.622+0000] {dag.py:3947} INFO - Setting next_dagrun for example_nested_branch_dag to 2026-09-21 00:00:00+00:00, run_after=2026-09-22 00:00:00+00:00
[2026-09-22T17:11:10.640+0000] {processor.py:183} INFO - Processing /home/airflow/.local/lib/python3.12/site-packages/airflow/example_dags/example_nested_branch_dag.py took 0.080 seconds
[2026-09-22T17:11:40.825+0000] {processor.py:161} INFO - Started process (PID=1038) to work on /home/airflow/.local/lib/python3.12/site-packages/airflow/example_dags/example_nested_branch_dag.py
[2026-09-22T17:11:40.826+0000] {processor.py:830} INFO - Processing file /home/airflow/.local/lib/python3.12/site-packages/airflow/example_dags/example_nested_branch_dag.py for tasks to queue
[2026-09-22T17:11:40.828+0000] {logging_mixin.py:188} INFO - [2026-09-22T17:11:40.828+0000] {dagbag.py:545} INFO - Filling up the DagBag from /home/airflow/.local/lib/python3.12/site-packages/airflow/example_dags/example_nested_branch_dag.py
[2026-09-22T17:11:40.838+0000] {processor.py:840} INFO - DAG(s) 'example_nested_branch_dag' retrieved from /home/airflow/.local/lib/python3.12/site-packages/airflow/example_dags/example_nested_branch_dag.py
[2026-09-22T17:11:40.859+0000] {logging_mixin.py:188} INFO - [2026-09-22T17:11:40.858+0000] {dag.py:3089} INFO - Sync 1 DAGs
[2026-09-22T17:11:40.877+0000] {logging_mixin.py:188} INFO - [2026-09-22T17:11:40.877+0000] {dag.py:3947} INFO - Setting next_dagrun for example_nested_branch_dag to 2026-09-21 00:00:00+00:00, run_after=2026-09-22 00:00:00+00:00
[2026-09-22T17:11:40.901+0000] {processor.py:183} INFO - Processing /home/airflow/.local/lib/python3.12/site-packages/airflow/example_dags/example_nested_branch_dag.py took 0.083 seconds
[2026-09-22T17:12:11.136+0000] {processor.py:161} INFO - Started process (PID=1096) to work on /home/airflow/.local/lib/python3.12/site-packages/airflow/example_dags/example_nested_branch_dag.py
[2026-09-22T17:12:11.137+0000] {processor.py:830} INFO - Processing file /home/airflow/.local/lib/python3.12/site-packages/airflow/example_dags/example_nested_branch_dag.py for tasks to queue
[2026-09-22T17:12:11.139+0000] {logging_mixin.py:188} INFO - [2026-09-22T17:12:11.139+0000] {dagbag.py:545} INFO - Filling up the DagBag from /home/airflow/.local/lib/python3.12/site-packages/airflow/example_dags/example_nested_branch_dag.py
[2026-09-22T17:12:11.148+0000] {processor.py:840} INFO - DAG(s) 'example_nested_branch_dag' retrieved from /home/airflow/.local/lib/python3.12/site-packages/airflow/example_dags/example_nested_branch_dag.py
[2026-09-22T17:12:11.166+0000] {logging_mixin.py:188} INFO - [2026-09-22T17:12:11.166+0000] {dag.py:3089} INFO - Sync 1 DAGs
[2026-09-22T17:12:11.184+0000] {logging_mixin.py:188} INFO - [2026-09-22T17:12:11.184+0000] {dag.py:3947} INFO - Setting next_dagrun for example_nested_branch_dag to 2026-09-21 00:00:00+00:00, run_after=2026-09-22 00:00:00+00:00
[2026-09-22T17:12:11.203+0000] {processor.py:183} INFO - Processing /home/airflow/.local/lib/python3.12/site-packages/airflow/example_dags/example_nested_branch_dag.py took 0.072 seconds
[2026-09-22T17:12:41.291+0000] {processor.py:161} INFO - Started process (PID=1154) to work on /home/airflow/.local/lib/python3.12/site-packages/airflow/example_dags/example_nested_branch_dag.py
[2026-09-22T17:12:41.292+0000] {processor.py:830} INFO - Processing file /home/airflow/.local/lib/python3.12/site-packages/airflow/example_dags/example_nested_branch_dag.py for tasks to queue
[2026-09-22T17:12:41.294+0000] {logging_mixin.py:188} INFO - [2026-09-22T17:12:41.294+0000] {dagbag.py:545} INFO - Filling up the DagBag from /home/airflow/.local/lib/python3.12/site-packages/airflow/example_dags/example_nested_branch_dag.py
[2026-09-22T17:12:41.304+0000] {processor.py:840} INFO - DAG(s) 'example_nested_branch_dag' retrieved from /home/airflow/.local/lib/python3.12/site-packages/airflow/example_dags/example_nested_branch_dag.py
[2026-09-22T17:12:41.324+0000] {logging_mixin.py:188} INFO - [2026-09-22T17:12:41.323+0000] {dag.py:3089} INFO - Sync 1 DAGs
[2026-09-22T17:12:41.342+0000] {logging_mixin.py:188} INFO - [2026-09-22T17:12:41.342+0000] {dag.py:3947} INFO - Setting next_dagrun for example_nested_branch_dag to 2026-09-21 00:00:00+00:00, run_after=2026-09-22 00:00:00+00:00
[2026-09-22T17:12:41.362+0000] {processor.py:183} INFO - Processing /home/airflow/.local/lib/python3.12/site-packages/airflow/example_dags/example_nested_branch_dag.py took 0.076 seconds
[2026-09-22T17:13:11.710+0000] {processor.py:161} INFO - Started process (PID=1212) to work on /home/airflow/.local/lib/python3.12/site-packages/airflow/example_dags/example_nested_branch_dag.py
[2026-09-22T17:13:11.711+0000] {processor.py:830} INFO - Processing file /home/airflow/.local/lib/python3.12/site-packages/airflow/example_dags/example_nested_branch_dag.py for tasks to queue
[2026-09-22T17:13:11.712+0000] {logging_mixin.py:188} INFO - [2026-09-22T17:13:11.712+0000] {dagbag.py:545} INFO - Filling up the DagBag from /home/airflow/.local/lib/python3.12/site-packages/airflow/example_dags/example_nested_branch_dag.py
[2026-09-22T17:13:11.720+0000] {processor.py:840} INFO - DAG(s) 'example_nested_branch_dag' retrieved from /home/airflow/.local/lib/python3.12/site-packages/airflow/example_dags/example_nested_branch_dag.py
[2026-09-22T17:13:11.737+0000] {logging_mixin.py:188} INFO - [2026-09-22T17:13:11.737+0000] {dag.py:3089} INFO - Sync 1 DAGs
[2026-09-22T17:13:11.754+0000] {logging_mixin.py:188} INFO - [2026-09-22T17:13:11.754+0000] {dag.py:3947} INFO - Setting next_dagrun for example_nested_branch_dag to 2026-09-21 00:00:00+00:00, run_after=2026-09-22 00:00:00+00:00
[2026-09-22T17:13:11.772+0000] {processor.py:183} INFO - Processing /home/airflow/.local/lib/python3.12/site-packages/airflow/example_dags/example_nested_branch_dag.py took 0.067 seconds
