[2026-09-22T16:19:28.690+0000] {processor.py:161} INFO - Started process (PID=73) to work on /home/airflow/.local/lib/python3.12/site-packages/airflow/example_dags/example_branch_python_dop_operator_3.py
[2026-09-22T16:19:28.693+0000] {processor.py:830} INFO - Processing file /home/airflow/.local/lib/python3.12/site-packages/airflow/example_dags/example_branch_python_dop_operator_3.py for tasks to queue
[2026-09-22T16:19:28.696+0000] {logging_mixin.py:188} INFO - [2026-09-22T16:19:28.695+0000] {dagbag.py:545} INFO - Filling up the DagBag from /home/airflow/.local/lib/python3.12/site-packages/airflow/example_dags/example_branch_python_dop_operator_3.py
[2026-09-22T16:19:28.711+0000] {processor.py:840} INFO - DAG(s) 'example_branch_dop_operator_v3' retrieved from /home/airflow/.local/lib/python3.12/site-packages/airflow/example_dags/example_branch_python_dop_operator_3.py
[2026-09-22T16:19:28.897+0000] {logging_mixin.py:188} INFO - [2026-09-22T16:19:28.896+0000] {dag.py:3089} INFO - Sync 1 DAGs
[2026-09-22T16:19:28.938+0000] {logging_mixin.py:188} INFO - [2026-09-22T16:19:28.937+0000] {dag.py:3947} INFO - Setting next_dagrun for example_branch_dop_operator_v3 to 2026-09-22 16:18:00+00:00, run_after=2026-09-22 16:19:00+00:00
[2026-09-22T16:19:28.976+0000] {processor.py:183} INFO - Processing /home/airflow/.local/lib/python3.12/site-packages/airflow/example_dags/example_branch_python_dop_operator_3.py took 0.295 seconds
[2026-09-22T16:19:59.581+0000] {processor.py:161} INFO - Started process (PID=130) to work on /home/airflow/.local/lib/python3.12/site-packages/airflow/example_dags/example_branch_python_dop_operator_3.py
[2026-09-22T16:19:59.583+0000] {processor.py:830} INFO - Processing file /home/airflow/.local/lib/python3.12/site-packages/airflow/example_dags/example_branch_python_dop_operator_3.py for tasks to queue
[2026-09-22T16:19:59.587+0000] {logging_mixin.py:188} INFO - [2026-09-22T16:19:59.586+0000] {dagbag.py:545} INFO - Filling up the DagBag from /home/airflow/.local/lib/python3.12/site-packages/airflow/example_dags/example_branch_python_dop_operator_3.py
[2026-09-22T16:19:59.604+0000] {processor.py:840} INFO - DAG(s) 'example_branch_dop_operator_v3' retrieved from /home/airflow/.local/lib/python3.12/site-packages/airflow/example_dags/example_branch_python_dop_operator_3.py
[2026-09-22T16:19:59.638+0000] {logging_mixin.py:188} INFO - [2026-09-22T16:19:59.637+0000] {dag.py:3089} INFO - Sync 1 DAGs
[2026-09-22T16:19:59.683+0000] {logging_mixin.py:188} INFO - [2026-09-22T16:19:59.683+0000] {dag.py:3947} INFO - Setting next_dagrun for example_branch_dop_operator_v3 to 2026-09-22 16:18:00+00:00, run_after=2026-09-22 16:19:00+00:00
[2026-09-22T16:19:59.768+0000] {processor.py:183} INFO - Processing /home/airflow/.local/lib/python3.12/site-packages/airflow/example_dags/example_branch_python_dop_operator_3.py took 0.196 seconds
[2026-09-22T16:20:29.950+0000] {processor.py:161} INFO - Started process (PID=188) to work on /home/airflow/.local/lib/python3.12/site-packages/airflow/example_dags/example_branch_python_dop_operator_3.py
[2026-09-22T16:20:29.954+0000] {processor.py:830} INFO - Processing file /home/airflow/.local/lib/python3.12/site-packages/airflow/example_dags/example_branch_python_dop_operator_3.py for tasks to queue
[2026-09-22T16:20:29.964+0000] {logging_mixin.py:188} INFO - [2026-09-22T16:20:29.963+0000] {dagbag.py:545} INFO - Filling up the DagBag from /home/airflow/.local/lib/python3.12/site-packages/airflow/example_dags/example_branch_python_dop_operator_3.py
[2026-09-22T16:20:29.995+0000] {processor.py:840} INFO - DAG(s) 'example_branch_dop_operator_v3' retrieved from /home/airflow/.local/lib/python3.12/site-packages/airflow/example_dags/example_branch_python_dop_operator_3.py
[2026-09-22T16:20:30.061+0000] {logging_mixin.py:188} INFO - [2026-09-22T16:20:30.061+0000] {dag.py:3089} INFO - Sync 1 DAGs
[2026-09-22T16:20:30.147+0000] {logging_mixin.py:188} INFO - [2026-09-22T16:20:30.146+0000] {dag.py:3947} INFO - Setting next_dagrun for example_branch_dop_operator_v3 to 2026-09-22 16:19:00+00:00, run_after=2026-09-22 16:20:00+00:00
[2026-09-22T16:20:30.194+0000] {processor.py:183} INFO - Processing /home/airflow/.local/lib/python3.12/site-packages/airflow/example_dags/example_branch_python_dop_operator_3.py took 0.255 seconds
[2026-09-22T16:21:00.453+0000] {processor.py:161} INFO - Started process (PID=251) to work on /home/airflow/.local/lib/python3.12/site-packages/airflow/example_dags/example_branch_python_dop_operator_3.py
[2026-09-22T16:21:00.454+0000] {processor.py:830} INFO - Processing file /home/airflow/.local/lib/python3.12/site-packages/airflow/example_dags/example_branch_python_dop_operator_3.py for tasks to queue
[2026-09-22T16:21:00.457+0000] {logging_mixin.py:188} INFO - [2026-09-22T16:21:00.457+0000] {dagbag.py:545} INFO - Filling up the DagBag from /home/airflow/.local/lib/python3.12/site-packages/airflow/example_dags/example_branch_python_dop_operator_3.py
[2026-09-22T16:21:00.468+0000] {processor.py:840} INFO - DAG(s) 'example_branch_dop_operator_v3' retrieved from /home/airflow/.local/lib/python3.12/site-packages/airflow/example_dags/example_branch_python_dop_operator_3.py
[2026-09-22T16:21:00.493+0000] {logging_mixin.py:188} INFO - [2026-09-22T16:21:00.493+0000] {dag.py:3089} INFO - Sync 1 DAGs
[2026-09-22T16:21:00.525+0000] {logging_mixin.py:188} INFO - [2026-09-22T16:21:00.525+0000] {dag.py:3947} INFO - Setting next_dagrun for example_branch_dop_operator_v3 to 2026-09-22 16:20:00+00:00, run_after=2026-09-22 16:21:00+00:00
[2026-09-22T16:21:00.613+0000] {processor.py:183} INFO - Processing /home/airflow/.local/lib/python3.12/site-packages/airflow/example_dags/example_branch_python_dop_operator_3.py took 0.168 seconds
[2026-09-22T16:21:30.943+0000] {processor.py:161} INFO - Started process (PID=309) to work on /home/airflow/.local/lib/python3.12/site-packages/airflow/example_dags/example_branch_python_dop_operator_3.py
[2026-09-22T16:21:30.944+0000] {processor.py:830} INFO - Processing file /home/airflow/.local/lib/python3.12/site-packages/airflow/example_dags/example_branch_python_dop_operator_3.py for tasks to queue
[2026-09-22T16:21:30.947+0000] {logging_mixin.py:188} INFO - [2026-09-22T16:21:30.946+0000] {dagbag.py:545} INFO - Filling up the DagBag from /home/airflow/.local/lib/python3.12/site-packages/airflow/example_dags/example_branch_python_dop_operator_3.py
[2026-09-22T16:21:30.959+0000] {processor.py:840} INFO - DAG(s) 'example_branch_dop_operator_v3' retrieved from /home/airflow/.local/lib/python3.12/site-packages/airflow/example_dags/example_branch_python_dop_operator_3.py
[2026-09-22T16:21:30.982+0000] {logging_mixin.py:188} INFO - [2026-09-22T16:21:30.982+0000] {dag.py:3089} INFO - Sync 1 DAGs
[2026-09-22T16:21:31.015+0000] {logging_mixin.py:188} INFO - [2026-09-22T16:21:31.015+0000] {dag.py:3947} INFO - Setting next_dagrun for example_branch_dop_operator_v3 to 2026-09-22 16:20:00+00:00, run_after=2026-09-22 16:21:00+00:00
[2026-09-22T16:21:31.091+0000] {processor.py:183} INFO - Processing /home/airflow/.local/lib/python3.12/site-packages/airflow/example_dags/example_branch_python_dop_operator_3.py took 0.157 seconds
[2026-09-22T16:22:01.185+0000] {processor.py:161} INFO - Started process (PID=367) to work on /home/airflow/.local/lib/python3.12/site-packages/airflow/example_dags/example_branch_python_dop_operator_3.py
[2026-09-22T16:22:01.187+0000] {processor.py:830} INFO - Processing file /home/airflow/.local/lib/python3.12/site-packages/airflow/example_dags/example_branch_python_dop_operator_3.py for tasks to queue
[2026-09-22T16:22:01.189+0000] {logging_mixin.py:188} INFO - [2026-09-22T16:22:01.189+0000] {dagbag.py:545} INFO - Filling up the DagBag from /home/airflow/.local/lib/python3.12/site-packages/airflow/example_dags/example_branch_python_dop_operator_3.py
[2026-09-22T16:22:01.201+0000] {processor.py:840} INFO - DAG(s) 'example_branch_dop_operator_v3' retrieved from /home/airflow/.local/lib/python3.12/site-packages/airflow/example_dags/example_branch_python_dop_operator_3.py
[2026-09-22T16:22:01.227+0000] {logging_mixin.py:188} INFO - [2026-09-22T16:22:01.226+0000] {dag.py:3089} INFO - Sync 1 DAGs
[2026-09-22T16:22:01.259+0000] {logging_mixin.py:188} INFO - [2026-09-22T16:22:01.259+0000] {dag.py:3947} INFO - Setting next_dagrun for example_branch_dop_operator_v3 to 2026-09-22 16:21:00+00:00, run_after=2026-09-22 16:22:00+00:00
[2026-09-22T16:22:01.287+0000] {processor.py:183} INFO - Processing /home/airflow/.local/lib/python3.12/site-packages/airflow/example_dags/example_branch_python_dop_operator_3.py took 0.113 seconds
[2026-09-22T16:22:31.863+0000] {processor.py:161} INFO - Started process (PID=425) to work on /home/airflow/.local/lib/python3.12/site-packages/airflow/example_dags/example_branch_python_dop_operator_3.py
[2026-09-22T16:22:31.864+0000] {processor.py:830} INFO - Processing file /home/airflow/.local/lib/python3.12/site-packages/airflow/example_dags/example_branch_python_dop_operator_3.py for tasks to queue
[2026-09-22T16:22:31.868+0000] {logging_mixin.py:188} INFO - [2026-09-22T16:22:31.867+0000] {dagbag.py:545} INFO - Filling up the DagBag from /home/airflow/.local/lib/python3.12/site-packages/airflow/example_dags/example_branch_python_dop_operator_3.py
[2026-09-22T16:22:31.889+0000] {processor.py:840} INFO - DAG(s) 'example_branch_dop_operator_v3' retrieved from /home/airflow/.local/lib/python3.12/site-packages/airflow/example_dags/example_branch_python_dop_operator_3.py
[2026-09-22T16:22:31.926+0000] {logging_mixin.py:188} INFO - [2026-09-22T16:22:31.926+0000] {dag.py:3089} INFO - Sync 1 DAGs
[2026-09-22T16:22:31.969+0000] {logging_mixin.py:188} INFO - [2026-09-22T16:22:31.968+0000] {dag.py:3947} INFO - Setting next_dagrun for example_branch_dop_operator_v3 to 2026-09-22 16:21:00+00:00, run_after=2026-09-22 16:22:00+00:00
[2026-09-22T16:22:32.012+0000] {processor.py:183} INFO - Processing /home/airflow/.local/lib/python3.12/site-packages/airflow/example_dags/example_branch_python_dop_operator_3.py took 0.159 seconds
[2026-09-22T16:23:02.413+0000] {processor.py:161} INFO - Started process (PID=483) to work on /home/airflow/.local/lib/python3.12/site-packages/airflow/example_dags/example_branch_python_dop_operator_3.py
[2026-09-22T16:23:02.415+0000] {processor.py:830} INFO - Processing file /home/airflow/.local/lib/python3.12/site-packages/airflow/example_dags/example_branch_python_dop_operator_3.py for tasks to queue
[2026-09-22T16:23:02.418+0000] {logging_mixin.py:188} INFO - [2026-09-22T16:23:02.417+0000] {dagbag.py:545} INFO - Filling up the DagBag from /home/airflow/.local/lib/python3.12/site-packages/airflow/example_dags/example_branch_python_dop_operator_3.py
[2026-09-22T16:23:02.430+0000] {processor.py:840} INFO - DAG(s) 'example_branch_dop_operator_v3' retrieved from /home/airflow/.local/lib/python3.12/site-packages/airflow/example_dags/example_branch_python_dop_operator_3.py
[2026-09-22T16:23:02.458+0000] {logging_mixin.py:188} INFO - [2026-09-22T16:23:02.458+0000] {dag.py:3089} INFO - Sync 1 DAGs
[2026-09-22T16:23:02.491+0000] {logging_mixin.py:188} INFO - [2026-09-22T16:23:02.491+0000] {dag.py:3947} INFO - Setting next_dagrun for example_branch_dop_operator_v3 to 2026-09-22 16:22:00+00:00, run_after=2026-09-22 16:23:00+00:00
[2026-09-22T16:23:02.575+0000] {processor.py:183} INFO - Processing /home/airflow/.local/lib/python3.12/site-packages/airflow/example_dags/example_branch_python_dop_operator_3.py took 0.169 seconds
[2026-09-22T16:23:32.810+0000] {processor.py:161} INFO - Started process (PID=541) to work on /home/airflow/.local/lib/python3.12/site-packages/airflow/example_dags/example_branch_python_dop_operator_3.py
[2026-09-22T16:23:32.812+0000] {processor.py:830} INFO - Processing file /home/airflow/.local/lib/python3.12/site-packages/airflow/example_dags/example_branch_python_dop_operator_3.py for tasks to queue
[2026-09-22T16:23:32.815+0000] {logging_mixin.py:188} INFO - [2026-09-22T16:23:32.815+0000] {dagbag.py:545} INFO - Filling up the DagBag from /home/airflow/.local/lib/python3.12/site-packages/airflow/example_dags/example_branch_python_dop_operator_3.py
[2026-09-22T16:23:32.829+0000] {processor.py:840} INFO - DAG(s) 'example_branch_dop_operator_v3' retrieved from /home/airflow/.local/lib/python3.12/site-packages/airflow/example_dags/example_branch_python_dop_operator_3.py
[2026-09-22T16:23:32.858+0000] {logging_mixin.py:188} INFO - [2026-09-22T16:23:32.857+0000] {dag.py:3089} INFO - Sync 1 DAGs
[2026-09-22T16:23:32.890+0000] {logging_mixin.py:188} INFO - [2026-09-22T16:23:32.890+0000] {dag.py:3947} INFO - Setting next_dagrun for example_branch_dop_operator_v3 to 2026-09-22 16:22:00+00:00, run_after=2026-09-22 16:23:00+00:00
[2026-09-22T16:23:32.980+0000] {processor.py:183} INFO - Processing /home/airflow/.local/lib/python3.12/site-packages/airflow/example_dags/example_branch_python_dop_operator_3.py took 0.180 seconds
[2026-09-22T16:24:03.184+0000] {processor.py:161} INFO - Started process (PID=599) to work on /home/airflow/.local/lib/python3.12/site-packages/airflow/example_dags/example_branch_python_dop_operator_3.py
[2026-09-22T16:24:03.186+0000] {processor.py:830} INFO - Processing file /home/airflow/.local/lib/python3.12/site-packages/airflow/example_dags/example_branch_python_dop_operator_3.py for tasks to queue
[2026-09-22T16:24:03.189+0000] {logging_mixin.py:188} INFO - [2026-09-22T16:24:03.189+0000] {dagbag.py:545} INFO - Filling up the DagBag from /home/airflow/.local/lib/python3.12/site-packages/airflow/example_dags/example_branch_python_dop_operator_3.py
[2026-09-22T16:24:03.200+0000] {processor.py:840} INFO - DAG(s) 'example_branch_dop_operator_v3' retrieved from /home/airflow/.local/lib/python3.12/site-packages/airflow/example_dags/example_branch_python_dop_operator_3.py
[2026-09-22T16:24:03.226+0000] {logging_mixin.py:188} INFO - [2026-09-22T16:24:03.225+0000] {dag.py:3089} INFO - Sync 1 DAGs
[2026-09-22T16:24:03.256+0000] {logging_mixin.py:188} INFO - [2026-09-22T16:24:03.255+0000] {dag.py:3947} INFO - Setting next_dagrun for example_branch_dop_operator_v3 to 2026-09-22 16:23:00+00:00, run_after=2026-09-22 16:24:00+00:00
[2026-09-22T16:24:03.333+0000] {processor.py:183} INFO - Processing /home/airflow/.local/lib/python3.12/site-packages/airflow/example_dags/example_branch_python_dop_operator_3.py took 0.156 seconds
[2026-09-22T16:24:33.514+0000] {processor.py:161} INFO - Started process (PID=657) to work on /home/airflow/.local/lib/python3.12/site-packages/airflow/example_dags/example_branch_python_dop_operator_3.py
[2026-09-22T16:24:33.516+0000] {processor.py:830} INFO - Processing file /home/airflow/.local/lib/python3.12/site-packages/airflow/example_dags/example_branch_python_dop_operator_3.py for tasks to queue
[2026-09-22T16:24:33.519+0000] {logging_mixin.py:188} INFO - [2026-09-22T16:24:33.518+0000] {dagbag.py:545} INFO - Filling up the DagBag from /home/airflow/.local/lib/python3.12/site-packages/airflow/example_dags/example_branch_python_dop_operator_3.py
[2026-09-22T16:24:33.529+0000] {processor.py:840} INFO - DAG(s) 'example_branch_dop_operator_v3' retrieved from /home/airflow/.local/lib/python3.12/site-packages/airflow/example_dags/example_branch_python_dop_operator_3.py
[2026-09-22T16:24:33.556+0000] {logging_mixin.py:188} INFO - [2026-09-22T16:24:33.556+0000] {dag.py:3089} INFO - Sync 1 DAGs
[2026-09-22T16:24:33.596+0000] {logging_mixin.py:188} INFO - [2026-09-22T16:24:33.596+0000] {dag.py:3947} INFO - Setting next_dagrun for example_branch_dop_operator_v3 to 2026-09-22 16:23:00+00:00, run_after=2026-09-22 16:24:00+00:00
[2026-09-22T16:24:33.689+0000] {processor.py:183} INFO - Processing /home/airflow/.local/lib/python3.12/site-packages/airflow/example_dags/example_branch_python_dop_operator_3.py took 0.182 seconds
[2026-09-22T16:25:04.062+0000] {processor.py:161} INFO - Started process (PID=715) to work on /home/airflow/.local/lib/python3.12/site-packages/airflow/example_dags/example_branch_python_dop_operator_3.py
[2026-09-22T16:25:04.064+0000] {processor.py:830} INFO - Processing file /home/airflow/.local/lib/python3.12/site-packages/airflow/example_dags/example_branch_python_dop_operator_3.py for tasks to queue
[2026-09-22T16:25:04.067+0000] {logging_mixin.py:188} INFO - [2026-09-22T16:25:04.066+0000] {dagbag.py:545} INFO - Filling up the DagBag from /home/airflow/.local/lib/python3.12/site-packages/airflow/example_dags/example_branch_python_dop_operator_3.py
[2026-09-22T16:25:04.082+0000] {processor.py:840} INFO - DAG(s) 'example_branch_dop_operator_v3' retrieved from /home/airflow/.local/lib/python3.12/site-packages/airflow/example_dags/example_branch_python_dop_operator_3.py
[2026-09-22T16:25:04.110+0000] {logging_mixin.py:188} INFO - [2026-09-22T16:25:04.110+0000] {dag.py:3089} INFO - Sync 1 DAGs
[2026-09-22T16:25:04.144+0000] {logging_mixin.py:188} INFO - [2026-09-22T16:25:04.143+0000] {dag.py:3947} INFO - Setting next_dagrun for example_branch_dop_operator_v3 to 2026-09-22 16:24:00+00:00, run_after=2026-09-22 16:25:00+00:00
[2026-09-22T16:25:04.173+0000] {processor.py:183} INFO - Processing /home/airflow/.local/lib/python3.12/site-packages/airflow/example_dags/example_branch_python_dop_operator_3.py took 0.118 seconds
[2026-09-22T16:25:34.477+0000] {processor.py:161} INFO - Started process (PID=773) to work on /home/airflow/.local/lib/python3.12/site-packages/airflow/example_dags/example_branch_python_dop_operator_3.py
[2026-09-22T16:25:34.478+0000] {processor.py:830} INFO - Processing file /home/airflow/.local/lib/python3.12/site-packages/airflow/example_dags/example_branch_python_dop_operator_3.py for tasks to queue
[2026-09-22T16:25:34.481+0000] {logging_mixin.py:188} INFO - [2026-09-22T16:25:34.480+0000] {dagbag.py:545} INFO - Filling up the DagBag from /home/airflow/.local/lib/python3.12/site-packages/airflow/example_dags/example_branch_python_dop_operator_3.py
[2026-09-22T16:25:34.492+0000] {processor.py:840} INFO - DAG(s) 'example_branch_dop_operator_v3' retrieved from /home/airflow/.local/lib/python3.12/site-packages/airflow/example_dags/example_branch_python_dop_operator_3.py
[2026-09-22T16:25:34.516+0000] {logging_mixin.py:188} INFO - [2026-09-22T16:25:34.516+0000] {dag.py:3089} INFO - Sync 1 DAGs
[2026-09-22T16:25:34.544+0000] {logging_mixin.py:188} INFO - [2026-09-22T16:25:34.544+0000] {dag.py:3947} INFO - Setting next_dagrun for example_branch_dop_operator_v3 to 2026-09-22 16:24:00+00:00, run_after=2026-09-22 16:25:00+00:00
[2026-09-22T16:25:34.567+0000] {processor.py:183} INFO - Processing /home/airflow/.local/lib/python3.12/site-packages/airflow/example_dags/example_branch_python_dop_operator_3.py took 0.097 seconds
[2026-09-22T16:26:04.870+0000] {processor.py:161} INFO - Started process (PID=831) to work on /home/airflow/.local/lib/python3.12/site-packages/airflow/example_dags/example_branch_python_dop_operator_3.py
[2026-09-22T16:26:04.872+0000] {processor.py:830} INFO - Processing file /home/airflow/.local/lib/python3.12/site-packages/airflow/example_dags/example_branch_python_dop_operator_3.py for tasks to queue
[2026-09-22T16:26:04.875+0000] {logging_mixin.py:188} INFO - [2026-09-22T16:26:04.874+0000] {dagbag.py:545} INFO - Filling up the DagBag from /home/airflow/.local/lib/python3.12/site-packages/airflow/example_dags/example_branch_python_dop_operator_3.py
[2026-09-22T16:26:04.888+0000] {processor.py:840} INFO - DAG(s) 'example_branch_dop_operator_v3' retrieved from /home/airflow/.local/lib/python3.12/site-packages/airflow/example_dags/example_branch_python_dop_operator_3.py
[2026-09-22T16:26:04.916+0000] {logging_mixin.py:188} INFO - [2026-09-22T16:26:04.915+0000] {dag.py:3089} INFO - Sync 1 DAGs
[2026-09-22T16:26:04.948+0000] {logging_mixin.py:188} INFO - [2026-09-22T16:26:04.948+0000] {dag.py:3947} INFO - Setting next_dagrun for example_branch_dop_operator_v3 to 2026-09-22 16:25:00+00:00, run_after=2026-09-22 16:26:00+00:00
[2026-09-22T16:26:05.028+0000] {processor.py:183} INFO - Processing /home/airflow/.local/lib/python3.12/site-packages/airflow/example_dags/example_branch_python_dop_operator_3.py took 0.168 seconds
[2026-09-22T16:26:35.339+0000] {processor.py:161} INFO - Started process (PID=889) to work on /home/airflow/.local/lib/python3.12/site-packages/airflow/example_dags/example_branch_python_dop_operator_3.py
[2026-09-22T16:26:35.340+0000] {processor.py:830} INFO - Processing file /home/airflow/.local/lib/python3.12/site-packages/airflow/example_dags/example_branch_python_dop_operator_3.py for tasks to queue
[2026-09-22T16:26:35.343+0000] {logging_mixin.py:188} INFO - [2026-09-22T16:26:35.342+0000] {dagbag.py:545} INFO - Filling up the DagBag from /home/airflow/.local/lib/python3.12/site-packages/airflow/example_dags/example_branch_python_dop_operator_3.py
[2026-09-22T16:26:35.354+0000] {processor.py:840} INFO - DAG(s) 'example_branch_dop_operator_v3' retrieved from /home/airflow/.local/lib/python3.12/site-packages/airflow/example_dags/example_branch_python_dop_operator_3.py
[2026-09-22T16:26:35.381+0000] {logging_mixin.py:188} INFO - [2026-09-22T16:26:35.381+0000] {dag.py:3089} INFO - Sync 1 DAGs
[2026-09-22T16:26:35.411+0000] {logging_mixin.py:188} INFO - [2026-09-22T16:26:35.410+0000] {dag.py:3947} INFO - Setting next_dagrun for example_branch_dop_operator_v3 to 2026-09-22 16:25:00+00:00, run_after=2026-09-22 16:26:00+00:00
[2026-09-22T16:26:35.441+0000] {processor.py:183} INFO - Processing /home/airflow/.local/lib/python3.12/site-packages/airflow/example_dags/example_branch_python_dop_operator_3.py took 0.110 seconds
[2026-09-22T16:27:05.738+0000] {processor.py:161} INFO - Started process (PID=947) to work on /home/airflow/.local/lib/python3.12/site-packages/airflow/example_dags/example_branch_python_dop_operator_3.py
[2026-09-22T16:27:05.740+0000] {processor.py:830} INFO - Processing file /home/airflow/.local/lib/python3.12/site-packages/airflow/example_dags/example_branch_python_dop_operator_3.py for tasks to queue
[2026-09-22T16:27:05.745+0000] {logging_mixin.py:188} INFO - [2026-09-22T16:27:05.744+0000] {dagbag.py:545} INFO - Filling up the DagBag from /home/airflow/.local/lib/python3.12/site-packages/airflow/example_dags/example_branch_python_dop_operator_3.py
[2026-09-22T16:27:05.756+0000] {processor.py:840} INFO - DAG(s) 'example_branch_dop_operator_v3' retrieved from /home/airflow/.local/lib/python3.12/site-packages/airflow/example_dags/example_branch_python_dop_operator_3.py
[2026-09-22T16:27:05.779+0000] {logging_mixin.py:188} INFO - [2026-09-22T16:27:05.779+0000] {dag.py:3089} INFO - Sync 1 DAGs
[2026-09-22T16:27:05.809+0000] {logging_mixin.py:188} INFO - [2026-09-22T16:27:05.808+0000] {dag.py:3947} INFO - Setting next_dagrun for example_branch_dop_operator_v3 to 2026-09-22 16:26:00+00:00, run_after=2026-09-22 16:27:00+00:00
[2026-09-22T16:27:05.899+0000] {processor.py:183} INFO - Processing /home/airflow/.local/lib/python3.12/site-packages/airflow/example_dags/example_branch_python_dop_operator_3.py took 0.171 seconds
[2026-09-22T16:27:36.773+0000] {processor.py:161} INFO - Started process (PID=1005) to work on /home/airflow/.local/lib/python3.12/site-packages/airflow/example_dags/example_branch_python_dop_operator_3.py
[2026-09-22T16:27:36.775+0000] {processor.py:830} INFO - Processing file /home/airflow/.local/lib/python3.12/site-packages/airflow/example_dags/example_branch_python_dop_operator_3.py for tasks to queue
[2026-09-22T16:27:36.778+0000] {logging_mixin.py:188} INFO - [2026-09-22T16:27:36.777+0000] {dagbag.py:545} INFO - Filling up the DagBag from /home/airflow/.local/lib/python3.12/site-packages/airflow/example_dags/example_branch_python_dop_operator_3.py
[2026-09-22T16:27:36.791+0000] {processor.py:840} INFO - DAG(s) 'example_branch_dop_operator_v3' retrieved from /home/airflow/.local/lib/python3.12/site-packages/airflow/example_dags/example_branch_python_dop_operator_3.py
[2026-09-22T16:27:36.826+0000] {logging_mixin.py:188} INFO - [2026-09-22T16:27:36.826+0000] {dag.py:3089} INFO - Sync 1 DAGs
[2026-09-22T16:27:36.863+0000] {logging_mixin.py:188} INFO - [2026-09-22T16:27:36.863+0000] {dag.py:3947} INFO - Setting next_dagrun for example_branch_dop_operator_v3 to 2026-09-22 16:26:00+00:00, run_after=2026-09-22 16:27:00+00:00
[2026-09-22T16:27:36.944+0000] {processor.py:183} INFO - Processing /home/airflow/.local/lib/python3.12/site-packages/airflow/example_dags/example_branch_python_dop_operator_3.py took 0.180 seconds
[2026-09-22T16:28:07.377+0000] {processor.py:161} INFO - Started process (PID=1063) to work on /home/airflow/.local/lib/python3.12/site-packages/airflow/example_dags/example_branch_python_dop_operator_3.py
[2026-09-22T16:28:07.379+0000] {processor.py:830} INFO - Processing file /home/airflow/.local/lib/python3.12/site-packages/airflow/example_dags/example_branch_python_dop_operator_3.py for tasks to queue
[2026-09-22T16:28:07.383+0000] {logging_mixin.py:188} INFO - [2026-09-22T16:28:07.382+0000] {dagbag.py:545} INFO - Filling up the DagBag from /home/airflow/.local/lib/python3.12/site-packages/airflow/example_dags/example_branch_python_dop_operator_3.py
[2026-09-22T16:28:07.399+0000] {processor.py:840} INFO - DAG(s) 'example_branch_dop_operator_v3' retrieved from /home/airflow/.local/lib/python3.12/site-packages/airflow/example_dags/example_branch_python_dop_operator_3.py
[2026-09-22T16:28:07.431+0000] {logging_mixin.py:188} INFO - [2026-09-22T16:28:07.430+0000] {dag.py:3089} INFO - Sync 1 DAGs
[2026-09-22T16:28:07.459+0000] {logging_mixin.py:188} INFO - [2026-09-22T16:28:07.459+0000] {dag.py:3947} INFO - Setting next_dagrun for example_branch_dop_operator_v3 to 2026-09-22 16:27:00+00:00, run_after=2026-09-22 16:28:00+00:00
[2026-09-22T16:28:07.547+0000] {processor.py:183} INFO - Processing /home/airflow/.local/lib/python3.12/site-packages/airflow/example_dags/example_branch_python_dop_operator_3.py took 0.180 seconds
[2026-09-22T16:28:38.457+0000] {processor.py:161} INFO - Started process (PID=1121) to work on /home/airflow/.local/lib/python3.12/site-packages/airflow/example_dags/example_branch_python_dop_operator_3.py
[2026-09-22T16:28:38.459+0000] {processor.py:830} INFO - Processing file /home/airflow/.local/lib/python3.12/site-packages/airflow/example_dags/example_branch_python_dop_operator_3.py for tasks to queue
[2026-09-22T16:28:38.461+0000] {logging_mixin.py:188} INFO - [2026-09-22T16:28:38.461+0000] {dagbag.py:545} INFO - Filling up the DagBag from /home/airflow/.local/lib/python3.12/site-packages/airflow/example_dags/example_branch_python_dop_operator_3.py
[2026-09-22T16:28:38.472+0000] {processor.py:840} INFO - DAG(s) 'example_branch_dop_operator_v3' retrieved from /home/airflow/.local/lib/python3.12/site-packages/airflow/example_dags/example_branch_python_dop_operator_3.py
[2026-09-22T16:28:38.497+0000] {logging_mixin.py:188} INFO - [2026-09-22T16:28:38.496+0000] {dag.py:3089} INFO - Sync 1 DAGs
[2026-09-22T16:28:38.537+0000] {logging_mixin.py:188} INFO - [2026-09-22T16:28:38.536+0000] {dag.py:3947} INFO - Setting next_dagrun for example_branch_dop_operator_v3 to 2026-09-22 16:27:00+00:00, run_after=2026-09-22 16:28:00+00:00
[2026-09-22T16:28:38.623+0000] {processor.py:183} INFO - Processing /home/airflow/.local/lib/python3.12/site-packages/airflow/example_dags/example_branch_python_dop_operator_3.py took 0.173 seconds
[2026-09-22T16:29:09.144+0000] {processor.py:161} INFO - Started process (PID=1179) to work on /home/airflow/.local/lib/python3.12/site-packages/airflow/example_dags/example_branch_python_dop_operator_3.py
[2026-09-22T16:29:09.146+0000] {processor.py:830} INFO - Processing file /home/airflow/.local/lib/python3.12/site-packages/airflow/example_dags/example_branch_python_dop_operator_3.py for tasks to queue
[2026-09-22T16:29:09.149+0000] {logging_mixin.py:188} INFO - [2026-09-22T16:29:09.148+0000] {dagbag.py:545} INFO - Filling up the DagBag from /home/airflow/.local/lib/python3.12/site-packages/airflow/example_dags/example_branch_python_dop_operator_3.py
[2026-09-22T16:29:09.161+0000] {processor.py:840} INFO - DAG(s) 'example_branch_dop_operator_v3' retrieved from /home/airflow/.local/lib/python3.12/site-packages/airflow/example_dags/example_branch_python_dop_operator_3.py
[2026-09-22T16:29:09.187+0000] {logging_mixin.py:188} INFO - [2026-09-22T16:29:09.186+0000] {dag.py:3089} INFO - Sync 1 DAGs
[2026-09-22T16:29:09.224+0000] {logging_mixin.py:188} INFO - [2026-09-22T16:29:09.224+0000] {dag.py:3947} INFO - Setting next_dagrun for example_branch_dop_operator_v3 to 2026-09-22 16:28:00+00:00, run_after=2026-09-22 16:29:00+00:00
[2026-09-22T16:29:09.258+0000] {processor.py:183} INFO - Processing /home/airflow/.local/lib/python3.12/site-packages/airflow/example_dags/example_branch_python_dop_operator_3.py took 0.121 seconds
[2026-09-22T16:29:39.742+0000] {processor.py:161} INFO - Started process (PID=1236) to work on /home/airflow/.local/lib/python3.12/site-packages/airflow/example_dags/example_branch_python_dop_operator_3.py
[2026-09-22T16:29:39.743+0000] {processor.py:830} INFO - Processing file /home/airflow/.local/lib/python3.12/site-packages/airflow/example_dags/example_branch_python_dop_operator_3.py for tasks to queue
[2026-09-22T16:29:39.747+0000] {logging_mixin.py:188} INFO - [2026-09-22T16:29:39.746+0000] {dagbag.py:545} INFO - Filling up the DagBag from /home/airflow/.local/lib/python3.12/site-packages/airflow/example_dags/example_branch_python_dop_operator_3.py
[2026-09-22T16:29:39.760+0000] {processor.py:840} INFO - DAG(s) 'example_branch_dop_operator_v3' retrieved from /home/airflow/.local/lib/python3.12/site-packages/airflow/example_dags/example_branch_python_dop_operator_3.py
[2026-09-22T16:29:39.783+0000] {logging_mixin.py:188} INFO - [2026-09-22T16:29:39.783+0000] {dag.py:3089} INFO - Sync 1 DAGs
[2026-09-22T16:29:39.813+0000] {logging_mixin.py:188} INFO - [2026-09-22T16:29:39.813+0000] {dag.py:3947} INFO - Setting next_dagrun for example_branch_dop_operator_v3 to 2026-09-22 16:28:00+00:00, run_after=2026-09-22 16:29:00+00:00
[2026-09-22T16:29:39.845+0000] {processor.py:183} INFO - Processing /home/airflow/.local/lib/python3.12/site-packages/airflow/example_dags/example_branch_python_dop_operator_3.py took 0.110 seconds
[2026-09-22T16:30:10.721+0000] {processor.py:161} INFO - Started process (PID=1294) to work on /home/airflow/.local/lib/python3.12/site-packages/airflow/example_dags/example_branch_python_dop_operator_3.py
[2026-09-22T16:30:10.722+0000] {processor.py:830} INFO - Processing file /home/airflow/.local/lib/python3.12/site-packages/airflow/example_dags/example_branch_python_dop_operator_3.py for tasks to queue
[2026-09-22T16:30:10.725+0000] {logging_mixin.py:188} INFO - [2026-09-22T16:30:10.724+0000] {dagbag.py:545} INFO - Filling up the DagBag from /home/airflow/.local/lib/python3.12/site-packages/airflow/example_dags/example_branch_python_dop_operator_3.py
[2026-09-22T16:30:10.736+0000] {processor.py:840} INFO - DAG(s) 'example_branch_dop_operator_v3' retrieved from /home/airflow/.local/lib/python3.12/site-packages/airflow/example_dags/example_branch_python_dop_operator_3.py
[2026-09-22T16:30:10.760+0000] {logging_mixin.py:188} INFO - [2026-09-22T16:30:10.759+0000] {dag.py:3089} INFO - Sync 1 DAGs
[2026-09-22T16:30:10.792+0000] {logging_mixin.py:188} INFO - [2026-09-22T16:30:10.792+0000] {dag.py:3947} INFO - Setting next_dagrun for example_branch_dop_operator_v3 to 2026-09-22 16:29:00+00:00, run_after=2026-09-22 16:30:00+00:00
[2026-09-22T16:30:10.884+0000] {processor.py:183} INFO - Processing /home/airflow/.local/lib/python3.12/site-packages/airflow/example_dags/example_branch_python_dop_operator_3.py took 0.171 seconds
[2026-09-22T16:30:41.521+0000] {processor.py:161} INFO - Started process (PID=1352) to work on /home/airflow/.local/lib/python3.12/site-packages/airflow/example_dags/example_branch_python_dop_operator_3.py
[2026-09-22T16:30:41.523+0000] {processor.py:830} INFO - Processing file /home/airflow/.local/lib/python3.12/site-packages/airflow/example_dags/example_branch_python_dop_operator_3.py for tasks to queue
[2026-09-22T16:30:41.526+0000] {logging_mixin.py:188} INFO - [2026-09-22T16:30:41.525+0000] {dagbag.py:545} INFO - Filling up the DagBag from /home/airflow/.local/lib/python3.12/site-packages/airflow/example_dags/example_branch_python_dop_operator_3.py
[2026-09-22T16:30:41.543+0000] {processor.py:840} INFO - DAG(s) 'example_branch_dop_operator_v3' retrieved from /home/airflow/.local/lib/python3.12/site-packages/airflow/example_dags/example_branch_python_dop_operator_3.py
[2026-09-22T16:30:41.576+0000] {logging_mixin.py:188} INFO - [2026-09-22T16:30:41.575+0000] {dag.py:3089} INFO - Sync 1 DAGs
[2026-09-22T16:30:41.607+0000] {logging_mixin.py:188} INFO - [2026-09-22T16:30:41.606+0000] {dag.py:3947} INFO - Setting next_dagrun for example_branch_dop_operator_v3 to 2026-09-22 16:29:00+00:00, run_after=2026-09-22 16:30:00+00:00
[2026-09-22T16:30:41.642+0000] {processor.py:183} INFO - Processing /home/airflow/.local/lib/python3.12/site-packages/airflow/example_dags/example_branch_python_dop_operator_3.py took 0.137 seconds
[2026-09-22T16:31:11.936+0000] {processor.py:161} INFO - Started process (PID=1410) to work on /home/airflow/.local/lib/python3.12/site-packages/airflow/example_dags/example_branch_python_dop_operator_3.py
[2026-09-22T16:31:11.937+0000] {processor.py:830} INFO - Processing file /home/airflow/.local/lib/python3.12/site-packages/airflow/example_dags/example_branch_python_dop_operator_3.py for tasks to queue
[2026-09-22T16:31:11.940+0000] {logging_mixin.py:188} INFO - [2026-09-22T16:31:11.940+0000] {dagbag.py:545} INFO - Filling up the DagBag from /home/airflow/.local/lib/python3.12/site-packages/airflow/example_dags/example_branch_python_dop_operator_3.py
[2026-09-22T16:31:11.961+0000] {processor.py:840} INFO - DAG(s) 'example_branch_dop_operator_v3' retrieved from /home/airflow/.local/lib/python3.12/site-packages/airflow/example_dags/example_branch_python_dop_operator_3.py
[2026-09-22T16:31:12.004+0000] {logging_mixin.py:188} INFO - [2026-09-22T16:31:12.004+0000] {dag.py:3089} INFO - Sync 1 DAGs
[2026-09-22T16:31:12.060+0000] {logging_mixin.py:188} INFO - [2026-09-22T16:31:12.060+0000] {dag.py:3947} INFO - Setting next_dagrun for example_branch_dop_operator_v3 to 2026-09-22 16:30:00+00:00, run_after=2026-09-22 16:31:00+00:00
[2026-09-22T16:31:12.155+0000] {processor.py:183} INFO - Processing /home/airflow/.local/lib/python3.12/site-packages/airflow/example_dags/example_branch_python_dop_operator_3.py took 0.235 seconds
[2026-09-22T16:31:42.426+0000] {processor.py:161} INFO - Started process (PID=1468) to work on /home/airflow/.local/lib/python3.12/site-packages/airflow/example_dags/example_branch_python_dop_operator_3.py
[2026-09-22T16:31:42.427+0000] {processor.py:830} INFO - Processing file /home/airflow/.local/lib/python3.12/site-packages/airflow/example_dags/example_branch_python_dop_operator_3.py for tasks to queue
[2026-09-22T16:31:42.431+0000] {logging_mixin.py:188} INFO - [2026-09-22T16:31:42.430+0000] {dagbag.py:545} INFO - Filling up the DagBag from /home/airflow/.local/lib/python3.12/site-packages/airflow/example_dags/example_branch_python_dop_operator_3.py
[2026-09-22T16:31:42.448+0000] {processor.py:840} INFO - DAG(s) 'example_branch_dop_operator_v3' retrieved from /home/airflow/.local/lib/python3.12/site-packages/airflow/example_dags/example_branch_python_dop_operator_3.py
[2026-09-22T16:31:42.488+0000] {logging_mixin.py:188} INFO - [2026-09-22T16:31:42.488+0000] {dag.py:3089} INFO - Sync 1 DAGs
[2026-09-22T16:31:42.574+0000] {logging_mixin.py:188} INFO - [2026-09-22T16:31:42.573+0000] {dag.py:3947} INFO - Setting next_dagrun for example_branch_dop_operator_v3 to 2026-09-22 16:30:00+00:00, run_after=2026-09-22 16:31:00+00:00
[2026-09-22T16:31:42.650+0000] {processor.py:183} INFO - Processing /home/airflow/.local/lib/python3.12/site-packages/airflow/example_dags/example_branch_python_dop_operator_3.py took 0.233 seconds
[2026-09-22T16:32:13.628+0000] {processor.py:161} INFO - Started process (PID=1526) to work on /home/airflow/.local/lib/python3.12/site-packages/airflow/example_dags/example_branch_python_dop_operator_3.py
[2026-09-22T16:32:13.630+0000] {processor.py:830} INFO - Processing file /home/airflow/.local/lib/python3.12/site-packages/airflow/example_dags/example_branch_python_dop_operator_3.py for tasks to queue
[2026-09-22T16:32:13.634+0000] {logging_mixin.py:188} INFO - [2026-09-22T16:32:13.633+0000] {dagbag.py:545} INFO - Filling up the DagBag from /home/airflow/.local/lib/python3.12/site-packages/airflow/example_dags/example_branch_python_dop_operator_3.py
[2026-09-22T16:32:13.649+0000] {processor.py:840} INFO - DAG(s) 'example_branch_dop_operator_v3' retrieved from /home/airflow/.local/lib/python3.12/site-packages/airflow/example_dags/example_branch_python_dop_operator_3.py
[2026-09-22T16:32:13.693+0000] {logging_mixin.py:188} INFO - [2026-09-22T16:32:13.693+0000] {dag.py:3089} INFO - Sync 1 DAGs
[2026-09-22T16:32:13.782+0000] {logging_mixin.py:188} INFO - [2026-09-22T16:32:13.781+0000] {dag.py:3947} INFO - Setting next_dagrun for example_branch_dop_operator_v3 to 2026-09-22 16:31:00+00:00, run_after=2026-09-22 16:32:00+00:00
[2026-09-22T16:32:13.898+0000] {processor.py:183} INFO - Processing /home/airflow/.local/lib/python3.12/site-packages/airflow/example_dags/example_branch_python_dop_operator_3.py took 0.284 seconds
[2026-09-22T16:32:44.574+0000] {processor.py:161} INFO - Started process (PID=1584) to work on /home/airflow/.local/lib/python3.12/site-packages/airflow/example_dags/example_branch_python_dop_operator_3.py
[2026-09-22T16:32:44.577+0000] {processor.py:830} INFO - Processing file /home/airflow/.local/lib/python3.12/site-packages/airflow/example_dags/example_branch_python_dop_operator_3.py for tasks to queue
[2026-09-22T16:32:44.581+0000] {logging_mixin.py:188} INFO - [2026-09-22T16:32:44.580+0000] {dagbag.py:545} INFO - Filling up the DagBag from /home/airflow/.local/lib/python3.12/site-packages/airflow/example_dags/example_branch_python_dop_operator_3.py
[2026-09-22T16:32:44.599+0000] {processor.py:840} INFO - DAG(s) 'example_branch_dop_operator_v3' retrieved from /home/airflow/.local/lib/python3.12/site-packages/airflow/example_dags/example_branch_python_dop_operator_3.py
[2026-09-22T16:32:44.638+0000] {logging_mixin.py:188} INFO - [2026-09-22T16:32:44.638+0000] {dag.py:3089} INFO - Sync 1 DAGs
[2026-09-22T16:32:44.681+0000] {logging_mixin.py:188} INFO - [2026-09-22T16:32:44.681+0000] {dag.py:3947} INFO - Setting next_dagrun for example_branch_dop_operator_v3 to 2026-09-22 16:31:00+00:00, run_after=2026-09-22 16:32:00+00:00
[2026-09-22T16:32:44.722+0000] {processor.py:183} INFO - Processing /home/airflow/.local/lib/python3.12/site-packages/airflow/example_dags/example_branch_python_dop_operator_3.py took 0.159 seconds
[2026-09-22T16:33:15.044+0000] {processor.py:161} INFO - Started process (PID=1642) to work on /home/airflow/.local/lib/python3.12/site-packages/airflow/example_dags/example_branch_python_dop_operator_3.py
[2026-09-22T16:33:15.045+0000] {processor.py:830} INFO - Processing file /home/airflow/.local/lib/python3.12/site-packages/airflow/example_dags/example_branch_python_dop_operator_3.py for tasks to queue
[2026-09-22T16:33:15.049+0000] {logging_mixin.py:188} INFO - [2026-09-22T16:33:15.048+0000] {dagbag.py:545} INFO - Filling up the DagBag from /home/airflow/.local/lib/python3.12/site-packages/airflow/example_dags/example_branch_python_dop_operator_3.py
[2026-09-22T16:33:15.063+0000] {processor.py:840} INFO - DAG(s) 'example_branch_dop_operator_v3' retrieved from /home/airflow/.local/lib/python3.12/site-packages/airflow/example_dags/example_branch_python_dop_operator_3.py
[2026-09-22T16:33:15.093+0000] {logging_mixin.py:188} INFO - [2026-09-22T16:33:15.093+0000] {dag.py:3089} INFO - Sync 1 DAGs
[2026-09-22T16:33:15.125+0000] {logging_mixin.py:188} INFO - [2026-09-22T16:33:15.125+0000] {dag.py:3947} INFO - Setting next_dagrun for example_branch_dop_operator_v3 to 2026-09-22 16:32:00+00:00, run_after=2026-09-22 16:33:00+00:00
[2026-09-22T16:33:15.215+0000] {processor.py:183} INFO - Processing /home/airflow/.local/lib/python3.12/site-packages/airflow/example_dags/example_branch_python_dop_operator_3.py took 0.180 seconds
[2026-09-22T16:33:45.448+0000] {processor.py:161} INFO - Started process (PID=1700) to work on /home/airflow/.local/lib/python3.12/site-packages/airflow/example_dags/example_branch_python_dop_operator_3.py
[2026-09-22T16:33:45.450+0000] {processor.py:830} INFO - Processing file /home/airflow/.local/lib/python3.12/site-packages/airflow/example_dags/example_branch_python_dop_operator_3.py for tasks to queue
[2026-09-22T16:33:45.456+0000] {logging_mixin.py:188} INFO - [2026-09-22T16:33:45.455+0000] {dagbag.py:545} INFO - Filling up the DagBag from /home/airflow/.local/lib/python3.12/site-packages/airflow/example_dags/example_branch_python_dop_operator_3.py
[2026-09-22T16:33:45.471+0000] {processor.py:840} INFO - DAG(s) 'example_branch_dop_operator_v3' retrieved from /home/airflow/.local/lib/python3.12/site-packages/airflow/example_dags/example_branch_python_dop_operator_3.py
[2026-09-22T16:33:45.516+0000] {logging_mixin.py:188} INFO - [2026-09-22T16:33:45.515+0000] {dag.py:3089} INFO - Sync 1 DAGs
[2026-09-22T16:33:45.567+0000] {logging_mixin.py:188} INFO - [2026-09-22T16:33:45.567+0000] {dag.py:3947} INFO - Setting next_dagrun for example_branch_dop_operator_v3 to 2026-09-22 16:32:00+00:00, run_after=2026-09-22 16:33:00+00:00
[2026-09-22T16:33:45.623+0000] {processor.py:183} INFO - Processing /home/airflow/.local/lib/python3.12/site-packages/airflow/example_dags/example_branch_python_dop_operator_3.py took 0.183 seconds
[2026-09-22T16:34:15.697+0000] {processor.py:161} INFO - Started process (PID=1758) to work on /home/airflow/.local/lib/python3.12/site-packages/airflow/example_dags/example_branch_python_dop_operator_3.py
[2026-09-22T16:34:15.698+0000] {processor.py:830} INFO - Processing file /home/airflow/.local/lib/python3.12/site-packages/airflow/example_dags/example_branch_python_dop_operator_3.py for tasks to queue
[2026-09-22T16:34:15.702+0000] {logging_mixin.py:188} INFO - [2026-09-22T16:34:15.701+0000] {dagbag.py:545} INFO - Filling up the DagBag from /home/airflow/.local/lib/python3.12/site-packages/airflow/example_dags/example_branch_python_dop_operator_3.py
[2026-09-22T16:34:15.713+0000] {processor.py:840} INFO - DAG(s) 'example_branch_dop_operator_v3' retrieved from /home/airflow/.local/lib/python3.12/site-packages/airflow/example_dags/example_branch_python_dop_operator_3.py
[2026-09-22T16:34:15.742+0000] {logging_mixin.py:188} INFO - [2026-09-22T16:34:15.741+0000] {dag.py:3089} INFO - Sync 1 DAGs
[2026-09-22T16:34:15.776+0000] {logging_mixin.py:188} INFO - [2026-09-22T16:34:15.775+0000] {dag.py:3947} INFO - Setting next_dagrun for example_branch_dop_operator_v3 to 2026-09-22 16:33:00+00:00, run_after=2026-09-22 16:34:00+00:00
[2026-09-22T16:34:15.873+0000] {processor.py:183} INFO - Processing /home/airflow/.local/lib/python3.12/site-packages/airflow/example_dags/example_branch_python_dop_operator_3.py took 0.183 seconds
[2026-09-22T16:34:46.231+0000] {processor.py:161} INFO - Started process (PID=1816) to work on /home/airflow/.local/lib/python3.12/site-packages/airflow/example_dags/example_branch_python_dop_operator_3.py
[2026-09-22T16:34:46.234+0000] {processor.py:830} INFO - Processing file /home/airflow/.local/lib/python3.12/site-packages/airflow/example_dags/example_branch_python_dop_operator_3.py for tasks to queue
[2026-09-22T16:34:46.237+0000] {logging_mixin.py:188} INFO - [2026-09-22T16:34:46.236+0000] {dagbag.py:545} INFO - Filling up the DagBag from /home/airflow/.local/lib/python3.12/site-packages/airflow/example_dags/example_branch_python_dop_operator_3.py
[2026-09-22T16:34:46.249+0000] {processor.py:840} INFO - DAG(s) 'example_branch_dop_operator_v3' retrieved from /home/airflow/.local/lib/python3.12/site-packages/airflow/example_dags/example_branch_python_dop_operator_3.py
[2026-09-22T16:34:46.278+0000] {logging_mixin.py:188} INFO - [2026-09-22T16:34:46.277+0000] {dag.py:3089} INFO - Sync 1 DAGs
[2026-09-22T16:34:46.304+0000] {logging_mixin.py:188} INFO - [2026-09-22T16:34:46.304+0000] {dag.py:3947} INFO - Setting next_dagrun for example_branch_dop_operator_v3 to 2026-09-22 16:33:00+00:00, run_after=2026-09-22 16:34:00+00:00
[2026-09-22T16:34:46.334+0000] {processor.py:183} INFO - Processing /home/airflow/.local/lib/python3.12/site-packages/airflow/example_dags/example_branch_python_dop_operator_3.py took 0.111 seconds
[2026-09-22T16:35:16.685+0000] {processor.py:161} INFO - Started process (PID=1874) to work on /home/airflow/.local/lib/python3.12/site-packages/airflow/example_dags/example_branch_python_dop_operator_3.py
[2026-09-22T16:35:16.687+0000] {processor.py:830} INFO - Processing file /home/airflow/.local/lib/python3.12/site-packages/airflow/example_dags/example_branch_python_dop_operator_3.py for tasks to queue
[2026-09-22T16:35:16.690+0000] {logging_mixin.py:188} INFO - [2026-09-22T16:35:16.690+0000] {dagbag.py:545} INFO - Filling up the DagBag from /home/airflow/.local/lib/python3.12/site-packages/airflow/example_dags/example_branch_python_dop_operator_3.py
[2026-09-22T16:35:16.704+0000] {processor.py:840} INFO - DAG(s) 'example_branch_dop_operator_v3' retrieved from /home/airflow/.local/lib/python3.12/site-packages/airflow/example_dags/example_branch_python_dop_operator_3.py
[2026-09-22T16:35:16.733+0000] {logging_mixin.py:188} INFO - [2026-09-22T16:35:16.732+0000] {dag.py:3089} INFO - Sync 1 DAGs
[2026-09-22T16:35:16.773+0000] {logging_mixin.py:188} INFO - [2026-09-22T16:35:16.773+0000] {dag.py:3947} INFO - Setting next_dagrun for example_branch_dop_operator_v3 to 2026-09-22 16:34:00+00:00, run_after=2026-09-22 16:35:00+00:00
[2026-09-22T16:35:16.861+0000] {processor.py:183} INFO - Processing /home/airflow/.local/lib/python3.12/site-packages/airflow/example_dags/example_branch_python_dop_operator_3.py took 0.184 seconds
[2026-09-22T16:35:47.052+0000] {processor.py:161} INFO - Started process (PID=1932) to work on /home/airflow/.local/lib/python3.12/site-packages/airflow/example_dags/example_branch_python_dop_operator_3.py
[2026-09-22T16:35:47.054+0000] {processor.py:830} INFO - Processing file /home/airflow/.local/lib/python3.12/site-packages/airflow/example_dags/example_branch_python_dop_operator_3.py for tasks to queue
[2026-09-22T16:35:47.058+0000] {logging_mixin.py:188} INFO - [2026-09-22T16:35:47.057+0000] {dagbag.py:545} INFO - Filling up the DagBag from /home/airflow/.local/lib/python3.12/site-packages/airflow/example_dags/example_branch_python_dop_operator_3.py
[2026-09-22T16:35:47.071+0000] {processor.py:840} INFO - DAG(s) 'example_branch_dop_operator_v3' retrieved from /home/airflow/.local/lib/python3.12/site-packages/airflow/example_dags/example_branch_python_dop_operator_3.py
[2026-09-22T16:35:47.105+0000] {logging_mixin.py:188} INFO - [2026-09-22T16:35:47.104+0000] {dag.py:3089} INFO - Sync 1 DAGs
[2026-09-22T16:35:47.152+0000] {logging_mixin.py:188} INFO - [2026-09-22T16:35:47.152+0000] {dag.py:3947} INFO - Setting next_dagrun for example_branch_dop_operator_v3 to 2026-09-22 16:34:00+00:00, run_after=2026-09-22 16:35:00+00:00
[2026-09-22T16:35:47.237+0000] {processor.py:183} INFO - Processing /home/airflow/.local/lib/python3.12/site-packages/airflow/example_dags/example_branch_python_dop_operator_3.py took 0.193 seconds
[2026-09-22T16:36:17.860+0000] {processor.py:161} INFO - Started process (PID=1990) to work on /home/airflow/.local/lib/python3.12/site-packages/airflow/example_dags/example_branch_python_dop_operator_3.py
[2026-09-22T16:36:17.862+0000] {processor.py:830} INFO - Processing file /home/airflow/.local/lib/python3.12/site-packages/airflow/example_dags/example_branch_python_dop_operator_3.py for tasks to queue
[2026-09-22T16:36:17.867+0000] {logging_mixin.py:188} INFO - [2026-09-22T16:36:17.865+0000] {dagbag.py:545} INFO - Filling up the DagBag from /home/airflow/.local/lib/python3.12/site-packages/airflow/example_dags/example_branch_python_dop_operator_3.py
[2026-09-22T16:36:17.884+0000] {processor.py:840} INFO - DAG(s) 'example_branch_dop_operator_v3' retrieved from /home/airflow/.local/lib/python3.12/site-packages/airflow/example_dags/example_branch_python_dop_operator_3.py
[2026-09-22T16:36:17.918+0000] {logging_mixin.py:188} INFO - [2026-09-22T16:36:17.917+0000] {dag.py:3089} INFO - Sync 1 DAGs
[2026-09-22T16:36:17.951+0000] {logging_mixin.py:188} INFO - [2026-09-22T16:36:17.951+0000] {dag.py:3947} INFO - Setting next_dagrun for example_branch_dop_operator_v3 to 2026-09-22 16:35:00+00:00, run_after=2026-09-22 16:36:00+00:00
[2026-09-22T16:36:18.175+0000] {processor.py:183} INFO - Processing /home/airflow/.local/lib/python3.12/site-packages/airflow/example_dags/example_branch_python_dop_operator_3.py took 0.323 seconds
[2026-09-22T16:36:48.845+0000] {processor.py:161} INFO - Started process (PID=2048) to work on /home/airflow/.local/lib/python3.12/site-packages/airflow/example_dags/example_branch_python_dop_operator_3.py
[2026-09-22T16:36:48.847+0000] {processor.py:830} INFO - Processing file /home/airflow/.local/lib/python3.12/site-packages/airflow/example_dags/example_branch_python_dop_operator_3.py for tasks to queue
[2026-09-22T16:36:48.852+0000] {logging_mixin.py:188} INFO - [2026-09-22T16:36:48.851+0000] {dagbag.py:545} INFO - Filling up the DagBag from /home/airflow/.local/lib/python3.12/site-packages/airflow/example_dags/example_branch_python_dop_operator_3.py
[2026-09-22T16:36:48.869+0000] {processor.py:840} INFO - DAG(s) 'example_branch_dop_operator_v3' retrieved from /home/airflow/.local/lib/python3.12/site-packages/airflow/example_dags/example_branch_python_dop_operator_3.py
[2026-09-22T16:36:48.905+0000] {logging_mixin.py:188} INFO - [2026-09-22T16:36:48.905+0000] {dag.py:3089} INFO - Sync 1 DAGs
[2026-09-22T16:36:48.969+0000] {logging_mixin.py:188} INFO - [2026-09-22T16:36:48.969+0000] {dag.py:3947} INFO - Setting next_dagrun for example_branch_dop_operator_v3 to 2026-09-22 16:35:00+00:00, run_after=2026-09-22 16:36:00+00:00
[2026-09-22T16:36:49.002+0000] {processor.py:183} INFO - Processing /home/airflow/.local/lib/python3.12/site-packages/airflow/example_dags/example_branch_python_dop_operator_3.py took 0.167 seconds
[2026-09-22T16:37:20.114+0000] {processor.py:161} INFO - Started process (PID=2106) to work on /home/airflow/.local/lib/python3.12/site-packages/airflow/example_dags/example_branch_python_dop_operator_3.py
[2026-09-22T16:37:20.115+0000] {processor.py:830} INFO - Processing file /home/airflow/.local/lib/python3.12/site-packages/airflow/example_dags/example_branch_python_dop_operator_3.py for tasks to queue
[2026-09-22T16:37:20.119+0000] {logging_mixin.py:188} INFO - [2026-09-22T16:37:20.119+0000] {dagbag.py:545} INFO - Filling up the DagBag from /home/airflow/.local/lib/python3.12/site-packages/airflow/example_dags/example_branch_python_dop_operator_3.py
[2026-09-22T16:37:20.130+0000] {processor.py:840} INFO - DAG(s) 'example_branch_dop_operator_v3' retrieved from /home/airflow/.local/lib/python3.12/site-packages/airflow/example_dags/example_branch_python_dop_operator_3.py
[2026-09-22T16:37:20.160+0000] {logging_mixin.py:188} INFO - [2026-09-22T16:37:20.159+0000] {dag.py:3089} INFO - Sync 1 DAGs
[2026-09-22T16:37:20.199+0000] {logging_mixin.py:188} INFO - [2026-09-22T16:37:20.199+0000] {dag.py:3947} INFO - Setting next_dagrun for example_branch_dop_operator_v3 to 2026-09-22 16:36:00+00:00, run_after=2026-09-22 16:37:00+00:00
[2026-09-22T16:37:20.231+0000] {processor.py:183} INFO - Processing /home/airflow/.local/lib/python3.12/site-packages/airflow/example_dags/example_branch_python_dop_operator_3.py took 0.125 seconds
[2026-09-22T16:37:51.197+0000] {processor.py:161} INFO - Started process (PID=2162) to work on /home/airflow/.local/lib/python3.12/site-packages/airflow/example_dags/example_branch_python_dop_operator_3.py
[2026-09-22T16:37:51.199+0000] {processor.py:830} INFO - Processing file /home/airflow/.local/lib/python3.12/site-packages/airflow/example_dags/example_branch_python_dop_operator_3.py for tasks to queue
[2026-09-22T16:37:51.203+0000] {logging_mixin.py:188} INFO - [2026-09-22T16:37:51.203+0000] {dagbag.py:545} INFO - Filling up the DagBag from /home/airflow/.local/lib/python3.12/site-packages/airflow/example_dags/example_branch_python_dop_operator_3.py
[2026-09-22T16:37:51.220+0000] {processor.py:840} INFO - DAG(s) 'example_branch_dop_operator_v3' retrieved from /home/airflow/.local/lib/python3.12/site-packages/airflow/example_dags/example_branch_python_dop_operator_3.py
[2026-09-22T16:37:51.253+0000] {logging_mixin.py:188} INFO - [2026-09-22T16:37:51.253+0000] {dag.py:3089} INFO - Sync 1 DAGs
[2026-09-22T16:37:51.439+0000] {logging_mixin.py:188} INFO - [2026-09-22T16:37:51.439+0000] {dag.py:3947} INFO - Setting next_dagrun for example_branch_dop_operator_v3 to 2026-09-22 16:36:00+00:00, run_after=2026-09-22 16:37:00+00:00
[2026-09-22T16:37:51.489+0000] {processor.py:183} INFO - Processing /home/airflow/.local/lib/python3.12/site-packages/airflow/example_dags/example_branch_python_dop_operator_3.py took 0.300 seconds
[2026-09-22T16:38:22.013+0000] {processor.py:161} INFO - Started process (PID=2220) to work on /home/airflow/.local/lib/python3.12/site-packages/airflow/example_dags/example_branch_python_dop_operator_3.py
[2026-09-22T16:38:22.015+0000] {processor.py:830} INFO - Processing file /home/airflow/.local/lib/python3.12/site-packages/airflow/example_dags/example_branch_python_dop_operator_3.py for tasks to queue
[2026-09-22T16:38:22.018+0000] {logging_mixin.py:188} INFO - [2026-09-22T16:38:22.018+0000] {dagbag.py:545} INFO - Filling up the DagBag from /home/airflow/.local/lib/python3.12/site-packages/airflow/example_dags/example_branch_python_dop_operator_3.py
[2026-09-22T16:38:22.030+0000] {processor.py:840} INFO - DAG(s) 'example_branch_dop_operator_v3' retrieved from /home/airflow/.local/lib/python3.12/site-packages/airflow/example_dags/example_branch_python_dop_operator_3.py
[2026-09-22T16:38:22.056+0000] {logging_mixin.py:188} INFO - [2026-09-22T16:38:22.056+0000] {dag.py:3089} INFO - Sync 1 DAGs
[2026-09-22T16:38:22.085+0000] {logging_mixin.py:188} INFO - [2026-09-22T16:38:22.085+0000] {dag.py:3947} INFO - Setting next_dagrun for example_branch_dop_operator_v3 to 2026-09-22 16:37:00+00:00, run_after=2026-09-22 16:38:00+00:00
[2026-09-22T16:38:22.371+0000] {processor.py:183} INFO - Processing /home/airflow/.local/lib/python3.12/site-packages/airflow/example_dags/example_branch_python_dop_operator_3.py took 0.365 seconds
[2026-09-22T16:41:46.138+0000] {processor.py:161} INFO - Started process (PID=79) to work on /home/airflow/.local/lib/python3.12/site-packages/airflow/example_dags/example_branch_python_dop_operator_3.py
[2026-09-22T16:41:46.140+0000] {processor.py:830} INFO - Processing file /home/airflow/.local/lib/python3.12/site-packages/airflow/example_dags/example_branch_python_dop_operator_3.py for tasks to queue
[2026-09-22T16:41:46.143+0000] {logging_mixin.py:188} INFO - [2026-09-22T16:41:46.142+0000] {dagbag.py:545} INFO - Filling up the DagBag from /home/airflow/.local/lib/python3.12/site-packages/airflow/example_dags/example_branch_python_dop_operator_3.py
[2026-09-22T16:41:46.159+0000] {processor.py:840} INFO - DAG(s) 'example_branch_dop_operator_v3' retrieved from /home/airflow/.local/lib/python3.12/site-packages/airflow/example_dags/example_branch_python_dop_operator_3.py
[2026-09-22T16:41:46.354+0000] {logging_mixin.py:188} INFO - [2026-09-22T16:41:46.353+0000] {dag.py:3089} INFO - Sync 1 DAGs
[2026-09-22T16:41:46.396+0000] {logging_mixin.py:188} INFO - [2026-09-22T16:41:46.396+0000] {dag.py:3947} INFO - Setting next_dagrun for example_branch_dop_operator_v3 to 2026-09-22 16:40:00+00:00, run_after=2026-09-22 16:41:00+00:00
[2026-09-22T16:41:46.435+0000] {processor.py:183} INFO - Processing /home/airflow/.local/lib/python3.12/site-packages/airflow/example_dags/example_branch_python_dop_operator_3.py took 0.307 seconds
[2026-09-22T16:42:17.178+0000] {processor.py:161} INFO - Started process (PID=137) to work on /home/airflow/.local/lib/python3.12/site-packages/airflow/example_dags/example_branch_python_dop_operator_3.py
[2026-09-22T16:42:17.179+0000] {processor.py:830} INFO - Processing file /home/airflow/.local/lib/python3.12/site-packages/airflow/example_dags/example_branch_python_dop_operator_3.py for tasks to queue
[2026-09-22T16:42:17.185+0000] {logging_mixin.py:188} INFO - [2026-09-22T16:42:17.184+0000] {dagbag.py:545} INFO - Filling up the DagBag from /home/airflow/.local/lib/python3.12/site-packages/airflow/example_dags/example_branch_python_dop_operator_3.py
[2026-09-22T16:42:17.202+0000] {processor.py:840} INFO - DAG(s) 'example_branch_dop_operator_v3' retrieved from /home/airflow/.local/lib/python3.12/site-packages/airflow/example_dags/example_branch_python_dop_operator_3.py
[2026-09-22T16:42:17.249+0000] {logging_mixin.py:188} INFO - [2026-09-22T16:42:17.249+0000] {dag.py:3089} INFO - Sync 1 DAGs
[2026-09-22T16:42:17.305+0000] {logging_mixin.py:188} INFO - [2026-09-22T16:42:17.304+0000] {dag.py:3947} INFO - Setting next_dagrun for example_branch_dop_operator_v3 to 2026-09-22 16:41:00+00:00, run_after=2026-09-22 16:42:00+00:00
[2026-09-22T16:42:17.361+0000] {processor.py:183} INFO - Processing /home/airflow/.local/lib/python3.12/site-packages/airflow/example_dags/example_branch_python_dop_operator_3.py took 0.192 seconds
[2026-09-22T16:43:46.931+0000] {processor.py:161} INFO - Started process (PID=79) to work on /home/airflow/.local/lib/python3.12/site-packages/airflow/example_dags/example_branch_python_dop_operator_3.py
[2026-09-22T16:43:46.934+0000] {processor.py:830} INFO - Processing file /home/airflow/.local/lib/python3.12/site-packages/airflow/example_dags/example_branch_python_dop_operator_3.py for tasks to queue
[2026-09-22T16:43:46.938+0000] {logging_mixin.py:188} INFO - [2026-09-22T16:43:46.938+0000] {dagbag.py:545} INFO - Filling up the DagBag from /home/airflow/.local/lib/python3.12/site-packages/airflow/example_dags/example_branch_python_dop_operator_3.py
[2026-09-22T16:43:46.958+0000] {processor.py:840} INFO - DAG(s) 'example_branch_dop_operator_v3' retrieved from /home/airflow/.local/lib/python3.12/site-packages/airflow/example_dags/example_branch_python_dop_operator_3.py
[2026-09-22T16:43:47.085+0000] {logging_mixin.py:188} INFO - [2026-09-22T16:43:47.085+0000] {dag.py:3089} INFO - Sync 1 DAGs
[2026-09-22T16:43:47.113+0000] {logging_mixin.py:188} INFO - [2026-09-22T16:43:47.113+0000] {dag.py:3947} INFO - Setting next_dagrun for example_branch_dop_operator_v3 to 2026-09-22 16:42:00+00:00, run_after=2026-09-22 16:43:00+00:00
[2026-09-22T16:43:47.190+0000] {processor.py:183} INFO - Processing /home/airflow/.local/lib/python3.12/site-packages/airflow/example_dags/example_branch_python_dop_operator_3.py took 0.271 seconds
[2026-09-22T16:44:17.800+0000] {processor.py:161} INFO - Started process (PID=136) to work on /home/airflow/.local/lib/python3.12/site-packages/airflow/example_dags/example_branch_python_dop_operator_3.py
[2026-09-22T16:44:17.802+0000] {processor.py:830} INFO - Processing file /home/airflow/.local/lib/python3.12/site-packages/airflow/example_dags/example_branch_python_dop_operator_3.py for tasks to queue
[2026-09-22T16:44:17.805+0000] {logging_mixin.py:188} INFO - [2026-09-22T16:44:17.805+0000] {dagbag.py:545} INFO - Filling up the DagBag from /home/airflow/.local/lib/python3.12/site-packages/airflow/example_dags/example_branch_python_dop_operator_3.py
[2026-09-22T16:44:17.821+0000] {processor.py:840} INFO - DAG(s) 'example_branch_dop_operator_v3' retrieved from /home/airflow/.local/lib/python3.12/site-packages/airflow/example_dags/example_branch_python_dop_operator_3.py
[2026-09-22T16:44:17.856+0000] {logging_mixin.py:188} INFO - [2026-09-22T16:44:17.856+0000] {dag.py:3089} INFO - Sync 1 DAGs
[2026-09-22T16:44:17.905+0000] {logging_mixin.py:188} INFO - [2026-09-22T16:44:17.904+0000] {dag.py:3947} INFO - Setting next_dagrun for example_branch_dop_operator_v3 to 2026-09-22 16:43:00+00:00, run_after=2026-09-22 16:44:00+00:00
[2026-09-22T16:44:17.960+0000] {processor.py:183} INFO - Processing /home/airflow/.local/lib/python3.12/site-packages/airflow/example_dags/example_branch_python_dop_operator_3.py took 0.170 seconds
[2026-09-22T16:44:48.838+0000] {processor.py:161} INFO - Started process (PID=200) to work on /home/airflow/.local/lib/python3.12/site-packages/airflow/example_dags/example_branch_python_dop_operator_3.py
[2026-09-22T16:44:48.842+0000] {processor.py:830} INFO - Processing file /home/airflow/.local/lib/python3.12/site-packages/airflow/example_dags/example_branch_python_dop_operator_3.py for tasks to queue
[2026-09-22T16:44:48.850+0000] {logging_mixin.py:188} INFO - [2026-09-22T16:44:48.849+0000] {dagbag.py:545} INFO - Filling up the DagBag from /home/airflow/.local/lib/python3.12/site-packages/airflow/example_dags/example_branch_python_dop_operator_3.py
[2026-09-22T16:44:48.874+0000] {processor.py:840} INFO - DAG(s) 'example_branch_dop_operator_v3' retrieved from /home/airflow/.local/lib/python3.12/site-packages/airflow/example_dags/example_branch_python_dop_operator_3.py
[2026-09-22T16:44:48.920+0000] {logging_mixin.py:188} INFO - [2026-09-22T16:44:48.920+0000] {dag.py:3089} INFO - Sync 1 DAGs
[2026-09-22T16:44:48.975+0000] {logging_mixin.py:188} INFO - [2026-09-22T16:44:48.974+0000] {dag.py:3947} INFO - Setting next_dagrun for example_branch_dop_operator_v3 to 2026-09-22 16:43:00+00:00, run_after=2026-09-22 16:44:00+00:00
[2026-09-22T16:44:49.001+0000] {processor.py:183} INFO - Processing /home/airflow/.local/lib/python3.12/site-packages/airflow/example_dags/example_branch_python_dop_operator_3.py took 0.182 seconds
[2026-09-22T16:45:19.262+0000] {processor.py:161} INFO - Started process (PID=258) to work on /home/airflow/.local/lib/python3.12/site-packages/airflow/example_dags/example_branch_python_dop_operator_3.py
[2026-09-22T16:45:19.264+0000] {processor.py:830} INFO - Processing file /home/airflow/.local/lib/python3.12/site-packages/airflow/example_dags/example_branch_python_dop_operator_3.py for tasks to queue
[2026-09-22T16:45:19.267+0000] {logging_mixin.py:188} INFO - [2026-09-22T16:45:19.267+0000] {dagbag.py:545} INFO - Filling up the DagBag from /home/airflow/.local/lib/python3.12/site-packages/airflow/example_dags/example_branch_python_dop_operator_3.py
[2026-09-22T16:45:19.284+0000] {processor.py:840} INFO - DAG(s) 'example_branch_dop_operator_v3' retrieved from /home/airflow/.local/lib/python3.12/site-packages/airflow/example_dags/example_branch_python_dop_operator_3.py
[2026-09-22T16:45:19.318+0000] {logging_mixin.py:188} INFO - [2026-09-22T16:45:19.318+0000] {dag.py:3089} INFO - Sync 1 DAGs
[2026-09-22T16:45:19.361+0000] {logging_mixin.py:188} INFO - [2026-09-22T16:45:19.361+0000] {dag.py:3947} INFO - Setting next_dagrun for example_branch_dop_operator_v3 to 2026-09-22 16:44:00+00:00, run_after=2026-09-22 16:45:00+00:00
[2026-09-22T16:45:19.460+0000] {processor.py:183} INFO - Processing /home/airflow/.local/lib/python3.12/site-packages/airflow/example_dags/example_branch_python_dop_operator_3.py took 0.206 seconds
[2026-09-22T16:45:50.192+0000] {processor.py:161} INFO - Started process (PID=316) to work on /home/airflow/.local/lib/python3.12/site-packages/airflow/example_dags/example_branch_python_dop_operator_3.py
[2026-09-22T16:45:50.194+0000] {processor.py:830} INFO - Processing file /home/airflow/.local/lib/python3.12/site-packages/airflow/example_dags/example_branch_python_dop_operator_3.py for tasks to queue
[2026-09-22T16:45:50.199+0000] {logging_mixin.py:188} INFO - [2026-09-22T16:45:50.198+0000] {dagbag.py:545} INFO - Filling up the DagBag from /home/airflow/.local/lib/python3.12/site-packages/airflow/example_dags/example_branch_python_dop_operator_3.py
[2026-09-22T16:45:50.217+0000] {processor.py:840} INFO - DAG(s) 'example_branch_dop_operator_v3' retrieved from /home/airflow/.local/lib/python3.12/site-packages/airflow/example_dags/example_branch_python_dop_operator_3.py
[2026-09-22T16:45:50.252+0000] {logging_mixin.py:188} INFO - [2026-09-22T16:45:50.252+0000] {dag.py:3089} INFO - Sync 1 DAGs
[2026-09-22T16:45:50.298+0000] {logging_mixin.py:188} INFO - [2026-09-22T16:45:50.297+0000] {dag.py:3947} INFO - Setting next_dagrun for example_branch_dop_operator_v3 to 2026-09-22 16:44:00+00:00, run_after=2026-09-22 16:45:00+00:00
[2026-09-22T16:45:50.337+0000] {processor.py:183} INFO - Processing /home/airflow/.local/lib/python3.12/site-packages/airflow/example_dags/example_branch_python_dop_operator_3.py took 0.157 seconds
[2026-09-22T16:46:20.549+0000] {processor.py:161} INFO - Started process (PID=374) to work on /home/airflow/.local/lib/python3.12/site-packages/airflow/example_dags/example_branch_python_dop_operator_3.py
[2026-09-22T16:46:20.551+0000] {processor.py:830} INFO - Processing file /home/airflow/.local/lib/python3.12/site-packages/airflow/example_dags/example_branch_python_dop_operator_3.py for tasks to queue
[2026-09-22T16:46:20.555+0000] {logging_mixin.py:188} INFO - [2026-09-22T16:46:20.555+0000] {dagbag.py:545} INFO - Filling up the DagBag from /home/airflow/.local/lib/python3.12/site-packages/airflow/example_dags/example_branch_python_dop_operator_3.py
[2026-09-22T16:46:20.574+0000] {processor.py:840} INFO - DAG(s) 'example_branch_dop_operator_v3' retrieved from /home/airflow/.local/lib/python3.12/site-packages/airflow/example_dags/example_branch_python_dop_operator_3.py
[2026-09-22T16:46:20.610+0000] {logging_mixin.py:188} INFO - [2026-09-22T16:46:20.610+0000] {dag.py:3089} INFO - Sync 1 DAGs
[2026-09-22T16:46:20.657+0000] {logging_mixin.py:188} INFO - [2026-09-22T16:46:20.657+0000] {dag.py:3947} INFO - Setting next_dagrun for example_branch_dop_operator_v3 to 2026-09-22 16:45:00+00:00, run_after=2026-09-22 16:46:00+00:00
[2026-09-22T16:46:20.748+0000] {processor.py:183} INFO - Processing /home/airflow/.local/lib/python3.12/site-packages/airflow/example_dags/example_branch_python_dop_operator_3.py took 0.211 seconds
[2026-09-22T16:46:51.763+0000] {processor.py:161} INFO - Started process (PID=432) to work on /home/airflow/.local/lib/python3.12/site-packages/airflow/example_dags/example_branch_python_dop_operator_3.py
[2026-09-22T16:46:51.765+0000] {processor.py:830} INFO - Processing file /home/airflow/.local/lib/python3.12/site-packages/airflow/example_dags/example_branch_python_dop_operator_3.py for tasks to queue
[2026-09-22T16:46:51.768+0000] {logging_mixin.py:188} INFO - [2026-09-22T16:46:51.768+0000] {dagbag.py:545} INFO - Filling up the DagBag from /home/airflow/.local/lib/python3.12/site-packages/airflow/example_dags/example_branch_python_dop_operator_3.py
[2026-09-22T16:46:51.781+0000] {processor.py:840} INFO - DAG(s) 'example_branch_dop_operator_v3' retrieved from /home/airflow/.local/lib/python3.12/site-packages/airflow/example_dags/example_branch_python_dop_operator_3.py
[2026-09-22T16:46:51.810+0000] {logging_mixin.py:188} INFO - [2026-09-22T16:46:51.810+0000] {dag.py:3089} INFO - Sync 1 DAGs
[2026-09-22T16:46:51.846+0000] {logging_mixin.py:188} INFO - [2026-09-22T16:46:51.846+0000] {dag.py:3947} INFO - Setting next_dagrun for example_branch_dop_operator_v3 to 2026-09-22 16:45:00+00:00, run_after=2026-09-22 16:46:00+00:00
[2026-09-22T16:46:51.940+0000] {processor.py:183} INFO - Processing /home/airflow/.local/lib/python3.12/site-packages/airflow/example_dags/example_branch_python_dop_operator_3.py took 0.187 seconds
[2026-09-22T16:47:22.014+0000] {processor.py:161} INFO - Started process (PID=490) to work on /home/airflow/.local/lib/python3.12/site-packages/airflow/example_dags/example_branch_python_dop_operator_3.py
[2026-09-22T16:47:22.016+0000] {processor.py:830} INFO - Processing file /home/airflow/.local/lib/python3.12/site-packages/airflow/example_dags/example_branch_python_dop_operator_3.py for tasks to queue
[2026-09-22T16:47:22.020+0000] {logging_mixin.py:188} INFO - [2026-09-22T16:47:22.019+0000] {dagbag.py:545} INFO - Filling up the DagBag from /home/airflow/.local/lib/python3.12/site-packages/airflow/example_dags/example_branch_python_dop_operator_3.py
[2026-09-22T16:47:22.032+0000] {processor.py:840} INFO - DAG(s) 'example_branch_dop_operator_v3' retrieved from /home/airflow/.local/lib/python3.12/site-packages/airflow/example_dags/example_branch_python_dop_operator_3.py
[2026-09-22T16:47:22.067+0000] {logging_mixin.py:188} INFO - [2026-09-22T16:47:22.067+0000] {dag.py:3089} INFO - Sync 1 DAGs
[2026-09-22T16:47:22.145+0000] {logging_mixin.py:188} INFO - [2026-09-22T16:47:22.145+0000] {dag.py:3947} INFO - Setting next_dagrun for example_branch_dop_operator_v3 to 2026-09-22 16:46:00+00:00, run_after=2026-09-22 16:47:00+00:00
[2026-09-22T16:47:22.235+0000] {processor.py:183} INFO - Processing /home/airflow/.local/lib/python3.12/site-packages/airflow/example_dags/example_branch_python_dop_operator_3.py took 0.231 seconds
[2026-09-22T16:47:52.634+0000] {processor.py:161} INFO - Started process (PID=548) to work on /home/airflow/.local/lib/python3.12/site-packages/airflow/example_dags/example_branch_python_dop_operator_3.py
[2026-09-22T16:47:52.636+0000] {processor.py:830} INFO - Processing file /home/airflow/.local/lib/python3.12/site-packages/airflow/example_dags/example_branch_python_dop_operator_3.py for tasks to queue
[2026-09-22T16:47:52.638+0000] {logging_mixin.py:188} INFO - [2026-09-22T16:47:52.638+0000] {dagbag.py:545} INFO - Filling up the DagBag from /home/airflow/.local/lib/python3.12/site-packages/airflow/example_dags/example_branch_python_dop_operator_3.py
[2026-09-22T16:47:52.653+0000] {processor.py:840} INFO - DAG(s) 'example_branch_dop_operator_v3' retrieved from /home/airflow/.local/lib/python3.12/site-packages/airflow/example_dags/example_branch_python_dop_operator_3.py
[2026-09-22T16:47:52.684+0000] {logging_mixin.py:188} INFO - [2026-09-22T16:47:52.684+0000] {dag.py:3089} INFO - Sync 1 DAGs
[2026-09-22T16:47:52.723+0000] {logging_mixin.py:188} INFO - [2026-09-22T16:47:52.723+0000] {dag.py:3947} INFO - Setting next_dagrun for example_branch_dop_operator_v3 to 2026-09-22 16:46:00+00:00, run_after=2026-09-22 16:47:00+00:00
[2026-09-22T16:47:52.808+0000] {processor.py:183} INFO - Processing /home/airflow/.local/lib/python3.12/site-packages/airflow/example_dags/example_branch_python_dop_operator_3.py took 0.182 seconds
[2026-09-22T16:48:23.245+0000] {processor.py:161} INFO - Started process (PID=606) to work on /home/airflow/.local/lib/python3.12/site-packages/airflow/example_dags/example_branch_python_dop_operator_3.py
[2026-09-22T16:48:23.247+0000] {processor.py:830} INFO - Processing file /home/airflow/.local/lib/python3.12/site-packages/airflow/example_dags/example_branch_python_dop_operator_3.py for tasks to queue
[2026-09-22T16:48:23.255+0000] {logging_mixin.py:188} INFO - [2026-09-22T16:48:23.254+0000] {dagbag.py:545} INFO - Filling up the DagBag from /home/airflow/.local/lib/python3.12/site-packages/airflow/example_dags/example_branch_python_dop_operator_3.py
[2026-09-22T16:48:23.273+0000] {processor.py:840} INFO - DAG(s) 'example_branch_dop_operator_v3' retrieved from /home/airflow/.local/lib/python3.12/site-packages/airflow/example_dags/example_branch_python_dop_operator_3.py
[2026-09-22T16:48:23.308+0000] {logging_mixin.py:188} INFO - [2026-09-22T16:48:23.307+0000] {dag.py:3089} INFO - Sync 1 DAGs
[2026-09-22T16:48:23.351+0000] {logging_mixin.py:188} INFO - [2026-09-22T16:48:23.351+0000] {dag.py:3947} INFO - Setting next_dagrun for example_branch_dop_operator_v3 to 2026-09-22 16:47:00+00:00, run_after=2026-09-22 16:48:00+00:00
[2026-09-22T16:48:23.436+0000] {processor.py:183} INFO - Processing /home/airflow/.local/lib/python3.12/site-packages/airflow/example_dags/example_branch_python_dop_operator_3.py took 0.199 seconds
[2026-09-22T16:48:53.628+0000] {processor.py:161} INFO - Started process (PID=665) to work on /home/airflow/.local/lib/python3.12/site-packages/airflow/example_dags/example_branch_python_dop_operator_3.py
[2026-09-22T16:48:53.631+0000] {processor.py:830} INFO - Processing file /home/airflow/.local/lib/python3.12/site-packages/airflow/example_dags/example_branch_python_dop_operator_3.py for tasks to queue
[2026-09-22T16:48:53.635+0000] {logging_mixin.py:188} INFO - [2026-09-22T16:48:53.635+0000] {dagbag.py:545} INFO - Filling up the DagBag from /home/airflow/.local/lib/python3.12/site-packages/airflow/example_dags/example_branch_python_dop_operator_3.py
[2026-09-22T16:48:53.659+0000] {processor.py:840} INFO - DAG(s) 'example_branch_dop_operator_v3' retrieved from /home/airflow/.local/lib/python3.12/site-packages/airflow/example_dags/example_branch_python_dop_operator_3.py
[2026-09-22T16:48:53.720+0000] {logging_mixin.py:188} INFO - [2026-09-22T16:48:53.720+0000] {dag.py:3089} INFO - Sync 1 DAGs
[2026-09-22T16:48:53.781+0000] {logging_mixin.py:188} INFO - [2026-09-22T16:48:53.780+0000] {dag.py:3947} INFO - Setting next_dagrun for example_branch_dop_operator_v3 to 2026-09-22 16:47:00+00:00, run_after=2026-09-22 16:48:00+00:00
[2026-09-22T16:48:53.868+0000] {processor.py:183} INFO - Processing /home/airflow/.local/lib/python3.12/site-packages/airflow/example_dags/example_branch_python_dop_operator_3.py took 0.252 seconds
[2026-09-22T16:49:24.401+0000] {processor.py:161} INFO - Started process (PID=723) to work on /home/airflow/.local/lib/python3.12/site-packages/airflow/example_dags/example_branch_python_dop_operator_3.py
[2026-09-22T16:49:24.403+0000] {processor.py:830} INFO - Processing file /home/airflow/.local/lib/python3.12/site-packages/airflow/example_dags/example_branch_python_dop_operator_3.py for tasks to queue
[2026-09-22T16:49:24.408+0000] {logging_mixin.py:188} INFO - [2026-09-22T16:49:24.407+0000] {dagbag.py:545} INFO - Filling up the DagBag from /home/airflow/.local/lib/python3.12/site-packages/airflow/example_dags/example_branch_python_dop_operator_3.py
[2026-09-22T16:49:24.423+0000] {processor.py:840} INFO - DAG(s) 'example_branch_dop_operator_v3' retrieved from /home/airflow/.local/lib/python3.12/site-packages/airflow/example_dags/example_branch_python_dop_operator_3.py
[2026-09-22T16:49:24.458+0000] {logging_mixin.py:188} INFO - [2026-09-22T16:49:24.458+0000] {dag.py:3089} INFO - Sync 1 DAGs
[2026-09-22T16:49:24.495+0000] {logging_mixin.py:188} INFO - [2026-09-22T16:49:24.495+0000] {dag.py:3947} INFO - Setting next_dagrun for example_branch_dop_operator_v3 to 2026-09-22 16:48:00+00:00, run_after=2026-09-22 16:49:00+00:00
[2026-09-22T16:49:24.577+0000] {processor.py:183} INFO - Processing /home/airflow/.local/lib/python3.12/site-packages/airflow/example_dags/example_branch_python_dop_operator_3.py took 0.186 seconds
[2026-09-22T16:49:54.855+0000] {processor.py:161} INFO - Started process (PID=781) to work on /home/airflow/.local/lib/python3.12/site-packages/airflow/example_dags/example_branch_python_dop_operator_3.py
[2026-09-22T16:49:54.856+0000] {processor.py:830} INFO - Processing file /home/airflow/.local/lib/python3.12/site-packages/airflow/example_dags/example_branch_python_dop_operator_3.py for tasks to queue
[2026-09-22T16:49:54.860+0000] {logging_mixin.py:188} INFO - [2026-09-22T16:49:54.859+0000] {dagbag.py:545} INFO - Filling up the DagBag from /home/airflow/.local/lib/python3.12/site-packages/airflow/example_dags/example_branch_python_dop_operator_3.py
[2026-09-22T16:49:54.876+0000] {processor.py:840} INFO - DAG(s) 'example_branch_dop_operator_v3' retrieved from /home/airflow/.local/lib/python3.12/site-packages/airflow/example_dags/example_branch_python_dop_operator_3.py
[2026-09-22T16:49:54.915+0000] {logging_mixin.py:188} INFO - [2026-09-22T16:49:54.914+0000] {dag.py:3089} INFO - Sync 1 DAGs
[2026-09-22T16:49:54.972+0000] {logging_mixin.py:188} INFO - [2026-09-22T16:49:54.972+0000] {dag.py:3947} INFO - Setting next_dagrun for example_branch_dop_operator_v3 to 2026-09-22 16:48:00+00:00, run_after=2026-09-22 16:49:00+00:00
[2026-09-22T16:49:55.065+0000] {processor.py:183} INFO - Processing /home/airflow/.local/lib/python3.12/site-packages/airflow/example_dags/example_branch_python_dop_operator_3.py took 0.217 seconds
[2026-09-22T16:50:25.276+0000] {processor.py:161} INFO - Started process (PID=840) to work on /home/airflow/.local/lib/python3.12/site-packages/airflow/example_dags/example_branch_python_dop_operator_3.py
[2026-09-22T16:50:25.278+0000] {processor.py:830} INFO - Processing file /home/airflow/.local/lib/python3.12/site-packages/airflow/example_dags/example_branch_python_dop_operator_3.py for tasks to queue
[2026-09-22T16:50:25.283+0000] {logging_mixin.py:188} INFO - [2026-09-22T16:50:25.283+0000] {dagbag.py:545} INFO - Filling up the DagBag from /home/airflow/.local/lib/python3.12/site-packages/airflow/example_dags/example_branch_python_dop_operator_3.py
[2026-09-22T16:50:25.298+0000] {processor.py:840} INFO - DAG(s) 'example_branch_dop_operator_v3' retrieved from /home/airflow/.local/lib/python3.12/site-packages/airflow/example_dags/example_branch_python_dop_operator_3.py
[2026-09-22T16:50:25.328+0000] {logging_mixin.py:188} INFO - [2026-09-22T16:50:25.327+0000] {dag.py:3089} INFO - Sync 1 DAGs
[2026-09-22T16:50:25.365+0000] {logging_mixin.py:188} INFO - [2026-09-22T16:50:25.365+0000] {dag.py:3947} INFO - Setting next_dagrun for example_branch_dop_operator_v3 to 2026-09-22 16:49:00+00:00, run_after=2026-09-22 16:50:00+00:00
[2026-09-22T16:50:25.394+0000] {processor.py:183} INFO - Processing /home/airflow/.local/lib/python3.12/site-packages/airflow/example_dags/example_branch_python_dop_operator_3.py took 0.126 seconds
[2026-09-22T16:50:56.036+0000] {processor.py:161} INFO - Started process (PID=898) to work on /home/airflow/.local/lib/python3.12/site-packages/airflow/example_dags/example_branch_python_dop_operator_3.py
[2026-09-22T16:50:56.039+0000] {processor.py:830} INFO - Processing file /home/airflow/.local/lib/python3.12/site-packages/airflow/example_dags/example_branch_python_dop_operator_3.py for tasks to queue
[2026-09-22T16:50:56.043+0000] {logging_mixin.py:188} INFO - [2026-09-22T16:50:56.043+0000] {dagbag.py:545} INFO - Filling up the DagBag from /home/airflow/.local/lib/python3.12/site-packages/airflow/example_dags/example_branch_python_dop_operator_3.py
[2026-09-22T16:50:56.060+0000] {processor.py:840} INFO - DAG(s) 'example_branch_dop_operator_v3' retrieved from /home/airflow/.local/lib/python3.12/site-packages/airflow/example_dags/example_branch_python_dop_operator_3.py
[2026-09-22T16:50:56.102+0000] {logging_mixin.py:188} INFO - [2026-09-22T16:50:56.102+0000] {dag.py:3089} INFO - Sync 1 DAGs
[2026-09-22T16:50:56.151+0000] {logging_mixin.py:188} INFO - [2026-09-22T16:50:56.150+0000] {dag.py:3947} INFO - Setting next_dagrun for example_branch_dop_operator_v3 to 2026-09-22 16:49:00+00:00, run_after=2026-09-22 16:50:00+00:00
[2026-09-22T16:50:56.187+0000] {processor.py:183} INFO - Processing /home/airflow/.local/lib/python3.12/site-packages/airflow/example_dags/example_branch_python_dop_operator_3.py took 0.166 seconds
[2026-09-22T16:51:26.295+0000] {processor.py:161} INFO - Started process (PID=956) to work on /home/airflow/.local/lib/python3.12/site-packages/airflow/example_dags/example_branch_python_dop_operator_3.py
[2026-09-22T16:51:26.296+0000] {processor.py:830} INFO - Processing file /home/airflow/.local/lib/python3.12/site-packages/airflow/example_dags/example_branch_python_dop_operator_3.py for tasks to queue
[2026-09-22T16:51:26.303+0000] {logging_mixin.py:188} INFO - [2026-09-22T16:51:26.302+0000] {dagbag.py:545} INFO - Filling up the DagBag from /home/airflow/.local/lib/python3.12/site-packages/airflow/example_dags/example_branch_python_dop_operator_3.py
[2026-09-22T16:51:26.319+0000] {processor.py:840} INFO - DAG(s) 'example_branch_dop_operator_v3' retrieved from /home/airflow/.local/lib/python3.12/site-packages/airflow/example_dags/example_branch_python_dop_operator_3.py
[2026-09-22T16:51:26.357+0000] {logging_mixin.py:188} INFO - [2026-09-22T16:51:26.357+0000] {dag.py:3089} INFO - Sync 1 DAGs
[2026-09-22T16:51:26.407+0000] {logging_mixin.py:188} INFO - [2026-09-22T16:51:26.407+0000] {dag.py:3947} INFO - Setting next_dagrun for example_branch_dop_operator_v3 to 2026-09-22 16:50:00+00:00, run_after=2026-09-22 16:51:00+00:00
[2026-09-22T16:51:26.447+0000] {processor.py:183} INFO - Processing /home/airflow/.local/lib/python3.12/site-packages/airflow/example_dags/example_branch_python_dop_operator_3.py took 0.164 seconds
[2026-09-22T16:52:22.102+0000] {processor.py:161} INFO - Started process (PID=1006) to work on /home/airflow/.local/lib/python3.12/site-packages/airflow/example_dags/example_branch_python_dop_operator_3.py
[2026-09-22T16:52:22.104+0000] {processor.py:830} INFO - Processing file /home/airflow/.local/lib/python3.12/site-packages/airflow/example_dags/example_branch_python_dop_operator_3.py for tasks to queue
[2026-09-22T16:52:22.111+0000] {logging_mixin.py:188} INFO - [2026-09-22T16:52:22.108+0000] {dagbag.py:545} INFO - Filling up the DagBag from /home/airflow/.local/lib/python3.12/site-packages/airflow/example_dags/example_branch_python_dop_operator_3.py
[2026-09-22T16:52:22.125+0000] {processor.py:840} INFO - DAG(s) 'example_branch_dop_operator_v3' retrieved from /home/airflow/.local/lib/python3.12/site-packages/airflow/example_dags/example_branch_python_dop_operator_3.py
[2026-09-22T16:52:22.161+0000] {logging_mixin.py:188} INFO - [2026-09-22T16:52:22.161+0000] {dag.py:3089} INFO - Sync 1 DAGs
[2026-09-22T16:52:22.211+0000] {logging_mixin.py:188} INFO - [2026-09-22T16:52:22.211+0000] {dag.py:3947} INFO - Setting next_dagrun for example_branch_dop_operator_v3 to 2026-09-22 16:51:00+00:00, run_after=2026-09-22 16:52:00+00:00
[2026-09-22T16:52:22.245+0000] {processor.py:183} INFO - Processing /home/airflow/.local/lib/python3.12/site-packages/airflow/example_dags/example_branch_python_dop_operator_3.py took 0.151 seconds
[2026-09-22T16:52:52.496+0000] {processor.py:161} INFO - Started process (PID=1064) to work on /home/airflow/.local/lib/python3.12/site-packages/airflow/example_dags/example_branch_python_dop_operator_3.py
[2026-09-22T16:52:52.498+0000] {processor.py:830} INFO - Processing file /home/airflow/.local/lib/python3.12/site-packages/airflow/example_dags/example_branch_python_dop_operator_3.py for tasks to queue
[2026-09-22T16:52:52.499+0000] {logging_mixin.py:188} INFO - [2026-09-22T16:52:52.499+0000] {dagbag.py:545} INFO - Filling up the DagBag from /home/airflow/.local/lib/python3.12/site-packages/airflow/example_dags/example_branch_python_dop_operator_3.py
[2026-09-22T16:52:52.508+0000] {processor.py:840} INFO - DAG(s) 'example_branch_dop_operator_v3' retrieved from /home/airflow/.local/lib/python3.12/site-packages/airflow/example_dags/example_branch_python_dop_operator_3.py
[2026-09-22T16:52:52.524+0000] {logging_mixin.py:188} INFO - [2026-09-22T16:52:52.524+0000] {dag.py:3089} INFO - Sync 1 DAGs
[2026-09-22T16:52:52.544+0000] {logging_mixin.py:188} INFO - [2026-09-22T16:52:52.543+0000] {dag.py:3947} INFO - Setting next_dagrun for example_branch_dop_operator_v3 to 2026-09-22 16:51:00+00:00, run_after=2026-09-22 16:52:00+00:00
[2026-09-22T16:52:52.561+0000] {processor.py:183} INFO - Processing /home/airflow/.local/lib/python3.12/site-packages/airflow/example_dags/example_branch_python_dop_operator_3.py took 0.071 seconds
[2026-09-22T16:53:22.897+0000] {processor.py:161} INFO - Started process (PID=1122) to work on /home/airflow/.local/lib/python3.12/site-packages/airflow/example_dags/example_branch_python_dop_operator_3.py
[2026-09-22T16:53:22.899+0000] {processor.py:830} INFO - Processing file /home/airflow/.local/lib/python3.12/site-packages/airflow/example_dags/example_branch_python_dop_operator_3.py for tasks to queue
[2026-09-22T16:53:22.901+0000] {logging_mixin.py:188} INFO - [2026-09-22T16:53:22.901+0000] {dagbag.py:545} INFO - Filling up the DagBag from /home/airflow/.local/lib/python3.12/site-packages/airflow/example_dags/example_branch_python_dop_operator_3.py
[2026-09-22T16:53:22.917+0000] {processor.py:840} INFO - DAG(s) 'example_branch_dop_operator_v3' retrieved from /home/airflow/.local/lib/python3.12/site-packages/airflow/example_dags/example_branch_python_dop_operator_3.py
[2026-09-22T16:53:22.945+0000] {logging_mixin.py:188} INFO - [2026-09-22T16:53:22.945+0000] {dag.py:3089} INFO - Sync 1 DAGs
[2026-09-22T16:53:22.971+0000] {logging_mixin.py:188} INFO - [2026-09-22T16:53:22.971+0000] {dag.py:3947} INFO - Setting next_dagrun for example_branch_dop_operator_v3 to 2026-09-22 16:52:00+00:00, run_after=2026-09-22 16:53:00+00:00
[2026-09-22T16:53:22.994+0000] {processor.py:183} INFO - Processing /home/airflow/.local/lib/python3.12/site-packages/airflow/example_dags/example_branch_python_dop_operator_3.py took 0.108 seconds
[2026-09-22T16:53:53.289+0000] {processor.py:161} INFO - Started process (PID=1180) to work on /home/airflow/.local/lib/python3.12/site-packages/airflow/example_dags/example_branch_python_dop_operator_3.py
[2026-09-22T16:53:53.290+0000] {processor.py:830} INFO - Processing file /home/airflow/.local/lib/python3.12/site-packages/airflow/example_dags/example_branch_python_dop_operator_3.py for tasks to queue
[2026-09-22T16:53:53.293+0000] {logging_mixin.py:188} INFO - [2026-09-22T16:53:53.293+0000] {dagbag.py:545} INFO - Filling up the DagBag from /home/airflow/.local/lib/python3.12/site-packages/airflow/example_dags/example_branch_python_dop_operator_3.py
[2026-09-22T16:53:53.300+0000] {processor.py:840} INFO - DAG(s) 'example_branch_dop_operator_v3' retrieved from /home/airflow/.local/lib/python3.12/site-packages/airflow/example_dags/example_branch_python_dop_operator_3.py
[2026-09-22T16:53:53.321+0000] {logging_mixin.py:188} INFO - [2026-09-22T16:53:53.321+0000] {dag.py:3089} INFO - Sync 1 DAGs
[2026-09-22T16:53:53.344+0000] {logging_mixin.py:188} INFO - [2026-09-22T16:53:53.344+0000] {dag.py:3947} INFO - Setting next_dagrun for example_branch_dop_operator_v3 to 2026-09-22 16:52:00+00:00, run_after=2026-09-22 16:53:00+00:00
[2026-09-22T16:53:53.365+0000] {processor.py:183} INFO - Processing /home/airflow/.local/lib/python3.12/site-packages/airflow/example_dags/example_branch_python_dop_operator_3.py took 0.083 seconds
[2026-09-22T16:54:23.451+0000] {processor.py:161} INFO - Started process (PID=1238) to work on /home/airflow/.local/lib/python3.12/site-packages/airflow/example_dags/example_branch_python_dop_operator_3.py
[2026-09-22T16:54:23.453+0000] {processor.py:830} INFO - Processing file /home/airflow/.local/lib/python3.12/site-packages/airflow/example_dags/example_branch_python_dop_operator_3.py for tasks to queue
[2026-09-22T16:54:23.455+0000] {logging_mixin.py:188} INFO - [2026-09-22T16:54:23.455+0000] {dagbag.py:545} INFO - Filling up the DagBag from /home/airflow/.local/lib/python3.12/site-packages/airflow/example_dags/example_branch_python_dop_operator_3.py
[2026-09-22T16:54:23.464+0000] {processor.py:840} INFO - DAG(s) 'example_branch_dop_operator_v3' retrieved from /home/airflow/.local/lib/python3.12/site-packages/airflow/example_dags/example_branch_python_dop_operator_3.py
[2026-09-22T16:54:23.483+0000] {logging_mixin.py:188} INFO - [2026-09-22T16:54:23.483+0000] {dag.py:3089} INFO - Sync 1 DAGs
[2026-09-22T16:54:23.512+0000] {logging_mixin.py:188} INFO - [2026-09-22T16:54:23.512+0000] {dag.py:3947} INFO - Setting next_dagrun for example_branch_dop_operator_v3 to 2026-09-22 16:53:00+00:00, run_after=2026-09-22 16:54:00+00:00
[2026-09-22T16:54:23.533+0000] {processor.py:183} INFO - Processing /home/airflow/.local/lib/python3.12/site-packages/airflow/example_dags/example_branch_python_dop_operator_3.py took 0.086 seconds
[2026-09-22T16:54:54.010+0000] {processor.py:161} INFO - Started process (PID=1296) to work on /home/airflow/.local/lib/python3.12/site-packages/airflow/example_dags/example_branch_python_dop_operator_3.py
[2026-09-22T16:54:54.011+0000] {processor.py:830} INFO - Processing file /home/airflow/.local/lib/python3.12/site-packages/airflow/example_dags/example_branch_python_dop_operator_3.py for tasks to queue
[2026-09-22T16:54:54.012+0000] {logging_mixin.py:188} INFO - [2026-09-22T16:54:54.012+0000] {dagbag.py:545} INFO - Filling up the DagBag from /home/airflow/.local/lib/python3.12/site-packages/airflow/example_dags/example_branch_python_dop_operator_3.py
[2026-09-22T16:54:54.021+0000] {processor.py:840} INFO - DAG(s) 'example_branch_dop_operator_v3' retrieved from /home/airflow/.local/lib/python3.12/site-packages/airflow/example_dags/example_branch_python_dop_operator_3.py
[2026-09-22T16:54:54.041+0000] {logging_mixin.py:188} INFO - [2026-09-22T16:54:54.041+0000] {dag.py:3089} INFO - Sync 1 DAGs
[2026-09-22T16:54:54.063+0000] {logging_mixin.py:188} INFO - [2026-09-22T16:54:54.063+0000] {dag.py:3947} INFO - Setting next_dagrun for example_branch_dop_operator_v3 to 2026-09-22 16:53:00+00:00, run_after=2026-09-22 16:54:00+00:00
[2026-09-22T16:54:54.085+0000] {processor.py:183} INFO - Processing /home/airflow/.local/lib/python3.12/site-packages/airflow/example_dags/example_branch_python_dop_operator_3.py took 0.081 seconds
[2026-09-22T16:55:24.401+0000] {processor.py:161} INFO - Started process (PID=1354) to work on /home/airflow/.local/lib/python3.12/site-packages/airflow/example_dags/example_branch_python_dop_operator_3.py
[2026-09-22T16:55:24.402+0000] {processor.py:830} INFO - Processing file /home/airflow/.local/lib/python3.12/site-packages/airflow/example_dags/example_branch_python_dop_operator_3.py for tasks to queue
[2026-09-22T16:55:24.406+0000] {logging_mixin.py:188} INFO - [2026-09-22T16:55:24.406+0000] {dagbag.py:545} INFO - Filling up the DagBag from /home/airflow/.local/lib/python3.12/site-packages/airflow/example_dags/example_branch_python_dop_operator_3.py
[2026-09-22T16:55:24.416+0000] {processor.py:840} INFO - DAG(s) 'example_branch_dop_operator_v3' retrieved from /home/airflow/.local/lib/python3.12/site-packages/airflow/example_dags/example_branch_python_dop_operator_3.py
[2026-09-22T16:55:24.437+0000] {logging_mixin.py:188} INFO - [2026-09-22T16:55:24.437+0000] {dag.py:3089} INFO - Sync 1 DAGs
[2026-09-22T16:55:24.461+0000] {logging_mixin.py:188} INFO - [2026-09-22T16:55:24.461+0000] {dag.py:3947} INFO - Setting next_dagrun for example_branch_dop_operator_v3 to 2026-09-22 16:54:00+00:00, run_after=2026-09-22 16:55:00+00:00
[2026-09-22T16:55:24.485+0000] {processor.py:183} INFO - Processing /home/airflow/.local/lib/python3.12/site-packages/airflow/example_dags/example_branch_python_dop_operator_3.py took 0.092 seconds
[2026-09-22T16:55:55.011+0000] {processor.py:161} INFO - Started process (PID=1412) to work on /home/airflow/.local/lib/python3.12/site-packages/airflow/example_dags/example_branch_python_dop_operator_3.py
[2026-09-22T16:55:55.012+0000] {processor.py:830} INFO - Processing file /home/airflow/.local/lib/python3.12/site-packages/airflow/example_dags/example_branch_python_dop_operator_3.py for tasks to queue
[2026-09-22T16:55:55.014+0000] {logging_mixin.py:188} INFO - [2026-09-22T16:55:55.014+0000] {dagbag.py:545} INFO - Filling up the DagBag from /home/airflow/.local/lib/python3.12/site-packages/airflow/example_dags/example_branch_python_dop_operator_3.py
[2026-09-22T16:55:55.023+0000] {processor.py:840} INFO - DAG(s) 'example_branch_dop_operator_v3' retrieved from /home/airflow/.local/lib/python3.12/site-packages/airflow/example_dags/example_branch_python_dop_operator_3.py
[2026-09-22T16:55:55.041+0000] {logging_mixin.py:188} INFO - [2026-09-22T16:55:55.041+0000] {dag.py:3089} INFO - Sync 1 DAGs
[2026-09-22T16:55:55.061+0000] {logging_mixin.py:188} INFO - [2026-09-22T16:55:55.061+0000] {dag.py:3947} INFO - Setting next_dagrun for example_branch_dop_operator_v3 to 2026-09-22 16:54:00+00:00, run_after=2026-09-22 16:55:00+00:00
[2026-09-22T16:55:55.079+0000] {processor.py:183} INFO - Processing /home/airflow/.local/lib/python3.12/site-packages/airflow/example_dags/example_branch_python_dop_operator_3.py took 0.073 seconds
[2026-09-22T16:56:25.877+0000] {processor.py:161} INFO - Started process (PID=1476) to work on /home/airflow/.local/lib/python3.12/site-packages/airflow/example_dags/example_branch_python_dop_operator_3.py
[2026-09-22T16:56:25.879+0000] {processor.py:830} INFO - Processing file /home/airflow/.local/lib/python3.12/site-packages/airflow/example_dags/example_branch_python_dop_operator_3.py for tasks to queue
[2026-09-22T16:56:25.881+0000] {logging_mixin.py:188} INFO - [2026-09-22T16:56:25.880+0000] {dagbag.py:545} INFO - Filling up the DagBag from /home/airflow/.local/lib/python3.12/site-packages/airflow/example_dags/example_branch_python_dop_operator_3.py
[2026-09-22T16:56:25.893+0000] {processor.py:840} INFO - DAG(s) 'example_branch_dop_operator_v3' retrieved from /home/airflow/.local/lib/python3.12/site-packages/airflow/example_dags/example_branch_python_dop_operator_3.py
[2026-09-22T16:56:25.924+0000] {logging_mixin.py:188} INFO - [2026-09-22T16:56:25.924+0000] {dag.py:3089} INFO - Sync 1 DAGs
[2026-09-22T16:56:25.948+0000] {logging_mixin.py:188} INFO - [2026-09-22T16:56:25.948+0000] {dag.py:3947} INFO - Setting next_dagrun for example_branch_dop_operator_v3 to 2026-09-22 16:55:00+00:00, run_after=2026-09-22 16:56:00+00:00
[2026-09-22T16:56:25.968+0000] {processor.py:183} INFO - Processing /home/airflow/.local/lib/python3.12/site-packages/airflow/example_dags/example_branch_python_dop_operator_3.py took 0.100 seconds
[2026-09-22T16:58:02.598+0000] {processor.py:161} INFO - Started process (PID=96) to work on /home/airflow/.local/lib/python3.12/site-packages/airflow/example_dags/example_branch_python_dop_operator_3.py
[2026-09-22T16:58:02.600+0000] {processor.py:830} INFO - Processing file /home/airflow/.local/lib/python3.12/site-packages/airflow/example_dags/example_branch_python_dop_operator_3.py for tasks to queue
[2026-09-22T16:58:02.604+0000] {logging_mixin.py:188} INFO - [2026-09-22T16:58:02.604+0000] {dagbag.py:545} INFO - Filling up the DagBag from /home/airflow/.local/lib/python3.12/site-packages/airflow/example_dags/example_branch_python_dop_operator_3.py
[2026-09-22T16:58:02.618+0000] {processor.py:840} INFO - DAG(s) 'example_branch_dop_operator_v3' retrieved from /home/airflow/.local/lib/python3.12/site-packages/airflow/example_dags/example_branch_python_dop_operator_3.py
[2026-09-22T16:58:02.807+0000] {logging_mixin.py:188} INFO - [2026-09-22T16:58:02.807+0000] {dag.py:3089} INFO - Sync 1 DAGs
[2026-09-22T16:58:02.847+0000] {logging_mixin.py:188} INFO - [2026-09-22T16:58:02.847+0000] {dag.py:3947} INFO - Setting next_dagrun for example_branch_dop_operator_v3 to 2026-09-22 16:57:00+00:00, run_after=2026-09-22 16:58:00+00:00
[2026-09-22T16:58:02.887+0000] {processor.py:183} INFO - Processing /home/airflow/.local/lib/python3.12/site-packages/airflow/example_dags/example_branch_python_dop_operator_3.py took 0.297 seconds
[2026-09-22T16:58:33.741+0000] {processor.py:161} INFO - Started process (PID=154) to work on /home/airflow/.local/lib/python3.12/site-packages/airflow/example_dags/example_branch_python_dop_operator_3.py
[2026-09-22T16:58:33.743+0000] {processor.py:830} INFO - Processing file /home/airflow/.local/lib/python3.12/site-packages/airflow/example_dags/example_branch_python_dop_operator_3.py for tasks to queue
[2026-09-22T16:58:33.745+0000] {logging_mixin.py:188} INFO - [2026-09-22T16:58:33.744+0000] {dagbag.py:545} INFO - Filling up the DagBag from /home/airflow/.local/lib/python3.12/site-packages/airflow/example_dags/example_branch_python_dop_operator_3.py
[2026-09-22T16:58:33.753+0000] {processor.py:840} INFO - DAG(s) 'example_branch_dop_operator_v3' retrieved from /home/airflow/.local/lib/python3.12/site-packages/airflow/example_dags/example_branch_python_dop_operator_3.py
[2026-09-22T16:58:33.776+0000] {logging_mixin.py:188} INFO - [2026-09-22T16:58:33.776+0000] {dag.py:3089} INFO - Sync 1 DAGs
[2026-09-22T16:58:33.803+0000] {logging_mixin.py:188} INFO - [2026-09-22T16:58:33.803+0000] {dag.py:3947} INFO - Setting next_dagrun for example_branch_dop_operator_v3 to 2026-09-22 16:57:00+00:00, run_after=2026-09-22 16:58:00+00:00
[2026-09-22T16:58:33.829+0000] {processor.py:183} INFO - Processing /home/airflow/.local/lib/python3.12/site-packages/airflow/example_dags/example_branch_python_dop_operator_3.py took 0.094 seconds
[2026-09-22T16:59:04.721+0000] {processor.py:161} INFO - Started process (PID=212) to work on /home/airflow/.local/lib/python3.12/site-packages/airflow/example_dags/example_branch_python_dop_operator_3.py
[2026-09-22T16:59:04.722+0000] {processor.py:830} INFO - Processing file /home/airflow/.local/lib/python3.12/site-packages/airflow/example_dags/example_branch_python_dop_operator_3.py for tasks to queue
[2026-09-22T16:59:04.724+0000] {logging_mixin.py:188} INFO - [2026-09-22T16:59:04.724+0000] {dagbag.py:545} INFO - Filling up the DagBag from /home/airflow/.local/lib/python3.12/site-packages/airflow/example_dags/example_branch_python_dop_operator_3.py
[2026-09-22T16:59:04.732+0000] {processor.py:840} INFO - DAG(s) 'example_branch_dop_operator_v3' retrieved from /home/airflow/.local/lib/python3.12/site-packages/airflow/example_dags/example_branch_python_dop_operator_3.py
[2026-09-22T16:59:04.753+0000] {logging_mixin.py:188} INFO - [2026-09-22T16:59:04.752+0000] {dag.py:3089} INFO - Sync 1 DAGs
[2026-09-22T16:59:04.783+0000] {logging_mixin.py:188} INFO - [2026-09-22T16:59:04.783+0000] {dag.py:3947} INFO - Setting next_dagrun for example_branch_dop_operator_v3 to 2026-09-22 16:58:00+00:00, run_after=2026-09-22 16:59:00+00:00
[2026-09-22T16:59:04.805+0000] {processor.py:183} INFO - Processing /home/airflow/.local/lib/python3.12/site-packages/airflow/example_dags/example_branch_python_dop_operator_3.py took 0.092 seconds
[2026-09-22T16:59:35.014+0000] {processor.py:161} INFO - Started process (PID=270) to work on /home/airflow/.local/lib/python3.12/site-packages/airflow/example_dags/example_branch_python_dop_operator_3.py
[2026-09-22T16:59:35.015+0000] {processor.py:830} INFO - Processing file /home/airflow/.local/lib/python3.12/site-packages/airflow/example_dags/example_branch_python_dop_operator_3.py for tasks to queue
[2026-09-22T16:59:35.017+0000] {logging_mixin.py:188} INFO - [2026-09-22T16:59:35.017+0000] {dagbag.py:545} INFO - Filling up the DagBag from /home/airflow/.local/lib/python3.12/site-packages/airflow/example_dags/example_branch_python_dop_operator_3.py
[2026-09-22T16:59:35.028+0000] {processor.py:840} INFO - DAG(s) 'example_branch_dop_operator_v3' retrieved from /home/airflow/.local/lib/python3.12/site-packages/airflow/example_dags/example_branch_python_dop_operator_3.py
[2026-09-22T16:59:35.052+0000] {logging_mixin.py:188} INFO - [2026-09-22T16:59:35.052+0000] {dag.py:3089} INFO - Sync 1 DAGs
[2026-09-22T16:59:35.077+0000] {logging_mixin.py:188} INFO - [2026-09-22T16:59:35.077+0000] {dag.py:3947} INFO - Setting next_dagrun for example_branch_dop_operator_v3 to 2026-09-22 16:58:00+00:00, run_after=2026-09-22 16:59:00+00:00
[2026-09-22T16:59:35.110+0000] {processor.py:183} INFO - Processing /home/airflow/.local/lib/python3.12/site-packages/airflow/example_dags/example_branch_python_dop_operator_3.py took 0.103 seconds
[2026-09-22T17:00:05.430+0000] {processor.py:161} INFO - Started process (PID=328) to work on /home/airflow/.local/lib/python3.12/site-packages/airflow/example_dags/example_branch_python_dop_operator_3.py
[2026-09-22T17:00:05.431+0000] {processor.py:830} INFO - Processing file /home/airflow/.local/lib/python3.12/site-packages/airflow/example_dags/example_branch_python_dop_operator_3.py for tasks to queue
[2026-09-22T17:00:05.433+0000] {logging_mixin.py:188} INFO - [2026-09-22T17:00:05.433+0000] {dagbag.py:545} INFO - Filling up the DagBag from /home/airflow/.local/lib/python3.12/site-packages/airflow/example_dags/example_branch_python_dop_operator_3.py
[2026-09-22T17:00:05.441+0000] {processor.py:840} INFO - DAG(s) 'example_branch_dop_operator_v3' retrieved from /home/airflow/.local/lib/python3.12/site-packages/airflow/example_dags/example_branch_python_dop_operator_3.py
[2026-09-22T17:00:05.462+0000] {logging_mixin.py:188} INFO - [2026-09-22T17:00:05.461+0000] {dag.py:3089} INFO - Sync 1 DAGs
[2026-09-22T17:00:05.485+0000] {logging_mixin.py:188} INFO - [2026-09-22T17:00:05.484+0000] {dag.py:3947} INFO - Setting next_dagrun for example_branch_dop_operator_v3 to 2026-09-22 16:59:00+00:00, run_after=2026-09-22 17:00:00+00:00
[2026-09-22T17:00:05.512+0000] {processor.py:183} INFO - Processing /home/airflow/.local/lib/python3.12/site-packages/airflow/example_dags/example_branch_python_dop_operator_3.py took 0.087 seconds
[2026-09-22T17:00:35.925+0000] {processor.py:161} INFO - Started process (PID=386) to work on /home/airflow/.local/lib/python3.12/site-packages/airflow/example_dags/example_branch_python_dop_operator_3.py
[2026-09-22T17:00:35.927+0000] {processor.py:830} INFO - Processing file /home/airflow/.local/lib/python3.12/site-packages/airflow/example_dags/example_branch_python_dop_operator_3.py for tasks to queue
[2026-09-22T17:00:35.930+0000] {logging_mixin.py:188} INFO - [2026-09-22T17:00:35.930+0000] {dagbag.py:545} INFO - Filling up the DagBag from /home/airflow/.local/lib/python3.12/site-packages/airflow/example_dags/example_branch_python_dop_operator_3.py
[2026-09-22T17:00:35.944+0000] {processor.py:840} INFO - DAG(s) 'example_branch_dop_operator_v3' retrieved from /home/airflow/.local/lib/python3.12/site-packages/airflow/example_dags/example_branch_python_dop_operator_3.py
[2026-09-22T17:00:35.967+0000] {logging_mixin.py:188} INFO - [2026-09-22T17:00:35.967+0000] {dag.py:3089} INFO - Sync 1 DAGs
[2026-09-22T17:00:35.991+0000] {logging_mixin.py:188} INFO - [2026-09-22T17:00:35.991+0000] {dag.py:3947} INFO - Setting next_dagrun for example_branch_dop_operator_v3 to 2026-09-22 16:59:00+00:00, run_after=2026-09-22 17:00:00+00:00
[2026-09-22T17:00:36.011+0000] {processor.py:183} INFO - Processing /home/airflow/.local/lib/python3.12/site-packages/airflow/example_dags/example_branch_python_dop_operator_3.py took 0.098 seconds
[2026-09-22T17:01:06.406+0000] {processor.py:161} INFO - Started process (PID=444) to work on /home/airflow/.local/lib/python3.12/site-packages/airflow/example_dags/example_branch_python_dop_operator_3.py
[2026-09-22T17:01:06.405+0000] {processor.py:830} INFO - Processing file /home/airflow/.local/lib/python3.12/site-packages/airflow/example_dags/example_branch_python_dop_operator_3.py for tasks to queue
[2026-09-22T17:01:06.407+0000] {logging_mixin.py:188} INFO - [2026-09-22T17:01:06.407+0000] {dagbag.py:545} INFO - Filling up the DagBag from /home/airflow/.local/lib/python3.12/site-packages/airflow/example_dags/example_branch_python_dop_operator_3.py
[2026-09-22T17:01:06.415+0000] {processor.py:840} INFO - DAG(s) 'example_branch_dop_operator_v3' retrieved from /home/airflow/.local/lib/python3.12/site-packages/airflow/example_dags/example_branch_python_dop_operator_3.py
[2026-09-22T17:01:06.444+0000] {logging_mixin.py:188} INFO - [2026-09-22T17:01:06.444+0000] {dag.py:3089} INFO - Sync 1 DAGs
[2026-09-22T17:01:06.475+0000] {logging_mixin.py:188} INFO - [2026-09-22T17:01:06.475+0000] {dag.py:3947} INFO - Setting next_dagrun for example_branch_dop_operator_v3 to 2026-09-22 17:00:00+00:00, run_after=2026-09-22 17:01:00+00:00
[2026-09-22T17:01:06.504+0000] {processor.py:183} INFO - Processing /home/airflow/.local/lib/python3.12/site-packages/airflow/example_dags/example_branch_python_dop_operator_3.py took 0.106 seconds
[2026-09-22T17:01:36.995+0000] {processor.py:161} INFO - Started process (PID=502) to work on /home/airflow/.local/lib/python3.12/site-packages/airflow/example_dags/example_branch_python_dop_operator_3.py
[2026-09-22T17:01:36.996+0000] {processor.py:830} INFO - Processing file /home/airflow/.local/lib/python3.12/site-packages/airflow/example_dags/example_branch_python_dop_operator_3.py for tasks to queue
[2026-09-22T17:01:36.999+0000] {logging_mixin.py:188} INFO - [2026-09-22T17:01:36.998+0000] {dagbag.py:545} INFO - Filling up the DagBag from /home/airflow/.local/lib/python3.12/site-packages/airflow/example_dags/example_branch_python_dop_operator_3.py
[2026-09-22T17:01:37.013+0000] {processor.py:840} INFO - DAG(s) 'example_branch_dop_operator_v3' retrieved from /home/airflow/.local/lib/python3.12/site-packages/airflow/example_dags/example_branch_python_dop_operator_3.py
[2026-09-22T17:01:37.031+0000] {logging_mixin.py:188} INFO - [2026-09-22T17:01:37.031+0000] {dag.py:3089} INFO - Sync 1 DAGs
[2026-09-22T17:01:37.057+0000] {logging_mixin.py:188} INFO - [2026-09-22T17:01:37.056+0000] {dag.py:3947} INFO - Setting next_dagrun for example_branch_dop_operator_v3 to 2026-09-22 17:00:00+00:00, run_after=2026-09-22 17:01:00+00:00
[2026-09-22T17:01:37.080+0000] {processor.py:183} INFO - Processing /home/airflow/.local/lib/python3.12/site-packages/airflow/example_dags/example_branch_python_dop_operator_3.py took 0.092 seconds
[2026-09-22T17:02:07.958+0000] {processor.py:161} INFO - Started process (PID=560) to work on /home/airflow/.local/lib/python3.12/site-packages/airflow/example_dags/example_branch_python_dop_operator_3.py
[2026-09-22T17:02:07.960+0000] {processor.py:830} INFO - Processing file /home/airflow/.local/lib/python3.12/site-packages/airflow/example_dags/example_branch_python_dop_operator_3.py for tasks to queue
[2026-09-22T17:02:07.962+0000] {logging_mixin.py:188} INFO - [2026-09-22T17:02:07.962+0000] {dagbag.py:545} INFO - Filling up the DagBag from /home/airflow/.local/lib/python3.12/site-packages/airflow/example_dags/example_branch_python_dop_operator_3.py
[2026-09-22T17:02:07.974+0000] {processor.py:840} INFO - DAG(s) 'example_branch_dop_operator_v3' retrieved from /home/airflow/.local/lib/python3.12/site-packages/airflow/example_dags/example_branch_python_dop_operator_3.py
[2026-09-22T17:02:07.998+0000] {logging_mixin.py:188} INFO - [2026-09-22T17:02:07.998+0000] {dag.py:3089} INFO - Sync 1 DAGs
[2026-09-22T17:02:08.035+0000] {logging_mixin.py:188} INFO - [2026-09-22T17:02:08.034+0000] {dag.py:3947} INFO - Setting next_dagrun for example_branch_dop_operator_v3 to 2026-09-22 17:01:00+00:00, run_after=2026-09-22 17:02:00+00:00
[2026-09-22T17:02:08.067+0000] {processor.py:183} INFO - Processing /home/airflow/.local/lib/python3.12/site-packages/airflow/example_dags/example_branch_python_dop_operator_3.py took 0.119 seconds
[2026-09-22T17:03:31.302+0000] {processor.py:161} INFO - Started process (PID=94) to work on /home/airflow/.local/lib/python3.12/site-packages/airflow/example_dags/example_branch_python_dop_operator_3.py
[2026-09-22T17:03:31.304+0000] {processor.py:830} INFO - Processing file /home/airflow/.local/lib/python3.12/site-packages/airflow/example_dags/example_branch_python_dop_operator_3.py for tasks to queue
[2026-09-22T17:03:31.307+0000] {logging_mixin.py:188} INFO - [2026-09-22T17:03:31.307+0000] {dagbag.py:545} INFO - Filling up the DagBag from /home/airflow/.local/lib/python3.12/site-packages/airflow/example_dags/example_branch_python_dop_operator_3.py
[2026-09-22T17:03:31.327+0000] {processor.py:840} INFO - DAG(s) 'example_branch_dop_operator_v3' retrieved from /home/airflow/.local/lib/python3.12/site-packages/airflow/example_dags/example_branch_python_dop_operator_3.py
[2026-09-22T17:03:31.502+0000] {logging_mixin.py:188} INFO - [2026-09-22T17:03:31.501+0000] {dag.py:3089} INFO - Sync 1 DAGs
[2026-09-22T17:03:31.532+0000] {logging_mixin.py:188} INFO - [2026-09-22T17:03:31.532+0000] {dag.py:3947} INFO - Setting next_dagrun for example_branch_dop_operator_v3 to 2026-09-22 17:02:00+00:00, run_after=2026-09-22 17:03:00+00:00
[2026-09-22T17:03:31.562+0000] {processor.py:183} INFO - Processing /home/airflow/.local/lib/python3.12/site-packages/airflow/example_dags/example_branch_python_dop_operator_3.py took 0.270 seconds
[2026-09-22T17:04:02.256+0000] {processor.py:161} INFO - Started process (PID=152) to work on /home/airflow/.local/lib/python3.12/site-packages/airflow/example_dags/example_branch_python_dop_operator_3.py
[2026-09-22T17:04:02.257+0000] {processor.py:830} INFO - Processing file /home/airflow/.local/lib/python3.12/site-packages/airflow/example_dags/example_branch_python_dop_operator_3.py for tasks to queue
[2026-09-22T17:04:02.259+0000] {logging_mixin.py:188} INFO - [2026-09-22T17:04:02.259+0000] {dagbag.py:545} INFO - Filling up the DagBag from /home/airflow/.local/lib/python3.12/site-packages/airflow/example_dags/example_branch_python_dop_operator_3.py
[2026-09-22T17:04:02.267+0000] {processor.py:840} INFO - DAG(s) 'example_branch_dop_operator_v3' retrieved from /home/airflow/.local/lib/python3.12/site-packages/airflow/example_dags/example_branch_python_dop_operator_3.py
[2026-09-22T17:04:02.284+0000] {logging_mixin.py:188} INFO - [2026-09-22T17:04:02.284+0000] {dag.py:3089} INFO - Sync 1 DAGs
[2026-09-22T17:04:02.304+0000] {logging_mixin.py:188} INFO - [2026-09-22T17:04:02.304+0000] {dag.py:3947} INFO - Setting next_dagrun for example_branch_dop_operator_v3 to 2026-09-22 17:03:00+00:00, run_after=2026-09-22 17:04:00+00:00
[2026-09-22T17:04:02.323+0000] {processor.py:183} INFO - Processing /home/airflow/.local/lib/python3.12/site-packages/airflow/example_dags/example_branch_python_dop_operator_3.py took 0.072 seconds
[2026-09-22T17:04:33.088+0000] {processor.py:161} INFO - Started process (PID=210) to work on /home/airflow/.local/lib/python3.12/site-packages/airflow/example_dags/example_branch_python_dop_operator_3.py
[2026-09-22T17:04:33.089+0000] {processor.py:830} INFO - Processing file /home/airflow/.local/lib/python3.12/site-packages/airflow/example_dags/example_branch_python_dop_operator_3.py for tasks to queue
[2026-09-22T17:04:33.091+0000] {logging_mixin.py:188} INFO - [2026-09-22T17:04:33.091+0000] {dagbag.py:545} INFO - Filling up the DagBag from /home/airflow/.local/lib/python3.12/site-packages/airflow/example_dags/example_branch_python_dop_operator_3.py
[2026-09-22T17:04:33.099+0000] {processor.py:840} INFO - DAG(s) 'example_branch_dop_operator_v3' retrieved from /home/airflow/.local/lib/python3.12/site-packages/airflow/example_dags/example_branch_python_dop_operator_3.py
[2026-09-22T17:04:33.118+0000] {logging_mixin.py:188} INFO - [2026-09-22T17:04:33.118+0000] {dag.py:3089} INFO - Sync 1 DAGs
[2026-09-22T17:04:33.140+0000] {logging_mixin.py:188} INFO - [2026-09-22T17:04:33.140+0000] {dag.py:3947} INFO - Setting next_dagrun for example_branch_dop_operator_v3 to 2026-09-22 17:03:00+00:00, run_after=2026-09-22 17:04:00+00:00
[2026-09-22T17:04:33.163+0000] {processor.py:183} INFO - Processing /home/airflow/.local/lib/python3.12/site-packages/airflow/example_dags/example_branch_python_dop_operator_3.py took 0.082 seconds
[2026-09-22T17:05:03.849+0000] {processor.py:161} INFO - Started process (PID=268) to work on /home/airflow/.local/lib/python3.12/site-packages/airflow/example_dags/example_branch_python_dop_operator_3.py
[2026-09-22T17:05:03.851+0000] {processor.py:830} INFO - Processing file /home/airflow/.local/lib/python3.12/site-packages/airflow/example_dags/example_branch_python_dop_operator_3.py for tasks to queue
[2026-09-22T17:05:03.854+0000] {logging_mixin.py:188} INFO - [2026-09-22T17:05:03.854+0000] {dagbag.py:545} INFO - Filling up the DagBag from /home/airflow/.local/lib/python3.12/site-packages/airflow/example_dags/example_branch_python_dop_operator_3.py
[2026-09-22T17:05:03.862+0000] {processor.py:840} INFO - DAG(s) 'example_branch_dop_operator_v3' retrieved from /home/airflow/.local/lib/python3.12/site-packages/airflow/example_dags/example_branch_python_dop_operator_3.py
[2026-09-22T17:05:03.884+0000] {logging_mixin.py:188} INFO - [2026-09-22T17:05:03.884+0000] {dag.py:3089} INFO - Sync 1 DAGs
[2026-09-22T17:05:03.910+0000] {logging_mixin.py:188} INFO - [2026-09-22T17:05:03.910+0000] {dag.py:3947} INFO - Setting next_dagrun for example_branch_dop_operator_v3 to 2026-09-22 17:04:00+00:00, run_after=2026-09-22 17:05:00+00:00
[2026-09-22T17:05:03.939+0000] {processor.py:183} INFO - Processing /home/airflow/.local/lib/python3.12/site-packages/airflow/example_dags/example_branch_python_dop_operator_3.py took 0.095 seconds
[2026-09-22T17:05:34.184+0000] {processor.py:161} INFO - Started process (PID=326) to work on /home/airflow/.local/lib/python3.12/site-packages/airflow/example_dags/example_branch_python_dop_operator_3.py
[2026-09-22T17:05:34.185+0000] {processor.py:830} INFO - Processing file /home/airflow/.local/lib/python3.12/site-packages/airflow/example_dags/example_branch_python_dop_operator_3.py for tasks to queue
[2026-09-22T17:05:34.186+0000] {logging_mixin.py:188} INFO - [2026-09-22T17:05:34.186+0000] {dagbag.py:545} INFO - Filling up the DagBag from /home/airflow/.local/lib/python3.12/site-packages/airflow/example_dags/example_branch_python_dop_operator_3.py
[2026-09-22T17:05:34.193+0000] {processor.py:840} INFO - DAG(s) 'example_branch_dop_operator_v3' retrieved from /home/airflow/.local/lib/python3.12/site-packages/airflow/example_dags/example_branch_python_dop_operator_3.py
[2026-09-22T17:05:34.211+0000] {logging_mixin.py:188} INFO - [2026-09-22T17:05:34.210+0000] {dag.py:3089} INFO - Sync 1 DAGs
[2026-09-22T17:05:34.229+0000] {logging_mixin.py:188} INFO - [2026-09-22T17:05:34.229+0000] {dag.py:3947} INFO - Setting next_dagrun for example_branch_dop_operator_v3 to 2026-09-22 17:04:00+00:00, run_after=2026-09-22 17:05:00+00:00
[2026-09-22T17:05:34.251+0000] {processor.py:183} INFO - Processing /home/airflow/.local/lib/python3.12/site-packages/airflow/example_dags/example_branch_python_dop_operator_3.py took 0.072 seconds
[2026-09-22T17:06:04.409+0000] {processor.py:161} INFO - Started process (PID=384) to work on /home/airflow/.local/lib/python3.12/site-packages/airflow/example_dags/example_branch_python_dop_operator_3.py
[2026-09-22T17:06:04.411+0000] {processor.py:830} INFO - Processing file /home/airflow/.local/lib/python3.12/site-packages/airflow/example_dags/example_branch_python_dop_operator_3.py for tasks to queue
[2026-09-22T17:06:04.413+0000] {logging_mixin.py:188} INFO - [2026-09-22T17:06:04.412+0000] {dagbag.py:545} INFO - Filling up the DagBag from /home/airflow/.local/lib/python3.12/site-packages/airflow/example_dags/example_branch_python_dop_operator_3.py
[2026-09-22T17:06:04.423+0000] {processor.py:840} INFO - DAG(s) 'example_branch_dop_operator_v3' retrieved from /home/airflow/.local/lib/python3.12/site-packages/airflow/example_dags/example_branch_python_dop_operator_3.py
[2026-09-22T17:06:04.443+0000] {logging_mixin.py:188} INFO - [2026-09-22T17:06:04.442+0000] {dag.py:3089} INFO - Sync 1 DAGs
[2026-09-22T17:06:04.466+0000] {logging_mixin.py:188} INFO - [2026-09-22T17:06:04.466+0000] {dag.py:3947} INFO - Setting next_dagrun for example_branch_dop_operator_v3 to 2026-09-22 17:05:00+00:00, run_after=2026-09-22 17:06:00+00:00
[2026-09-22T17:06:04.491+0000] {processor.py:183} INFO - Processing /home/airflow/.local/lib/python3.12/site-packages/airflow/example_dags/example_branch_python_dop_operator_3.py took 0.089 seconds
[2026-09-22T17:06:34.768+0000] {processor.py:161} INFO - Started process (PID=442) to work on /home/airflow/.local/lib/python3.12/site-packages/airflow/example_dags/example_branch_python_dop_operator_3.py
[2026-09-22T17:06:34.769+0000] {processor.py:830} INFO - Processing file /home/airflow/.local/lib/python3.12/site-packages/airflow/example_dags/example_branch_python_dop_operator_3.py for tasks to queue
[2026-09-22T17:06:34.771+0000] {logging_mixin.py:188} INFO - [2026-09-22T17:06:34.770+0000] {dagbag.py:545} INFO - Filling up the DagBag from /home/airflow/.local/lib/python3.12/site-packages/airflow/example_dags/example_branch_python_dop_operator_3.py
[2026-09-22T17:06:34.778+0000] {processor.py:840} INFO - DAG(s) 'example_branch_dop_operator_v3' retrieved from /home/airflow/.local/lib/python3.12/site-packages/airflow/example_dags/example_branch_python_dop_operator_3.py
[2026-09-22T17:06:34.797+0000] {logging_mixin.py:188} INFO - [2026-09-22T17:06:34.797+0000] {dag.py:3089} INFO - Sync 1 DAGs
[2026-09-22T17:06:34.819+0000] {logging_mixin.py:188} INFO - [2026-09-22T17:06:34.819+0000] {dag.py:3947} INFO - Setting next_dagrun for example_branch_dop_operator_v3 to 2026-09-22 17:05:00+00:00, run_after=2026-09-22 17:06:00+00:00
[2026-09-22T17:06:34.839+0000] {processor.py:183} INFO - Processing /home/airflow/.local/lib/python3.12/site-packages/airflow/example_dags/example_branch_python_dop_operator_3.py took 0.077 seconds
[2026-09-22T17:07:05.355+0000] {processor.py:161} INFO - Started process (PID=500) to work on /home/airflow/.local/lib/python3.12/site-packages/airflow/example_dags/example_branch_python_dop_operator_3.py
[2026-09-22T17:07:05.356+0000] {processor.py:830} INFO - Processing file /home/airflow/.local/lib/python3.12/site-packages/airflow/example_dags/example_branch_python_dop_operator_3.py for tasks to queue
[2026-09-22T17:07:05.358+0000] {logging_mixin.py:188} INFO - [2026-09-22T17:07:05.358+0000] {dagbag.py:545} INFO - Filling up the DagBag from /home/airflow/.local/lib/python3.12/site-packages/airflow/example_dags/example_branch_python_dop_operator_3.py
[2026-09-22T17:07:05.366+0000] {processor.py:840} INFO - DAG(s) 'example_branch_dop_operator_v3' retrieved from /home/airflow/.local/lib/python3.12/site-packages/airflow/example_dags/example_branch_python_dop_operator_3.py
[2026-09-22T17:07:05.388+0000] {logging_mixin.py:188} INFO - [2026-09-22T17:07:05.387+0000] {dag.py:3089} INFO - Sync 1 DAGs
[2026-09-22T17:07:05.408+0000] {logging_mixin.py:188} INFO - [2026-09-22T17:07:05.408+0000] {dag.py:3947} INFO - Setting next_dagrun for example_branch_dop_operator_v3 to 2026-09-22 17:06:00+00:00, run_after=2026-09-22 17:07:00+00:00
[2026-09-22T17:07:05.426+0000] {processor.py:183} INFO - Processing /home/airflow/.local/lib/python3.12/site-packages/airflow/example_dags/example_branch_python_dop_operator_3.py took 0.078 seconds
[2026-09-22T17:07:36.247+0000] {processor.py:161} INFO - Started process (PID=558) to work on /home/airflow/.local/lib/python3.12/site-packages/airflow/example_dags/example_branch_python_dop_operator_3.py
[2026-09-22T17:07:36.248+0000] {processor.py:830} INFO - Processing file /home/airflow/.local/lib/python3.12/site-packages/airflow/example_dags/example_branch_python_dop_operator_3.py for tasks to queue
[2026-09-22T17:07:36.250+0000] {logging_mixin.py:188} INFO - [2026-09-22T17:07:36.249+0000] {dagbag.py:545} INFO - Filling up the DagBag from /home/airflow/.local/lib/python3.12/site-packages/airflow/example_dags/example_branch_python_dop_operator_3.py
[2026-09-22T17:07:36.258+0000] {processor.py:840} INFO - DAG(s) 'example_branch_dop_operator_v3' retrieved from /home/airflow/.local/lib/python3.12/site-packages/airflow/example_dags/example_branch_python_dop_operator_3.py
[2026-09-22T17:07:36.287+0000] {logging_mixin.py:188} INFO - [2026-09-22T17:07:36.286+0000] {dag.py:3089} INFO - Sync 1 DAGs
[2026-09-22T17:07:36.308+0000] {logging_mixin.py:188} INFO - [2026-09-22T17:07:36.308+0000] {dag.py:3947} INFO - Setting next_dagrun for example_branch_dop_operator_v3 to 2026-09-22 17:06:00+00:00, run_after=2026-09-22 17:07:00+00:00
[2026-09-22T17:07:36.329+0000] {processor.py:183} INFO - Processing /home/airflow/.local/lib/python3.12/site-packages/airflow/example_dags/example_branch_python_dop_operator_3.py took 0.087 seconds
[2026-09-22T17:08:06.494+0000] {processor.py:161} INFO - Started process (PID=616) to work on /home/airflow/.local/lib/python3.12/site-packages/airflow/example_dags/example_branch_python_dop_operator_3.py
[2026-09-22T17:08:06.495+0000] {processor.py:830} INFO - Processing file /home/airflow/.local/lib/python3.12/site-packages/airflow/example_dags/example_branch_python_dop_operator_3.py for tasks to queue
[2026-09-22T17:08:06.497+0000] {logging_mixin.py:188} INFO - [2026-09-22T17:08:06.497+0000] {dagbag.py:545} INFO - Filling up the DagBag from /home/airflow/.local/lib/python3.12/site-packages/airflow/example_dags/example_branch_python_dop_operator_3.py
[2026-09-22T17:08:06.505+0000] {processor.py:840} INFO - DAG(s) 'example_branch_dop_operator_v3' retrieved from /home/airflow/.local/lib/python3.12/site-packages/airflow/example_dags/example_branch_python_dop_operator_3.py
[2026-09-22T17:08:06.522+0000] {logging_mixin.py:188} INFO - [2026-09-22T17:08:06.521+0000] {dag.py:3089} INFO - Sync 1 DAGs
[2026-09-22T17:08:06.540+0000] {logging_mixin.py:188} INFO - [2026-09-22T17:08:06.540+0000] {dag.py:3947} INFO - Setting next_dagrun for example_branch_dop_operator_v3 to 2026-09-22 17:07:00+00:00, run_after=2026-09-22 17:08:00+00:00
[2026-09-22T17:08:06.564+0000] {processor.py:183} INFO - Processing /home/airflow/.local/lib/python3.12/site-packages/airflow/example_dags/example_branch_python_dop_operator_3.py took 0.075 seconds
[2026-09-22T17:08:36.938+0000] {processor.py:161} INFO - Started process (PID=680) to work on /home/airflow/.local/lib/python3.12/site-packages/airflow/example_dags/example_branch_python_dop_operator_3.py
[2026-09-22T17:08:36.939+0000] {processor.py:830} INFO - Processing file /home/airflow/.local/lib/python3.12/site-packages/airflow/example_dags/example_branch_python_dop_operator_3.py for tasks to queue
[2026-09-22T17:08:36.941+0000] {logging_mixin.py:188} INFO - [2026-09-22T17:08:36.941+0000] {dagbag.py:545} INFO - Filling up the DagBag from /home/airflow/.local/lib/python3.12/site-packages/airflow/example_dags/example_branch_python_dop_operator_3.py
[2026-09-22T17:08:36.949+0000] {processor.py:840} INFO - DAG(s) 'example_branch_dop_operator_v3' retrieved from /home/airflow/.local/lib/python3.12/site-packages/airflow/example_dags/example_branch_python_dop_operator_3.py
[2026-09-22T17:08:36.966+0000] {logging_mixin.py:188} INFO - [2026-09-22T17:08:36.966+0000] {dag.py:3089} INFO - Sync 1 DAGs
[2026-09-22T17:08:36.988+0000] {logging_mixin.py:188} INFO - [2026-09-22T17:08:36.988+0000] {dag.py:3947} INFO - Setting next_dagrun for example_branch_dop_operator_v3 to 2026-09-22 17:07:00+00:00, run_after=2026-09-22 17:08:00+00:00
[2026-09-22T17:08:37.007+0000] {processor.py:183} INFO - Processing /home/airflow/.local/lib/python3.12/site-packages/airflow/example_dags/example_branch_python_dop_operator_3.py took 0.074 seconds
[2026-09-22T17:09:07.119+0000] {processor.py:161} INFO - Started process (PID=738) to work on /home/airflow/.local/lib/python3.12/site-packages/airflow/example_dags/example_branch_python_dop_operator_3.py
[2026-09-22T17:09:07.120+0000] {processor.py:830} INFO - Processing file /home/airflow/.local/lib/python3.12/site-packages/airflow/example_dags/example_branch_python_dop_operator_3.py for tasks to queue
[2026-09-22T17:09:07.122+0000] {logging_mixin.py:188} INFO - [2026-09-22T17:09:07.122+0000] {dagbag.py:545} INFO - Filling up the DagBag from /home/airflow/.local/lib/python3.12/site-packages/airflow/example_dags/example_branch_python_dop_operator_3.py
[2026-09-22T17:09:07.129+0000] {processor.py:840} INFO - DAG(s) 'example_branch_dop_operator_v3' retrieved from /home/airflow/.local/lib/python3.12/site-packages/airflow/example_dags/example_branch_python_dop_operator_3.py
[2026-09-22T17:09:07.147+0000] {logging_mixin.py:188} INFO - [2026-09-22T17:09:07.147+0000] {dag.py:3089} INFO - Sync 1 DAGs
[2026-09-22T17:09:07.167+0000] {logging_mixin.py:188} INFO - [2026-09-22T17:09:07.167+0000] {dag.py:3947} INFO - Setting next_dagrun for example_branch_dop_operator_v3 to 2026-09-22 17:08:00+00:00, run_after=2026-09-22 17:09:00+00:00
[2026-09-22T17:09:07.186+0000] {processor.py:183} INFO - Processing /home/airflow/.local/lib/python3.12/site-packages/airflow/example_dags/example_branch_python_dop_operator_3.py took 0.073 seconds
[2026-09-22T17:09:37.277+0000] {processor.py:161} INFO - Started process (PID=796) to work on /home/airflow/.local/lib/python3.12/site-packages/airflow/example_dags/example_branch_python_dop_operator_3.py
[2026-09-22T17:09:37.278+0000] {processor.py:830} INFO - Processing file /home/airflow/.local/lib/python3.12/site-packages/airflow/example_dags/example_branch_python_dop_operator_3.py for tasks to queue
[2026-09-22T17:09:37.279+0000] {logging_mixin.py:188} INFO - [2026-09-22T17:09:37.279+0000] {dagbag.py:545} INFO - Filling up the DagBag from /home/airflow/.local/lib/python3.12/site-packages/airflow/example_dags/example_branch_python_dop_operator_3.py
[2026-09-22T17:09:37.287+0000] {processor.py:840} INFO - DAG(s) 'example_branch_dop_operator_v3' retrieved from /home/airflow/.local/lib/python3.12/site-packages/airflow/example_dags/example_branch_python_dop_operator_3.py
[2026-09-22T17:09:37.305+0000] {logging_mixin.py:188} INFO - [2026-09-22T17:09:37.304+0000] {dag.py:3089} INFO - Sync 1 DAGs
[2026-09-22T17:09:37.324+0000] {logging_mixin.py:188} INFO - [2026-09-22T17:09:37.323+0000] {dag.py:3947} INFO - Setting next_dagrun for example_branch_dop_operator_v3 to 2026-09-22 17:08:00+00:00, run_after=2026-09-22 17:09:00+00:00
[2026-09-22T17:09:37.342+0000] {processor.py:183} INFO - Processing /home/airflow/.local/lib/python3.12/site-packages/airflow/example_dags/example_branch_python_dop_operator_3.py took 0.070 seconds
[2026-09-22T17:10:07.596+0000] {processor.py:161} INFO - Started process (PID=854) to work on /home/airflow/.local/lib/python3.12/site-packages/airflow/example_dags/example_branch_python_dop_operator_3.py
[2026-09-22T17:10:07.597+0000] {processor.py:830} INFO - Processing file /home/airflow/.local/lib/python3.12/site-packages/airflow/example_dags/example_branch_python_dop_operator_3.py for tasks to queue
[2026-09-22T17:10:07.599+0000] {logging_mixin.py:188} INFO - [2026-09-22T17:10:07.598+0000] {dagbag.py:545} INFO - Filling up the DagBag from /home/airflow/.local/lib/python3.12/site-packages/airflow/example_dags/example_branch_python_dop_operator_3.py
[2026-09-22T17:10:07.606+0000] {processor.py:840} INFO - DAG(s) 'example_branch_dop_operator_v3' retrieved from /home/airflow/.local/lib/python3.12/site-packages/airflow/example_dags/example_branch_python_dop_operator_3.py
[2026-09-22T17:10:07.622+0000] {logging_mixin.py:188} INFO - [2026-09-22T17:10:07.622+0000] {dag.py:3089} INFO - Sync 1 DAGs
[2026-09-22T17:10:07.642+0000] {logging_mixin.py:188} INFO - [2026-09-22T17:10:07.642+0000] {dag.py:3947} INFO - Setting next_dagrun for example_branch_dop_operator_v3 to 2026-09-22 17:09:00+00:00, run_after=2026-09-22 17:10:00+00:00
[2026-09-22T17:10:07.660+0000] {processor.py:183} INFO - Processing /home/airflow/.local/lib/python3.12/site-packages/airflow/example_dags/example_branch_python_dop_operator_3.py took 0.070 seconds
[2026-09-22T17:10:38.534+0000] {processor.py:161} INFO - Started process (PID=912) to work on /home/airflow/.local/lib/python3.12/site-packages/airflow/example_dags/example_branch_python_dop_operator_3.py
[2026-09-22T17:10:38.535+0000] {processor.py:830} INFO - Processing file /home/airflow/.local/lib/python3.12/site-packages/airflow/example_dags/example_branch_python_dop_operator_3.py for tasks to queue
[2026-09-22T17:10:38.538+0000] {logging_mixin.py:188} INFO - [2026-09-22T17:10:38.537+0000] {dagbag.py:545} INFO - Filling up the DagBag from /home/airflow/.local/lib/python3.12/site-packages/airflow/example_dags/example_branch_python_dop_operator_3.py
[2026-09-22T17:10:38.547+0000] {processor.py:840} INFO - DAG(s) 'example_branch_dop_operator_v3' retrieved from /home/airflow/.local/lib/python3.12/site-packages/airflow/example_dags/example_branch_python_dop_operator_3.py
[2026-09-22T17:10:38.568+0000] {logging_mixin.py:188} INFO - [2026-09-22T17:10:38.568+0000] {dag.py:3089} INFO - Sync 1 DAGs
[2026-09-22T17:10:38.592+0000] {logging_mixin.py:188} INFO - [2026-09-22T17:10:38.592+0000] {dag.py:3947} INFO - Setting next_dagrun for example_branch_dop_operator_v3 to 2026-09-22 17:09:00+00:00, run_after=2026-09-22 17:10:00+00:00
[2026-09-22T17:10:38.616+0000] {processor.py:183} INFO - Processing /home/airflow/.local/lib/python3.12/site-packages/airflow/example_dags/example_branch_python_dop_operator_3.py took 0.090 seconds
[2026-09-22T17:11:08.894+0000] {processor.py:161} INFO - Started process (PID=970) to work on /home/airflow/.local/lib/python3.12/site-packages/airflow/example_dags/example_branch_python_dop_operator_3.py
[2026-09-22T17:11:08.901+0000] {processor.py:830} INFO - Processing file /home/airflow/.local/lib/python3.12/site-packages/airflow/example_dags/example_branch_python_dop_operator_3.py for tasks to queue
[2026-09-22T17:11:08.904+0000] {logging_mixin.py:188} INFO - [2026-09-22T17:11:08.903+0000] {dagbag.py:545} INFO - Filling up the DagBag from /home/airflow/.local/lib/python3.12/site-packages/airflow/example_dags/example_branch_python_dop_operator_3.py
[2026-09-22T17:11:08.915+0000] {processor.py:840} INFO - DAG(s) 'example_branch_dop_operator_v3' retrieved from /home/airflow/.local/lib/python3.12/site-packages/airflow/example_dags/example_branch_python_dop_operator_3.py
[2026-09-22T17:11:08.938+0000] {logging_mixin.py:188} INFO - [2026-09-22T17:11:08.938+0000] {dag.py:3089} INFO - Sync 1 DAGs
[2026-09-22T17:11:08.959+0000] {logging_mixin.py:188} INFO - [2026-09-22T17:11:08.959+0000] {dag.py:3947} INFO - Setting next_dagrun for example_branch_dop_operator_v3 to 2026-09-22 17:10:00+00:00, run_after=2026-09-22 17:11:00+00:00
[2026-09-22T17:11:08.978+0000] {processor.py:183} INFO - Processing /home/airflow/.local/lib/python3.12/site-packages/airflow/example_dags/example_branch_python_dop_operator_3.py took 0.092 seconds
[2026-09-22T17:11:39.216+0000] {processor.py:161} INFO - Started process (PID=1028) to work on /home/airflow/.local/lib/python3.12/site-packages/airflow/example_dags/example_branch_python_dop_operator_3.py
[2026-09-22T17:11:39.216+0000] {processor.py:830} INFO - Processing file /home/airflow/.local/lib/python3.12/site-packages/airflow/example_dags/example_branch_python_dop_operator_3.py for tasks to queue
[2026-09-22T17:11:39.218+0000] {logging_mixin.py:188} INFO - [2026-09-22T17:11:39.218+0000] {dagbag.py:545} INFO - Filling up the DagBag from /home/airflow/.local/lib/python3.12/site-packages/airflow/example_dags/example_branch_python_dop_operator_3.py
[2026-09-22T17:11:39.226+0000] {processor.py:840} INFO - DAG(s) 'example_branch_dop_operator_v3' retrieved from /home/airflow/.local/lib/python3.12/site-packages/airflow/example_dags/example_branch_python_dop_operator_3.py
[2026-09-22T17:11:39.245+0000] {logging_mixin.py:188} INFO - [2026-09-22T17:11:39.244+0000] {dag.py:3089} INFO - Sync 1 DAGs
[2026-09-22T17:11:39.275+0000] {logging_mixin.py:188} INFO - [2026-09-22T17:11:39.274+0000] {dag.py:3947} INFO - Setting next_dagrun for example_branch_dop_operator_v3 to 2026-09-22 17:10:00+00:00, run_after=2026-09-22 17:11:00+00:00
[2026-09-22T17:11:39.311+0000] {processor.py:183} INFO - Processing /home/airflow/.local/lib/python3.12/site-packages/airflow/example_dags/example_branch_python_dop_operator_3.py took 0.102 seconds
[2026-09-22T17:12:09.453+0000] {processor.py:161} INFO - Started process (PID=1086) to work on /home/airflow/.local/lib/python3.12/site-packages/airflow/example_dags/example_branch_python_dop_operator_3.py
[2026-09-22T17:12:09.454+0000] {processor.py:830} INFO - Processing file /home/airflow/.local/lib/python3.12/site-packages/airflow/example_dags/example_branch_python_dop_operator_3.py for tasks to queue
[2026-09-22T17:12:09.456+0000] {logging_mixin.py:188} INFO - [2026-09-22T17:12:09.456+0000] {dagbag.py:545} INFO - Filling up the DagBag from /home/airflow/.local/lib/python3.12/site-packages/airflow/example_dags/example_branch_python_dop_operator_3.py
[2026-09-22T17:12:09.467+0000] {processor.py:840} INFO - DAG(s) 'example_branch_dop_operator_v3' retrieved from /home/airflow/.local/lib/python3.12/site-packages/airflow/example_dags/example_branch_python_dop_operator_3.py
[2026-09-22T17:12:09.491+0000] {logging_mixin.py:188} INFO - [2026-09-22T17:12:09.490+0000] {dag.py:3089} INFO - Sync 1 DAGs
[2026-09-22T17:12:09.518+0000] {logging_mixin.py:188} INFO - [2026-09-22T17:12:09.517+0000] {dag.py:3947} INFO - Setting next_dagrun for example_branch_dop_operator_v3 to 2026-09-22 17:11:00+00:00, run_after=2026-09-22 17:12:00+00:00
[2026-09-22T17:12:09.541+0000] {processor.py:183} INFO - Processing /home/airflow/.local/lib/python3.12/site-packages/airflow/example_dags/example_branch_python_dop_operator_3.py took 0.096 seconds
[2026-09-22T17:12:39.582+0000] {processor.py:161} INFO - Started process (PID=1144) to work on /home/airflow/.local/lib/python3.12/site-packages/airflow/example_dags/example_branch_python_dop_operator_3.py
[2026-09-22T17:12:39.583+0000] {processor.py:830} INFO - Processing file /home/airflow/.local/lib/python3.12/site-packages/airflow/example_dags/example_branch_python_dop_operator_3.py for tasks to queue
[2026-09-22T17:12:39.585+0000] {logging_mixin.py:188} INFO - [2026-09-22T17:12:39.585+0000] {dagbag.py:545} INFO - Filling up the DagBag from /home/airflow/.local/lib/python3.12/site-packages/airflow/example_dags/example_branch_python_dop_operator_3.py
[2026-09-22T17:12:39.594+0000] {processor.py:840} INFO - DAG(s) 'example_branch_dop_operator_v3' retrieved from /home/airflow/.local/lib/python3.12/site-packages/airflow/example_dags/example_branch_python_dop_operator_3.py
[2026-09-22T17:12:39.614+0000] {logging_mixin.py:188} INFO - [2026-09-22T17:12:39.613+0000] {dag.py:3089} INFO - Sync 1 DAGs
[2026-09-22T17:12:39.636+0000] {logging_mixin.py:188} INFO - [2026-09-22T17:12:39.636+0000] {dag.py:3947} INFO - Setting next_dagrun for example_branch_dop_operator_v3 to 2026-09-22 17:11:00+00:00, run_after=2026-09-22 17:12:00+00:00
[2026-09-22T17:12:39.657+0000] {processor.py:183} INFO - Processing /home/airflow/.local/lib/python3.12/site-packages/airflow/example_dags/example_branch_python_dop_operator_3.py took 0.082 seconds
[2026-09-22T17:13:09.991+0000] {processor.py:161} INFO - Started process (PID=1202) to work on /home/airflow/.local/lib/python3.12/site-packages/airflow/example_dags/example_branch_python_dop_operator_3.py
[2026-09-22T17:13:09.992+0000] {processor.py:830} INFO - Processing file /home/airflow/.local/lib/python3.12/site-packages/airflow/example_dags/example_branch_python_dop_operator_3.py for tasks to queue
[2026-09-22T17:13:09.994+0000] {logging_mixin.py:188} INFO - [2026-09-22T17:13:09.994+0000] {dagbag.py:545} INFO - Filling up the DagBag from /home/airflow/.local/lib/python3.12/site-packages/airflow/example_dags/example_branch_python_dop_operator_3.py
[2026-09-22T17:13:10.003+0000] {processor.py:840} INFO - DAG(s) 'example_branch_dop_operator_v3' retrieved from /home/airflow/.local/lib/python3.12/site-packages/airflow/example_dags/example_branch_python_dop_operator_3.py
[2026-09-22T17:13:10.022+0000] {logging_mixin.py:188} INFO - [2026-09-22T17:13:10.021+0000] {dag.py:3089} INFO - Sync 1 DAGs
[2026-09-22T17:13:10.045+0000] {logging_mixin.py:188} INFO - [2026-09-22T17:13:10.045+0000] {dag.py:3947} INFO - Setting next_dagrun for example_branch_dop_operator_v3 to 2026-09-22 17:12:00+00:00, run_after=2026-09-22 17:13:00+00:00
[2026-09-22T17:13:10.069+0000] {processor.py:183} INFO - Processing /home/airflow/.local/lib/python3.12/site-packages/airflow/example_dags/example_branch_python_dop_operator_3.py took 0.083 seconds
[2026-09-22T17:13:40.109+0000] {processor.py:161} INFO - Started process (PID=1260) to work on /home/airflow/.local/lib/python3.12/site-packages/airflow/example_dags/example_branch_python_dop_operator_3.py
[2026-09-22T17:13:40.110+0000] {processor.py:830} INFO - Processing file /home/airflow/.local/lib/python3.12/site-packages/airflow/example_dags/example_branch_python_dop_operator_3.py for tasks to queue
[2026-09-22T17:13:40.112+0000] {logging_mixin.py:188} INFO - [2026-09-22T17:13:40.112+0000] {dagbag.py:545} INFO - Filling up the DagBag from /home/airflow/.local/lib/python3.12/site-packages/airflow/example_dags/example_branch_python_dop_operator_3.py
[2026-09-22T17:13:40.120+0000] {processor.py:840} INFO - DAG(s) 'example_branch_dop_operator_v3' retrieved from /home/airflow/.local/lib/python3.12/site-packages/airflow/example_dags/example_branch_python_dop_operator_3.py
[2026-09-22T17:13:40.137+0000] {logging_mixin.py:188} INFO - [2026-09-22T17:13:40.137+0000] {dag.py:3089} INFO - Sync 1 DAGs
[2026-09-22T17:13:40.155+0000] {logging_mixin.py:188} INFO - [2026-09-22T17:13:40.155+0000] {dag.py:3947} INFO - Setting next_dagrun for example_branch_dop_operator_v3 to 2026-09-22 17:12:00+00:00, run_after=2026-09-22 17:13:00+00:00
[2026-09-22T17:13:40.173+0000] {processor.py:183} INFO - Processing /home/airflow/.local/lib/python3.12/site-packages/airflow/example_dags/example_branch_python_dop_operator_3.py took 0.069 seconds
