[2026-09-22T16:19:33.597+0000] {processor.py:161} INFO - Started process (PID=99) to work on /home/airflow/.local/lib/python3.12/site-packages/airflow/example_dags/example_sla_dag.py
[2026-09-22T16:19:33.599+0000] {processor.py:830} INFO - Processing file /home/airflow/.local/lib/python3.12/site-packages/airflow/example_dags/example_sla_dag.py for tasks to queue
[2026-09-22T16:19:33.602+0000] {logging_mixin.py:188} INFO - [2026-09-22T16:19:33.601+0000] {dagbag.py:545} INFO - Filling up the DagBag from /home/airflow/.local/lib/python3.12/site-packages/airflow/example_dags/example_sla_dag.py
[2026-09-22T16:19:33.617+0000] {processor.py:840} INFO - DAG(s) 'example_sla_dag' retrieved from /home/airflow/.local/lib/python3.12/site-packages/airflow/example_dags/example_sla_dag.py
[2026-09-22T16:19:33.763+0000] {logging_mixin.py:188} INFO - [2026-09-22T16:19:33.763+0000] {dag.py:3089} INFO - Sync 1 DAGs
[2026-09-22T16:19:33.803+0000] {logging_mixin.py:188} INFO - [2026-09-22T16:19:33.802+0000] {dag.py:3947} INFO - Setting next_dagrun for example_sla_dag to 2026-09-22 16:16:00+00:00, run_after=2026-09-22 16:18:00+00:00
[2026-09-22T16:19:33.834+0000] {processor.py:183} INFO - Processing /home/airflow/.local/lib/python3.12/site-packages/airflow/example_dags/example_sla_dag.py took 0.243 seconds
[2026-09-22T16:20:04.004+0000] {processor.py:161} INFO - Started process (PID=157) to work on /home/airflow/.local/lib/python3.12/site-packages/airflow/example_dags/example_sla_dag.py
[2026-09-22T16:20:04.006+0000] {processor.py:830} INFO - Processing file /home/airflow/.local/lib/python3.12/site-packages/airflow/example_dags/example_sla_dag.py for tasks to queue
[2026-09-22T16:20:04.016+0000] {logging_mixin.py:188} INFO - [2026-09-22T16:20:04.015+0000] {dagbag.py:545} INFO - Filling up the DagBag from /home/airflow/.local/lib/python3.12/site-packages/airflow/example_dags/example_sla_dag.py
[2026-09-22T16:20:04.033+0000] {processor.py:840} INFO - DAG(s) 'example_sla_dag' retrieved from /home/airflow/.local/lib/python3.12/site-packages/airflow/example_dags/example_sla_dag.py
[2026-09-22T16:20:04.060+0000] {logging_mixin.py:188} INFO - [2026-09-22T16:20:04.060+0000] {dag.py:3089} INFO - Sync 1 DAGs
[2026-09-22T16:20:04.105+0000] {logging_mixin.py:188} INFO - [2026-09-22T16:20:04.105+0000] {dag.py:3947} INFO - Setting next_dagrun for example_sla_dag to 2026-09-22 16:18:00+00:00, run_after=2026-09-22 16:20:00+00:00
[2026-09-22T16:20:04.130+0000] {processor.py:183} INFO - Processing /home/airflow/.local/lib/python3.12/site-packages/airflow/example_dags/example_sla_dag.py took 0.138 seconds
[2026-09-22T16:20:34.697+0000] {processor.py:161} INFO - Started process (PID=214) to work on /home/airflow/.local/lib/python3.12/site-packages/airflow/example_dags/example_sla_dag.py
[2026-09-22T16:20:34.699+0000] {processor.py:830} INFO - Processing file /home/airflow/.local/lib/python3.12/site-packages/airflow/example_dags/example_sla_dag.py for tasks to queue
[2026-09-22T16:20:34.701+0000] {logging_mixin.py:188} INFO - [2026-09-22T16:20:34.701+0000] {dagbag.py:545} INFO - Filling up the DagBag from /home/airflow/.local/lib/python3.12/site-packages/airflow/example_dags/example_sla_dag.py
[2026-09-22T16:20:34.716+0000] {processor.py:840} INFO - DAG(s) 'example_sla_dag' retrieved from /home/airflow/.local/lib/python3.12/site-packages/airflow/example_dags/example_sla_dag.py
[2026-09-22T16:20:34.745+0000] {logging_mixin.py:188} INFO - [2026-09-22T16:20:34.744+0000] {dag.py:3089} INFO - Sync 1 DAGs
[2026-09-22T16:20:34.775+0000] {logging_mixin.py:188} INFO - [2026-09-22T16:20:34.774+0000] {dag.py:3947} INFO - Setting next_dagrun for example_sla_dag to 2026-09-22 16:18:00+00:00, run_after=2026-09-22 16:20:00+00:00
[2026-09-22T16:20:34.854+0000] {processor.py:183} INFO - Processing /home/airflow/.local/lib/python3.12/site-packages/airflow/example_dags/example_sla_dag.py took 0.165 seconds
[2026-09-22T16:21:04.997+0000] {processor.py:161} INFO - Started process (PID=272) to work on /home/airflow/.local/lib/python3.12/site-packages/airflow/example_dags/example_sla_dag.py
[2026-09-22T16:21:04.999+0000] {processor.py:830} INFO - Processing file /home/airflow/.local/lib/python3.12/site-packages/airflow/example_dags/example_sla_dag.py for tasks to queue
[2026-09-22T16:21:05.003+0000] {logging_mixin.py:188} INFO - [2026-09-22T16:21:05.003+0000] {dagbag.py:545} INFO - Filling up the DagBag from /home/airflow/.local/lib/python3.12/site-packages/airflow/example_dags/example_sla_dag.py
[2026-09-22T16:21:05.027+0000] {processor.py:840} INFO - DAG(s) 'example_sla_dag' retrieved from /home/airflow/.local/lib/python3.12/site-packages/airflow/example_dags/example_sla_dag.py
[2026-09-22T16:21:05.084+0000] {logging_mixin.py:188} INFO - [2026-09-22T16:21:05.084+0000] {dag.py:3089} INFO - Sync 1 DAGs
[2026-09-22T16:21:05.155+0000] {logging_mixin.py:188} INFO - [2026-09-22T16:21:05.155+0000] {dag.py:3947} INFO - Setting next_dagrun for example_sla_dag to 2026-09-22 16:18:00+00:00, run_after=2026-09-22 16:20:00+00:00
[2026-09-22T16:21:05.260+0000] {processor.py:183} INFO - Processing /home/airflow/.local/lib/python3.12/site-packages/airflow/example_dags/example_sla_dag.py took 0.271 seconds
[2026-09-22T16:21:36.193+0000] {processor.py:161} INFO - Started process (PID=330) to work on /home/airflow/.local/lib/python3.12/site-packages/airflow/example_dags/example_sla_dag.py
[2026-09-22T16:21:36.195+0000] {processor.py:830} INFO - Processing file /home/airflow/.local/lib/python3.12/site-packages/airflow/example_dags/example_sla_dag.py for tasks to queue
[2026-09-22T16:21:36.197+0000] {logging_mixin.py:188} INFO - [2026-09-22T16:21:36.197+0000] {dagbag.py:545} INFO - Filling up the DagBag from /home/airflow/.local/lib/python3.12/site-packages/airflow/example_dags/example_sla_dag.py
[2026-09-22T16:21:36.208+0000] {processor.py:840} INFO - DAG(s) 'example_sla_dag' retrieved from /home/airflow/.local/lib/python3.12/site-packages/airflow/example_dags/example_sla_dag.py
[2026-09-22T16:21:36.232+0000] {logging_mixin.py:188} INFO - [2026-09-22T16:21:36.232+0000] {dag.py:3089} INFO - Sync 1 DAGs
[2026-09-22T16:21:36.265+0000] {logging_mixin.py:188} INFO - [2026-09-22T16:21:36.264+0000] {dag.py:3947} INFO - Setting next_dagrun for example_sla_dag to 2026-09-22 16:18:00+00:00, run_after=2026-09-22 16:20:00+00:00
[2026-09-22T16:21:36.319+0000] {processor.py:183} INFO - Processing /home/airflow/.local/lib/python3.12/site-packages/airflow/example_dags/example_sla_dag.py took 0.136 seconds
[2026-09-22T16:22:06.691+0000] {processor.py:161} INFO - Started process (PID=388) to work on /home/airflow/.local/lib/python3.12/site-packages/airflow/example_dags/example_sla_dag.py
[2026-09-22T16:22:06.694+0000] {processor.py:830} INFO - Processing file /home/airflow/.local/lib/python3.12/site-packages/airflow/example_dags/example_sla_dag.py for tasks to queue
[2026-09-22T16:22:06.699+0000] {logging_mixin.py:188} INFO - [2026-09-22T16:22:06.698+0000] {dagbag.py:545} INFO - Filling up the DagBag from /home/airflow/.local/lib/python3.12/site-packages/airflow/example_dags/example_sla_dag.py
[2026-09-22T16:22:06.714+0000] {processor.py:840} INFO - DAG(s) 'example_sla_dag' retrieved from /home/airflow/.local/lib/python3.12/site-packages/airflow/example_dags/example_sla_dag.py
[2026-09-22T16:22:06.752+0000] {logging_mixin.py:188} INFO - [2026-09-22T16:22:06.751+0000] {dag.py:3089} INFO - Sync 1 DAGs
[2026-09-22T16:22:06.803+0000] {logging_mixin.py:188} INFO - [2026-09-22T16:22:06.802+0000] {dag.py:3947} INFO - Setting next_dagrun for example_sla_dag to 2026-09-22 16:20:00+00:00, run_after=2026-09-22 16:22:00+00:00
[2026-09-22T16:22:06.889+0000] {processor.py:183} INFO - Processing /home/airflow/.local/lib/python3.12/site-packages/airflow/example_dags/example_sla_dag.py took 0.212 seconds
[2026-09-22T16:22:37.134+0000] {processor.py:161} INFO - Started process (PID=446) to work on /home/airflow/.local/lib/python3.12/site-packages/airflow/example_dags/example_sla_dag.py
[2026-09-22T16:22:37.136+0000] {processor.py:830} INFO - Processing file /home/airflow/.local/lib/python3.12/site-packages/airflow/example_dags/example_sla_dag.py for tasks to queue
[2026-09-22T16:22:37.140+0000] {logging_mixin.py:188} INFO - [2026-09-22T16:22:37.140+0000] {dagbag.py:545} INFO - Filling up the DagBag from /home/airflow/.local/lib/python3.12/site-packages/airflow/example_dags/example_sla_dag.py
[2026-09-22T16:22:37.153+0000] {processor.py:840} INFO - DAG(s) 'example_sla_dag' retrieved from /home/airflow/.local/lib/python3.12/site-packages/airflow/example_dags/example_sla_dag.py
[2026-09-22T16:22:37.183+0000] {logging_mixin.py:188} INFO - [2026-09-22T16:22:37.183+0000] {dag.py:3089} INFO - Sync 1 DAGs
[2026-09-22T16:22:37.216+0000] {logging_mixin.py:188} INFO - [2026-09-22T16:22:37.216+0000] {dag.py:3947} INFO - Setting next_dagrun for example_sla_dag to 2026-09-22 16:20:00+00:00, run_after=2026-09-22 16:22:00+00:00
[2026-09-22T16:22:37.243+0000] {processor.py:183} INFO - Processing /home/airflow/.local/lib/python3.12/site-packages/airflow/example_dags/example_sla_dag.py took 0.120 seconds
[2026-09-22T16:23:07.765+0000] {processor.py:161} INFO - Started process (PID=504) to work on /home/airflow/.local/lib/python3.12/site-packages/airflow/example_dags/example_sla_dag.py
[2026-09-22T16:23:07.767+0000] {processor.py:830} INFO - Processing file /home/airflow/.local/lib/python3.12/site-packages/airflow/example_dags/example_sla_dag.py for tasks to queue
[2026-09-22T16:23:07.771+0000] {logging_mixin.py:188} INFO - [2026-09-22T16:23:07.771+0000] {dagbag.py:545} INFO - Filling up the DagBag from /home/airflow/.local/lib/python3.12/site-packages/airflow/example_dags/example_sla_dag.py
[2026-09-22T16:23:07.787+0000] {processor.py:840} INFO - DAG(s) 'example_sla_dag' retrieved from /home/airflow/.local/lib/python3.12/site-packages/airflow/example_dags/example_sla_dag.py
[2026-09-22T16:23:07.813+0000] {logging_mixin.py:188} INFO - [2026-09-22T16:23:07.813+0000] {dag.py:3089} INFO - Sync 1 DAGs
[2026-09-22T16:23:07.843+0000] {logging_mixin.py:188} INFO - [2026-09-22T16:23:07.842+0000] {dag.py:3947} INFO - Setting next_dagrun for example_sla_dag to 2026-09-22 16:20:00+00:00, run_after=2026-09-22 16:22:00+00:00
[2026-09-22T16:23:07.871+0000] {processor.py:183} INFO - Processing /home/airflow/.local/lib/python3.12/site-packages/airflow/example_dags/example_sla_dag.py took 0.113 seconds
[2026-09-22T16:23:38.127+0000] {processor.py:161} INFO - Started process (PID=562) to work on /home/airflow/.local/lib/python3.12/site-packages/airflow/example_dags/example_sla_dag.py
[2026-09-22T16:23:38.128+0000] {processor.py:830} INFO - Processing file /home/airflow/.local/lib/python3.12/site-packages/airflow/example_dags/example_sla_dag.py for tasks to queue
[2026-09-22T16:23:38.131+0000] {logging_mixin.py:188} INFO - [2026-09-22T16:23:38.130+0000] {dagbag.py:545} INFO - Filling up the DagBag from /home/airflow/.local/lib/python3.12/site-packages/airflow/example_dags/example_sla_dag.py
[2026-09-22T16:23:38.144+0000] {processor.py:840} INFO - DAG(s) 'example_sla_dag' retrieved from /home/airflow/.local/lib/python3.12/site-packages/airflow/example_dags/example_sla_dag.py
[2026-09-22T16:23:38.170+0000] {logging_mixin.py:188} INFO - [2026-09-22T16:23:38.170+0000] {dag.py:3089} INFO - Sync 1 DAGs
[2026-09-22T16:23:38.199+0000] {logging_mixin.py:188} INFO - [2026-09-22T16:23:38.199+0000] {dag.py:3947} INFO - Setting next_dagrun for example_sla_dag to 2026-09-22 16:20:00+00:00, run_after=2026-09-22 16:22:00+00:00
[2026-09-22T16:23:38.291+0000] {processor.py:183} INFO - Processing /home/airflow/.local/lib/python3.12/site-packages/airflow/example_dags/example_sla_dag.py took 0.171 seconds
[2026-09-22T16:24:08.396+0000] {processor.py:161} INFO - Started process (PID=620) to work on /home/airflow/.local/lib/python3.12/site-packages/airflow/example_dags/example_sla_dag.py
[2026-09-22T16:24:08.399+0000] {processor.py:830} INFO - Processing file /home/airflow/.local/lib/python3.12/site-packages/airflow/example_dags/example_sla_dag.py for tasks to queue
[2026-09-22T16:24:08.405+0000] {logging_mixin.py:188} INFO - [2026-09-22T16:24:08.404+0000] {dagbag.py:545} INFO - Filling up the DagBag from /home/airflow/.local/lib/python3.12/site-packages/airflow/example_dags/example_sla_dag.py
[2026-09-22T16:24:08.423+0000] {processor.py:840} INFO - DAG(s) 'example_sla_dag' retrieved from /home/airflow/.local/lib/python3.12/site-packages/airflow/example_dags/example_sla_dag.py
[2026-09-22T16:24:08.466+0000] {logging_mixin.py:188} INFO - [2026-09-22T16:24:08.466+0000] {dag.py:3089} INFO - Sync 1 DAGs
[2026-09-22T16:24:08.501+0000] {logging_mixin.py:188} INFO - [2026-09-22T16:24:08.501+0000] {dag.py:3947} INFO - Setting next_dagrun for example_sla_dag to 2026-09-22 16:22:00+00:00, run_after=2026-09-22 16:24:00+00:00
[2026-09-22T16:24:08.550+0000] {processor.py:183} INFO - Processing /home/airflow/.local/lib/python3.12/site-packages/airflow/example_dags/example_sla_dag.py took 0.169 seconds
[2026-09-22T16:24:38.946+0000] {processor.py:161} INFO - Started process (PID=678) to work on /home/airflow/.local/lib/python3.12/site-packages/airflow/example_dags/example_sla_dag.py
[2026-09-22T16:24:38.948+0000] {processor.py:830} INFO - Processing file /home/airflow/.local/lib/python3.12/site-packages/airflow/example_dags/example_sla_dag.py for tasks to queue
[2026-09-22T16:24:38.950+0000] {logging_mixin.py:188} INFO - [2026-09-22T16:24:38.950+0000] {dagbag.py:545} INFO - Filling up the DagBag from /home/airflow/.local/lib/python3.12/site-packages/airflow/example_dags/example_sla_dag.py
[2026-09-22T16:24:38.964+0000] {processor.py:840} INFO - DAG(s) 'example_sla_dag' retrieved from /home/airflow/.local/lib/python3.12/site-packages/airflow/example_dags/example_sla_dag.py
[2026-09-22T16:24:38.994+0000] {logging_mixin.py:188} INFO - [2026-09-22T16:24:38.993+0000] {dag.py:3089} INFO - Sync 1 DAGs
[2026-09-22T16:24:39.029+0000] {logging_mixin.py:188} INFO - [2026-09-22T16:24:39.028+0000] {dag.py:3947} INFO - Setting next_dagrun for example_sla_dag to 2026-09-22 16:22:00+00:00, run_after=2026-09-22 16:24:00+00:00
[2026-09-22T16:24:39.117+0000] {processor.py:183} INFO - Processing /home/airflow/.local/lib/python3.12/site-packages/airflow/example_dags/example_sla_dag.py took 0.179 seconds
[2026-09-22T16:25:10.079+0000] {processor.py:161} INFO - Started process (PID=736) to work on /home/airflow/.local/lib/python3.12/site-packages/airflow/example_dags/example_sla_dag.py
[2026-09-22T16:25:10.082+0000] {processor.py:830} INFO - Processing file /home/airflow/.local/lib/python3.12/site-packages/airflow/example_dags/example_sla_dag.py for tasks to queue
[2026-09-22T16:25:10.085+0000] {logging_mixin.py:188} INFO - [2026-09-22T16:25:10.085+0000] {dagbag.py:545} INFO - Filling up the DagBag from /home/airflow/.local/lib/python3.12/site-packages/airflow/example_dags/example_sla_dag.py
[2026-09-22T16:25:10.104+0000] {processor.py:840} INFO - DAG(s) 'example_sla_dag' retrieved from /home/airflow/.local/lib/python3.12/site-packages/airflow/example_dags/example_sla_dag.py
[2026-09-22T16:25:10.145+0000] {logging_mixin.py:188} INFO - [2026-09-22T16:25:10.144+0000] {dag.py:3089} INFO - Sync 1 DAGs
[2026-09-22T16:25:10.193+0000] {logging_mixin.py:188} INFO - [2026-09-22T16:25:10.193+0000] {dag.py:3947} INFO - Setting next_dagrun for example_sla_dag to 2026-09-22 16:22:00+00:00, run_after=2026-09-22 16:24:00+00:00
[2026-09-22T16:25:10.225+0000] {processor.py:183} INFO - Processing /home/airflow/.local/lib/python3.12/site-packages/airflow/example_dags/example_sla_dag.py took 0.161 seconds
[2026-09-22T16:25:40.670+0000] {processor.py:161} INFO - Started process (PID=794) to work on /home/airflow/.local/lib/python3.12/site-packages/airflow/example_dags/example_sla_dag.py
[2026-09-22T16:25:40.672+0000] {processor.py:830} INFO - Processing file /home/airflow/.local/lib/python3.12/site-packages/airflow/example_dags/example_sla_dag.py for tasks to queue
[2026-09-22T16:25:40.675+0000] {logging_mixin.py:188} INFO - [2026-09-22T16:25:40.674+0000] {dagbag.py:545} INFO - Filling up the DagBag from /home/airflow/.local/lib/python3.12/site-packages/airflow/example_dags/example_sla_dag.py
[2026-09-22T16:25:40.692+0000] {processor.py:840} INFO - DAG(s) 'example_sla_dag' retrieved from /home/airflow/.local/lib/python3.12/site-packages/airflow/example_dags/example_sla_dag.py
[2026-09-22T16:25:40.737+0000] {logging_mixin.py:188} INFO - [2026-09-22T16:25:40.736+0000] {dag.py:3089} INFO - Sync 1 DAGs
[2026-09-22T16:25:40.800+0000] {logging_mixin.py:188} INFO - [2026-09-22T16:25:40.799+0000] {dag.py:3947} INFO - Setting next_dagrun for example_sla_dag to 2026-09-22 16:22:00+00:00, run_after=2026-09-22 16:24:00+00:00
[2026-09-22T16:25:40.880+0000] {processor.py:183} INFO - Processing /home/airflow/.local/lib/python3.12/site-packages/airflow/example_dags/example_sla_dag.py took 0.222 seconds
[2026-09-22T16:26:11.497+0000] {processor.py:161} INFO - Started process (PID=852) to work on /home/airflow/.local/lib/python3.12/site-packages/airflow/example_dags/example_sla_dag.py
[2026-09-22T16:26:11.498+0000] {processor.py:830} INFO - Processing file /home/airflow/.local/lib/python3.12/site-packages/airflow/example_dags/example_sla_dag.py for tasks to queue
[2026-09-22T16:26:11.502+0000] {logging_mixin.py:188} INFO - [2026-09-22T16:26:11.501+0000] {dagbag.py:545} INFO - Filling up the DagBag from /home/airflow/.local/lib/python3.12/site-packages/airflow/example_dags/example_sla_dag.py
[2026-09-22T16:26:11.513+0000] {processor.py:840} INFO - DAG(s) 'example_sla_dag' retrieved from /home/airflow/.local/lib/python3.12/site-packages/airflow/example_dags/example_sla_dag.py
[2026-09-22T16:26:11.545+0000] {logging_mixin.py:188} INFO - [2026-09-22T16:26:11.545+0000] {dag.py:3089} INFO - Sync 1 DAGs
[2026-09-22T16:26:11.579+0000] {logging_mixin.py:188} INFO - [2026-09-22T16:26:11.579+0000] {dag.py:3947} INFO - Setting next_dagrun for example_sla_dag to 2026-09-22 16:24:00+00:00, run_after=2026-09-22 16:26:00+00:00
[2026-09-22T16:26:11.663+0000] {processor.py:183} INFO - Processing /home/airflow/.local/lib/python3.12/site-packages/airflow/example_dags/example_sla_dag.py took 0.175 seconds
[2026-09-22T16:26:42.698+0000] {processor.py:161} INFO - Started process (PID=910) to work on /home/airflow/.local/lib/python3.12/site-packages/airflow/example_dags/example_sla_dag.py
[2026-09-22T16:26:42.700+0000] {processor.py:830} INFO - Processing file /home/airflow/.local/lib/python3.12/site-packages/airflow/example_dags/example_sla_dag.py for tasks to queue
[2026-09-22T16:26:42.704+0000] {logging_mixin.py:188} INFO - [2026-09-22T16:26:42.703+0000] {dagbag.py:545} INFO - Filling up the DagBag from /home/airflow/.local/lib/python3.12/site-packages/airflow/example_dags/example_sla_dag.py
[2026-09-22T16:26:42.716+0000] {processor.py:840} INFO - DAG(s) 'example_sla_dag' retrieved from /home/airflow/.local/lib/python3.12/site-packages/airflow/example_dags/example_sla_dag.py
[2026-09-22T16:26:42.744+0000] {logging_mixin.py:188} INFO - [2026-09-22T16:26:42.743+0000] {dag.py:3089} INFO - Sync 1 DAGs
[2026-09-22T16:26:42.776+0000] {logging_mixin.py:188} INFO - [2026-09-22T16:26:42.776+0000] {dag.py:3947} INFO - Setting next_dagrun for example_sla_dag to 2026-09-22 16:24:00+00:00, run_after=2026-09-22 16:26:00+00:00
[2026-09-22T16:26:42.861+0000] {processor.py:183} INFO - Processing /home/airflow/.local/lib/python3.12/site-packages/airflow/example_dags/example_sla_dag.py took 0.172 seconds
[2026-09-22T16:27:13.061+0000] {processor.py:161} INFO - Started process (PID=968) to work on /home/airflow/.local/lib/python3.12/site-packages/airflow/example_dags/example_sla_dag.py
[2026-09-22T16:27:13.063+0000] {processor.py:830} INFO - Processing file /home/airflow/.local/lib/python3.12/site-packages/airflow/example_dags/example_sla_dag.py for tasks to queue
[2026-09-22T16:27:13.067+0000] {logging_mixin.py:188} INFO - [2026-09-22T16:27:13.066+0000] {dagbag.py:545} INFO - Filling up the DagBag from /home/airflow/.local/lib/python3.12/site-packages/airflow/example_dags/example_sla_dag.py
[2026-09-22T16:27:13.080+0000] {processor.py:840} INFO - DAG(s) 'example_sla_dag' retrieved from /home/airflow/.local/lib/python3.12/site-packages/airflow/example_dags/example_sla_dag.py
[2026-09-22T16:27:13.114+0000] {logging_mixin.py:188} INFO - [2026-09-22T16:27:13.114+0000] {dag.py:3089} INFO - Sync 1 DAGs
[2026-09-22T16:27:13.155+0000] {logging_mixin.py:188} INFO - [2026-09-22T16:27:13.154+0000] {dag.py:3947} INFO - Setting next_dagrun for example_sla_dag to 2026-09-22 16:24:00+00:00, run_after=2026-09-22 16:26:00+00:00
[2026-09-22T16:27:13.220+0000] {processor.py:183} INFO - Processing /home/airflow/.local/lib/python3.12/site-packages/airflow/example_dags/example_sla_dag.py took 0.170 seconds
[2026-09-22T16:27:43.343+0000] {processor.py:161} INFO - Started process (PID=1026) to work on /home/airflow/.local/lib/python3.12/site-packages/airflow/example_dags/example_sla_dag.py
[2026-09-22T16:27:43.346+0000] {processor.py:830} INFO - Processing file /home/airflow/.local/lib/python3.12/site-packages/airflow/example_dags/example_sla_dag.py for tasks to queue
[2026-09-22T16:27:43.350+0000] {logging_mixin.py:188} INFO - [2026-09-22T16:27:43.349+0000] {dagbag.py:545} INFO - Filling up the DagBag from /home/airflow/.local/lib/python3.12/site-packages/airflow/example_dags/example_sla_dag.py
[2026-09-22T16:27:43.363+0000] {processor.py:840} INFO - DAG(s) 'example_sla_dag' retrieved from /home/airflow/.local/lib/python3.12/site-packages/airflow/example_dags/example_sla_dag.py
[2026-09-22T16:27:43.392+0000] {logging_mixin.py:188} INFO - [2026-09-22T16:27:43.391+0000] {dag.py:3089} INFO - Sync 1 DAGs
[2026-09-22T16:27:43.422+0000] {logging_mixin.py:188} INFO - [2026-09-22T16:27:43.421+0000] {dag.py:3947} INFO - Setting next_dagrun for example_sla_dag to 2026-09-22 16:24:00+00:00, run_after=2026-09-22 16:26:00+00:00
[2026-09-22T16:27:43.451+0000] {processor.py:183} INFO - Processing /home/airflow/.local/lib/python3.12/site-packages/airflow/example_dags/example_sla_dag.py took 0.126 seconds
[2026-09-22T16:28:13.601+0000] {processor.py:161} INFO - Started process (PID=1084) to work on /home/airflow/.local/lib/python3.12/site-packages/airflow/example_dags/example_sla_dag.py
[2026-09-22T16:28:13.605+0000] {processor.py:830} INFO - Processing file /home/airflow/.local/lib/python3.12/site-packages/airflow/example_dags/example_sla_dag.py for tasks to queue
[2026-09-22T16:28:13.611+0000] {logging_mixin.py:188} INFO - [2026-09-22T16:28:13.611+0000] {dagbag.py:545} INFO - Filling up the DagBag from /home/airflow/.local/lib/python3.12/site-packages/airflow/example_dags/example_sla_dag.py
[2026-09-22T16:28:13.625+0000] {processor.py:840} INFO - DAG(s) 'example_sla_dag' retrieved from /home/airflow/.local/lib/python3.12/site-packages/airflow/example_dags/example_sla_dag.py
[2026-09-22T16:28:13.661+0000] {logging_mixin.py:188} INFO - [2026-09-22T16:28:13.660+0000] {dag.py:3089} INFO - Sync 1 DAGs
[2026-09-22T16:28:13.704+0000] {logging_mixin.py:188} INFO - [2026-09-22T16:28:13.703+0000] {dag.py:3947} INFO - Setting next_dagrun for example_sla_dag to 2026-09-22 16:26:00+00:00, run_after=2026-09-22 16:28:00+00:00
[2026-09-22T16:28:13.729+0000] {processor.py:183} INFO - Processing /home/airflow/.local/lib/python3.12/site-packages/airflow/example_dags/example_sla_dag.py took 0.137 seconds
[2026-09-22T16:28:43.875+0000] {processor.py:161} INFO - Started process (PID=1142) to work on /home/airflow/.local/lib/python3.12/site-packages/airflow/example_dags/example_sla_dag.py
[2026-09-22T16:28:43.877+0000] {processor.py:830} INFO - Processing file /home/airflow/.local/lib/python3.12/site-packages/airflow/example_dags/example_sla_dag.py for tasks to queue
[2026-09-22T16:28:43.879+0000] {logging_mixin.py:188} INFO - [2026-09-22T16:28:43.879+0000] {dagbag.py:545} INFO - Filling up the DagBag from /home/airflow/.local/lib/python3.12/site-packages/airflow/example_dags/example_sla_dag.py
[2026-09-22T16:28:43.890+0000] {processor.py:840} INFO - DAG(s) 'example_sla_dag' retrieved from /home/airflow/.local/lib/python3.12/site-packages/airflow/example_dags/example_sla_dag.py
[2026-09-22T16:28:43.915+0000] {logging_mixin.py:188} INFO - [2026-09-22T16:28:43.915+0000] {dag.py:3089} INFO - Sync 1 DAGs
[2026-09-22T16:28:43.946+0000] {logging_mixin.py:188} INFO - [2026-09-22T16:28:43.946+0000] {dag.py:3947} INFO - Setting next_dagrun for example_sla_dag to 2026-09-22 16:26:00+00:00, run_after=2026-09-22 16:28:00+00:00
[2026-09-22T16:28:43.970+0000] {processor.py:183} INFO - Processing /home/airflow/.local/lib/python3.12/site-packages/airflow/example_dags/example_sla_dag.py took 0.103 seconds
[2026-09-22T16:29:14.391+0000] {processor.py:161} INFO - Started process (PID=1200) to work on /home/airflow/.local/lib/python3.12/site-packages/airflow/example_dags/example_sla_dag.py
[2026-09-22T16:29:14.393+0000] {processor.py:830} INFO - Processing file /home/airflow/.local/lib/python3.12/site-packages/airflow/example_dags/example_sla_dag.py for tasks to queue
[2026-09-22T16:29:14.396+0000] {logging_mixin.py:188} INFO - [2026-09-22T16:29:14.396+0000] {dagbag.py:545} INFO - Filling up the DagBag from /home/airflow/.local/lib/python3.12/site-packages/airflow/example_dags/example_sla_dag.py
[2026-09-22T16:29:14.411+0000] {processor.py:840} INFO - DAG(s) 'example_sla_dag' retrieved from /home/airflow/.local/lib/python3.12/site-packages/airflow/example_dags/example_sla_dag.py
[2026-09-22T16:29:14.440+0000] {logging_mixin.py:188} INFO - [2026-09-22T16:29:14.440+0000] {dag.py:3089} INFO - Sync 1 DAGs
[2026-09-22T16:29:14.467+0000] {logging_mixin.py:188} INFO - [2026-09-22T16:29:14.467+0000] {dag.py:3947} INFO - Setting next_dagrun for example_sla_dag to 2026-09-22 16:26:00+00:00, run_after=2026-09-22 16:28:00+00:00
[2026-09-22T16:29:14.494+0000] {processor.py:183} INFO - Processing /home/airflow/.local/lib/python3.12/site-packages/airflow/example_dags/example_sla_dag.py took 0.115 seconds
[2026-09-22T16:29:44.842+0000] {processor.py:161} INFO - Started process (PID=1257) to work on /home/airflow/.local/lib/python3.12/site-packages/airflow/example_dags/example_sla_dag.py
[2026-09-22T16:29:44.844+0000] {processor.py:830} INFO - Processing file /home/airflow/.local/lib/python3.12/site-packages/airflow/example_dags/example_sla_dag.py for tasks to queue
[2026-09-22T16:29:44.847+0000] {logging_mixin.py:188} INFO - [2026-09-22T16:29:44.846+0000] {dagbag.py:545} INFO - Filling up the DagBag from /home/airflow/.local/lib/python3.12/site-packages/airflow/example_dags/example_sla_dag.py
[2026-09-22T16:29:44.865+0000] {processor.py:840} INFO - DAG(s) 'example_sla_dag' retrieved from /home/airflow/.local/lib/python3.12/site-packages/airflow/example_dags/example_sla_dag.py
[2026-09-22T16:29:44.892+0000] {logging_mixin.py:188} INFO - [2026-09-22T16:29:44.892+0000] {dag.py:3089} INFO - Sync 1 DAGs
[2026-09-22T16:29:44.934+0000] {logging_mixin.py:188} INFO - [2026-09-22T16:29:44.934+0000] {dag.py:3947} INFO - Setting next_dagrun for example_sla_dag to 2026-09-22 16:26:00+00:00, run_after=2026-09-22 16:28:00+00:00
[2026-09-22T16:29:45.035+0000] {processor.py:183} INFO - Processing /home/airflow/.local/lib/python3.12/site-packages/airflow/example_dags/example_sla_dag.py took 0.200 seconds
[2026-09-22T16:30:15.162+0000] {processor.py:161} INFO - Started process (PID=1315) to work on /home/airflow/.local/lib/python3.12/site-packages/airflow/example_dags/example_sla_dag.py
[2026-09-22T16:30:15.164+0000] {processor.py:830} INFO - Processing file /home/airflow/.local/lib/python3.12/site-packages/airflow/example_dags/example_sla_dag.py for tasks to queue
[2026-09-22T16:30:15.168+0000] {logging_mixin.py:188} INFO - [2026-09-22T16:30:15.167+0000] {dagbag.py:545} INFO - Filling up the DagBag from /home/airflow/.local/lib/python3.12/site-packages/airflow/example_dags/example_sla_dag.py
[2026-09-22T16:30:15.184+0000] {processor.py:840} INFO - DAG(s) 'example_sla_dag' retrieved from /home/airflow/.local/lib/python3.12/site-packages/airflow/example_dags/example_sla_dag.py
[2026-09-22T16:30:15.218+0000] {logging_mixin.py:188} INFO - [2026-09-22T16:30:15.217+0000] {dag.py:3089} INFO - Sync 1 DAGs
[2026-09-22T16:30:15.262+0000] {logging_mixin.py:188} INFO - [2026-09-22T16:30:15.262+0000] {dag.py:3947} INFO - Setting next_dagrun for example_sla_dag to 2026-09-22 16:28:00+00:00, run_after=2026-09-22 16:30:00+00:00
[2026-09-22T16:30:15.343+0000] {processor.py:183} INFO - Processing /home/airflow/.local/lib/python3.12/site-packages/airflow/example_dags/example_sla_dag.py took 0.190 seconds
[2026-09-22T16:30:45.910+0000] {processor.py:161} INFO - Started process (PID=1373) to work on /home/airflow/.local/lib/python3.12/site-packages/airflow/example_dags/example_sla_dag.py
[2026-09-22T16:30:45.912+0000] {processor.py:830} INFO - Processing file /home/airflow/.local/lib/python3.12/site-packages/airflow/example_dags/example_sla_dag.py for tasks to queue
[2026-09-22T16:30:45.915+0000] {logging_mixin.py:188} INFO - [2026-09-22T16:30:45.915+0000] {dagbag.py:545} INFO - Filling up the DagBag from /home/airflow/.local/lib/python3.12/site-packages/airflow/example_dags/example_sla_dag.py
[2026-09-22T16:30:45.926+0000] {processor.py:840} INFO - DAG(s) 'example_sla_dag' retrieved from /home/airflow/.local/lib/python3.12/site-packages/airflow/example_dags/example_sla_dag.py
[2026-09-22T16:30:45.964+0000] {logging_mixin.py:188} INFO - [2026-09-22T16:30:45.964+0000] {dag.py:3089} INFO - Sync 1 DAGs
[2026-09-22T16:30:46.006+0000] {logging_mixin.py:188} INFO - [2026-09-22T16:30:46.006+0000] {dag.py:3947} INFO - Setting next_dagrun for example_sla_dag to 2026-09-22 16:28:00+00:00, run_after=2026-09-22 16:30:00+00:00
[2026-09-22T16:30:46.042+0000] {processor.py:183} INFO - Processing /home/airflow/.local/lib/python3.12/site-packages/airflow/example_dags/example_sla_dag.py took 0.140 seconds
[2026-09-22T16:31:16.760+0000] {processor.py:161} INFO - Started process (PID=1431) to work on /home/airflow/.local/lib/python3.12/site-packages/airflow/example_dags/example_sla_dag.py
[2026-09-22T16:31:16.762+0000] {processor.py:830} INFO - Processing file /home/airflow/.local/lib/python3.12/site-packages/airflow/example_dags/example_sla_dag.py for tasks to queue
[2026-09-22T16:31:16.765+0000] {logging_mixin.py:188} INFO - [2026-09-22T16:31:16.764+0000] {dagbag.py:545} INFO - Filling up the DagBag from /home/airflow/.local/lib/python3.12/site-packages/airflow/example_dags/example_sla_dag.py
[2026-09-22T16:31:16.779+0000] {processor.py:840} INFO - DAG(s) 'example_sla_dag' retrieved from /home/airflow/.local/lib/python3.12/site-packages/airflow/example_dags/example_sla_dag.py
[2026-09-22T16:31:16.811+0000] {logging_mixin.py:188} INFO - [2026-09-22T16:31:16.811+0000] {dag.py:3089} INFO - Sync 1 DAGs
[2026-09-22T16:31:16.851+0000] {logging_mixin.py:188} INFO - [2026-09-22T16:31:16.850+0000] {dag.py:3947} INFO - Setting next_dagrun for example_sla_dag to 2026-09-22 16:28:00+00:00, run_after=2026-09-22 16:30:00+00:00
[2026-09-22T16:31:16.887+0000] {processor.py:183} INFO - Processing /home/airflow/.local/lib/python3.12/site-packages/airflow/example_dags/example_sla_dag.py took 0.135 seconds
[2026-09-22T16:31:47.330+0000] {processor.py:161} INFO - Started process (PID=1489) to work on /home/airflow/.local/lib/python3.12/site-packages/airflow/example_dags/example_sla_dag.py
[2026-09-22T16:31:47.332+0000] {processor.py:830} INFO - Processing file /home/airflow/.local/lib/python3.12/site-packages/airflow/example_dags/example_sla_dag.py for tasks to queue
[2026-09-22T16:31:47.336+0000] {logging_mixin.py:188} INFO - [2026-09-22T16:31:47.335+0000] {dagbag.py:545} INFO - Filling up the DagBag from /home/airflow/.local/lib/python3.12/site-packages/airflow/example_dags/example_sla_dag.py
[2026-09-22T16:31:47.357+0000] {processor.py:840} INFO - DAG(s) 'example_sla_dag' retrieved from /home/airflow/.local/lib/python3.12/site-packages/airflow/example_dags/example_sla_dag.py
[2026-09-22T16:31:47.394+0000] {logging_mixin.py:188} INFO - [2026-09-22T16:31:47.393+0000] {dag.py:3089} INFO - Sync 1 DAGs
[2026-09-22T16:31:47.434+0000] {logging_mixin.py:188} INFO - [2026-09-22T16:31:47.434+0000] {dag.py:3947} INFO - Setting next_dagrun for example_sla_dag to 2026-09-22 16:28:00+00:00, run_after=2026-09-22 16:30:00+00:00
[2026-09-22T16:31:47.495+0000] {processor.py:183} INFO - Processing /home/airflow/.local/lib/python3.12/site-packages/airflow/example_dags/example_sla_dag.py took 0.177 seconds
[2026-09-22T16:32:17.696+0000] {processor.py:161} INFO - Started process (PID=1547) to work on /home/airflow/.local/lib/python3.12/site-packages/airflow/example_dags/example_sla_dag.py
[2026-09-22T16:32:17.698+0000] {processor.py:830} INFO - Processing file /home/airflow/.local/lib/python3.12/site-packages/airflow/example_dags/example_sla_dag.py for tasks to queue
[2026-09-22T16:32:17.701+0000] {logging_mixin.py:188} INFO - [2026-09-22T16:32:17.700+0000] {dagbag.py:545} INFO - Filling up the DagBag from /home/airflow/.local/lib/python3.12/site-packages/airflow/example_dags/example_sla_dag.py
[2026-09-22T16:32:17.722+0000] {processor.py:840} INFO - DAG(s) 'example_sla_dag' retrieved from /home/airflow/.local/lib/python3.12/site-packages/airflow/example_dags/example_sla_dag.py
[2026-09-22T16:32:17.763+0000] {logging_mixin.py:188} INFO - [2026-09-22T16:32:17.762+0000] {dag.py:3089} INFO - Sync 1 DAGs
[2026-09-22T16:32:17.810+0000] {logging_mixin.py:188} INFO - [2026-09-22T16:32:17.809+0000] {dag.py:3947} INFO - Setting next_dagrun for example_sla_dag to 2026-09-22 16:30:00+00:00, run_after=2026-09-22 16:32:00+00:00
[2026-09-22T16:32:17.908+0000] {processor.py:183} INFO - Processing /home/airflow/.local/lib/python3.12/site-packages/airflow/example_dags/example_sla_dag.py took 0.222 seconds
[2026-09-22T16:32:48.506+0000] {processor.py:161} INFO - Started process (PID=1605) to work on /home/airflow/.local/lib/python3.12/site-packages/airflow/example_dags/example_sla_dag.py
[2026-09-22T16:32:48.509+0000] {processor.py:830} INFO - Processing file /home/airflow/.local/lib/python3.12/site-packages/airflow/example_dags/example_sla_dag.py for tasks to queue
[2026-09-22T16:32:48.512+0000] {logging_mixin.py:188} INFO - [2026-09-22T16:32:48.511+0000] {dagbag.py:545} INFO - Filling up the DagBag from /home/airflow/.local/lib/python3.12/site-packages/airflow/example_dags/example_sla_dag.py
[2026-09-22T16:32:48.526+0000] {processor.py:840} INFO - DAG(s) 'example_sla_dag' retrieved from /home/airflow/.local/lib/python3.12/site-packages/airflow/example_dags/example_sla_dag.py
[2026-09-22T16:32:48.562+0000] {logging_mixin.py:188} INFO - [2026-09-22T16:32:48.562+0000] {dag.py:3089} INFO - Sync 1 DAGs
[2026-09-22T16:32:48.620+0000] {logging_mixin.py:188} INFO - [2026-09-22T16:32:48.619+0000] {dag.py:3947} INFO - Setting next_dagrun for example_sla_dag to 2026-09-22 16:30:00+00:00, run_after=2026-09-22 16:32:00+00:00
[2026-09-22T16:32:48.667+0000] {processor.py:183} INFO - Processing /home/airflow/.local/lib/python3.12/site-packages/airflow/example_dags/example_sla_dag.py took 0.173 seconds
[2026-09-22T16:33:18.834+0000] {processor.py:161} INFO - Started process (PID=1663) to work on /home/airflow/.local/lib/python3.12/site-packages/airflow/example_dags/example_sla_dag.py
[2026-09-22T16:33:18.836+0000] {processor.py:830} INFO - Processing file /home/airflow/.local/lib/python3.12/site-packages/airflow/example_dags/example_sla_dag.py for tasks to queue
[2026-09-22T16:33:18.839+0000] {logging_mixin.py:188} INFO - [2026-09-22T16:33:18.838+0000] {dagbag.py:545} INFO - Filling up the DagBag from /home/airflow/.local/lib/python3.12/site-packages/airflow/example_dags/example_sla_dag.py
[2026-09-22T16:33:18.850+0000] {processor.py:840} INFO - DAG(s) 'example_sla_dag' retrieved from /home/airflow/.local/lib/python3.12/site-packages/airflow/example_dags/example_sla_dag.py
[2026-09-22T16:33:18.875+0000] {logging_mixin.py:188} INFO - [2026-09-22T16:33:18.875+0000] {dag.py:3089} INFO - Sync 1 DAGs
[2026-09-22T16:33:18.906+0000] {logging_mixin.py:188} INFO - [2026-09-22T16:33:18.906+0000] {dag.py:3947} INFO - Setting next_dagrun for example_sla_dag to 2026-09-22 16:30:00+00:00, run_after=2026-09-22 16:32:00+00:00
[2026-09-22T16:33:18.930+0000] {processor.py:183} INFO - Processing /home/airflow/.local/lib/python3.12/site-packages/airflow/example_dags/example_sla_dag.py took 0.104 seconds
[2026-09-22T16:33:50.201+0000] {processor.py:161} INFO - Started process (PID=1721) to work on /home/airflow/.local/lib/python3.12/site-packages/airflow/example_dags/example_sla_dag.py
[2026-09-22T16:33:50.203+0000] {processor.py:830} INFO - Processing file /home/airflow/.local/lib/python3.12/site-packages/airflow/example_dags/example_sla_dag.py for tasks to queue
[2026-09-22T16:33:50.206+0000] {logging_mixin.py:188} INFO - [2026-09-22T16:33:50.206+0000] {dagbag.py:545} INFO - Filling up the DagBag from /home/airflow/.local/lib/python3.12/site-packages/airflow/example_dags/example_sla_dag.py
[2026-09-22T16:33:50.220+0000] {processor.py:840} INFO - DAG(s) 'example_sla_dag' retrieved from /home/airflow/.local/lib/python3.12/site-packages/airflow/example_dags/example_sla_dag.py
[2026-09-22T16:33:50.262+0000] {logging_mixin.py:188} INFO - [2026-09-22T16:33:50.262+0000] {dag.py:3089} INFO - Sync 1 DAGs
[2026-09-22T16:33:50.297+0000] {logging_mixin.py:188} INFO - [2026-09-22T16:33:50.296+0000] {dag.py:3947} INFO - Setting next_dagrun for example_sla_dag to 2026-09-22 16:30:00+00:00, run_after=2026-09-22 16:32:00+00:00
[2026-09-22T16:33:50.328+0000] {processor.py:183} INFO - Processing /home/airflow/.local/lib/python3.12/site-packages/airflow/example_dags/example_sla_dag.py took 0.138 seconds
[2026-09-22T16:34:21.375+0000] {processor.py:161} INFO - Started process (PID=1779) to work on /home/airflow/.local/lib/python3.12/site-packages/airflow/example_dags/example_sla_dag.py
[2026-09-22T16:34:21.377+0000] {processor.py:830} INFO - Processing file /home/airflow/.local/lib/python3.12/site-packages/airflow/example_dags/example_sla_dag.py for tasks to queue
[2026-09-22T16:34:21.379+0000] {logging_mixin.py:188} INFO - [2026-09-22T16:34:21.379+0000] {dagbag.py:545} INFO - Filling up the DagBag from /home/airflow/.local/lib/python3.12/site-packages/airflow/example_dags/example_sla_dag.py
[2026-09-22T16:34:21.390+0000] {processor.py:840} INFO - DAG(s) 'example_sla_dag' retrieved from /home/airflow/.local/lib/python3.12/site-packages/airflow/example_dags/example_sla_dag.py
[2026-09-22T16:34:21.420+0000] {logging_mixin.py:188} INFO - [2026-09-22T16:34:21.419+0000] {dag.py:3089} INFO - Sync 1 DAGs
[2026-09-22T16:34:21.472+0000] {logging_mixin.py:188} INFO - [2026-09-22T16:34:21.472+0000] {dag.py:3947} INFO - Setting next_dagrun for example_sla_dag to 2026-09-22 16:32:00+00:00, run_after=2026-09-22 16:34:00+00:00
[2026-09-22T16:34:21.503+0000] {processor.py:183} INFO - Processing /home/airflow/.local/lib/python3.12/site-packages/airflow/example_dags/example_sla_dag.py took 0.137 seconds
[2026-09-22T16:34:52.524+0000] {processor.py:161} INFO - Started process (PID=1837) to work on /home/airflow/.local/lib/python3.12/site-packages/airflow/example_dags/example_sla_dag.py
[2026-09-22T16:34:52.526+0000] {processor.py:830} INFO - Processing file /home/airflow/.local/lib/python3.12/site-packages/airflow/example_dags/example_sla_dag.py for tasks to queue
[2026-09-22T16:34:52.532+0000] {logging_mixin.py:188} INFO - [2026-09-22T16:34:52.532+0000] {dagbag.py:545} INFO - Filling up the DagBag from /home/airflow/.local/lib/python3.12/site-packages/airflow/example_dags/example_sla_dag.py
[2026-09-22T16:34:52.547+0000] {processor.py:840} INFO - DAG(s) 'example_sla_dag' retrieved from /home/airflow/.local/lib/python3.12/site-packages/airflow/example_dags/example_sla_dag.py
[2026-09-22T16:34:52.585+0000] {logging_mixin.py:188} INFO - [2026-09-22T16:34:52.585+0000] {dag.py:3089} INFO - Sync 1 DAGs
[2026-09-22T16:34:52.625+0000] {logging_mixin.py:188} INFO - [2026-09-22T16:34:52.624+0000] {dag.py:3947} INFO - Setting next_dagrun for example_sla_dag to 2026-09-22 16:32:00+00:00, run_after=2026-09-22 16:34:00+00:00
[2026-09-22T16:34:52.652+0000] {processor.py:183} INFO - Processing /home/airflow/.local/lib/python3.12/site-packages/airflow/example_dags/example_sla_dag.py took 0.137 seconds
[2026-09-22T16:35:23.036+0000] {processor.py:161} INFO - Started process (PID=1895) to work on /home/airflow/.local/lib/python3.12/site-packages/airflow/example_dags/example_sla_dag.py
[2026-09-22T16:35:23.037+0000] {processor.py:830} INFO - Processing file /home/airflow/.local/lib/python3.12/site-packages/airflow/example_dags/example_sla_dag.py for tasks to queue
[2026-09-22T16:35:23.040+0000] {logging_mixin.py:188} INFO - [2026-09-22T16:35:23.039+0000] {dagbag.py:545} INFO - Filling up the DagBag from /home/airflow/.local/lib/python3.12/site-packages/airflow/example_dags/example_sla_dag.py
[2026-09-22T16:35:23.056+0000] {processor.py:840} INFO - DAG(s) 'example_sla_dag' retrieved from /home/airflow/.local/lib/python3.12/site-packages/airflow/example_dags/example_sla_dag.py
[2026-09-22T16:35:23.084+0000] {logging_mixin.py:188} INFO - [2026-09-22T16:35:23.083+0000] {dag.py:3089} INFO - Sync 1 DAGs
[2026-09-22T16:35:23.125+0000] {logging_mixin.py:188} INFO - [2026-09-22T16:35:23.125+0000] {dag.py:3947} INFO - Setting next_dagrun for example_sla_dag to 2026-09-22 16:32:00+00:00, run_after=2026-09-22 16:34:00+00:00
[2026-09-22T16:35:23.210+0000] {processor.py:183} INFO - Processing /home/airflow/.local/lib/python3.12/site-packages/airflow/example_dags/example_sla_dag.py took 0.183 seconds
[2026-09-22T16:35:53.721+0000] {processor.py:161} INFO - Started process (PID=1953) to work on /home/airflow/.local/lib/python3.12/site-packages/airflow/example_dags/example_sla_dag.py
[2026-09-22T16:35:53.725+0000] {processor.py:830} INFO - Processing file /home/airflow/.local/lib/python3.12/site-packages/airflow/example_dags/example_sla_dag.py for tasks to queue
[2026-09-22T16:35:53.736+0000] {logging_mixin.py:188} INFO - [2026-09-22T16:35:53.735+0000] {dagbag.py:545} INFO - Filling up the DagBag from /home/airflow/.local/lib/python3.12/site-packages/airflow/example_dags/example_sla_dag.py
[2026-09-22T16:35:53.761+0000] {processor.py:840} INFO - DAG(s) 'example_sla_dag' retrieved from /home/airflow/.local/lib/python3.12/site-packages/airflow/example_dags/example_sla_dag.py
[2026-09-22T16:35:53.796+0000] {logging_mixin.py:188} INFO - [2026-09-22T16:35:53.795+0000] {dag.py:3089} INFO - Sync 1 DAGs
[2026-09-22T16:35:53.854+0000] {logging_mixin.py:188} INFO - [2026-09-22T16:35:53.854+0000] {dag.py:3947} INFO - Setting next_dagrun for example_sla_dag to 2026-09-22 16:32:00+00:00, run_after=2026-09-22 16:34:00+00:00
[2026-09-22T16:35:53.900+0000] {processor.py:183} INFO - Processing /home/airflow/.local/lib/python3.12/site-packages/airflow/example_dags/example_sla_dag.py took 0.204 seconds
[2026-09-22T16:36:24.535+0000] {processor.py:161} INFO - Started process (PID=2011) to work on /home/airflow/.local/lib/python3.12/site-packages/airflow/example_dags/example_sla_dag.py
[2026-09-22T16:36:24.537+0000] {processor.py:830} INFO - Processing file /home/airflow/.local/lib/python3.12/site-packages/airflow/example_dags/example_sla_dag.py for tasks to queue
[2026-09-22T16:36:24.540+0000] {logging_mixin.py:188} INFO - [2026-09-22T16:36:24.540+0000] {dagbag.py:545} INFO - Filling up the DagBag from /home/airflow/.local/lib/python3.12/site-packages/airflow/example_dags/example_sla_dag.py
[2026-09-22T16:36:24.559+0000] {processor.py:840} INFO - DAG(s) 'example_sla_dag' retrieved from /home/airflow/.local/lib/python3.12/site-packages/airflow/example_dags/example_sla_dag.py
[2026-09-22T16:36:24.597+0000] {logging_mixin.py:188} INFO - [2026-09-22T16:36:24.597+0000] {dag.py:3089} INFO - Sync 1 DAGs
[2026-09-22T16:36:24.643+0000] {logging_mixin.py:188} INFO - [2026-09-22T16:36:24.643+0000] {dag.py:3947} INFO - Setting next_dagrun for example_sla_dag to 2026-09-22 16:34:00+00:00, run_after=2026-09-22 16:36:00+00:00
[2026-09-22T16:36:24.694+0000] {processor.py:183} INFO - Processing /home/airflow/.local/lib/python3.12/site-packages/airflow/example_dags/example_sla_dag.py took 0.171 seconds
[2026-09-22T16:36:54.892+0000] {processor.py:161} INFO - Started process (PID=2069) to work on /home/airflow/.local/lib/python3.12/site-packages/airflow/example_dags/example_sla_dag.py
[2026-09-22T16:36:54.894+0000] {processor.py:830} INFO - Processing file /home/airflow/.local/lib/python3.12/site-packages/airflow/example_dags/example_sla_dag.py for tasks to queue
[2026-09-22T16:36:54.899+0000] {logging_mixin.py:188} INFO - [2026-09-22T16:36:54.898+0000] {dagbag.py:545} INFO - Filling up the DagBag from /home/airflow/.local/lib/python3.12/site-packages/airflow/example_dags/example_sla_dag.py
[2026-09-22T16:36:54.911+0000] {processor.py:840} INFO - DAG(s) 'example_sla_dag' retrieved from /home/airflow/.local/lib/python3.12/site-packages/airflow/example_dags/example_sla_dag.py
[2026-09-22T16:36:54.944+0000] {logging_mixin.py:188} INFO - [2026-09-22T16:36:54.944+0000] {dag.py:3089} INFO - Sync 1 DAGs
[2026-09-22T16:36:54.984+0000] {logging_mixin.py:188} INFO - [2026-09-22T16:36:54.984+0000] {dag.py:3947} INFO - Setting next_dagrun for example_sla_dag to 2026-09-22 16:34:00+00:00, run_after=2026-09-22 16:36:00+00:00
[2026-09-22T16:36:55.221+0000] {processor.py:183} INFO - Processing /home/airflow/.local/lib/python3.12/site-packages/airflow/example_dags/example_sla_dag.py took 0.340 seconds
[2026-09-22T16:37:25.992+0000] {processor.py:161} INFO - Started process (PID=2127) to work on /home/airflow/.local/lib/python3.12/site-packages/airflow/example_dags/example_sla_dag.py
[2026-09-22T16:37:25.995+0000] {processor.py:830} INFO - Processing file /home/airflow/.local/lib/python3.12/site-packages/airflow/example_dags/example_sla_dag.py for tasks to queue
[2026-09-22T16:37:25.999+0000] {logging_mixin.py:188} INFO - [2026-09-22T16:37:25.998+0000] {dagbag.py:545} INFO - Filling up the DagBag from /home/airflow/.local/lib/python3.12/site-packages/airflow/example_dags/example_sla_dag.py
[2026-09-22T16:37:26.019+0000] {processor.py:840} INFO - DAG(s) 'example_sla_dag' retrieved from /home/airflow/.local/lib/python3.12/site-packages/airflow/example_dags/example_sla_dag.py
[2026-09-22T16:37:26.048+0000] {logging_mixin.py:188} INFO - [2026-09-22T16:37:26.048+0000] {dag.py:3089} INFO - Sync 1 DAGs
[2026-09-22T16:37:26.097+0000] {logging_mixin.py:188} INFO - [2026-09-22T16:37:26.096+0000] {dag.py:3947} INFO - Setting next_dagrun for example_sla_dag to 2026-09-22 16:34:00+00:00, run_after=2026-09-22 16:36:00+00:00
[2026-09-22T16:37:26.131+0000] {processor.py:183} INFO - Processing /home/airflow/.local/lib/python3.12/site-packages/airflow/example_dags/example_sla_dag.py took 0.157 seconds
[2026-09-22T16:37:56.350+0000] {processor.py:161} INFO - Started process (PID=2185) to work on /home/airflow/.local/lib/python3.12/site-packages/airflow/example_dags/example_sla_dag.py
[2026-09-22T16:37:56.353+0000] {processor.py:830} INFO - Processing file /home/airflow/.local/lib/python3.12/site-packages/airflow/example_dags/example_sla_dag.py for tasks to queue
[2026-09-22T16:37:56.359+0000] {logging_mixin.py:188} INFO - [2026-09-22T16:37:56.358+0000] {dagbag.py:545} INFO - Filling up the DagBag from /home/airflow/.local/lib/python3.12/site-packages/airflow/example_dags/example_sla_dag.py
[2026-09-22T16:37:56.375+0000] {processor.py:840} INFO - DAG(s) 'example_sla_dag' retrieved from /home/airflow/.local/lib/python3.12/site-packages/airflow/example_dags/example_sla_dag.py
[2026-09-22T16:37:56.398+0000] {logging_mixin.py:188} INFO - [2026-09-22T16:37:56.398+0000] {dag.py:3089} INFO - Sync 1 DAGs
[2026-09-22T16:37:56.432+0000] {logging_mixin.py:188} INFO - [2026-09-22T16:37:56.431+0000] {dag.py:3947} INFO - Setting next_dagrun for example_sla_dag to 2026-09-22 16:34:00+00:00, run_after=2026-09-22 16:36:00+00:00
[2026-09-22T16:37:56.460+0000] {processor.py:183} INFO - Processing /home/airflow/.local/lib/python3.12/site-packages/airflow/example_dags/example_sla_dag.py took 0.118 seconds
[2026-09-22T16:38:27.582+0000] {processor.py:161} INFO - Started process (PID=2243) to work on /home/airflow/.local/lib/python3.12/site-packages/airflow/example_dags/example_sla_dag.py
[2026-09-22T16:38:27.584+0000] {processor.py:830} INFO - Processing file /home/airflow/.local/lib/python3.12/site-packages/airflow/example_dags/example_sla_dag.py for tasks to queue
[2026-09-22T16:38:27.587+0000] {logging_mixin.py:188} INFO - [2026-09-22T16:38:27.586+0000] {dagbag.py:545} INFO - Filling up the DagBag from /home/airflow/.local/lib/python3.12/site-packages/airflow/example_dags/example_sla_dag.py
[2026-09-22T16:38:27.599+0000] {processor.py:840} INFO - DAG(s) 'example_sla_dag' retrieved from /home/airflow/.local/lib/python3.12/site-packages/airflow/example_dags/example_sla_dag.py
[2026-09-22T16:38:27.780+0000] {logging_mixin.py:188} INFO - [2026-09-22T16:38:27.780+0000] {dag.py:3089} INFO - Sync 1 DAGs
[2026-09-22T16:38:27.810+0000] {logging_mixin.py:188} INFO - [2026-09-22T16:38:27.810+0000] {dag.py:3947} INFO - Setting next_dagrun for example_sla_dag to 2026-09-22 16:36:00+00:00, run_after=2026-09-22 16:38:00+00:00
[2026-09-22T16:38:27.840+0000] {processor.py:183} INFO - Processing /home/airflow/.local/lib/python3.12/site-packages/airflow/example_dags/example_sla_dag.py took 0.265 seconds
[2026-09-22T16:41:50.883+0000] {processor.py:161} INFO - Started process (PID=100) to work on /home/airflow/.local/lib/python3.12/site-packages/airflow/example_dags/example_sla_dag.py
[2026-09-22T16:41:50.885+0000] {processor.py:830} INFO - Processing file /home/airflow/.local/lib/python3.12/site-packages/airflow/example_dags/example_sla_dag.py for tasks to queue
[2026-09-22T16:41:50.888+0000] {logging_mixin.py:188} INFO - [2026-09-22T16:41:50.888+0000] {dagbag.py:545} INFO - Filling up the DagBag from /home/airflow/.local/lib/python3.12/site-packages/airflow/example_dags/example_sla_dag.py
[2026-09-22T16:41:50.900+0000] {processor.py:840} INFO - DAG(s) 'example_sla_dag' retrieved from /home/airflow/.local/lib/python3.12/site-packages/airflow/example_dags/example_sla_dag.py
[2026-09-22T16:41:51.060+0000] {logging_mixin.py:188} INFO - [2026-09-22T16:41:51.060+0000] {dag.py:3089} INFO - Sync 1 DAGs
[2026-09-22T16:41:51.104+0000] {logging_mixin.py:188} INFO - [2026-09-22T16:41:51.104+0000] {dag.py:3947} INFO - Setting next_dagrun for example_sla_dag to 2026-09-22 16:38:00+00:00, run_after=2026-09-22 16:40:00+00:00
[2026-09-22T16:41:51.142+0000] {processor.py:183} INFO - Processing /home/airflow/.local/lib/python3.12/site-packages/airflow/example_dags/example_sla_dag.py took 0.268 seconds
[2026-09-22T16:42:22.003+0000] {processor.py:161} INFO - Started process (PID=158) to work on /home/airflow/.local/lib/python3.12/site-packages/airflow/example_dags/example_sla_dag.py
[2026-09-22T16:42:22.004+0000] {processor.py:830} INFO - Processing file /home/airflow/.local/lib/python3.12/site-packages/airflow/example_dags/example_sla_dag.py for tasks to queue
[2026-09-22T16:42:22.008+0000] {logging_mixin.py:188} INFO - [2026-09-22T16:42:22.007+0000] {dagbag.py:545} INFO - Filling up the DagBag from /home/airflow/.local/lib/python3.12/site-packages/airflow/example_dags/example_sla_dag.py
[2026-09-22T16:42:22.026+0000] {processor.py:840} INFO - DAG(s) 'example_sla_dag' retrieved from /home/airflow/.local/lib/python3.12/site-packages/airflow/example_dags/example_sla_dag.py
[2026-09-22T16:42:22.063+0000] {logging_mixin.py:188} INFO - [2026-09-22T16:42:22.062+0000] {dag.py:3089} INFO - Sync 1 DAGs
[2026-09-22T16:42:22.106+0000] {logging_mixin.py:188} INFO - [2026-09-22T16:42:22.106+0000] {dag.py:3947} INFO - Setting next_dagrun for example_sla_dag to 2026-09-22 16:40:00+00:00, run_after=2026-09-22 16:42:00+00:00
[2026-09-22T16:42:22.140+0000] {processor.py:183} INFO - Processing /home/airflow/.local/lib/python3.12/site-packages/airflow/example_dags/example_sla_dag.py took 0.149 seconds
[2026-09-22T16:43:51.223+0000] {processor.py:161} INFO - Started process (PID=100) to work on /home/airflow/.local/lib/python3.12/site-packages/airflow/example_dags/example_sla_dag.py
[2026-09-22T16:43:51.226+0000] {processor.py:830} INFO - Processing file /home/airflow/.local/lib/python3.12/site-packages/airflow/example_dags/example_sla_dag.py for tasks to queue
[2026-09-22T16:43:51.229+0000] {logging_mixin.py:188} INFO - [2026-09-22T16:43:51.229+0000] {dagbag.py:545} INFO - Filling up the DagBag from /home/airflow/.local/lib/python3.12/site-packages/airflow/example_dags/example_sla_dag.py
[2026-09-22T16:43:51.243+0000] {processor.py:840} INFO - DAG(s) 'example_sla_dag' retrieved from /home/airflow/.local/lib/python3.12/site-packages/airflow/example_dags/example_sla_dag.py
[2026-09-22T16:43:51.380+0000] {logging_mixin.py:188} INFO - [2026-09-22T16:43:51.380+0000] {dag.py:3089} INFO - Sync 1 DAGs
[2026-09-22T16:43:51.420+0000] {logging_mixin.py:188} INFO - [2026-09-22T16:43:51.419+0000] {dag.py:3947} INFO - Setting next_dagrun for example_sla_dag to 2026-09-22 16:40:00+00:00, run_after=2026-09-22 16:42:00+00:00
[2026-09-22T16:43:51.503+0000] {processor.py:183} INFO - Processing /home/airflow/.local/lib/python3.12/site-packages/airflow/example_dags/example_sla_dag.py took 0.289 seconds
[2026-09-22T16:44:21.722+0000] {processor.py:161} INFO - Started process (PID=164) to work on /home/airflow/.local/lib/python3.12/site-packages/airflow/example_dags/example_sla_dag.py
[2026-09-22T16:44:21.724+0000] {processor.py:830} INFO - Processing file /home/airflow/.local/lib/python3.12/site-packages/airflow/example_dags/example_sla_dag.py for tasks to queue
[2026-09-22T16:44:21.727+0000] {logging_mixin.py:188} INFO - [2026-09-22T16:44:21.727+0000] {dagbag.py:545} INFO - Filling up the DagBag from /home/airflow/.local/lib/python3.12/site-packages/airflow/example_dags/example_sla_dag.py
[2026-09-22T16:44:21.741+0000] {processor.py:840} INFO - DAG(s) 'example_sla_dag' retrieved from /home/airflow/.local/lib/python3.12/site-packages/airflow/example_dags/example_sla_dag.py
[2026-09-22T16:44:21.772+0000] {logging_mixin.py:188} INFO - [2026-09-22T16:44:21.771+0000] {dag.py:3089} INFO - Sync 1 DAGs
[2026-09-22T16:44:21.807+0000] {logging_mixin.py:188} INFO - [2026-09-22T16:44:21.807+0000] {dag.py:3947} INFO - Setting next_dagrun for example_sla_dag to 2026-09-22 16:42:00+00:00, run_after=2026-09-22 16:44:00+00:00
[2026-09-22T16:44:21.874+0000] {processor.py:183} INFO - Processing /home/airflow/.local/lib/python3.12/site-packages/airflow/example_dags/example_sla_dag.py took 0.163 seconds
[2026-09-22T16:44:52.116+0000] {processor.py:161} INFO - Started process (PID=221) to work on /home/airflow/.local/lib/python3.12/site-packages/airflow/example_dags/example_sla_dag.py
[2026-09-22T16:44:52.118+0000] {processor.py:830} INFO - Processing file /home/airflow/.local/lib/python3.12/site-packages/airflow/example_dags/example_sla_dag.py for tasks to queue
[2026-09-22T16:44:52.120+0000] {logging_mixin.py:188} INFO - [2026-09-22T16:44:52.120+0000] {dagbag.py:545} INFO - Filling up the DagBag from /home/airflow/.local/lib/python3.12/site-packages/airflow/example_dags/example_sla_dag.py
[2026-09-22T16:44:52.135+0000] {processor.py:840} INFO - DAG(s) 'example_sla_dag' retrieved from /home/airflow/.local/lib/python3.12/site-packages/airflow/example_dags/example_sla_dag.py
[2026-09-22T16:44:52.168+0000] {logging_mixin.py:188} INFO - [2026-09-22T16:44:52.168+0000] {dag.py:3089} INFO - Sync 1 DAGs
[2026-09-22T16:44:52.213+0000] {logging_mixin.py:188} INFO - [2026-09-22T16:44:52.213+0000] {dag.py:3947} INFO - Setting next_dagrun for example_sla_dag to 2026-09-22 16:42:00+00:00, run_after=2026-09-22 16:44:00+00:00
[2026-09-22T16:44:52.252+0000] {processor.py:183} INFO - Processing /home/airflow/.local/lib/python3.12/site-packages/airflow/example_dags/example_sla_dag.py took 0.146 seconds
[2026-09-22T16:45:22.582+0000] {processor.py:161} INFO - Started process (PID=279) to work on /home/airflow/.local/lib/python3.12/site-packages/airflow/example_dags/example_sla_dag.py
[2026-09-22T16:45:22.586+0000] {processor.py:830} INFO - Processing file /home/airflow/.local/lib/python3.12/site-packages/airflow/example_dags/example_sla_dag.py for tasks to queue
[2026-09-22T16:45:22.589+0000] {logging_mixin.py:188} INFO - [2026-09-22T16:45:22.589+0000] {dagbag.py:545} INFO - Filling up the DagBag from /home/airflow/.local/lib/python3.12/site-packages/airflow/example_dags/example_sla_dag.py
[2026-09-22T16:45:22.605+0000] {processor.py:840} INFO - DAG(s) 'example_sla_dag' retrieved from /home/airflow/.local/lib/python3.12/site-packages/airflow/example_dags/example_sla_dag.py
[2026-09-22T16:45:22.642+0000] {logging_mixin.py:188} INFO - [2026-09-22T16:45:22.642+0000] {dag.py:3089} INFO - Sync 1 DAGs
[2026-09-22T16:45:22.690+0000] {logging_mixin.py:188} INFO - [2026-09-22T16:45:22.690+0000] {dag.py:3947} INFO - Setting next_dagrun for example_sla_dag to 2026-09-22 16:42:00+00:00, run_after=2026-09-22 16:44:00+00:00
[2026-09-22T16:45:22.788+0000] {processor.py:183} INFO - Processing /home/airflow/.local/lib/python3.12/site-packages/airflow/example_dags/example_sla_dag.py took 0.217 seconds
[2026-09-22T16:45:53.157+0000] {processor.py:161} INFO - Started process (PID=337) to work on /home/airflow/.local/lib/python3.12/site-packages/airflow/example_dags/example_sla_dag.py
[2026-09-22T16:45:53.158+0000] {processor.py:830} INFO - Processing file /home/airflow/.local/lib/python3.12/site-packages/airflow/example_dags/example_sla_dag.py for tasks to queue
[2026-09-22T16:45:53.161+0000] {logging_mixin.py:188} INFO - [2026-09-22T16:45:53.160+0000] {dagbag.py:545} INFO - Filling up the DagBag from /home/airflow/.local/lib/python3.12/site-packages/airflow/example_dags/example_sla_dag.py
[2026-09-22T16:45:53.174+0000] {processor.py:840} INFO - DAG(s) 'example_sla_dag' retrieved from /home/airflow/.local/lib/python3.12/site-packages/airflow/example_dags/example_sla_dag.py
[2026-09-22T16:45:53.203+0000] {logging_mixin.py:188} INFO - [2026-09-22T16:45:53.202+0000] {dag.py:3089} INFO - Sync 1 DAGs
[2026-09-22T16:45:53.243+0000] {logging_mixin.py:188} INFO - [2026-09-22T16:45:53.242+0000] {dag.py:3947} INFO - Setting next_dagrun for example_sla_dag to 2026-09-22 16:42:00+00:00, run_after=2026-09-22 16:44:00+00:00
[2026-09-22T16:45:53.304+0000] {processor.py:183} INFO - Processing /home/airflow/.local/lib/python3.12/site-packages/airflow/example_dags/example_sla_dag.py took 0.156 seconds
[2026-09-22T16:46:23.614+0000] {processor.py:161} INFO - Started process (PID=395) to work on /home/airflow/.local/lib/python3.12/site-packages/airflow/example_dags/example_sla_dag.py
[2026-09-22T16:46:23.615+0000] {processor.py:830} INFO - Processing file /home/airflow/.local/lib/python3.12/site-packages/airflow/example_dags/example_sla_dag.py for tasks to queue
[2026-09-22T16:46:23.619+0000] {logging_mixin.py:188} INFO - [2026-09-22T16:46:23.618+0000] {dagbag.py:545} INFO - Filling up the DagBag from /home/airflow/.local/lib/python3.12/site-packages/airflow/example_dags/example_sla_dag.py
[2026-09-22T16:46:23.629+0000] {processor.py:840} INFO - DAG(s) 'example_sla_dag' retrieved from /home/airflow/.local/lib/python3.12/site-packages/airflow/example_dags/example_sla_dag.py
[2026-09-22T16:46:23.669+0000] {logging_mixin.py:188} INFO - [2026-09-22T16:46:23.668+0000] {dag.py:3089} INFO - Sync 1 DAGs
[2026-09-22T16:46:23.717+0000] {logging_mixin.py:188} INFO - [2026-09-22T16:46:23.716+0000] {dag.py:3947} INFO - Setting next_dagrun for example_sla_dag to 2026-09-22 16:44:00+00:00, run_after=2026-09-22 16:46:00+00:00
[2026-09-22T16:46:23.810+0000] {processor.py:183} INFO - Processing /home/airflow/.local/lib/python3.12/site-packages/airflow/example_dags/example_sla_dag.py took 0.203 seconds
[2026-09-22T16:46:54.569+0000] {processor.py:161} INFO - Started process (PID=453) to work on /home/airflow/.local/lib/python3.12/site-packages/airflow/example_dags/example_sla_dag.py
[2026-09-22T16:46:54.570+0000] {processor.py:830} INFO - Processing file /home/airflow/.local/lib/python3.12/site-packages/airflow/example_dags/example_sla_dag.py for tasks to queue
[2026-09-22T16:46:54.574+0000] {logging_mixin.py:188} INFO - [2026-09-22T16:46:54.574+0000] {dagbag.py:545} INFO - Filling up the DagBag from /home/airflow/.local/lib/python3.12/site-packages/airflow/example_dags/example_sla_dag.py
[2026-09-22T16:46:54.586+0000] {processor.py:840} INFO - DAG(s) 'example_sla_dag' retrieved from /home/airflow/.local/lib/python3.12/site-packages/airflow/example_dags/example_sla_dag.py
[2026-09-22T16:46:54.619+0000] {logging_mixin.py:188} INFO - [2026-09-22T16:46:54.619+0000] {dag.py:3089} INFO - Sync 1 DAGs
[2026-09-22T16:46:54.661+0000] {logging_mixin.py:188} INFO - [2026-09-22T16:46:54.660+0000] {dag.py:3947} INFO - Setting next_dagrun for example_sla_dag to 2026-09-22 16:44:00+00:00, run_after=2026-09-22 16:46:00+00:00
[2026-09-22T16:46:54.711+0000] {processor.py:183} INFO - Processing /home/airflow/.local/lib/python3.12/site-packages/airflow/example_dags/example_sla_dag.py took 0.150 seconds
[2026-09-22T16:47:24.808+0000] {processor.py:161} INFO - Started process (PID=511) to work on /home/airflow/.local/lib/python3.12/site-packages/airflow/example_dags/example_sla_dag.py
[2026-09-22T16:47:24.810+0000] {processor.py:830} INFO - Processing file /home/airflow/.local/lib/python3.12/site-packages/airflow/example_dags/example_sla_dag.py for tasks to queue
[2026-09-22T16:47:24.813+0000] {logging_mixin.py:188} INFO - [2026-09-22T16:47:24.812+0000] {dagbag.py:545} INFO - Filling up the DagBag from /home/airflow/.local/lib/python3.12/site-packages/airflow/example_dags/example_sla_dag.py
[2026-09-22T16:47:24.830+0000] {processor.py:840} INFO - DAG(s) 'example_sla_dag' retrieved from /home/airflow/.local/lib/python3.12/site-packages/airflow/example_dags/example_sla_dag.py
[2026-09-22T16:47:24.863+0000] {logging_mixin.py:188} INFO - [2026-09-22T16:47:24.862+0000] {dag.py:3089} INFO - Sync 1 DAGs
[2026-09-22T16:47:24.914+0000] {logging_mixin.py:188} INFO - [2026-09-22T16:47:24.914+0000] {dag.py:3947} INFO - Setting next_dagrun for example_sla_dag to 2026-09-22 16:44:00+00:00, run_after=2026-09-22 16:46:00+00:00
[2026-09-22T16:47:24.944+0000] {processor.py:183} INFO - Processing /home/airflow/.local/lib/python3.12/site-packages/airflow/example_dags/example_sla_dag.py took 0.145 seconds
[2026-09-22T16:47:55.264+0000] {processor.py:161} INFO - Started process (PID=569) to work on /home/airflow/.local/lib/python3.12/site-packages/airflow/example_dags/example_sla_dag.py
[2026-09-22T16:47:55.265+0000] {processor.py:830} INFO - Processing file /home/airflow/.local/lib/python3.12/site-packages/airflow/example_dags/example_sla_dag.py for tasks to queue
[2026-09-22T16:47:55.269+0000] {logging_mixin.py:188} INFO - [2026-09-22T16:47:55.268+0000] {dagbag.py:545} INFO - Filling up the DagBag from /home/airflow/.local/lib/python3.12/site-packages/airflow/example_dags/example_sla_dag.py
[2026-09-22T16:47:55.282+0000] {processor.py:840} INFO - DAG(s) 'example_sla_dag' retrieved from /home/airflow/.local/lib/python3.12/site-packages/airflow/example_dags/example_sla_dag.py
[2026-09-22T16:47:55.304+0000] {logging_mixin.py:188} INFO - [2026-09-22T16:47:55.304+0000] {dag.py:3089} INFO - Sync 1 DAGs
[2026-09-22T16:47:55.332+0000] {logging_mixin.py:188} INFO - [2026-09-22T16:47:55.332+0000] {dag.py:3947} INFO - Setting next_dagrun for example_sla_dag to 2026-09-22 16:44:00+00:00, run_after=2026-09-22 16:46:00+00:00
[2026-09-22T16:47:55.421+0000] {processor.py:183} INFO - Processing /home/airflow/.local/lib/python3.12/site-packages/airflow/example_dags/example_sla_dag.py took 0.167 seconds
[2026-09-22T16:48:26.283+0000] {processor.py:161} INFO - Started process (PID=627) to work on /home/airflow/.local/lib/python3.12/site-packages/airflow/example_dags/example_sla_dag.py
[2026-09-22T16:48:26.284+0000] {processor.py:830} INFO - Processing file /home/airflow/.local/lib/python3.12/site-packages/airflow/example_dags/example_sla_dag.py for tasks to queue
[2026-09-22T16:48:26.287+0000] {logging_mixin.py:188} INFO - [2026-09-22T16:48:26.287+0000] {dagbag.py:545} INFO - Filling up the DagBag from /home/airflow/.local/lib/python3.12/site-packages/airflow/example_dags/example_sla_dag.py
[2026-09-22T16:48:26.298+0000] {processor.py:840} INFO - DAG(s) 'example_sla_dag' retrieved from /home/airflow/.local/lib/python3.12/site-packages/airflow/example_dags/example_sla_dag.py
[2026-09-22T16:48:26.323+0000] {logging_mixin.py:188} INFO - [2026-09-22T16:48:26.323+0000] {dag.py:3089} INFO - Sync 1 DAGs
[2026-09-22T16:48:26.354+0000] {logging_mixin.py:188} INFO - [2026-09-22T16:48:26.354+0000] {dag.py:3947} INFO - Setting next_dagrun for example_sla_dag to 2026-09-22 16:46:00+00:00, run_after=2026-09-22 16:48:00+00:00
[2026-09-22T16:48:26.437+0000] {processor.py:183} INFO - Processing /home/airflow/.local/lib/python3.12/site-packages/airflow/example_dags/example_sla_dag.py took 0.162 seconds
[2026-09-22T16:48:57.460+0000] {processor.py:161} INFO - Started process (PID=685) to work on /home/airflow/.local/lib/python3.12/site-packages/airflow/example_dags/example_sla_dag.py
[2026-09-22T16:48:57.463+0000] {processor.py:830} INFO - Processing file /home/airflow/.local/lib/python3.12/site-packages/airflow/example_dags/example_sla_dag.py for tasks to queue
[2026-09-22T16:48:57.467+0000] {logging_mixin.py:188} INFO - [2026-09-22T16:48:57.466+0000] {dagbag.py:545} INFO - Filling up the DagBag from /home/airflow/.local/lib/python3.12/site-packages/airflow/example_dags/example_sla_dag.py
[2026-09-22T16:48:57.482+0000] {processor.py:840} INFO - DAG(s) 'example_sla_dag' retrieved from /home/airflow/.local/lib/python3.12/site-packages/airflow/example_dags/example_sla_dag.py
[2026-09-22T16:48:57.513+0000] {logging_mixin.py:188} INFO - [2026-09-22T16:48:57.512+0000] {dag.py:3089} INFO - Sync 1 DAGs
[2026-09-22T16:48:57.557+0000] {logging_mixin.py:188} INFO - [2026-09-22T16:48:57.556+0000] {dag.py:3947} INFO - Setting next_dagrun for example_sla_dag to 2026-09-22 16:46:00+00:00, run_after=2026-09-22 16:48:00+00:00
[2026-09-22T16:48:57.596+0000] {processor.py:183} INFO - Processing /home/airflow/.local/lib/python3.12/site-packages/airflow/example_dags/example_sla_dag.py took 0.148 seconds
[2026-09-22T16:49:28.673+0000] {processor.py:161} INFO - Started process (PID=744) to work on /home/airflow/.local/lib/python3.12/site-packages/airflow/example_dags/example_sla_dag.py
[2026-09-22T16:49:28.675+0000] {processor.py:830} INFO - Processing file /home/airflow/.local/lib/python3.12/site-packages/airflow/example_dags/example_sla_dag.py for tasks to queue
[2026-09-22T16:49:28.680+0000] {logging_mixin.py:188} INFO - [2026-09-22T16:49:28.679+0000] {dagbag.py:545} INFO - Filling up the DagBag from /home/airflow/.local/lib/python3.12/site-packages/airflow/example_dags/example_sla_dag.py
[2026-09-22T16:49:28.697+0000] {processor.py:840} INFO - DAG(s) 'example_sla_dag' retrieved from /home/airflow/.local/lib/python3.12/site-packages/airflow/example_dags/example_sla_dag.py
[2026-09-22T16:49:28.740+0000] {logging_mixin.py:188} INFO - [2026-09-22T16:49:28.738+0000] {dag.py:3089} INFO - Sync 1 DAGs
[2026-09-22T16:49:28.803+0000] {logging_mixin.py:188} INFO - [2026-09-22T16:49:28.802+0000] {dag.py:3947} INFO - Setting next_dagrun for example_sla_dag to 2026-09-22 16:46:00+00:00, run_after=2026-09-22 16:48:00+00:00
[2026-09-22T16:49:28.884+0000] {processor.py:183} INFO - Processing /home/airflow/.local/lib/python3.12/site-packages/airflow/example_dags/example_sla_dag.py took 0.222 seconds
[2026-09-22T16:49:59.594+0000] {processor.py:161} INFO - Started process (PID=802) to work on /home/airflow/.local/lib/python3.12/site-packages/airflow/example_dags/example_sla_dag.py
[2026-09-22T16:49:59.598+0000] {processor.py:830} INFO - Processing file /home/airflow/.local/lib/python3.12/site-packages/airflow/example_dags/example_sla_dag.py for tasks to queue
[2026-09-22T16:49:59.603+0000] {logging_mixin.py:188} INFO - [2026-09-22T16:49:59.602+0000] {dagbag.py:545} INFO - Filling up the DagBag from /home/airflow/.local/lib/python3.12/site-packages/airflow/example_dags/example_sla_dag.py
[2026-09-22T16:49:59.624+0000] {processor.py:840} INFO - DAG(s) 'example_sla_dag' retrieved from /home/airflow/.local/lib/python3.12/site-packages/airflow/example_dags/example_sla_dag.py
[2026-09-22T16:49:59.663+0000] {logging_mixin.py:188} INFO - [2026-09-22T16:49:59.662+0000] {dag.py:3089} INFO - Sync 1 DAGs
[2026-09-22T16:49:59.701+0000] {logging_mixin.py:188} INFO - [2026-09-22T16:49:59.700+0000] {dag.py:3947} INFO - Setting next_dagrun for example_sla_dag to 2026-09-22 16:46:00+00:00, run_after=2026-09-22 16:48:00+00:00
[2026-09-22T16:49:59.782+0000] {processor.py:183} INFO - Processing /home/airflow/.local/lib/python3.12/site-packages/airflow/example_dags/example_sla_dag.py took 0.200 seconds
[2026-09-22T16:50:30.121+0000] {processor.py:161} INFO - Started process (PID=861) to work on /home/airflow/.local/lib/python3.12/site-packages/airflow/example_dags/example_sla_dag.py
[2026-09-22T16:50:30.124+0000] {processor.py:830} INFO - Processing file /home/airflow/.local/lib/python3.12/site-packages/airflow/example_dags/example_sla_dag.py for tasks to queue
[2026-09-22T16:50:30.127+0000] {logging_mixin.py:188} INFO - [2026-09-22T16:50:30.127+0000] {dagbag.py:545} INFO - Filling up the DagBag from /home/airflow/.local/lib/python3.12/site-packages/airflow/example_dags/example_sla_dag.py
[2026-09-22T16:50:30.141+0000] {processor.py:840} INFO - DAG(s) 'example_sla_dag' retrieved from /home/airflow/.local/lib/python3.12/site-packages/airflow/example_dags/example_sla_dag.py
[2026-09-22T16:50:30.169+0000] {logging_mixin.py:188} INFO - [2026-09-22T16:50:30.169+0000] {dag.py:3089} INFO - Sync 1 DAGs
[2026-09-22T16:50:30.202+0000] {logging_mixin.py:188} INFO - [2026-09-22T16:50:30.202+0000] {dag.py:3947} INFO - Setting next_dagrun for example_sla_dag to 2026-09-22 16:48:00+00:00, run_after=2026-09-22 16:50:00+00:00
[2026-09-22T16:50:30.234+0000] {processor.py:183} INFO - Processing /home/airflow/.local/lib/python3.12/site-packages/airflow/example_dags/example_sla_dag.py took 0.125 seconds
[2026-09-22T16:51:00.906+0000] {processor.py:161} INFO - Started process (PID=919) to work on /home/airflow/.local/lib/python3.12/site-packages/airflow/example_dags/example_sla_dag.py
[2026-09-22T16:51:00.910+0000] {processor.py:830} INFO - Processing file /home/airflow/.local/lib/python3.12/site-packages/airflow/example_dags/example_sla_dag.py for tasks to queue
[2026-09-22T16:51:00.917+0000] {logging_mixin.py:188} INFO - [2026-09-22T16:51:00.916+0000] {dagbag.py:545} INFO - Filling up the DagBag from /home/airflow/.local/lib/python3.12/site-packages/airflow/example_dags/example_sla_dag.py
[2026-09-22T16:51:00.960+0000] {processor.py:840} INFO - DAG(s) 'example_sla_dag' retrieved from /home/airflow/.local/lib/python3.12/site-packages/airflow/example_dags/example_sla_dag.py
[2026-09-22T16:51:01.062+0000] {logging_mixin.py:188} INFO - [2026-09-22T16:51:01.061+0000] {dag.py:3089} INFO - Sync 1 DAGs
[2026-09-22T16:51:01.167+0000] {logging_mixin.py:188} INFO - [2026-09-22T16:51:01.167+0000] {dag.py:3947} INFO - Setting next_dagrun for example_sla_dag to 2026-09-22 16:48:00+00:00, run_after=2026-09-22 16:50:00+00:00
[2026-09-22T16:51:01.268+0000] {processor.py:183} INFO - Processing /home/airflow/.local/lib/python3.12/site-packages/airflow/example_dags/example_sla_dag.py took 0.382 seconds
[2026-09-22T16:51:32.300+0000] {processor.py:161} INFO - Started process (PID=977) to work on /home/airflow/.local/lib/python3.12/site-packages/airflow/example_dags/example_sla_dag.py
[2026-09-22T16:51:32.301+0000] {processor.py:830} INFO - Processing file /home/airflow/.local/lib/python3.12/site-packages/airflow/example_dags/example_sla_dag.py for tasks to queue
[2026-09-22T16:51:32.305+0000] {logging_mixin.py:188} INFO - [2026-09-22T16:51:32.304+0000] {dagbag.py:545} INFO - Filling up the DagBag from /home/airflow/.local/lib/python3.12/site-packages/airflow/example_dags/example_sla_dag.py
[2026-09-22T16:51:32.325+0000] {processor.py:840} INFO - DAG(s) 'example_sla_dag' retrieved from /home/airflow/.local/lib/python3.12/site-packages/airflow/example_dags/example_sla_dag.py
[2026-09-22T16:51:32.363+0000] {logging_mixin.py:188} INFO - [2026-09-22T16:51:32.362+0000] {dag.py:3089} INFO - Sync 1 DAGs
[2026-09-22T16:51:32.410+0000] {logging_mixin.py:188} INFO - [2026-09-22T16:51:32.409+0000] {dag.py:3947} INFO - Setting next_dagrun for example_sla_dag to 2026-09-22 16:48:00+00:00, run_after=2026-09-22 16:50:00+00:00
[2026-09-22T16:51:32.452+0000] {processor.py:183} INFO - Processing /home/airflow/.local/lib/python3.12/site-packages/airflow/example_dags/example_sla_dag.py took 0.162 seconds
[2026-09-22T16:52:24.203+0000] {processor.py:161} INFO - Started process (PID=1027) to work on /home/airflow/.local/lib/python3.12/site-packages/airflow/example_dags/example_sla_dag.py
[2026-09-22T16:52:24.205+0000] {processor.py:830} INFO - Processing file /home/airflow/.local/lib/python3.12/site-packages/airflow/example_dags/example_sla_dag.py for tasks to queue
[2026-09-22T16:52:24.208+0000] {logging_mixin.py:188} INFO - [2026-09-22T16:52:24.208+0000] {dagbag.py:545} INFO - Filling up the DagBag from /home/airflow/.local/lib/python3.12/site-packages/airflow/example_dags/example_sla_dag.py
[2026-09-22T16:52:24.218+0000] {processor.py:840} INFO - DAG(s) 'example_sla_dag' retrieved from /home/airflow/.local/lib/python3.12/site-packages/airflow/example_dags/example_sla_dag.py
[2026-09-22T16:52:24.243+0000] {logging_mixin.py:188} INFO - [2026-09-22T16:52:24.243+0000] {dag.py:3089} INFO - Sync 1 DAGs
[2026-09-22T16:52:24.300+0000] {logging_mixin.py:188} INFO - [2026-09-22T16:52:24.299+0000] {dag.py:3947} INFO - Setting next_dagrun for example_sla_dag to 2026-09-22 16:50:00+00:00, run_after=2026-09-22 16:52:00+00:00
[2026-09-22T16:52:24.335+0000] {processor.py:183} INFO - Processing /home/airflow/.local/lib/python3.12/site-packages/airflow/example_dags/example_sla_dag.py took 0.140 seconds
[2026-09-22T16:52:55.277+0000] {processor.py:161} INFO - Started process (PID=1085) to work on /home/airflow/.local/lib/python3.12/site-packages/airflow/example_dags/example_sla_dag.py
[2026-09-22T16:52:55.279+0000] {processor.py:830} INFO - Processing file /home/airflow/.local/lib/python3.12/site-packages/airflow/example_dags/example_sla_dag.py for tasks to queue
[2026-09-22T16:52:55.282+0000] {logging_mixin.py:188} INFO - [2026-09-22T16:52:55.282+0000] {dagbag.py:545} INFO - Filling up the DagBag from /home/airflow/.local/lib/python3.12/site-packages/airflow/example_dags/example_sla_dag.py
[2026-09-22T16:52:55.291+0000] {processor.py:840} INFO - DAG(s) 'example_sla_dag' retrieved from /home/airflow/.local/lib/python3.12/site-packages/airflow/example_dags/example_sla_dag.py
[2026-09-22T16:52:55.313+0000] {logging_mixin.py:188} INFO - [2026-09-22T16:52:55.312+0000] {dag.py:3089} INFO - Sync 1 DAGs
[2026-09-22T16:52:55.345+0000] {logging_mixin.py:188} INFO - [2026-09-22T16:52:55.345+0000] {dag.py:3947} INFO - Setting next_dagrun for example_sla_dag to 2026-09-22 16:50:00+00:00, run_after=2026-09-22 16:52:00+00:00
[2026-09-22T16:52:55.372+0000] {processor.py:183} INFO - Processing /home/airflow/.local/lib/python3.12/site-packages/airflow/example_dags/example_sla_dag.py took 0.101 seconds
[2026-09-22T16:53:25.539+0000] {processor.py:161} INFO - Started process (PID=1149) to work on /home/airflow/.local/lib/python3.12/site-packages/airflow/example_dags/example_sla_dag.py
[2026-09-22T16:53:25.540+0000] {processor.py:830} INFO - Processing file /home/airflow/.local/lib/python3.12/site-packages/airflow/example_dags/example_sla_dag.py for tasks to queue
[2026-09-22T16:53:25.542+0000] {logging_mixin.py:188} INFO - [2026-09-22T16:53:25.542+0000] {dagbag.py:545} INFO - Filling up the DagBag from /home/airflow/.local/lib/python3.12/site-packages/airflow/example_dags/example_sla_dag.py
[2026-09-22T16:53:25.551+0000] {processor.py:840} INFO - DAG(s) 'example_sla_dag' retrieved from /home/airflow/.local/lib/python3.12/site-packages/airflow/example_dags/example_sla_dag.py
[2026-09-22T16:53:25.581+0000] {logging_mixin.py:188} INFO - [2026-09-22T16:53:25.580+0000] {dag.py:3089} INFO - Sync 1 DAGs
[2026-09-22T16:53:25.623+0000] {logging_mixin.py:188} INFO - [2026-09-22T16:53:25.622+0000] {dag.py:3947} INFO - Setting next_dagrun for example_sla_dag to 2026-09-22 16:50:00+00:00, run_after=2026-09-22 16:52:00+00:00
[2026-09-22T16:53:25.656+0000] {processor.py:183} INFO - Processing /home/airflow/.local/lib/python3.12/site-packages/airflow/example_dags/example_sla_dag.py took 0.123 seconds
[2026-09-22T16:53:55.787+0000] {processor.py:161} INFO - Started process (PID=1207) to work on /home/airflow/.local/lib/python3.12/site-packages/airflow/example_dags/example_sla_dag.py
[2026-09-22T16:53:55.788+0000] {processor.py:830} INFO - Processing file /home/airflow/.local/lib/python3.12/site-packages/airflow/example_dags/example_sla_dag.py for tasks to queue
[2026-09-22T16:53:55.790+0000] {logging_mixin.py:188} INFO - [2026-09-22T16:53:55.790+0000] {dagbag.py:545} INFO - Filling up the DagBag from /home/airflow/.local/lib/python3.12/site-packages/airflow/example_dags/example_sla_dag.py
[2026-09-22T16:53:55.798+0000] {processor.py:840} INFO - DAG(s) 'example_sla_dag' retrieved from /home/airflow/.local/lib/python3.12/site-packages/airflow/example_dags/example_sla_dag.py
[2026-09-22T16:53:55.818+0000] {logging_mixin.py:188} INFO - [2026-09-22T16:53:55.817+0000] {dag.py:3089} INFO - Sync 1 DAGs
[2026-09-22T16:53:55.839+0000] {logging_mixin.py:188} INFO - [2026-09-22T16:53:55.839+0000] {dag.py:3947} INFO - Setting next_dagrun for example_sla_dag to 2026-09-22 16:50:00+00:00, run_after=2026-09-22 16:52:00+00:00
[2026-09-22T16:53:55.861+0000] {processor.py:183} INFO - Processing /home/airflow/.local/lib/python3.12/site-packages/airflow/example_dags/example_sla_dag.py took 0.080 seconds
[2026-09-22T16:54:25.978+0000] {processor.py:161} INFO - Started process (PID=1265) to work on /home/airflow/.local/lib/python3.12/site-packages/airflow/example_dags/example_sla_dag.py
[2026-09-22T16:54:25.979+0000] {processor.py:830} INFO - Processing file /home/airflow/.local/lib/python3.12/site-packages/airflow/example_dags/example_sla_dag.py for tasks to queue
[2026-09-22T16:54:25.980+0000] {logging_mixin.py:188} INFO - [2026-09-22T16:54:25.980+0000] {dagbag.py:545} INFO - Filling up the DagBag from /home/airflow/.local/lib/python3.12/site-packages/airflow/example_dags/example_sla_dag.py
[2026-09-22T16:54:25.988+0000] {processor.py:840} INFO - DAG(s) 'example_sla_dag' retrieved from /home/airflow/.local/lib/python3.12/site-packages/airflow/example_dags/example_sla_dag.py
[2026-09-22T16:54:26.006+0000] {logging_mixin.py:188} INFO - [2026-09-22T16:54:26.006+0000] {dag.py:3089} INFO - Sync 1 DAGs
[2026-09-22T16:54:26.031+0000] {logging_mixin.py:188} INFO - [2026-09-22T16:54:26.031+0000] {dag.py:3947} INFO - Setting next_dagrun for example_sla_dag to 2026-09-22 16:52:00+00:00, run_after=2026-09-22 16:54:00+00:00
[2026-09-22T16:54:26.055+0000] {processor.py:183} INFO - Processing /home/airflow/.local/lib/python3.12/site-packages/airflow/example_dags/example_sla_dag.py took 0.082 seconds
[2026-09-22T16:54:56.473+0000] {processor.py:161} INFO - Started process (PID=1323) to work on /home/airflow/.local/lib/python3.12/site-packages/airflow/example_dags/example_sla_dag.py
[2026-09-22T16:54:56.475+0000] {processor.py:830} INFO - Processing file /home/airflow/.local/lib/python3.12/site-packages/airflow/example_dags/example_sla_dag.py for tasks to queue
[2026-09-22T16:54:56.477+0000] {logging_mixin.py:188} INFO - [2026-09-22T16:54:56.476+0000] {dagbag.py:545} INFO - Filling up the DagBag from /home/airflow/.local/lib/python3.12/site-packages/airflow/example_dags/example_sla_dag.py
[2026-09-22T16:54:56.484+0000] {processor.py:840} INFO - DAG(s) 'example_sla_dag' retrieved from /home/airflow/.local/lib/python3.12/site-packages/airflow/example_dags/example_sla_dag.py
[2026-09-22T16:54:56.511+0000] {logging_mixin.py:188} INFO - [2026-09-22T16:54:56.510+0000] {dag.py:3089} INFO - Sync 1 DAGs
[2026-09-22T16:54:56.555+0000] {logging_mixin.py:188} INFO - [2026-09-22T16:54:56.554+0000] {dag.py:3947} INFO - Setting next_dagrun for example_sla_dag to 2026-09-22 16:52:00+00:00, run_after=2026-09-22 16:54:00+00:00
[2026-09-22T16:54:56.583+0000] {processor.py:183} INFO - Processing /home/airflow/.local/lib/python3.12/site-packages/airflow/example_dags/example_sla_dag.py took 0.116 seconds
[2026-09-22T16:55:26.855+0000] {processor.py:161} INFO - Started process (PID=1381) to work on /home/airflow/.local/lib/python3.12/site-packages/airflow/example_dags/example_sla_dag.py
[2026-09-22T16:55:26.856+0000] {processor.py:830} INFO - Processing file /home/airflow/.local/lib/python3.12/site-packages/airflow/example_dags/example_sla_dag.py for tasks to queue
[2026-09-22T16:55:26.858+0000] {logging_mixin.py:188} INFO - [2026-09-22T16:55:26.858+0000] {dagbag.py:545} INFO - Filling up the DagBag from /home/airflow/.local/lib/python3.12/site-packages/airflow/example_dags/example_sla_dag.py
[2026-09-22T16:55:26.865+0000] {processor.py:840} INFO - DAG(s) 'example_sla_dag' retrieved from /home/airflow/.local/lib/python3.12/site-packages/airflow/example_dags/example_sla_dag.py
[2026-09-22T16:55:26.884+0000] {logging_mixin.py:188} INFO - [2026-09-22T16:55:26.884+0000] {dag.py:3089} INFO - Sync 1 DAGs
[2026-09-22T16:55:26.910+0000] {logging_mixin.py:188} INFO - [2026-09-22T16:55:26.910+0000] {dag.py:3947} INFO - Setting next_dagrun for example_sla_dag to 2026-09-22 16:52:00+00:00, run_after=2026-09-22 16:54:00+00:00
[2026-09-22T16:55:26.930+0000] {processor.py:183} INFO - Processing /home/airflow/.local/lib/python3.12/site-packages/airflow/example_dags/example_sla_dag.py took 0.081 seconds
[2026-09-22T16:55:57.234+0000] {processor.py:161} INFO - Started process (PID=1439) to work on /home/airflow/.local/lib/python3.12/site-packages/airflow/example_dags/example_sla_dag.py
[2026-09-22T16:55:57.236+0000] {processor.py:830} INFO - Processing file /home/airflow/.local/lib/python3.12/site-packages/airflow/example_dags/example_sla_dag.py for tasks to queue
[2026-09-22T16:55:57.239+0000] {logging_mixin.py:188} INFO - [2026-09-22T16:55:57.238+0000] {dagbag.py:545} INFO - Filling up the DagBag from /home/airflow/.local/lib/python3.12/site-packages/airflow/example_dags/example_sla_dag.py
[2026-09-22T16:55:57.247+0000] {processor.py:840} INFO - DAG(s) 'example_sla_dag' retrieved from /home/airflow/.local/lib/python3.12/site-packages/airflow/example_dags/example_sla_dag.py
[2026-09-22T16:55:57.266+0000] {logging_mixin.py:188} INFO - [2026-09-22T16:55:57.266+0000] {dag.py:3089} INFO - Sync 1 DAGs
[2026-09-22T16:55:57.290+0000] {logging_mixin.py:188} INFO - [2026-09-22T16:55:57.289+0000] {dag.py:3947} INFO - Setting next_dagrun for example_sla_dag to 2026-09-22 16:52:00+00:00, run_after=2026-09-22 16:54:00+00:00
[2026-09-22T16:55:57.311+0000] {processor.py:183} INFO - Processing /home/airflow/.local/lib/python3.12/site-packages/airflow/example_dags/example_sla_dag.py took 0.081 seconds
[2026-09-22T16:56:28.185+0000] {processor.py:161} INFO - Started process (PID=1497) to work on /home/airflow/.local/lib/python3.12/site-packages/airflow/example_dags/example_sla_dag.py
[2026-09-22T16:56:28.186+0000] {processor.py:830} INFO - Processing file /home/airflow/.local/lib/python3.12/site-packages/airflow/example_dags/example_sla_dag.py for tasks to queue
[2026-09-22T16:56:28.188+0000] {logging_mixin.py:188} INFO - [2026-09-22T16:56:28.188+0000] {dagbag.py:545} INFO - Filling up the DagBag from /home/airflow/.local/lib/python3.12/site-packages/airflow/example_dags/example_sla_dag.py
[2026-09-22T16:56:28.196+0000] {processor.py:840} INFO - DAG(s) 'example_sla_dag' retrieved from /home/airflow/.local/lib/python3.12/site-packages/airflow/example_dags/example_sla_dag.py
[2026-09-22T16:56:28.215+0000] {logging_mixin.py:188} INFO - [2026-09-22T16:56:28.215+0000] {dag.py:3089} INFO - Sync 1 DAGs
[2026-09-22T16:56:28.239+0000] {logging_mixin.py:188} INFO - [2026-09-22T16:56:28.239+0000] {dag.py:3947} INFO - Setting next_dagrun for example_sla_dag to 2026-09-22 16:54:00+00:00, run_after=2026-09-22 16:56:00+00:00
[2026-09-22T16:56:28.262+0000] {processor.py:183} INFO - Processing /home/airflow/.local/lib/python3.12/site-packages/airflow/example_dags/example_sla_dag.py took 0.083 seconds
[2026-09-22T16:58:05.926+0000] {processor.py:161} INFO - Started process (PID=117) to work on /home/airflow/.local/lib/python3.12/site-packages/airflow/example_dags/example_sla_dag.py
[2026-09-22T16:58:05.928+0000] {processor.py:830} INFO - Processing file /home/airflow/.local/lib/python3.12/site-packages/airflow/example_dags/example_sla_dag.py for tasks to queue
[2026-09-22T16:58:05.931+0000] {logging_mixin.py:188} INFO - [2026-09-22T16:58:05.930+0000] {dagbag.py:545} INFO - Filling up the DagBag from /home/airflow/.local/lib/python3.12/site-packages/airflow/example_dags/example_sla_dag.py
[2026-09-22T16:58:05.946+0000] {processor.py:840} INFO - DAG(s) 'example_sla_dag' retrieved from /home/airflow/.local/lib/python3.12/site-packages/airflow/example_dags/example_sla_dag.py
[2026-09-22T16:58:06.078+0000] {logging_mixin.py:188} INFO - [2026-09-22T16:58:06.078+0000] {dag.py:3089} INFO - Sync 1 DAGs
[2026-09-22T16:58:06.106+0000] {logging_mixin.py:188} INFO - [2026-09-22T16:58:06.106+0000] {dag.py:3947} INFO - Setting next_dagrun for example_sla_dag to 2026-09-22 16:56:00+00:00, run_after=2026-09-22 16:58:00+00:00
[2026-09-22T16:58:06.134+0000] {processor.py:183} INFO - Processing /home/airflow/.local/lib/python3.12/site-packages/airflow/example_dags/example_sla_dag.py took 0.217 seconds
[2026-09-22T16:58:36.997+0000] {processor.py:161} INFO - Started process (PID=175) to work on /home/airflow/.local/lib/python3.12/site-packages/airflow/example_dags/example_sla_dag.py
[2026-09-22T16:58:36.998+0000] {processor.py:830} INFO - Processing file /home/airflow/.local/lib/python3.12/site-packages/airflow/example_dags/example_sla_dag.py for tasks to queue
[2026-09-22T16:58:37.001+0000] {logging_mixin.py:188} INFO - [2026-09-22T16:58:37.001+0000] {dagbag.py:545} INFO - Filling up the DagBag from /home/airflow/.local/lib/python3.12/site-packages/airflow/example_dags/example_sla_dag.py
[2026-09-22T16:58:37.009+0000] {processor.py:840} INFO - DAG(s) 'example_sla_dag' retrieved from /home/airflow/.local/lib/python3.12/site-packages/airflow/example_dags/example_sla_dag.py
[2026-09-22T16:58:37.028+0000] {logging_mixin.py:188} INFO - [2026-09-22T16:58:37.028+0000] {dag.py:3089} INFO - Sync 1 DAGs
[2026-09-22T16:58:37.049+0000] {logging_mixin.py:188} INFO - [2026-09-22T16:58:37.049+0000] {dag.py:3947} INFO - Setting next_dagrun for example_sla_dag to 2026-09-22 16:56:00+00:00, run_after=2026-09-22 16:58:00+00:00
[2026-09-22T16:58:37.072+0000] {processor.py:183} INFO - Processing /home/airflow/.local/lib/python3.12/site-packages/airflow/example_dags/example_sla_dag.py took 0.081 seconds
[2026-09-22T16:59:08.008+0000] {processor.py:161} INFO - Started process (PID=233) to work on /home/airflow/.local/lib/python3.12/site-packages/airflow/example_dags/example_sla_dag.py
[2026-09-22T16:59:08.009+0000] {processor.py:830} INFO - Processing file /home/airflow/.local/lib/python3.12/site-packages/airflow/example_dags/example_sla_dag.py for tasks to queue
[2026-09-22T16:59:08.011+0000] {logging_mixin.py:188} INFO - [2026-09-22T16:59:08.011+0000] {dagbag.py:545} INFO - Filling up the DagBag from /home/airflow/.local/lib/python3.12/site-packages/airflow/example_dags/example_sla_dag.py
[2026-09-22T16:59:08.018+0000] {processor.py:840} INFO - DAG(s) 'example_sla_dag' retrieved from /home/airflow/.local/lib/python3.12/site-packages/airflow/example_dags/example_sla_dag.py
[2026-09-22T16:59:08.037+0000] {logging_mixin.py:188} INFO - [2026-09-22T16:59:08.036+0000] {dag.py:3089} INFO - Sync 1 DAGs
[2026-09-22T16:59:08.056+0000] {logging_mixin.py:188} INFO - [2026-09-22T16:59:08.056+0000] {dag.py:3947} INFO - Setting next_dagrun for example_sla_dag to 2026-09-22 16:56:00+00:00, run_after=2026-09-22 16:58:00+00:00
[2026-09-22T16:59:08.078+0000] {processor.py:183} INFO - Processing /home/airflow/.local/lib/python3.12/site-packages/airflow/example_dags/example_sla_dag.py took 0.075 seconds
[2026-09-22T16:59:38.420+0000] {processor.py:161} INFO - Started process (PID=291) to work on /home/airflow/.local/lib/python3.12/site-packages/airflow/example_dags/example_sla_dag.py
[2026-09-22T16:59:38.422+0000] {processor.py:830} INFO - Processing file /home/airflow/.local/lib/python3.12/site-packages/airflow/example_dags/example_sla_dag.py for tasks to queue
[2026-09-22T16:59:38.432+0000] {logging_mixin.py:188} INFO - [2026-09-22T16:59:38.432+0000] {dagbag.py:545} INFO - Filling up the DagBag from /home/airflow/.local/lib/python3.12/site-packages/airflow/example_dags/example_sla_dag.py
[2026-09-22T16:59:38.443+0000] {processor.py:840} INFO - DAG(s) 'example_sla_dag' retrieved from /home/airflow/.local/lib/python3.12/site-packages/airflow/example_dags/example_sla_dag.py
[2026-09-22T16:59:38.468+0000] {logging_mixin.py:188} INFO - [2026-09-22T16:59:38.466+0000] {dag.py:3089} INFO - Sync 1 DAGs
[2026-09-22T16:59:38.495+0000] {logging_mixin.py:188} INFO - [2026-09-22T16:59:38.495+0000] {dag.py:3947} INFO - Setting next_dagrun for example_sla_dag to 2026-09-22 16:56:00+00:00, run_after=2026-09-22 16:58:00+00:00
[2026-09-22T16:59:38.516+0000] {processor.py:183} INFO - Processing /home/airflow/.local/lib/python3.12/site-packages/airflow/example_dags/example_sla_dag.py took 0.103 seconds
[2026-09-22T17:00:08.809+0000] {processor.py:161} INFO - Started process (PID=349) to work on /home/airflow/.local/lib/python3.12/site-packages/airflow/example_dags/example_sla_dag.py
[2026-09-22T17:00:08.811+0000] {processor.py:830} INFO - Processing file /home/airflow/.local/lib/python3.12/site-packages/airflow/example_dags/example_sla_dag.py for tasks to queue
[2026-09-22T17:00:08.814+0000] {logging_mixin.py:188} INFO - [2026-09-22T17:00:08.813+0000] {dagbag.py:545} INFO - Filling up the DagBag from /home/airflow/.local/lib/python3.12/site-packages/airflow/example_dags/example_sla_dag.py
[2026-09-22T17:00:08.827+0000] {processor.py:840} INFO - DAG(s) 'example_sla_dag' retrieved from /home/airflow/.local/lib/python3.12/site-packages/airflow/example_dags/example_sla_dag.py
[2026-09-22T17:00:08.852+0000] {logging_mixin.py:188} INFO - [2026-09-22T17:00:08.851+0000] {dag.py:3089} INFO - Sync 1 DAGs
[2026-09-22T17:00:08.877+0000] {logging_mixin.py:188} INFO - [2026-09-22T17:00:08.877+0000] {dag.py:3947} INFO - Setting next_dagrun for example_sla_dag to 2026-09-22 16:58:00+00:00, run_after=2026-09-22 17:00:00+00:00
[2026-09-22T17:00:08.903+0000] {processor.py:183} INFO - Processing /home/airflow/.local/lib/python3.12/site-packages/airflow/example_dags/example_sla_dag.py took 0.102 seconds
[2026-09-22T17:00:39.317+0000] {processor.py:161} INFO - Started process (PID=407) to work on /home/airflow/.local/lib/python3.12/site-packages/airflow/example_dags/example_sla_dag.py
[2026-09-22T17:00:39.319+0000] {processor.py:830} INFO - Processing file /home/airflow/.local/lib/python3.12/site-packages/airflow/example_dags/example_sla_dag.py for tasks to queue
[2026-09-22T17:00:39.322+0000] {logging_mixin.py:188} INFO - [2026-09-22T17:00:39.322+0000] {dagbag.py:545} INFO - Filling up the DagBag from /home/airflow/.local/lib/python3.12/site-packages/airflow/example_dags/example_sla_dag.py
[2026-09-22T17:00:39.333+0000] {processor.py:840} INFO - DAG(s) 'example_sla_dag' retrieved from /home/airflow/.local/lib/python3.12/site-packages/airflow/example_dags/example_sla_dag.py
[2026-09-22T17:00:39.361+0000] {logging_mixin.py:188} INFO - [2026-09-22T17:00:39.360+0000] {dag.py:3089} INFO - Sync 1 DAGs
[2026-09-22T17:00:39.394+0000] {logging_mixin.py:188} INFO - [2026-09-22T17:00:39.393+0000] {dag.py:3947} INFO - Setting next_dagrun for example_sla_dag to 2026-09-22 16:58:00+00:00, run_after=2026-09-22 17:00:00+00:00
[2026-09-22T17:00:39.415+0000] {processor.py:183} INFO - Processing /home/airflow/.local/lib/python3.12/site-packages/airflow/example_dags/example_sla_dag.py took 0.106 seconds
[2026-09-22T17:01:09.800+0000] {processor.py:161} INFO - Started process (PID=465) to work on /home/airflow/.local/lib/python3.12/site-packages/airflow/example_dags/example_sla_dag.py
[2026-09-22T17:01:09.801+0000] {processor.py:830} INFO - Processing file /home/airflow/.local/lib/python3.12/site-packages/airflow/example_dags/example_sla_dag.py for tasks to queue
[2026-09-22T17:01:09.803+0000] {logging_mixin.py:188} INFO - [2026-09-22T17:01:09.803+0000] {dagbag.py:545} INFO - Filling up the DagBag from /home/airflow/.local/lib/python3.12/site-packages/airflow/example_dags/example_sla_dag.py
[2026-09-22T17:01:09.811+0000] {processor.py:840} INFO - DAG(s) 'example_sla_dag' retrieved from /home/airflow/.local/lib/python3.12/site-packages/airflow/example_dags/example_sla_dag.py
[2026-09-22T17:01:09.830+0000] {logging_mixin.py:188} INFO - [2026-09-22T17:01:09.830+0000] {dag.py:3089} INFO - Sync 1 DAGs
[2026-09-22T17:01:09.851+0000] {logging_mixin.py:188} INFO - [2026-09-22T17:01:09.851+0000] {dag.py:3947} INFO - Setting next_dagrun for example_sla_dag to 2026-09-22 16:58:00+00:00, run_after=2026-09-22 17:00:00+00:00
[2026-09-22T17:01:09.871+0000] {processor.py:183} INFO - Processing /home/airflow/.local/lib/python3.12/site-packages/airflow/example_dags/example_sla_dag.py took 0.076 seconds
[2026-09-22T17:01:40.403+0000] {processor.py:161} INFO - Started process (PID=523) to work on /home/airflow/.local/lib/python3.12/site-packages/airflow/example_dags/example_sla_dag.py
[2026-09-22T17:01:40.404+0000] {processor.py:830} INFO - Processing file /home/airflow/.local/lib/python3.12/site-packages/airflow/example_dags/example_sla_dag.py for tasks to queue
[2026-09-22T17:01:40.407+0000] {logging_mixin.py:188} INFO - [2026-09-22T17:01:40.407+0000] {dagbag.py:545} INFO - Filling up the DagBag from /home/airflow/.local/lib/python3.12/site-packages/airflow/example_dags/example_sla_dag.py
[2026-09-22T17:01:40.423+0000] {processor.py:840} INFO - DAG(s) 'example_sla_dag' retrieved from /home/airflow/.local/lib/python3.12/site-packages/airflow/example_dags/example_sla_dag.py
[2026-09-22T17:01:40.455+0000] {logging_mixin.py:188} INFO - [2026-09-22T17:01:40.455+0000] {dag.py:3089} INFO - Sync 1 DAGs
[2026-09-22T17:01:40.511+0000] {logging_mixin.py:188} INFO - [2026-09-22T17:01:40.511+0000] {dag.py:3947} INFO - Setting next_dagrun for example_sla_dag to 2026-09-22 16:58:00+00:00, run_after=2026-09-22 17:00:00+00:00
[2026-09-22T17:01:40.555+0000] {processor.py:183} INFO - Processing /home/airflow/.local/lib/python3.12/site-packages/airflow/example_dags/example_sla_dag.py took 0.160 seconds
[2026-09-22T17:02:10.743+0000] {processor.py:161} INFO - Started process (PID=581) to work on /home/airflow/.local/lib/python3.12/site-packages/airflow/example_dags/example_sla_dag.py
[2026-09-22T17:02:10.744+0000] {processor.py:830} INFO - Processing file /home/airflow/.local/lib/python3.12/site-packages/airflow/example_dags/example_sla_dag.py for tasks to queue
[2026-09-22T17:02:10.746+0000] {logging_mixin.py:188} INFO - [2026-09-22T17:02:10.745+0000] {dagbag.py:545} INFO - Filling up the DagBag from /home/airflow/.local/lib/python3.12/site-packages/airflow/example_dags/example_sla_dag.py
[2026-09-22T17:02:10.756+0000] {processor.py:840} INFO - DAG(s) 'example_sla_dag' retrieved from /home/airflow/.local/lib/python3.12/site-packages/airflow/example_dags/example_sla_dag.py
[2026-09-22T17:02:10.780+0000] {logging_mixin.py:188} INFO - [2026-09-22T17:02:10.780+0000] {dag.py:3089} INFO - Sync 1 DAGs
[2026-09-22T17:02:10.810+0000] {logging_mixin.py:188} INFO - [2026-09-22T17:02:10.810+0000] {dag.py:3947} INFO - Setting next_dagrun for example_sla_dag to 2026-09-22 17:00:00+00:00, run_after=2026-09-22 17:02:00+00:00
[2026-09-22T17:02:10.839+0000] {processor.py:183} INFO - Processing /home/airflow/.local/lib/python3.12/site-packages/airflow/example_dags/example_sla_dag.py took 0.102 seconds
[2026-09-22T17:03:34.471+0000] {processor.py:161} INFO - Started process (PID=115) to work on /home/airflow/.local/lib/python3.12/site-packages/airflow/example_dags/example_sla_dag.py
[2026-09-22T17:03:34.473+0000] {processor.py:830} INFO - Processing file /home/airflow/.local/lib/python3.12/site-packages/airflow/example_dags/example_sla_dag.py for tasks to queue
[2026-09-22T17:03:34.475+0000] {logging_mixin.py:188} INFO - [2026-09-22T17:03:34.475+0000] {dagbag.py:545} INFO - Filling up the DagBag from /home/airflow/.local/lib/python3.12/site-packages/airflow/example_dags/example_sla_dag.py
[2026-09-22T17:03:34.487+0000] {processor.py:840} INFO - DAG(s) 'example_sla_dag' retrieved from /home/airflow/.local/lib/python3.12/site-packages/airflow/example_dags/example_sla_dag.py
[2026-09-22T17:03:34.631+0000] {logging_mixin.py:188} INFO - [2026-09-22T17:03:34.631+0000] {dag.py:3089} INFO - Sync 1 DAGs
[2026-09-22T17:03:34.667+0000] {logging_mixin.py:188} INFO - [2026-09-22T17:03:34.666+0000] {dag.py:3947} INFO - Setting next_dagrun for example_sla_dag to 2026-09-22 17:00:00+00:00, run_after=2026-09-22 17:02:00+00:00
[2026-09-22T17:03:34.694+0000] {processor.py:183} INFO - Processing /home/airflow/.local/lib/python3.12/site-packages/airflow/example_dags/example_sla_dag.py took 0.230 seconds
[2026-09-22T17:04:05.677+0000] {processor.py:161} INFO - Started process (PID=173) to work on /home/airflow/.local/lib/python3.12/site-packages/airflow/example_dags/example_sla_dag.py
[2026-09-22T17:04:05.679+0000] {processor.py:830} INFO - Processing file /home/airflow/.local/lib/python3.12/site-packages/airflow/example_dags/example_sla_dag.py for tasks to queue
[2026-09-22T17:04:05.681+0000] {logging_mixin.py:188} INFO - [2026-09-22T17:04:05.680+0000] {dagbag.py:545} INFO - Filling up the DagBag from /home/airflow/.local/lib/python3.12/site-packages/airflow/example_dags/example_sla_dag.py
[2026-09-22T17:04:05.688+0000] {processor.py:840} INFO - DAG(s) 'example_sla_dag' retrieved from /home/airflow/.local/lib/python3.12/site-packages/airflow/example_dags/example_sla_dag.py
[2026-09-22T17:04:05.707+0000] {logging_mixin.py:188} INFO - [2026-09-22T17:04:05.707+0000] {dag.py:3089} INFO - Sync 1 DAGs
[2026-09-22T17:04:05.729+0000] {logging_mixin.py:188} INFO - [2026-09-22T17:04:05.729+0000] {dag.py:3947} INFO - Setting next_dagrun for example_sla_dag to 2026-09-22 17:02:00+00:00, run_after=2026-09-22 17:04:00+00:00
[2026-09-22T17:04:05.750+0000] {processor.py:183} INFO - Processing /home/airflow/.local/lib/python3.12/site-packages/airflow/example_dags/example_sla_dag.py took 0.077 seconds
[2026-09-22T17:04:36.610+0000] {processor.py:161} INFO - Started process (PID=231) to work on /home/airflow/.local/lib/python3.12/site-packages/airflow/example_dags/example_sla_dag.py
[2026-09-22T17:04:36.613+0000] {processor.py:830} INFO - Processing file /home/airflow/.local/lib/python3.12/site-packages/airflow/example_dags/example_sla_dag.py for tasks to queue
[2026-09-22T17:04:36.617+0000] {logging_mixin.py:188} INFO - [2026-09-22T17:04:36.617+0000] {dagbag.py:545} INFO - Filling up the DagBag from /home/airflow/.local/lib/python3.12/site-packages/airflow/example_dags/example_sla_dag.py
[2026-09-22T17:04:36.636+0000] {processor.py:840} INFO - DAG(s) 'example_sla_dag' retrieved from /home/airflow/.local/lib/python3.12/site-packages/airflow/example_dags/example_sla_dag.py
[2026-09-22T17:04:36.688+0000] {logging_mixin.py:188} INFO - [2026-09-22T17:04:36.687+0000] {dag.py:3089} INFO - Sync 1 DAGs
[2026-09-22T17:04:36.732+0000] {logging_mixin.py:188} INFO - [2026-09-22T17:04:36.732+0000] {dag.py:3947} INFO - Setting next_dagrun for example_sla_dag to 2026-09-22 17:02:00+00:00, run_after=2026-09-22 17:04:00+00:00
[2026-09-22T17:04:36.760+0000] {processor.py:183} INFO - Processing /home/airflow/.local/lib/python3.12/site-packages/airflow/example_dags/example_sla_dag.py took 0.162 seconds
[2026-09-22T17:05:07.512+0000] {processor.py:161} INFO - Started process (PID=289) to work on /home/airflow/.local/lib/python3.12/site-packages/airflow/example_dags/example_sla_dag.py
[2026-09-22T17:05:07.514+0000] {processor.py:830} INFO - Processing file /home/airflow/.local/lib/python3.12/site-packages/airflow/example_dags/example_sla_dag.py for tasks to queue
[2026-09-22T17:05:07.519+0000] {logging_mixin.py:188} INFO - [2026-09-22T17:05:07.518+0000] {dagbag.py:545} INFO - Filling up the DagBag from /home/airflow/.local/lib/python3.12/site-packages/airflow/example_dags/example_sla_dag.py
[2026-09-22T17:05:07.534+0000] {processor.py:840} INFO - DAG(s) 'example_sla_dag' retrieved from /home/airflow/.local/lib/python3.12/site-packages/airflow/example_dags/example_sla_dag.py
[2026-09-22T17:05:07.562+0000] {logging_mixin.py:188} INFO - [2026-09-22T17:05:07.561+0000] {dag.py:3089} INFO - Sync 1 DAGs
[2026-09-22T17:05:07.596+0000] {logging_mixin.py:188} INFO - [2026-09-22T17:05:07.596+0000] {dag.py:3947} INFO - Setting next_dagrun for example_sla_dag to 2026-09-22 17:02:00+00:00, run_after=2026-09-22 17:04:00+00:00
[2026-09-22T17:05:07.625+0000] {processor.py:183} INFO - Processing /home/airflow/.local/lib/python3.12/site-packages/airflow/example_dags/example_sla_dag.py took 0.122 seconds
[2026-09-22T17:05:37.855+0000] {processor.py:161} INFO - Started process (PID=347) to work on /home/airflow/.local/lib/python3.12/site-packages/airflow/example_dags/example_sla_dag.py
[2026-09-22T17:05:37.856+0000] {processor.py:830} INFO - Processing file /home/airflow/.local/lib/python3.12/site-packages/airflow/example_dags/example_sla_dag.py for tasks to queue
[2026-09-22T17:05:37.858+0000] {logging_mixin.py:188} INFO - [2026-09-22T17:05:37.858+0000] {dagbag.py:545} INFO - Filling up the DagBag from /home/airflow/.local/lib/python3.12/site-packages/airflow/example_dags/example_sla_dag.py
[2026-09-22T17:05:37.866+0000] {processor.py:840} INFO - DAG(s) 'example_sla_dag' retrieved from /home/airflow/.local/lib/python3.12/site-packages/airflow/example_dags/example_sla_dag.py
[2026-09-22T17:05:37.894+0000] {logging_mixin.py:188} INFO - [2026-09-22T17:05:37.894+0000] {dag.py:3089} INFO - Sync 1 DAGs
[2026-09-22T17:05:37.918+0000] {logging_mixin.py:188} INFO - [2026-09-22T17:05:37.918+0000] {dag.py:3947} INFO - Setting next_dagrun for example_sla_dag to 2026-09-22 17:02:00+00:00, run_after=2026-09-22 17:04:00+00:00
[2026-09-22T17:05:37.942+0000] {processor.py:183} INFO - Processing /home/airflow/.local/lib/python3.12/site-packages/airflow/example_dags/example_sla_dag.py took 0.093 seconds
[2026-09-22T17:06:08.398+0000] {processor.py:161} INFO - Started process (PID=405) to work on /home/airflow/.local/lib/python3.12/site-packages/airflow/example_dags/example_sla_dag.py
[2026-09-22T17:06:08.402+0000] {processor.py:830} INFO - Processing file /home/airflow/.local/lib/python3.12/site-packages/airflow/example_dags/example_sla_dag.py for tasks to queue
[2026-09-22T17:06:08.408+0000] {logging_mixin.py:188} INFO - [2026-09-22T17:06:08.407+0000] {dagbag.py:545} INFO - Filling up the DagBag from /home/airflow/.local/lib/python3.12/site-packages/airflow/example_dags/example_sla_dag.py
[2026-09-22T17:06:08.429+0000] {processor.py:840} INFO - DAG(s) 'example_sla_dag' retrieved from /home/airflow/.local/lib/python3.12/site-packages/airflow/example_dags/example_sla_dag.py
[2026-09-22T17:06:08.470+0000] {logging_mixin.py:188} INFO - [2026-09-22T17:06:08.470+0000] {dag.py:3089} INFO - Sync 1 DAGs
[2026-09-22T17:06:08.518+0000] {logging_mixin.py:188} INFO - [2026-09-22T17:06:08.516+0000] {dag.py:3947} INFO - Setting next_dagrun for example_sla_dag to 2026-09-22 17:04:00+00:00, run_after=2026-09-22 17:06:00+00:00
[2026-09-22T17:06:08.558+0000] {processor.py:183} INFO - Processing /home/airflow/.local/lib/python3.12/site-packages/airflow/example_dags/example_sla_dag.py took 0.175 seconds
[2026-09-22T17:06:39.135+0000] {processor.py:161} INFO - Started process (PID=463) to work on /home/airflow/.local/lib/python3.12/site-packages/airflow/example_dags/example_sla_dag.py
[2026-09-22T17:06:39.136+0000] {processor.py:830} INFO - Processing file /home/airflow/.local/lib/python3.12/site-packages/airflow/example_dags/example_sla_dag.py for tasks to queue
[2026-09-22T17:06:39.138+0000] {logging_mixin.py:188} INFO - [2026-09-22T17:06:39.138+0000] {dagbag.py:545} INFO - Filling up the DagBag from /home/airflow/.local/lib/python3.12/site-packages/airflow/example_dags/example_sla_dag.py
[2026-09-22T17:06:39.146+0000] {processor.py:840} INFO - DAG(s) 'example_sla_dag' retrieved from /home/airflow/.local/lib/python3.12/site-packages/airflow/example_dags/example_sla_dag.py
[2026-09-22T17:06:39.166+0000] {logging_mixin.py:188} INFO - [2026-09-22T17:06:39.165+0000] {dag.py:3089} INFO - Sync 1 DAGs
[2026-09-22T17:06:39.189+0000] {logging_mixin.py:188} INFO - [2026-09-22T17:06:39.189+0000] {dag.py:3947} INFO - Setting next_dagrun for example_sla_dag to 2026-09-22 17:04:00+00:00, run_after=2026-09-22 17:06:00+00:00
[2026-09-22T17:06:39.219+0000] {processor.py:183} INFO - Processing /home/airflow/.local/lib/python3.12/site-packages/airflow/example_dags/example_sla_dag.py took 0.090 seconds
[2026-09-22T17:07:09.992+0000] {processor.py:161} INFO - Started process (PID=521) to work on /home/airflow/.local/lib/python3.12/site-packages/airflow/example_dags/example_sla_dag.py
[2026-09-22T17:07:09.993+0000] {processor.py:830} INFO - Processing file /home/airflow/.local/lib/python3.12/site-packages/airflow/example_dags/example_sla_dag.py for tasks to queue
[2026-09-22T17:07:09.995+0000] {logging_mixin.py:188} INFO - [2026-09-22T17:07:09.995+0000] {dagbag.py:545} INFO - Filling up the DagBag from /home/airflow/.local/lib/python3.12/site-packages/airflow/example_dags/example_sla_dag.py
[2026-09-22T17:07:10.004+0000] {processor.py:840} INFO - DAG(s) 'example_sla_dag' retrieved from /home/airflow/.local/lib/python3.12/site-packages/airflow/example_dags/example_sla_dag.py
[2026-09-22T17:07:10.023+0000] {logging_mixin.py:188} INFO - [2026-09-22T17:07:10.023+0000] {dag.py:3089} INFO - Sync 1 DAGs
[2026-09-22T17:07:10.044+0000] {logging_mixin.py:188} INFO - [2026-09-22T17:07:10.044+0000] {dag.py:3947} INFO - Setting next_dagrun for example_sla_dag to 2026-09-22 17:04:00+00:00, run_after=2026-09-22 17:06:00+00:00
[2026-09-22T17:07:10.067+0000] {processor.py:183} INFO - Processing /home/airflow/.local/lib/python3.12/site-packages/airflow/example_dags/example_sla_dag.py took 0.079 seconds
[2026-09-22T17:07:40.505+0000] {processor.py:161} INFO - Started process (PID=579) to work on /home/airflow/.local/lib/python3.12/site-packages/airflow/example_dags/example_sla_dag.py
[2026-09-22T17:07:40.506+0000] {processor.py:830} INFO - Processing file /home/airflow/.local/lib/python3.12/site-packages/airflow/example_dags/example_sla_dag.py for tasks to queue
[2026-09-22T17:07:40.508+0000] {logging_mixin.py:188} INFO - [2026-09-22T17:07:40.508+0000] {dagbag.py:545} INFO - Filling up the DagBag from /home/airflow/.local/lib/python3.12/site-packages/airflow/example_dags/example_sla_dag.py
[2026-09-22T17:07:40.516+0000] {processor.py:840} INFO - DAG(s) 'example_sla_dag' retrieved from /home/airflow/.local/lib/python3.12/site-packages/airflow/example_dags/example_sla_dag.py
[2026-09-22T17:07:40.536+0000] {logging_mixin.py:188} INFO - [2026-09-22T17:07:40.535+0000] {dag.py:3089} INFO - Sync 1 DAGs
[2026-09-22T17:07:40.559+0000] {logging_mixin.py:188} INFO - [2026-09-22T17:07:40.558+0000] {dag.py:3947} INFO - Setting next_dagrun for example_sla_dag to 2026-09-22 17:04:00+00:00, run_after=2026-09-22 17:06:00+00:00
[2026-09-22T17:07:40.579+0000] {processor.py:183} INFO - Processing /home/airflow/.local/lib/python3.12/site-packages/airflow/example_dags/example_sla_dag.py took 0.079 seconds
[2026-09-22T17:08:10.837+0000] {processor.py:161} INFO - Started process (PID=637) to work on /home/airflow/.local/lib/python3.12/site-packages/airflow/example_dags/example_sla_dag.py
[2026-09-22T17:08:10.839+0000] {processor.py:830} INFO - Processing file /home/airflow/.local/lib/python3.12/site-packages/airflow/example_dags/example_sla_dag.py for tasks to queue
[2026-09-22T17:08:10.840+0000] {logging_mixin.py:188} INFO - [2026-09-22T17:08:10.840+0000] {dagbag.py:545} INFO - Filling up the DagBag from /home/airflow/.local/lib/python3.12/site-packages/airflow/example_dags/example_sla_dag.py
[2026-09-22T17:08:10.848+0000] {processor.py:840} INFO - DAG(s) 'example_sla_dag' retrieved from /home/airflow/.local/lib/python3.12/site-packages/airflow/example_dags/example_sla_dag.py
[2026-09-22T17:08:10.867+0000] {logging_mixin.py:188} INFO - [2026-09-22T17:08:10.867+0000] {dag.py:3089} INFO - Sync 1 DAGs
[2026-09-22T17:08:10.888+0000] {logging_mixin.py:188} INFO - [2026-09-22T17:08:10.888+0000] {dag.py:3947} INFO - Setting next_dagrun for example_sla_dag to 2026-09-22 17:06:00+00:00, run_after=2026-09-22 17:08:00+00:00
[2026-09-22T17:08:10.912+0000] {processor.py:183} INFO - Processing /home/airflow/.local/lib/python3.12/site-packages/airflow/example_dags/example_sla_dag.py took 0.081 seconds
[2026-09-22T17:08:41.096+0000] {processor.py:161} INFO - Started process (PID=701) to work on /home/airflow/.local/lib/python3.12/site-packages/airflow/example_dags/example_sla_dag.py
[2026-09-22T17:08:41.097+0000] {processor.py:830} INFO - Processing file /home/airflow/.local/lib/python3.12/site-packages/airflow/example_dags/example_sla_dag.py for tasks to queue
[2026-09-22T17:08:41.100+0000] {logging_mixin.py:188} INFO - [2026-09-22T17:08:41.100+0000] {dagbag.py:545} INFO - Filling up the DagBag from /home/airflow/.local/lib/python3.12/site-packages/airflow/example_dags/example_sla_dag.py
[2026-09-22T17:08:41.108+0000] {processor.py:840} INFO - DAG(s) 'example_sla_dag' retrieved from /home/airflow/.local/lib/python3.12/site-packages/airflow/example_dags/example_sla_dag.py
[2026-09-22T17:08:41.125+0000] {logging_mixin.py:188} INFO - [2026-09-22T17:08:41.125+0000] {dag.py:3089} INFO - Sync 1 DAGs
[2026-09-22T17:08:41.145+0000] {logging_mixin.py:188} INFO - [2026-09-22T17:08:41.145+0000] {dag.py:3947} INFO - Setting next_dagrun for example_sla_dag to 2026-09-22 17:06:00+00:00, run_after=2026-09-22 17:08:00+00:00
[2026-09-22T17:08:41.162+0000] {processor.py:183} INFO - Processing /home/airflow/.local/lib/python3.12/site-packages/airflow/example_dags/example_sla_dag.py took 0.071 seconds
[2026-09-22T17:09:11.368+0000] {processor.py:161} INFO - Started process (PID=759) to work on /home/airflow/.local/lib/python3.12/site-packages/airflow/example_dags/example_sla_dag.py
[2026-09-22T17:09:11.370+0000] {processor.py:830} INFO - Processing file /home/airflow/.local/lib/python3.12/site-packages/airflow/example_dags/example_sla_dag.py for tasks to queue
[2026-09-22T17:09:11.374+0000] {logging_mixin.py:188} INFO - [2026-09-22T17:09:11.374+0000] {dagbag.py:545} INFO - Filling up the DagBag from /home/airflow/.local/lib/python3.12/site-packages/airflow/example_dags/example_sla_dag.py
[2026-09-22T17:09:11.389+0000] {processor.py:840} INFO - DAG(s) 'example_sla_dag' retrieved from /home/airflow/.local/lib/python3.12/site-packages/airflow/example_dags/example_sla_dag.py
[2026-09-22T17:09:11.423+0000] {logging_mixin.py:188} INFO - [2026-09-22T17:09:11.422+0000] {dag.py:3089} INFO - Sync 1 DAGs
[2026-09-22T17:09:11.514+0000] {logging_mixin.py:188} INFO - [2026-09-22T17:09:11.513+0000] {dag.py:3947} INFO - Setting next_dagrun for example_sla_dag to 2026-09-22 17:06:00+00:00, run_after=2026-09-22 17:08:00+00:00
[2026-09-22T17:09:11.548+0000] {processor.py:183} INFO - Processing /home/airflow/.local/lib/python3.12/site-packages/airflow/example_dags/example_sla_dag.py took 0.187 seconds
[2026-09-22T17:09:41.636+0000] {processor.py:161} INFO - Started process (PID=817) to work on /home/airflow/.local/lib/python3.12/site-packages/airflow/example_dags/example_sla_dag.py
[2026-09-22T17:09:41.637+0000] {processor.py:830} INFO - Processing file /home/airflow/.local/lib/python3.12/site-packages/airflow/example_dags/example_sla_dag.py for tasks to queue
[2026-09-22T17:09:41.638+0000] {logging_mixin.py:188} INFO - [2026-09-22T17:09:41.638+0000] {dagbag.py:545} INFO - Filling up the DagBag from /home/airflow/.local/lib/python3.12/site-packages/airflow/example_dags/example_sla_dag.py
[2026-09-22T17:09:41.645+0000] {processor.py:840} INFO - DAG(s) 'example_sla_dag' retrieved from /home/airflow/.local/lib/python3.12/site-packages/airflow/example_dags/example_sla_dag.py
[2026-09-22T17:09:41.663+0000] {logging_mixin.py:188} INFO - [2026-09-22T17:09:41.663+0000] {dag.py:3089} INFO - Sync 1 DAGs
[2026-09-22T17:09:41.682+0000] {logging_mixin.py:188} INFO - [2026-09-22T17:09:41.682+0000] {dag.py:3947} INFO - Setting next_dagrun for example_sla_dag to 2026-09-22 17:06:00+00:00, run_after=2026-09-22 17:08:00+00:00
[2026-09-22T17:09:41.705+0000] {processor.py:183} INFO - Processing /home/airflow/.local/lib/python3.12/site-packages/airflow/example_dags/example_sla_dag.py took 0.075 seconds
[2026-09-22T17:10:11.807+0000] {processor.py:161} INFO - Started process (PID=875) to work on /home/airflow/.local/lib/python3.12/site-packages/airflow/example_dags/example_sla_dag.py
[2026-09-22T17:10:11.808+0000] {processor.py:830} INFO - Processing file /home/airflow/.local/lib/python3.12/site-packages/airflow/example_dags/example_sla_dag.py for tasks to queue
[2026-09-22T17:10:11.810+0000] {logging_mixin.py:188} INFO - [2026-09-22T17:10:11.810+0000] {dagbag.py:545} INFO - Filling up the DagBag from /home/airflow/.local/lib/python3.12/site-packages/airflow/example_dags/example_sla_dag.py
[2026-09-22T17:10:11.822+0000] {processor.py:840} INFO - DAG(s) 'example_sla_dag' retrieved from /home/airflow/.local/lib/python3.12/site-packages/airflow/example_dags/example_sla_dag.py
[2026-09-22T17:10:11.840+0000] {logging_mixin.py:188} INFO - [2026-09-22T17:10:11.840+0000] {dag.py:3089} INFO - Sync 1 DAGs
[2026-09-22T17:10:11.860+0000] {logging_mixin.py:188} INFO - [2026-09-22T17:10:11.860+0000] {dag.py:3947} INFO - Setting next_dagrun for example_sla_dag to 2026-09-22 17:08:00+00:00, run_after=2026-09-22 17:10:00+00:00
[2026-09-22T17:10:11.882+0000] {processor.py:183} INFO - Processing /home/airflow/.local/lib/python3.12/site-packages/airflow/example_dags/example_sla_dag.py took 0.080 seconds
[2026-09-22T17:10:41.931+0000] {processor.py:161} INFO - Started process (PID=933) to work on /home/airflow/.local/lib/python3.12/site-packages/airflow/example_dags/example_sla_dag.py
[2026-09-22T17:10:41.933+0000] {processor.py:830} INFO - Processing file /home/airflow/.local/lib/python3.12/site-packages/airflow/example_dags/example_sla_dag.py for tasks to queue
[2026-09-22T17:10:41.935+0000] {logging_mixin.py:188} INFO - [2026-09-22T17:10:41.934+0000] {dagbag.py:545} INFO - Filling up the DagBag from /home/airflow/.local/lib/python3.12/site-packages/airflow/example_dags/example_sla_dag.py
[2026-09-22T17:10:41.941+0000] {processor.py:840} INFO - DAG(s) 'example_sla_dag' retrieved from /home/airflow/.local/lib/python3.12/site-packages/airflow/example_dags/example_sla_dag.py
[2026-09-22T17:10:41.960+0000] {logging_mixin.py:188} INFO - [2026-09-22T17:10:41.960+0000] {dag.py:3089} INFO - Sync 1 DAGs
[2026-09-22T17:10:41.980+0000] {logging_mixin.py:188} INFO - [2026-09-22T17:10:41.979+0000] {dag.py:3947} INFO - Setting next_dagrun for example_sla_dag to 2026-09-22 17:08:00+00:00, run_after=2026-09-22 17:10:00+00:00
[2026-09-22T17:10:42.003+0000] {processor.py:183} INFO - Processing /home/airflow/.local/lib/python3.12/site-packages/airflow/example_dags/example_sla_dag.py took 0.077 seconds
[2026-09-22T17:11:12.161+0000] {processor.py:161} INFO - Started process (PID=991) to work on /home/airflow/.local/lib/python3.12/site-packages/airflow/example_dags/example_sla_dag.py
[2026-09-22T17:11:12.162+0000] {processor.py:830} INFO - Processing file /home/airflow/.local/lib/python3.12/site-packages/airflow/example_dags/example_sla_dag.py for tasks to queue
[2026-09-22T17:11:12.163+0000] {logging_mixin.py:188} INFO - [2026-09-22T17:11:12.163+0000] {dagbag.py:545} INFO - Filling up the DagBag from /home/airflow/.local/lib/python3.12/site-packages/airflow/example_dags/example_sla_dag.py
[2026-09-22T17:11:12.173+0000] {processor.py:840} INFO - DAG(s) 'example_sla_dag' retrieved from /home/airflow/.local/lib/python3.12/site-packages/airflow/example_dags/example_sla_dag.py
[2026-09-22T17:11:12.196+0000] {logging_mixin.py:188} INFO - [2026-09-22T17:11:12.196+0000] {dag.py:3089} INFO - Sync 1 DAGs
[2026-09-22T17:11:12.226+0000] {logging_mixin.py:188} INFO - [2026-09-22T17:11:12.226+0000] {dag.py:3947} INFO - Setting next_dagrun for example_sla_dag to 2026-09-22 17:08:00+00:00, run_after=2026-09-22 17:10:00+00:00
[2026-09-22T17:11:12.250+0000] {processor.py:183} INFO - Processing /home/airflow/.local/lib/python3.12/site-packages/airflow/example_dags/example_sla_dag.py took 0.096 seconds
[2026-09-22T17:11:42.588+0000] {processor.py:161} INFO - Started process (PID=1049) to work on /home/airflow/.local/lib/python3.12/site-packages/airflow/example_dags/example_sla_dag.py
[2026-09-22T17:11:42.589+0000] {processor.py:830} INFO - Processing file /home/airflow/.local/lib/python3.12/site-packages/airflow/example_dags/example_sla_dag.py for tasks to queue
[2026-09-22T17:11:42.591+0000] {logging_mixin.py:188} INFO - [2026-09-22T17:11:42.591+0000] {dagbag.py:545} INFO - Filling up the DagBag from /home/airflow/.local/lib/python3.12/site-packages/airflow/example_dags/example_sla_dag.py
[2026-09-22T17:11:42.598+0000] {processor.py:840} INFO - DAG(s) 'example_sla_dag' retrieved from /home/airflow/.local/lib/python3.12/site-packages/airflow/example_dags/example_sla_dag.py
[2026-09-22T17:11:42.616+0000] {logging_mixin.py:188} INFO - [2026-09-22T17:11:42.615+0000] {dag.py:3089} INFO - Sync 1 DAGs
[2026-09-22T17:11:42.635+0000] {logging_mixin.py:188} INFO - [2026-09-22T17:11:42.635+0000] {dag.py:3947} INFO - Setting next_dagrun for example_sla_dag to 2026-09-22 17:08:00+00:00, run_after=2026-09-22 17:10:00+00:00
[2026-09-22T17:11:42.653+0000] {processor.py:183} INFO - Processing /home/airflow/.local/lib/python3.12/site-packages/airflow/example_dags/example_sla_dag.py took 0.070 seconds
[2026-09-22T17:12:12.728+0000] {processor.py:161} INFO - Started process (PID=1107) to work on /home/airflow/.local/lib/python3.12/site-packages/airflow/example_dags/example_sla_dag.py
[2026-09-22T17:12:12.729+0000] {processor.py:830} INFO - Processing file /home/airflow/.local/lib/python3.12/site-packages/airflow/example_dags/example_sla_dag.py for tasks to queue
[2026-09-22T17:12:12.732+0000] {logging_mixin.py:188} INFO - [2026-09-22T17:12:12.731+0000] {dagbag.py:545} INFO - Filling up the DagBag from /home/airflow/.local/lib/python3.12/site-packages/airflow/example_dags/example_sla_dag.py
[2026-09-22T17:12:12.740+0000] {processor.py:840} INFO - DAG(s) 'example_sla_dag' retrieved from /home/airflow/.local/lib/python3.12/site-packages/airflow/example_dags/example_sla_dag.py
[2026-09-22T17:12:12.761+0000] {logging_mixin.py:188} INFO - [2026-09-22T17:12:12.761+0000] {dag.py:3089} INFO - Sync 1 DAGs
[2026-09-22T17:12:12.786+0000] {logging_mixin.py:188} INFO - [2026-09-22T17:12:12.786+0000] {dag.py:3947} INFO - Setting next_dagrun for example_sla_dag to 2026-09-22 17:10:00+00:00, run_after=2026-09-22 17:12:00+00:00
[2026-09-22T17:12:12.809+0000] {processor.py:183} INFO - Processing /home/airflow/.local/lib/python3.12/site-packages/airflow/example_dags/example_sla_dag.py took 0.086 seconds
[2026-09-22T17:12:43.044+0000] {processor.py:161} INFO - Started process (PID=1165) to work on /home/airflow/.local/lib/python3.12/site-packages/airflow/example_dags/example_sla_dag.py
[2026-09-22T17:12:43.045+0000] {processor.py:830} INFO - Processing file /home/airflow/.local/lib/python3.12/site-packages/airflow/example_dags/example_sla_dag.py for tasks to queue
[2026-09-22T17:12:43.046+0000] {logging_mixin.py:188} INFO - [2026-09-22T17:12:43.046+0000] {dagbag.py:545} INFO - Filling up the DagBag from /home/airflow/.local/lib/python3.12/site-packages/airflow/example_dags/example_sla_dag.py
[2026-09-22T17:12:43.056+0000] {processor.py:840} INFO - DAG(s) 'example_sla_dag' retrieved from /home/airflow/.local/lib/python3.12/site-packages/airflow/example_dags/example_sla_dag.py
[2026-09-22T17:12:43.073+0000] {logging_mixin.py:188} INFO - [2026-09-22T17:12:43.073+0000] {dag.py:3089} INFO - Sync 1 DAGs
[2026-09-22T17:12:43.093+0000] {logging_mixin.py:188} INFO - [2026-09-22T17:12:43.092+0000] {dag.py:3947} INFO - Setting next_dagrun for example_sla_dag to 2026-09-22 17:10:00+00:00, run_after=2026-09-22 17:12:00+00:00
[2026-09-22T17:12:43.112+0000] {processor.py:183} INFO - Processing /home/airflow/.local/lib/python3.12/site-packages/airflow/example_dags/example_sla_dag.py took 0.074 seconds
[2026-09-22T17:13:13.385+0000] {processor.py:161} INFO - Started process (PID=1223) to work on /home/airflow/.local/lib/python3.12/site-packages/airflow/example_dags/example_sla_dag.py
[2026-09-22T17:13:13.386+0000] {processor.py:830} INFO - Processing file /home/airflow/.local/lib/python3.12/site-packages/airflow/example_dags/example_sla_dag.py for tasks to queue
[2026-09-22T17:13:13.389+0000] {logging_mixin.py:188} INFO - [2026-09-22T17:13:13.389+0000] {dagbag.py:545} INFO - Filling up the DagBag from /home/airflow/.local/lib/python3.12/site-packages/airflow/example_dags/example_sla_dag.py
[2026-09-22T17:13:13.399+0000] {processor.py:840} INFO - DAG(s) 'example_sla_dag' retrieved from /home/airflow/.local/lib/python3.12/site-packages/airflow/example_dags/example_sla_dag.py
[2026-09-22T17:13:13.422+0000] {logging_mixin.py:188} INFO - [2026-09-22T17:13:13.421+0000] {dag.py:3089} INFO - Sync 1 DAGs
[2026-09-22T17:13:13.446+0000] {logging_mixin.py:188} INFO - [2026-09-22T17:13:13.446+0000] {dag.py:3947} INFO - Setting next_dagrun for example_sla_dag to 2026-09-22 17:10:00+00:00, run_after=2026-09-22 17:12:00+00:00
[2026-09-22T17:13:13.473+0000] {processor.py:183} INFO - Processing /home/airflow/.local/lib/python3.12/site-packages/airflow/example_dags/example_sla_dag.py took 0.096 seconds
