[2026-09-22T16:19:29.997+0000] {processor.py:161} INFO - Started process (PID=83) to work on /home/airflow/.local/lib/python3.12/site-packages/airflow/example_dags/example_local_kubernetes_executor.py
[2026-09-22T16:19:30.003+0000] {processor.py:830} INFO - Processing file /home/airflow/.local/lib/python3.12/site-packages/airflow/example_dags/example_local_kubernetes_executor.py for tasks to queue
[2026-09-22T16:19:30.017+0000] {logging_mixin.py:188} INFO - [2026-09-22T16:19:30.016+0000] {dagbag.py:545} INFO - Filling up the DagBag from /home/airflow/.local/lib/python3.12/site-packages/airflow/example_dags/example_local_kubernetes_executor.py
[2026-09-22T16:19:30.045+0000] {processor.py:840} INFO - DAG(s) 'example_local_kubernetes_executor' retrieved from /home/airflow/.local/lib/python3.12/site-packages/airflow/example_dags/example_local_kubernetes_executor.py
[2026-09-22T16:19:30.347+0000] {logging_mixin.py:188} INFO - [2026-09-22T16:19:30.347+0000] {dag.py:3089} INFO - Sync 1 DAGs
[2026-09-22T16:19:30.383+0000] {logging_mixin.py:188} INFO - [2026-09-22T16:19:30.383+0000] {dag.py:3947} INFO - Setting next_dagrun for example_local_kubernetes_executor to None, run_after=None
[2026-09-22T16:19:30.440+0000] {processor.py:183} INFO - Processing /home/airflow/.local/lib/python3.12/site-packages/airflow/example_dags/example_local_kubernetes_executor.py took 0.475 seconds
[2026-09-22T16:20:01.327+0000] {processor.py:161} INFO - Started process (PID=141) to work on /home/airflow/.local/lib/python3.12/site-packages/airflow/example_dags/example_local_kubernetes_executor.py
[2026-09-22T16:20:01.330+0000] {processor.py:830} INFO - Processing file /home/airflow/.local/lib/python3.12/site-packages/airflow/example_dags/example_local_kubernetes_executor.py for tasks to queue
[2026-09-22T16:20:01.335+0000] {logging_mixin.py:188} INFO - [2026-09-22T16:20:01.334+0000] {dagbag.py:545} INFO - Filling up the DagBag from /home/airflow/.local/lib/python3.12/site-packages/airflow/example_dags/example_local_kubernetes_executor.py
[2026-09-22T16:20:01.350+0000] {processor.py:840} INFO - DAG(s) 'example_local_kubernetes_executor' retrieved from /home/airflow/.local/lib/python3.12/site-packages/airflow/example_dags/example_local_kubernetes_executor.py
[2026-09-22T16:20:01.407+0000] {logging_mixin.py:188} INFO - [2026-09-22T16:20:01.407+0000] {dag.py:3089} INFO - Sync 1 DAGs
[2026-09-22T16:20:01.423+0000] {logging_mixin.py:188} INFO - [2026-09-22T16:20:01.423+0000] {dag.py:3947} INFO - Setting next_dagrun for example_local_kubernetes_executor to None, run_after=None
[2026-09-22T16:20:01.508+0000] {processor.py:183} INFO - Processing /home/airflow/.local/lib/python3.12/site-packages/airflow/example_dags/example_local_kubernetes_executor.py took 0.189 seconds
[2026-09-22T16:20:31.734+0000] {processor.py:161} INFO - Started process (PID=198) to work on /home/airflow/.local/lib/python3.12/site-packages/airflow/example_dags/example_local_kubernetes_executor.py
[2026-09-22T16:20:31.736+0000] {processor.py:830} INFO - Processing file /home/airflow/.local/lib/python3.12/site-packages/airflow/example_dags/example_local_kubernetes_executor.py for tasks to queue
[2026-09-22T16:20:31.740+0000] {logging_mixin.py:188} INFO - [2026-09-22T16:20:31.739+0000] {dagbag.py:545} INFO - Filling up the DagBag from /home/airflow/.local/lib/python3.12/site-packages/airflow/example_dags/example_local_kubernetes_executor.py
[2026-09-22T16:20:31.753+0000] {processor.py:840} INFO - DAG(s) 'example_local_kubernetes_executor' retrieved from /home/airflow/.local/lib/python3.12/site-packages/airflow/example_dags/example_local_kubernetes_executor.py
[2026-09-22T16:20:31.800+0000] {logging_mixin.py:188} INFO - [2026-09-22T16:20:31.799+0000] {dag.py:3089} INFO - Sync 1 DAGs
[2026-09-22T16:20:31.834+0000] {logging_mixin.py:188} INFO - [2026-09-22T16:20:31.834+0000] {dag.py:3947} INFO - Setting next_dagrun for example_local_kubernetes_executor to None, run_after=None
[2026-09-22T16:20:31.932+0000] {processor.py:183} INFO - Processing /home/airflow/.local/lib/python3.12/site-packages/airflow/example_dags/example_local_kubernetes_executor.py took 0.205 seconds
[2026-09-22T16:21:02.099+0000] {processor.py:161} INFO - Started process (PID=256) to work on /home/airflow/.local/lib/python3.12/site-packages/airflow/example_dags/example_local_kubernetes_executor.py
[2026-09-22T16:21:02.101+0000] {processor.py:830} INFO - Processing file /home/airflow/.local/lib/python3.12/site-packages/airflow/example_dags/example_local_kubernetes_executor.py for tasks to queue
[2026-09-22T16:21:02.104+0000] {logging_mixin.py:188} INFO - [2026-09-22T16:21:02.104+0000] {dagbag.py:545} INFO - Filling up the DagBag from /home/airflow/.local/lib/python3.12/site-packages/airflow/example_dags/example_local_kubernetes_executor.py
[2026-09-22T16:21:02.115+0000] {processor.py:840} INFO - DAG(s) 'example_local_kubernetes_executor' retrieved from /home/airflow/.local/lib/python3.12/site-packages/airflow/example_dags/example_local_kubernetes_executor.py
[2026-09-22T16:21:02.163+0000] {logging_mixin.py:188} INFO - [2026-09-22T16:21:02.163+0000] {dag.py:3089} INFO - Sync 1 DAGs
[2026-09-22T16:21:02.184+0000] {logging_mixin.py:188} INFO - [2026-09-22T16:21:02.183+0000] {dag.py:3947} INFO - Setting next_dagrun for example_local_kubernetes_executor to None, run_after=None
[2026-09-22T16:21:02.212+0000] {processor.py:183} INFO - Processing /home/airflow/.local/lib/python3.12/site-packages/airflow/example_dags/example_local_kubernetes_executor.py took 0.121 seconds
[2026-09-22T16:21:32.375+0000] {processor.py:161} INFO - Started process (PID=314) to work on /home/airflow/.local/lib/python3.12/site-packages/airflow/example_dags/example_local_kubernetes_executor.py
[2026-09-22T16:21:32.376+0000] {processor.py:830} INFO - Processing file /home/airflow/.local/lib/python3.12/site-packages/airflow/example_dags/example_local_kubernetes_executor.py for tasks to queue
[2026-09-22T16:21:32.379+0000] {logging_mixin.py:188} INFO - [2026-09-22T16:21:32.378+0000] {dagbag.py:545} INFO - Filling up the DagBag from /home/airflow/.local/lib/python3.12/site-packages/airflow/example_dags/example_local_kubernetes_executor.py
[2026-09-22T16:21:32.393+0000] {processor.py:840} INFO - DAG(s) 'example_local_kubernetes_executor' retrieved from /home/airflow/.local/lib/python3.12/site-packages/airflow/example_dags/example_local_kubernetes_executor.py
[2026-09-22T16:21:32.463+0000] {logging_mixin.py:188} INFO - [2026-09-22T16:21:32.463+0000] {dag.py:3089} INFO - Sync 1 DAGs
[2026-09-22T16:21:32.490+0000] {logging_mixin.py:188} INFO - [2026-09-22T16:21:32.490+0000] {dag.py:3947} INFO - Setting next_dagrun for example_local_kubernetes_executor to None, run_after=None
[2026-09-22T16:21:32.526+0000] {processor.py:183} INFO - Processing /home/airflow/.local/lib/python3.12/site-packages/airflow/example_dags/example_local_kubernetes_executor.py took 0.159 seconds
[2026-09-22T16:22:02.765+0000] {processor.py:161} INFO - Started process (PID=372) to work on /home/airflow/.local/lib/python3.12/site-packages/airflow/example_dags/example_local_kubernetes_executor.py
[2026-09-22T16:22:02.767+0000] {processor.py:830} INFO - Processing file /home/airflow/.local/lib/python3.12/site-packages/airflow/example_dags/example_local_kubernetes_executor.py for tasks to queue
[2026-09-22T16:22:02.773+0000] {logging_mixin.py:188} INFO - [2026-09-22T16:22:02.773+0000] {dagbag.py:545} INFO - Filling up the DagBag from /home/airflow/.local/lib/python3.12/site-packages/airflow/example_dags/example_local_kubernetes_executor.py
[2026-09-22T16:22:02.787+0000] {processor.py:840} INFO - DAG(s) 'example_local_kubernetes_executor' retrieved from /home/airflow/.local/lib/python3.12/site-packages/airflow/example_dags/example_local_kubernetes_executor.py
[2026-09-22T16:22:02.869+0000] {logging_mixin.py:188} INFO - [2026-09-22T16:22:02.868+0000] {dag.py:3089} INFO - Sync 1 DAGs
[2026-09-22T16:22:02.888+0000] {logging_mixin.py:188} INFO - [2026-09-22T16:22:02.888+0000] {dag.py:3947} INFO - Setting next_dagrun for example_local_kubernetes_executor to None, run_after=None
[2026-09-22T16:22:02.918+0000] {processor.py:183} INFO - Processing /home/airflow/.local/lib/python3.12/site-packages/airflow/example_dags/example_local_kubernetes_executor.py took 0.162 seconds
[2026-09-22T16:22:33.593+0000] {processor.py:161} INFO - Started process (PID=430) to work on /home/airflow/.local/lib/python3.12/site-packages/airflow/example_dags/example_local_kubernetes_executor.py
[2026-09-22T16:22:33.595+0000] {processor.py:830} INFO - Processing file /home/airflow/.local/lib/python3.12/site-packages/airflow/example_dags/example_local_kubernetes_executor.py for tasks to queue
[2026-09-22T16:22:33.598+0000] {logging_mixin.py:188} INFO - [2026-09-22T16:22:33.597+0000] {dagbag.py:545} INFO - Filling up the DagBag from /home/airflow/.local/lib/python3.12/site-packages/airflow/example_dags/example_local_kubernetes_executor.py
[2026-09-22T16:22:33.611+0000] {processor.py:840} INFO - DAG(s) 'example_local_kubernetes_executor' retrieved from /home/airflow/.local/lib/python3.12/site-packages/airflow/example_dags/example_local_kubernetes_executor.py
[2026-09-22T16:22:33.665+0000] {logging_mixin.py:188} INFO - [2026-09-22T16:22:33.665+0000] {dag.py:3089} INFO - Sync 1 DAGs
[2026-09-22T16:22:33.690+0000] {logging_mixin.py:188} INFO - [2026-09-22T16:22:33.690+0000] {dag.py:3947} INFO - Setting next_dagrun for example_local_kubernetes_executor to None, run_after=None
[2026-09-22T16:22:33.786+0000] {processor.py:183} INFO - Processing /home/airflow/.local/lib/python3.12/site-packages/airflow/example_dags/example_local_kubernetes_executor.py took 0.202 seconds
[2026-09-22T16:23:04.693+0000] {processor.py:161} INFO - Started process (PID=488) to work on /home/airflow/.local/lib/python3.12/site-packages/airflow/example_dags/example_local_kubernetes_executor.py
[2026-09-22T16:23:04.695+0000] {processor.py:830} INFO - Processing file /home/airflow/.local/lib/python3.12/site-packages/airflow/example_dags/example_local_kubernetes_executor.py for tasks to queue
[2026-09-22T16:23:04.701+0000] {logging_mixin.py:188} INFO - [2026-09-22T16:23:04.700+0000] {dagbag.py:545} INFO - Filling up the DagBag from /home/airflow/.local/lib/python3.12/site-packages/airflow/example_dags/example_local_kubernetes_executor.py
[2026-09-22T16:23:04.720+0000] {processor.py:840} INFO - DAG(s) 'example_local_kubernetes_executor' retrieved from /home/airflow/.local/lib/python3.12/site-packages/airflow/example_dags/example_local_kubernetes_executor.py
[2026-09-22T16:23:04.770+0000] {logging_mixin.py:188} INFO - [2026-09-22T16:23:04.769+0000] {dag.py:3089} INFO - Sync 1 DAGs
[2026-09-22T16:23:04.790+0000] {logging_mixin.py:188} INFO - [2026-09-22T16:23:04.790+0000] {dag.py:3947} INFO - Setting next_dagrun for example_local_kubernetes_executor to None, run_after=None
[2026-09-22T16:23:04.878+0000] {processor.py:183} INFO - Processing /home/airflow/.local/lib/python3.12/site-packages/airflow/example_dags/example_local_kubernetes_executor.py took 0.204 seconds
[2026-09-22T16:23:35.103+0000] {processor.py:161} INFO - Started process (PID=546) to work on /home/airflow/.local/lib/python3.12/site-packages/airflow/example_dags/example_local_kubernetes_executor.py
[2026-09-22T16:23:35.104+0000] {processor.py:830} INFO - Processing file /home/airflow/.local/lib/python3.12/site-packages/airflow/example_dags/example_local_kubernetes_executor.py for tasks to queue
[2026-09-22T16:23:35.108+0000] {logging_mixin.py:188} INFO - [2026-09-22T16:23:35.107+0000] {dagbag.py:545} INFO - Filling up the DagBag from /home/airflow/.local/lib/python3.12/site-packages/airflow/example_dags/example_local_kubernetes_executor.py
[2026-09-22T16:23:35.123+0000] {processor.py:840} INFO - DAG(s) 'example_local_kubernetes_executor' retrieved from /home/airflow/.local/lib/python3.12/site-packages/airflow/example_dags/example_local_kubernetes_executor.py
[2026-09-22T16:23:35.177+0000] {logging_mixin.py:188} INFO - [2026-09-22T16:23:35.176+0000] {dag.py:3089} INFO - Sync 1 DAGs
[2026-09-22T16:23:35.196+0000] {logging_mixin.py:188} INFO - [2026-09-22T16:23:35.196+0000] {dag.py:3947} INFO - Setting next_dagrun for example_local_kubernetes_executor to None, run_after=None
[2026-09-22T16:23:35.297+0000] {processor.py:183} INFO - Processing /home/airflow/.local/lib/python3.12/site-packages/airflow/example_dags/example_local_kubernetes_executor.py took 0.204 seconds
[2026-09-22T16:24:05.430+0000] {processor.py:161} INFO - Started process (PID=604) to work on /home/airflow/.local/lib/python3.12/site-packages/airflow/example_dags/example_local_kubernetes_executor.py
[2026-09-22T16:24:05.431+0000] {processor.py:830} INFO - Processing file /home/airflow/.local/lib/python3.12/site-packages/airflow/example_dags/example_local_kubernetes_executor.py for tasks to queue
[2026-09-22T16:24:05.435+0000] {logging_mixin.py:188} INFO - [2026-09-22T16:24:05.434+0000] {dagbag.py:545} INFO - Filling up the DagBag from /home/airflow/.local/lib/python3.12/site-packages/airflow/example_dags/example_local_kubernetes_executor.py
[2026-09-22T16:24:05.448+0000] {processor.py:840} INFO - DAG(s) 'example_local_kubernetes_executor' retrieved from /home/airflow/.local/lib/python3.12/site-packages/airflow/example_dags/example_local_kubernetes_executor.py
[2026-09-22T16:24:05.503+0000] {logging_mixin.py:188} INFO - [2026-09-22T16:24:05.503+0000] {dag.py:3089} INFO - Sync 1 DAGs
[2026-09-22T16:24:05.532+0000] {logging_mixin.py:188} INFO - [2026-09-22T16:24:05.532+0000] {dag.py:3947} INFO - Setting next_dagrun for example_local_kubernetes_executor to None, run_after=None
[2026-09-22T16:24:05.622+0000] {processor.py:183} INFO - Processing /home/airflow/.local/lib/python3.12/site-packages/airflow/example_dags/example_local_kubernetes_executor.py took 0.200 seconds
[2026-09-22T16:24:35.745+0000] {processor.py:161} INFO - Started process (PID=662) to work on /home/airflow/.local/lib/python3.12/site-packages/airflow/example_dags/example_local_kubernetes_executor.py
[2026-09-22T16:24:35.746+0000] {processor.py:830} INFO - Processing file /home/airflow/.local/lib/python3.12/site-packages/airflow/example_dags/example_local_kubernetes_executor.py for tasks to queue
[2026-09-22T16:24:35.750+0000] {logging_mixin.py:188} INFO - [2026-09-22T16:24:35.749+0000] {dagbag.py:545} INFO - Filling up the DagBag from /home/airflow/.local/lib/python3.12/site-packages/airflow/example_dags/example_local_kubernetes_executor.py
[2026-09-22T16:24:35.759+0000] {processor.py:840} INFO - DAG(s) 'example_local_kubernetes_executor' retrieved from /home/airflow/.local/lib/python3.12/site-packages/airflow/example_dags/example_local_kubernetes_executor.py
[2026-09-22T16:24:35.806+0000] {logging_mixin.py:188} INFO - [2026-09-22T16:24:35.806+0000] {dag.py:3089} INFO - Sync 1 DAGs
[2026-09-22T16:24:35.824+0000] {logging_mixin.py:188} INFO - [2026-09-22T16:24:35.823+0000] {dag.py:3947} INFO - Setting next_dagrun for example_local_kubernetes_executor to None, run_after=None
[2026-09-22T16:24:35.912+0000] {processor.py:183} INFO - Processing /home/airflow/.local/lib/python3.12/site-packages/airflow/example_dags/example_local_kubernetes_executor.py took 0.174 seconds
[2026-09-22T16:25:06.316+0000] {processor.py:161} INFO - Started process (PID=720) to work on /home/airflow/.local/lib/python3.12/site-packages/airflow/example_dags/example_local_kubernetes_executor.py
[2026-09-22T16:25:06.318+0000] {processor.py:830} INFO - Processing file /home/airflow/.local/lib/python3.12/site-packages/airflow/example_dags/example_local_kubernetes_executor.py for tasks to queue
[2026-09-22T16:25:06.322+0000] {logging_mixin.py:188} INFO - [2026-09-22T16:25:06.321+0000] {dagbag.py:545} INFO - Filling up the DagBag from /home/airflow/.local/lib/python3.12/site-packages/airflow/example_dags/example_local_kubernetes_executor.py
[2026-09-22T16:25:06.334+0000] {processor.py:840} INFO - DAG(s) 'example_local_kubernetes_executor' retrieved from /home/airflow/.local/lib/python3.12/site-packages/airflow/example_dags/example_local_kubernetes_executor.py
[2026-09-22T16:25:06.435+0000] {logging_mixin.py:188} INFO - [2026-09-22T16:25:06.435+0000] {dag.py:3089} INFO - Sync 1 DAGs
[2026-09-22T16:25:06.457+0000] {logging_mixin.py:188} INFO - [2026-09-22T16:25:06.456+0000] {dag.py:3947} INFO - Setting next_dagrun for example_local_kubernetes_executor to None, run_after=None
[2026-09-22T16:25:06.491+0000] {processor.py:183} INFO - Processing /home/airflow/.local/lib/python3.12/site-packages/airflow/example_dags/example_local_kubernetes_executor.py took 0.189 seconds
[2026-09-22T16:25:36.690+0000] {processor.py:161} INFO - Started process (PID=778) to work on /home/airflow/.local/lib/python3.12/site-packages/airflow/example_dags/example_local_kubernetes_executor.py
[2026-09-22T16:25:36.692+0000] {processor.py:830} INFO - Processing file /home/airflow/.local/lib/python3.12/site-packages/airflow/example_dags/example_local_kubernetes_executor.py for tasks to queue
[2026-09-22T16:25:36.696+0000] {logging_mixin.py:188} INFO - [2026-09-22T16:25:36.695+0000] {dagbag.py:545} INFO - Filling up the DagBag from /home/airflow/.local/lib/python3.12/site-packages/airflow/example_dags/example_local_kubernetes_executor.py
[2026-09-22T16:25:36.710+0000] {processor.py:840} INFO - DAG(s) 'example_local_kubernetes_executor' retrieved from /home/airflow/.local/lib/python3.12/site-packages/airflow/example_dags/example_local_kubernetes_executor.py
[2026-09-22T16:25:36.772+0000] {logging_mixin.py:188} INFO - [2026-09-22T16:25:36.771+0000] {dag.py:3089} INFO - Sync 1 DAGs
[2026-09-22T16:25:36.794+0000] {logging_mixin.py:188} INFO - [2026-09-22T16:25:36.794+0000] {dag.py:3947} INFO - Setting next_dagrun for example_local_kubernetes_executor to None, run_after=None
[2026-09-22T16:25:36.838+0000] {processor.py:183} INFO - Processing /home/airflow/.local/lib/python3.12/site-packages/airflow/example_dags/example_local_kubernetes_executor.py took 0.160 seconds
[2026-09-22T16:26:07.175+0000] {processor.py:161} INFO - Started process (PID=836) to work on /home/airflow/.local/lib/python3.12/site-packages/airflow/example_dags/example_local_kubernetes_executor.py
[2026-09-22T16:26:07.180+0000] {processor.py:830} INFO - Processing file /home/airflow/.local/lib/python3.12/site-packages/airflow/example_dags/example_local_kubernetes_executor.py for tasks to queue
[2026-09-22T16:26:07.184+0000] {logging_mixin.py:188} INFO - [2026-09-22T16:26:07.183+0000] {dagbag.py:545} INFO - Filling up the DagBag from /home/airflow/.local/lib/python3.12/site-packages/airflow/example_dags/example_local_kubernetes_executor.py
[2026-09-22T16:26:07.204+0000] {processor.py:840} INFO - DAG(s) 'example_local_kubernetes_executor' retrieved from /home/airflow/.local/lib/python3.12/site-packages/airflow/example_dags/example_local_kubernetes_executor.py
[2026-09-22T16:26:07.267+0000] {logging_mixin.py:188} INFO - [2026-09-22T16:26:07.267+0000] {dag.py:3089} INFO - Sync 1 DAGs
[2026-09-22T16:26:07.287+0000] {logging_mixin.py:188} INFO - [2026-09-22T16:26:07.286+0000] {dag.py:3947} INFO - Setting next_dagrun for example_local_kubernetes_executor to None, run_after=None
[2026-09-22T16:26:07.381+0000] {processor.py:183} INFO - Processing /home/airflow/.local/lib/python3.12/site-packages/airflow/example_dags/example_local_kubernetes_executor.py took 0.218 seconds
[2026-09-22T16:26:37.585+0000] {processor.py:161} INFO - Started process (PID=894) to work on /home/airflow/.local/lib/python3.12/site-packages/airflow/example_dags/example_local_kubernetes_executor.py
[2026-09-22T16:26:37.587+0000] {processor.py:830} INFO - Processing file /home/airflow/.local/lib/python3.12/site-packages/airflow/example_dags/example_local_kubernetes_executor.py for tasks to queue
[2026-09-22T16:26:37.591+0000] {logging_mixin.py:188} INFO - [2026-09-22T16:26:37.590+0000] {dagbag.py:545} INFO - Filling up the DagBag from /home/airflow/.local/lib/python3.12/site-packages/airflow/example_dags/example_local_kubernetes_executor.py
[2026-09-22T16:26:37.605+0000] {processor.py:840} INFO - DAG(s) 'example_local_kubernetes_executor' retrieved from /home/airflow/.local/lib/python3.12/site-packages/airflow/example_dags/example_local_kubernetes_executor.py
[2026-09-22T16:26:37.675+0000] {logging_mixin.py:188} INFO - [2026-09-22T16:26:37.674+0000] {dag.py:3089} INFO - Sync 1 DAGs
[2026-09-22T16:26:37.695+0000] {logging_mixin.py:188} INFO - [2026-09-22T16:26:37.695+0000] {dag.py:3947} INFO - Setting next_dagrun for example_local_kubernetes_executor to None, run_after=None
[2026-09-22T16:26:37.782+0000] {processor.py:183} INFO - Processing /home/airflow/.local/lib/python3.12/site-packages/airflow/example_dags/example_local_kubernetes_executor.py took 0.209 seconds
[2026-09-22T16:27:08.104+0000] {processor.py:161} INFO - Started process (PID=952) to work on /home/airflow/.local/lib/python3.12/site-packages/airflow/example_dags/example_local_kubernetes_executor.py
[2026-09-22T16:27:08.106+0000] {processor.py:830} INFO - Processing file /home/airflow/.local/lib/python3.12/site-packages/airflow/example_dags/example_local_kubernetes_executor.py for tasks to queue
[2026-09-22T16:27:08.110+0000] {logging_mixin.py:188} INFO - [2026-09-22T16:27:08.109+0000] {dagbag.py:545} INFO - Filling up the DagBag from /home/airflow/.local/lib/python3.12/site-packages/airflow/example_dags/example_local_kubernetes_executor.py
[2026-09-22T16:27:08.123+0000] {processor.py:840} INFO - DAG(s) 'example_local_kubernetes_executor' retrieved from /home/airflow/.local/lib/python3.12/site-packages/airflow/example_dags/example_local_kubernetes_executor.py
[2026-09-22T16:27:08.174+0000] {logging_mixin.py:188} INFO - [2026-09-22T16:27:08.174+0000] {dag.py:3089} INFO - Sync 1 DAGs
[2026-09-22T16:27:08.196+0000] {logging_mixin.py:188} INFO - [2026-09-22T16:27:08.196+0000] {dag.py:3947} INFO - Setting next_dagrun for example_local_kubernetes_executor to None, run_after=None
[2026-09-22T16:27:08.292+0000] {processor.py:183} INFO - Processing /home/airflow/.local/lib/python3.12/site-packages/airflow/example_dags/example_local_kubernetes_executor.py took 0.198 seconds
[2026-09-22T16:27:39.078+0000] {processor.py:161} INFO - Started process (PID=1010) to work on /home/airflow/.local/lib/python3.12/site-packages/airflow/example_dags/example_local_kubernetes_executor.py
[2026-09-22T16:27:39.080+0000] {processor.py:830} INFO - Processing file /home/airflow/.local/lib/python3.12/site-packages/airflow/example_dags/example_local_kubernetes_executor.py for tasks to queue
[2026-09-22T16:27:39.084+0000] {logging_mixin.py:188} INFO - [2026-09-22T16:27:39.083+0000] {dagbag.py:545} INFO - Filling up the DagBag from /home/airflow/.local/lib/python3.12/site-packages/airflow/example_dags/example_local_kubernetes_executor.py
[2026-09-22T16:27:39.097+0000] {processor.py:840} INFO - DAG(s) 'example_local_kubernetes_executor' retrieved from /home/airflow/.local/lib/python3.12/site-packages/airflow/example_dags/example_local_kubernetes_executor.py
[2026-09-22T16:27:39.141+0000] {logging_mixin.py:188} INFO - [2026-09-22T16:27:39.141+0000] {dag.py:3089} INFO - Sync 1 DAGs
[2026-09-22T16:27:39.156+0000] {logging_mixin.py:188} INFO - [2026-09-22T16:27:39.155+0000] {dag.py:3947} INFO - Setting next_dagrun for example_local_kubernetes_executor to None, run_after=None
[2026-09-22T16:27:39.243+0000] {processor.py:183} INFO - Processing /home/airflow/.local/lib/python3.12/site-packages/airflow/example_dags/example_local_kubernetes_executor.py took 0.176 seconds
[2026-09-22T16:28:09.694+0000] {processor.py:161} INFO - Started process (PID=1068) to work on /home/airflow/.local/lib/python3.12/site-packages/airflow/example_dags/example_local_kubernetes_executor.py
[2026-09-22T16:28:09.696+0000] {processor.py:830} INFO - Processing file /home/airflow/.local/lib/python3.12/site-packages/airflow/example_dags/example_local_kubernetes_executor.py for tasks to queue
[2026-09-22T16:28:09.700+0000] {logging_mixin.py:188} INFO - [2026-09-22T16:28:09.699+0000] {dagbag.py:545} INFO - Filling up the DagBag from /home/airflow/.local/lib/python3.12/site-packages/airflow/example_dags/example_local_kubernetes_executor.py
[2026-09-22T16:28:09.710+0000] {processor.py:840} INFO - DAG(s) 'example_local_kubernetes_executor' retrieved from /home/airflow/.local/lib/python3.12/site-packages/airflow/example_dags/example_local_kubernetes_executor.py
[2026-09-22T16:28:09.764+0000] {logging_mixin.py:188} INFO - [2026-09-22T16:28:09.764+0000] {dag.py:3089} INFO - Sync 1 DAGs
[2026-09-22T16:28:09.782+0000] {logging_mixin.py:188} INFO - [2026-09-22T16:28:09.782+0000] {dag.py:3947} INFO - Setting next_dagrun for example_local_kubernetes_executor to None, run_after=None
[2026-09-22T16:28:09.869+0000] {processor.py:183} INFO - Processing /home/airflow/.local/lib/python3.12/site-packages/airflow/example_dags/example_local_kubernetes_executor.py took 0.189 seconds
[2026-09-22T16:28:39.960+0000] {processor.py:161} INFO - Started process (PID=1125) to work on /home/airflow/.local/lib/python3.12/site-packages/airflow/example_dags/example_local_kubernetes_executor.py
[2026-09-22T16:28:39.963+0000] {processor.py:830} INFO - Processing file /home/airflow/.local/lib/python3.12/site-packages/airflow/example_dags/example_local_kubernetes_executor.py for tasks to queue
[2026-09-22T16:28:39.966+0000] {logging_mixin.py:188} INFO - [2026-09-22T16:28:39.965+0000] {dagbag.py:545} INFO - Filling up the DagBag from /home/airflow/.local/lib/python3.12/site-packages/airflow/example_dags/example_local_kubernetes_executor.py
[2026-09-22T16:28:39.983+0000] {processor.py:840} INFO - DAG(s) 'example_local_kubernetes_executor' retrieved from /home/airflow/.local/lib/python3.12/site-packages/airflow/example_dags/example_local_kubernetes_executor.py
[2026-09-22T16:28:40.045+0000] {logging_mixin.py:188} INFO - [2026-09-22T16:28:40.044+0000] {dag.py:3089} INFO - Sync 1 DAGs
[2026-09-22T16:28:40.074+0000] {logging_mixin.py:188} INFO - [2026-09-22T16:28:40.074+0000] {dag.py:3947} INFO - Setting next_dagrun for example_local_kubernetes_executor to None, run_after=None
[2026-09-22T16:28:40.164+0000] {processor.py:183} INFO - Processing /home/airflow/.local/lib/python3.12/site-packages/airflow/example_dags/example_local_kubernetes_executor.py took 0.215 seconds
[2026-09-22T16:29:10.522+0000] {processor.py:161} INFO - Started process (PID=1184) to work on /home/airflow/.local/lib/python3.12/site-packages/airflow/example_dags/example_local_kubernetes_executor.py
[2026-09-22T16:29:10.524+0000] {processor.py:830} INFO - Processing file /home/airflow/.local/lib/python3.12/site-packages/airflow/example_dags/example_local_kubernetes_executor.py for tasks to queue
[2026-09-22T16:29:10.530+0000] {logging_mixin.py:188} INFO - [2026-09-22T16:29:10.530+0000] {dagbag.py:545} INFO - Filling up the DagBag from /home/airflow/.local/lib/python3.12/site-packages/airflow/example_dags/example_local_kubernetes_executor.py
[2026-09-22T16:29:10.548+0000] {processor.py:840} INFO - DAG(s) 'example_local_kubernetes_executor' retrieved from /home/airflow/.local/lib/python3.12/site-packages/airflow/example_dags/example_local_kubernetes_executor.py
[2026-09-22T16:29:10.602+0000] {logging_mixin.py:188} INFO - [2026-09-22T16:29:10.602+0000] {dag.py:3089} INFO - Sync 1 DAGs
[2026-09-22T16:29:10.622+0000] {logging_mixin.py:188} INFO - [2026-09-22T16:29:10.622+0000] {dag.py:3947} INFO - Setting next_dagrun for example_local_kubernetes_executor to None, run_after=None
[2026-09-22T16:29:10.717+0000] {processor.py:183} INFO - Processing /home/airflow/.local/lib/python3.12/site-packages/airflow/example_dags/example_local_kubernetes_executor.py took 0.206 seconds
[2026-09-22T16:29:41.182+0000] {processor.py:161} INFO - Started process (PID=1241) to work on /home/airflow/.local/lib/python3.12/site-packages/airflow/example_dags/example_local_kubernetes_executor.py
[2026-09-22T16:29:41.184+0000] {processor.py:830} INFO - Processing file /home/airflow/.local/lib/python3.12/site-packages/airflow/example_dags/example_local_kubernetes_executor.py for tasks to queue
[2026-09-22T16:29:41.187+0000] {logging_mixin.py:188} INFO - [2026-09-22T16:29:41.187+0000] {dagbag.py:545} INFO - Filling up the DagBag from /home/airflow/.local/lib/python3.12/site-packages/airflow/example_dags/example_local_kubernetes_executor.py
[2026-09-22T16:29:41.197+0000] {processor.py:840} INFO - DAG(s) 'example_local_kubernetes_executor' retrieved from /home/airflow/.local/lib/python3.12/site-packages/airflow/example_dags/example_local_kubernetes_executor.py
[2026-09-22T16:29:41.238+0000] {logging_mixin.py:188} INFO - [2026-09-22T16:29:41.238+0000] {dag.py:3089} INFO - Sync 1 DAGs
[2026-09-22T16:29:41.257+0000] {logging_mixin.py:188} INFO - [2026-09-22T16:29:41.257+0000] {dag.py:3947} INFO - Setting next_dagrun for example_local_kubernetes_executor to None, run_after=None
[2026-09-22T16:29:41.347+0000] {processor.py:183} INFO - Processing /home/airflow/.local/lib/python3.12/site-packages/airflow/example_dags/example_local_kubernetes_executor.py took 0.177 seconds
[2026-09-22T16:30:11.486+0000] {processor.py:161} INFO - Started process (PID=1299) to work on /home/airflow/.local/lib/python3.12/site-packages/airflow/example_dags/example_local_kubernetes_executor.py
[2026-09-22T16:30:11.489+0000] {processor.py:830} INFO - Processing file /home/airflow/.local/lib/python3.12/site-packages/airflow/example_dags/example_local_kubernetes_executor.py for tasks to queue
[2026-09-22T16:30:11.492+0000] {logging_mixin.py:188} INFO - [2026-09-22T16:30:11.491+0000] {dagbag.py:545} INFO - Filling up the DagBag from /home/airflow/.local/lib/python3.12/site-packages/airflow/example_dags/example_local_kubernetes_executor.py
[2026-09-22T16:30:11.502+0000] {processor.py:840} INFO - DAG(s) 'example_local_kubernetes_executor' retrieved from /home/airflow/.local/lib/python3.12/site-packages/airflow/example_dags/example_local_kubernetes_executor.py
[2026-09-22T16:30:11.555+0000] {logging_mixin.py:188} INFO - [2026-09-22T16:30:11.554+0000] {dag.py:3089} INFO - Sync 1 DAGs
[2026-09-22T16:30:11.579+0000] {logging_mixin.py:188} INFO - [2026-09-22T16:30:11.579+0000] {dag.py:3947} INFO - Setting next_dagrun for example_local_kubernetes_executor to None, run_after=None
[2026-09-22T16:30:11.619+0000] {processor.py:183} INFO - Processing /home/airflow/.local/lib/python3.12/site-packages/airflow/example_dags/example_local_kubernetes_executor.py took 0.140 seconds
[2026-09-22T16:30:42.444+0000] {processor.py:161} INFO - Started process (PID=1357) to work on /home/airflow/.local/lib/python3.12/site-packages/airflow/example_dags/example_local_kubernetes_executor.py
[2026-09-22T16:30:42.446+0000] {processor.py:830} INFO - Processing file /home/airflow/.local/lib/python3.12/site-packages/airflow/example_dags/example_local_kubernetes_executor.py for tasks to queue
[2026-09-22T16:30:42.449+0000] {logging_mixin.py:188} INFO - [2026-09-22T16:30:42.449+0000] {dagbag.py:545} INFO - Filling up the DagBag from /home/airflow/.local/lib/python3.12/site-packages/airflow/example_dags/example_local_kubernetes_executor.py
[2026-09-22T16:30:42.466+0000] {processor.py:840} INFO - DAG(s) 'example_local_kubernetes_executor' retrieved from /home/airflow/.local/lib/python3.12/site-packages/airflow/example_dags/example_local_kubernetes_executor.py
[2026-09-22T16:30:42.533+0000] {logging_mixin.py:188} INFO - [2026-09-22T16:30:42.532+0000] {dag.py:3089} INFO - Sync 1 DAGs
[2026-09-22T16:30:42.557+0000] {logging_mixin.py:188} INFO - [2026-09-22T16:30:42.556+0000] {dag.py:3947} INFO - Setting next_dagrun for example_local_kubernetes_executor to None, run_after=None
[2026-09-22T16:30:42.599+0000] {processor.py:183} INFO - Processing /home/airflow/.local/lib/python3.12/site-packages/airflow/example_dags/example_local_kubernetes_executor.py took 0.175 seconds
[2026-09-22T16:31:12.780+0000] {processor.py:161} INFO - Started process (PID=1415) to work on /home/airflow/.local/lib/python3.12/site-packages/airflow/example_dags/example_local_kubernetes_executor.py
[2026-09-22T16:31:12.782+0000] {processor.py:830} INFO - Processing file /home/airflow/.local/lib/python3.12/site-packages/airflow/example_dags/example_local_kubernetes_executor.py for tasks to queue
[2026-09-22T16:31:12.785+0000] {logging_mixin.py:188} INFO - [2026-09-22T16:31:12.785+0000] {dagbag.py:545} INFO - Filling up the DagBag from /home/airflow/.local/lib/python3.12/site-packages/airflow/example_dags/example_local_kubernetes_executor.py
[2026-09-22T16:31:12.797+0000] {processor.py:840} INFO - DAG(s) 'example_local_kubernetes_executor' retrieved from /home/airflow/.local/lib/python3.12/site-packages/airflow/example_dags/example_local_kubernetes_executor.py
[2026-09-22T16:31:12.842+0000] {logging_mixin.py:188} INFO - [2026-09-22T16:31:12.841+0000] {dag.py:3089} INFO - Sync 1 DAGs
[2026-09-22T16:31:12.864+0000] {logging_mixin.py:188} INFO - [2026-09-22T16:31:12.863+0000] {dag.py:3947} INFO - Setting next_dagrun for example_local_kubernetes_executor to None, run_after=None
[2026-09-22T16:31:12.924+0000] {processor.py:183} INFO - Processing /home/airflow/.local/lib/python3.12/site-packages/airflow/example_dags/example_local_kubernetes_executor.py took 0.156 seconds
[2026-09-22T16:31:43.267+0000] {processor.py:161} INFO - Started process (PID=1473) to work on /home/airflow/.local/lib/python3.12/site-packages/airflow/example_dags/example_local_kubernetes_executor.py
[2026-09-22T16:31:43.269+0000] {processor.py:830} INFO - Processing file /home/airflow/.local/lib/python3.12/site-packages/airflow/example_dags/example_local_kubernetes_executor.py for tasks to queue
[2026-09-22T16:31:43.284+0000] {logging_mixin.py:188} INFO - [2026-09-22T16:31:43.284+0000] {dagbag.py:545} INFO - Filling up the DagBag from /home/airflow/.local/lib/python3.12/site-packages/airflow/example_dags/example_local_kubernetes_executor.py
[2026-09-22T16:31:43.299+0000] {processor.py:840} INFO - DAG(s) 'example_local_kubernetes_executor' retrieved from /home/airflow/.local/lib/python3.12/site-packages/airflow/example_dags/example_local_kubernetes_executor.py
[2026-09-22T16:31:43.372+0000] {logging_mixin.py:188} INFO - [2026-09-22T16:31:43.371+0000] {dag.py:3089} INFO - Sync 1 DAGs
[2026-09-22T16:31:43.424+0000] {logging_mixin.py:188} INFO - [2026-09-22T16:31:43.423+0000] {dag.py:3947} INFO - Setting next_dagrun for example_local_kubernetes_executor to None, run_after=None
[2026-09-22T16:31:43.489+0000] {processor.py:183} INFO - Processing /home/airflow/.local/lib/python3.12/site-packages/airflow/example_dags/example_local_kubernetes_executor.py took 0.236 seconds
[2026-09-22T16:32:14.415+0000] {processor.py:161} INFO - Started process (PID=1531) to work on /home/airflow/.local/lib/python3.12/site-packages/airflow/example_dags/example_local_kubernetes_executor.py
[2026-09-22T16:32:14.416+0000] {processor.py:830} INFO - Processing file /home/airflow/.local/lib/python3.12/site-packages/airflow/example_dags/example_local_kubernetes_executor.py for tasks to queue
[2026-09-22T16:32:14.421+0000] {logging_mixin.py:188} INFO - [2026-09-22T16:32:14.420+0000] {dagbag.py:545} INFO - Filling up the DagBag from /home/airflow/.local/lib/python3.12/site-packages/airflow/example_dags/example_local_kubernetes_executor.py
[2026-09-22T16:32:14.436+0000] {processor.py:840} INFO - DAG(s) 'example_local_kubernetes_executor' retrieved from /home/airflow/.local/lib/python3.12/site-packages/airflow/example_dags/example_local_kubernetes_executor.py
[2026-09-22T16:32:14.499+0000] {logging_mixin.py:188} INFO - [2026-09-22T16:32:14.498+0000] {dag.py:3089} INFO - Sync 1 DAGs
[2026-09-22T16:32:14.526+0000] {logging_mixin.py:188} INFO - [2026-09-22T16:32:14.526+0000] {dag.py:3947} INFO - Setting next_dagrun for example_local_kubernetes_executor to None, run_after=None
[2026-09-22T16:32:14.571+0000] {processor.py:183} INFO - Processing /home/airflow/.local/lib/python3.12/site-packages/airflow/example_dags/example_local_kubernetes_executor.py took 0.163 seconds
[2026-09-22T16:32:45.385+0000] {processor.py:161} INFO - Started process (PID=1589) to work on /home/airflow/.local/lib/python3.12/site-packages/airflow/example_dags/example_local_kubernetes_executor.py
[2026-09-22T16:32:45.410+0000] {processor.py:830} INFO - Processing file /home/airflow/.local/lib/python3.12/site-packages/airflow/example_dags/example_local_kubernetes_executor.py for tasks to queue
[2026-09-22T16:32:45.417+0000] {logging_mixin.py:188} INFO - [2026-09-22T16:32:45.416+0000] {dagbag.py:545} INFO - Filling up the DagBag from /home/airflow/.local/lib/python3.12/site-packages/airflow/example_dags/example_local_kubernetes_executor.py
[2026-09-22T16:32:45.435+0000] {processor.py:840} INFO - DAG(s) 'example_local_kubernetes_executor' retrieved from /home/airflow/.local/lib/python3.12/site-packages/airflow/example_dags/example_local_kubernetes_executor.py
[2026-09-22T16:32:45.501+0000] {logging_mixin.py:188} INFO - [2026-09-22T16:32:45.500+0000] {dag.py:3089} INFO - Sync 1 DAGs
[2026-09-22T16:32:45.517+0000] {logging_mixin.py:188} INFO - [2026-09-22T16:32:45.517+0000] {dag.py:3947} INFO - Setting next_dagrun for example_local_kubernetes_executor to None, run_after=None
[2026-09-22T16:32:45.547+0000] {processor.py:183} INFO - Processing /home/airflow/.local/lib/python3.12/site-packages/airflow/example_dags/example_local_kubernetes_executor.py took 0.178 seconds
[2026-09-22T16:33:15.816+0000] {processor.py:161} INFO - Started process (PID=1647) to work on /home/airflow/.local/lib/python3.12/site-packages/airflow/example_dags/example_local_kubernetes_executor.py
[2026-09-22T16:33:15.818+0000] {processor.py:830} INFO - Processing file /home/airflow/.local/lib/python3.12/site-packages/airflow/example_dags/example_local_kubernetes_executor.py for tasks to queue
[2026-09-22T16:33:15.821+0000] {logging_mixin.py:188} INFO - [2026-09-22T16:33:15.820+0000] {dagbag.py:545} INFO - Filling up the DagBag from /home/airflow/.local/lib/python3.12/site-packages/airflow/example_dags/example_local_kubernetes_executor.py
[2026-09-22T16:33:15.831+0000] {processor.py:840} INFO - DAG(s) 'example_local_kubernetes_executor' retrieved from /home/airflow/.local/lib/python3.12/site-packages/airflow/example_dags/example_local_kubernetes_executor.py
[2026-09-22T16:33:15.874+0000] {logging_mixin.py:188} INFO - [2026-09-22T16:33:15.874+0000] {dag.py:3089} INFO - Sync 1 DAGs
[2026-09-22T16:33:15.893+0000] {logging_mixin.py:188} INFO - [2026-09-22T16:33:15.892+0000] {dag.py:3947} INFO - Setting next_dagrun for example_local_kubernetes_executor to None, run_after=None
[2026-09-22T16:33:15.977+0000] {processor.py:183} INFO - Processing /home/airflow/.local/lib/python3.12/site-packages/airflow/example_dags/example_local_kubernetes_executor.py took 0.171 seconds
[2026-09-22T16:33:46.052+0000] {processor.py:161} INFO - Started process (PID=1705) to work on /home/airflow/.local/lib/python3.12/site-packages/airflow/example_dags/example_local_kubernetes_executor.py
[2026-09-22T16:33:46.053+0000] {processor.py:830} INFO - Processing file /home/airflow/.local/lib/python3.12/site-packages/airflow/example_dags/example_local_kubernetes_executor.py for tasks to queue
[2026-09-22T16:33:46.056+0000] {logging_mixin.py:188} INFO - [2026-09-22T16:33:46.056+0000] {dagbag.py:545} INFO - Filling up the DagBag from /home/airflow/.local/lib/python3.12/site-packages/airflow/example_dags/example_local_kubernetes_executor.py
[2026-09-22T16:33:46.066+0000] {processor.py:840} INFO - DAG(s) 'example_local_kubernetes_executor' retrieved from /home/airflow/.local/lib/python3.12/site-packages/airflow/example_dags/example_local_kubernetes_executor.py
[2026-09-22T16:33:46.117+0000] {logging_mixin.py:188} INFO - [2026-09-22T16:33:46.117+0000] {dag.py:3089} INFO - Sync 1 DAGs
[2026-09-22T16:33:46.136+0000] {logging_mixin.py:188} INFO - [2026-09-22T16:33:46.135+0000] {dag.py:3947} INFO - Setting next_dagrun for example_local_kubernetes_executor to None, run_after=None
[2026-09-22T16:33:46.167+0000] {processor.py:183} INFO - Processing /home/airflow/.local/lib/python3.12/site-packages/airflow/example_dags/example_local_kubernetes_executor.py took 0.126 seconds
[2026-09-22T16:34:16.350+0000] {processor.py:161} INFO - Started process (PID=1763) to work on /home/airflow/.local/lib/python3.12/site-packages/airflow/example_dags/example_local_kubernetes_executor.py
[2026-09-22T16:34:16.352+0000] {processor.py:830} INFO - Processing file /home/airflow/.local/lib/python3.12/site-packages/airflow/example_dags/example_local_kubernetes_executor.py for tasks to queue
[2026-09-22T16:34:16.355+0000] {logging_mixin.py:188} INFO - [2026-09-22T16:34:16.355+0000] {dagbag.py:545} INFO - Filling up the DagBag from /home/airflow/.local/lib/python3.12/site-packages/airflow/example_dags/example_local_kubernetes_executor.py
[2026-09-22T16:34:16.375+0000] {processor.py:840} INFO - DAG(s) 'example_local_kubernetes_executor' retrieved from /home/airflow/.local/lib/python3.12/site-packages/airflow/example_dags/example_local_kubernetes_executor.py
[2026-09-22T16:34:16.425+0000] {logging_mixin.py:188} INFO - [2026-09-22T16:34:16.425+0000] {dag.py:3089} INFO - Sync 1 DAGs
[2026-09-22T16:34:16.440+0000] {logging_mixin.py:188} INFO - [2026-09-22T16:34:16.439+0000] {dag.py:3947} INFO - Setting next_dagrun for example_local_kubernetes_executor to None, run_after=None
[2026-09-22T16:34:16.466+0000] {processor.py:183} INFO - Processing /home/airflow/.local/lib/python3.12/site-packages/airflow/example_dags/example_local_kubernetes_executor.py took 0.123 seconds
[2026-09-22T16:34:47.162+0000] {processor.py:161} INFO - Started process (PID=1821) to work on /home/airflow/.local/lib/python3.12/site-packages/airflow/example_dags/example_local_kubernetes_executor.py
[2026-09-22T16:34:47.164+0000] {processor.py:830} INFO - Processing file /home/airflow/.local/lib/python3.12/site-packages/airflow/example_dags/example_local_kubernetes_executor.py for tasks to queue
[2026-09-22T16:34:47.167+0000] {logging_mixin.py:188} INFO - [2026-09-22T16:34:47.166+0000] {dagbag.py:545} INFO - Filling up the DagBag from /home/airflow/.local/lib/python3.12/site-packages/airflow/example_dags/example_local_kubernetes_executor.py
[2026-09-22T16:34:47.177+0000] {processor.py:840} INFO - DAG(s) 'example_local_kubernetes_executor' retrieved from /home/airflow/.local/lib/python3.12/site-packages/airflow/example_dags/example_local_kubernetes_executor.py
[2026-09-22T16:34:47.242+0000] {logging_mixin.py:188} INFO - [2026-09-22T16:34:47.242+0000] {dag.py:3089} INFO - Sync 1 DAGs
[2026-09-22T16:34:47.272+0000] {logging_mixin.py:188} INFO - [2026-09-22T16:34:47.272+0000] {dag.py:3947} INFO - Setting next_dagrun for example_local_kubernetes_executor to None, run_after=None
[2026-09-22T16:34:47.362+0000] {processor.py:183} INFO - Processing /home/airflow/.local/lib/python3.12/site-packages/airflow/example_dags/example_local_kubernetes_executor.py took 0.215 seconds
[2026-09-22T16:35:18.231+0000] {processor.py:161} INFO - Started process (PID=1879) to work on /home/airflow/.local/lib/python3.12/site-packages/airflow/example_dags/example_local_kubernetes_executor.py
[2026-09-22T16:35:18.233+0000] {processor.py:830} INFO - Processing file /home/airflow/.local/lib/python3.12/site-packages/airflow/example_dags/example_local_kubernetes_executor.py for tasks to queue
[2026-09-22T16:35:18.239+0000] {logging_mixin.py:188} INFO - [2026-09-22T16:35:18.238+0000] {dagbag.py:545} INFO - Filling up the DagBag from /home/airflow/.local/lib/python3.12/site-packages/airflow/example_dags/example_local_kubernetes_executor.py
[2026-09-22T16:35:18.253+0000] {processor.py:840} INFO - DAG(s) 'example_local_kubernetes_executor' retrieved from /home/airflow/.local/lib/python3.12/site-packages/airflow/example_dags/example_local_kubernetes_executor.py
[2026-09-22T16:35:18.311+0000] {logging_mixin.py:188} INFO - [2026-09-22T16:35:18.311+0000] {dag.py:3089} INFO - Sync 1 DAGs
[2026-09-22T16:35:18.329+0000] {logging_mixin.py:188} INFO - [2026-09-22T16:35:18.329+0000] {dag.py:3947} INFO - Setting next_dagrun for example_local_kubernetes_executor to None, run_after=None
[2026-09-22T16:35:18.359+0000] {processor.py:183} INFO - Processing /home/airflow/.local/lib/python3.12/site-packages/airflow/example_dags/example_local_kubernetes_executor.py took 0.144 seconds
[2026-09-22T16:35:48.558+0000] {processor.py:161} INFO - Started process (PID=1937) to work on /home/airflow/.local/lib/python3.12/site-packages/airflow/example_dags/example_local_kubernetes_executor.py
[2026-09-22T16:35:48.561+0000] {processor.py:830} INFO - Processing file /home/airflow/.local/lib/python3.12/site-packages/airflow/example_dags/example_local_kubernetes_executor.py for tasks to queue
[2026-09-22T16:35:48.564+0000] {logging_mixin.py:188} INFO - [2026-09-22T16:35:48.563+0000] {dagbag.py:545} INFO - Filling up the DagBag from /home/airflow/.local/lib/python3.12/site-packages/airflow/example_dags/example_local_kubernetes_executor.py
[2026-09-22T16:35:48.575+0000] {processor.py:840} INFO - DAG(s) 'example_local_kubernetes_executor' retrieved from /home/airflow/.local/lib/python3.12/site-packages/airflow/example_dags/example_local_kubernetes_executor.py
[2026-09-22T16:35:48.631+0000] {logging_mixin.py:188} INFO - [2026-09-22T16:35:48.631+0000] {dag.py:3089} INFO - Sync 1 DAGs
[2026-09-22T16:35:48.650+0000] {logging_mixin.py:188} INFO - [2026-09-22T16:35:48.649+0000] {dag.py:3947} INFO - Setting next_dagrun for example_local_kubernetes_executor to None, run_after=None
[2026-09-22T16:35:48.731+0000] {processor.py:183} INFO - Processing /home/airflow/.local/lib/python3.12/site-packages/airflow/example_dags/example_local_kubernetes_executor.py took 0.184 seconds
[2026-09-22T16:36:19.371+0000] {processor.py:161} INFO - Started process (PID=1995) to work on /home/airflow/.local/lib/python3.12/site-packages/airflow/example_dags/example_local_kubernetes_executor.py
[2026-09-22T16:36:19.373+0000] {processor.py:830} INFO - Processing file /home/airflow/.local/lib/python3.12/site-packages/airflow/example_dags/example_local_kubernetes_executor.py for tasks to queue
[2026-09-22T16:36:19.375+0000] {logging_mixin.py:188} INFO - [2026-09-22T16:36:19.375+0000] {dagbag.py:545} INFO - Filling up the DagBag from /home/airflow/.local/lib/python3.12/site-packages/airflow/example_dags/example_local_kubernetes_executor.py
[2026-09-22T16:36:19.388+0000] {processor.py:840} INFO - DAG(s) 'example_local_kubernetes_executor' retrieved from /home/airflow/.local/lib/python3.12/site-packages/airflow/example_dags/example_local_kubernetes_executor.py
[2026-09-22T16:36:19.456+0000] {logging_mixin.py:188} INFO - [2026-09-22T16:36:19.456+0000] {dag.py:3089} INFO - Sync 1 DAGs
[2026-09-22T16:36:19.494+0000] {logging_mixin.py:188} INFO - [2026-09-22T16:36:19.493+0000] {dag.py:3947} INFO - Setting next_dagrun for example_local_kubernetes_executor to None, run_after=None
[2026-09-22T16:36:19.547+0000] {processor.py:183} INFO - Processing /home/airflow/.local/lib/python3.12/site-packages/airflow/example_dags/example_local_kubernetes_executor.py took 0.185 seconds
[2026-09-22T16:36:50.530+0000] {processor.py:161} INFO - Started process (PID=2053) to work on /home/airflow/.local/lib/python3.12/site-packages/airflow/example_dags/example_local_kubernetes_executor.py
[2026-09-22T16:36:50.533+0000] {processor.py:830} INFO - Processing file /home/airflow/.local/lib/python3.12/site-packages/airflow/example_dags/example_local_kubernetes_executor.py for tasks to queue
[2026-09-22T16:36:50.536+0000] {logging_mixin.py:188} INFO - [2026-09-22T16:36:50.536+0000] {dagbag.py:545} INFO - Filling up the DagBag from /home/airflow/.local/lib/python3.12/site-packages/airflow/example_dags/example_local_kubernetes_executor.py
[2026-09-22T16:36:50.560+0000] {processor.py:840} INFO - DAG(s) 'example_local_kubernetes_executor' retrieved from /home/airflow/.local/lib/python3.12/site-packages/airflow/example_dags/example_local_kubernetes_executor.py
[2026-09-22T16:36:50.639+0000] {logging_mixin.py:188} INFO - [2026-09-22T16:36:50.638+0000] {dag.py:3089} INFO - Sync 1 DAGs
[2026-09-22T16:36:50.663+0000] {logging_mixin.py:188} INFO - [2026-09-22T16:36:50.662+0000] {dag.py:3947} INFO - Setting next_dagrun for example_local_kubernetes_executor to None, run_after=None
[2026-09-22T16:36:50.763+0000] {processor.py:183} INFO - Processing /home/airflow/.local/lib/python3.12/site-packages/airflow/example_dags/example_local_kubernetes_executor.py took 0.247 seconds
[2026-09-22T16:37:21.666+0000] {processor.py:161} INFO - Started process (PID=2111) to work on /home/airflow/.local/lib/python3.12/site-packages/airflow/example_dags/example_local_kubernetes_executor.py
[2026-09-22T16:37:21.669+0000] {processor.py:830} INFO - Processing file /home/airflow/.local/lib/python3.12/site-packages/airflow/example_dags/example_local_kubernetes_executor.py for tasks to queue
[2026-09-22T16:37:21.677+0000] {logging_mixin.py:188} INFO - [2026-09-22T16:37:21.676+0000] {dagbag.py:545} INFO - Filling up the DagBag from /home/airflow/.local/lib/python3.12/site-packages/airflow/example_dags/example_local_kubernetes_executor.py
[2026-09-22T16:37:21.697+0000] {processor.py:840} INFO - DAG(s) 'example_local_kubernetes_executor' retrieved from /home/airflow/.local/lib/python3.12/site-packages/airflow/example_dags/example_local_kubernetes_executor.py
[2026-09-22T16:37:21.754+0000] {logging_mixin.py:188} INFO - [2026-09-22T16:37:21.754+0000] {dag.py:3089} INFO - Sync 1 DAGs
[2026-09-22T16:37:21.772+0000] {logging_mixin.py:188} INFO - [2026-09-22T16:37:21.772+0000] {dag.py:3947} INFO - Setting next_dagrun for example_local_kubernetes_executor to None, run_after=None
[2026-09-22T16:37:21.857+0000] {processor.py:183} INFO - Processing /home/airflow/.local/lib/python3.12/site-packages/airflow/example_dags/example_local_kubernetes_executor.py took 0.201 seconds
[2026-09-22T16:37:52.321+0000] {processor.py:161} INFO - Started process (PID=2169) to work on /home/airflow/.local/lib/python3.12/site-packages/airflow/example_dags/example_local_kubernetes_executor.py
[2026-09-22T16:37:52.323+0000] {processor.py:830} INFO - Processing file /home/airflow/.local/lib/python3.12/site-packages/airflow/example_dags/example_local_kubernetes_executor.py for tasks to queue
[2026-09-22T16:37:52.327+0000] {logging_mixin.py:188} INFO - [2026-09-22T16:37:52.326+0000] {dagbag.py:545} INFO - Filling up the DagBag from /home/airflow/.local/lib/python3.12/site-packages/airflow/example_dags/example_local_kubernetes_executor.py
[2026-09-22T16:37:52.341+0000] {processor.py:840} INFO - DAG(s) 'example_local_kubernetes_executor' retrieved from /home/airflow/.local/lib/python3.12/site-packages/airflow/example_dags/example_local_kubernetes_executor.py
[2026-09-22T16:37:52.413+0000] {logging_mixin.py:188} INFO - [2026-09-22T16:37:52.412+0000] {dag.py:3089} INFO - Sync 1 DAGs
[2026-09-22T16:37:52.447+0000] {logging_mixin.py:188} INFO - [2026-09-22T16:37:52.447+0000] {dag.py:3947} INFO - Setting next_dagrun for example_local_kubernetes_executor to None, run_after=None
[2026-09-22T16:37:52.539+0000] {processor.py:183} INFO - Processing /home/airflow/.local/lib/python3.12/site-packages/airflow/example_dags/example_local_kubernetes_executor.py took 0.233 seconds
[2026-09-22T16:38:23.350+0000] {processor.py:161} INFO - Started process (PID=2225) to work on /home/airflow/.local/lib/python3.12/site-packages/airflow/example_dags/example_local_kubernetes_executor.py
[2026-09-22T16:38:23.353+0000] {processor.py:830} INFO - Processing file /home/airflow/.local/lib/python3.12/site-packages/airflow/example_dags/example_local_kubernetes_executor.py for tasks to queue
[2026-09-22T16:38:23.356+0000] {logging_mixin.py:188} INFO - [2026-09-22T16:38:23.356+0000] {dagbag.py:545} INFO - Filling up the DagBag from /home/airflow/.local/lib/python3.12/site-packages/airflow/example_dags/example_local_kubernetes_executor.py
[2026-09-22T16:38:23.373+0000] {processor.py:840} INFO - DAG(s) 'example_local_kubernetes_executor' retrieved from /home/airflow/.local/lib/python3.12/site-packages/airflow/example_dags/example_local_kubernetes_executor.py
[2026-09-22T16:38:23.434+0000] {logging_mixin.py:188} INFO - [2026-09-22T16:38:23.433+0000] {dag.py:3089} INFO - Sync 1 DAGs
[2026-09-22T16:38:23.655+0000] {logging_mixin.py:188} INFO - [2026-09-22T16:38:23.654+0000] {dag.py:3947} INFO - Setting next_dagrun for example_local_kubernetes_executor to None, run_after=None
[2026-09-22T16:38:23.710+0000] {processor.py:183} INFO - Processing /home/airflow/.local/lib/python3.12/site-packages/airflow/example_dags/example_local_kubernetes_executor.py took 0.370 seconds
[2026-09-22T16:41:47.405+0000] {processor.py:161} INFO - Started process (PID=84) to work on /home/airflow/.local/lib/python3.12/site-packages/airflow/example_dags/example_local_kubernetes_executor.py
[2026-09-22T16:41:47.408+0000] {processor.py:830} INFO - Processing file /home/airflow/.local/lib/python3.12/site-packages/airflow/example_dags/example_local_kubernetes_executor.py for tasks to queue
[2026-09-22T16:41:47.410+0000] {logging_mixin.py:188} INFO - [2026-09-22T16:41:47.410+0000] {dagbag.py:545} INFO - Filling up the DagBag from /home/airflow/.local/lib/python3.12/site-packages/airflow/example_dags/example_local_kubernetes_executor.py
[2026-09-22T16:41:47.423+0000] {processor.py:840} INFO - DAG(s) 'example_local_kubernetes_executor' retrieved from /home/airflow/.local/lib/python3.12/site-packages/airflow/example_dags/example_local_kubernetes_executor.py
[2026-09-22T16:41:47.604+0000] {logging_mixin.py:188} INFO - [2026-09-22T16:41:47.604+0000] {dag.py:3089} INFO - Sync 1 DAGs
[2026-09-22T16:41:47.622+0000] {logging_mixin.py:188} INFO - [2026-09-22T16:41:47.622+0000] {dag.py:3947} INFO - Setting next_dagrun for example_local_kubernetes_executor to None, run_after=None
[2026-09-22T16:41:47.706+0000] {processor.py:183} INFO - Processing /home/airflow/.local/lib/python3.12/site-packages/airflow/example_dags/example_local_kubernetes_executor.py took 0.310 seconds
[2026-09-22T16:42:17.862+0000] {processor.py:161} INFO - Started process (PID=142) to work on /home/airflow/.local/lib/python3.12/site-packages/airflow/example_dags/example_local_kubernetes_executor.py
[2026-09-22T16:42:17.865+0000] {processor.py:830} INFO - Processing file /home/airflow/.local/lib/python3.12/site-packages/airflow/example_dags/example_local_kubernetes_executor.py for tasks to queue
[2026-09-22T16:42:17.868+0000] {logging_mixin.py:188} INFO - [2026-09-22T16:42:17.868+0000] {dagbag.py:545} INFO - Filling up the DagBag from /home/airflow/.local/lib/python3.12/site-packages/airflow/example_dags/example_local_kubernetes_executor.py
[2026-09-22T16:42:17.880+0000] {processor.py:840} INFO - DAG(s) 'example_local_kubernetes_executor' retrieved from /home/airflow/.local/lib/python3.12/site-packages/airflow/example_dags/example_local_kubernetes_executor.py
[2026-09-22T16:42:17.946+0000] {logging_mixin.py:188} INFO - [2026-09-22T16:42:17.946+0000] {dag.py:3089} INFO - Sync 1 DAGs
[2026-09-22T16:42:17.972+0000] {logging_mixin.py:188} INFO - [2026-09-22T16:42:17.972+0000] {dag.py:3947} INFO - Setting next_dagrun for example_local_kubernetes_executor to None, run_after=None
[2026-09-22T16:42:18.049+0000] {processor.py:183} INFO - Processing /home/airflow/.local/lib/python3.12/site-packages/airflow/example_dags/example_local_kubernetes_executor.py took 0.194 seconds
[2026-09-22T16:43:47.969+0000] {processor.py:161} INFO - Started process (PID=84) to work on /home/airflow/.local/lib/python3.12/site-packages/airflow/example_dags/example_local_kubernetes_executor.py
[2026-09-22T16:43:47.972+0000] {processor.py:830} INFO - Processing file /home/airflow/.local/lib/python3.12/site-packages/airflow/example_dags/example_local_kubernetes_executor.py for tasks to queue
[2026-09-22T16:43:47.977+0000] {logging_mixin.py:188} INFO - [2026-09-22T16:43:47.976+0000] {dagbag.py:545} INFO - Filling up the DagBag from /home/airflow/.local/lib/python3.12/site-packages/airflow/example_dags/example_local_kubernetes_executor.py
[2026-09-22T16:43:48.000+0000] {processor.py:840} INFO - DAG(s) 'example_local_kubernetes_executor' retrieved from /home/airflow/.local/lib/python3.12/site-packages/airflow/example_dags/example_local_kubernetes_executor.py
[2026-09-22T16:43:48.223+0000] {logging_mixin.py:188} INFO - [2026-09-22T16:43:48.222+0000] {dag.py:3089} INFO - Sync 1 DAGs
[2026-09-22T16:43:48.244+0000] {logging_mixin.py:188} INFO - [2026-09-22T16:43:48.244+0000] {dag.py:3947} INFO - Setting next_dagrun for example_local_kubernetes_executor to None, run_after=None
[2026-09-22T16:43:48.331+0000] {processor.py:183} INFO - Processing /home/airflow/.local/lib/python3.12/site-packages/airflow/example_dags/example_local_kubernetes_executor.py took 0.373 seconds
[2026-09-22T16:44:18.729+0000] {processor.py:161} INFO - Started process (PID=141) to work on /home/airflow/.local/lib/python3.12/site-packages/airflow/example_dags/example_local_kubernetes_executor.py
[2026-09-22T16:44:18.731+0000] {processor.py:830} INFO - Processing file /home/airflow/.local/lib/python3.12/site-packages/airflow/example_dags/example_local_kubernetes_executor.py for tasks to queue
[2026-09-22T16:44:18.735+0000] {logging_mixin.py:188} INFO - [2026-09-22T16:44:18.734+0000] {dagbag.py:545} INFO - Filling up the DagBag from /home/airflow/.local/lib/python3.12/site-packages/airflow/example_dags/example_local_kubernetes_executor.py
[2026-09-22T16:44:18.748+0000] {processor.py:840} INFO - DAG(s) 'example_local_kubernetes_executor' retrieved from /home/airflow/.local/lib/python3.12/site-packages/airflow/example_dags/example_local_kubernetes_executor.py
[2026-09-22T16:44:18.795+0000] {logging_mixin.py:188} INFO - [2026-09-22T16:44:18.795+0000] {dag.py:3089} INFO - Sync 1 DAGs
[2026-09-22T16:44:18.823+0000] {logging_mixin.py:188} INFO - [2026-09-22T16:44:18.823+0000] {dag.py:3947} INFO - Setting next_dagrun for example_local_kubernetes_executor to None, run_after=None
[2026-09-22T16:44:18.918+0000] {processor.py:183} INFO - Processing /home/airflow/.local/lib/python3.12/site-packages/airflow/example_dags/example_local_kubernetes_executor.py took 0.197 seconds
[2026-09-22T16:44:49.402+0000] {processor.py:161} INFO - Started process (PID=205) to work on /home/airflow/.local/lib/python3.12/site-packages/airflow/example_dags/example_local_kubernetes_executor.py
[2026-09-22T16:44:49.403+0000] {processor.py:830} INFO - Processing file /home/airflow/.local/lib/python3.12/site-packages/airflow/example_dags/example_local_kubernetes_executor.py for tasks to queue
[2026-09-22T16:44:49.406+0000] {logging_mixin.py:188} INFO - [2026-09-22T16:44:49.405+0000] {dagbag.py:545} INFO - Filling up the DagBag from /home/airflow/.local/lib/python3.12/site-packages/airflow/example_dags/example_local_kubernetes_executor.py
[2026-09-22T16:44:49.419+0000] {processor.py:840} INFO - DAG(s) 'example_local_kubernetes_executor' retrieved from /home/airflow/.local/lib/python3.12/site-packages/airflow/example_dags/example_local_kubernetes_executor.py
[2026-09-22T16:44:49.464+0000] {logging_mixin.py:188} INFO - [2026-09-22T16:44:49.463+0000] {dag.py:3089} INFO - Sync 1 DAGs
[2026-09-22T16:44:49.484+0000] {logging_mixin.py:188} INFO - [2026-09-22T16:44:49.483+0000] {dag.py:3947} INFO - Setting next_dagrun for example_local_kubernetes_executor to None, run_after=None
[2026-09-22T16:44:49.512+0000] {processor.py:183} INFO - Processing /home/airflow/.local/lib/python3.12/site-packages/airflow/example_dags/example_local_kubernetes_executor.py took 0.120 seconds
[2026-09-22T16:45:20.234+0000] {processor.py:161} INFO - Started process (PID=263) to work on /home/airflow/.local/lib/python3.12/site-packages/airflow/example_dags/example_local_kubernetes_executor.py
[2026-09-22T16:45:20.236+0000] {processor.py:830} INFO - Processing file /home/airflow/.local/lib/python3.12/site-packages/airflow/example_dags/example_local_kubernetes_executor.py for tasks to queue
[2026-09-22T16:45:20.240+0000] {logging_mixin.py:188} INFO - [2026-09-22T16:45:20.239+0000] {dagbag.py:545} INFO - Filling up the DagBag from /home/airflow/.local/lib/python3.12/site-packages/airflow/example_dags/example_local_kubernetes_executor.py
[2026-09-22T16:45:20.255+0000] {processor.py:840} INFO - DAG(s) 'example_local_kubernetes_executor' retrieved from /home/airflow/.local/lib/python3.12/site-packages/airflow/example_dags/example_local_kubernetes_executor.py
[2026-09-22T16:45:20.332+0000] {logging_mixin.py:188} INFO - [2026-09-22T16:45:20.332+0000] {dag.py:3089} INFO - Sync 1 DAGs
[2026-09-22T16:45:20.356+0000] {logging_mixin.py:188} INFO - [2026-09-22T16:45:20.356+0000] {dag.py:3947} INFO - Setting next_dagrun for example_local_kubernetes_executor to None, run_after=None
[2026-09-22T16:45:20.457+0000] {processor.py:183} INFO - Processing /home/airflow/.local/lib/python3.12/site-packages/airflow/example_dags/example_local_kubernetes_executor.py took 0.235 seconds
[2026-09-22T16:45:50.781+0000] {processor.py:161} INFO - Started process (PID=321) to work on /home/airflow/.local/lib/python3.12/site-packages/airflow/example_dags/example_local_kubernetes_executor.py
[2026-09-22T16:45:50.783+0000] {processor.py:830} INFO - Processing file /home/airflow/.local/lib/python3.12/site-packages/airflow/example_dags/example_local_kubernetes_executor.py for tasks to queue
[2026-09-22T16:45:50.787+0000] {logging_mixin.py:188} INFO - [2026-09-22T16:45:50.786+0000] {dagbag.py:545} INFO - Filling up the DagBag from /home/airflow/.local/lib/python3.12/site-packages/airflow/example_dags/example_local_kubernetes_executor.py
[2026-09-22T16:45:50.800+0000] {processor.py:840} INFO - DAG(s) 'example_local_kubernetes_executor' retrieved from /home/airflow/.local/lib/python3.12/site-packages/airflow/example_dags/example_local_kubernetes_executor.py
[2026-09-22T16:45:50.849+0000] {logging_mixin.py:188} INFO - [2026-09-22T16:45:50.847+0000] {dag.py:3089} INFO - Sync 1 DAGs
[2026-09-22T16:45:50.879+0000] {logging_mixin.py:188} INFO - [2026-09-22T16:45:50.879+0000] {dag.py:3947} INFO - Setting next_dagrun for example_local_kubernetes_executor to None, run_after=None
[2026-09-22T16:45:50.930+0000] {processor.py:183} INFO - Processing /home/airflow/.local/lib/python3.12/site-packages/airflow/example_dags/example_local_kubernetes_executor.py took 0.159 seconds
[2026-09-22T16:46:21.200+0000] {processor.py:161} INFO - Started process (PID=379) to work on /home/airflow/.local/lib/python3.12/site-packages/airflow/example_dags/example_local_kubernetes_executor.py
[2026-09-22T16:46:21.206+0000] {processor.py:830} INFO - Processing file /home/airflow/.local/lib/python3.12/site-packages/airflow/example_dags/example_local_kubernetes_executor.py for tasks to queue
[2026-09-22T16:46:21.209+0000] {logging_mixin.py:188} INFO - [2026-09-22T16:46:21.209+0000] {dagbag.py:545} INFO - Filling up the DagBag from /home/airflow/.local/lib/python3.12/site-packages/airflow/example_dags/example_local_kubernetes_executor.py
[2026-09-22T16:46:21.225+0000] {processor.py:840} INFO - DAG(s) 'example_local_kubernetes_executor' retrieved from /home/airflow/.local/lib/python3.12/site-packages/airflow/example_dags/example_local_kubernetes_executor.py
[2026-09-22T16:46:21.272+0000] {logging_mixin.py:188} INFO - [2026-09-22T16:46:21.272+0000] {dag.py:3089} INFO - Sync 1 DAGs
[2026-09-22T16:46:21.288+0000] {logging_mixin.py:188} INFO - [2026-09-22T16:46:21.288+0000] {dag.py:3947} INFO - Setting next_dagrun for example_local_kubernetes_executor to None, run_after=None
[2026-09-22T16:46:21.385+0000] {processor.py:183} INFO - Processing /home/airflow/.local/lib/python3.12/site-packages/airflow/example_dags/example_local_kubernetes_executor.py took 0.214 seconds
[2026-09-22T16:46:52.406+0000] {processor.py:161} INFO - Started process (PID=437) to work on /home/airflow/.local/lib/python3.12/site-packages/airflow/example_dags/example_local_kubernetes_executor.py
[2026-09-22T16:46:52.408+0000] {processor.py:830} INFO - Processing file /home/airflow/.local/lib/python3.12/site-packages/airflow/example_dags/example_local_kubernetes_executor.py for tasks to queue
[2026-09-22T16:46:52.411+0000] {logging_mixin.py:188} INFO - [2026-09-22T16:46:52.410+0000] {dagbag.py:545} INFO - Filling up the DagBag from /home/airflow/.local/lib/python3.12/site-packages/airflow/example_dags/example_local_kubernetes_executor.py
[2026-09-22T16:46:52.423+0000] {processor.py:840} INFO - DAG(s) 'example_local_kubernetes_executor' retrieved from /home/airflow/.local/lib/python3.12/site-packages/airflow/example_dags/example_local_kubernetes_executor.py
[2026-09-22T16:46:52.473+0000] {logging_mixin.py:188} INFO - [2026-09-22T16:46:52.473+0000] {dag.py:3089} INFO - Sync 1 DAGs
[2026-09-22T16:46:52.490+0000] {logging_mixin.py:188} INFO - [2026-09-22T16:46:52.490+0000] {dag.py:3947} INFO - Setting next_dagrun for example_local_kubernetes_executor to None, run_after=None
[2026-09-22T16:46:52.521+0000] {processor.py:183} INFO - Processing /home/airflow/.local/lib/python3.12/site-packages/airflow/example_dags/example_local_kubernetes_executor.py took 0.127 seconds
[2026-09-22T16:47:22.721+0000] {processor.py:161} INFO - Started process (PID=495) to work on /home/airflow/.local/lib/python3.12/site-packages/airflow/example_dags/example_local_kubernetes_executor.py
[2026-09-22T16:47:22.723+0000] {processor.py:830} INFO - Processing file /home/airflow/.local/lib/python3.12/site-packages/airflow/example_dags/example_local_kubernetes_executor.py for tasks to queue
[2026-09-22T16:47:22.727+0000] {logging_mixin.py:188} INFO - [2026-09-22T16:47:22.726+0000] {dagbag.py:545} INFO - Filling up the DagBag from /home/airflow/.local/lib/python3.12/site-packages/airflow/example_dags/example_local_kubernetes_executor.py
[2026-09-22T16:47:22.738+0000] {processor.py:840} INFO - DAG(s) 'example_local_kubernetes_executor' retrieved from /home/airflow/.local/lib/python3.12/site-packages/airflow/example_dags/example_local_kubernetes_executor.py
[2026-09-22T16:47:22.794+0000] {logging_mixin.py:188} INFO - [2026-09-22T16:47:22.793+0000] {dag.py:3089} INFO - Sync 1 DAGs
[2026-09-22T16:47:22.813+0000] {logging_mixin.py:188} INFO - [2026-09-22T16:47:22.813+0000] {dag.py:3947} INFO - Setting next_dagrun for example_local_kubernetes_executor to None, run_after=None
[2026-09-22T16:47:22.898+0000] {processor.py:183} INFO - Processing /home/airflow/.local/lib/python3.12/site-packages/airflow/example_dags/example_local_kubernetes_executor.py took 0.186 seconds
[2026-09-22T16:47:53.364+0000] {processor.py:161} INFO - Started process (PID=553) to work on /home/airflow/.local/lib/python3.12/site-packages/airflow/example_dags/example_local_kubernetes_executor.py
[2026-09-22T16:47:53.366+0000] {processor.py:830} INFO - Processing file /home/airflow/.local/lib/python3.12/site-packages/airflow/example_dags/example_local_kubernetes_executor.py for tasks to queue
[2026-09-22T16:47:53.372+0000] {logging_mixin.py:188} INFO - [2026-09-22T16:47:53.371+0000] {dagbag.py:545} INFO - Filling up the DagBag from /home/airflow/.local/lib/python3.12/site-packages/airflow/example_dags/example_local_kubernetes_executor.py
[2026-09-22T16:47:53.393+0000] {processor.py:840} INFO - DAG(s) 'example_local_kubernetes_executor' retrieved from /home/airflow/.local/lib/python3.12/site-packages/airflow/example_dags/example_local_kubernetes_executor.py
[2026-09-22T16:47:53.475+0000] {logging_mixin.py:188} INFO - [2026-09-22T16:47:53.474+0000] {dag.py:3089} INFO - Sync 1 DAGs
[2026-09-22T16:47:53.506+0000] {logging_mixin.py:188} INFO - [2026-09-22T16:47:53.505+0000] {dag.py:3947} INFO - Setting next_dagrun for example_local_kubernetes_executor to None, run_after=None
[2026-09-22T16:47:53.537+0000] {processor.py:183} INFO - Processing /home/airflow/.local/lib/python3.12/site-packages/airflow/example_dags/example_local_kubernetes_executor.py took 0.191 seconds
[2026-09-22T16:48:24.022+0000] {processor.py:161} INFO - Started process (PID=611) to work on /home/airflow/.local/lib/python3.12/site-packages/airflow/example_dags/example_local_kubernetes_executor.py
[2026-09-22T16:48:24.024+0000] {processor.py:830} INFO - Processing file /home/airflow/.local/lib/python3.12/site-packages/airflow/example_dags/example_local_kubernetes_executor.py for tasks to queue
[2026-09-22T16:48:24.027+0000] {logging_mixin.py:188} INFO - [2026-09-22T16:48:24.027+0000] {dagbag.py:545} INFO - Filling up the DagBag from /home/airflow/.local/lib/python3.12/site-packages/airflow/example_dags/example_local_kubernetes_executor.py
[2026-09-22T16:48:24.038+0000] {processor.py:840} INFO - DAG(s) 'example_local_kubernetes_executor' retrieved from /home/airflow/.local/lib/python3.12/site-packages/airflow/example_dags/example_local_kubernetes_executor.py
[2026-09-22T16:48:24.085+0000] {logging_mixin.py:188} INFO - [2026-09-22T16:48:24.084+0000] {dag.py:3089} INFO - Sync 1 DAGs
[2026-09-22T16:48:24.107+0000] {logging_mixin.py:188} INFO - [2026-09-22T16:48:24.107+0000] {dag.py:3947} INFO - Setting next_dagrun for example_local_kubernetes_executor to None, run_after=None
[2026-09-22T16:48:24.206+0000] {processor.py:183} INFO - Processing /home/airflow/.local/lib/python3.12/site-packages/airflow/example_dags/example_local_kubernetes_executor.py took 0.197 seconds
[2026-09-22T16:48:55.091+0000] {processor.py:161} INFO - Started process (PID=669) to work on /home/airflow/.local/lib/python3.12/site-packages/airflow/example_dags/example_local_kubernetes_executor.py
[2026-09-22T16:48:55.093+0000] {processor.py:830} INFO - Processing file /home/airflow/.local/lib/python3.12/site-packages/airflow/example_dags/example_local_kubernetes_executor.py for tasks to queue
[2026-09-22T16:48:55.098+0000] {logging_mixin.py:188} INFO - [2026-09-22T16:48:55.097+0000] {dagbag.py:545} INFO - Filling up the DagBag from /home/airflow/.local/lib/python3.12/site-packages/airflow/example_dags/example_local_kubernetes_executor.py
[2026-09-22T16:48:55.108+0000] {processor.py:840} INFO - DAG(s) 'example_local_kubernetes_executor' retrieved from /home/airflow/.local/lib/python3.12/site-packages/airflow/example_dags/example_local_kubernetes_executor.py
[2026-09-22T16:48:55.163+0000] {logging_mixin.py:188} INFO - [2026-09-22T16:48:55.163+0000] {dag.py:3089} INFO - Sync 1 DAGs
[2026-09-22T16:48:55.185+0000] {logging_mixin.py:188} INFO - [2026-09-22T16:48:55.185+0000] {dag.py:3947} INFO - Setting next_dagrun for example_local_kubernetes_executor to None, run_after=None
[2026-09-22T16:48:55.220+0000] {processor.py:183} INFO - Processing /home/airflow/.local/lib/python3.12/site-packages/airflow/example_dags/example_local_kubernetes_executor.py took 0.136 seconds
[2026-09-22T16:49:25.990+0000] {processor.py:161} INFO - Started process (PID=728) to work on /home/airflow/.local/lib/python3.12/site-packages/airflow/example_dags/example_local_kubernetes_executor.py
[2026-09-22T16:49:25.993+0000] {processor.py:830} INFO - Processing file /home/airflow/.local/lib/python3.12/site-packages/airflow/example_dags/example_local_kubernetes_executor.py for tasks to queue
[2026-09-22T16:49:26.001+0000] {logging_mixin.py:188} INFO - [2026-09-22T16:49:26.000+0000] {dagbag.py:545} INFO - Filling up the DagBag from /home/airflow/.local/lib/python3.12/site-packages/airflow/example_dags/example_local_kubernetes_executor.py
[2026-09-22T16:49:26.030+0000] {processor.py:840} INFO - DAG(s) 'example_local_kubernetes_executor' retrieved from /home/airflow/.local/lib/python3.12/site-packages/airflow/example_dags/example_local_kubernetes_executor.py
[2026-09-22T16:49:26.143+0000] {logging_mixin.py:188} INFO - [2026-09-22T16:49:26.142+0000] {dag.py:3089} INFO - Sync 1 DAGs
[2026-09-22T16:49:26.178+0000] {logging_mixin.py:188} INFO - [2026-09-22T16:49:26.177+0000] {dag.py:3947} INFO - Setting next_dagrun for example_local_kubernetes_executor to None, run_after=None
[2026-09-22T16:49:26.228+0000] {processor.py:183} INFO - Processing /home/airflow/.local/lib/python3.12/site-packages/airflow/example_dags/example_local_kubernetes_executor.py took 0.256 seconds
[2026-09-22T16:49:56.401+0000] {processor.py:161} INFO - Started process (PID=786) to work on /home/airflow/.local/lib/python3.12/site-packages/airflow/example_dags/example_local_kubernetes_executor.py
[2026-09-22T16:49:56.402+0000] {processor.py:830} INFO - Processing file /home/airflow/.local/lib/python3.12/site-packages/airflow/example_dags/example_local_kubernetes_executor.py for tasks to queue
[2026-09-22T16:49:56.405+0000] {logging_mixin.py:188} INFO - [2026-09-22T16:49:56.405+0000] {dagbag.py:545} INFO - Filling up the DagBag from /home/airflow/.local/lib/python3.12/site-packages/airflow/example_dags/example_local_kubernetes_executor.py
[2026-09-22T16:49:56.418+0000] {processor.py:840} INFO - DAG(s) 'example_local_kubernetes_executor' retrieved from /home/airflow/.local/lib/python3.12/site-packages/airflow/example_dags/example_local_kubernetes_executor.py
[2026-09-22T16:49:56.468+0000] {logging_mixin.py:188} INFO - [2026-09-22T16:49:56.468+0000] {dag.py:3089} INFO - Sync 1 DAGs
[2026-09-22T16:49:56.486+0000] {logging_mixin.py:188} INFO - [2026-09-22T16:49:56.485+0000] {dag.py:3947} INFO - Setting next_dagrun for example_local_kubernetes_executor to None, run_after=None
[2026-09-22T16:49:56.568+0000] {processor.py:183} INFO - Processing /home/airflow/.local/lib/python3.12/site-packages/airflow/example_dags/example_local_kubernetes_executor.py took 0.177 seconds
[2026-09-22T16:50:26.770+0000] {processor.py:161} INFO - Started process (PID=845) to work on /home/airflow/.local/lib/python3.12/site-packages/airflow/example_dags/example_local_kubernetes_executor.py
[2026-09-22T16:50:26.772+0000] {processor.py:830} INFO - Processing file /home/airflow/.local/lib/python3.12/site-packages/airflow/example_dags/example_local_kubernetes_executor.py for tasks to queue
[2026-09-22T16:50:26.776+0000] {logging_mixin.py:188} INFO - [2026-09-22T16:50:26.775+0000] {dagbag.py:545} INFO - Filling up the DagBag from /home/airflow/.local/lib/python3.12/site-packages/airflow/example_dags/example_local_kubernetes_executor.py
[2026-09-22T16:50:26.790+0000] {processor.py:840} INFO - DAG(s) 'example_local_kubernetes_executor' retrieved from /home/airflow/.local/lib/python3.12/site-packages/airflow/example_dags/example_local_kubernetes_executor.py
[2026-09-22T16:50:26.875+0000] {logging_mixin.py:188} INFO - [2026-09-22T16:50:26.874+0000] {dag.py:3089} INFO - Sync 1 DAGs
[2026-09-22T16:50:26.910+0000] {logging_mixin.py:188} INFO - [2026-09-22T16:50:26.910+0000] {dag.py:3947} INFO - Setting next_dagrun for example_local_kubernetes_executor to None, run_after=None
[2026-09-22T16:50:27.027+0000] {processor.py:183} INFO - Processing /home/airflow/.local/lib/python3.12/site-packages/airflow/example_dags/example_local_kubernetes_executor.py took 0.268 seconds
[2026-09-22T16:50:57.624+0000] {processor.py:161} INFO - Started process (PID=903) to work on /home/airflow/.local/lib/python3.12/site-packages/airflow/example_dags/example_local_kubernetes_executor.py
[2026-09-22T16:50:57.627+0000] {processor.py:830} INFO - Processing file /home/airflow/.local/lib/python3.12/site-packages/airflow/example_dags/example_local_kubernetes_executor.py for tasks to queue
[2026-09-22T16:50:57.640+0000] {logging_mixin.py:188} INFO - [2026-09-22T16:50:57.639+0000] {dagbag.py:545} INFO - Filling up the DagBag from /home/airflow/.local/lib/python3.12/site-packages/airflow/example_dags/example_local_kubernetes_executor.py
[2026-09-22T16:50:57.676+0000] {processor.py:840} INFO - DAG(s) 'example_local_kubernetes_executor' retrieved from /home/airflow/.local/lib/python3.12/site-packages/airflow/example_dags/example_local_kubernetes_executor.py
[2026-09-22T16:50:57.793+0000] {logging_mixin.py:188} INFO - [2026-09-22T16:50:57.788+0000] {dag.py:3089} INFO - Sync 1 DAGs
[2026-09-22T16:50:57.853+0000] {logging_mixin.py:188} INFO - [2026-09-22T16:50:57.852+0000] {dag.py:3947} INFO - Setting next_dagrun for example_local_kubernetes_executor to None, run_after=None
[2026-09-22T16:50:57.932+0000] {processor.py:183} INFO - Processing /home/airflow/.local/lib/python3.12/site-packages/airflow/example_dags/example_local_kubernetes_executor.py took 0.324 seconds
[2026-09-22T16:51:28.071+0000] {processor.py:161} INFO - Started process (PID=961) to work on /home/airflow/.local/lib/python3.12/site-packages/airflow/example_dags/example_local_kubernetes_executor.py
[2026-09-22T16:51:28.077+0000] {processor.py:830} INFO - Processing file /home/airflow/.local/lib/python3.12/site-packages/airflow/example_dags/example_local_kubernetes_executor.py for tasks to queue
[2026-09-22T16:51:28.109+0000] {logging_mixin.py:188} INFO - [2026-09-22T16:51:28.108+0000] {dagbag.py:545} INFO - Filling up the DagBag from /home/airflow/.local/lib/python3.12/site-packages/airflow/example_dags/example_local_kubernetes_executor.py
[2026-09-22T16:51:28.154+0000] {processor.py:840} INFO - DAG(s) 'example_local_kubernetes_executor' retrieved from /home/airflow/.local/lib/python3.12/site-packages/airflow/example_dags/example_local_kubernetes_executor.py
[2026-09-22T16:51:28.241+0000] {logging_mixin.py:188} INFO - [2026-09-22T16:51:28.241+0000] {dag.py:3089} INFO - Sync 1 DAGs
[2026-09-22T16:51:28.278+0000] {logging_mixin.py:188} INFO - [2026-09-22T16:51:28.277+0000] {dag.py:3947} INFO - Setting next_dagrun for example_local_kubernetes_executor to None, run_after=None
[2026-09-22T16:51:28.355+0000] {processor.py:183} INFO - Processing /home/airflow/.local/lib/python3.12/site-packages/airflow/example_dags/example_local_kubernetes_executor.py took 0.312 seconds
[2026-09-22T16:52:22.753+0000] {processor.py:161} INFO - Started process (PID=1011) to work on /home/airflow/.local/lib/python3.12/site-packages/airflow/example_dags/example_local_kubernetes_executor.py
[2026-09-22T16:52:22.755+0000] {processor.py:830} INFO - Processing file /home/airflow/.local/lib/python3.12/site-packages/airflow/example_dags/example_local_kubernetes_executor.py for tasks to queue
[2026-09-22T16:52:22.758+0000] {logging_mixin.py:188} INFO - [2026-09-22T16:52:22.758+0000] {dagbag.py:545} INFO - Filling up the DagBag from /home/airflow/.local/lib/python3.12/site-packages/airflow/example_dags/example_local_kubernetes_executor.py
[2026-09-22T16:52:22.769+0000] {processor.py:840} INFO - DAG(s) 'example_local_kubernetes_executor' retrieved from /home/airflow/.local/lib/python3.12/site-packages/airflow/example_dags/example_local_kubernetes_executor.py
[2026-09-22T16:52:22.864+0000] {logging_mixin.py:188} INFO - [2026-09-22T16:52:22.864+0000] {dag.py:3089} INFO - Sync 1 DAGs
[2026-09-22T16:52:22.885+0000] {logging_mixin.py:188} INFO - [2026-09-22T16:52:22.884+0000] {dag.py:3947} INFO - Setting next_dagrun for example_local_kubernetes_executor to None, run_after=None
[2026-09-22T16:52:22.910+0000] {processor.py:183} INFO - Processing /home/airflow/.local/lib/python3.12/site-packages/airflow/example_dags/example_local_kubernetes_executor.py took 0.170 seconds
[2026-09-22T16:52:53.110+0000] {processor.py:161} INFO - Started process (PID=1069) to work on /home/airflow/.local/lib/python3.12/site-packages/airflow/example_dags/example_local_kubernetes_executor.py
[2026-09-22T16:52:53.111+0000] {processor.py:830} INFO - Processing file /home/airflow/.local/lib/python3.12/site-packages/airflow/example_dags/example_local_kubernetes_executor.py for tasks to queue
[2026-09-22T16:52:53.114+0000] {logging_mixin.py:188} INFO - [2026-09-22T16:52:53.113+0000] {dagbag.py:545} INFO - Filling up the DagBag from /home/airflow/.local/lib/python3.12/site-packages/airflow/example_dags/example_local_kubernetes_executor.py
[2026-09-22T16:52:53.125+0000] {processor.py:840} INFO - DAG(s) 'example_local_kubernetes_executor' retrieved from /home/airflow/.local/lib/python3.12/site-packages/airflow/example_dags/example_local_kubernetes_executor.py
[2026-09-22T16:52:53.181+0000] {logging_mixin.py:188} INFO - [2026-09-22T16:52:53.180+0000] {dag.py:3089} INFO - Sync 1 DAGs
[2026-09-22T16:52:53.203+0000] {logging_mixin.py:188} INFO - [2026-09-22T16:52:53.203+0000] {dag.py:3947} INFO - Setting next_dagrun for example_local_kubernetes_executor to None, run_after=None
[2026-09-22T16:52:53.288+0000] {processor.py:183} INFO - Processing /home/airflow/.local/lib/python3.12/site-packages/airflow/example_dags/example_local_kubernetes_executor.py took 0.191 seconds
[2026-09-22T16:53:23.391+0000] {processor.py:161} INFO - Started process (PID=1127) to work on /home/airflow/.local/lib/python3.12/site-packages/airflow/example_dags/example_local_kubernetes_executor.py
[2026-09-22T16:53:23.393+0000] {processor.py:830} INFO - Processing file /home/airflow/.local/lib/python3.12/site-packages/airflow/example_dags/example_local_kubernetes_executor.py for tasks to queue
[2026-09-22T16:53:23.395+0000] {logging_mixin.py:188} INFO - [2026-09-22T16:53:23.395+0000] {dagbag.py:545} INFO - Filling up the DagBag from /home/airflow/.local/lib/python3.12/site-packages/airflow/example_dags/example_local_kubernetes_executor.py
[2026-09-22T16:53:23.405+0000] {processor.py:840} INFO - DAG(s) 'example_local_kubernetes_executor' retrieved from /home/airflow/.local/lib/python3.12/site-packages/airflow/example_dags/example_local_kubernetes_executor.py
[2026-09-22T16:53:23.445+0000] {logging_mixin.py:188} INFO - [2026-09-22T16:53:23.445+0000] {dag.py:3089} INFO - Sync 1 DAGs
[2026-09-22T16:53:23.463+0000] {logging_mixin.py:188} INFO - [2026-09-22T16:53:23.462+0000] {dag.py:3947} INFO - Setting next_dagrun for example_local_kubernetes_executor to None, run_after=None
[2026-09-22T16:53:23.493+0000] {processor.py:183} INFO - Processing /home/airflow/.local/lib/python3.12/site-packages/airflow/example_dags/example_local_kubernetes_executor.py took 0.110 seconds
[2026-09-22T16:53:53.530+0000] {processor.py:161} INFO - Started process (PID=1185) to work on /home/airflow/.local/lib/python3.12/site-packages/airflow/example_dags/example_local_kubernetes_executor.py
[2026-09-22T16:53:53.531+0000] {processor.py:830} INFO - Processing file /home/airflow/.local/lib/python3.12/site-packages/airflow/example_dags/example_local_kubernetes_executor.py for tasks to queue
[2026-09-22T16:53:53.534+0000] {logging_mixin.py:188} INFO - [2026-09-22T16:53:53.534+0000] {dagbag.py:545} INFO - Filling up the DagBag from /home/airflow/.local/lib/python3.12/site-packages/airflow/example_dags/example_local_kubernetes_executor.py
[2026-09-22T16:53:53.541+0000] {processor.py:840} INFO - DAG(s) 'example_local_kubernetes_executor' retrieved from /home/airflow/.local/lib/python3.12/site-packages/airflow/example_dags/example_local_kubernetes_executor.py
[2026-09-22T16:53:53.575+0000] {logging_mixin.py:188} INFO - [2026-09-22T16:53:53.575+0000] {dag.py:3089} INFO - Sync 1 DAGs
[2026-09-22T16:53:53.589+0000] {logging_mixin.py:188} INFO - [2026-09-22T16:53:53.589+0000] {dag.py:3947} INFO - Setting next_dagrun for example_local_kubernetes_executor to None, run_after=None
[2026-09-22T16:53:53.615+0000] {processor.py:183} INFO - Processing /home/airflow/.local/lib/python3.12/site-packages/airflow/example_dags/example_local_kubernetes_executor.py took 0.091 seconds
[2026-09-22T16:54:23.846+0000] {processor.py:161} INFO - Started process (PID=1243) to work on /home/airflow/.local/lib/python3.12/site-packages/airflow/example_dags/example_local_kubernetes_executor.py
[2026-09-22T16:54:23.848+0000] {processor.py:830} INFO - Processing file /home/airflow/.local/lib/python3.12/site-packages/airflow/example_dags/example_local_kubernetes_executor.py for tasks to queue
[2026-09-22T16:54:23.851+0000] {logging_mixin.py:188} INFO - [2026-09-22T16:54:23.851+0000] {dagbag.py:545} INFO - Filling up the DagBag from /home/airflow/.local/lib/python3.12/site-packages/airflow/example_dags/example_local_kubernetes_executor.py
[2026-09-22T16:54:23.862+0000] {processor.py:840} INFO - DAG(s) 'example_local_kubernetes_executor' retrieved from /home/airflow/.local/lib/python3.12/site-packages/airflow/example_dags/example_local_kubernetes_executor.py
[2026-09-22T16:54:23.913+0000] {logging_mixin.py:188} INFO - [2026-09-22T16:54:23.912+0000] {dag.py:3089} INFO - Sync 1 DAGs
[2026-09-22T16:54:23.931+0000] {logging_mixin.py:188} INFO - [2026-09-22T16:54:23.931+0000] {dag.py:3947} INFO - Setting next_dagrun for example_local_kubernetes_executor to None, run_after=None
[2026-09-22T16:54:23.970+0000] {processor.py:183} INFO - Processing /home/airflow/.local/lib/python3.12/site-packages/airflow/example_dags/example_local_kubernetes_executor.py took 0.132 seconds
[2026-09-22T16:54:54.423+0000] {processor.py:161} INFO - Started process (PID=1301) to work on /home/airflow/.local/lib/python3.12/site-packages/airflow/example_dags/example_local_kubernetes_executor.py
[2026-09-22T16:54:54.424+0000] {processor.py:830} INFO - Processing file /home/airflow/.local/lib/python3.12/site-packages/airflow/example_dags/example_local_kubernetes_executor.py for tasks to queue
[2026-09-22T16:54:54.426+0000] {logging_mixin.py:188} INFO - [2026-09-22T16:54:54.426+0000] {dagbag.py:545} INFO - Filling up the DagBag from /home/airflow/.local/lib/python3.12/site-packages/airflow/example_dags/example_local_kubernetes_executor.py
[2026-09-22T16:54:54.433+0000] {processor.py:840} INFO - DAG(s) 'example_local_kubernetes_executor' retrieved from /home/airflow/.local/lib/python3.12/site-packages/airflow/example_dags/example_local_kubernetes_executor.py
[2026-09-22T16:54:54.469+0000] {logging_mixin.py:188} INFO - [2026-09-22T16:54:54.469+0000] {dag.py:3089} INFO - Sync 1 DAGs
[2026-09-22T16:54:54.482+0000] {logging_mixin.py:188} INFO - [2026-09-22T16:54:54.482+0000] {dag.py:3947} INFO - Setting next_dagrun for example_local_kubernetes_executor to None, run_after=None
[2026-09-22T16:54:54.506+0000] {processor.py:183} INFO - Processing /home/airflow/.local/lib/python3.12/site-packages/airflow/example_dags/example_local_kubernetes_executor.py took 0.089 seconds
[2026-09-22T16:55:24.866+0000] {processor.py:161} INFO - Started process (PID=1359) to work on /home/airflow/.local/lib/python3.12/site-packages/airflow/example_dags/example_local_kubernetes_executor.py
[2026-09-22T16:55:24.868+0000] {processor.py:830} INFO - Processing file /home/airflow/.local/lib/python3.12/site-packages/airflow/example_dags/example_local_kubernetes_executor.py for tasks to queue
[2026-09-22T16:55:24.871+0000] {logging_mixin.py:188} INFO - [2026-09-22T16:55:24.871+0000] {dagbag.py:545} INFO - Filling up the DagBag from /home/airflow/.local/lib/python3.12/site-packages/airflow/example_dags/example_local_kubernetes_executor.py
[2026-09-22T16:55:24.883+0000] {processor.py:840} INFO - DAG(s) 'example_local_kubernetes_executor' retrieved from /home/airflow/.local/lib/python3.12/site-packages/airflow/example_dags/example_local_kubernetes_executor.py
[2026-09-22T16:55:24.916+0000] {logging_mixin.py:188} INFO - [2026-09-22T16:55:24.915+0000] {dag.py:3089} INFO - Sync 1 DAGs
[2026-09-22T16:55:24.927+0000] {logging_mixin.py:188} INFO - [2026-09-22T16:55:24.927+0000] {dag.py:3947} INFO - Setting next_dagrun for example_local_kubernetes_executor to None, run_after=None
[2026-09-22T16:55:24.951+0000] {processor.py:183} INFO - Processing /home/airflow/.local/lib/python3.12/site-packages/airflow/example_dags/example_local_kubernetes_executor.py took 0.092 seconds
[2026-09-22T16:55:55.337+0000] {processor.py:161} INFO - Started process (PID=1417) to work on /home/airflow/.local/lib/python3.12/site-packages/airflow/example_dags/example_local_kubernetes_executor.py
[2026-09-22T16:55:55.339+0000] {processor.py:830} INFO - Processing file /home/airflow/.local/lib/python3.12/site-packages/airflow/example_dags/example_local_kubernetes_executor.py for tasks to queue
[2026-09-22T16:55:55.341+0000] {logging_mixin.py:188} INFO - [2026-09-22T16:55:55.341+0000] {dagbag.py:545} INFO - Filling up the DagBag from /home/airflow/.local/lib/python3.12/site-packages/airflow/example_dags/example_local_kubernetes_executor.py
[2026-09-22T16:55:55.350+0000] {processor.py:840} INFO - DAG(s) 'example_local_kubernetes_executor' retrieved from /home/airflow/.local/lib/python3.12/site-packages/airflow/example_dags/example_local_kubernetes_executor.py
[2026-09-22T16:55:55.390+0000] {logging_mixin.py:188} INFO - [2026-09-22T16:55:55.390+0000] {dag.py:3089} INFO - Sync 1 DAGs
[2026-09-22T16:55:55.407+0000] {logging_mixin.py:188} INFO - [2026-09-22T16:55:55.407+0000] {dag.py:3947} INFO - Setting next_dagrun for example_local_kubernetes_executor to None, run_after=None
[2026-09-22T16:55:55.434+0000] {processor.py:183} INFO - Processing /home/airflow/.local/lib/python3.12/site-packages/airflow/example_dags/example_local_kubernetes_executor.py took 0.102 seconds
[2026-09-22T16:56:26.225+0000] {processor.py:161} INFO - Started process (PID=1481) to work on /home/airflow/.local/lib/python3.12/site-packages/airflow/example_dags/example_local_kubernetes_executor.py
[2026-09-22T16:56:26.226+0000] {processor.py:830} INFO - Processing file /home/airflow/.local/lib/python3.12/site-packages/airflow/example_dags/example_local_kubernetes_executor.py for tasks to queue
[2026-09-22T16:56:26.228+0000] {logging_mixin.py:188} INFO - [2026-09-22T16:56:26.228+0000] {dagbag.py:545} INFO - Filling up the DagBag from /home/airflow/.local/lib/python3.12/site-packages/airflow/example_dags/example_local_kubernetes_executor.py
[2026-09-22T16:56:26.234+0000] {processor.py:840} INFO - DAG(s) 'example_local_kubernetes_executor' retrieved from /home/airflow/.local/lib/python3.12/site-packages/airflow/example_dags/example_local_kubernetes_executor.py
[2026-09-22T16:56:26.268+0000] {logging_mixin.py:188} INFO - [2026-09-22T16:56:26.268+0000] {dag.py:3089} INFO - Sync 1 DAGs
[2026-09-22T16:56:26.280+0000] {logging_mixin.py:188} INFO - [2026-09-22T16:56:26.279+0000] {dag.py:3947} INFO - Setting next_dagrun for example_local_kubernetes_executor to None, run_after=None
[2026-09-22T16:56:26.312+0000] {processor.py:183} INFO - Processing /home/airflow/.local/lib/python3.12/site-packages/airflow/example_dags/example_local_kubernetes_executor.py took 0.092 seconds
[2026-09-22T16:58:03.504+0000] {processor.py:161} INFO - Started process (PID=101) to work on /home/airflow/.local/lib/python3.12/site-packages/airflow/example_dags/example_local_kubernetes_executor.py
[2026-09-22T16:58:03.506+0000] {processor.py:830} INFO - Processing file /home/airflow/.local/lib/python3.12/site-packages/airflow/example_dags/example_local_kubernetes_executor.py for tasks to queue
[2026-09-22T16:58:03.509+0000] {logging_mixin.py:188} INFO - [2026-09-22T16:58:03.509+0000] {dagbag.py:545} INFO - Filling up the DagBag from /home/airflow/.local/lib/python3.12/site-packages/airflow/example_dags/example_local_kubernetes_executor.py
[2026-09-22T16:58:03.521+0000] {processor.py:840} INFO - DAG(s) 'example_local_kubernetes_executor' retrieved from /home/airflow/.local/lib/python3.12/site-packages/airflow/example_dags/example_local_kubernetes_executor.py
[2026-09-22T16:58:03.692+0000] {logging_mixin.py:188} INFO - [2026-09-22T16:58:03.691+0000] {dag.py:3089} INFO - Sync 1 DAGs
[2026-09-22T16:58:03.709+0000] {logging_mixin.py:188} INFO - [2026-09-22T16:58:03.709+0000] {dag.py:3947} INFO - Setting next_dagrun for example_local_kubernetes_executor to None, run_after=None
[2026-09-22T16:58:03.742+0000] {processor.py:183} INFO - Processing /home/airflow/.local/lib/python3.12/site-packages/airflow/example_dags/example_local_kubernetes_executor.py took 0.247 seconds
[2026-09-22T16:58:34.090+0000] {processor.py:161} INFO - Started process (PID=159) to work on /home/airflow/.local/lib/python3.12/site-packages/airflow/example_dags/example_local_kubernetes_executor.py
[2026-09-22T16:58:34.092+0000] {processor.py:830} INFO - Processing file /home/airflow/.local/lib/python3.12/site-packages/airflow/example_dags/example_local_kubernetes_executor.py for tasks to queue
[2026-09-22T16:58:34.094+0000] {logging_mixin.py:188} INFO - [2026-09-22T16:58:34.094+0000] {dagbag.py:545} INFO - Filling up the DagBag from /home/airflow/.local/lib/python3.12/site-packages/airflow/example_dags/example_local_kubernetes_executor.py
[2026-09-22T16:58:34.104+0000] {processor.py:840} INFO - DAG(s) 'example_local_kubernetes_executor' retrieved from /home/airflow/.local/lib/python3.12/site-packages/airflow/example_dags/example_local_kubernetes_executor.py
[2026-09-22T16:58:34.135+0000] {logging_mixin.py:188} INFO - [2026-09-22T16:58:34.135+0000] {dag.py:3089} INFO - Sync 1 DAGs
[2026-09-22T16:58:34.150+0000] {logging_mixin.py:188} INFO - [2026-09-22T16:58:34.150+0000] {dag.py:3947} INFO - Setting next_dagrun for example_local_kubernetes_executor to None, run_after=None
[2026-09-22T16:58:34.172+0000] {processor.py:183} INFO - Processing /home/airflow/.local/lib/python3.12/site-packages/airflow/example_dags/example_local_kubernetes_executor.py took 0.089 seconds
[2026-09-22T16:59:05.050+0000] {processor.py:161} INFO - Started process (PID=217) to work on /home/airflow/.local/lib/python3.12/site-packages/airflow/example_dags/example_local_kubernetes_executor.py
[2026-09-22T16:59:05.051+0000] {processor.py:830} INFO - Processing file /home/airflow/.local/lib/python3.12/site-packages/airflow/example_dags/example_local_kubernetes_executor.py for tasks to queue
[2026-09-22T16:59:05.053+0000] {logging_mixin.py:188} INFO - [2026-09-22T16:59:05.053+0000] {dagbag.py:545} INFO - Filling up the DagBag from /home/airflow/.local/lib/python3.12/site-packages/airflow/example_dags/example_local_kubernetes_executor.py
[2026-09-22T16:59:05.062+0000] {processor.py:840} INFO - DAG(s) 'example_local_kubernetes_executor' retrieved from /home/airflow/.local/lib/python3.12/site-packages/airflow/example_dags/example_local_kubernetes_executor.py
[2026-09-22T16:59:05.094+0000] {logging_mixin.py:188} INFO - [2026-09-22T16:59:05.094+0000] {dag.py:3089} INFO - Sync 1 DAGs
[2026-09-22T16:59:05.108+0000] {logging_mixin.py:188} INFO - [2026-09-22T16:59:05.108+0000] {dag.py:3947} INFO - Setting next_dagrun for example_local_kubernetes_executor to None, run_after=None
[2026-09-22T16:59:05.129+0000] {processor.py:183} INFO - Processing /home/airflow/.local/lib/python3.12/site-packages/airflow/example_dags/example_local_kubernetes_executor.py took 0.084 seconds
[2026-09-22T16:59:35.416+0000] {processor.py:161} INFO - Started process (PID=275) to work on /home/airflow/.local/lib/python3.12/site-packages/airflow/example_dags/example_local_kubernetes_executor.py
[2026-09-22T16:59:35.418+0000] {processor.py:830} INFO - Processing file /home/airflow/.local/lib/python3.12/site-packages/airflow/example_dags/example_local_kubernetes_executor.py for tasks to queue
[2026-09-22T16:59:35.422+0000] {logging_mixin.py:188} INFO - [2026-09-22T16:59:35.421+0000] {dagbag.py:545} INFO - Filling up the DagBag from /home/airflow/.local/lib/python3.12/site-packages/airflow/example_dags/example_local_kubernetes_executor.py
[2026-09-22T16:59:35.428+0000] {processor.py:840} INFO - DAG(s) 'example_local_kubernetes_executor' retrieved from /home/airflow/.local/lib/python3.12/site-packages/airflow/example_dags/example_local_kubernetes_executor.py
[2026-09-22T16:59:35.473+0000] {logging_mixin.py:188} INFO - [2026-09-22T16:59:35.472+0000] {dag.py:3089} INFO - Sync 1 DAGs
[2026-09-22T16:59:35.489+0000] {logging_mixin.py:188} INFO - [2026-09-22T16:59:35.488+0000] {dag.py:3947} INFO - Setting next_dagrun for example_local_kubernetes_executor to None, run_after=None
[2026-09-22T16:59:35.520+0000] {processor.py:183} INFO - Processing /home/airflow/.local/lib/python3.12/site-packages/airflow/example_dags/example_local_kubernetes_executor.py took 0.109 seconds
[2026-09-22T17:00:05.682+0000] {processor.py:161} INFO - Started process (PID=333) to work on /home/airflow/.local/lib/python3.12/site-packages/airflow/example_dags/example_local_kubernetes_executor.py
[2026-09-22T17:00:05.683+0000] {processor.py:830} INFO - Processing file /home/airflow/.local/lib/python3.12/site-packages/airflow/example_dags/example_local_kubernetes_executor.py for tasks to queue
[2026-09-22T17:00:05.685+0000] {logging_mixin.py:188} INFO - [2026-09-22T17:00:05.685+0000] {dagbag.py:545} INFO - Filling up the DagBag from /home/airflow/.local/lib/python3.12/site-packages/airflow/example_dags/example_local_kubernetes_executor.py
[2026-09-22T17:00:05.692+0000] {processor.py:840} INFO - DAG(s) 'example_local_kubernetes_executor' retrieved from /home/airflow/.local/lib/python3.12/site-packages/airflow/example_dags/example_local_kubernetes_executor.py
[2026-09-22T17:00:05.731+0000] {logging_mixin.py:188} INFO - [2026-09-22T17:00:05.731+0000] {dag.py:3089} INFO - Sync 1 DAGs
[2026-09-22T17:00:05.744+0000] {logging_mixin.py:188} INFO - [2026-09-22T17:00:05.744+0000] {dag.py:3947} INFO - Setting next_dagrun for example_local_kubernetes_executor to None, run_after=None
[2026-09-22T17:00:05.768+0000] {processor.py:183} INFO - Processing /home/airflow/.local/lib/python3.12/site-packages/airflow/example_dags/example_local_kubernetes_executor.py took 0.092 seconds
[2026-09-22T17:00:36.259+0000] {processor.py:161} INFO - Started process (PID=391) to work on /home/airflow/.local/lib/python3.12/site-packages/airflow/example_dags/example_local_kubernetes_executor.py
[2026-09-22T17:00:36.260+0000] {processor.py:830} INFO - Processing file /home/airflow/.local/lib/python3.12/site-packages/airflow/example_dags/example_local_kubernetes_executor.py for tasks to queue
[2026-09-22T17:00:36.263+0000] {logging_mixin.py:188} INFO - [2026-09-22T17:00:36.262+0000] {dagbag.py:545} INFO - Filling up the DagBag from /home/airflow/.local/lib/python3.12/site-packages/airflow/example_dags/example_local_kubernetes_executor.py
[2026-09-22T17:00:36.270+0000] {processor.py:840} INFO - DAG(s) 'example_local_kubernetes_executor' retrieved from /home/airflow/.local/lib/python3.12/site-packages/airflow/example_dags/example_local_kubernetes_executor.py
[2026-09-22T17:00:36.304+0000] {logging_mixin.py:188} INFO - [2026-09-22T17:00:36.303+0000] {dag.py:3089} INFO - Sync 1 DAGs
[2026-09-22T17:00:36.315+0000] {logging_mixin.py:188} INFO - [2026-09-22T17:00:36.315+0000] {dag.py:3947} INFO - Setting next_dagrun for example_local_kubernetes_executor to None, run_after=None
[2026-09-22T17:00:36.341+0000] {processor.py:183} INFO - Processing /home/airflow/.local/lib/python3.12/site-packages/airflow/example_dags/example_local_kubernetes_executor.py took 0.088 seconds
[2026-09-22T17:01:06.764+0000] {processor.py:161} INFO - Started process (PID=449) to work on /home/airflow/.local/lib/python3.12/site-packages/airflow/example_dags/example_local_kubernetes_executor.py
[2026-09-22T17:01:06.765+0000] {processor.py:830} INFO - Processing file /home/airflow/.local/lib/python3.12/site-packages/airflow/example_dags/example_local_kubernetes_executor.py for tasks to queue
[2026-09-22T17:01:06.768+0000] {logging_mixin.py:188} INFO - [2026-09-22T17:01:06.767+0000] {dagbag.py:545} INFO - Filling up the DagBag from /home/airflow/.local/lib/python3.12/site-packages/airflow/example_dags/example_local_kubernetes_executor.py
[2026-09-22T17:01:06.775+0000] {processor.py:840} INFO - DAG(s) 'example_local_kubernetes_executor' retrieved from /home/airflow/.local/lib/python3.12/site-packages/airflow/example_dags/example_local_kubernetes_executor.py
[2026-09-22T17:01:06.811+0000] {logging_mixin.py:188} INFO - [2026-09-22T17:01:06.811+0000] {dag.py:3089} INFO - Sync 1 DAGs
[2026-09-22T17:01:06.823+0000] {logging_mixin.py:188} INFO - [2026-09-22T17:01:06.822+0000] {dag.py:3947} INFO - Setting next_dagrun for example_local_kubernetes_executor to None, run_after=None
[2026-09-22T17:01:06.842+0000] {processor.py:183} INFO - Processing /home/airflow/.local/lib/python3.12/site-packages/airflow/example_dags/example_local_kubernetes_executor.py took 0.083 seconds
[2026-09-22T17:01:37.379+0000] {processor.py:161} INFO - Started process (PID=507) to work on /home/airflow/.local/lib/python3.12/site-packages/airflow/example_dags/example_local_kubernetes_executor.py
[2026-09-22T17:01:37.380+0000] {processor.py:830} INFO - Processing file /home/airflow/.local/lib/python3.12/site-packages/airflow/example_dags/example_local_kubernetes_executor.py for tasks to queue
[2026-09-22T17:01:37.382+0000] {logging_mixin.py:188} INFO - [2026-09-22T17:01:37.382+0000] {dagbag.py:545} INFO - Filling up the DagBag from /home/airflow/.local/lib/python3.12/site-packages/airflow/example_dags/example_local_kubernetes_executor.py
[2026-09-22T17:01:37.390+0000] {processor.py:840} INFO - DAG(s) 'example_local_kubernetes_executor' retrieved from /home/airflow/.local/lib/python3.12/site-packages/airflow/example_dags/example_local_kubernetes_executor.py
[2026-09-22T17:01:37.422+0000] {logging_mixin.py:188} INFO - [2026-09-22T17:01:37.421+0000] {dag.py:3089} INFO - Sync 1 DAGs
[2026-09-22T17:01:37.434+0000] {logging_mixin.py:188} INFO - [2026-09-22T17:01:37.433+0000] {dag.py:3947} INFO - Setting next_dagrun for example_local_kubernetes_executor to None, run_after=None
[2026-09-22T17:01:37.453+0000] {processor.py:183} INFO - Processing /home/airflow/.local/lib/python3.12/site-packages/airflow/example_dags/example_local_kubernetes_executor.py took 0.081 seconds
[2026-09-22T17:02:08.395+0000] {processor.py:161} INFO - Started process (PID=565) to work on /home/airflow/.local/lib/python3.12/site-packages/airflow/example_dags/example_local_kubernetes_executor.py
[2026-09-22T17:02:08.396+0000] {processor.py:830} INFO - Processing file /home/airflow/.local/lib/python3.12/site-packages/airflow/example_dags/example_local_kubernetes_executor.py for tasks to queue
[2026-09-22T17:02:08.398+0000] {logging_mixin.py:188} INFO - [2026-09-22T17:02:08.397+0000] {dagbag.py:545} INFO - Filling up the DagBag from /home/airflow/.local/lib/python3.12/site-packages/airflow/example_dags/example_local_kubernetes_executor.py
[2026-09-22T17:02:08.407+0000] {processor.py:840} INFO - DAG(s) 'example_local_kubernetes_executor' retrieved from /home/airflow/.local/lib/python3.12/site-packages/airflow/example_dags/example_local_kubernetes_executor.py
[2026-09-22T17:02:08.442+0000] {logging_mixin.py:188} INFO - [2026-09-22T17:02:08.441+0000] {dag.py:3089} INFO - Sync 1 DAGs
[2026-09-22T17:02:08.454+0000] {logging_mixin.py:188} INFO - [2026-09-22T17:02:08.454+0000] {dag.py:3947} INFO - Setting next_dagrun for example_local_kubernetes_executor to None, run_after=None
[2026-09-22T17:02:08.475+0000] {processor.py:183} INFO - Processing /home/airflow/.local/lib/python3.12/site-packages/airflow/example_dags/example_local_kubernetes_executor.py took 0.086 seconds
[2026-09-22T17:03:32.234+0000] {processor.py:161} INFO - Started process (PID=99) to work on /home/airflow/.local/lib/python3.12/site-packages/airflow/example_dags/example_local_kubernetes_executor.py
[2026-09-22T17:03:32.238+0000] {processor.py:830} INFO - Processing file /home/airflow/.local/lib/python3.12/site-packages/airflow/example_dags/example_local_kubernetes_executor.py for tasks to queue
[2026-09-22T17:03:32.240+0000] {logging_mixin.py:188} INFO - [2026-09-22T17:03:32.240+0000] {dagbag.py:545} INFO - Filling up the DagBag from /home/airflow/.local/lib/python3.12/site-packages/airflow/example_dags/example_local_kubernetes_executor.py
[2026-09-22T17:03:32.249+0000] {processor.py:840} INFO - DAG(s) 'example_local_kubernetes_executor' retrieved from /home/airflow/.local/lib/python3.12/site-packages/airflow/example_dags/example_local_kubernetes_executor.py
[2026-09-22T17:03:32.411+0000] {logging_mixin.py:188} INFO - [2026-09-22T17:03:32.411+0000] {dag.py:3089} INFO - Sync 1 DAGs
[2026-09-22T17:03:32.426+0000] {logging_mixin.py:188} INFO - [2026-09-22T17:03:32.426+0000] {dag.py:3947} INFO - Setting next_dagrun for example_local_kubernetes_executor to None, run_after=None
[2026-09-22T17:03:32.454+0000] {processor.py:183} INFO - Processing /home/airflow/.local/lib/python3.12/site-packages/airflow/example_dags/example_local_kubernetes_executor.py took 0.227 seconds
[2026-09-22T17:04:02.566+0000] {processor.py:161} INFO - Started process (PID=157) to work on /home/airflow/.local/lib/python3.12/site-packages/airflow/example_dags/example_local_kubernetes_executor.py
[2026-09-22T17:04:02.567+0000] {processor.py:830} INFO - Processing file /home/airflow/.local/lib/python3.12/site-packages/airflow/example_dags/example_local_kubernetes_executor.py for tasks to queue
[2026-09-22T17:04:02.570+0000] {logging_mixin.py:188} INFO - [2026-09-22T17:04:02.569+0000] {dagbag.py:545} INFO - Filling up the DagBag from /home/airflow/.local/lib/python3.12/site-packages/airflow/example_dags/example_local_kubernetes_executor.py
[2026-09-22T17:04:02.576+0000] {processor.py:840} INFO - DAG(s) 'example_local_kubernetes_executor' retrieved from /home/airflow/.local/lib/python3.12/site-packages/airflow/example_dags/example_local_kubernetes_executor.py
[2026-09-22T17:04:02.611+0000] {logging_mixin.py:188} INFO - [2026-09-22T17:04:02.611+0000] {dag.py:3089} INFO - Sync 1 DAGs
[2026-09-22T17:04:02.623+0000] {logging_mixin.py:188} INFO - [2026-09-22T17:04:02.623+0000] {dag.py:3947} INFO - Setting next_dagrun for example_local_kubernetes_executor to None, run_after=None
[2026-09-22T17:04:02.644+0000] {processor.py:183} INFO - Processing /home/airflow/.local/lib/python3.12/site-packages/airflow/example_dags/example_local_kubernetes_executor.py took 0.083 seconds
[2026-09-22T17:04:33.407+0000] {processor.py:161} INFO - Started process (PID=215) to work on /home/airflow/.local/lib/python3.12/site-packages/airflow/example_dags/example_local_kubernetes_executor.py
[2026-09-22T17:04:33.408+0000] {processor.py:830} INFO - Processing file /home/airflow/.local/lib/python3.12/site-packages/airflow/example_dags/example_local_kubernetes_executor.py for tasks to queue
[2026-09-22T17:04:33.410+0000] {logging_mixin.py:188} INFO - [2026-09-22T17:04:33.410+0000] {dagbag.py:545} INFO - Filling up the DagBag from /home/airflow/.local/lib/python3.12/site-packages/airflow/example_dags/example_local_kubernetes_executor.py
[2026-09-22T17:04:33.417+0000] {processor.py:840} INFO - DAG(s) 'example_local_kubernetes_executor' retrieved from /home/airflow/.local/lib/python3.12/site-packages/airflow/example_dags/example_local_kubernetes_executor.py
[2026-09-22T17:04:33.453+0000] {logging_mixin.py:188} INFO - [2026-09-22T17:04:33.452+0000] {dag.py:3089} INFO - Sync 1 DAGs
[2026-09-22T17:04:33.464+0000] {logging_mixin.py:188} INFO - [2026-09-22T17:04:33.464+0000] {dag.py:3947} INFO - Setting next_dagrun for example_local_kubernetes_executor to None, run_after=None
[2026-09-22T17:04:33.485+0000] {processor.py:183} INFO - Processing /home/airflow/.local/lib/python3.12/site-packages/airflow/example_dags/example_local_kubernetes_executor.py took 0.083 seconds
[2026-09-22T17:05:04.289+0000] {processor.py:161} INFO - Started process (PID=273) to work on /home/airflow/.local/lib/python3.12/site-packages/airflow/example_dags/example_local_kubernetes_executor.py
[2026-09-22T17:05:04.290+0000] {processor.py:830} INFO - Processing file /home/airflow/.local/lib/python3.12/site-packages/airflow/example_dags/example_local_kubernetes_executor.py for tasks to queue
[2026-09-22T17:05:04.291+0000] {logging_mixin.py:188} INFO - [2026-09-22T17:05:04.291+0000] {dagbag.py:545} INFO - Filling up the DagBag from /home/airflow/.local/lib/python3.12/site-packages/airflow/example_dags/example_local_kubernetes_executor.py
[2026-09-22T17:05:04.300+0000] {processor.py:840} INFO - DAG(s) 'example_local_kubernetes_executor' retrieved from /home/airflow/.local/lib/python3.12/site-packages/airflow/example_dags/example_local_kubernetes_executor.py
[2026-09-22T17:05:04.338+0000] {logging_mixin.py:188} INFO - [2026-09-22T17:05:04.337+0000] {dag.py:3089} INFO - Sync 1 DAGs
[2026-09-22T17:05:04.349+0000] {logging_mixin.py:188} INFO - [2026-09-22T17:05:04.349+0000] {dag.py:3947} INFO - Setting next_dagrun for example_local_kubernetes_executor to None, run_after=None
[2026-09-22T17:05:04.369+0000] {processor.py:183} INFO - Processing /home/airflow/.local/lib/python3.12/site-packages/airflow/example_dags/example_local_kubernetes_executor.py took 0.086 seconds
[2026-09-22T17:05:34.548+0000] {processor.py:161} INFO - Started process (PID=331) to work on /home/airflow/.local/lib/python3.12/site-packages/airflow/example_dags/example_local_kubernetes_executor.py
[2026-09-22T17:05:34.549+0000] {processor.py:830} INFO - Processing file /home/airflow/.local/lib/python3.12/site-packages/airflow/example_dags/example_local_kubernetes_executor.py for tasks to queue
[2026-09-22T17:05:34.552+0000] {logging_mixin.py:188} INFO - [2026-09-22T17:05:34.552+0000] {dagbag.py:545} INFO - Filling up the DagBag from /home/airflow/.local/lib/python3.12/site-packages/airflow/example_dags/example_local_kubernetes_executor.py
[2026-09-22T17:05:34.561+0000] {processor.py:840} INFO - DAG(s) 'example_local_kubernetes_executor' retrieved from /home/airflow/.local/lib/python3.12/site-packages/airflow/example_dags/example_local_kubernetes_executor.py
[2026-09-22T17:05:34.599+0000] {logging_mixin.py:188} INFO - [2026-09-22T17:05:34.599+0000] {dag.py:3089} INFO - Sync 1 DAGs
[2026-09-22T17:05:34.616+0000] {logging_mixin.py:188} INFO - [2026-09-22T17:05:34.616+0000] {dag.py:3947} INFO - Setting next_dagrun for example_local_kubernetes_executor to None, run_after=None
[2026-09-22T17:05:34.644+0000] {processor.py:183} INFO - Processing /home/airflow/.local/lib/python3.12/site-packages/airflow/example_dags/example_local_kubernetes_executor.py took 0.105 seconds
[2026-09-22T17:06:04.850+0000] {processor.py:161} INFO - Started process (PID=389) to work on /home/airflow/.local/lib/python3.12/site-packages/airflow/example_dags/example_local_kubernetes_executor.py
[2026-09-22T17:06:04.859+0000] {processor.py:830} INFO - Processing file /home/airflow/.local/lib/python3.12/site-packages/airflow/example_dags/example_local_kubernetes_executor.py for tasks to queue
[2026-09-22T17:06:04.862+0000] {logging_mixin.py:188} INFO - [2026-09-22T17:06:04.862+0000] {dagbag.py:545} INFO - Filling up the DagBag from /home/airflow/.local/lib/python3.12/site-packages/airflow/example_dags/example_local_kubernetes_executor.py
[2026-09-22T17:06:04.874+0000] {processor.py:840} INFO - DAG(s) 'example_local_kubernetes_executor' retrieved from /home/airflow/.local/lib/python3.12/site-packages/airflow/example_dags/example_local_kubernetes_executor.py
[2026-09-22T17:06:04.906+0000] {logging_mixin.py:188} INFO - [2026-09-22T17:06:04.906+0000] {dag.py:3089} INFO - Sync 1 DAGs
[2026-09-22T17:06:04.917+0000] {logging_mixin.py:188} INFO - [2026-09-22T17:06:04.917+0000] {dag.py:3947} INFO - Setting next_dagrun for example_local_kubernetes_executor to None, run_after=None
[2026-09-22T17:06:04.937+0000] {processor.py:183} INFO - Processing /home/airflow/.local/lib/python3.12/site-packages/airflow/example_dags/example_local_kubernetes_executor.py took 0.092 seconds
[2026-09-22T17:06:35.115+0000] {processor.py:161} INFO - Started process (PID=447) to work on /home/airflow/.local/lib/python3.12/site-packages/airflow/example_dags/example_local_kubernetes_executor.py
[2026-09-22T17:06:35.116+0000] {processor.py:830} INFO - Processing file /home/airflow/.local/lib/python3.12/site-packages/airflow/example_dags/example_local_kubernetes_executor.py for tasks to queue
[2026-09-22T17:06:35.118+0000] {logging_mixin.py:188} INFO - [2026-09-22T17:06:35.118+0000] {dagbag.py:545} INFO - Filling up the DagBag from /home/airflow/.local/lib/python3.12/site-packages/airflow/example_dags/example_local_kubernetes_executor.py
[2026-09-22T17:06:35.125+0000] {processor.py:840} INFO - DAG(s) 'example_local_kubernetes_executor' retrieved from /home/airflow/.local/lib/python3.12/site-packages/airflow/example_dags/example_local_kubernetes_executor.py
[2026-09-22T17:06:35.161+0000] {logging_mixin.py:188} INFO - [2026-09-22T17:06:35.161+0000] {dag.py:3089} INFO - Sync 1 DAGs
[2026-09-22T17:06:35.174+0000] {logging_mixin.py:188} INFO - [2026-09-22T17:06:35.174+0000] {dag.py:3947} INFO - Setting next_dagrun for example_local_kubernetes_executor to None, run_after=None
[2026-09-22T17:06:35.195+0000] {processor.py:183} INFO - Processing /home/airflow/.local/lib/python3.12/site-packages/airflow/example_dags/example_local_kubernetes_executor.py took 0.086 seconds
[2026-09-22T17:07:05.845+0000] {processor.py:161} INFO - Started process (PID=505) to work on /home/airflow/.local/lib/python3.12/site-packages/airflow/example_dags/example_local_kubernetes_executor.py
[2026-09-22T17:07:05.847+0000] {processor.py:830} INFO - Processing file /home/airflow/.local/lib/python3.12/site-packages/airflow/example_dags/example_local_kubernetes_executor.py for tasks to queue
[2026-09-22T17:07:05.849+0000] {logging_mixin.py:188} INFO - [2026-09-22T17:07:05.849+0000] {dagbag.py:545} INFO - Filling up the DagBag from /home/airflow/.local/lib/python3.12/site-packages/airflow/example_dags/example_local_kubernetes_executor.py
[2026-09-22T17:07:05.858+0000] {processor.py:840} INFO - DAG(s) 'example_local_kubernetes_executor' retrieved from /home/airflow/.local/lib/python3.12/site-packages/airflow/example_dags/example_local_kubernetes_executor.py
[2026-09-22T17:07:05.897+0000] {logging_mixin.py:188} INFO - [2026-09-22T17:07:05.897+0000] {dag.py:3089} INFO - Sync 1 DAGs
[2026-09-22T17:07:05.913+0000] {logging_mixin.py:188} INFO - [2026-09-22T17:07:05.913+0000] {dag.py:3947} INFO - Setting next_dagrun for example_local_kubernetes_executor to None, run_after=None
[2026-09-22T17:07:05.944+0000] {processor.py:183} INFO - Processing /home/airflow/.local/lib/python3.12/site-packages/airflow/example_dags/example_local_kubernetes_executor.py took 0.106 seconds
[2026-09-22T17:07:36.552+0000] {processor.py:161} INFO - Started process (PID=563) to work on /home/airflow/.local/lib/python3.12/site-packages/airflow/example_dags/example_local_kubernetes_executor.py
[2026-09-22T17:07:36.553+0000] {processor.py:830} INFO - Processing file /home/airflow/.local/lib/python3.12/site-packages/airflow/example_dags/example_local_kubernetes_executor.py for tasks to queue
[2026-09-22T17:07:36.556+0000] {logging_mixin.py:188} INFO - [2026-09-22T17:07:36.555+0000] {dagbag.py:545} INFO - Filling up the DagBag from /home/airflow/.local/lib/python3.12/site-packages/airflow/example_dags/example_local_kubernetes_executor.py
[2026-09-22T17:07:36.566+0000] {processor.py:840} INFO - DAG(s) 'example_local_kubernetes_executor' retrieved from /home/airflow/.local/lib/python3.12/site-packages/airflow/example_dags/example_local_kubernetes_executor.py
[2026-09-22T17:07:36.614+0000] {logging_mixin.py:188} INFO - [2026-09-22T17:07:36.614+0000] {dag.py:3089} INFO - Sync 1 DAGs
[2026-09-22T17:07:36.632+0000] {logging_mixin.py:188} INFO - [2026-09-22T17:07:36.632+0000] {dag.py:3947} INFO - Setting next_dagrun for example_local_kubernetes_executor to None, run_after=None
[2026-09-22T17:07:36.663+0000] {processor.py:183} INFO - Processing /home/airflow/.local/lib/python3.12/site-packages/airflow/example_dags/example_local_kubernetes_executor.py took 0.120 seconds
[2026-09-22T17:08:06.923+0000] {processor.py:161} INFO - Started process (PID=621) to work on /home/airflow/.local/lib/python3.12/site-packages/airflow/example_dags/example_local_kubernetes_executor.py
[2026-09-22T17:08:06.924+0000] {processor.py:830} INFO - Processing file /home/airflow/.local/lib/python3.12/site-packages/airflow/example_dags/example_local_kubernetes_executor.py for tasks to queue
[2026-09-22T17:08:06.926+0000] {logging_mixin.py:188} INFO - [2026-09-22T17:08:06.926+0000] {dagbag.py:545} INFO - Filling up the DagBag from /home/airflow/.local/lib/python3.12/site-packages/airflow/example_dags/example_local_kubernetes_executor.py
[2026-09-22T17:08:06.934+0000] {processor.py:840} INFO - DAG(s) 'example_local_kubernetes_executor' retrieved from /home/airflow/.local/lib/python3.12/site-packages/airflow/example_dags/example_local_kubernetes_executor.py
[2026-09-22T17:08:06.965+0000] {logging_mixin.py:188} INFO - [2026-09-22T17:08:06.964+0000] {dag.py:3089} INFO - Sync 1 DAGs
[2026-09-22T17:08:06.976+0000] {logging_mixin.py:188} INFO - [2026-09-22T17:08:06.976+0000] {dag.py:3947} INFO - Setting next_dagrun for example_local_kubernetes_executor to None, run_after=None
[2026-09-22T17:08:06.995+0000] {processor.py:183} INFO - Processing /home/airflow/.local/lib/python3.12/site-packages/airflow/example_dags/example_local_kubernetes_executor.py took 0.079 seconds
[2026-09-22T17:08:37.230+0000] {processor.py:161} INFO - Started process (PID=685) to work on /home/airflow/.local/lib/python3.12/site-packages/airflow/example_dags/example_local_kubernetes_executor.py
[2026-09-22T17:08:37.232+0000] {processor.py:830} INFO - Processing file /home/airflow/.local/lib/python3.12/site-packages/airflow/example_dags/example_local_kubernetes_executor.py for tasks to queue
[2026-09-22T17:08:37.234+0000] {logging_mixin.py:188} INFO - [2026-09-22T17:08:37.234+0000] {dagbag.py:545} INFO - Filling up the DagBag from /home/airflow/.local/lib/python3.12/site-packages/airflow/example_dags/example_local_kubernetes_executor.py
[2026-09-22T17:08:37.243+0000] {processor.py:840} INFO - DAG(s) 'example_local_kubernetes_executor' retrieved from /home/airflow/.local/lib/python3.12/site-packages/airflow/example_dags/example_local_kubernetes_executor.py
[2026-09-22T17:08:37.275+0000] {logging_mixin.py:188} INFO - [2026-09-22T17:08:37.275+0000] {dag.py:3089} INFO - Sync 1 DAGs
[2026-09-22T17:08:37.288+0000] {logging_mixin.py:188} INFO - [2026-09-22T17:08:37.287+0000] {dag.py:3947} INFO - Setting next_dagrun for example_local_kubernetes_executor to None, run_after=None
[2026-09-22T17:08:37.311+0000] {processor.py:183} INFO - Processing /home/airflow/.local/lib/python3.12/site-packages/airflow/example_dags/example_local_kubernetes_executor.py took 0.086 seconds
[2026-09-22T17:09:07.409+0000] {processor.py:161} INFO - Started process (PID=743) to work on /home/airflow/.local/lib/python3.12/site-packages/airflow/example_dags/example_local_kubernetes_executor.py
[2026-09-22T17:09:07.410+0000] {processor.py:830} INFO - Processing file /home/airflow/.local/lib/python3.12/site-packages/airflow/example_dags/example_local_kubernetes_executor.py for tasks to queue
[2026-09-22T17:09:07.412+0000] {logging_mixin.py:188} INFO - [2026-09-22T17:09:07.412+0000] {dagbag.py:545} INFO - Filling up the DagBag from /home/airflow/.local/lib/python3.12/site-packages/airflow/example_dags/example_local_kubernetes_executor.py
[2026-09-22T17:09:07.421+0000] {processor.py:840} INFO - DAG(s) 'example_local_kubernetes_executor' retrieved from /home/airflow/.local/lib/python3.12/site-packages/airflow/example_dags/example_local_kubernetes_executor.py
[2026-09-22T17:09:07.454+0000] {logging_mixin.py:188} INFO - [2026-09-22T17:09:07.454+0000] {dag.py:3089} INFO - Sync 1 DAGs
[2026-09-22T17:09:07.464+0000] {logging_mixin.py:188} INFO - [2026-09-22T17:09:07.464+0000] {dag.py:3947} INFO - Setting next_dagrun for example_local_kubernetes_executor to None, run_after=None
[2026-09-22T17:09:07.485+0000] {processor.py:183} INFO - Processing /home/airflow/.local/lib/python3.12/site-packages/airflow/example_dags/example_local_kubernetes_executor.py took 0.082 seconds
[2026-09-22T17:09:37.602+0000] {processor.py:161} INFO - Started process (PID=801) to work on /home/airflow/.local/lib/python3.12/site-packages/airflow/example_dags/example_local_kubernetes_executor.py
[2026-09-22T17:09:37.603+0000] {processor.py:830} INFO - Processing file /home/airflow/.local/lib/python3.12/site-packages/airflow/example_dags/example_local_kubernetes_executor.py for tasks to queue
[2026-09-22T17:09:37.605+0000] {logging_mixin.py:188} INFO - [2026-09-22T17:09:37.604+0000] {dagbag.py:545} INFO - Filling up the DagBag from /home/airflow/.local/lib/python3.12/site-packages/airflow/example_dags/example_local_kubernetes_executor.py
[2026-09-22T17:09:37.611+0000] {processor.py:840} INFO - DAG(s) 'example_local_kubernetes_executor' retrieved from /home/airflow/.local/lib/python3.12/site-packages/airflow/example_dags/example_local_kubernetes_executor.py
[2026-09-22T17:09:37.643+0000] {logging_mixin.py:188} INFO - [2026-09-22T17:09:37.643+0000] {dag.py:3089} INFO - Sync 1 DAGs
[2026-09-22T17:09:37.654+0000] {logging_mixin.py:188} INFO - [2026-09-22T17:09:37.654+0000] {dag.py:3947} INFO - Setting next_dagrun for example_local_kubernetes_executor to None, run_after=None
[2026-09-22T17:09:37.674+0000] {processor.py:183} INFO - Processing /home/airflow/.local/lib/python3.12/site-packages/airflow/example_dags/example_local_kubernetes_executor.py took 0.077 seconds
[2026-09-22T17:10:07.940+0000] {processor.py:161} INFO - Started process (PID=859) to work on /home/airflow/.local/lib/python3.12/site-packages/airflow/example_dags/example_local_kubernetes_executor.py
[2026-09-22T17:10:07.941+0000] {processor.py:830} INFO - Processing file /home/airflow/.local/lib/python3.12/site-packages/airflow/example_dags/example_local_kubernetes_executor.py for tasks to queue
[2026-09-22T17:10:07.943+0000] {logging_mixin.py:188} INFO - [2026-09-22T17:10:07.943+0000] {dagbag.py:545} INFO - Filling up the DagBag from /home/airflow/.local/lib/python3.12/site-packages/airflow/example_dags/example_local_kubernetes_executor.py
[2026-09-22T17:10:07.951+0000] {processor.py:840} INFO - DAG(s) 'example_local_kubernetes_executor' retrieved from /home/airflow/.local/lib/python3.12/site-packages/airflow/example_dags/example_local_kubernetes_executor.py
[2026-09-22T17:10:07.983+0000] {logging_mixin.py:188} INFO - [2026-09-22T17:10:07.982+0000] {dag.py:3089} INFO - Sync 1 DAGs
[2026-09-22T17:10:07.993+0000] {logging_mixin.py:188} INFO - [2026-09-22T17:10:07.993+0000] {dag.py:3947} INFO - Setting next_dagrun for example_local_kubernetes_executor to None, run_after=None
[2026-09-22T17:10:08.012+0000] {processor.py:183} INFO - Processing /home/airflow/.local/lib/python3.12/site-packages/airflow/example_dags/example_local_kubernetes_executor.py took 0.078 seconds
[2026-09-22T17:10:38.857+0000] {processor.py:161} INFO - Started process (PID=917) to work on /home/airflow/.local/lib/python3.12/site-packages/airflow/example_dags/example_local_kubernetes_executor.py
[2026-09-22T17:10:38.859+0000] {processor.py:830} INFO - Processing file /home/airflow/.local/lib/python3.12/site-packages/airflow/example_dags/example_local_kubernetes_executor.py for tasks to queue
[2026-09-22T17:10:38.861+0000] {logging_mixin.py:188} INFO - [2026-09-22T17:10:38.861+0000] {dagbag.py:545} INFO - Filling up the DagBag from /home/airflow/.local/lib/python3.12/site-packages/airflow/example_dags/example_local_kubernetes_executor.py
[2026-09-22T17:10:38.870+0000] {processor.py:840} INFO - DAG(s) 'example_local_kubernetes_executor' retrieved from /home/airflow/.local/lib/python3.12/site-packages/airflow/example_dags/example_local_kubernetes_executor.py
[2026-09-22T17:10:38.911+0000] {logging_mixin.py:188} INFO - [2026-09-22T17:10:38.910+0000] {dag.py:3089} INFO - Sync 1 DAGs
[2026-09-22T17:10:38.937+0000] {logging_mixin.py:188} INFO - [2026-09-22T17:10:38.936+0000] {dag.py:3947} INFO - Setting next_dagrun for example_local_kubernetes_executor to None, run_after=None
[2026-09-22T17:10:38.962+0000] {processor.py:183} INFO - Processing /home/airflow/.local/lib/python3.12/site-packages/airflow/example_dags/example_local_kubernetes_executor.py took 0.111 seconds
[2026-09-22T17:11:09.217+0000] {processor.py:161} INFO - Started process (PID=975) to work on /home/airflow/.local/lib/python3.12/site-packages/airflow/example_dags/example_local_kubernetes_executor.py
[2026-09-22T17:11:09.218+0000] {processor.py:830} INFO - Processing file /home/airflow/.local/lib/python3.12/site-packages/airflow/example_dags/example_local_kubernetes_executor.py for tasks to queue
[2026-09-22T17:11:09.220+0000] {logging_mixin.py:188} INFO - [2026-09-22T17:11:09.220+0000] {dagbag.py:545} INFO - Filling up the DagBag from /home/airflow/.local/lib/python3.12/site-packages/airflow/example_dags/example_local_kubernetes_executor.py
[2026-09-22T17:11:09.230+0000] {processor.py:840} INFO - DAG(s) 'example_local_kubernetes_executor' retrieved from /home/airflow/.local/lib/python3.12/site-packages/airflow/example_dags/example_local_kubernetes_executor.py
[2026-09-22T17:11:09.269+0000] {logging_mixin.py:188} INFO - [2026-09-22T17:11:09.269+0000] {dag.py:3089} INFO - Sync 1 DAGs
[2026-09-22T17:11:09.281+0000] {logging_mixin.py:188} INFO - [2026-09-22T17:11:09.280+0000] {dag.py:3947} INFO - Setting next_dagrun for example_local_kubernetes_executor to None, run_after=None
[2026-09-22T17:11:09.304+0000] {processor.py:183} INFO - Processing /home/airflow/.local/lib/python3.12/site-packages/airflow/example_dags/example_local_kubernetes_executor.py took 0.093 seconds
[2026-09-22T17:11:39.600+0000] {processor.py:161} INFO - Started process (PID=1033) to work on /home/airflow/.local/lib/python3.12/site-packages/airflow/example_dags/example_local_kubernetes_executor.py
[2026-09-22T17:11:39.601+0000] {processor.py:830} INFO - Processing file /home/airflow/.local/lib/python3.12/site-packages/airflow/example_dags/example_local_kubernetes_executor.py for tasks to queue
[2026-09-22T17:11:39.603+0000] {logging_mixin.py:188} INFO - [2026-09-22T17:11:39.603+0000] {dagbag.py:545} INFO - Filling up the DagBag from /home/airflow/.local/lib/python3.12/site-packages/airflow/example_dags/example_local_kubernetes_executor.py
[2026-09-22T17:11:39.611+0000] {processor.py:840} INFO - DAG(s) 'example_local_kubernetes_executor' retrieved from /home/airflow/.local/lib/python3.12/site-packages/airflow/example_dags/example_local_kubernetes_executor.py
[2026-09-22T17:11:39.642+0000] {logging_mixin.py:188} INFO - [2026-09-22T17:11:39.642+0000] {dag.py:3089} INFO - Sync 1 DAGs
[2026-09-22T17:11:39.655+0000] {logging_mixin.py:188} INFO - [2026-09-22T17:11:39.655+0000] {dag.py:3947} INFO - Setting next_dagrun for example_local_kubernetes_executor to None, run_after=None
[2026-09-22T17:11:39.680+0000] {processor.py:183} INFO - Processing /home/airflow/.local/lib/python3.12/site-packages/airflow/example_dags/example_local_kubernetes_executor.py took 0.087 seconds
[2026-09-22T17:12:09.816+0000] {processor.py:161} INFO - Started process (PID=1091) to work on /home/airflow/.local/lib/python3.12/site-packages/airflow/example_dags/example_local_kubernetes_executor.py
[2026-09-22T17:12:09.817+0000] {processor.py:830} INFO - Processing file /home/airflow/.local/lib/python3.12/site-packages/airflow/example_dags/example_local_kubernetes_executor.py for tasks to queue
[2026-09-22T17:12:09.819+0000] {logging_mixin.py:188} INFO - [2026-09-22T17:12:09.819+0000] {dagbag.py:545} INFO - Filling up the DagBag from /home/airflow/.local/lib/python3.12/site-packages/airflow/example_dags/example_local_kubernetes_executor.py
[2026-09-22T17:12:09.828+0000] {processor.py:840} INFO - DAG(s) 'example_local_kubernetes_executor' retrieved from /home/airflow/.local/lib/python3.12/site-packages/airflow/example_dags/example_local_kubernetes_executor.py
[2026-09-22T17:12:09.858+0000] {logging_mixin.py:188} INFO - [2026-09-22T17:12:09.857+0000] {dag.py:3089} INFO - Sync 1 DAGs
[2026-09-22T17:12:09.868+0000] {logging_mixin.py:188} INFO - [2026-09-22T17:12:09.868+0000] {dag.py:3947} INFO - Setting next_dagrun for example_local_kubernetes_executor to None, run_after=None
[2026-09-22T17:12:09.887+0000] {processor.py:183} INFO - Processing /home/airflow/.local/lib/python3.12/site-packages/airflow/example_dags/example_local_kubernetes_executor.py took 0.077 seconds
[2026-09-22T17:12:39.945+0000] {processor.py:161} INFO - Started process (PID=1149) to work on /home/airflow/.local/lib/python3.12/site-packages/airflow/example_dags/example_local_kubernetes_executor.py
[2026-09-22T17:12:39.946+0000] {processor.py:830} INFO - Processing file /home/airflow/.local/lib/python3.12/site-packages/airflow/example_dags/example_local_kubernetes_executor.py for tasks to queue
[2026-09-22T17:12:39.949+0000] {logging_mixin.py:188} INFO - [2026-09-22T17:12:39.949+0000] {dagbag.py:545} INFO - Filling up the DagBag from /home/airflow/.local/lib/python3.12/site-packages/airflow/example_dags/example_local_kubernetes_executor.py
[2026-09-22T17:12:39.956+0000] {processor.py:840} INFO - DAG(s) 'example_local_kubernetes_executor' retrieved from /home/airflow/.local/lib/python3.12/site-packages/airflow/example_dags/example_local_kubernetes_executor.py
[2026-09-22T17:12:39.989+0000] {logging_mixin.py:188} INFO - [2026-09-22T17:12:39.988+0000] {dag.py:3089} INFO - Sync 1 DAGs
[2026-09-22T17:12:40.006+0000] {logging_mixin.py:188} INFO - [2026-09-22T17:12:40.005+0000] {dag.py:3947} INFO - Setting next_dagrun for example_local_kubernetes_executor to None, run_after=None
[2026-09-22T17:12:40.034+0000] {processor.py:183} INFO - Processing /home/airflow/.local/lib/python3.12/site-packages/airflow/example_dags/example_local_kubernetes_executor.py took 0.094 seconds
[2026-09-22T17:13:10.389+0000] {processor.py:161} INFO - Started process (PID=1207) to work on /home/airflow/.local/lib/python3.12/site-packages/airflow/example_dags/example_local_kubernetes_executor.py
[2026-09-22T17:13:10.390+0000] {processor.py:830} INFO - Processing file /home/airflow/.local/lib/python3.12/site-packages/airflow/example_dags/example_local_kubernetes_executor.py for tasks to queue
[2026-09-22T17:13:10.392+0000] {logging_mixin.py:188} INFO - [2026-09-22T17:13:10.392+0000] {dagbag.py:545} INFO - Filling up the DagBag from /home/airflow/.local/lib/python3.12/site-packages/airflow/example_dags/example_local_kubernetes_executor.py
[2026-09-22T17:13:10.401+0000] {processor.py:840} INFO - DAG(s) 'example_local_kubernetes_executor' retrieved from /home/airflow/.local/lib/python3.12/site-packages/airflow/example_dags/example_local_kubernetes_executor.py
[2026-09-22T17:13:10.434+0000] {logging_mixin.py:188} INFO - [2026-09-22T17:13:10.434+0000] {dag.py:3089} INFO - Sync 1 DAGs
[2026-09-22T17:13:10.446+0000] {logging_mixin.py:188} INFO - [2026-09-22T17:13:10.446+0000] {dag.py:3947} INFO - Setting next_dagrun for example_local_kubernetes_executor to None, run_after=None
[2026-09-22T17:13:10.474+0000] {processor.py:183} INFO - Processing /home/airflow/.local/lib/python3.12/site-packages/airflow/example_dags/example_local_kubernetes_executor.py took 0.092 seconds
