[2026-09-22T16:19:34.159+0000] {processor.py:161} INFO - Started process (PID=102) to work on /home/airflow/.local/lib/python3.12/site-packages/airflow/example_dags/example_time_delta_sensor_async.py
[2026-09-22T16:19:34.161+0000] {processor.py:830} INFO - Processing file /home/airflow/.local/lib/python3.12/site-packages/airflow/example_dags/example_time_delta_sensor_async.py for tasks to queue
[2026-09-22T16:19:34.166+0000] {logging_mixin.py:188} INFO - [2026-09-22T16:19:34.165+0000] {dagbag.py:545} INFO - Filling up the DagBag from /home/airflow/.local/lib/python3.12/site-packages/airflow/example_dags/example_time_delta_sensor_async.py
[2026-09-22T16:19:34.174+0000] {processor.py:840} INFO - DAG(s) 'example_time_delta_sensor_async' retrieved from /home/airflow/.local/lib/python3.12/site-packages/airflow/example_dags/example_time_delta_sensor_async.py
[2026-09-22T16:19:34.340+0000] {logging_mixin.py:188} INFO - [2026-09-22T16:19:34.340+0000] {dag.py:3089} INFO - Sync 1 DAGs
[2026-09-22T16:19:34.355+0000] {logging_mixin.py:188} INFO - [2026-09-22T16:19:34.355+0000] {dag.py:3947} INFO - Setting next_dagrun for example_time_delta_sensor_async to None, run_after=None
[2026-09-22T16:19:34.397+0000] {processor.py:183} INFO - Processing /home/airflow/.local/lib/python3.12/site-packages/airflow/example_dags/example_time_delta_sensor_async.py took 0.247 seconds
[2026-09-22T16:20:05.311+0000] {processor.py:161} INFO - Started process (PID=160) to work on /home/airflow/.local/lib/python3.12/site-packages/airflow/example_dags/example_time_delta_sensor_async.py
[2026-09-22T16:20:05.313+0000] {processor.py:830} INFO - Processing file /home/airflow/.local/lib/python3.12/site-packages/airflow/example_dags/example_time_delta_sensor_async.py for tasks to queue
[2026-09-22T16:20:05.315+0000] {logging_mixin.py:188} INFO - [2026-09-22T16:20:05.315+0000] {dagbag.py:545} INFO - Filling up the DagBag from /home/airflow/.local/lib/python3.12/site-packages/airflow/example_dags/example_time_delta_sensor_async.py
[2026-09-22T16:20:05.321+0000] {processor.py:840} INFO - DAG(s) 'example_time_delta_sensor_async' retrieved from /home/airflow/.local/lib/python3.12/site-packages/airflow/example_dags/example_time_delta_sensor_async.py
[2026-09-22T16:20:05.350+0000] {logging_mixin.py:188} INFO - [2026-09-22T16:20:05.349+0000] {dag.py:3089} INFO - Sync 1 DAGs
[2026-09-22T16:20:05.366+0000] {logging_mixin.py:188} INFO - [2026-09-22T16:20:05.366+0000] {dag.py:3947} INFO - Setting next_dagrun for example_time_delta_sensor_async to None, run_after=None
[2026-09-22T16:20:05.390+0000] {processor.py:183} INFO - Processing /home/airflow/.local/lib/python3.12/site-packages/airflow/example_dags/example_time_delta_sensor_async.py took 0.085 seconds
[2026-09-22T16:20:36.068+0000] {processor.py:161} INFO - Started process (PID=217) to work on /home/airflow/.local/lib/python3.12/site-packages/airflow/example_dags/example_time_delta_sensor_async.py
[2026-09-22T16:20:36.071+0000] {processor.py:830} INFO - Processing file /home/airflow/.local/lib/python3.12/site-packages/airflow/example_dags/example_time_delta_sensor_async.py for tasks to queue
[2026-09-22T16:20:36.077+0000] {logging_mixin.py:188} INFO - [2026-09-22T16:20:36.077+0000] {dagbag.py:545} INFO - Filling up the DagBag from /home/airflow/.local/lib/python3.12/site-packages/airflow/example_dags/example_time_delta_sensor_async.py
[2026-09-22T16:20:36.084+0000] {processor.py:840} INFO - DAG(s) 'example_time_delta_sensor_async' retrieved from /home/airflow/.local/lib/python3.12/site-packages/airflow/example_dags/example_time_delta_sensor_async.py
[2026-09-22T16:20:36.117+0000] {logging_mixin.py:188} INFO - [2026-09-22T16:20:36.117+0000] {dag.py:3089} INFO - Sync 1 DAGs
[2026-09-22T16:20:36.142+0000] {logging_mixin.py:188} INFO - [2026-09-22T16:20:36.142+0000] {dag.py:3947} INFO - Setting next_dagrun for example_time_delta_sensor_async to None, run_after=None
[2026-09-22T16:20:36.224+0000] {processor.py:183} INFO - Processing /home/airflow/.local/lib/python3.12/site-packages/airflow/example_dags/example_time_delta_sensor_async.py took 0.171 seconds
[2026-09-22T16:21:06.508+0000] {processor.py:161} INFO - Started process (PID=275) to work on /home/airflow/.local/lib/python3.12/site-packages/airflow/example_dags/example_time_delta_sensor_async.py
[2026-09-22T16:21:06.511+0000] {processor.py:830} INFO - Processing file /home/airflow/.local/lib/python3.12/site-packages/airflow/example_dags/example_time_delta_sensor_async.py for tasks to queue
[2026-09-22T16:21:06.517+0000] {logging_mixin.py:188} INFO - [2026-09-22T16:21:06.516+0000] {dagbag.py:545} INFO - Filling up the DagBag from /home/airflow/.local/lib/python3.12/site-packages/airflow/example_dags/example_time_delta_sensor_async.py
[2026-09-22T16:21:06.527+0000] {processor.py:840} INFO - DAG(s) 'example_time_delta_sensor_async' retrieved from /home/airflow/.local/lib/python3.12/site-packages/airflow/example_dags/example_time_delta_sensor_async.py
[2026-09-22T16:21:06.576+0000] {logging_mixin.py:188} INFO - [2026-09-22T16:21:06.575+0000] {dag.py:3089} INFO - Sync 1 DAGs
[2026-09-22T16:21:06.598+0000] {logging_mixin.py:188} INFO - [2026-09-22T16:21:06.597+0000] {dag.py:3947} INFO - Setting next_dagrun for example_time_delta_sensor_async to None, run_after=None
[2026-09-22T16:21:06.687+0000] {processor.py:183} INFO - Processing /home/airflow/.local/lib/python3.12/site-packages/airflow/example_dags/example_time_delta_sensor_async.py took 0.189 seconds
[2026-09-22T16:21:37.419+0000] {processor.py:161} INFO - Started process (PID=333) to work on /home/airflow/.local/lib/python3.12/site-packages/airflow/example_dags/example_time_delta_sensor_async.py
[2026-09-22T16:21:37.420+0000] {processor.py:830} INFO - Processing file /home/airflow/.local/lib/python3.12/site-packages/airflow/example_dags/example_time_delta_sensor_async.py for tasks to queue
[2026-09-22T16:21:37.424+0000] {logging_mixin.py:188} INFO - [2026-09-22T16:21:37.423+0000] {dagbag.py:545} INFO - Filling up the DagBag from /home/airflow/.local/lib/python3.12/site-packages/airflow/example_dags/example_time_delta_sensor_async.py
[2026-09-22T16:21:37.431+0000] {processor.py:840} INFO - DAG(s) 'example_time_delta_sensor_async' retrieved from /home/airflow/.local/lib/python3.12/site-packages/airflow/example_dags/example_time_delta_sensor_async.py
[2026-09-22T16:21:37.463+0000] {logging_mixin.py:188} INFO - [2026-09-22T16:21:37.462+0000] {dag.py:3089} INFO - Sync 1 DAGs
[2026-09-22T16:21:37.488+0000] {logging_mixin.py:188} INFO - [2026-09-22T16:21:37.487+0000] {dag.py:3947} INFO - Setting next_dagrun for example_time_delta_sensor_async to None, run_after=None
[2026-09-22T16:21:37.534+0000] {processor.py:183} INFO - Processing /home/airflow/.local/lib/python3.12/site-packages/airflow/example_dags/example_time_delta_sensor_async.py took 0.129 seconds
[2026-09-22T16:22:07.962+0000] {processor.py:161} INFO - Started process (PID=391) to work on /home/airflow/.local/lib/python3.12/site-packages/airflow/example_dags/example_time_delta_sensor_async.py
[2026-09-22T16:22:07.964+0000] {processor.py:830} INFO - Processing file /home/airflow/.local/lib/python3.12/site-packages/airflow/example_dags/example_time_delta_sensor_async.py for tasks to queue
[2026-09-22T16:22:07.967+0000] {logging_mixin.py:188} INFO - [2026-09-22T16:22:07.967+0000] {dagbag.py:545} INFO - Filling up the DagBag from /home/airflow/.local/lib/python3.12/site-packages/airflow/example_dags/example_time_delta_sensor_async.py
[2026-09-22T16:22:07.974+0000] {processor.py:840} INFO - DAG(s) 'example_time_delta_sensor_async' retrieved from /home/airflow/.local/lib/python3.12/site-packages/airflow/example_dags/example_time_delta_sensor_async.py
[2026-09-22T16:22:08.013+0000] {logging_mixin.py:188} INFO - [2026-09-22T16:22:08.013+0000] {dag.py:3089} INFO - Sync 1 DAGs
[2026-09-22T16:22:08.039+0000] {logging_mixin.py:188} INFO - [2026-09-22T16:22:08.039+0000] {dag.py:3947} INFO - Setting next_dagrun for example_time_delta_sensor_async to None, run_after=None
[2026-09-22T16:22:08.128+0000] {processor.py:183} INFO - Processing /home/airflow/.local/lib/python3.12/site-packages/airflow/example_dags/example_time_delta_sensor_async.py took 0.177 seconds
[2026-09-22T16:22:38.317+0000] {processor.py:161} INFO - Started process (PID=449) to work on /home/airflow/.local/lib/python3.12/site-packages/airflow/example_dags/example_time_delta_sensor_async.py
[2026-09-22T16:22:38.320+0000] {processor.py:830} INFO - Processing file /home/airflow/.local/lib/python3.12/site-packages/airflow/example_dags/example_time_delta_sensor_async.py for tasks to queue
[2026-09-22T16:22:38.325+0000] {logging_mixin.py:188} INFO - [2026-09-22T16:22:38.324+0000] {dagbag.py:545} INFO - Filling up the DagBag from /home/airflow/.local/lib/python3.12/site-packages/airflow/example_dags/example_time_delta_sensor_async.py
[2026-09-22T16:22:38.333+0000] {processor.py:840} INFO - DAG(s) 'example_time_delta_sensor_async' retrieved from /home/airflow/.local/lib/python3.12/site-packages/airflow/example_dags/example_time_delta_sensor_async.py
[2026-09-22T16:22:38.367+0000] {logging_mixin.py:188} INFO - [2026-09-22T16:22:38.367+0000] {dag.py:3089} INFO - Sync 1 DAGs
[2026-09-22T16:22:38.391+0000] {logging_mixin.py:188} INFO - [2026-09-22T16:22:38.390+0000] {dag.py:3947} INFO - Setting next_dagrun for example_time_delta_sensor_async to None, run_after=None
[2026-09-22T16:22:38.432+0000] {processor.py:183} INFO - Processing /home/airflow/.local/lib/python3.12/site-packages/airflow/example_dags/example_time_delta_sensor_async.py took 0.123 seconds
[2026-09-22T16:23:08.968+0000] {processor.py:161} INFO - Started process (PID=507) to work on /home/airflow/.local/lib/python3.12/site-packages/airflow/example_dags/example_time_delta_sensor_async.py
[2026-09-22T16:23:08.970+0000] {processor.py:830} INFO - Processing file /home/airflow/.local/lib/python3.12/site-packages/airflow/example_dags/example_time_delta_sensor_async.py for tasks to queue
[2026-09-22T16:23:08.973+0000] {logging_mixin.py:188} INFO - [2026-09-22T16:23:08.972+0000] {dagbag.py:545} INFO - Filling up the DagBag from /home/airflow/.local/lib/python3.12/site-packages/airflow/example_dags/example_time_delta_sensor_async.py
[2026-09-22T16:23:08.979+0000] {processor.py:840} INFO - DAG(s) 'example_time_delta_sensor_async' retrieved from /home/airflow/.local/lib/python3.12/site-packages/airflow/example_dags/example_time_delta_sensor_async.py
[2026-09-22T16:23:09.008+0000] {logging_mixin.py:188} INFO - [2026-09-22T16:23:09.008+0000] {dag.py:3089} INFO - Sync 1 DAGs
[2026-09-22T16:23:09.027+0000] {logging_mixin.py:188} INFO - [2026-09-22T16:23:09.026+0000] {dag.py:3947} INFO - Setting next_dagrun for example_time_delta_sensor_async to None, run_after=None
[2026-09-22T16:23:09.057+0000] {processor.py:183} INFO - Processing /home/airflow/.local/lib/python3.12/site-packages/airflow/example_dags/example_time_delta_sensor_async.py took 0.097 seconds
[2026-09-22T16:23:39.384+0000] {processor.py:161} INFO - Started process (PID=565) to work on /home/airflow/.local/lib/python3.12/site-packages/airflow/example_dags/example_time_delta_sensor_async.py
[2026-09-22T16:23:39.387+0000] {processor.py:830} INFO - Processing file /home/airflow/.local/lib/python3.12/site-packages/airflow/example_dags/example_time_delta_sensor_async.py for tasks to queue
[2026-09-22T16:23:39.390+0000] {logging_mixin.py:188} INFO - [2026-09-22T16:23:39.390+0000] {dagbag.py:545} INFO - Filling up the DagBag from /home/airflow/.local/lib/python3.12/site-packages/airflow/example_dags/example_time_delta_sensor_async.py
[2026-09-22T16:23:39.398+0000] {processor.py:840} INFO - DAG(s) 'example_time_delta_sensor_async' retrieved from /home/airflow/.local/lib/python3.12/site-packages/airflow/example_dags/example_time_delta_sensor_async.py
[2026-09-22T16:23:39.430+0000] {logging_mixin.py:188} INFO - [2026-09-22T16:23:39.429+0000] {dag.py:3089} INFO - Sync 1 DAGs
[2026-09-22T16:23:39.447+0000] {logging_mixin.py:188} INFO - [2026-09-22T16:23:39.446+0000] {dag.py:3947} INFO - Setting next_dagrun for example_time_delta_sensor_async to None, run_after=None
[2026-09-22T16:23:39.476+0000] {processor.py:183} INFO - Processing /home/airflow/.local/lib/python3.12/site-packages/airflow/example_dags/example_time_delta_sensor_async.py took 0.100 seconds
[2026-09-22T16:24:09.621+0000] {processor.py:161} INFO - Started process (PID=623) to work on /home/airflow/.local/lib/python3.12/site-packages/airflow/example_dags/example_time_delta_sensor_async.py
[2026-09-22T16:24:09.623+0000] {processor.py:830} INFO - Processing file /home/airflow/.local/lib/python3.12/site-packages/airflow/example_dags/example_time_delta_sensor_async.py for tasks to queue
[2026-09-22T16:24:09.627+0000] {logging_mixin.py:188} INFO - [2026-09-22T16:24:09.626+0000] {dagbag.py:545} INFO - Filling up the DagBag from /home/airflow/.local/lib/python3.12/site-packages/airflow/example_dags/example_time_delta_sensor_async.py
[2026-09-22T16:24:09.635+0000] {processor.py:840} INFO - DAG(s) 'example_time_delta_sensor_async' retrieved from /home/airflow/.local/lib/python3.12/site-packages/airflow/example_dags/example_time_delta_sensor_async.py
[2026-09-22T16:24:09.672+0000] {logging_mixin.py:188} INFO - [2026-09-22T16:24:09.672+0000] {dag.py:3089} INFO - Sync 1 DAGs
[2026-09-22T16:24:09.696+0000] {logging_mixin.py:188} INFO - [2026-09-22T16:24:09.695+0000] {dag.py:3947} INFO - Setting next_dagrun for example_time_delta_sensor_async to None, run_after=None
[2026-09-22T16:24:09.778+0000] {processor.py:183} INFO - Processing /home/airflow/.local/lib/python3.12/site-packages/airflow/example_dags/example_time_delta_sensor_async.py took 0.168 seconds
[2026-09-22T16:24:40.197+0000] {processor.py:161} INFO - Started process (PID=681) to work on /home/airflow/.local/lib/python3.12/site-packages/airflow/example_dags/example_time_delta_sensor_async.py
[2026-09-22T16:24:40.199+0000] {processor.py:830} INFO - Processing file /home/airflow/.local/lib/python3.12/site-packages/airflow/example_dags/example_time_delta_sensor_async.py for tasks to queue
[2026-09-22T16:24:40.203+0000] {logging_mixin.py:188} INFO - [2026-09-22T16:24:40.202+0000] {dagbag.py:545} INFO - Filling up the DagBag from /home/airflow/.local/lib/python3.12/site-packages/airflow/example_dags/example_time_delta_sensor_async.py
[2026-09-22T16:24:40.212+0000] {processor.py:840} INFO - DAG(s) 'example_time_delta_sensor_async' retrieved from /home/airflow/.local/lib/python3.12/site-packages/airflow/example_dags/example_time_delta_sensor_async.py
[2026-09-22T16:24:40.255+0000] {logging_mixin.py:188} INFO - [2026-09-22T16:24:40.255+0000] {dag.py:3089} INFO - Sync 1 DAGs
[2026-09-22T16:24:40.282+0000] {logging_mixin.py:188} INFO - [2026-09-22T16:24:40.282+0000] {dag.py:3947} INFO - Setting next_dagrun for example_time_delta_sensor_async to None, run_after=None
[2026-09-22T16:24:40.336+0000] {processor.py:183} INFO - Processing /home/airflow/.local/lib/python3.12/site-packages/airflow/example_dags/example_time_delta_sensor_async.py took 0.149 seconds
[2026-09-22T16:25:10.483+0000] {processor.py:161} INFO - Started process (PID=739) to work on /home/airflow/.local/lib/python3.12/site-packages/airflow/example_dags/example_time_delta_sensor_async.py
[2026-09-22T16:25:10.484+0000] {processor.py:830} INFO - Processing file /home/airflow/.local/lib/python3.12/site-packages/airflow/example_dags/example_time_delta_sensor_async.py for tasks to queue
[2026-09-22T16:25:10.487+0000] {logging_mixin.py:188} INFO - [2026-09-22T16:25:10.487+0000] {dagbag.py:545} INFO - Filling up the DagBag from /home/airflow/.local/lib/python3.12/site-packages/airflow/example_dags/example_time_delta_sensor_async.py
[2026-09-22T16:25:10.493+0000] {processor.py:840} INFO - DAG(s) 'example_time_delta_sensor_async' retrieved from /home/airflow/.local/lib/python3.12/site-packages/airflow/example_dags/example_time_delta_sensor_async.py
[2026-09-22T16:25:10.519+0000] {logging_mixin.py:188} INFO - [2026-09-22T16:25:10.519+0000] {dag.py:3089} INFO - Sync 1 DAGs
[2026-09-22T16:25:10.537+0000] {logging_mixin.py:188} INFO - [2026-09-22T16:25:10.537+0000] {dag.py:3947} INFO - Setting next_dagrun for example_time_delta_sensor_async to None, run_after=None
[2026-09-22T16:25:10.624+0000] {processor.py:183} INFO - Processing /home/airflow/.local/lib/python3.12/site-packages/airflow/example_dags/example_time_delta_sensor_async.py took 0.149 seconds
[2026-09-22T16:25:40.965+0000] {processor.py:161} INFO - Started process (PID=797) to work on /home/airflow/.local/lib/python3.12/site-packages/airflow/example_dags/example_time_delta_sensor_async.py
[2026-09-22T16:25:40.967+0000] {processor.py:830} INFO - Processing file /home/airflow/.local/lib/python3.12/site-packages/airflow/example_dags/example_time_delta_sensor_async.py for tasks to queue
[2026-09-22T16:25:40.970+0000] {logging_mixin.py:188} INFO - [2026-09-22T16:25:40.970+0000] {dagbag.py:545} INFO - Filling up the DagBag from /home/airflow/.local/lib/python3.12/site-packages/airflow/example_dags/example_time_delta_sensor_async.py
[2026-09-22T16:25:40.978+0000] {processor.py:840} INFO - DAG(s) 'example_time_delta_sensor_async' retrieved from /home/airflow/.local/lib/python3.12/site-packages/airflow/example_dags/example_time_delta_sensor_async.py
[2026-09-22T16:25:41.021+0000] {logging_mixin.py:188} INFO - [2026-09-22T16:25:41.021+0000] {dag.py:3089} INFO - Sync 1 DAGs
[2026-09-22T16:25:41.043+0000] {logging_mixin.py:188} INFO - [2026-09-22T16:25:41.043+0000] {dag.py:3947} INFO - Setting next_dagrun for example_time_delta_sensor_async to None, run_after=None
[2026-09-22T16:25:41.098+0000] {processor.py:183} INFO - Processing /home/airflow/.local/lib/python3.12/site-packages/airflow/example_dags/example_time_delta_sensor_async.py took 0.141 seconds
[2026-09-22T16:26:11.896+0000] {processor.py:161} INFO - Started process (PID=855) to work on /home/airflow/.local/lib/python3.12/site-packages/airflow/example_dags/example_time_delta_sensor_async.py
[2026-09-22T16:26:11.897+0000] {processor.py:830} INFO - Processing file /home/airflow/.local/lib/python3.12/site-packages/airflow/example_dags/example_time_delta_sensor_async.py for tasks to queue
[2026-09-22T16:26:11.900+0000] {logging_mixin.py:188} INFO - [2026-09-22T16:26:11.900+0000] {dagbag.py:545} INFO - Filling up the DagBag from /home/airflow/.local/lib/python3.12/site-packages/airflow/example_dags/example_time_delta_sensor_async.py
[2026-09-22T16:26:11.908+0000] {processor.py:840} INFO - DAG(s) 'example_time_delta_sensor_async' retrieved from /home/airflow/.local/lib/python3.12/site-packages/airflow/example_dags/example_time_delta_sensor_async.py
[2026-09-22T16:26:11.940+0000] {logging_mixin.py:188} INFO - [2026-09-22T16:26:11.940+0000] {dag.py:3089} INFO - Sync 1 DAGs
[2026-09-22T16:26:11.962+0000] {logging_mixin.py:188} INFO - [2026-09-22T16:26:11.961+0000] {dag.py:3947} INFO - Setting next_dagrun for example_time_delta_sensor_async to None, run_after=None
[2026-09-22T16:26:12.055+0000] {processor.py:183} INFO - Processing /home/airflow/.local/lib/python3.12/site-packages/airflow/example_dags/example_time_delta_sensor_async.py took 0.167 seconds
[2026-09-22T16:26:43.088+0000] {processor.py:161} INFO - Started process (PID=913) to work on /home/airflow/.local/lib/python3.12/site-packages/airflow/example_dags/example_time_delta_sensor_async.py
[2026-09-22T16:26:43.089+0000] {processor.py:830} INFO - Processing file /home/airflow/.local/lib/python3.12/site-packages/airflow/example_dags/example_time_delta_sensor_async.py for tasks to queue
[2026-09-22T16:26:43.092+0000] {logging_mixin.py:188} INFO - [2026-09-22T16:26:43.091+0000] {dagbag.py:545} INFO - Filling up the DagBag from /home/airflow/.local/lib/python3.12/site-packages/airflow/example_dags/example_time_delta_sensor_async.py
[2026-09-22T16:26:43.099+0000] {processor.py:840} INFO - DAG(s) 'example_time_delta_sensor_async' retrieved from /home/airflow/.local/lib/python3.12/site-packages/airflow/example_dags/example_time_delta_sensor_async.py
[2026-09-22T16:26:43.128+0000] {logging_mixin.py:188} INFO - [2026-09-22T16:26:43.127+0000] {dag.py:3089} INFO - Sync 1 DAGs
[2026-09-22T16:26:43.143+0000] {logging_mixin.py:188} INFO - [2026-09-22T16:26:43.143+0000] {dag.py:3947} INFO - Setting next_dagrun for example_time_delta_sensor_async to None, run_after=None
[2026-09-22T16:26:43.174+0000] {processor.py:183} INFO - Processing /home/airflow/.local/lib/python3.12/site-packages/airflow/example_dags/example_time_delta_sensor_async.py took 0.095 seconds
[2026-09-22T16:27:13.439+0000] {processor.py:161} INFO - Started process (PID=971) to work on /home/airflow/.local/lib/python3.12/site-packages/airflow/example_dags/example_time_delta_sensor_async.py
[2026-09-22T16:27:13.441+0000] {processor.py:830} INFO - Processing file /home/airflow/.local/lib/python3.12/site-packages/airflow/example_dags/example_time_delta_sensor_async.py for tasks to queue
[2026-09-22T16:27:13.444+0000] {logging_mixin.py:188} INFO - [2026-09-22T16:27:13.444+0000] {dagbag.py:545} INFO - Filling up the DagBag from /home/airflow/.local/lib/python3.12/site-packages/airflow/example_dags/example_time_delta_sensor_async.py
[2026-09-22T16:27:13.455+0000] {processor.py:840} INFO - DAG(s) 'example_time_delta_sensor_async' retrieved from /home/airflow/.local/lib/python3.12/site-packages/airflow/example_dags/example_time_delta_sensor_async.py
[2026-09-22T16:27:13.492+0000] {logging_mixin.py:188} INFO - [2026-09-22T16:27:13.491+0000] {dag.py:3089} INFO - Sync 1 DAGs
[2026-09-22T16:27:13.512+0000] {logging_mixin.py:188} INFO - [2026-09-22T16:27:13.512+0000] {dag.py:3947} INFO - Setting next_dagrun for example_time_delta_sensor_async to None, run_after=None
[2026-09-22T16:27:13.598+0000] {processor.py:183} INFO - Processing /home/airflow/.local/lib/python3.12/site-packages/airflow/example_dags/example_time_delta_sensor_async.py took 0.169 seconds
[2026-09-22T16:27:43.744+0000] {processor.py:161} INFO - Started process (PID=1029) to work on /home/airflow/.local/lib/python3.12/site-packages/airflow/example_dags/example_time_delta_sensor_async.py
[2026-09-22T16:27:43.746+0000] {processor.py:830} INFO - Processing file /home/airflow/.local/lib/python3.12/site-packages/airflow/example_dags/example_time_delta_sensor_async.py for tasks to queue
[2026-09-22T16:27:43.748+0000] {logging_mixin.py:188} INFO - [2026-09-22T16:27:43.748+0000] {dagbag.py:545} INFO - Filling up the DagBag from /home/airflow/.local/lib/python3.12/site-packages/airflow/example_dags/example_time_delta_sensor_async.py
[2026-09-22T16:27:43.755+0000] {processor.py:840} INFO - DAG(s) 'example_time_delta_sensor_async' retrieved from /home/airflow/.local/lib/python3.12/site-packages/airflow/example_dags/example_time_delta_sensor_async.py
[2026-09-22T16:27:43.780+0000] {logging_mixin.py:188} INFO - [2026-09-22T16:27:43.779+0000] {dag.py:3089} INFO - Sync 1 DAGs
[2026-09-22T16:27:43.797+0000] {logging_mixin.py:188} INFO - [2026-09-22T16:27:43.796+0000] {dag.py:3947} INFO - Setting next_dagrun for example_time_delta_sensor_async to None, run_after=None
[2026-09-22T16:27:43.883+0000] {processor.py:183} INFO - Processing /home/airflow/.local/lib/python3.12/site-packages/airflow/example_dags/example_time_delta_sensor_async.py took 0.146 seconds
[2026-09-22T16:28:13.938+0000] {processor.py:161} INFO - Started process (PID=1087) to work on /home/airflow/.local/lib/python3.12/site-packages/airflow/example_dags/example_time_delta_sensor_async.py
[2026-09-22T16:28:13.940+0000] {processor.py:830} INFO - Processing file /home/airflow/.local/lib/python3.12/site-packages/airflow/example_dags/example_time_delta_sensor_async.py for tasks to queue
[2026-09-22T16:28:13.943+0000] {logging_mixin.py:188} INFO - [2026-09-22T16:28:13.943+0000] {dagbag.py:545} INFO - Filling up the DagBag from /home/airflow/.local/lib/python3.12/site-packages/airflow/example_dags/example_time_delta_sensor_async.py
[2026-09-22T16:28:13.949+0000] {processor.py:840} INFO - DAG(s) 'example_time_delta_sensor_async' retrieved from /home/airflow/.local/lib/python3.12/site-packages/airflow/example_dags/example_time_delta_sensor_async.py
[2026-09-22T16:28:13.981+0000] {logging_mixin.py:188} INFO - [2026-09-22T16:28:13.981+0000] {dag.py:3089} INFO - Sync 1 DAGs
[2026-09-22T16:28:14.003+0000] {logging_mixin.py:188} INFO - [2026-09-22T16:28:14.003+0000] {dag.py:3947} INFO - Setting next_dagrun for example_time_delta_sensor_async to None, run_after=None
[2026-09-22T16:28:14.099+0000] {processor.py:183} INFO - Processing /home/airflow/.local/lib/python3.12/site-packages/airflow/example_dags/example_time_delta_sensor_async.py took 0.169 seconds
[2026-09-22T16:28:44.187+0000] {processor.py:161} INFO - Started process (PID=1145) to work on /home/airflow/.local/lib/python3.12/site-packages/airflow/example_dags/example_time_delta_sensor_async.py
[2026-09-22T16:28:44.189+0000] {processor.py:830} INFO - Processing file /home/airflow/.local/lib/python3.12/site-packages/airflow/example_dags/example_time_delta_sensor_async.py for tasks to queue
[2026-09-22T16:28:44.193+0000] {logging_mixin.py:188} INFO - [2026-09-22T16:28:44.192+0000] {dagbag.py:545} INFO - Filling up the DagBag from /home/airflow/.local/lib/python3.12/site-packages/airflow/example_dags/example_time_delta_sensor_async.py
[2026-09-22T16:28:44.200+0000] {processor.py:840} INFO - DAG(s) 'example_time_delta_sensor_async' retrieved from /home/airflow/.local/lib/python3.12/site-packages/airflow/example_dags/example_time_delta_sensor_async.py
[2026-09-22T16:28:44.231+0000] {logging_mixin.py:188} INFO - [2026-09-22T16:28:44.231+0000] {dag.py:3089} INFO - Sync 1 DAGs
[2026-09-22T16:28:44.245+0000] {logging_mixin.py:188} INFO - [2026-09-22T16:28:44.245+0000] {dag.py:3947} INFO - Setting next_dagrun for example_time_delta_sensor_async to None, run_after=None
[2026-09-22T16:28:44.330+0000] {processor.py:183} INFO - Processing /home/airflow/.local/lib/python3.12/site-packages/airflow/example_dags/example_time_delta_sensor_async.py took 0.152 seconds
[2026-09-22T16:29:14.701+0000] {processor.py:161} INFO - Started process (PID=1203) to work on /home/airflow/.local/lib/python3.12/site-packages/airflow/example_dags/example_time_delta_sensor_async.py
[2026-09-22T16:29:14.703+0000] {processor.py:830} INFO - Processing file /home/airflow/.local/lib/python3.12/site-packages/airflow/example_dags/example_time_delta_sensor_async.py for tasks to queue
[2026-09-22T16:29:14.706+0000] {logging_mixin.py:188} INFO - [2026-09-22T16:29:14.705+0000] {dagbag.py:545} INFO - Filling up the DagBag from /home/airflow/.local/lib/python3.12/site-packages/airflow/example_dags/example_time_delta_sensor_async.py
[2026-09-22T16:29:14.713+0000] {processor.py:840} INFO - DAG(s) 'example_time_delta_sensor_async' retrieved from /home/airflow/.local/lib/python3.12/site-packages/airflow/example_dags/example_time_delta_sensor_async.py
[2026-09-22T16:29:14.742+0000] {logging_mixin.py:188} INFO - [2026-09-22T16:29:14.742+0000] {dag.py:3089} INFO - Sync 1 DAGs
[2026-09-22T16:29:14.762+0000] {logging_mixin.py:188} INFO - [2026-09-22T16:29:14.762+0000] {dag.py:3947} INFO - Setting next_dagrun for example_time_delta_sensor_async to None, run_after=None
[2026-09-22T16:29:14.792+0000] {processor.py:183} INFO - Processing /home/airflow/.local/lib/python3.12/site-packages/airflow/example_dags/example_time_delta_sensor_async.py took 0.099 seconds
[2026-09-22T16:29:45.383+0000] {processor.py:161} INFO - Started process (PID=1260) to work on /home/airflow/.local/lib/python3.12/site-packages/airflow/example_dags/example_time_delta_sensor_async.py
[2026-09-22T16:29:45.385+0000] {processor.py:830} INFO - Processing file /home/airflow/.local/lib/python3.12/site-packages/airflow/example_dags/example_time_delta_sensor_async.py for tasks to queue
[2026-09-22T16:29:45.387+0000] {logging_mixin.py:188} INFO - [2026-09-22T16:29:45.387+0000] {dagbag.py:545} INFO - Filling up the DagBag from /home/airflow/.local/lib/python3.12/site-packages/airflow/example_dags/example_time_delta_sensor_async.py
[2026-09-22T16:29:45.393+0000] {processor.py:840} INFO - DAG(s) 'example_time_delta_sensor_async' retrieved from /home/airflow/.local/lib/python3.12/site-packages/airflow/example_dags/example_time_delta_sensor_async.py
[2026-09-22T16:29:45.420+0000] {logging_mixin.py:188} INFO - [2026-09-22T16:29:45.419+0000] {dag.py:3089} INFO - Sync 1 DAGs
[2026-09-22T16:29:45.439+0000] {logging_mixin.py:188} INFO - [2026-09-22T16:29:45.439+0000] {dag.py:3947} INFO - Setting next_dagrun for example_time_delta_sensor_async to None, run_after=None
[2026-09-22T16:29:45.465+0000] {processor.py:183} INFO - Processing /home/airflow/.local/lib/python3.12/site-packages/airflow/example_dags/example_time_delta_sensor_async.py took 0.091 seconds
[2026-09-22T16:30:15.609+0000] {processor.py:161} INFO - Started process (PID=1318) to work on /home/airflow/.local/lib/python3.12/site-packages/airflow/example_dags/example_time_delta_sensor_async.py
[2026-09-22T16:30:15.611+0000] {processor.py:830} INFO - Processing file /home/airflow/.local/lib/python3.12/site-packages/airflow/example_dags/example_time_delta_sensor_async.py for tasks to queue
[2026-09-22T16:30:15.614+0000] {logging_mixin.py:188} INFO - [2026-09-22T16:30:15.614+0000] {dagbag.py:545} INFO - Filling up the DagBag from /home/airflow/.local/lib/python3.12/site-packages/airflow/example_dags/example_time_delta_sensor_async.py
[2026-09-22T16:30:15.623+0000] {processor.py:840} INFO - DAG(s) 'example_time_delta_sensor_async' retrieved from /home/airflow/.local/lib/python3.12/site-packages/airflow/example_dags/example_time_delta_sensor_async.py
[2026-09-22T16:30:15.656+0000] {logging_mixin.py:188} INFO - [2026-09-22T16:30:15.656+0000] {dag.py:3089} INFO - Sync 1 DAGs
[2026-09-22T16:30:15.676+0000] {logging_mixin.py:188} INFO - [2026-09-22T16:30:15.676+0000] {dag.py:3947} INFO - Setting next_dagrun for example_time_delta_sensor_async to None, run_after=None
[2026-09-22T16:30:15.702+0000] {processor.py:183} INFO - Processing /home/airflow/.local/lib/python3.12/site-packages/airflow/example_dags/example_time_delta_sensor_async.py took 0.101 seconds
[2026-09-22T16:30:46.114+0000] {processor.py:161} INFO - Started process (PID=1376) to work on /home/airflow/.local/lib/python3.12/site-packages/airflow/example_dags/example_time_delta_sensor_async.py
[2026-09-22T16:30:46.116+0000] {processor.py:830} INFO - Processing file /home/airflow/.local/lib/python3.12/site-packages/airflow/example_dags/example_time_delta_sensor_async.py for tasks to queue
[2026-09-22T16:30:46.119+0000] {logging_mixin.py:188} INFO - [2026-09-22T16:30:46.119+0000] {dagbag.py:545} INFO - Filling up the DagBag from /home/airflow/.local/lib/python3.12/site-packages/airflow/example_dags/example_time_delta_sensor_async.py
[2026-09-22T16:30:46.126+0000] {processor.py:840} INFO - DAG(s) 'example_time_delta_sensor_async' retrieved from /home/airflow/.local/lib/python3.12/site-packages/airflow/example_dags/example_time_delta_sensor_async.py
[2026-09-22T16:30:46.173+0000] {logging_mixin.py:188} INFO - [2026-09-22T16:30:46.173+0000] {dag.py:3089} INFO - Sync 1 DAGs
[2026-09-22T16:30:46.198+0000] {logging_mixin.py:188} INFO - [2026-09-22T16:30:46.198+0000] {dag.py:3947} INFO - Setting next_dagrun for example_time_delta_sensor_async to None, run_after=None
[2026-09-22T16:30:46.235+0000] {processor.py:183} INFO - Processing /home/airflow/.local/lib/python3.12/site-packages/airflow/example_dags/example_time_delta_sensor_async.py took 0.131 seconds
[2026-09-22T16:31:17.079+0000] {processor.py:161} INFO - Started process (PID=1434) to work on /home/airflow/.local/lib/python3.12/site-packages/airflow/example_dags/example_time_delta_sensor_async.py
[2026-09-22T16:31:17.081+0000] {processor.py:830} INFO - Processing file /home/airflow/.local/lib/python3.12/site-packages/airflow/example_dags/example_time_delta_sensor_async.py for tasks to queue
[2026-09-22T16:31:17.085+0000] {logging_mixin.py:188} INFO - [2026-09-22T16:31:17.084+0000] {dagbag.py:545} INFO - Filling up the DagBag from /home/airflow/.local/lib/python3.12/site-packages/airflow/example_dags/example_time_delta_sensor_async.py
[2026-09-22T16:31:17.093+0000] {processor.py:840} INFO - DAG(s) 'example_time_delta_sensor_async' retrieved from /home/airflow/.local/lib/python3.12/site-packages/airflow/example_dags/example_time_delta_sensor_async.py
[2026-09-22T16:31:17.132+0000] {logging_mixin.py:188} INFO - [2026-09-22T16:31:17.132+0000] {dag.py:3089} INFO - Sync 1 DAGs
[2026-09-22T16:31:17.156+0000] {logging_mixin.py:188} INFO - [2026-09-22T16:31:17.155+0000] {dag.py:3947} INFO - Setting next_dagrun for example_time_delta_sensor_async to None, run_after=None
[2026-09-22T16:31:17.213+0000] {processor.py:183} INFO - Processing /home/airflow/.local/lib/python3.12/site-packages/airflow/example_dags/example_time_delta_sensor_async.py took 0.143 seconds
[2026-09-22T16:31:47.763+0000] {processor.py:161} INFO - Started process (PID=1492) to work on /home/airflow/.local/lib/python3.12/site-packages/airflow/example_dags/example_time_delta_sensor_async.py
[2026-09-22T16:31:47.764+0000] {processor.py:830} INFO - Processing file /home/airflow/.local/lib/python3.12/site-packages/airflow/example_dags/example_time_delta_sensor_async.py for tasks to queue
[2026-09-22T16:31:47.767+0000] {logging_mixin.py:188} INFO - [2026-09-22T16:31:47.766+0000] {dagbag.py:545} INFO - Filling up the DagBag from /home/airflow/.local/lib/python3.12/site-packages/airflow/example_dags/example_time_delta_sensor_async.py
[2026-09-22T16:31:47.774+0000] {processor.py:840} INFO - DAG(s) 'example_time_delta_sensor_async' retrieved from /home/airflow/.local/lib/python3.12/site-packages/airflow/example_dags/example_time_delta_sensor_async.py
[2026-09-22T16:31:47.806+0000] {logging_mixin.py:188} INFO - [2026-09-22T16:31:47.806+0000] {dag.py:3089} INFO - Sync 1 DAGs
[2026-09-22T16:31:47.821+0000] {logging_mixin.py:188} INFO - [2026-09-22T16:31:47.821+0000] {dag.py:3947} INFO - Setting next_dagrun for example_time_delta_sensor_async to None, run_after=None
[2026-09-22T16:31:47.914+0000] {processor.py:183} INFO - Processing /home/airflow/.local/lib/python3.12/site-packages/airflow/example_dags/example_time_delta_sensor_async.py took 0.161 seconds
[2026-09-22T16:32:18.186+0000] {processor.py:161} INFO - Started process (PID=1550) to work on /home/airflow/.local/lib/python3.12/site-packages/airflow/example_dags/example_time_delta_sensor_async.py
[2026-09-22T16:32:18.188+0000] {processor.py:830} INFO - Processing file /home/airflow/.local/lib/python3.12/site-packages/airflow/example_dags/example_time_delta_sensor_async.py for tasks to queue
[2026-09-22T16:32:18.191+0000] {logging_mixin.py:188} INFO - [2026-09-22T16:32:18.190+0000] {dagbag.py:545} INFO - Filling up the DagBag from /home/airflow/.local/lib/python3.12/site-packages/airflow/example_dags/example_time_delta_sensor_async.py
[2026-09-22T16:32:18.197+0000] {processor.py:840} INFO - DAG(s) 'example_time_delta_sensor_async' retrieved from /home/airflow/.local/lib/python3.12/site-packages/airflow/example_dags/example_time_delta_sensor_async.py
[2026-09-22T16:32:18.227+0000] {logging_mixin.py:188} INFO - [2026-09-22T16:32:18.227+0000] {dag.py:3089} INFO - Sync 1 DAGs
[2026-09-22T16:32:18.250+0000] {logging_mixin.py:188} INFO - [2026-09-22T16:32:18.250+0000] {dag.py:3947} INFO - Setting next_dagrun for example_time_delta_sensor_async to None, run_after=None
[2026-09-22T16:32:18.361+0000] {processor.py:183} INFO - Processing /home/airflow/.local/lib/python3.12/site-packages/airflow/example_dags/example_time_delta_sensor_async.py took 0.188 seconds
[2026-09-22T16:32:48.927+0000] {processor.py:161} INFO - Started process (PID=1608) to work on /home/airflow/.local/lib/python3.12/site-packages/airflow/example_dags/example_time_delta_sensor_async.py
[2026-09-22T16:32:48.929+0000] {processor.py:830} INFO - Processing file /home/airflow/.local/lib/python3.12/site-packages/airflow/example_dags/example_time_delta_sensor_async.py for tasks to queue
[2026-09-22T16:32:48.935+0000] {logging_mixin.py:188} INFO - [2026-09-22T16:32:48.934+0000] {dagbag.py:545} INFO - Filling up the DagBag from /home/airflow/.local/lib/python3.12/site-packages/airflow/example_dags/example_time_delta_sensor_async.py
[2026-09-22T16:32:48.948+0000] {processor.py:840} INFO - DAG(s) 'example_time_delta_sensor_async' retrieved from /home/airflow/.local/lib/python3.12/site-packages/airflow/example_dags/example_time_delta_sensor_async.py
[2026-09-22T16:32:48.990+0000] {logging_mixin.py:188} INFO - [2026-09-22T16:32:48.990+0000] {dag.py:3089} INFO - Sync 1 DAGs
[2026-09-22T16:32:49.021+0000] {logging_mixin.py:188} INFO - [2026-09-22T16:32:49.021+0000] {dag.py:3947} INFO - Setting next_dagrun for example_time_delta_sensor_async to None, run_after=None
[2026-09-22T16:32:49.075+0000] {processor.py:183} INFO - Processing /home/airflow/.local/lib/python3.12/site-packages/airflow/example_dags/example_time_delta_sensor_async.py took 0.157 seconds
[2026-09-22T16:33:19.196+0000] {processor.py:161} INFO - Started process (PID=1666) to work on /home/airflow/.local/lib/python3.12/site-packages/airflow/example_dags/example_time_delta_sensor_async.py
[2026-09-22T16:33:19.198+0000] {processor.py:830} INFO - Processing file /home/airflow/.local/lib/python3.12/site-packages/airflow/example_dags/example_time_delta_sensor_async.py for tasks to queue
[2026-09-22T16:33:19.201+0000] {logging_mixin.py:188} INFO - [2026-09-22T16:33:19.200+0000] {dagbag.py:545} INFO - Filling up the DagBag from /home/airflow/.local/lib/python3.12/site-packages/airflow/example_dags/example_time_delta_sensor_async.py
[2026-09-22T16:33:19.208+0000] {processor.py:840} INFO - DAG(s) 'example_time_delta_sensor_async' retrieved from /home/airflow/.local/lib/python3.12/site-packages/airflow/example_dags/example_time_delta_sensor_async.py
[2026-09-22T16:33:19.239+0000] {logging_mixin.py:188} INFO - [2026-09-22T16:33:19.239+0000] {dag.py:3089} INFO - Sync 1 DAGs
[2026-09-22T16:33:19.256+0000] {logging_mixin.py:188} INFO - [2026-09-22T16:33:19.255+0000] {dag.py:3947} INFO - Setting next_dagrun for example_time_delta_sensor_async to None, run_after=None
[2026-09-22T16:33:19.340+0000] {processor.py:183} INFO - Processing /home/airflow/.local/lib/python3.12/site-packages/airflow/example_dags/example_time_delta_sensor_async.py took 0.153 seconds
[2026-09-22T16:33:50.633+0000] {processor.py:161} INFO - Started process (PID=1724) to work on /home/airflow/.local/lib/python3.12/site-packages/airflow/example_dags/example_time_delta_sensor_async.py
[2026-09-22T16:33:50.638+0000] {processor.py:830} INFO - Processing file /home/airflow/.local/lib/python3.12/site-packages/airflow/example_dags/example_time_delta_sensor_async.py for tasks to queue
[2026-09-22T16:33:50.642+0000] {logging_mixin.py:188} INFO - [2026-09-22T16:33:50.642+0000] {dagbag.py:545} INFO - Filling up the DagBag from /home/airflow/.local/lib/python3.12/site-packages/airflow/example_dags/example_time_delta_sensor_async.py
[2026-09-22T16:33:50.650+0000] {processor.py:840} INFO - DAG(s) 'example_time_delta_sensor_async' retrieved from /home/airflow/.local/lib/python3.12/site-packages/airflow/example_dags/example_time_delta_sensor_async.py
[2026-09-22T16:33:50.686+0000] {logging_mixin.py:188} INFO - [2026-09-22T16:33:50.686+0000] {dag.py:3089} INFO - Sync 1 DAGs
[2026-09-22T16:33:50.716+0000] {logging_mixin.py:188} INFO - [2026-09-22T16:33:50.715+0000] {dag.py:3947} INFO - Setting next_dagrun for example_time_delta_sensor_async to None, run_after=None
[2026-09-22T16:33:50.759+0000] {processor.py:183} INFO - Processing /home/airflow/.local/lib/python3.12/site-packages/airflow/example_dags/example_time_delta_sensor_async.py took 0.137 seconds
[2026-09-22T16:34:21.990+0000] {processor.py:161} INFO - Started process (PID=1782) to work on /home/airflow/.local/lib/python3.12/site-packages/airflow/example_dags/example_time_delta_sensor_async.py
[2026-09-22T16:34:21.992+0000] {processor.py:830} INFO - Processing file /home/airflow/.local/lib/python3.12/site-packages/airflow/example_dags/example_time_delta_sensor_async.py for tasks to queue
[2026-09-22T16:34:21.995+0000] {logging_mixin.py:188} INFO - [2026-09-22T16:34:21.994+0000] {dagbag.py:545} INFO - Filling up the DagBag from /home/airflow/.local/lib/python3.12/site-packages/airflow/example_dags/example_time_delta_sensor_async.py
[2026-09-22T16:34:22.005+0000] {processor.py:840} INFO - DAG(s) 'example_time_delta_sensor_async' retrieved from /home/airflow/.local/lib/python3.12/site-packages/airflow/example_dags/example_time_delta_sensor_async.py
[2026-09-22T16:34:22.038+0000] {logging_mixin.py:188} INFO - [2026-09-22T16:34:22.037+0000] {dag.py:3089} INFO - Sync 1 DAGs
[2026-09-22T16:34:22.061+0000] {logging_mixin.py:188} INFO - [2026-09-22T16:34:22.061+0000] {dag.py:3947} INFO - Setting next_dagrun for example_time_delta_sensor_async to None, run_after=None
[2026-09-22T16:34:22.147+0000] {processor.py:183} INFO - Processing /home/airflow/.local/lib/python3.12/site-packages/airflow/example_dags/example_time_delta_sensor_async.py took 0.166 seconds
[2026-09-22T16:34:52.957+0000] {processor.py:161} INFO - Started process (PID=1840) to work on /home/airflow/.local/lib/python3.12/site-packages/airflow/example_dags/example_time_delta_sensor_async.py
[2026-09-22T16:34:52.959+0000] {processor.py:830} INFO - Processing file /home/airflow/.local/lib/python3.12/site-packages/airflow/example_dags/example_time_delta_sensor_async.py for tasks to queue
[2026-09-22T16:34:52.962+0000] {logging_mixin.py:188} INFO - [2026-09-22T16:34:52.962+0000] {dagbag.py:545} INFO - Filling up the DagBag from /home/airflow/.local/lib/python3.12/site-packages/airflow/example_dags/example_time_delta_sensor_async.py
[2026-09-22T16:34:52.969+0000] {processor.py:840} INFO - DAG(s) 'example_time_delta_sensor_async' retrieved from /home/airflow/.local/lib/python3.12/site-packages/airflow/example_dags/example_time_delta_sensor_async.py
[2026-09-22T16:34:52.998+0000] {logging_mixin.py:188} INFO - [2026-09-22T16:34:52.998+0000] {dag.py:3089} INFO - Sync 1 DAGs
[2026-09-22T16:34:53.018+0000] {logging_mixin.py:188} INFO - [2026-09-22T16:34:53.018+0000] {dag.py:3947} INFO - Setting next_dagrun for example_time_delta_sensor_async to None, run_after=None
[2026-09-22T16:34:53.104+0000] {processor.py:183} INFO - Processing /home/airflow/.local/lib/python3.12/site-packages/airflow/example_dags/example_time_delta_sensor_async.py took 0.158 seconds
[2026-09-22T16:35:23.589+0000] {processor.py:161} INFO - Started process (PID=1898) to work on /home/airflow/.local/lib/python3.12/site-packages/airflow/example_dags/example_time_delta_sensor_async.py
[2026-09-22T16:35:23.591+0000] {processor.py:830} INFO - Processing file /home/airflow/.local/lib/python3.12/site-packages/airflow/example_dags/example_time_delta_sensor_async.py for tasks to queue
[2026-09-22T16:35:23.595+0000] {logging_mixin.py:188} INFO - [2026-09-22T16:35:23.594+0000] {dagbag.py:545} INFO - Filling up the DagBag from /home/airflow/.local/lib/python3.12/site-packages/airflow/example_dags/example_time_delta_sensor_async.py
[2026-09-22T16:35:23.604+0000] {processor.py:840} INFO - DAG(s) 'example_time_delta_sensor_async' retrieved from /home/airflow/.local/lib/python3.12/site-packages/airflow/example_dags/example_time_delta_sensor_async.py
[2026-09-22T16:35:23.639+0000] {logging_mixin.py:188} INFO - [2026-09-22T16:35:23.639+0000] {dag.py:3089} INFO - Sync 1 DAGs
[2026-09-22T16:35:23.659+0000] {logging_mixin.py:188} INFO - [2026-09-22T16:35:23.659+0000] {dag.py:3947} INFO - Setting next_dagrun for example_time_delta_sensor_async to None, run_after=None
[2026-09-22T16:35:23.750+0000] {processor.py:183} INFO - Processing /home/airflow/.local/lib/python3.12/site-packages/airflow/example_dags/example_time_delta_sensor_async.py took 0.172 seconds
[2026-09-22T16:35:54.331+0000] {processor.py:161} INFO - Started process (PID=1956) to work on /home/airflow/.local/lib/python3.12/site-packages/airflow/example_dags/example_time_delta_sensor_async.py
[2026-09-22T16:35:54.333+0000] {processor.py:830} INFO - Processing file /home/airflow/.local/lib/python3.12/site-packages/airflow/example_dags/example_time_delta_sensor_async.py for tasks to queue
[2026-09-22T16:35:54.337+0000] {logging_mixin.py:188} INFO - [2026-09-22T16:35:54.336+0000] {dagbag.py:545} INFO - Filling up the DagBag from /home/airflow/.local/lib/python3.12/site-packages/airflow/example_dags/example_time_delta_sensor_async.py
[2026-09-22T16:35:54.346+0000] {processor.py:840} INFO - DAG(s) 'example_time_delta_sensor_async' retrieved from /home/airflow/.local/lib/python3.12/site-packages/airflow/example_dags/example_time_delta_sensor_async.py
[2026-09-22T16:35:54.385+0000] {logging_mixin.py:188} INFO - [2026-09-22T16:35:54.384+0000] {dag.py:3089} INFO - Sync 1 DAGs
[2026-09-22T16:35:54.425+0000] {logging_mixin.py:188} INFO - [2026-09-22T16:35:54.424+0000] {dag.py:3947} INFO - Setting next_dagrun for example_time_delta_sensor_async to None, run_after=None
[2026-09-22T16:35:54.530+0000] {processor.py:183} INFO - Processing /home/airflow/.local/lib/python3.12/site-packages/airflow/example_dags/example_time_delta_sensor_async.py took 0.217 seconds
[2026-09-22T16:36:25.043+0000] {processor.py:161} INFO - Started process (PID=2014) to work on /home/airflow/.local/lib/python3.12/site-packages/airflow/example_dags/example_time_delta_sensor_async.py
[2026-09-22T16:36:25.045+0000] {processor.py:830} INFO - Processing file /home/airflow/.local/lib/python3.12/site-packages/airflow/example_dags/example_time_delta_sensor_async.py for tasks to queue
[2026-09-22T16:36:25.051+0000] {logging_mixin.py:188} INFO - [2026-09-22T16:36:25.050+0000] {dagbag.py:545} INFO - Filling up the DagBag from /home/airflow/.local/lib/python3.12/site-packages/airflow/example_dags/example_time_delta_sensor_async.py
[2026-09-22T16:36:25.061+0000] {processor.py:840} INFO - DAG(s) 'example_time_delta_sensor_async' retrieved from /home/airflow/.local/lib/python3.12/site-packages/airflow/example_dags/example_time_delta_sensor_async.py
[2026-09-22T16:36:25.111+0000] {logging_mixin.py:188} INFO - [2026-09-22T16:36:25.110+0000] {dag.py:3089} INFO - Sync 1 DAGs
[2026-09-22T16:36:25.139+0000] {logging_mixin.py:188} INFO - [2026-09-22T16:36:25.139+0000] {dag.py:3947} INFO - Setting next_dagrun for example_time_delta_sensor_async to None, run_after=None
[2026-09-22T16:36:25.179+0000] {processor.py:183} INFO - Processing /home/airflow/.local/lib/python3.12/site-packages/airflow/example_dags/example_time_delta_sensor_async.py took 0.147 seconds
[2026-09-22T16:36:55.690+0000] {processor.py:161} INFO - Started process (PID=2072) to work on /home/airflow/.local/lib/python3.12/site-packages/airflow/example_dags/example_time_delta_sensor_async.py
[2026-09-22T16:36:55.691+0000] {processor.py:830} INFO - Processing file /home/airflow/.local/lib/python3.12/site-packages/airflow/example_dags/example_time_delta_sensor_async.py for tasks to queue
[2026-09-22T16:36:55.694+0000] {logging_mixin.py:188} INFO - [2026-09-22T16:36:55.694+0000] {dagbag.py:545} INFO - Filling up the DagBag from /home/airflow/.local/lib/python3.12/site-packages/airflow/example_dags/example_time_delta_sensor_async.py
[2026-09-22T16:36:55.702+0000] {processor.py:840} INFO - DAG(s) 'example_time_delta_sensor_async' retrieved from /home/airflow/.local/lib/python3.12/site-packages/airflow/example_dags/example_time_delta_sensor_async.py
[2026-09-22T16:36:55.732+0000] {logging_mixin.py:188} INFO - [2026-09-22T16:36:55.731+0000] {dag.py:3089} INFO - Sync 1 DAGs
[2026-09-22T16:36:55.753+0000] {logging_mixin.py:188} INFO - [2026-09-22T16:36:55.753+0000] {dag.py:3947} INFO - Setting next_dagrun for example_time_delta_sensor_async to None, run_after=None
[2026-09-22T16:36:55.838+0000] {processor.py:183} INFO - Processing /home/airflow/.local/lib/python3.12/site-packages/airflow/example_dags/example_time_delta_sensor_async.py took 0.157 seconds
[2026-09-22T16:37:26.175+0000] {processor.py:161} INFO - Started process (PID=2129) to work on /home/airflow/.local/lib/python3.12/site-packages/airflow/example_dags/example_time_delta_sensor_async.py
[2026-09-22T16:37:26.176+0000] {processor.py:830} INFO - Processing file /home/airflow/.local/lib/python3.12/site-packages/airflow/example_dags/example_time_delta_sensor_async.py for tasks to queue
[2026-09-22T16:37:26.179+0000] {logging_mixin.py:188} INFO - [2026-09-22T16:37:26.179+0000] {dagbag.py:545} INFO - Filling up the DagBag from /home/airflow/.local/lib/python3.12/site-packages/airflow/example_dags/example_time_delta_sensor_async.py
[2026-09-22T16:37:26.188+0000] {processor.py:840} INFO - DAG(s) 'example_time_delta_sensor_async' retrieved from /home/airflow/.local/lib/python3.12/site-packages/airflow/example_dags/example_time_delta_sensor_async.py
[2026-09-22T16:37:26.219+0000] {logging_mixin.py:188} INFO - [2026-09-22T16:37:26.219+0000] {dag.py:3089} INFO - Sync 1 DAGs
[2026-09-22T16:37:26.243+0000] {logging_mixin.py:188} INFO - [2026-09-22T16:37:26.243+0000] {dag.py:3947} INFO - Setting next_dagrun for example_time_delta_sensor_async to None, run_after=None
[2026-09-22T16:37:26.344+0000] {processor.py:183} INFO - Processing /home/airflow/.local/lib/python3.12/site-packages/airflow/example_dags/example_time_delta_sensor_async.py took 0.179 seconds
[2026-09-22T16:37:56.498+0000] {processor.py:161} INFO - Started process (PID=2187) to work on /home/airflow/.local/lib/python3.12/site-packages/airflow/example_dags/example_time_delta_sensor_async.py
[2026-09-22T16:37:56.500+0000] {processor.py:830} INFO - Processing file /home/airflow/.local/lib/python3.12/site-packages/airflow/example_dags/example_time_delta_sensor_async.py for tasks to queue
[2026-09-22T16:37:56.504+0000] {logging_mixin.py:188} INFO - [2026-09-22T16:37:56.503+0000] {dagbag.py:545} INFO - Filling up the DagBag from /home/airflow/.local/lib/python3.12/site-packages/airflow/example_dags/example_time_delta_sensor_async.py
[2026-09-22T16:37:56.510+0000] {processor.py:840} INFO - DAG(s) 'example_time_delta_sensor_async' retrieved from /home/airflow/.local/lib/python3.12/site-packages/airflow/example_dags/example_time_delta_sensor_async.py
[2026-09-22T16:37:56.539+0000] {logging_mixin.py:188} INFO - [2026-09-22T16:37:56.538+0000] {dag.py:3089} INFO - Sync 1 DAGs
[2026-09-22T16:37:56.560+0000] {logging_mixin.py:188} INFO - [2026-09-22T16:37:56.559+0000] {dag.py:3947} INFO - Setting next_dagrun for example_time_delta_sensor_async to None, run_after=None
[2026-09-22T16:37:56.594+0000] {processor.py:183} INFO - Processing /home/airflow/.local/lib/python3.12/site-packages/airflow/example_dags/example_time_delta_sensor_async.py took 0.103 seconds
[2026-09-22T16:38:28.320+0000] {processor.py:161} INFO - Started process (PID=2246) to work on /home/airflow/.local/lib/python3.12/site-packages/airflow/example_dags/example_time_delta_sensor_async.py
[2026-09-22T16:38:28.323+0000] {processor.py:830} INFO - Processing file /home/airflow/.local/lib/python3.12/site-packages/airflow/example_dags/example_time_delta_sensor_async.py for tasks to queue
[2026-09-22T16:38:28.326+0000] {logging_mixin.py:188} INFO - [2026-09-22T16:38:28.326+0000] {dagbag.py:545} INFO - Filling up the DagBag from /home/airflow/.local/lib/python3.12/site-packages/airflow/example_dags/example_time_delta_sensor_async.py
[2026-09-22T16:38:28.338+0000] {processor.py:840} INFO - DAG(s) 'example_time_delta_sensor_async' retrieved from /home/airflow/.local/lib/python3.12/site-packages/airflow/example_dags/example_time_delta_sensor_async.py
[2026-09-22T16:38:28.369+0000] {logging_mixin.py:188} INFO - [2026-09-22T16:38:28.369+0000] {dag.py:3089} INFO - Sync 1 DAGs
[2026-09-22T16:38:28.598+0000] {logging_mixin.py:188} INFO - [2026-09-22T16:38:28.598+0000] {dag.py:3947} INFO - Setting next_dagrun for example_time_delta_sensor_async to None, run_after=None
[2026-09-22T16:38:28.631+0000] {processor.py:183} INFO - Processing /home/airflow/.local/lib/python3.12/site-packages/airflow/example_dags/example_time_delta_sensor_async.py took 0.323 seconds
[2026-09-22T16:41:51.521+0000] {processor.py:161} INFO - Started process (PID=103) to work on /home/airflow/.local/lib/python3.12/site-packages/airflow/example_dags/example_time_delta_sensor_async.py
[2026-09-22T16:41:51.523+0000] {processor.py:830} INFO - Processing file /home/airflow/.local/lib/python3.12/site-packages/airflow/example_dags/example_time_delta_sensor_async.py for tasks to queue
[2026-09-22T16:41:51.527+0000] {logging_mixin.py:188} INFO - [2026-09-22T16:41:51.526+0000] {dagbag.py:545} INFO - Filling up the DagBag from /home/airflow/.local/lib/python3.12/site-packages/airflow/example_dags/example_time_delta_sensor_async.py
[2026-09-22T16:41:51.535+0000] {processor.py:840} INFO - DAG(s) 'example_time_delta_sensor_async' retrieved from /home/airflow/.local/lib/python3.12/site-packages/airflow/example_dags/example_time_delta_sensor_async.py
[2026-09-22T16:41:51.700+0000] {logging_mixin.py:188} INFO - [2026-09-22T16:41:51.699+0000] {dag.py:3089} INFO - Sync 1 DAGs
[2026-09-22T16:41:51.721+0000] {logging_mixin.py:188} INFO - [2026-09-22T16:41:51.720+0000] {dag.py:3947} INFO - Setting next_dagrun for example_time_delta_sensor_async to None, run_after=None
[2026-09-22T16:41:51.761+0000] {processor.py:183} INFO - Processing /home/airflow/.local/lib/python3.12/site-packages/airflow/example_dags/example_time_delta_sensor_async.py took 0.249 seconds
[2026-09-22T16:42:22.222+0000] {processor.py:161} INFO - Started process (PID=161) to work on /home/airflow/.local/lib/python3.12/site-packages/airflow/example_dags/example_time_delta_sensor_async.py
[2026-09-22T16:42:22.224+0000] {processor.py:830} INFO - Processing file /home/airflow/.local/lib/python3.12/site-packages/airflow/example_dags/example_time_delta_sensor_async.py for tasks to queue
[2026-09-22T16:42:22.228+0000] {logging_mixin.py:188} INFO - [2026-09-22T16:42:22.228+0000] {dagbag.py:545} INFO - Filling up the DagBag from /home/airflow/.local/lib/python3.12/site-packages/airflow/example_dags/example_time_delta_sensor_async.py
[2026-09-22T16:42:22.239+0000] {processor.py:840} INFO - DAG(s) 'example_time_delta_sensor_async' retrieved from /home/airflow/.local/lib/python3.12/site-packages/airflow/example_dags/example_time_delta_sensor_async.py
[2026-09-22T16:42:22.269+0000] {logging_mixin.py:188} INFO - [2026-09-22T16:42:22.268+0000] {dag.py:3089} INFO - Sync 1 DAGs
[2026-09-22T16:42:22.297+0000] {logging_mixin.py:188} INFO - [2026-09-22T16:42:22.296+0000] {dag.py:3947} INFO - Setting next_dagrun for example_time_delta_sensor_async to None, run_after=None
[2026-09-22T16:42:22.352+0000] {processor.py:183} INFO - Processing /home/airflow/.local/lib/python3.12/site-packages/airflow/example_dags/example_time_delta_sensor_async.py took 0.141 seconds
[2026-09-22T16:43:51.827+0000] {processor.py:161} INFO - Started process (PID=103) to work on /home/airflow/.local/lib/python3.12/site-packages/airflow/example_dags/example_time_delta_sensor_async.py
[2026-09-22T16:43:51.829+0000] {processor.py:830} INFO - Processing file /home/airflow/.local/lib/python3.12/site-packages/airflow/example_dags/example_time_delta_sensor_async.py for tasks to queue
[2026-09-22T16:43:51.833+0000] {logging_mixin.py:188} INFO - [2026-09-22T16:43:51.832+0000] {dagbag.py:545} INFO - Filling up the DagBag from /home/airflow/.local/lib/python3.12/site-packages/airflow/example_dags/example_time_delta_sensor_async.py
[2026-09-22T16:43:51.841+0000] {processor.py:840} INFO - DAG(s) 'example_time_delta_sensor_async' retrieved from /home/airflow/.local/lib/python3.12/site-packages/airflow/example_dags/example_time_delta_sensor_async.py
[2026-09-22T16:43:51.984+0000] {logging_mixin.py:188} INFO - [2026-09-22T16:43:51.983+0000] {dag.py:3089} INFO - Sync 1 DAGs
[2026-09-22T16:43:52.002+0000] {logging_mixin.py:188} INFO - [2026-09-22T16:43:52.001+0000] {dag.py:3947} INFO - Setting next_dagrun for example_time_delta_sensor_async to None, run_after=None
[2026-09-22T16:43:52.031+0000] {processor.py:183} INFO - Processing /home/airflow/.local/lib/python3.12/site-packages/airflow/example_dags/example_time_delta_sensor_async.py took 0.211 seconds
[2026-09-22T16:44:22.107+0000] {processor.py:161} INFO - Started process (PID=166) to work on /home/airflow/.local/lib/python3.12/site-packages/airflow/example_dags/example_time_delta_sensor_async.py
[2026-09-22T16:44:22.109+0000] {processor.py:830} INFO - Processing file /home/airflow/.local/lib/python3.12/site-packages/airflow/example_dags/example_time_delta_sensor_async.py for tasks to queue
[2026-09-22T16:44:22.112+0000] {logging_mixin.py:188} INFO - [2026-09-22T16:44:22.111+0000] {dagbag.py:545} INFO - Filling up the DagBag from /home/airflow/.local/lib/python3.12/site-packages/airflow/example_dags/example_time_delta_sensor_async.py
[2026-09-22T16:44:22.119+0000] {processor.py:840} INFO - DAG(s) 'example_time_delta_sensor_async' retrieved from /home/airflow/.local/lib/python3.12/site-packages/airflow/example_dags/example_time_delta_sensor_async.py
[2026-09-22T16:44:22.152+0000] {logging_mixin.py:188} INFO - [2026-09-22T16:44:22.152+0000] {dag.py:3089} INFO - Sync 1 DAGs
[2026-09-22T16:44:22.170+0000] {logging_mixin.py:188} INFO - [2026-09-22T16:44:22.169+0000] {dag.py:3947} INFO - Setting next_dagrun for example_time_delta_sensor_async to None, run_after=None
[2026-09-22T16:44:22.209+0000] {processor.py:183} INFO - Processing /home/airflow/.local/lib/python3.12/site-packages/airflow/example_dags/example_time_delta_sensor_async.py took 0.111 seconds
[2026-09-22T16:44:52.435+0000] {processor.py:161} INFO - Started process (PID=224) to work on /home/airflow/.local/lib/python3.12/site-packages/airflow/example_dags/example_time_delta_sensor_async.py
[2026-09-22T16:44:52.437+0000] {processor.py:830} INFO - Processing file /home/airflow/.local/lib/python3.12/site-packages/airflow/example_dags/example_time_delta_sensor_async.py for tasks to queue
[2026-09-22T16:44:52.440+0000] {logging_mixin.py:188} INFO - [2026-09-22T16:44:52.439+0000] {dagbag.py:545} INFO - Filling up the DagBag from /home/airflow/.local/lib/python3.12/site-packages/airflow/example_dags/example_time_delta_sensor_async.py
[2026-09-22T16:44:52.453+0000] {processor.py:840} INFO - DAG(s) 'example_time_delta_sensor_async' retrieved from /home/airflow/.local/lib/python3.12/site-packages/airflow/example_dags/example_time_delta_sensor_async.py
[2026-09-22T16:44:52.532+0000] {logging_mixin.py:188} INFO - [2026-09-22T16:44:52.530+0000] {dag.py:3089} INFO - Sync 1 DAGs
[2026-09-22T16:44:52.566+0000] {logging_mixin.py:188} INFO - [2026-09-22T16:44:52.566+0000] {dag.py:3947} INFO - Setting next_dagrun for example_time_delta_sensor_async to None, run_after=None
[2026-09-22T16:44:52.651+0000] {processor.py:183} INFO - Processing /home/airflow/.local/lib/python3.12/site-packages/airflow/example_dags/example_time_delta_sensor_async.py took 0.225 seconds
[2026-09-22T16:45:23.165+0000] {processor.py:161} INFO - Started process (PID=282) to work on /home/airflow/.local/lib/python3.12/site-packages/airflow/example_dags/example_time_delta_sensor_async.py
[2026-09-22T16:45:23.168+0000] {processor.py:830} INFO - Processing file /home/airflow/.local/lib/python3.12/site-packages/airflow/example_dags/example_time_delta_sensor_async.py for tasks to queue
[2026-09-22T16:45:23.172+0000] {logging_mixin.py:188} INFO - [2026-09-22T16:45:23.171+0000] {dagbag.py:545} INFO - Filling up the DagBag from /home/airflow/.local/lib/python3.12/site-packages/airflow/example_dags/example_time_delta_sensor_async.py
[2026-09-22T16:45:23.178+0000] {processor.py:840} INFO - DAG(s) 'example_time_delta_sensor_async' retrieved from /home/airflow/.local/lib/python3.12/site-packages/airflow/example_dags/example_time_delta_sensor_async.py
[2026-09-22T16:45:23.208+0000] {logging_mixin.py:188} INFO - [2026-09-22T16:45:23.208+0000] {dag.py:3089} INFO - Sync 1 DAGs
[2026-09-22T16:45:23.226+0000] {logging_mixin.py:188} INFO - [2026-09-22T16:45:23.226+0000] {dag.py:3947} INFO - Setting next_dagrun for example_time_delta_sensor_async to None, run_after=None
[2026-09-22T16:45:23.306+0000] {processor.py:183} INFO - Processing /home/airflow/.local/lib/python3.12/site-packages/airflow/example_dags/example_time_delta_sensor_async.py took 0.150 seconds
[2026-09-22T16:45:53.695+0000] {processor.py:161} INFO - Started process (PID=340) to work on /home/airflow/.local/lib/python3.12/site-packages/airflow/example_dags/example_time_delta_sensor_async.py
[2026-09-22T16:45:53.699+0000] {processor.py:830} INFO - Processing file /home/airflow/.local/lib/python3.12/site-packages/airflow/example_dags/example_time_delta_sensor_async.py for tasks to queue
[2026-09-22T16:45:53.702+0000] {logging_mixin.py:188} INFO - [2026-09-22T16:45:53.701+0000] {dagbag.py:545} INFO - Filling up the DagBag from /home/airflow/.local/lib/python3.12/site-packages/airflow/example_dags/example_time_delta_sensor_async.py
[2026-09-22T16:45:53.709+0000] {processor.py:840} INFO - DAG(s) 'example_time_delta_sensor_async' retrieved from /home/airflow/.local/lib/python3.12/site-packages/airflow/example_dags/example_time_delta_sensor_async.py
[2026-09-22T16:45:53.742+0000] {logging_mixin.py:188} INFO - [2026-09-22T16:45:53.742+0000] {dag.py:3089} INFO - Sync 1 DAGs
[2026-09-22T16:45:53.762+0000] {logging_mixin.py:188} INFO - [2026-09-22T16:45:53.761+0000] {dag.py:3947} INFO - Setting next_dagrun for example_time_delta_sensor_async to None, run_after=None
[2026-09-22T16:45:53.853+0000] {processor.py:183} INFO - Processing /home/airflow/.local/lib/python3.12/site-packages/airflow/example_dags/example_time_delta_sensor_async.py took 0.167 seconds
[2026-09-22T16:46:24.086+0000] {processor.py:161} INFO - Started process (PID=398) to work on /home/airflow/.local/lib/python3.12/site-packages/airflow/example_dags/example_time_delta_sensor_async.py
[2026-09-22T16:46:24.088+0000] {processor.py:830} INFO - Processing file /home/airflow/.local/lib/python3.12/site-packages/airflow/example_dags/example_time_delta_sensor_async.py for tasks to queue
[2026-09-22T16:46:24.091+0000] {logging_mixin.py:188} INFO - [2026-09-22T16:46:24.091+0000] {dagbag.py:545} INFO - Filling up the DagBag from /home/airflow/.local/lib/python3.12/site-packages/airflow/example_dags/example_time_delta_sensor_async.py
[2026-09-22T16:46:24.098+0000] {processor.py:840} INFO - DAG(s) 'example_time_delta_sensor_async' retrieved from /home/airflow/.local/lib/python3.12/site-packages/airflow/example_dags/example_time_delta_sensor_async.py
[2026-09-22T16:46:24.132+0000] {logging_mixin.py:188} INFO - [2026-09-22T16:46:24.131+0000] {dag.py:3089} INFO - Sync 1 DAGs
[2026-09-22T16:46:24.153+0000] {logging_mixin.py:188} INFO - [2026-09-22T16:46:24.152+0000] {dag.py:3947} INFO - Setting next_dagrun for example_time_delta_sensor_async to None, run_after=None
[2026-09-22T16:46:24.198+0000] {processor.py:183} INFO - Processing /home/airflow/.local/lib/python3.12/site-packages/airflow/example_dags/example_time_delta_sensor_async.py took 0.124 seconds
[2026-09-22T16:46:54.992+0000] {processor.py:161} INFO - Started process (PID=456) to work on /home/airflow/.local/lib/python3.12/site-packages/airflow/example_dags/example_time_delta_sensor_async.py
[2026-09-22T16:46:54.993+0000] {processor.py:830} INFO - Processing file /home/airflow/.local/lib/python3.12/site-packages/airflow/example_dags/example_time_delta_sensor_async.py for tasks to queue
[2026-09-22T16:46:54.996+0000] {logging_mixin.py:188} INFO - [2026-09-22T16:46:54.996+0000] {dagbag.py:545} INFO - Filling up the DagBag from /home/airflow/.local/lib/python3.12/site-packages/airflow/example_dags/example_time_delta_sensor_async.py
[2026-09-22T16:46:55.003+0000] {processor.py:840} INFO - DAG(s) 'example_time_delta_sensor_async' retrieved from /home/airflow/.local/lib/python3.12/site-packages/airflow/example_dags/example_time_delta_sensor_async.py
[2026-09-22T16:46:55.030+0000] {logging_mixin.py:188} INFO - [2026-09-22T16:46:55.029+0000] {dag.py:3089} INFO - Sync 1 DAGs
[2026-09-22T16:46:55.053+0000] {logging_mixin.py:188} INFO - [2026-09-22T16:46:55.053+0000] {dag.py:3947} INFO - Setting next_dagrun for example_time_delta_sensor_async to None, run_after=None
[2026-09-22T16:46:55.089+0000] {processor.py:183} INFO - Processing /home/airflow/.local/lib/python3.12/site-packages/airflow/example_dags/example_time_delta_sensor_async.py took 0.104 seconds
[2026-09-22T16:47:26.345+0000] {processor.py:161} INFO - Started process (PID=514) to work on /home/airflow/.local/lib/python3.12/site-packages/airflow/example_dags/example_time_delta_sensor_async.py
[2026-09-22T16:47:26.350+0000] {processor.py:830} INFO - Processing file /home/airflow/.local/lib/python3.12/site-packages/airflow/example_dags/example_time_delta_sensor_async.py for tasks to queue
[2026-09-22T16:47:26.355+0000] {logging_mixin.py:188} INFO - [2026-09-22T16:47:26.354+0000] {dagbag.py:545} INFO - Filling up the DagBag from /home/airflow/.local/lib/python3.12/site-packages/airflow/example_dags/example_time_delta_sensor_async.py
[2026-09-22T16:47:26.367+0000] {processor.py:840} INFO - DAG(s) 'example_time_delta_sensor_async' retrieved from /home/airflow/.local/lib/python3.12/site-packages/airflow/example_dags/example_time_delta_sensor_async.py
[2026-09-22T16:47:26.430+0000] {logging_mixin.py:188} INFO - [2026-09-22T16:47:26.429+0000] {dag.py:3089} INFO - Sync 1 DAGs
[2026-09-22T16:47:26.455+0000] {logging_mixin.py:188} INFO - [2026-09-22T16:47:26.455+0000] {dag.py:3947} INFO - Setting next_dagrun for example_time_delta_sensor_async to None, run_after=None
[2026-09-22T16:47:26.543+0000] {processor.py:183} INFO - Processing /home/airflow/.local/lib/python3.12/site-packages/airflow/example_dags/example_time_delta_sensor_async.py took 0.218 seconds
[2026-09-22T16:47:56.686+0000] {processor.py:161} INFO - Started process (PID=572) to work on /home/airflow/.local/lib/python3.12/site-packages/airflow/example_dags/example_time_delta_sensor_async.py
[2026-09-22T16:47:56.688+0000] {processor.py:830} INFO - Processing file /home/airflow/.local/lib/python3.12/site-packages/airflow/example_dags/example_time_delta_sensor_async.py for tasks to queue
[2026-09-22T16:47:56.691+0000] {logging_mixin.py:188} INFO - [2026-09-22T16:47:56.690+0000] {dagbag.py:545} INFO - Filling up the DagBag from /home/airflow/.local/lib/python3.12/site-packages/airflow/example_dags/example_time_delta_sensor_async.py
[2026-09-22T16:47:56.699+0000] {processor.py:840} INFO - DAG(s) 'example_time_delta_sensor_async' retrieved from /home/airflow/.local/lib/python3.12/site-packages/airflow/example_dags/example_time_delta_sensor_async.py
[2026-09-22T16:47:56.731+0000] {logging_mixin.py:188} INFO - [2026-09-22T16:47:56.731+0000] {dag.py:3089} INFO - Sync 1 DAGs
[2026-09-22T16:47:56.748+0000] {logging_mixin.py:188} INFO - [2026-09-22T16:47:56.747+0000] {dag.py:3947} INFO - Setting next_dagrun for example_time_delta_sensor_async to None, run_after=None
[2026-09-22T16:47:56.774+0000] {processor.py:183} INFO - Processing /home/airflow/.local/lib/python3.12/site-packages/airflow/example_dags/example_time_delta_sensor_async.py took 0.098 seconds
[2026-09-22T16:48:27.470+0000] {processor.py:161} INFO - Started process (PID=630) to work on /home/airflow/.local/lib/python3.12/site-packages/airflow/example_dags/example_time_delta_sensor_async.py
[2026-09-22T16:48:27.471+0000] {processor.py:830} INFO - Processing file /home/airflow/.local/lib/python3.12/site-packages/airflow/example_dags/example_time_delta_sensor_async.py for tasks to queue
[2026-09-22T16:48:27.475+0000] {logging_mixin.py:188} INFO - [2026-09-22T16:48:27.474+0000] {dagbag.py:545} INFO - Filling up the DagBag from /home/airflow/.local/lib/python3.12/site-packages/airflow/example_dags/example_time_delta_sensor_async.py
[2026-09-22T16:48:27.481+0000] {processor.py:840} INFO - DAG(s) 'example_time_delta_sensor_async' retrieved from /home/airflow/.local/lib/python3.12/site-packages/airflow/example_dags/example_time_delta_sensor_async.py
[2026-09-22T16:48:27.508+0000] {logging_mixin.py:188} INFO - [2026-09-22T16:48:27.508+0000] {dag.py:3089} INFO - Sync 1 DAGs
[2026-09-22T16:48:27.526+0000] {logging_mixin.py:188} INFO - [2026-09-22T16:48:27.526+0000] {dag.py:3947} INFO - Setting next_dagrun for example_time_delta_sensor_async to None, run_after=None
[2026-09-22T16:48:27.556+0000] {processor.py:183} INFO - Processing /home/airflow/.local/lib/python3.12/site-packages/airflow/example_dags/example_time_delta_sensor_async.py took 0.097 seconds
[2026-09-22T16:48:57.919+0000] {processor.py:161} INFO - Started process (PID=688) to work on /home/airflow/.local/lib/python3.12/site-packages/airflow/example_dags/example_time_delta_sensor_async.py
[2026-09-22T16:48:57.921+0000] {processor.py:830} INFO - Processing file /home/airflow/.local/lib/python3.12/site-packages/airflow/example_dags/example_time_delta_sensor_async.py for tasks to queue
[2026-09-22T16:48:57.926+0000] {logging_mixin.py:188} INFO - [2026-09-22T16:48:57.925+0000] {dagbag.py:545} INFO - Filling up the DagBag from /home/airflow/.local/lib/python3.12/site-packages/airflow/example_dags/example_time_delta_sensor_async.py
[2026-09-22T16:48:57.939+0000] {processor.py:840} INFO - DAG(s) 'example_time_delta_sensor_async' retrieved from /home/airflow/.local/lib/python3.12/site-packages/airflow/example_dags/example_time_delta_sensor_async.py
[2026-09-22T16:48:57.988+0000] {logging_mixin.py:188} INFO - [2026-09-22T16:48:57.987+0000] {dag.py:3089} INFO - Sync 1 DAGs
[2026-09-22T16:48:58.024+0000] {logging_mixin.py:188} INFO - [2026-09-22T16:48:58.023+0000] {dag.py:3947} INFO - Setting next_dagrun for example_time_delta_sensor_async to None, run_after=None
[2026-09-22T16:48:58.128+0000] {processor.py:183} INFO - Processing /home/airflow/.local/lib/python3.12/site-packages/airflow/example_dags/example_time_delta_sensor_async.py took 0.229 seconds
[2026-09-22T16:49:29.359+0000] {processor.py:161} INFO - Started process (PID=747) to work on /home/airflow/.local/lib/python3.12/site-packages/airflow/example_dags/example_time_delta_sensor_async.py
[2026-09-22T16:49:29.361+0000] {processor.py:830} INFO - Processing file /home/airflow/.local/lib/python3.12/site-packages/airflow/example_dags/example_time_delta_sensor_async.py for tasks to queue
[2026-09-22T16:49:29.369+0000] {logging_mixin.py:188} INFO - [2026-09-22T16:49:29.368+0000] {dagbag.py:545} INFO - Filling up the DagBag from /home/airflow/.local/lib/python3.12/site-packages/airflow/example_dags/example_time_delta_sensor_async.py
[2026-09-22T16:49:29.384+0000] {processor.py:840} INFO - DAG(s) 'example_time_delta_sensor_async' retrieved from /home/airflow/.local/lib/python3.12/site-packages/airflow/example_dags/example_time_delta_sensor_async.py
[2026-09-22T16:49:29.442+0000] {logging_mixin.py:188} INFO - [2026-09-22T16:49:29.441+0000] {dag.py:3089} INFO - Sync 1 DAGs
[2026-09-22T16:49:29.472+0000] {logging_mixin.py:188} INFO - [2026-09-22T16:49:29.471+0000] {dag.py:3947} INFO - Setting next_dagrun for example_time_delta_sensor_async to None, run_after=None
[2026-09-22T16:49:29.541+0000] {processor.py:183} INFO - Processing /home/airflow/.local/lib/python3.12/site-packages/airflow/example_dags/example_time_delta_sensor_async.py took 0.200 seconds
[2026-09-22T16:50:00.097+0000] {processor.py:161} INFO - Started process (PID=805) to work on /home/airflow/.local/lib/python3.12/site-packages/airflow/example_dags/example_time_delta_sensor_async.py
[2026-09-22T16:50:00.099+0000] {processor.py:830} INFO - Processing file /home/airflow/.local/lib/python3.12/site-packages/airflow/example_dags/example_time_delta_sensor_async.py for tasks to queue
[2026-09-22T16:50:00.104+0000] {logging_mixin.py:188} INFO - [2026-09-22T16:50:00.103+0000] {dagbag.py:545} INFO - Filling up the DagBag from /home/airflow/.local/lib/python3.12/site-packages/airflow/example_dags/example_time_delta_sensor_async.py
[2026-09-22T16:50:00.113+0000] {processor.py:840} INFO - DAG(s) 'example_time_delta_sensor_async' retrieved from /home/airflow/.local/lib/python3.12/site-packages/airflow/example_dags/example_time_delta_sensor_async.py
[2026-09-22T16:50:00.152+0000] {logging_mixin.py:188} INFO - [2026-09-22T16:50:00.152+0000] {dag.py:3089} INFO - Sync 1 DAGs
[2026-09-22T16:50:00.171+0000] {logging_mixin.py:188} INFO - [2026-09-22T16:50:00.171+0000] {dag.py:3947} INFO - Setting next_dagrun for example_time_delta_sensor_async to None, run_after=None
[2026-09-22T16:50:00.248+0000] {processor.py:183} INFO - Processing /home/airflow/.local/lib/python3.12/site-packages/airflow/example_dags/example_time_delta_sensor_async.py took 0.161 seconds
[2026-09-22T16:50:30.496+0000] {processor.py:161} INFO - Started process (PID=864) to work on /home/airflow/.local/lib/python3.12/site-packages/airflow/example_dags/example_time_delta_sensor_async.py
[2026-09-22T16:50:30.499+0000] {processor.py:830} INFO - Processing file /home/airflow/.local/lib/python3.12/site-packages/airflow/example_dags/example_time_delta_sensor_async.py for tasks to queue
[2026-09-22T16:50:30.504+0000] {logging_mixin.py:188} INFO - [2026-09-22T16:50:30.503+0000] {dagbag.py:545} INFO - Filling up the DagBag from /home/airflow/.local/lib/python3.12/site-packages/airflow/example_dags/example_time_delta_sensor_async.py
[2026-09-22T16:50:30.513+0000] {processor.py:840} INFO - DAG(s) 'example_time_delta_sensor_async' retrieved from /home/airflow/.local/lib/python3.12/site-packages/airflow/example_dags/example_time_delta_sensor_async.py
[2026-09-22T16:50:30.548+0000] {logging_mixin.py:188} INFO - [2026-09-22T16:50:30.548+0000] {dag.py:3089} INFO - Sync 1 DAGs
[2026-09-22T16:50:30.573+0000] {logging_mixin.py:188} INFO - [2026-09-22T16:50:30.573+0000] {dag.py:3947} INFO - Setting next_dagrun for example_time_delta_sensor_async to None, run_after=None
[2026-09-22T16:50:30.658+0000] {processor.py:183} INFO - Processing /home/airflow/.local/lib/python3.12/site-packages/airflow/example_dags/example_time_delta_sensor_async.py took 0.173 seconds
[2026-09-22T16:51:01.640+0000] {processor.py:161} INFO - Started process (PID=922) to work on /home/airflow/.local/lib/python3.12/site-packages/airflow/example_dags/example_time_delta_sensor_async.py
[2026-09-22T16:51:01.645+0000] {processor.py:830} INFO - Processing file /home/airflow/.local/lib/python3.12/site-packages/airflow/example_dags/example_time_delta_sensor_async.py for tasks to queue
[2026-09-22T16:51:01.655+0000] {logging_mixin.py:188} INFO - [2026-09-22T16:51:01.654+0000] {dagbag.py:545} INFO - Filling up the DagBag from /home/airflow/.local/lib/python3.12/site-packages/airflow/example_dags/example_time_delta_sensor_async.py
[2026-09-22T16:51:01.666+0000] {processor.py:840} INFO - DAG(s) 'example_time_delta_sensor_async' retrieved from /home/airflow/.local/lib/python3.12/site-packages/airflow/example_dags/example_time_delta_sensor_async.py
[2026-09-22T16:51:01.712+0000] {logging_mixin.py:188} INFO - [2026-09-22T16:51:01.712+0000] {dag.py:3089} INFO - Sync 1 DAGs
[2026-09-22T16:51:01.737+0000] {logging_mixin.py:188} INFO - [2026-09-22T16:51:01.737+0000] {dag.py:3947} INFO - Setting next_dagrun for example_time_delta_sensor_async to None, run_after=None
[2026-09-22T16:51:01.788+0000] {processor.py:183} INFO - Processing /home/airflow/.local/lib/python3.12/site-packages/airflow/example_dags/example_time_delta_sensor_async.py took 0.171 seconds
[2026-09-22T16:51:32.750+0000] {processor.py:161} INFO - Started process (PID=980) to work on /home/airflow/.local/lib/python3.12/site-packages/airflow/example_dags/example_time_delta_sensor_async.py
[2026-09-22T16:51:32.752+0000] {processor.py:830} INFO - Processing file /home/airflow/.local/lib/python3.12/site-packages/airflow/example_dags/example_time_delta_sensor_async.py for tasks to queue
[2026-09-22T16:51:32.755+0000] {logging_mixin.py:188} INFO - [2026-09-22T16:51:32.755+0000] {dagbag.py:545} INFO - Filling up the DagBag from /home/airflow/.local/lib/python3.12/site-packages/airflow/example_dags/example_time_delta_sensor_async.py
[2026-09-22T16:51:32.766+0000] {processor.py:840} INFO - DAG(s) 'example_time_delta_sensor_async' retrieved from /home/airflow/.local/lib/python3.12/site-packages/airflow/example_dags/example_time_delta_sensor_async.py
[2026-09-22T16:51:32.813+0000] {logging_mixin.py:188} INFO - [2026-09-22T16:51:32.812+0000] {dag.py:3089} INFO - Sync 1 DAGs
[2026-09-22T16:51:32.836+0000] {logging_mixin.py:188} INFO - [2026-09-22T16:51:32.836+0000] {dag.py:3947} INFO - Setting next_dagrun for example_time_delta_sensor_async to None, run_after=None
[2026-09-22T16:51:32.874+0000] {processor.py:183} INFO - Processing /home/airflow/.local/lib/python3.12/site-packages/airflow/example_dags/example_time_delta_sensor_async.py took 0.141 seconds
[2026-09-22T16:52:24.526+0000] {processor.py:161} INFO - Started process (PID=1030) to work on /home/airflow/.local/lib/python3.12/site-packages/airflow/example_dags/example_time_delta_sensor_async.py
[2026-09-22T16:52:24.528+0000] {processor.py:830} INFO - Processing file /home/airflow/.local/lib/python3.12/site-packages/airflow/example_dags/example_time_delta_sensor_async.py for tasks to queue
[2026-09-22T16:52:24.530+0000] {logging_mixin.py:188} INFO - [2026-09-22T16:52:24.530+0000] {dagbag.py:545} INFO - Filling up the DagBag from /home/airflow/.local/lib/python3.12/site-packages/airflow/example_dags/example_time_delta_sensor_async.py
[2026-09-22T16:52:24.536+0000] {processor.py:840} INFO - DAG(s) 'example_time_delta_sensor_async' retrieved from /home/airflow/.local/lib/python3.12/site-packages/airflow/example_dags/example_time_delta_sensor_async.py
[2026-09-22T16:52:24.564+0000] {logging_mixin.py:188} INFO - [2026-09-22T16:52:24.564+0000] {dag.py:3089} INFO - Sync 1 DAGs
[2026-09-22T16:52:24.583+0000] {logging_mixin.py:188} INFO - [2026-09-22T16:52:24.583+0000] {dag.py:3947} INFO - Setting next_dagrun for example_time_delta_sensor_async to None, run_after=None
[2026-09-22T16:52:24.616+0000] {processor.py:183} INFO - Processing /home/airflow/.local/lib/python3.12/site-packages/airflow/example_dags/example_time_delta_sensor_async.py took 0.097 seconds
[2026-09-22T16:52:55.486+0000] {processor.py:161} INFO - Started process (PID=1094) to work on /home/airflow/.local/lib/python3.12/site-packages/airflow/example_dags/example_time_delta_sensor_async.py
[2026-09-22T16:52:55.487+0000] {processor.py:830} INFO - Processing file /home/airflow/.local/lib/python3.12/site-packages/airflow/example_dags/example_time_delta_sensor_async.py for tasks to queue
[2026-09-22T16:52:55.489+0000] {logging_mixin.py:188} INFO - [2026-09-22T16:52:55.489+0000] {dagbag.py:545} INFO - Filling up the DagBag from /home/airflow/.local/lib/python3.12/site-packages/airflow/example_dags/example_time_delta_sensor_async.py
[2026-09-22T16:52:55.493+0000] {processor.py:840} INFO - DAG(s) 'example_time_delta_sensor_async' retrieved from /home/airflow/.local/lib/python3.12/site-packages/airflow/example_dags/example_time_delta_sensor_async.py
[2026-09-22T16:52:55.516+0000] {logging_mixin.py:188} INFO - [2026-09-22T16:52:55.515+0000] {dag.py:3089} INFO - Sync 1 DAGs
[2026-09-22T16:52:55.532+0000] {logging_mixin.py:188} INFO - [2026-09-22T16:52:55.531+0000] {dag.py:3947} INFO - Setting next_dagrun for example_time_delta_sensor_async to None, run_after=None
[2026-09-22T16:52:55.556+0000] {processor.py:183} INFO - Processing /home/airflow/.local/lib/python3.12/site-packages/airflow/example_dags/example_time_delta_sensor_async.py took 0.076 seconds
[2026-09-22T16:53:25.771+0000] {processor.py:161} INFO - Started process (PID=1152) to work on /home/airflow/.local/lib/python3.12/site-packages/airflow/example_dags/example_time_delta_sensor_async.py
[2026-09-22T16:53:25.772+0000] {processor.py:830} INFO - Processing file /home/airflow/.local/lib/python3.12/site-packages/airflow/example_dags/example_time_delta_sensor_async.py for tasks to queue
[2026-09-22T16:53:25.774+0000] {logging_mixin.py:188} INFO - [2026-09-22T16:53:25.774+0000] {dagbag.py:545} INFO - Filling up the DagBag from /home/airflow/.local/lib/python3.12/site-packages/airflow/example_dags/example_time_delta_sensor_async.py
[2026-09-22T16:53:25.778+0000] {processor.py:840} INFO - DAG(s) 'example_time_delta_sensor_async' retrieved from /home/airflow/.local/lib/python3.12/site-packages/airflow/example_dags/example_time_delta_sensor_async.py
[2026-09-22T16:53:25.796+0000] {logging_mixin.py:188} INFO - [2026-09-22T16:53:25.796+0000] {dag.py:3089} INFO - Sync 1 DAGs
[2026-09-22T16:53:25.808+0000] {logging_mixin.py:188} INFO - [2026-09-22T16:53:25.807+0000] {dag.py:3947} INFO - Setting next_dagrun for example_time_delta_sensor_async to None, run_after=None
[2026-09-22T16:53:25.829+0000] {processor.py:183} INFO - Processing /home/airflow/.local/lib/python3.12/site-packages/airflow/example_dags/example_time_delta_sensor_async.py took 0.064 seconds
[2026-09-22T16:53:55.993+0000] {processor.py:161} INFO - Started process (PID=1210) to work on /home/airflow/.local/lib/python3.12/site-packages/airflow/example_dags/example_time_delta_sensor_async.py
[2026-09-22T16:53:55.994+0000] {processor.py:830} INFO - Processing file /home/airflow/.local/lib/python3.12/site-packages/airflow/example_dags/example_time_delta_sensor_async.py for tasks to queue
[2026-09-22T16:53:55.996+0000] {logging_mixin.py:188} INFO - [2026-09-22T16:53:55.995+0000] {dagbag.py:545} INFO - Filling up the DagBag from /home/airflow/.local/lib/python3.12/site-packages/airflow/example_dags/example_time_delta_sensor_async.py
[2026-09-22T16:53:56.000+0000] {processor.py:840} INFO - DAG(s) 'example_time_delta_sensor_async' retrieved from /home/airflow/.local/lib/python3.12/site-packages/airflow/example_dags/example_time_delta_sensor_async.py
[2026-09-22T16:53:56.018+0000] {logging_mixin.py:188} INFO - [2026-09-22T16:53:56.017+0000] {dag.py:3089} INFO - Sync 1 DAGs
[2026-09-22T16:53:56.028+0000] {logging_mixin.py:188} INFO - [2026-09-22T16:53:56.028+0000] {dag.py:3947} INFO - Setting next_dagrun for example_time_delta_sensor_async to None, run_after=None
[2026-09-22T16:53:56.048+0000] {processor.py:183} INFO - Processing /home/airflow/.local/lib/python3.12/site-packages/airflow/example_dags/example_time_delta_sensor_async.py took 0.060 seconds
[2026-09-22T16:54:26.166+0000] {processor.py:161} INFO - Started process (PID=1268) to work on /home/airflow/.local/lib/python3.12/site-packages/airflow/example_dags/example_time_delta_sensor_async.py
[2026-09-22T16:54:26.167+0000] {processor.py:830} INFO - Processing file /home/airflow/.local/lib/python3.12/site-packages/airflow/example_dags/example_time_delta_sensor_async.py for tasks to queue
[2026-09-22T16:54:26.169+0000] {logging_mixin.py:188} INFO - [2026-09-22T16:54:26.169+0000] {dagbag.py:545} INFO - Filling up the DagBag from /home/airflow/.local/lib/python3.12/site-packages/airflow/example_dags/example_time_delta_sensor_async.py
[2026-09-22T16:54:26.174+0000] {processor.py:840} INFO - DAG(s) 'example_time_delta_sensor_async' retrieved from /home/airflow/.local/lib/python3.12/site-packages/airflow/example_dags/example_time_delta_sensor_async.py
[2026-09-22T16:54:26.193+0000] {logging_mixin.py:188} INFO - [2026-09-22T16:54:26.193+0000] {dag.py:3089} INFO - Sync 1 DAGs
[2026-09-22T16:54:26.207+0000] {logging_mixin.py:188} INFO - [2026-09-22T16:54:26.207+0000] {dag.py:3947} INFO - Setting next_dagrun for example_time_delta_sensor_async to None, run_after=None
[2026-09-22T16:54:26.228+0000] {processor.py:183} INFO - Processing /home/airflow/.local/lib/python3.12/site-packages/airflow/example_dags/example_time_delta_sensor_async.py took 0.070 seconds
[2026-09-22T16:54:56.699+0000] {processor.py:161} INFO - Started process (PID=1326) to work on /home/airflow/.local/lib/python3.12/site-packages/airflow/example_dags/example_time_delta_sensor_async.py
[2026-09-22T16:54:56.700+0000] {processor.py:830} INFO - Processing file /home/airflow/.local/lib/python3.12/site-packages/airflow/example_dags/example_time_delta_sensor_async.py for tasks to queue
[2026-09-22T16:54:56.702+0000] {logging_mixin.py:188} INFO - [2026-09-22T16:54:56.702+0000] {dagbag.py:545} INFO - Filling up the DagBag from /home/airflow/.local/lib/python3.12/site-packages/airflow/example_dags/example_time_delta_sensor_async.py
[2026-09-22T16:54:56.707+0000] {processor.py:840} INFO - DAG(s) 'example_time_delta_sensor_async' retrieved from /home/airflow/.local/lib/python3.12/site-packages/airflow/example_dags/example_time_delta_sensor_async.py
[2026-09-22T16:54:56.729+0000] {logging_mixin.py:188} INFO - [2026-09-22T16:54:56.729+0000] {dag.py:3089} INFO - Sync 1 DAGs
[2026-09-22T16:54:56.744+0000] {logging_mixin.py:188} INFO - [2026-09-22T16:54:56.743+0000] {dag.py:3947} INFO - Setting next_dagrun for example_time_delta_sensor_async to None, run_after=None
[2026-09-22T16:54:56.766+0000] {processor.py:183} INFO - Processing /home/airflow/.local/lib/python3.12/site-packages/airflow/example_dags/example_time_delta_sensor_async.py took 0.072 seconds
[2026-09-22T16:55:27.039+0000] {processor.py:161} INFO - Started process (PID=1384) to work on /home/airflow/.local/lib/python3.12/site-packages/airflow/example_dags/example_time_delta_sensor_async.py
[2026-09-22T16:55:27.041+0000] {processor.py:830} INFO - Processing file /home/airflow/.local/lib/python3.12/site-packages/airflow/example_dags/example_time_delta_sensor_async.py for tasks to queue
[2026-09-22T16:55:27.044+0000] {logging_mixin.py:188} INFO - [2026-09-22T16:55:27.044+0000] {dagbag.py:545} INFO - Filling up the DagBag from /home/airflow/.local/lib/python3.12/site-packages/airflow/example_dags/example_time_delta_sensor_async.py
[2026-09-22T16:55:27.049+0000] {processor.py:840} INFO - DAG(s) 'example_time_delta_sensor_async' retrieved from /home/airflow/.local/lib/python3.12/site-packages/airflow/example_dags/example_time_delta_sensor_async.py
[2026-09-22T16:55:27.072+0000] {logging_mixin.py:188} INFO - [2026-09-22T16:55:27.072+0000] {dag.py:3089} INFO - Sync 1 DAGs
[2026-09-22T16:55:27.083+0000] {logging_mixin.py:188} INFO - [2026-09-22T16:55:27.083+0000] {dag.py:3947} INFO - Setting next_dagrun for example_time_delta_sensor_async to None, run_after=None
[2026-09-22T16:55:27.113+0000] {processor.py:183} INFO - Processing /home/airflow/.local/lib/python3.12/site-packages/airflow/example_dags/example_time_delta_sensor_async.py took 0.080 seconds
[2026-09-22T16:55:57.446+0000] {processor.py:161} INFO - Started process (PID=1442) to work on /home/airflow/.local/lib/python3.12/site-packages/airflow/example_dags/example_time_delta_sensor_async.py
[2026-09-22T16:55:57.447+0000] {processor.py:830} INFO - Processing file /home/airflow/.local/lib/python3.12/site-packages/airflow/example_dags/example_time_delta_sensor_async.py for tasks to queue
[2026-09-22T16:55:57.450+0000] {logging_mixin.py:188} INFO - [2026-09-22T16:55:57.450+0000] {dagbag.py:545} INFO - Filling up the DagBag from /home/airflow/.local/lib/python3.12/site-packages/airflow/example_dags/example_time_delta_sensor_async.py
[2026-09-22T16:55:57.458+0000] {processor.py:840} INFO - DAG(s) 'example_time_delta_sensor_async' retrieved from /home/airflow/.local/lib/python3.12/site-packages/airflow/example_dags/example_time_delta_sensor_async.py
[2026-09-22T16:55:57.486+0000] {logging_mixin.py:188} INFO - [2026-09-22T16:55:57.486+0000] {dag.py:3089} INFO - Sync 1 DAGs
[2026-09-22T16:55:57.517+0000] {logging_mixin.py:188} INFO - [2026-09-22T16:55:57.516+0000] {dag.py:3947} INFO - Setting next_dagrun for example_time_delta_sensor_async to None, run_after=None
[2026-09-22T16:55:57.562+0000] {processor.py:183} INFO - Processing /home/airflow/.local/lib/python3.12/site-packages/airflow/example_dags/example_time_delta_sensor_async.py took 0.123 seconds
[2026-09-22T16:56:28.368+0000] {processor.py:161} INFO - Started process (PID=1500) to work on /home/airflow/.local/lib/python3.12/site-packages/airflow/example_dags/example_time_delta_sensor_async.py
[2026-09-22T16:56:28.369+0000] {processor.py:830} INFO - Processing file /home/airflow/.local/lib/python3.12/site-packages/airflow/example_dags/example_time_delta_sensor_async.py for tasks to queue
[2026-09-22T16:56:28.372+0000] {logging_mixin.py:188} INFO - [2026-09-22T16:56:28.372+0000] {dagbag.py:545} INFO - Filling up the DagBag from /home/airflow/.local/lib/python3.12/site-packages/airflow/example_dags/example_time_delta_sensor_async.py
[2026-09-22T16:56:28.376+0000] {processor.py:840} INFO - DAG(s) 'example_time_delta_sensor_async' retrieved from /home/airflow/.local/lib/python3.12/site-packages/airflow/example_dags/example_time_delta_sensor_async.py
[2026-09-22T16:56:28.395+0000] {logging_mixin.py:188} INFO - [2026-09-22T16:56:28.395+0000] {dag.py:3089} INFO - Sync 1 DAGs
[2026-09-22T16:56:28.407+0000] {logging_mixin.py:188} INFO - [2026-09-22T16:56:28.407+0000] {dag.py:3947} INFO - Setting next_dagrun for example_time_delta_sensor_async to None, run_after=None
[2026-09-22T16:56:28.429+0000] {processor.py:183} INFO - Processing /home/airflow/.local/lib/python3.12/site-packages/airflow/example_dags/example_time_delta_sensor_async.py took 0.066 seconds
[2026-09-22T16:58:06.202+0000] {processor.py:161} INFO - Started process (PID=120) to work on /home/airflow/.local/lib/python3.12/site-packages/airflow/example_dags/example_time_delta_sensor_async.py
[2026-09-22T16:58:06.204+0000] {processor.py:830} INFO - Processing file /home/airflow/.local/lib/python3.12/site-packages/airflow/example_dags/example_time_delta_sensor_async.py for tasks to queue
[2026-09-22T16:58:06.206+0000] {logging_mixin.py:188} INFO - [2026-09-22T16:58:06.206+0000] {dagbag.py:545} INFO - Filling up the DagBag from /home/airflow/.local/lib/python3.12/site-packages/airflow/example_dags/example_time_delta_sensor_async.py
[2026-09-22T16:58:06.213+0000] {processor.py:840} INFO - DAG(s) 'example_time_delta_sensor_async' retrieved from /home/airflow/.local/lib/python3.12/site-packages/airflow/example_dags/example_time_delta_sensor_async.py
[2026-09-22T16:58:06.340+0000] {logging_mixin.py:188} INFO - [2026-09-22T16:58:06.340+0000] {dag.py:3089} INFO - Sync 1 DAGs
[2026-09-22T16:58:06.353+0000] {logging_mixin.py:188} INFO - [2026-09-22T16:58:06.353+0000] {dag.py:3947} INFO - Setting next_dagrun for example_time_delta_sensor_async to None, run_after=None
[2026-09-22T16:58:06.378+0000] {processor.py:183} INFO - Processing /home/airflow/.local/lib/python3.12/site-packages/airflow/example_dags/example_time_delta_sensor_async.py took 0.182 seconds
[2026-09-22T16:58:37.195+0000] {processor.py:161} INFO - Started process (PID=178) to work on /home/airflow/.local/lib/python3.12/site-packages/airflow/example_dags/example_time_delta_sensor_async.py
[2026-09-22T16:58:37.196+0000] {processor.py:830} INFO - Processing file /home/airflow/.local/lib/python3.12/site-packages/airflow/example_dags/example_time_delta_sensor_async.py for tasks to queue
[2026-09-22T16:58:37.198+0000] {logging_mixin.py:188} INFO - [2026-09-22T16:58:37.198+0000] {dagbag.py:545} INFO - Filling up the DagBag from /home/airflow/.local/lib/python3.12/site-packages/airflow/example_dags/example_time_delta_sensor_async.py
[2026-09-22T16:58:37.202+0000] {processor.py:840} INFO - DAG(s) 'example_time_delta_sensor_async' retrieved from /home/airflow/.local/lib/python3.12/site-packages/airflow/example_dags/example_time_delta_sensor_async.py
[2026-09-22T16:58:37.223+0000] {logging_mixin.py:188} INFO - [2026-09-22T16:58:37.223+0000] {dag.py:3089} INFO - Sync 1 DAGs
[2026-09-22T16:58:37.238+0000] {logging_mixin.py:188} INFO - [2026-09-22T16:58:37.238+0000] {dag.py:3947} INFO - Setting next_dagrun for example_time_delta_sensor_async to None, run_after=None
[2026-09-22T16:58:37.270+0000] {processor.py:183} INFO - Processing /home/airflow/.local/lib/python3.12/site-packages/airflow/example_dags/example_time_delta_sensor_async.py took 0.080 seconds
[2026-09-22T16:59:08.198+0000] {processor.py:161} INFO - Started process (PID=236) to work on /home/airflow/.local/lib/python3.12/site-packages/airflow/example_dags/example_time_delta_sensor_async.py
[2026-09-22T16:59:08.200+0000] {processor.py:830} INFO - Processing file /home/airflow/.local/lib/python3.12/site-packages/airflow/example_dags/example_time_delta_sensor_async.py for tasks to queue
[2026-09-22T16:59:08.202+0000] {logging_mixin.py:188} INFO - [2026-09-22T16:59:08.201+0000] {dagbag.py:545} INFO - Filling up the DagBag from /home/airflow/.local/lib/python3.12/site-packages/airflow/example_dags/example_time_delta_sensor_async.py
[2026-09-22T16:59:08.206+0000] {processor.py:840} INFO - DAG(s) 'example_time_delta_sensor_async' retrieved from /home/airflow/.local/lib/python3.12/site-packages/airflow/example_dags/example_time_delta_sensor_async.py
[2026-09-22T16:59:08.226+0000] {logging_mixin.py:188} INFO - [2026-09-22T16:59:08.226+0000] {dag.py:3089} INFO - Sync 1 DAGs
[2026-09-22T16:59:08.237+0000] {logging_mixin.py:188} INFO - [2026-09-22T16:59:08.237+0000] {dag.py:3947} INFO - Setting next_dagrun for example_time_delta_sensor_async to None, run_after=None
[2026-09-22T16:59:08.257+0000] {processor.py:183} INFO - Processing /home/airflow/.local/lib/python3.12/site-packages/airflow/example_dags/example_time_delta_sensor_async.py took 0.064 seconds
[2026-09-22T16:59:38.558+0000] {processor.py:161} INFO - Started process (PID=294) to work on /home/airflow/.local/lib/python3.12/site-packages/airflow/example_dags/example_time_delta_sensor_async.py
[2026-09-22T16:59:38.559+0000] {processor.py:830} INFO - Processing file /home/airflow/.local/lib/python3.12/site-packages/airflow/example_dags/example_time_delta_sensor_async.py for tasks to queue
[2026-09-22T16:59:38.561+0000] {logging_mixin.py:188} INFO - [2026-09-22T16:59:38.561+0000] {dagbag.py:545} INFO - Filling up the DagBag from /home/airflow/.local/lib/python3.12/site-packages/airflow/example_dags/example_time_delta_sensor_async.py
[2026-09-22T16:59:38.573+0000] {processor.py:840} INFO - DAG(s) 'example_time_delta_sensor_async' retrieved from /home/airflow/.local/lib/python3.12/site-packages/airflow/example_dags/example_time_delta_sensor_async.py
[2026-09-22T16:59:38.597+0000] {logging_mixin.py:188} INFO - [2026-09-22T16:59:38.597+0000] {dag.py:3089} INFO - Sync 1 DAGs
[2026-09-22T16:59:38.619+0000] {logging_mixin.py:188} INFO - [2026-09-22T16:59:38.619+0000] {dag.py:3947} INFO - Setting next_dagrun for example_time_delta_sensor_async to None, run_after=None
[2026-09-22T16:59:38.650+0000] {processor.py:183} INFO - Processing /home/airflow/.local/lib/python3.12/site-packages/airflow/example_dags/example_time_delta_sensor_async.py took 0.097 seconds
[2026-09-22T17:00:08.945+0000] {processor.py:161} INFO - Started process (PID=352) to work on /home/airflow/.local/lib/python3.12/site-packages/airflow/example_dags/example_time_delta_sensor_async.py
[2026-09-22T17:00:08.947+0000] {processor.py:830} INFO - Processing file /home/airflow/.local/lib/python3.12/site-packages/airflow/example_dags/example_time_delta_sensor_async.py for tasks to queue
[2026-09-22T17:00:08.949+0000] {logging_mixin.py:188} INFO - [2026-09-22T17:00:08.949+0000] {dagbag.py:545} INFO - Filling up the DagBag from /home/airflow/.local/lib/python3.12/site-packages/airflow/example_dags/example_time_delta_sensor_async.py
[2026-09-22T17:00:08.954+0000] {processor.py:840} INFO - DAG(s) 'example_time_delta_sensor_async' retrieved from /home/airflow/.local/lib/python3.12/site-packages/airflow/example_dags/example_time_delta_sensor_async.py
[2026-09-22T17:00:08.976+0000] {logging_mixin.py:188} INFO - [2026-09-22T17:00:08.976+0000] {dag.py:3089} INFO - Sync 1 DAGs
[2026-09-22T17:00:08.991+0000] {logging_mixin.py:188} INFO - [2026-09-22T17:00:08.990+0000] {dag.py:3947} INFO - Setting next_dagrun for example_time_delta_sensor_async to None, run_after=None
[2026-09-22T17:00:09.011+0000] {processor.py:183} INFO - Processing /home/airflow/.local/lib/python3.12/site-packages/airflow/example_dags/example_time_delta_sensor_async.py took 0.072 seconds
[2026-09-22T17:00:39.452+0000] {processor.py:161} INFO - Started process (PID=410) to work on /home/airflow/.local/lib/python3.12/site-packages/airflow/example_dags/example_time_delta_sensor_async.py
[2026-09-22T17:00:39.453+0000] {processor.py:830} INFO - Processing file /home/airflow/.local/lib/python3.12/site-packages/airflow/example_dags/example_time_delta_sensor_async.py for tasks to queue
[2026-09-22T17:00:39.455+0000] {logging_mixin.py:188} INFO - [2026-09-22T17:00:39.455+0000] {dagbag.py:545} INFO - Filling up the DagBag from /home/airflow/.local/lib/python3.12/site-packages/airflow/example_dags/example_time_delta_sensor_async.py
[2026-09-22T17:00:39.459+0000] {processor.py:840} INFO - DAG(s) 'example_time_delta_sensor_async' retrieved from /home/airflow/.local/lib/python3.12/site-packages/airflow/example_dags/example_time_delta_sensor_async.py
[2026-09-22T17:00:39.477+0000] {logging_mixin.py:188} INFO - [2026-09-22T17:00:39.477+0000] {dag.py:3089} INFO - Sync 1 DAGs
[2026-09-22T17:00:39.489+0000] {logging_mixin.py:188} INFO - [2026-09-22T17:00:39.489+0000] {dag.py:3947} INFO - Setting next_dagrun for example_time_delta_sensor_async to None, run_after=None
[2026-09-22T17:00:39.513+0000] {processor.py:183} INFO - Processing /home/airflow/.local/lib/python3.12/site-packages/airflow/example_dags/example_time_delta_sensor_async.py took 0.067 seconds
[2026-09-22T17:01:09.994+0000] {processor.py:161} INFO - Started process (PID=468) to work on /home/airflow/.local/lib/python3.12/site-packages/airflow/example_dags/example_time_delta_sensor_async.py
[2026-09-22T17:01:09.995+0000] {processor.py:830} INFO - Processing file /home/airflow/.local/lib/python3.12/site-packages/airflow/example_dags/example_time_delta_sensor_async.py for tasks to queue
[2026-09-22T17:01:09.997+0000] {logging_mixin.py:188} INFO - [2026-09-22T17:01:09.996+0000] {dagbag.py:545} INFO - Filling up the DagBag from /home/airflow/.local/lib/python3.12/site-packages/airflow/example_dags/example_time_delta_sensor_async.py
[2026-09-22T17:01:10.002+0000] {processor.py:840} INFO - DAG(s) 'example_time_delta_sensor_async' retrieved from /home/airflow/.local/lib/python3.12/site-packages/airflow/example_dags/example_time_delta_sensor_async.py
[2026-09-22T17:01:10.022+0000] {logging_mixin.py:188} INFO - [2026-09-22T17:01:10.022+0000] {dag.py:3089} INFO - Sync 1 DAGs
[2026-09-22T17:01:10.034+0000] {logging_mixin.py:188} INFO - [2026-09-22T17:01:10.033+0000] {dag.py:3947} INFO - Setting next_dagrun for example_time_delta_sensor_async to None, run_after=None
[2026-09-22T17:01:10.055+0000] {processor.py:183} INFO - Processing /home/airflow/.local/lib/python3.12/site-packages/airflow/example_dags/example_time_delta_sensor_async.py took 0.066 seconds
[2026-09-22T17:01:40.647+0000] {processor.py:161} INFO - Started process (PID=526) to work on /home/airflow/.local/lib/python3.12/site-packages/airflow/example_dags/example_time_delta_sensor_async.py
[2026-09-22T17:01:40.647+0000] {processor.py:830} INFO - Processing file /home/airflow/.local/lib/python3.12/site-packages/airflow/example_dags/example_time_delta_sensor_async.py for tasks to queue
[2026-09-22T17:01:40.650+0000] {logging_mixin.py:188} INFO - [2026-09-22T17:01:40.649+0000] {dagbag.py:545} INFO - Filling up the DagBag from /home/airflow/.local/lib/python3.12/site-packages/airflow/example_dags/example_time_delta_sensor_async.py
[2026-09-22T17:01:40.655+0000] {processor.py:840} INFO - DAG(s) 'example_time_delta_sensor_async' retrieved from /home/airflow/.local/lib/python3.12/site-packages/airflow/example_dags/example_time_delta_sensor_async.py
[2026-09-22T17:01:40.677+0000] {logging_mixin.py:188} INFO - [2026-09-22T17:01:40.676+0000] {dag.py:3089} INFO - Sync 1 DAGs
[2026-09-22T17:01:40.689+0000] {logging_mixin.py:188} INFO - [2026-09-22T17:01:40.689+0000] {dag.py:3947} INFO - Setting next_dagrun for example_time_delta_sensor_async to None, run_after=None
[2026-09-22T17:01:40.713+0000] {processor.py:183} INFO - Processing /home/airflow/.local/lib/python3.12/site-packages/airflow/example_dags/example_time_delta_sensor_async.py took 0.072 seconds
[2026-09-22T17:02:11.022+0000] {processor.py:161} INFO - Started process (PID=584) to work on /home/airflow/.local/lib/python3.12/site-packages/airflow/example_dags/example_time_delta_sensor_async.py
[2026-09-22T17:02:11.024+0000] {processor.py:830} INFO - Processing file /home/airflow/.local/lib/python3.12/site-packages/airflow/example_dags/example_time_delta_sensor_async.py for tasks to queue
[2026-09-22T17:02:11.028+0000] {logging_mixin.py:188} INFO - [2026-09-22T17:02:11.027+0000] {dagbag.py:545} INFO - Filling up the DagBag from /home/airflow/.local/lib/python3.12/site-packages/airflow/example_dags/example_time_delta_sensor_async.py
[2026-09-22T17:02:11.040+0000] {processor.py:840} INFO - DAG(s) 'example_time_delta_sensor_async' retrieved from /home/airflow/.local/lib/python3.12/site-packages/airflow/example_dags/example_time_delta_sensor_async.py
[2026-09-22T17:02:11.073+0000] {logging_mixin.py:188} INFO - [2026-09-22T17:02:11.073+0000] {dag.py:3089} INFO - Sync 1 DAGs
[2026-09-22T17:02:11.095+0000] {logging_mixin.py:188} INFO - [2026-09-22T17:02:11.095+0000] {dag.py:3947} INFO - Setting next_dagrun for example_time_delta_sensor_async to None, run_after=None
[2026-09-22T17:02:11.128+0000] {processor.py:183} INFO - Processing /home/airflow/.local/lib/python3.12/site-packages/airflow/example_dags/example_time_delta_sensor_async.py took 0.114 seconds
[2026-09-22T17:03:34.937+0000] {processor.py:161} INFO - Started process (PID=118) to work on /home/airflow/.local/lib/python3.12/site-packages/airflow/example_dags/example_time_delta_sensor_async.py
[2026-09-22T17:03:34.938+0000] {processor.py:830} INFO - Processing file /home/airflow/.local/lib/python3.12/site-packages/airflow/example_dags/example_time_delta_sensor_async.py for tasks to queue
[2026-09-22T17:03:34.941+0000] {logging_mixin.py:188} INFO - [2026-09-22T17:03:34.941+0000] {dagbag.py:545} INFO - Filling up the DagBag from /home/airflow/.local/lib/python3.12/site-packages/airflow/example_dags/example_time_delta_sensor_async.py
[2026-09-22T17:03:34.947+0000] {processor.py:840} INFO - DAG(s) 'example_time_delta_sensor_async' retrieved from /home/airflow/.local/lib/python3.12/site-packages/airflow/example_dags/example_time_delta_sensor_async.py
[2026-09-22T17:03:35.059+0000] {logging_mixin.py:188} INFO - [2026-09-22T17:03:35.059+0000] {dag.py:3089} INFO - Sync 1 DAGs
[2026-09-22T17:03:35.072+0000] {logging_mixin.py:188} INFO - [2026-09-22T17:03:35.071+0000] {dag.py:3947} INFO - Setting next_dagrun for example_time_delta_sensor_async to None, run_after=None
[2026-09-22T17:03:35.097+0000] {processor.py:183} INFO - Processing /home/airflow/.local/lib/python3.12/site-packages/airflow/example_dags/example_time_delta_sensor_async.py took 0.166 seconds
[2026-09-22T17:04:05.789+0000] {processor.py:161} INFO - Started process (PID=176) to work on /home/airflow/.local/lib/python3.12/site-packages/airflow/example_dags/example_time_delta_sensor_async.py
[2026-09-22T17:04:05.790+0000] {processor.py:830} INFO - Processing file /home/airflow/.local/lib/python3.12/site-packages/airflow/example_dags/example_time_delta_sensor_async.py for tasks to queue
[2026-09-22T17:04:05.792+0000] {logging_mixin.py:188} INFO - [2026-09-22T17:04:05.792+0000] {dagbag.py:545} INFO - Filling up the DagBag from /home/airflow/.local/lib/python3.12/site-packages/airflow/example_dags/example_time_delta_sensor_async.py
[2026-09-22T17:04:05.796+0000] {processor.py:840} INFO - DAG(s) 'example_time_delta_sensor_async' retrieved from /home/airflow/.local/lib/python3.12/site-packages/airflow/example_dags/example_time_delta_sensor_async.py
[2026-09-22T17:04:05.816+0000] {logging_mixin.py:188} INFO - [2026-09-22T17:04:05.816+0000] {dag.py:3089} INFO - Sync 1 DAGs
[2026-09-22T17:04:05.828+0000] {logging_mixin.py:188} INFO - [2026-09-22T17:04:05.827+0000] {dag.py:3947} INFO - Setting next_dagrun for example_time_delta_sensor_async to None, run_after=None
[2026-09-22T17:04:05.852+0000] {processor.py:183} INFO - Processing /home/airflow/.local/lib/python3.12/site-packages/airflow/example_dags/example_time_delta_sensor_async.py took 0.069 seconds
[2026-09-22T17:04:36.883+0000] {processor.py:161} INFO - Started process (PID=234) to work on /home/airflow/.local/lib/python3.12/site-packages/airflow/example_dags/example_time_delta_sensor_async.py
[2026-09-22T17:04:36.884+0000] {processor.py:830} INFO - Processing file /home/airflow/.local/lib/python3.12/site-packages/airflow/example_dags/example_time_delta_sensor_async.py for tasks to queue
[2026-09-22T17:04:36.886+0000] {logging_mixin.py:188} INFO - [2026-09-22T17:04:36.886+0000] {dagbag.py:545} INFO - Filling up the DagBag from /home/airflow/.local/lib/python3.12/site-packages/airflow/example_dags/example_time_delta_sensor_async.py
[2026-09-22T17:04:36.890+0000] {processor.py:840} INFO - DAG(s) 'example_time_delta_sensor_async' retrieved from /home/airflow/.local/lib/python3.12/site-packages/airflow/example_dags/example_time_delta_sensor_async.py
[2026-09-22T17:04:36.908+0000] {logging_mixin.py:188} INFO - [2026-09-22T17:04:36.907+0000] {dag.py:3089} INFO - Sync 1 DAGs
[2026-09-22T17:04:36.919+0000] {logging_mixin.py:188} INFO - [2026-09-22T17:04:36.919+0000] {dag.py:3947} INFO - Setting next_dagrun for example_time_delta_sensor_async to None, run_after=None
[2026-09-22T17:04:36.939+0000] {processor.py:183} INFO - Processing /home/airflow/.local/lib/python3.12/site-packages/airflow/example_dags/example_time_delta_sensor_async.py took 0.062 seconds
[2026-09-22T17:05:07.672+0000] {processor.py:161} INFO - Started process (PID=292) to work on /home/airflow/.local/lib/python3.12/site-packages/airflow/example_dags/example_time_delta_sensor_async.py
[2026-09-22T17:05:07.673+0000] {processor.py:830} INFO - Processing file /home/airflow/.local/lib/python3.12/site-packages/airflow/example_dags/example_time_delta_sensor_async.py for tasks to queue
[2026-09-22T17:05:07.676+0000] {logging_mixin.py:188} INFO - [2026-09-22T17:05:07.675+0000] {dagbag.py:545} INFO - Filling up the DagBag from /home/airflow/.local/lib/python3.12/site-packages/airflow/example_dags/example_time_delta_sensor_async.py
[2026-09-22T17:05:07.680+0000] {processor.py:840} INFO - DAG(s) 'example_time_delta_sensor_async' retrieved from /home/airflow/.local/lib/python3.12/site-packages/airflow/example_dags/example_time_delta_sensor_async.py
[2026-09-22T17:05:07.702+0000] {logging_mixin.py:188} INFO - [2026-09-22T17:05:07.702+0000] {dag.py:3089} INFO - Sync 1 DAGs
[2026-09-22T17:05:07.715+0000] {logging_mixin.py:188} INFO - [2026-09-22T17:05:07.715+0000] {dag.py:3947} INFO - Setting next_dagrun for example_time_delta_sensor_async to None, run_after=None
[2026-09-22T17:05:07.742+0000] {processor.py:183} INFO - Processing /home/airflow/.local/lib/python3.12/site-packages/airflow/example_dags/example_time_delta_sensor_async.py took 0.076 seconds
[2026-09-22T17:05:38.096+0000] {processor.py:161} INFO - Started process (PID=350) to work on /home/airflow/.local/lib/python3.12/site-packages/airflow/example_dags/example_time_delta_sensor_async.py
[2026-09-22T17:05:38.097+0000] {processor.py:830} INFO - Processing file /home/airflow/.local/lib/python3.12/site-packages/airflow/example_dags/example_time_delta_sensor_async.py for tasks to queue
[2026-09-22T17:05:38.099+0000] {logging_mixin.py:188} INFO - [2026-09-22T17:05:38.099+0000] {dagbag.py:545} INFO - Filling up the DagBag from /home/airflow/.local/lib/python3.12/site-packages/airflow/example_dags/example_time_delta_sensor_async.py
[2026-09-22T17:05:38.103+0000] {processor.py:840} INFO - DAG(s) 'example_time_delta_sensor_async' retrieved from /home/airflow/.local/lib/python3.12/site-packages/airflow/example_dags/example_time_delta_sensor_async.py
[2026-09-22T17:05:38.121+0000] {logging_mixin.py:188} INFO - [2026-09-22T17:05:38.121+0000] {dag.py:3089} INFO - Sync 1 DAGs
[2026-09-22T17:05:38.132+0000] {logging_mixin.py:188} INFO - [2026-09-22T17:05:38.132+0000] {dag.py:3947} INFO - Setting next_dagrun for example_time_delta_sensor_async to None, run_after=None
[2026-09-22T17:05:38.152+0000] {processor.py:183} INFO - Processing /home/airflow/.local/lib/python3.12/site-packages/airflow/example_dags/example_time_delta_sensor_async.py took 0.062 seconds
[2026-09-22T17:06:08.645+0000] {processor.py:161} INFO - Started process (PID=408) to work on /home/airflow/.local/lib/python3.12/site-packages/airflow/example_dags/example_time_delta_sensor_async.py
[2026-09-22T17:06:08.647+0000] {processor.py:830} INFO - Processing file /home/airflow/.local/lib/python3.12/site-packages/airflow/example_dags/example_time_delta_sensor_async.py for tasks to queue
[2026-09-22T17:06:08.651+0000] {logging_mixin.py:188} INFO - [2026-09-22T17:06:08.650+0000] {dagbag.py:545} INFO - Filling up the DagBag from /home/airflow/.local/lib/python3.12/site-packages/airflow/example_dags/example_time_delta_sensor_async.py
[2026-09-22T17:06:08.660+0000] {processor.py:840} INFO - DAG(s) 'example_time_delta_sensor_async' retrieved from /home/airflow/.local/lib/python3.12/site-packages/airflow/example_dags/example_time_delta_sensor_async.py
[2026-09-22T17:06:08.695+0000] {logging_mixin.py:188} INFO - [2026-09-22T17:06:08.695+0000] {dag.py:3089} INFO - Sync 1 DAGs
[2026-09-22T17:06:08.718+0000] {logging_mixin.py:188} INFO - [2026-09-22T17:06:08.717+0000] {dag.py:3947} INFO - Setting next_dagrun for example_time_delta_sensor_async to None, run_after=None
[2026-09-22T17:06:08.762+0000] {processor.py:183} INFO - Processing /home/airflow/.local/lib/python3.12/site-packages/airflow/example_dags/example_time_delta_sensor_async.py took 0.128 seconds
[2026-09-22T17:06:39.389+0000] {processor.py:161} INFO - Started process (PID=466) to work on /home/airflow/.local/lib/python3.12/site-packages/airflow/example_dags/example_time_delta_sensor_async.py
[2026-09-22T17:06:39.390+0000] {processor.py:830} INFO - Processing file /home/airflow/.local/lib/python3.12/site-packages/airflow/example_dags/example_time_delta_sensor_async.py for tasks to queue
[2026-09-22T17:06:39.392+0000] {logging_mixin.py:188} INFO - [2026-09-22T17:06:39.392+0000] {dagbag.py:545} INFO - Filling up the DagBag from /home/airflow/.local/lib/python3.12/site-packages/airflow/example_dags/example_time_delta_sensor_async.py
[2026-09-22T17:06:39.396+0000] {processor.py:840} INFO - DAG(s) 'example_time_delta_sensor_async' retrieved from /home/airflow/.local/lib/python3.12/site-packages/airflow/example_dags/example_time_delta_sensor_async.py
[2026-09-22T17:06:39.414+0000] {logging_mixin.py:188} INFO - [2026-09-22T17:06:39.414+0000] {dag.py:3089} INFO - Sync 1 DAGs
[2026-09-22T17:06:39.425+0000] {logging_mixin.py:188} INFO - [2026-09-22T17:06:39.425+0000] {dag.py:3947} INFO - Setting next_dagrun for example_time_delta_sensor_async to None, run_after=None
[2026-09-22T17:06:39.447+0000] {processor.py:183} INFO - Processing /home/airflow/.local/lib/python3.12/site-packages/airflow/example_dags/example_time_delta_sensor_async.py took 0.063 seconds
[2026-09-22T17:07:10.196+0000] {processor.py:161} INFO - Started process (PID=524) to work on /home/airflow/.local/lib/python3.12/site-packages/airflow/example_dags/example_time_delta_sensor_async.py
[2026-09-22T17:07:10.197+0000] {processor.py:830} INFO - Processing file /home/airflow/.local/lib/python3.12/site-packages/airflow/example_dags/example_time_delta_sensor_async.py for tasks to queue
[2026-09-22T17:07:10.199+0000] {logging_mixin.py:188} INFO - [2026-09-22T17:07:10.199+0000] {dagbag.py:545} INFO - Filling up the DagBag from /home/airflow/.local/lib/python3.12/site-packages/airflow/example_dags/example_time_delta_sensor_async.py
[2026-09-22T17:07:10.205+0000] {processor.py:840} INFO - DAG(s) 'example_time_delta_sensor_async' retrieved from /home/airflow/.local/lib/python3.12/site-packages/airflow/example_dags/example_time_delta_sensor_async.py
[2026-09-22T17:07:10.226+0000] {logging_mixin.py:188} INFO - [2026-09-22T17:07:10.226+0000] {dag.py:3089} INFO - Sync 1 DAGs
[2026-09-22T17:07:10.238+0000] {logging_mixin.py:188} INFO - [2026-09-22T17:07:10.238+0000] {dag.py:3947} INFO - Setting next_dagrun for example_time_delta_sensor_async to None, run_after=None
[2026-09-22T17:07:10.260+0000] {processor.py:183} INFO - Processing /home/airflow/.local/lib/python3.12/site-packages/airflow/example_dags/example_time_delta_sensor_async.py took 0.071 seconds
[2026-09-22T17:07:40.707+0000] {processor.py:161} INFO - Started process (PID=582) to work on /home/airflow/.local/lib/python3.12/site-packages/airflow/example_dags/example_time_delta_sensor_async.py
[2026-09-22T17:07:40.708+0000] {processor.py:830} INFO - Processing file /home/airflow/.local/lib/python3.12/site-packages/airflow/example_dags/example_time_delta_sensor_async.py for tasks to queue
[2026-09-22T17:07:40.710+0000] {logging_mixin.py:188} INFO - [2026-09-22T17:07:40.710+0000] {dagbag.py:545} INFO - Filling up the DagBag from /home/airflow/.local/lib/python3.12/site-packages/airflow/example_dags/example_time_delta_sensor_async.py
[2026-09-22T17:07:40.717+0000] {processor.py:840} INFO - DAG(s) 'example_time_delta_sensor_async' retrieved from /home/airflow/.local/lib/python3.12/site-packages/airflow/example_dags/example_time_delta_sensor_async.py
[2026-09-22T17:07:40.737+0000] {logging_mixin.py:188} INFO - [2026-09-22T17:07:40.737+0000] {dag.py:3089} INFO - Sync 1 DAGs
[2026-09-22T17:07:40.751+0000] {logging_mixin.py:188} INFO - [2026-09-22T17:07:40.751+0000] {dag.py:3947} INFO - Setting next_dagrun for example_time_delta_sensor_async to None, run_after=None
[2026-09-22T17:07:40.771+0000] {processor.py:183} INFO - Processing /home/airflow/.local/lib/python3.12/site-packages/airflow/example_dags/example_time_delta_sensor_async.py took 0.069 seconds
[2026-09-22T17:08:11.058+0000] {processor.py:161} INFO - Started process (PID=640) to work on /home/airflow/.local/lib/python3.12/site-packages/airflow/example_dags/example_time_delta_sensor_async.py
[2026-09-22T17:08:11.059+0000] {processor.py:830} INFO - Processing file /home/airflow/.local/lib/python3.12/site-packages/airflow/example_dags/example_time_delta_sensor_async.py for tasks to queue
[2026-09-22T17:08:11.061+0000] {logging_mixin.py:188} INFO - [2026-09-22T17:08:11.061+0000] {dagbag.py:545} INFO - Filling up the DagBag from /home/airflow/.local/lib/python3.12/site-packages/airflow/example_dags/example_time_delta_sensor_async.py
[2026-09-22T17:08:11.066+0000] {processor.py:840} INFO - DAG(s) 'example_time_delta_sensor_async' retrieved from /home/airflow/.local/lib/python3.12/site-packages/airflow/example_dags/example_time_delta_sensor_async.py
[2026-09-22T17:08:11.087+0000] {logging_mixin.py:188} INFO - [2026-09-22T17:08:11.087+0000] {dag.py:3089} INFO - Sync 1 DAGs
[2026-09-22T17:08:11.098+0000] {logging_mixin.py:188} INFO - [2026-09-22T17:08:11.098+0000] {dag.py:3947} INFO - Setting next_dagrun for example_time_delta_sensor_async to None, run_after=None
[2026-09-22T17:08:11.121+0000] {processor.py:183} INFO - Processing /home/airflow/.local/lib/python3.12/site-packages/airflow/example_dags/example_time_delta_sensor_async.py took 0.068 seconds
[2026-09-22T17:08:41.278+0000] {processor.py:161} INFO - Started process (PID=704) to work on /home/airflow/.local/lib/python3.12/site-packages/airflow/example_dags/example_time_delta_sensor_async.py
[2026-09-22T17:08:41.279+0000] {processor.py:830} INFO - Processing file /home/airflow/.local/lib/python3.12/site-packages/airflow/example_dags/example_time_delta_sensor_async.py for tasks to queue
[2026-09-22T17:08:41.281+0000] {logging_mixin.py:188} INFO - [2026-09-22T17:08:41.280+0000] {dagbag.py:545} INFO - Filling up the DagBag from /home/airflow/.local/lib/python3.12/site-packages/airflow/example_dags/example_time_delta_sensor_async.py
[2026-09-22T17:08:41.285+0000] {processor.py:840} INFO - DAG(s) 'example_time_delta_sensor_async' retrieved from /home/airflow/.local/lib/python3.12/site-packages/airflow/example_dags/example_time_delta_sensor_async.py
[2026-09-22T17:08:41.302+0000] {logging_mixin.py:188} INFO - [2026-09-22T17:08:41.302+0000] {dag.py:3089} INFO - Sync 1 DAGs
[2026-09-22T17:08:41.313+0000] {logging_mixin.py:188} INFO - [2026-09-22T17:08:41.313+0000] {dag.py:3947} INFO - Setting next_dagrun for example_time_delta_sensor_async to None, run_after=None
[2026-09-22T17:08:41.332+0000] {processor.py:183} INFO - Processing /home/airflow/.local/lib/python3.12/site-packages/airflow/example_dags/example_time_delta_sensor_async.py took 0.059 seconds
[2026-09-22T17:09:11.688+0000] {processor.py:161} INFO - Started process (PID=762) to work on /home/airflow/.local/lib/python3.12/site-packages/airflow/example_dags/example_time_delta_sensor_async.py
[2026-09-22T17:09:11.689+0000] {processor.py:830} INFO - Processing file /home/airflow/.local/lib/python3.12/site-packages/airflow/example_dags/example_time_delta_sensor_async.py for tasks to queue
[2026-09-22T17:09:11.691+0000] {logging_mixin.py:188} INFO - [2026-09-22T17:09:11.691+0000] {dagbag.py:545} INFO - Filling up the DagBag from /home/airflow/.local/lib/python3.12/site-packages/airflow/example_dags/example_time_delta_sensor_async.py
[2026-09-22T17:09:11.695+0000] {processor.py:840} INFO - DAG(s) 'example_time_delta_sensor_async' retrieved from /home/airflow/.local/lib/python3.12/site-packages/airflow/example_dags/example_time_delta_sensor_async.py
[2026-09-22T17:09:11.714+0000] {logging_mixin.py:188} INFO - [2026-09-22T17:09:11.714+0000] {dag.py:3089} INFO - Sync 1 DAGs
[2026-09-22T17:09:11.727+0000] {logging_mixin.py:188} INFO - [2026-09-22T17:09:11.727+0000] {dag.py:3947} INFO - Setting next_dagrun for example_time_delta_sensor_async to None, run_after=None
[2026-09-22T17:09:11.750+0000] {processor.py:183} INFO - Processing /home/airflow/.local/lib/python3.12/site-packages/airflow/example_dags/example_time_delta_sensor_async.py took 0.066 seconds
[2026-09-22T17:09:41.825+0000] {processor.py:161} INFO - Started process (PID=820) to work on /home/airflow/.local/lib/python3.12/site-packages/airflow/example_dags/example_time_delta_sensor_async.py
[2026-09-22T17:09:41.825+0000] {processor.py:830} INFO - Processing file /home/airflow/.local/lib/python3.12/site-packages/airflow/example_dags/example_time_delta_sensor_async.py for tasks to queue
[2026-09-22T17:09:41.827+0000] {logging_mixin.py:188} INFO - [2026-09-22T17:09:41.827+0000] {dagbag.py:545} INFO - Filling up the DagBag from /home/airflow/.local/lib/python3.12/site-packages/airflow/example_dags/example_time_delta_sensor_async.py
[2026-09-22T17:09:41.832+0000] {processor.py:840} INFO - DAG(s) 'example_time_delta_sensor_async' retrieved from /home/airflow/.local/lib/python3.12/site-packages/airflow/example_dags/example_time_delta_sensor_async.py
[2026-09-22T17:09:41.849+0000] {logging_mixin.py:188} INFO - [2026-09-22T17:09:41.849+0000] {dag.py:3089} INFO - Sync 1 DAGs
[2026-09-22T17:09:41.860+0000] {logging_mixin.py:188} INFO - [2026-09-22T17:09:41.859+0000] {dag.py:3947} INFO - Setting next_dagrun for example_time_delta_sensor_async to None, run_after=None
[2026-09-22T17:09:41.879+0000] {processor.py:183} INFO - Processing /home/airflow/.local/lib/python3.12/site-packages/airflow/example_dags/example_time_delta_sensor_async.py took 0.059 seconds
[2026-09-22T17:10:11.997+0000] {processor.py:161} INFO - Started process (PID=878) to work on /home/airflow/.local/lib/python3.12/site-packages/airflow/example_dags/example_time_delta_sensor_async.py
[2026-09-22T17:10:11.998+0000] {processor.py:830} INFO - Processing file /home/airflow/.local/lib/python3.12/site-packages/airflow/example_dags/example_time_delta_sensor_async.py for tasks to queue
[2026-09-22T17:10:12.000+0000] {logging_mixin.py:188} INFO - [2026-09-22T17:10:12.000+0000] {dagbag.py:545} INFO - Filling up the DagBag from /home/airflow/.local/lib/python3.12/site-packages/airflow/example_dags/example_time_delta_sensor_async.py
[2026-09-22T17:10:12.004+0000] {processor.py:840} INFO - DAG(s) 'example_time_delta_sensor_async' retrieved from /home/airflow/.local/lib/python3.12/site-packages/airflow/example_dags/example_time_delta_sensor_async.py
[2026-09-22T17:10:12.023+0000] {logging_mixin.py:188} INFO - [2026-09-22T17:10:12.023+0000] {dag.py:3089} INFO - Sync 1 DAGs
[2026-09-22T17:10:12.035+0000] {logging_mixin.py:188} INFO - [2026-09-22T17:10:12.035+0000] {dag.py:3947} INFO - Setting next_dagrun for example_time_delta_sensor_async to None, run_after=None
[2026-09-22T17:10:12.056+0000] {processor.py:183} INFO - Processing /home/airflow/.local/lib/python3.12/site-packages/airflow/example_dags/example_time_delta_sensor_async.py took 0.065 seconds
[2026-09-22T17:10:42.122+0000] {processor.py:161} INFO - Started process (PID=936) to work on /home/airflow/.local/lib/python3.12/site-packages/airflow/example_dags/example_time_delta_sensor_async.py
[2026-09-22T17:10:42.123+0000] {processor.py:830} INFO - Processing file /home/airflow/.local/lib/python3.12/site-packages/airflow/example_dags/example_time_delta_sensor_async.py for tasks to queue
[2026-09-22T17:10:42.125+0000] {logging_mixin.py:188} INFO - [2026-09-22T17:10:42.125+0000] {dagbag.py:545} INFO - Filling up the DagBag from /home/airflow/.local/lib/python3.12/site-packages/airflow/example_dags/example_time_delta_sensor_async.py
[2026-09-22T17:10:42.130+0000] {processor.py:840} INFO - DAG(s) 'example_time_delta_sensor_async' retrieved from /home/airflow/.local/lib/python3.12/site-packages/airflow/example_dags/example_time_delta_sensor_async.py
[2026-09-22T17:10:42.152+0000] {logging_mixin.py:188} INFO - [2026-09-22T17:10:42.152+0000] {dag.py:3089} INFO - Sync 1 DAGs
[2026-09-22T17:10:42.163+0000] {logging_mixin.py:188} INFO - [2026-09-22T17:10:42.162+0000] {dag.py:3947} INFO - Setting next_dagrun for example_time_delta_sensor_async to None, run_after=None
[2026-09-22T17:10:42.183+0000] {processor.py:183} INFO - Processing /home/airflow/.local/lib/python3.12/site-packages/airflow/example_dags/example_time_delta_sensor_async.py took 0.066 seconds
[2026-09-22T17:11:12.289+0000] {processor.py:161} INFO - Started process (PID=994) to work on /home/airflow/.local/lib/python3.12/site-packages/airflow/example_dags/example_time_delta_sensor_async.py
[2026-09-22T17:11:12.290+0000] {processor.py:830} INFO - Processing file /home/airflow/.local/lib/python3.12/site-packages/airflow/example_dags/example_time_delta_sensor_async.py for tasks to queue
[2026-09-22T17:11:12.292+0000] {logging_mixin.py:188} INFO - [2026-09-22T17:11:12.292+0000] {dagbag.py:545} INFO - Filling up the DagBag from /home/airflow/.local/lib/python3.12/site-packages/airflow/example_dags/example_time_delta_sensor_async.py
[2026-09-22T17:11:12.296+0000] {processor.py:840} INFO - DAG(s) 'example_time_delta_sensor_async' retrieved from /home/airflow/.local/lib/python3.12/site-packages/airflow/example_dags/example_time_delta_sensor_async.py
[2026-09-22T17:11:12.319+0000] {logging_mixin.py:188} INFO - [2026-09-22T17:11:12.319+0000] {dag.py:3089} INFO - Sync 1 DAGs
[2026-09-22T17:11:12.330+0000] {logging_mixin.py:188} INFO - [2026-09-22T17:11:12.329+0000] {dag.py:3947} INFO - Setting next_dagrun for example_time_delta_sensor_async to None, run_after=None
[2026-09-22T17:11:12.351+0000] {processor.py:183} INFO - Processing /home/airflow/.local/lib/python3.12/site-packages/airflow/example_dags/example_time_delta_sensor_async.py took 0.067 seconds
[2026-09-22T17:11:42.771+0000] {processor.py:161} INFO - Started process (PID=1052) to work on /home/airflow/.local/lib/python3.12/site-packages/airflow/example_dags/example_time_delta_sensor_async.py
[2026-09-22T17:11:42.772+0000] {processor.py:830} INFO - Processing file /home/airflow/.local/lib/python3.12/site-packages/airflow/example_dags/example_time_delta_sensor_async.py for tasks to queue
[2026-09-22T17:11:42.774+0000] {logging_mixin.py:188} INFO - [2026-09-22T17:11:42.774+0000] {dagbag.py:545} INFO - Filling up the DagBag from /home/airflow/.local/lib/python3.12/site-packages/airflow/example_dags/example_time_delta_sensor_async.py
[2026-09-22T17:11:42.778+0000] {processor.py:840} INFO - DAG(s) 'example_time_delta_sensor_async' retrieved from /home/airflow/.local/lib/python3.12/site-packages/airflow/example_dags/example_time_delta_sensor_async.py
[2026-09-22T17:11:42.796+0000] {logging_mixin.py:188} INFO - [2026-09-22T17:11:42.796+0000] {dag.py:3089} INFO - Sync 1 DAGs
[2026-09-22T17:11:42.808+0000] {logging_mixin.py:188} INFO - [2026-09-22T17:11:42.807+0000] {dag.py:3947} INFO - Setting next_dagrun for example_time_delta_sensor_async to None, run_after=None
[2026-09-22T17:11:42.826+0000] {processor.py:183} INFO - Processing /home/airflow/.local/lib/python3.12/site-packages/airflow/example_dags/example_time_delta_sensor_async.py took 0.060 seconds
[2026-09-22T17:12:12.934+0000] {processor.py:161} INFO - Started process (PID=1110) to work on /home/airflow/.local/lib/python3.12/site-packages/airflow/example_dags/example_time_delta_sensor_async.py
[2026-09-22T17:12:12.934+0000] {processor.py:830} INFO - Processing file /home/airflow/.local/lib/python3.12/site-packages/airflow/example_dags/example_time_delta_sensor_async.py for tasks to queue
[2026-09-22T17:12:12.936+0000] {logging_mixin.py:188} INFO - [2026-09-22T17:12:12.936+0000] {dagbag.py:545} INFO - Filling up the DagBag from /home/airflow/.local/lib/python3.12/site-packages/airflow/example_dags/example_time_delta_sensor_async.py
[2026-09-22T17:12:12.940+0000] {processor.py:840} INFO - DAG(s) 'example_time_delta_sensor_async' retrieved from /home/airflow/.local/lib/python3.12/site-packages/airflow/example_dags/example_time_delta_sensor_async.py
[2026-09-22T17:12:12.958+0000] {logging_mixin.py:188} INFO - [2026-09-22T17:12:12.958+0000] {dag.py:3089} INFO - Sync 1 DAGs
[2026-09-22T17:12:12.969+0000] {logging_mixin.py:188} INFO - [2026-09-22T17:12:12.969+0000] {dag.py:3947} INFO - Setting next_dagrun for example_time_delta_sensor_async to None, run_after=None
[2026-09-22T17:12:12.988+0000] {processor.py:183} INFO - Processing /home/airflow/.local/lib/python3.12/site-packages/airflow/example_dags/example_time_delta_sensor_async.py took 0.061 seconds
[2026-09-22T17:12:43.226+0000] {processor.py:161} INFO - Started process (PID=1168) to work on /home/airflow/.local/lib/python3.12/site-packages/airflow/example_dags/example_time_delta_sensor_async.py
[2026-09-22T17:12:43.227+0000] {processor.py:830} INFO - Processing file /home/airflow/.local/lib/python3.12/site-packages/airflow/example_dags/example_time_delta_sensor_async.py for tasks to queue
[2026-09-22T17:12:43.228+0000] {logging_mixin.py:188} INFO - [2026-09-22T17:12:43.228+0000] {dagbag.py:545} INFO - Filling up the DagBag from /home/airflow/.local/lib/python3.12/site-packages/airflow/example_dags/example_time_delta_sensor_async.py
[2026-09-22T17:12:43.232+0000] {processor.py:840} INFO - DAG(s) 'example_time_delta_sensor_async' retrieved from /home/airflow/.local/lib/python3.12/site-packages/airflow/example_dags/example_time_delta_sensor_async.py
[2026-09-22T17:12:43.249+0000] {logging_mixin.py:188} INFO - [2026-09-22T17:12:43.248+0000] {dag.py:3089} INFO - Sync 1 DAGs
[2026-09-22T17:12:43.258+0000] {logging_mixin.py:188} INFO - [2026-09-22T17:12:43.258+0000] {dag.py:3947} INFO - Setting next_dagrun for example_time_delta_sensor_async to None, run_after=None
[2026-09-22T17:12:43.277+0000] {processor.py:183} INFO - Processing /home/airflow/.local/lib/python3.12/site-packages/airflow/example_dags/example_time_delta_sensor_async.py took 0.056 seconds
[2026-09-22T17:13:13.536+0000] {processor.py:161} INFO - Started process (PID=1226) to work on /home/airflow/.local/lib/python3.12/site-packages/airflow/example_dags/example_time_delta_sensor_async.py
[2026-09-22T17:13:13.537+0000] {processor.py:830} INFO - Processing file /home/airflow/.local/lib/python3.12/site-packages/airflow/example_dags/example_time_delta_sensor_async.py for tasks to queue
[2026-09-22T17:13:13.539+0000] {logging_mixin.py:188} INFO - [2026-09-22T17:13:13.539+0000] {dagbag.py:545} INFO - Filling up the DagBag from /home/airflow/.local/lib/python3.12/site-packages/airflow/example_dags/example_time_delta_sensor_async.py
[2026-09-22T17:13:13.543+0000] {processor.py:840} INFO - DAG(s) 'example_time_delta_sensor_async' retrieved from /home/airflow/.local/lib/python3.12/site-packages/airflow/example_dags/example_time_delta_sensor_async.py
[2026-09-22T17:13:13.566+0000] {logging_mixin.py:188} INFO - [2026-09-22T17:13:13.565+0000] {dag.py:3089} INFO - Sync 1 DAGs
[2026-09-22T17:13:13.579+0000] {logging_mixin.py:188} INFO - [2026-09-22T17:13:13.579+0000] {dag.py:3947} INFO - Setting next_dagrun for example_time_delta_sensor_async to None, run_after=None
[2026-09-22T17:13:13.604+0000] {processor.py:183} INFO - Processing /home/airflow/.local/lib/python3.12/site-packages/airflow/example_dags/example_time_delta_sensor_async.py took 0.075 seconds
