[2026-09-22T16:19:31.789+0000] {processor.py:161} INFO - Started process (PID=90) to work on /home/airflow/.local/lib/python3.12/site-packages/airflow/example_dags/example_setup_teardown_taskflow.py
[2026-09-22T16:19:31.791+0000] {processor.py:830} INFO - Processing file /home/airflow/.local/lib/python3.12/site-packages/airflow/example_dags/example_setup_teardown_taskflow.py for tasks to queue
[2026-09-22T16:19:31.794+0000] {logging_mixin.py:188} INFO - [2026-09-22T16:19:31.794+0000] {dagbag.py:545} INFO - Filling up the DagBag from /home/airflow/.local/lib/python3.12/site-packages/airflow/example_dags/example_setup_teardown_taskflow.py
[2026-09-22T16:19:31.810+0000] {processor.py:840} INFO - DAG(s) 'example_setup_teardown_taskflow' retrieved from /home/airflow/.local/lib/python3.12/site-packages/airflow/example_dags/example_setup_teardown_taskflow.py
[2026-09-22T16:19:32.034+0000] {logging_mixin.py:188} INFO - [2026-09-22T16:19:32.033+0000] {dag.py:3089} INFO - Sync 1 DAGs
[2026-09-22T16:19:32.073+0000] {logging_mixin.py:188} INFO - [2026-09-22T16:19:32.072+0000] {dag.py:3947} INFO - Setting next_dagrun for example_setup_teardown_taskflow to 2026-09-21 00:00:00+00:00, run_after=2026-09-22 00:00:00+00:00
[2026-09-22T16:19:32.134+0000] {processor.py:183} INFO - Processing /home/airflow/.local/lib/python3.12/site-packages/airflow/example_dags/example_setup_teardown_taskflow.py took 0.355 seconds
[2026-09-22T16:20:02.308+0000] {processor.py:161} INFO - Started process (PID=148) to work on /home/airflow/.local/lib/python3.12/site-packages/airflow/example_dags/example_setup_teardown_taskflow.py
[2026-09-22T16:20:02.310+0000] {processor.py:830} INFO - Processing file /home/airflow/.local/lib/python3.12/site-packages/airflow/example_dags/example_setup_teardown_taskflow.py for tasks to queue
[2026-09-22T16:20:02.314+0000] {logging_mixin.py:188} INFO - [2026-09-22T16:20:02.313+0000] {dagbag.py:545} INFO - Filling up the DagBag from /home/airflow/.local/lib/python3.12/site-packages/airflow/example_dags/example_setup_teardown_taskflow.py
[2026-09-22T16:20:02.328+0000] {processor.py:840} INFO - DAG(s) 'example_setup_teardown_taskflow' retrieved from /home/airflow/.local/lib/python3.12/site-packages/airflow/example_dags/example_setup_teardown_taskflow.py
[2026-09-22T16:20:02.366+0000] {logging_mixin.py:188} INFO - [2026-09-22T16:20:02.365+0000] {dag.py:3089} INFO - Sync 1 DAGs
[2026-09-22T16:20:02.395+0000] {logging_mixin.py:188} INFO - [2026-09-22T16:20:02.394+0000] {dag.py:3947} INFO - Setting next_dagrun for example_setup_teardown_taskflow to 2026-09-21 00:00:00+00:00, run_after=2026-09-22 00:00:00+00:00
[2026-09-22T16:20:02.427+0000] {processor.py:183} INFO - Processing /home/airflow/.local/lib/python3.12/site-packages/airflow/example_dags/example_setup_teardown_taskflow.py took 0.128 seconds
[2026-09-22T16:20:32.836+0000] {processor.py:161} INFO - Started process (PID=205) to work on /home/airflow/.local/lib/python3.12/site-packages/airflow/example_dags/example_setup_teardown_taskflow.py
[2026-09-22T16:20:32.838+0000] {processor.py:830} INFO - Processing file /home/airflow/.local/lib/python3.12/site-packages/airflow/example_dags/example_setup_teardown_taskflow.py for tasks to queue
[2026-09-22T16:20:32.841+0000] {logging_mixin.py:188} INFO - [2026-09-22T16:20:32.840+0000] {dagbag.py:545} INFO - Filling up the DagBag from /home/airflow/.local/lib/python3.12/site-packages/airflow/example_dags/example_setup_teardown_taskflow.py
[2026-09-22T16:20:32.851+0000] {processor.py:840} INFO - DAG(s) 'example_setup_teardown_taskflow' retrieved from /home/airflow/.local/lib/python3.12/site-packages/airflow/example_dags/example_setup_teardown_taskflow.py
[2026-09-22T16:20:32.878+0000] {logging_mixin.py:188} INFO - [2026-09-22T16:20:32.878+0000] {dag.py:3089} INFO - Sync 1 DAGs
[2026-09-22T16:20:32.904+0000] {logging_mixin.py:188} INFO - [2026-09-22T16:20:32.903+0000] {dag.py:3947} INFO - Setting next_dagrun for example_setup_teardown_taskflow to 2026-09-21 00:00:00+00:00, run_after=2026-09-22 00:00:00+00:00
[2026-09-22T16:20:32.990+0000] {processor.py:183} INFO - Processing /home/airflow/.local/lib/python3.12/site-packages/airflow/example_dags/example_setup_teardown_taskflow.py took 0.162 seconds
[2026-09-22T16:21:03.242+0000] {processor.py:161} INFO - Started process (PID=263) to work on /home/airflow/.local/lib/python3.12/site-packages/airflow/example_dags/example_setup_teardown_taskflow.py
[2026-09-22T16:21:03.245+0000] {processor.py:830} INFO - Processing file /home/airflow/.local/lib/python3.12/site-packages/airflow/example_dags/example_setup_teardown_taskflow.py for tasks to queue
[2026-09-22T16:21:03.250+0000] {logging_mixin.py:188} INFO - [2026-09-22T16:21:03.248+0000] {dagbag.py:545} INFO - Filling up the DagBag from /home/airflow/.local/lib/python3.12/site-packages/airflow/example_dags/example_setup_teardown_taskflow.py
[2026-09-22T16:21:03.267+0000] {processor.py:840} INFO - DAG(s) 'example_setup_teardown_taskflow' retrieved from /home/airflow/.local/lib/python3.12/site-packages/airflow/example_dags/example_setup_teardown_taskflow.py
[2026-09-22T16:21:03.298+0000] {logging_mixin.py:188} INFO - [2026-09-22T16:21:03.298+0000] {dag.py:3089} INFO - Sync 1 DAGs
[2026-09-22T16:21:03.330+0000] {logging_mixin.py:188} INFO - [2026-09-22T16:21:03.330+0000] {dag.py:3947} INFO - Setting next_dagrun for example_setup_teardown_taskflow to 2026-09-21 00:00:00+00:00, run_after=2026-09-22 00:00:00+00:00
[2026-09-22T16:21:03.418+0000] {processor.py:183} INFO - Processing /home/airflow/.local/lib/python3.12/site-packages/airflow/example_dags/example_setup_teardown_taskflow.py took 0.186 seconds
[2026-09-22T16:21:34.262+0000] {processor.py:161} INFO - Started process (PID=321) to work on /home/airflow/.local/lib/python3.12/site-packages/airflow/example_dags/example_setup_teardown_taskflow.py
[2026-09-22T16:21:34.264+0000] {processor.py:830} INFO - Processing file /home/airflow/.local/lib/python3.12/site-packages/airflow/example_dags/example_setup_teardown_taskflow.py for tasks to queue
[2026-09-22T16:21:34.268+0000] {logging_mixin.py:188} INFO - [2026-09-22T16:21:34.268+0000] {dagbag.py:545} INFO - Filling up the DagBag from /home/airflow/.local/lib/python3.12/site-packages/airflow/example_dags/example_setup_teardown_taskflow.py
[2026-09-22T16:21:34.284+0000] {processor.py:840} INFO - DAG(s) 'example_setup_teardown_taskflow' retrieved from /home/airflow/.local/lib/python3.12/site-packages/airflow/example_dags/example_setup_teardown_taskflow.py
[2026-09-22T16:21:34.319+0000] {logging_mixin.py:188} INFO - [2026-09-22T16:21:34.318+0000] {dag.py:3089} INFO - Sync 1 DAGs
[2026-09-22T16:21:34.350+0000] {logging_mixin.py:188} INFO - [2026-09-22T16:21:34.349+0000] {dag.py:3947} INFO - Setting next_dagrun for example_setup_teardown_taskflow to 2026-09-21 00:00:00+00:00, run_after=2026-09-22 00:00:00+00:00
[2026-09-22T16:21:34.432+0000] {processor.py:183} INFO - Processing /home/airflow/.local/lib/python3.12/site-packages/airflow/example_dags/example_setup_teardown_taskflow.py took 0.183 seconds
[2026-09-22T16:22:04.643+0000] {processor.py:161} INFO - Started process (PID=379) to work on /home/airflow/.local/lib/python3.12/site-packages/airflow/example_dags/example_setup_teardown_taskflow.py
[2026-09-22T16:22:04.645+0000] {processor.py:830} INFO - Processing file /home/airflow/.local/lib/python3.12/site-packages/airflow/example_dags/example_setup_teardown_taskflow.py for tasks to queue
[2026-09-22T16:22:04.648+0000] {logging_mixin.py:188} INFO - [2026-09-22T16:22:04.648+0000] {dagbag.py:545} INFO - Filling up the DagBag from /home/airflow/.local/lib/python3.12/site-packages/airflow/example_dags/example_setup_teardown_taskflow.py
[2026-09-22T16:22:04.667+0000] {processor.py:840} INFO - DAG(s) 'example_setup_teardown_taskflow' retrieved from /home/airflow/.local/lib/python3.12/site-packages/airflow/example_dags/example_setup_teardown_taskflow.py
[2026-09-22T16:22:04.707+0000] {logging_mixin.py:188} INFO - [2026-09-22T16:22:04.707+0000] {dag.py:3089} INFO - Sync 1 DAGs
[2026-09-22T16:22:04.745+0000] {logging_mixin.py:188} INFO - [2026-09-22T16:22:04.744+0000] {dag.py:3947} INFO - Setting next_dagrun for example_setup_teardown_taskflow to 2026-09-21 00:00:00+00:00, run_after=2026-09-22 00:00:00+00:00
[2026-09-22T16:22:04.808+0000] {processor.py:183} INFO - Processing /home/airflow/.local/lib/python3.12/site-packages/airflow/example_dags/example_setup_teardown_taskflow.py took 0.175 seconds
[2026-09-22T16:22:34.956+0000] {processor.py:161} INFO - Started process (PID=437) to work on /home/airflow/.local/lib/python3.12/site-packages/airflow/example_dags/example_setup_teardown_taskflow.py
[2026-09-22T16:22:34.957+0000] {processor.py:830} INFO - Processing file /home/airflow/.local/lib/python3.12/site-packages/airflow/example_dags/example_setup_teardown_taskflow.py for tasks to queue
[2026-09-22T16:22:34.961+0000] {logging_mixin.py:188} INFO - [2026-09-22T16:22:34.960+0000] {dagbag.py:545} INFO - Filling up the DagBag from /home/airflow/.local/lib/python3.12/site-packages/airflow/example_dags/example_setup_teardown_taskflow.py
[2026-09-22T16:22:34.974+0000] {processor.py:840} INFO - DAG(s) 'example_setup_teardown_taskflow' retrieved from /home/airflow/.local/lib/python3.12/site-packages/airflow/example_dags/example_setup_teardown_taskflow.py
[2026-09-22T16:22:35.008+0000] {logging_mixin.py:188} INFO - [2026-09-22T16:22:35.007+0000] {dag.py:3089} INFO - Sync 1 DAGs
[2026-09-22T16:22:35.037+0000] {logging_mixin.py:188} INFO - [2026-09-22T16:22:35.037+0000] {dag.py:3947} INFO - Setting next_dagrun for example_setup_teardown_taskflow to 2026-09-21 00:00:00+00:00, run_after=2026-09-22 00:00:00+00:00
[2026-09-22T16:22:35.113+0000] {processor.py:183} INFO - Processing /home/airflow/.local/lib/python3.12/site-packages/airflow/example_dags/example_setup_teardown_taskflow.py took 0.168 seconds
[2026-09-22T16:23:05.746+0000] {processor.py:161} INFO - Started process (PID=495) to work on /home/airflow/.local/lib/python3.12/site-packages/airflow/example_dags/example_setup_teardown_taskflow.py
[2026-09-22T16:23:05.748+0000] {processor.py:830} INFO - Processing file /home/airflow/.local/lib/python3.12/site-packages/airflow/example_dags/example_setup_teardown_taskflow.py for tasks to queue
[2026-09-22T16:23:05.752+0000] {logging_mixin.py:188} INFO - [2026-09-22T16:23:05.751+0000] {dagbag.py:545} INFO - Filling up the DagBag from /home/airflow/.local/lib/python3.12/site-packages/airflow/example_dags/example_setup_teardown_taskflow.py
[2026-09-22T16:23:05.763+0000] {processor.py:840} INFO - DAG(s) 'example_setup_teardown_taskflow' retrieved from /home/airflow/.local/lib/python3.12/site-packages/airflow/example_dags/example_setup_teardown_taskflow.py
[2026-09-22T16:23:05.792+0000] {logging_mixin.py:188} INFO - [2026-09-22T16:23:05.791+0000] {dag.py:3089} INFO - Sync 1 DAGs
[2026-09-22T16:23:05.820+0000] {logging_mixin.py:188} INFO - [2026-09-22T16:23:05.819+0000] {dag.py:3947} INFO - Setting next_dagrun for example_setup_teardown_taskflow to 2026-09-21 00:00:00+00:00, run_after=2026-09-22 00:00:00+00:00
[2026-09-22T16:23:05.905+0000] {processor.py:183} INFO - Processing /home/airflow/.local/lib/python3.12/site-packages/airflow/example_dags/example_setup_teardown_taskflow.py took 0.171 seconds
[2026-09-22T16:23:36.248+0000] {processor.py:161} INFO - Started process (PID=553) to work on /home/airflow/.local/lib/python3.12/site-packages/airflow/example_dags/example_setup_teardown_taskflow.py
[2026-09-22T16:23:36.249+0000] {processor.py:830} INFO - Processing file /home/airflow/.local/lib/python3.12/site-packages/airflow/example_dags/example_setup_teardown_taskflow.py for tasks to queue
[2026-09-22T16:23:36.253+0000] {logging_mixin.py:188} INFO - [2026-09-22T16:23:36.252+0000] {dagbag.py:545} INFO - Filling up the DagBag from /home/airflow/.local/lib/python3.12/site-packages/airflow/example_dags/example_setup_teardown_taskflow.py
[2026-09-22T16:23:36.265+0000] {processor.py:840} INFO - DAG(s) 'example_setup_teardown_taskflow' retrieved from /home/airflow/.local/lib/python3.12/site-packages/airflow/example_dags/example_setup_teardown_taskflow.py
[2026-09-22T16:23:36.292+0000] {logging_mixin.py:188} INFO - [2026-09-22T16:23:36.291+0000] {dag.py:3089} INFO - Sync 1 DAGs
[2026-09-22T16:23:36.317+0000] {logging_mixin.py:188} INFO - [2026-09-22T16:23:36.316+0000] {dag.py:3947} INFO - Setting next_dagrun for example_setup_teardown_taskflow to 2026-09-21 00:00:00+00:00, run_after=2026-09-22 00:00:00+00:00
[2026-09-22T16:23:36.393+0000] {processor.py:183} INFO - Processing /home/airflow/.local/lib/python3.12/site-packages/airflow/example_dags/example_setup_teardown_taskflow.py took 0.154 seconds
[2026-09-22T16:24:06.467+0000] {processor.py:161} INFO - Started process (PID=611) to work on /home/airflow/.local/lib/python3.12/site-packages/airflow/example_dags/example_setup_teardown_taskflow.py
[2026-09-22T16:24:06.470+0000] {processor.py:830} INFO - Processing file /home/airflow/.local/lib/python3.12/site-packages/airflow/example_dags/example_setup_teardown_taskflow.py for tasks to queue
[2026-09-22T16:24:06.473+0000] {logging_mixin.py:188} INFO - [2026-09-22T16:24:06.473+0000] {dagbag.py:545} INFO - Filling up the DagBag from /home/airflow/.local/lib/python3.12/site-packages/airflow/example_dags/example_setup_teardown_taskflow.py
[2026-09-22T16:24:06.493+0000] {processor.py:840} INFO - DAG(s) 'example_setup_teardown_taskflow' retrieved from /home/airflow/.local/lib/python3.12/site-packages/airflow/example_dags/example_setup_teardown_taskflow.py
[2026-09-22T16:24:06.529+0000] {logging_mixin.py:188} INFO - [2026-09-22T16:24:06.529+0000] {dag.py:3089} INFO - Sync 1 DAGs
[2026-09-22T16:24:06.556+0000] {logging_mixin.py:188} INFO - [2026-09-22T16:24:06.556+0000] {dag.py:3947} INFO - Setting next_dagrun for example_setup_teardown_taskflow to 2026-09-21 00:00:00+00:00, run_after=2026-09-22 00:00:00+00:00
[2026-09-22T16:24:06.585+0000] {processor.py:183} INFO - Processing /home/airflow/.local/lib/python3.12/site-packages/airflow/example_dags/example_setup_teardown_taskflow.py took 0.130 seconds
[2026-09-22T16:24:36.703+0000] {processor.py:161} INFO - Started process (PID=669) to work on /home/airflow/.local/lib/python3.12/site-packages/airflow/example_dags/example_setup_teardown_taskflow.py
[2026-09-22T16:24:36.705+0000] {processor.py:830} INFO - Processing file /home/airflow/.local/lib/python3.12/site-packages/airflow/example_dags/example_setup_teardown_taskflow.py for tasks to queue
[2026-09-22T16:24:36.709+0000] {logging_mixin.py:188} INFO - [2026-09-22T16:24:36.708+0000] {dagbag.py:545} INFO - Filling up the DagBag from /home/airflow/.local/lib/python3.12/site-packages/airflow/example_dags/example_setup_teardown_taskflow.py
[2026-09-22T16:24:36.723+0000] {processor.py:840} INFO - DAG(s) 'example_setup_teardown_taskflow' retrieved from /home/airflow/.local/lib/python3.12/site-packages/airflow/example_dags/example_setup_teardown_taskflow.py
[2026-09-22T16:24:36.755+0000] {logging_mixin.py:188} INFO - [2026-09-22T16:24:36.754+0000] {dag.py:3089} INFO - Sync 1 DAGs
[2026-09-22T16:24:36.780+0000] {logging_mixin.py:188} INFO - [2026-09-22T16:24:36.780+0000] {dag.py:3947} INFO - Setting next_dagrun for example_setup_teardown_taskflow to 2026-09-21 00:00:00+00:00, run_after=2026-09-22 00:00:00+00:00
[2026-09-22T16:24:36.812+0000] {processor.py:183} INFO - Processing /home/airflow/.local/lib/python3.12/site-packages/airflow/example_dags/example_setup_teardown_taskflow.py took 0.121 seconds
[2026-09-22T16:25:07.443+0000] {processor.py:161} INFO - Started process (PID=727) to work on /home/airflow/.local/lib/python3.12/site-packages/airflow/example_dags/example_setup_teardown_taskflow.py
[2026-09-22T16:25:07.445+0000] {processor.py:830} INFO - Processing file /home/airflow/.local/lib/python3.12/site-packages/airflow/example_dags/example_setup_teardown_taskflow.py for tasks to queue
[2026-09-22T16:25:07.448+0000] {logging_mixin.py:188} INFO - [2026-09-22T16:25:07.447+0000] {dagbag.py:545} INFO - Filling up the DagBag from /home/airflow/.local/lib/python3.12/site-packages/airflow/example_dags/example_setup_teardown_taskflow.py
[2026-09-22T16:25:07.460+0000] {processor.py:840} INFO - DAG(s) 'example_setup_teardown_taskflow' retrieved from /home/airflow/.local/lib/python3.12/site-packages/airflow/example_dags/example_setup_teardown_taskflow.py
[2026-09-22T16:25:07.491+0000] {logging_mixin.py:188} INFO - [2026-09-22T16:25:07.491+0000] {dag.py:3089} INFO - Sync 1 DAGs
[2026-09-22T16:25:07.515+0000] {logging_mixin.py:188} INFO - [2026-09-22T16:25:07.515+0000] {dag.py:3947} INFO - Setting next_dagrun for example_setup_teardown_taskflow to 2026-09-21 00:00:00+00:00, run_after=2026-09-22 00:00:00+00:00
[2026-09-22T16:25:07.605+0000] {processor.py:183} INFO - Processing /home/airflow/.local/lib/python3.12/site-packages/airflow/example_dags/example_setup_teardown_taskflow.py took 0.171 seconds
[2026-09-22T16:25:37.763+0000] {processor.py:161} INFO - Started process (PID=785) to work on /home/airflow/.local/lib/python3.12/site-packages/airflow/example_dags/example_setup_teardown_taskflow.py
[2026-09-22T16:25:37.764+0000] {processor.py:830} INFO - Processing file /home/airflow/.local/lib/python3.12/site-packages/airflow/example_dags/example_setup_teardown_taskflow.py for tasks to queue
[2026-09-22T16:25:37.766+0000] {logging_mixin.py:188} INFO - [2026-09-22T16:25:37.766+0000] {dagbag.py:545} INFO - Filling up the DagBag from /home/airflow/.local/lib/python3.12/site-packages/airflow/example_dags/example_setup_teardown_taskflow.py
[2026-09-22T16:25:37.778+0000] {processor.py:840} INFO - DAG(s) 'example_setup_teardown_taskflow' retrieved from /home/airflow/.local/lib/python3.12/site-packages/airflow/example_dags/example_setup_teardown_taskflow.py
[2026-09-22T16:25:37.809+0000] {logging_mixin.py:188} INFO - [2026-09-22T16:25:37.809+0000] {dag.py:3089} INFO - Sync 1 DAGs
[2026-09-22T16:25:37.841+0000] {logging_mixin.py:188} INFO - [2026-09-22T16:25:37.841+0000] {dag.py:3947} INFO - Setting next_dagrun for example_setup_teardown_taskflow to 2026-09-21 00:00:00+00:00, run_after=2026-09-22 00:00:00+00:00
[2026-09-22T16:25:37.874+0000] {processor.py:183} INFO - Processing /home/airflow/.local/lib/python3.12/site-packages/airflow/example_dags/example_setup_teardown_taskflow.py took 0.118 seconds
[2026-09-22T16:26:08.348+0000] {processor.py:161} INFO - Started process (PID=843) to work on /home/airflow/.local/lib/python3.12/site-packages/airflow/example_dags/example_setup_teardown_taskflow.py
[2026-09-22T16:26:08.350+0000] {processor.py:830} INFO - Processing file /home/airflow/.local/lib/python3.12/site-packages/airflow/example_dags/example_setup_teardown_taskflow.py for tasks to queue
[2026-09-22T16:26:08.353+0000] {logging_mixin.py:188} INFO - [2026-09-22T16:26:08.352+0000] {dagbag.py:545} INFO - Filling up the DagBag from /home/airflow/.local/lib/python3.12/site-packages/airflow/example_dags/example_setup_teardown_taskflow.py
[2026-09-22T16:26:08.364+0000] {processor.py:840} INFO - DAG(s) 'example_setup_teardown_taskflow' retrieved from /home/airflow/.local/lib/python3.12/site-packages/airflow/example_dags/example_setup_teardown_taskflow.py
[2026-09-22T16:26:08.389+0000] {logging_mixin.py:188} INFO - [2026-09-22T16:26:08.389+0000] {dag.py:3089} INFO - Sync 1 DAGs
[2026-09-22T16:26:08.421+0000] {logging_mixin.py:188} INFO - [2026-09-22T16:26:08.421+0000] {dag.py:3947} INFO - Setting next_dagrun for example_setup_teardown_taskflow to 2026-09-21 00:00:00+00:00, run_after=2026-09-22 00:00:00+00:00
[2026-09-22T16:26:08.508+0000] {processor.py:183} INFO - Processing /home/airflow/.local/lib/python3.12/site-packages/airflow/example_dags/example_setup_teardown_taskflow.py took 0.169 seconds
[2026-09-22T16:26:38.600+0000] {processor.py:161} INFO - Started process (PID=901) to work on /home/airflow/.local/lib/python3.12/site-packages/airflow/example_dags/example_setup_teardown_taskflow.py
[2026-09-22T16:26:38.601+0000] {processor.py:830} INFO - Processing file /home/airflow/.local/lib/python3.12/site-packages/airflow/example_dags/example_setup_teardown_taskflow.py for tasks to queue
[2026-09-22T16:26:38.604+0000] {logging_mixin.py:188} INFO - [2026-09-22T16:26:38.604+0000] {dagbag.py:545} INFO - Filling up the DagBag from /home/airflow/.local/lib/python3.12/site-packages/airflow/example_dags/example_setup_teardown_taskflow.py
[2026-09-22T16:26:38.619+0000] {processor.py:840} INFO - DAG(s) 'example_setup_teardown_taskflow' retrieved from /home/airflow/.local/lib/python3.12/site-packages/airflow/example_dags/example_setup_teardown_taskflow.py
[2026-09-22T16:26:38.648+0000] {logging_mixin.py:188} INFO - [2026-09-22T16:26:38.648+0000] {dag.py:3089} INFO - Sync 1 DAGs
[2026-09-22T16:26:38.677+0000] {logging_mixin.py:188} INFO - [2026-09-22T16:26:38.677+0000] {dag.py:3947} INFO - Setting next_dagrun for example_setup_teardown_taskflow to 2026-09-21 00:00:00+00:00, run_after=2026-09-22 00:00:00+00:00
[2026-09-22T16:26:38.761+0000] {processor.py:183} INFO - Processing /home/airflow/.local/lib/python3.12/site-packages/airflow/example_dags/example_setup_teardown_taskflow.py took 0.169 seconds
[2026-09-22T16:27:09.140+0000] {processor.py:161} INFO - Started process (PID=959) to work on /home/airflow/.local/lib/python3.12/site-packages/airflow/example_dags/example_setup_teardown_taskflow.py
[2026-09-22T16:27:09.142+0000] {processor.py:830} INFO - Processing file /home/airflow/.local/lib/python3.12/site-packages/airflow/example_dags/example_setup_teardown_taskflow.py for tasks to queue
[2026-09-22T16:27:09.144+0000] {logging_mixin.py:188} INFO - [2026-09-22T16:27:09.144+0000] {dagbag.py:545} INFO - Filling up the DagBag from /home/airflow/.local/lib/python3.12/site-packages/airflow/example_dags/example_setup_teardown_taskflow.py
[2026-09-22T16:27:09.158+0000] {processor.py:840} INFO - DAG(s) 'example_setup_teardown_taskflow' retrieved from /home/airflow/.local/lib/python3.12/site-packages/airflow/example_dags/example_setup_teardown_taskflow.py
[2026-09-22T16:27:09.184+0000] {logging_mixin.py:188} INFO - [2026-09-22T16:27:09.184+0000] {dag.py:3089} INFO - Sync 1 DAGs
[2026-09-22T16:27:09.209+0000] {logging_mixin.py:188} INFO - [2026-09-22T16:27:09.209+0000] {dag.py:3947} INFO - Setting next_dagrun for example_setup_teardown_taskflow to 2026-09-21 00:00:00+00:00, run_after=2026-09-22 00:00:00+00:00
[2026-09-22T16:27:09.235+0000] {processor.py:183} INFO - Processing /home/airflow/.local/lib/python3.12/site-packages/airflow/example_dags/example_setup_teardown_taskflow.py took 0.102 seconds
[2026-09-22T16:27:40.343+0000] {processor.py:161} INFO - Started process (PID=1017) to work on /home/airflow/.local/lib/python3.12/site-packages/airflow/example_dags/example_setup_teardown_taskflow.py
[2026-09-22T16:27:40.345+0000] {processor.py:830} INFO - Processing file /home/airflow/.local/lib/python3.12/site-packages/airflow/example_dags/example_setup_teardown_taskflow.py for tasks to queue
[2026-09-22T16:27:40.351+0000] {logging_mixin.py:188} INFO - [2026-09-22T16:27:40.349+0000] {dagbag.py:545} INFO - Filling up the DagBag from /home/airflow/.local/lib/python3.12/site-packages/airflow/example_dags/example_setup_teardown_taskflow.py
[2026-09-22T16:27:40.371+0000] {processor.py:840} INFO - DAG(s) 'example_setup_teardown_taskflow' retrieved from /home/airflow/.local/lib/python3.12/site-packages/airflow/example_dags/example_setup_teardown_taskflow.py
[2026-09-22T16:27:40.416+0000] {logging_mixin.py:188} INFO - [2026-09-22T16:27:40.416+0000] {dag.py:3089} INFO - Sync 1 DAGs
[2026-09-22T16:27:40.466+0000] {logging_mixin.py:188} INFO - [2026-09-22T16:27:40.465+0000] {dag.py:3947} INFO - Setting next_dagrun for example_setup_teardown_taskflow to 2026-09-21 00:00:00+00:00, run_after=2026-09-22 00:00:00+00:00
[2026-09-22T16:27:40.524+0000] {processor.py:183} INFO - Processing /home/airflow/.local/lib/python3.12/site-packages/airflow/example_dags/example_setup_teardown_taskflow.py took 0.192 seconds
[2026-09-22T16:28:10.878+0000] {processor.py:161} INFO - Started process (PID=1075) to work on /home/airflow/.local/lib/python3.12/site-packages/airflow/example_dags/example_setup_teardown_taskflow.py
[2026-09-22T16:28:10.880+0000] {processor.py:830} INFO - Processing file /home/airflow/.local/lib/python3.12/site-packages/airflow/example_dags/example_setup_teardown_taskflow.py for tasks to queue
[2026-09-22T16:28:10.882+0000] {logging_mixin.py:188} INFO - [2026-09-22T16:28:10.882+0000] {dagbag.py:545} INFO - Filling up the DagBag from /home/airflow/.local/lib/python3.12/site-packages/airflow/example_dags/example_setup_teardown_taskflow.py
[2026-09-22T16:28:10.894+0000] {processor.py:840} INFO - DAG(s) 'example_setup_teardown_taskflow' retrieved from /home/airflow/.local/lib/python3.12/site-packages/airflow/example_dags/example_setup_teardown_taskflow.py
[2026-09-22T16:28:10.919+0000] {logging_mixin.py:188} INFO - [2026-09-22T16:28:10.919+0000] {dag.py:3089} INFO - Sync 1 DAGs
[2026-09-22T16:28:10.948+0000] {logging_mixin.py:188} INFO - [2026-09-22T16:28:10.948+0000] {dag.py:3947} INFO - Setting next_dagrun for example_setup_teardown_taskflow to 2026-09-21 00:00:00+00:00, run_after=2026-09-22 00:00:00+00:00
[2026-09-22T16:28:10.976+0000] {processor.py:183} INFO - Processing /home/airflow/.local/lib/python3.12/site-packages/airflow/example_dags/example_setup_teardown_taskflow.py took 0.105 seconds
[2026-09-22T16:28:41.955+0000] {processor.py:161} INFO - Started process (PID=1133) to work on /home/airflow/.local/lib/python3.12/site-packages/airflow/example_dags/example_setup_teardown_taskflow.py
[2026-09-22T16:28:41.956+0000] {processor.py:830} INFO - Processing file /home/airflow/.local/lib/python3.12/site-packages/airflow/example_dags/example_setup_teardown_taskflow.py for tasks to queue
[2026-09-22T16:28:41.959+0000] {logging_mixin.py:188} INFO - [2026-09-22T16:28:41.959+0000] {dagbag.py:545} INFO - Filling up the DagBag from /home/airflow/.local/lib/python3.12/site-packages/airflow/example_dags/example_setup_teardown_taskflow.py
[2026-09-22T16:28:41.974+0000] {processor.py:840} INFO - DAG(s) 'example_setup_teardown_taskflow' retrieved from /home/airflow/.local/lib/python3.12/site-packages/airflow/example_dags/example_setup_teardown_taskflow.py
[2026-09-22T16:28:42.009+0000] {logging_mixin.py:188} INFO - [2026-09-22T16:28:42.009+0000] {dag.py:3089} INFO - Sync 1 DAGs
[2026-09-22T16:28:42.040+0000] {logging_mixin.py:188} INFO - [2026-09-22T16:28:42.039+0000] {dag.py:3947} INFO - Setting next_dagrun for example_setup_teardown_taskflow to 2026-09-21 00:00:00+00:00, run_after=2026-09-22 00:00:00+00:00
[2026-09-22T16:28:42.070+0000] {processor.py:183} INFO - Processing /home/airflow/.local/lib/python3.12/site-packages/airflow/example_dags/example_setup_teardown_taskflow.py took 0.123 seconds
[2026-09-22T16:29:12.423+0000] {processor.py:161} INFO - Started process (PID=1191) to work on /home/airflow/.local/lib/python3.12/site-packages/airflow/example_dags/example_setup_teardown_taskflow.py
[2026-09-22T16:29:12.425+0000] {processor.py:830} INFO - Processing file /home/airflow/.local/lib/python3.12/site-packages/airflow/example_dags/example_setup_teardown_taskflow.py for tasks to queue
[2026-09-22T16:29:12.429+0000] {logging_mixin.py:188} INFO - [2026-09-22T16:29:12.428+0000] {dagbag.py:545} INFO - Filling up the DagBag from /home/airflow/.local/lib/python3.12/site-packages/airflow/example_dags/example_setup_teardown_taskflow.py
[2026-09-22T16:29:12.447+0000] {processor.py:840} INFO - DAG(s) 'example_setup_teardown_taskflow' retrieved from /home/airflow/.local/lib/python3.12/site-packages/airflow/example_dags/example_setup_teardown_taskflow.py
[2026-09-22T16:29:12.483+0000] {logging_mixin.py:188} INFO - [2026-09-22T16:29:12.482+0000] {dag.py:3089} INFO - Sync 1 DAGs
[2026-09-22T16:29:12.519+0000] {logging_mixin.py:188} INFO - [2026-09-22T16:29:12.518+0000] {dag.py:3947} INFO - Setting next_dagrun for example_setup_teardown_taskflow to 2026-09-21 00:00:00+00:00, run_after=2026-09-22 00:00:00+00:00
[2026-09-22T16:29:12.550+0000] {processor.py:183} INFO - Processing /home/airflow/.local/lib/python3.12/site-packages/airflow/example_dags/example_setup_teardown_taskflow.py took 0.136 seconds
[2026-09-22T16:29:43.782+0000] {processor.py:161} INFO - Started process (PID=1248) to work on /home/airflow/.local/lib/python3.12/site-packages/airflow/example_dags/example_setup_teardown_taskflow.py
[2026-09-22T16:29:43.784+0000] {processor.py:830} INFO - Processing file /home/airflow/.local/lib/python3.12/site-packages/airflow/example_dags/example_setup_teardown_taskflow.py for tasks to queue
[2026-09-22T16:29:43.787+0000] {logging_mixin.py:188} INFO - [2026-09-22T16:29:43.786+0000] {dagbag.py:545} INFO - Filling up the DagBag from /home/airflow/.local/lib/python3.12/site-packages/airflow/example_dags/example_setup_teardown_taskflow.py
[2026-09-22T16:29:43.800+0000] {processor.py:840} INFO - DAG(s) 'example_setup_teardown_taskflow' retrieved from /home/airflow/.local/lib/python3.12/site-packages/airflow/example_dags/example_setup_teardown_taskflow.py
[2026-09-22T16:29:43.833+0000] {logging_mixin.py:188} INFO - [2026-09-22T16:29:43.833+0000] {dag.py:3089} INFO - Sync 1 DAGs
[2026-09-22T16:29:43.864+0000] {logging_mixin.py:188} INFO - [2026-09-22T16:29:43.863+0000] {dag.py:3947} INFO - Setting next_dagrun for example_setup_teardown_taskflow to 2026-09-21 00:00:00+00:00, run_after=2026-09-22 00:00:00+00:00
[2026-09-22T16:29:43.892+0000] {processor.py:183} INFO - Processing /home/airflow/.local/lib/python3.12/site-packages/airflow/example_dags/example_setup_teardown_taskflow.py took 0.117 seconds
[2026-09-22T16:30:14.228+0000] {processor.py:161} INFO - Started process (PID=1306) to work on /home/airflow/.local/lib/python3.12/site-packages/airflow/example_dags/example_setup_teardown_taskflow.py
[2026-09-22T16:30:14.235+0000] {processor.py:830} INFO - Processing file /home/airflow/.local/lib/python3.12/site-packages/airflow/example_dags/example_setup_teardown_taskflow.py for tasks to queue
[2026-09-22T16:30:14.238+0000] {logging_mixin.py:188} INFO - [2026-09-22T16:30:14.238+0000] {dagbag.py:545} INFO - Filling up the DagBag from /home/airflow/.local/lib/python3.12/site-packages/airflow/example_dags/example_setup_teardown_taskflow.py
[2026-09-22T16:30:14.253+0000] {processor.py:840} INFO - DAG(s) 'example_setup_teardown_taskflow' retrieved from /home/airflow/.local/lib/python3.12/site-packages/airflow/example_dags/example_setup_teardown_taskflow.py
[2026-09-22T16:30:14.286+0000] {logging_mixin.py:188} INFO - [2026-09-22T16:30:14.286+0000] {dag.py:3089} INFO - Sync 1 DAGs
[2026-09-22T16:30:14.315+0000] {logging_mixin.py:188} INFO - [2026-09-22T16:30:14.315+0000] {dag.py:3947} INFO - Setting next_dagrun for example_setup_teardown_taskflow to 2026-09-21 00:00:00+00:00, run_after=2026-09-22 00:00:00+00:00
[2026-09-22T16:30:14.344+0000] {processor.py:183} INFO - Processing /home/airflow/.local/lib/python3.12/site-packages/airflow/example_dags/example_setup_teardown_taskflow.py took 0.126 seconds
[2026-09-22T16:30:44.609+0000] {processor.py:161} INFO - Started process (PID=1364) to work on /home/airflow/.local/lib/python3.12/site-packages/airflow/example_dags/example_setup_teardown_taskflow.py
[2026-09-22T16:30:44.611+0000] {processor.py:830} INFO - Processing file /home/airflow/.local/lib/python3.12/site-packages/airflow/example_dags/example_setup_teardown_taskflow.py for tasks to queue
[2026-09-22T16:30:44.614+0000] {logging_mixin.py:188} INFO - [2026-09-22T16:30:44.613+0000] {dagbag.py:545} INFO - Filling up the DagBag from /home/airflow/.local/lib/python3.12/site-packages/airflow/example_dags/example_setup_teardown_taskflow.py
[2026-09-22T16:30:44.627+0000] {processor.py:840} INFO - DAG(s) 'example_setup_teardown_taskflow' retrieved from /home/airflow/.local/lib/python3.12/site-packages/airflow/example_dags/example_setup_teardown_taskflow.py
[2026-09-22T16:30:44.656+0000] {logging_mixin.py:188} INFO - [2026-09-22T16:30:44.656+0000] {dag.py:3089} INFO - Sync 1 DAGs
[2026-09-22T16:30:44.689+0000] {logging_mixin.py:188} INFO - [2026-09-22T16:30:44.688+0000] {dag.py:3947} INFO - Setting next_dagrun for example_setup_teardown_taskflow to 2026-09-21 00:00:00+00:00, run_after=2026-09-22 00:00:00+00:00
[2026-09-22T16:30:44.776+0000] {processor.py:183} INFO - Processing /home/airflow/.local/lib/python3.12/site-packages/airflow/example_dags/example_setup_teardown_taskflow.py took 0.177 seconds
[2026-09-22T16:31:14.894+0000] {processor.py:161} INFO - Started process (PID=1422) to work on /home/airflow/.local/lib/python3.12/site-packages/airflow/example_dags/example_setup_teardown_taskflow.py
[2026-09-22T16:31:14.896+0000] {processor.py:830} INFO - Processing file /home/airflow/.local/lib/python3.12/site-packages/airflow/example_dags/example_setup_teardown_taskflow.py for tasks to queue
[2026-09-22T16:31:14.900+0000] {logging_mixin.py:188} INFO - [2026-09-22T16:31:14.899+0000] {dagbag.py:545} INFO - Filling up the DagBag from /home/airflow/.local/lib/python3.12/site-packages/airflow/example_dags/example_setup_teardown_taskflow.py
[2026-09-22T16:31:14.912+0000] {processor.py:840} INFO - DAG(s) 'example_setup_teardown_taskflow' retrieved from /home/airflow/.local/lib/python3.12/site-packages/airflow/example_dags/example_setup_teardown_taskflow.py
[2026-09-22T16:31:14.946+0000] {logging_mixin.py:188} INFO - [2026-09-22T16:31:14.945+0000] {dag.py:3089} INFO - Sync 1 DAGs
[2026-09-22T16:31:14.986+0000] {logging_mixin.py:188} INFO - [2026-09-22T16:31:14.985+0000] {dag.py:3947} INFO - Setting next_dagrun for example_setup_teardown_taskflow to 2026-09-21 00:00:00+00:00, run_after=2026-09-22 00:00:00+00:00
[2026-09-22T16:31:15.014+0000] {processor.py:183} INFO - Processing /home/airflow/.local/lib/python3.12/site-packages/airflow/example_dags/example_setup_teardown_taskflow.py took 0.127 seconds
[2026-09-22T16:31:45.270+0000] {processor.py:161} INFO - Started process (PID=1480) to work on /home/airflow/.local/lib/python3.12/site-packages/airflow/example_dags/example_setup_teardown_taskflow.py
[2026-09-22T16:31:45.271+0000] {processor.py:830} INFO - Processing file /home/airflow/.local/lib/python3.12/site-packages/airflow/example_dags/example_setup_teardown_taskflow.py for tasks to queue
[2026-09-22T16:31:45.274+0000] {logging_mixin.py:188} INFO - [2026-09-22T16:31:45.274+0000] {dagbag.py:545} INFO - Filling up the DagBag from /home/airflow/.local/lib/python3.12/site-packages/airflow/example_dags/example_setup_teardown_taskflow.py
[2026-09-22T16:31:45.291+0000] {processor.py:840} INFO - DAG(s) 'example_setup_teardown_taskflow' retrieved from /home/airflow/.local/lib/python3.12/site-packages/airflow/example_dags/example_setup_teardown_taskflow.py
[2026-09-22T16:31:45.325+0000] {logging_mixin.py:188} INFO - [2026-09-22T16:31:45.325+0000] {dag.py:3089} INFO - Sync 1 DAGs
[2026-09-22T16:31:45.360+0000] {logging_mixin.py:188} INFO - [2026-09-22T16:31:45.359+0000] {dag.py:3947} INFO - Setting next_dagrun for example_setup_teardown_taskflow to 2026-09-21 00:00:00+00:00, run_after=2026-09-22 00:00:00+00:00
[2026-09-22T16:31:45.394+0000] {processor.py:183} INFO - Processing /home/airflow/.local/lib/python3.12/site-packages/airflow/example_dags/example_setup_teardown_taskflow.py took 0.137 seconds
[2026-09-22T16:32:15.524+0000] {processor.py:161} INFO - Started process (PID=1538) to work on /home/airflow/.local/lib/python3.12/site-packages/airflow/example_dags/example_setup_teardown_taskflow.py
[2026-09-22T16:32:15.526+0000] {processor.py:830} INFO - Processing file /home/airflow/.local/lib/python3.12/site-packages/airflow/example_dags/example_setup_teardown_taskflow.py for tasks to queue
[2026-09-22T16:32:15.529+0000] {logging_mixin.py:188} INFO - [2026-09-22T16:32:15.528+0000] {dagbag.py:545} INFO - Filling up the DagBag from /home/airflow/.local/lib/python3.12/site-packages/airflow/example_dags/example_setup_teardown_taskflow.py
[2026-09-22T16:32:15.543+0000] {processor.py:840} INFO - DAG(s) 'example_setup_teardown_taskflow' retrieved from /home/airflow/.local/lib/python3.12/site-packages/airflow/example_dags/example_setup_teardown_taskflow.py
[2026-09-22T16:32:15.574+0000] {logging_mixin.py:188} INFO - [2026-09-22T16:32:15.573+0000] {dag.py:3089} INFO - Sync 1 DAGs
[2026-09-22T16:32:15.615+0000] {logging_mixin.py:188} INFO - [2026-09-22T16:32:15.614+0000] {dag.py:3947} INFO - Setting next_dagrun for example_setup_teardown_taskflow to 2026-09-21 00:00:00+00:00, run_after=2026-09-22 00:00:00+00:00
[2026-09-22T16:32:15.648+0000] {processor.py:183} INFO - Processing /home/airflow/.local/lib/python3.12/site-packages/airflow/example_dags/example_setup_teardown_taskflow.py took 0.133 seconds
[2026-09-22T16:32:46.550+0000] {processor.py:161} INFO - Started process (PID=1596) to work on /home/airflow/.local/lib/python3.12/site-packages/airflow/example_dags/example_setup_teardown_taskflow.py
[2026-09-22T16:32:46.551+0000] {processor.py:830} INFO - Processing file /home/airflow/.local/lib/python3.12/site-packages/airflow/example_dags/example_setup_teardown_taskflow.py for tasks to queue
[2026-09-22T16:32:46.555+0000] {logging_mixin.py:188} INFO - [2026-09-22T16:32:46.554+0000] {dagbag.py:545} INFO - Filling up the DagBag from /home/airflow/.local/lib/python3.12/site-packages/airflow/example_dags/example_setup_teardown_taskflow.py
[2026-09-22T16:32:46.568+0000] {processor.py:840} INFO - DAG(s) 'example_setup_teardown_taskflow' retrieved from /home/airflow/.local/lib/python3.12/site-packages/airflow/example_dags/example_setup_teardown_taskflow.py
[2026-09-22T16:32:46.600+0000] {logging_mixin.py:188} INFO - [2026-09-22T16:32:46.600+0000] {dag.py:3089} INFO - Sync 1 DAGs
[2026-09-22T16:32:46.639+0000] {logging_mixin.py:188} INFO - [2026-09-22T16:32:46.638+0000] {dag.py:3947} INFO - Setting next_dagrun for example_setup_teardown_taskflow to 2026-09-21 00:00:00+00:00, run_after=2026-09-22 00:00:00+00:00
[2026-09-22T16:32:46.673+0000] {processor.py:183} INFO - Processing /home/airflow/.local/lib/python3.12/site-packages/airflow/example_dags/example_setup_teardown_taskflow.py took 0.131 seconds
[2026-09-22T16:33:16.830+0000] {processor.py:161} INFO - Started process (PID=1654) to work on /home/airflow/.local/lib/python3.12/site-packages/airflow/example_dags/example_setup_teardown_taskflow.py
[2026-09-22T16:33:16.832+0000] {processor.py:830} INFO - Processing file /home/airflow/.local/lib/python3.12/site-packages/airflow/example_dags/example_setup_teardown_taskflow.py for tasks to queue
[2026-09-22T16:33:16.834+0000] {logging_mixin.py:188} INFO - [2026-09-22T16:33:16.834+0000] {dagbag.py:545} INFO - Filling up the DagBag from /home/airflow/.local/lib/python3.12/site-packages/airflow/example_dags/example_setup_teardown_taskflow.py
[2026-09-22T16:33:16.846+0000] {processor.py:840} INFO - DAG(s) 'example_setup_teardown_taskflow' retrieved from /home/airflow/.local/lib/python3.12/site-packages/airflow/example_dags/example_setup_teardown_taskflow.py
[2026-09-22T16:33:16.875+0000] {logging_mixin.py:188} INFO - [2026-09-22T16:33:16.875+0000] {dag.py:3089} INFO - Sync 1 DAGs
[2026-09-22T16:33:16.905+0000] {logging_mixin.py:188} INFO - [2026-09-22T16:33:16.904+0000] {dag.py:3947} INFO - Setting next_dagrun for example_setup_teardown_taskflow to 2026-09-21 00:00:00+00:00, run_after=2026-09-22 00:00:00+00:00
[2026-09-22T16:33:16.933+0000] {processor.py:183} INFO - Processing /home/airflow/.local/lib/python3.12/site-packages/airflow/example_dags/example_setup_teardown_taskflow.py took 0.113 seconds
[2026-09-22T16:33:47.868+0000] {processor.py:161} INFO - Started process (PID=1712) to work on /home/airflow/.local/lib/python3.12/site-packages/airflow/example_dags/example_setup_teardown_taskflow.py
[2026-09-22T16:33:47.870+0000] {processor.py:830} INFO - Processing file /home/airflow/.local/lib/python3.12/site-packages/airflow/example_dags/example_setup_teardown_taskflow.py for tasks to queue
[2026-09-22T16:33:47.876+0000] {logging_mixin.py:188} INFO - [2026-09-22T16:33:47.875+0000] {dagbag.py:545} INFO - Filling up the DagBag from /home/airflow/.local/lib/python3.12/site-packages/airflow/example_dags/example_setup_teardown_taskflow.py
[2026-09-22T16:33:47.891+0000] {processor.py:840} INFO - DAG(s) 'example_setup_teardown_taskflow' retrieved from /home/airflow/.local/lib/python3.12/site-packages/airflow/example_dags/example_setup_teardown_taskflow.py
[2026-09-22T16:33:47.927+0000] {logging_mixin.py:188} INFO - [2026-09-22T16:33:47.927+0000] {dag.py:3089} INFO - Sync 1 DAGs
[2026-09-22T16:33:47.967+0000] {logging_mixin.py:188} INFO - [2026-09-22T16:33:47.967+0000] {dag.py:3947} INFO - Setting next_dagrun for example_setup_teardown_taskflow to 2026-09-21 00:00:00+00:00, run_after=2026-09-22 00:00:00+00:00
[2026-09-22T16:33:47.999+0000] {processor.py:183} INFO - Processing /home/airflow/.local/lib/python3.12/site-packages/airflow/example_dags/example_setup_teardown_taskflow.py took 0.140 seconds
[2026-09-22T16:34:18.266+0000] {processor.py:161} INFO - Started process (PID=1770) to work on /home/airflow/.local/lib/python3.12/site-packages/airflow/example_dags/example_setup_teardown_taskflow.py
[2026-09-22T16:34:18.268+0000] {processor.py:830} INFO - Processing file /home/airflow/.local/lib/python3.12/site-packages/airflow/example_dags/example_setup_teardown_taskflow.py for tasks to queue
[2026-09-22T16:34:18.274+0000] {logging_mixin.py:188} INFO - [2026-09-22T16:34:18.273+0000] {dagbag.py:545} INFO - Filling up the DagBag from /home/airflow/.local/lib/python3.12/site-packages/airflow/example_dags/example_setup_teardown_taskflow.py
[2026-09-22T16:34:18.292+0000] {processor.py:840} INFO - DAG(s) 'example_setup_teardown_taskflow' retrieved from /home/airflow/.local/lib/python3.12/site-packages/airflow/example_dags/example_setup_teardown_taskflow.py
[2026-09-22T16:34:18.332+0000] {logging_mixin.py:188} INFO - [2026-09-22T16:34:18.331+0000] {dag.py:3089} INFO - Sync 1 DAGs
[2026-09-22T16:34:18.372+0000] {logging_mixin.py:188} INFO - [2026-09-22T16:34:18.372+0000] {dag.py:3947} INFO - Setting next_dagrun for example_setup_teardown_taskflow to 2026-09-21 00:00:00+00:00, run_after=2026-09-22 00:00:00+00:00
[2026-09-22T16:34:18.461+0000] {processor.py:183} INFO - Processing /home/airflow/.local/lib/python3.12/site-packages/airflow/example_dags/example_setup_teardown_taskflow.py took 0.210 seconds
[2026-09-22T16:34:48.612+0000] {processor.py:161} INFO - Started process (PID=1828) to work on /home/airflow/.local/lib/python3.12/site-packages/airflow/example_dags/example_setup_teardown_taskflow.py
[2026-09-22T16:34:48.614+0000] {processor.py:830} INFO - Processing file /home/airflow/.local/lib/python3.12/site-packages/airflow/example_dags/example_setup_teardown_taskflow.py for tasks to queue
[2026-09-22T16:34:48.618+0000] {logging_mixin.py:188} INFO - [2026-09-22T16:34:48.617+0000] {dagbag.py:545} INFO - Filling up the DagBag from /home/airflow/.local/lib/python3.12/site-packages/airflow/example_dags/example_setup_teardown_taskflow.py
[2026-09-22T16:34:48.638+0000] {processor.py:840} INFO - DAG(s) 'example_setup_teardown_taskflow' retrieved from /home/airflow/.local/lib/python3.12/site-packages/airflow/example_dags/example_setup_teardown_taskflow.py
[2026-09-22T16:34:48.676+0000] {logging_mixin.py:188} INFO - [2026-09-22T16:34:48.676+0000] {dag.py:3089} INFO - Sync 1 DAGs
[2026-09-22T16:34:48.726+0000] {logging_mixin.py:188} INFO - [2026-09-22T16:34:48.726+0000] {dag.py:3947} INFO - Setting next_dagrun for example_setup_teardown_taskflow to 2026-09-21 00:00:00+00:00, run_after=2026-09-22 00:00:00+00:00
[2026-09-22T16:34:48.822+0000] {processor.py:183} INFO - Processing /home/airflow/.local/lib/python3.12/site-packages/airflow/example_dags/example_setup_teardown_taskflow.py took 0.218 seconds
[2026-09-22T16:35:18.986+0000] {processor.py:161} INFO - Started process (PID=1886) to work on /home/airflow/.local/lib/python3.12/site-packages/airflow/example_dags/example_setup_teardown_taskflow.py
[2026-09-22T16:35:18.987+0000] {processor.py:830} INFO - Processing file /home/airflow/.local/lib/python3.12/site-packages/airflow/example_dags/example_setup_teardown_taskflow.py for tasks to queue
[2026-09-22T16:35:18.990+0000] {logging_mixin.py:188} INFO - [2026-09-22T16:35:18.990+0000] {dagbag.py:545} INFO - Filling up the DagBag from /home/airflow/.local/lib/python3.12/site-packages/airflow/example_dags/example_setup_teardown_taskflow.py
[2026-09-22T16:35:19.005+0000] {processor.py:840} INFO - DAG(s) 'example_setup_teardown_taskflow' retrieved from /home/airflow/.local/lib/python3.12/site-packages/airflow/example_dags/example_setup_teardown_taskflow.py
[2026-09-22T16:35:19.045+0000] {logging_mixin.py:188} INFO - [2026-09-22T16:35:19.044+0000] {dag.py:3089} INFO - Sync 1 DAGs
[2026-09-22T16:35:19.083+0000] {logging_mixin.py:188} INFO - [2026-09-22T16:35:19.083+0000] {dag.py:3947} INFO - Setting next_dagrun for example_setup_teardown_taskflow to 2026-09-21 00:00:00+00:00, run_after=2026-09-22 00:00:00+00:00
[2026-09-22T16:35:19.124+0000] {processor.py:183} INFO - Processing /home/airflow/.local/lib/python3.12/site-packages/airflow/example_dags/example_setup_teardown_taskflow.py took 0.148 seconds
[2026-09-22T16:35:49.709+0000] {processor.py:161} INFO - Started process (PID=1944) to work on /home/airflow/.local/lib/python3.12/site-packages/airflow/example_dags/example_setup_teardown_taskflow.py
[2026-09-22T16:35:49.711+0000] {processor.py:830} INFO - Processing file /home/airflow/.local/lib/python3.12/site-packages/airflow/example_dags/example_setup_teardown_taskflow.py for tasks to queue
[2026-09-22T16:35:49.714+0000] {logging_mixin.py:188} INFO - [2026-09-22T16:35:49.713+0000] {dagbag.py:545} INFO - Filling up the DagBag from /home/airflow/.local/lib/python3.12/site-packages/airflow/example_dags/example_setup_teardown_taskflow.py
[2026-09-22T16:35:49.732+0000] {processor.py:840} INFO - DAG(s) 'example_setup_teardown_taskflow' retrieved from /home/airflow/.local/lib/python3.12/site-packages/airflow/example_dags/example_setup_teardown_taskflow.py
[2026-09-22T16:35:49.771+0000] {logging_mixin.py:188} INFO - [2026-09-22T16:35:49.770+0000] {dag.py:3089} INFO - Sync 1 DAGs
[2026-09-22T16:35:49.810+0000] {logging_mixin.py:188} INFO - [2026-09-22T16:35:49.809+0000] {dag.py:3947} INFO - Setting next_dagrun for example_setup_teardown_taskflow to 2026-09-21 00:00:00+00:00, run_after=2026-09-22 00:00:00+00:00
[2026-09-22T16:35:49.903+0000] {processor.py:183} INFO - Processing /home/airflow/.local/lib/python3.12/site-packages/airflow/example_dags/example_setup_teardown_taskflow.py took 0.205 seconds
[2026-09-22T16:36:20.547+0000] {processor.py:161} INFO - Started process (PID=2002) to work on /home/airflow/.local/lib/python3.12/site-packages/airflow/example_dags/example_setup_teardown_taskflow.py
[2026-09-22T16:36:20.549+0000] {processor.py:830} INFO - Processing file /home/airflow/.local/lib/python3.12/site-packages/airflow/example_dags/example_setup_teardown_taskflow.py for tasks to queue
[2026-09-22T16:36:20.559+0000] {logging_mixin.py:188} INFO - [2026-09-22T16:36:20.558+0000] {dagbag.py:545} INFO - Filling up the DagBag from /home/airflow/.local/lib/python3.12/site-packages/airflow/example_dags/example_setup_teardown_taskflow.py
[2026-09-22T16:36:20.575+0000] {processor.py:840} INFO - DAG(s) 'example_setup_teardown_taskflow' retrieved from /home/airflow/.local/lib/python3.12/site-packages/airflow/example_dags/example_setup_teardown_taskflow.py
[2026-09-22T16:36:20.632+0000] {logging_mixin.py:188} INFO - [2026-09-22T16:36:20.632+0000] {dag.py:3089} INFO - Sync 1 DAGs
[2026-09-22T16:36:20.747+0000] {logging_mixin.py:188} INFO - [2026-09-22T16:36:20.746+0000] {dag.py:3947} INFO - Setting next_dagrun for example_setup_teardown_taskflow to 2026-09-21 00:00:00+00:00, run_after=2026-09-22 00:00:00+00:00
[2026-09-22T16:36:20.800+0000] {processor.py:183} INFO - Processing /home/airflow/.local/lib/python3.12/site-packages/airflow/example_dags/example_setup_teardown_taskflow.py took 0.267 seconds
[2026-09-22T16:36:51.731+0000] {processor.py:161} INFO - Started process (PID=2060) to work on /home/airflow/.local/lib/python3.12/site-packages/airflow/example_dags/example_setup_teardown_taskflow.py
[2026-09-22T16:36:51.733+0000] {processor.py:830} INFO - Processing file /home/airflow/.local/lib/python3.12/site-packages/airflow/example_dags/example_setup_teardown_taskflow.py for tasks to queue
[2026-09-22T16:36:51.736+0000] {logging_mixin.py:188} INFO - [2026-09-22T16:36:51.736+0000] {dagbag.py:545} INFO - Filling up the DagBag from /home/airflow/.local/lib/python3.12/site-packages/airflow/example_dags/example_setup_teardown_taskflow.py
[2026-09-22T16:36:51.751+0000] {processor.py:840} INFO - DAG(s) 'example_setup_teardown_taskflow' retrieved from /home/airflow/.local/lib/python3.12/site-packages/airflow/example_dags/example_setup_teardown_taskflow.py
[2026-09-22T16:36:51.794+0000] {logging_mixin.py:188} INFO - [2026-09-22T16:36:51.793+0000] {dag.py:3089} INFO - Sync 1 DAGs
[2026-09-22T16:36:51.842+0000] {logging_mixin.py:188} INFO - [2026-09-22T16:36:51.842+0000] {dag.py:3947} INFO - Setting next_dagrun for example_setup_teardown_taskflow to 2026-09-21 00:00:00+00:00, run_after=2026-09-22 00:00:00+00:00
[2026-09-22T16:36:52.076+0000] {processor.py:183} INFO - Processing /home/airflow/.local/lib/python3.12/site-packages/airflow/example_dags/example_setup_teardown_taskflow.py took 0.356 seconds
[2026-09-22T16:37:22.854+0000] {processor.py:161} INFO - Started process (PID=2118) to work on /home/airflow/.local/lib/python3.12/site-packages/airflow/example_dags/example_setup_teardown_taskflow.py
[2026-09-22T16:37:22.856+0000] {processor.py:830} INFO - Processing file /home/airflow/.local/lib/python3.12/site-packages/airflow/example_dags/example_setup_teardown_taskflow.py for tasks to queue
[2026-09-22T16:37:22.861+0000] {logging_mixin.py:188} INFO - [2026-09-22T16:37:22.860+0000] {dagbag.py:545} INFO - Filling up the DagBag from /home/airflow/.local/lib/python3.12/site-packages/airflow/example_dags/example_setup_teardown_taskflow.py
[2026-09-22T16:37:22.884+0000] {processor.py:840} INFO - DAG(s) 'example_setup_teardown_taskflow' retrieved from /home/airflow/.local/lib/python3.12/site-packages/airflow/example_dags/example_setup_teardown_taskflow.py
[2026-09-22T16:37:22.923+0000] {logging_mixin.py:188} INFO - [2026-09-22T16:37:22.922+0000] {dag.py:3089} INFO - Sync 1 DAGs
[2026-09-22T16:37:22.956+0000] {logging_mixin.py:188} INFO - [2026-09-22T16:37:22.956+0000] {dag.py:3947} INFO - Setting next_dagrun for example_setup_teardown_taskflow to 2026-09-21 00:00:00+00:00, run_after=2026-09-22 00:00:00+00:00
[2026-09-22T16:37:22.993+0000] {processor.py:183} INFO - Processing /home/airflow/.local/lib/python3.12/site-packages/airflow/example_dags/example_setup_teardown_taskflow.py took 0.152 seconds
[2026-09-22T16:37:53.100+0000] {processor.py:161} INFO - Started process (PID=2176) to work on /home/airflow/.local/lib/python3.12/site-packages/airflow/example_dags/example_setup_teardown_taskflow.py
[2026-09-22T16:37:53.102+0000] {processor.py:830} INFO - Processing file /home/airflow/.local/lib/python3.12/site-packages/airflow/example_dags/example_setup_teardown_taskflow.py for tasks to queue
[2026-09-22T16:37:53.107+0000] {logging_mixin.py:188} INFO - [2026-09-22T16:37:53.106+0000] {dagbag.py:545} INFO - Filling up the DagBag from /home/airflow/.local/lib/python3.12/site-packages/airflow/example_dags/example_setup_teardown_taskflow.py
[2026-09-22T16:37:53.126+0000] {processor.py:840} INFO - DAG(s) 'example_setup_teardown_taskflow' retrieved from /home/airflow/.local/lib/python3.12/site-packages/airflow/example_dags/example_setup_teardown_taskflow.py
[2026-09-22T16:37:53.163+0000] {logging_mixin.py:188} INFO - [2026-09-22T16:37:53.163+0000] {dag.py:3089} INFO - Sync 1 DAGs
[2026-09-22T16:37:53.197+0000] {logging_mixin.py:188} INFO - [2026-09-22T16:37:53.196+0000] {dag.py:3947} INFO - Setting next_dagrun for example_setup_teardown_taskflow to 2026-09-21 00:00:00+00:00, run_after=2026-09-22 00:00:00+00:00
[2026-09-22T16:37:53.282+0000] {processor.py:183} INFO - Processing /home/airflow/.local/lib/python3.12/site-packages/airflow/example_dags/example_setup_teardown_taskflow.py took 0.193 seconds
[2026-09-22T16:38:24.741+0000] {processor.py:161} INFO - Started process (PID=2232) to work on /home/airflow/.local/lib/python3.12/site-packages/airflow/example_dags/example_setup_teardown_taskflow.py
[2026-09-22T16:38:24.743+0000] {processor.py:830} INFO - Processing file /home/airflow/.local/lib/python3.12/site-packages/airflow/example_dags/example_setup_teardown_taskflow.py for tasks to queue
[2026-09-22T16:38:24.746+0000] {logging_mixin.py:188} INFO - [2026-09-22T16:38:24.745+0000] {dagbag.py:545} INFO - Filling up the DagBag from /home/airflow/.local/lib/python3.12/site-packages/airflow/example_dags/example_setup_teardown_taskflow.py
[2026-09-22T16:38:24.762+0000] {processor.py:840} INFO - DAG(s) 'example_setup_teardown_taskflow' retrieved from /home/airflow/.local/lib/python3.12/site-packages/airflow/example_dags/example_setup_teardown_taskflow.py
[2026-09-22T16:38:24.804+0000] {logging_mixin.py:188} INFO - [2026-09-22T16:38:24.804+0000] {dag.py:3089} INFO - Sync 1 DAGs
[2026-09-22T16:38:25.050+0000] {logging_mixin.py:188} INFO - [2026-09-22T16:38:25.049+0000] {dag.py:3947} INFO - Setting next_dagrun for example_setup_teardown_taskflow to 2026-09-21 00:00:00+00:00, run_after=2026-09-22 00:00:00+00:00
[2026-09-22T16:38:25.078+0000] {processor.py:183} INFO - Processing /home/airflow/.local/lib/python3.12/site-packages/airflow/example_dags/example_setup_teardown_taskflow.py took 0.347 seconds
[2026-09-22T16:41:48.815+0000] {processor.py:161} INFO - Started process (PID=91) to work on /home/airflow/.local/lib/python3.12/site-packages/airflow/example_dags/example_setup_teardown_taskflow.py
[2026-09-22T16:41:48.817+0000] {processor.py:830} INFO - Processing file /home/airflow/.local/lib/python3.12/site-packages/airflow/example_dags/example_setup_teardown_taskflow.py for tasks to queue
[2026-09-22T16:41:48.819+0000] {logging_mixin.py:188} INFO - [2026-09-22T16:41:48.819+0000] {dagbag.py:545} INFO - Filling up the DagBag from /home/airflow/.local/lib/python3.12/site-packages/airflow/example_dags/example_setup_teardown_taskflow.py
[2026-09-22T16:41:48.831+0000] {processor.py:840} INFO - DAG(s) 'example_setup_teardown_taskflow' retrieved from /home/airflow/.local/lib/python3.12/site-packages/airflow/example_dags/example_setup_teardown_taskflow.py
[2026-09-22T16:41:49.007+0000] {logging_mixin.py:188} INFO - [2026-09-22T16:41:49.007+0000] {dag.py:3089} INFO - Sync 1 DAGs
[2026-09-22T16:41:49.034+0000] {logging_mixin.py:188} INFO - [2026-09-22T16:41:49.034+0000] {dag.py:3947} INFO - Setting next_dagrun for example_setup_teardown_taskflow to 2026-09-21 00:00:00+00:00, run_after=2026-09-22 00:00:00+00:00
[2026-09-22T16:41:49.062+0000] {processor.py:183} INFO - Processing /home/airflow/.local/lib/python3.12/site-packages/airflow/example_dags/example_setup_teardown_taskflow.py took 0.256 seconds
[2026-09-22T16:42:19.302+0000] {processor.py:161} INFO - Started process (PID=148) to work on /home/airflow/.local/lib/python3.12/site-packages/airflow/example_dags/example_setup_teardown_taskflow.py
[2026-09-22T16:42:19.304+0000] {processor.py:830} INFO - Processing file /home/airflow/.local/lib/python3.12/site-packages/airflow/example_dags/example_setup_teardown_taskflow.py for tasks to queue
[2026-09-22T16:42:19.306+0000] {logging_mixin.py:188} INFO - [2026-09-22T16:42:19.306+0000] {dagbag.py:545} INFO - Filling up the DagBag from /home/airflow/.local/lib/python3.12/site-packages/airflow/example_dags/example_setup_teardown_taskflow.py
[2026-09-22T16:42:19.319+0000] {processor.py:840} INFO - DAG(s) 'example_setup_teardown_taskflow' retrieved from /home/airflow/.local/lib/python3.12/site-packages/airflow/example_dags/example_setup_teardown_taskflow.py
[2026-09-22T16:42:19.351+0000] {logging_mixin.py:188} INFO - [2026-09-22T16:42:19.351+0000] {dag.py:3089} INFO - Sync 1 DAGs
[2026-09-22T16:42:19.384+0000] {logging_mixin.py:188} INFO - [2026-09-22T16:42:19.384+0000] {dag.py:3947} INFO - Setting next_dagrun for example_setup_teardown_taskflow to 2026-09-21 00:00:00+00:00, run_after=2026-09-22 00:00:00+00:00
[2026-09-22T16:42:19.474+0000] {processor.py:183} INFO - Processing /home/airflow/.local/lib/python3.12/site-packages/airflow/example_dags/example_setup_teardown_taskflow.py took 0.184 seconds
[2026-09-22T16:43:49.288+0000] {processor.py:161} INFO - Started process (PID=91) to work on /home/airflow/.local/lib/python3.12/site-packages/airflow/example_dags/example_setup_teardown_taskflow.py
[2026-09-22T16:43:49.290+0000] {processor.py:830} INFO - Processing file /home/airflow/.local/lib/python3.12/site-packages/airflow/example_dags/example_setup_teardown_taskflow.py for tasks to queue
[2026-09-22T16:43:49.294+0000] {logging_mixin.py:188} INFO - [2026-09-22T16:43:49.293+0000] {dagbag.py:545} INFO - Filling up the DagBag from /home/airflow/.local/lib/python3.12/site-packages/airflow/example_dags/example_setup_teardown_taskflow.py
[2026-09-22T16:43:49.306+0000] {processor.py:840} INFO - DAG(s) 'example_setup_teardown_taskflow' retrieved from /home/airflow/.local/lib/python3.12/site-packages/airflow/example_dags/example_setup_teardown_taskflow.py
[2026-09-22T16:43:49.445+0000] {logging_mixin.py:188} INFO - [2026-09-22T16:43:49.445+0000] {dag.py:3089} INFO - Sync 1 DAGs
[2026-09-22T16:43:49.470+0000] {logging_mixin.py:188} INFO - [2026-09-22T16:43:49.470+0000] {dag.py:3947} INFO - Setting next_dagrun for example_setup_teardown_taskflow to 2026-09-21 00:00:00+00:00, run_after=2026-09-22 00:00:00+00:00
[2026-09-22T16:43:49.555+0000] {processor.py:183} INFO - Processing /home/airflow/.local/lib/python3.12/site-packages/airflow/example_dags/example_setup_teardown_taskflow.py took 0.275 seconds
[2026-09-22T16:44:20.369+0000] {processor.py:161} INFO - Started process (PID=154) to work on /home/airflow/.local/lib/python3.12/site-packages/airflow/example_dags/example_setup_teardown_taskflow.py
[2026-09-22T16:44:20.371+0000] {processor.py:830} INFO - Processing file /home/airflow/.local/lib/python3.12/site-packages/airflow/example_dags/example_setup_teardown_taskflow.py for tasks to queue
[2026-09-22T16:44:20.375+0000] {logging_mixin.py:188} INFO - [2026-09-22T16:44:20.374+0000] {dagbag.py:545} INFO - Filling up the DagBag from /home/airflow/.local/lib/python3.12/site-packages/airflow/example_dags/example_setup_teardown_taskflow.py
[2026-09-22T16:44:20.399+0000] {processor.py:840} INFO - DAG(s) 'example_setup_teardown_taskflow' retrieved from /home/airflow/.local/lib/python3.12/site-packages/airflow/example_dags/example_setup_teardown_taskflow.py
[2026-09-22T16:44:20.440+0000] {logging_mixin.py:188} INFO - [2026-09-22T16:44:20.440+0000] {dag.py:3089} INFO - Sync 1 DAGs
[2026-09-22T16:44:20.486+0000] {logging_mixin.py:188} INFO - [2026-09-22T16:44:20.486+0000] {dag.py:3947} INFO - Setting next_dagrun for example_setup_teardown_taskflow to 2026-09-21 00:00:00+00:00, run_after=2026-09-22 00:00:00+00:00
[2026-09-22T16:44:20.578+0000] {processor.py:183} INFO - Processing /home/airflow/.local/lib/python3.12/site-packages/airflow/example_dags/example_setup_teardown_taskflow.py took 0.226 seconds
[2026-09-22T16:44:50.937+0000] {processor.py:161} INFO - Started process (PID=212) to work on /home/airflow/.local/lib/python3.12/site-packages/airflow/example_dags/example_setup_teardown_taskflow.py
[2026-09-22T16:44:50.939+0000] {processor.py:830} INFO - Processing file /home/airflow/.local/lib/python3.12/site-packages/airflow/example_dags/example_setup_teardown_taskflow.py for tasks to queue
[2026-09-22T16:44:50.942+0000] {logging_mixin.py:188} INFO - [2026-09-22T16:44:50.941+0000] {dagbag.py:545} INFO - Filling up the DagBag from /home/airflow/.local/lib/python3.12/site-packages/airflow/example_dags/example_setup_teardown_taskflow.py
[2026-09-22T16:44:50.954+0000] {processor.py:840} INFO - DAG(s) 'example_setup_teardown_taskflow' retrieved from /home/airflow/.local/lib/python3.12/site-packages/airflow/example_dags/example_setup_teardown_taskflow.py
[2026-09-22T16:44:50.990+0000] {logging_mixin.py:188} INFO - [2026-09-22T16:44:50.990+0000] {dag.py:3089} INFO - Sync 1 DAGs
[2026-09-22T16:44:51.028+0000] {logging_mixin.py:188} INFO - [2026-09-22T16:44:51.027+0000] {dag.py:3947} INFO - Setting next_dagrun for example_setup_teardown_taskflow to 2026-09-21 00:00:00+00:00, run_after=2026-09-22 00:00:00+00:00
[2026-09-22T16:44:51.118+0000] {processor.py:183} INFO - Processing /home/airflow/.local/lib/python3.12/site-packages/airflow/example_dags/example_setup_teardown_taskflow.py took 0.190 seconds
[2026-09-22T16:45:21.322+0000] {processor.py:161} INFO - Started process (PID=270) to work on /home/airflow/.local/lib/python3.12/site-packages/airflow/example_dags/example_setup_teardown_taskflow.py
[2026-09-22T16:45:21.324+0000] {processor.py:830} INFO - Processing file /home/airflow/.local/lib/python3.12/site-packages/airflow/example_dags/example_setup_teardown_taskflow.py for tasks to queue
[2026-09-22T16:45:21.327+0000] {logging_mixin.py:188} INFO - [2026-09-22T16:45:21.327+0000] {dagbag.py:545} INFO - Filling up the DagBag from /home/airflow/.local/lib/python3.12/site-packages/airflow/example_dags/example_setup_teardown_taskflow.py
[2026-09-22T16:45:21.340+0000] {processor.py:840} INFO - DAG(s) 'example_setup_teardown_taskflow' retrieved from /home/airflow/.local/lib/python3.12/site-packages/airflow/example_dags/example_setup_teardown_taskflow.py
[2026-09-22T16:45:21.379+0000] {logging_mixin.py:188} INFO - [2026-09-22T16:45:21.378+0000] {dag.py:3089} INFO - Sync 1 DAGs
[2026-09-22T16:45:21.416+0000] {logging_mixin.py:188} INFO - [2026-09-22T16:45:21.415+0000] {dag.py:3947} INFO - Setting next_dagrun for example_setup_teardown_taskflow to 2026-09-21 00:00:00+00:00, run_after=2026-09-22 00:00:00+00:00
[2026-09-22T16:45:21.522+0000] {processor.py:183} INFO - Processing /home/airflow/.local/lib/python3.12/site-packages/airflow/example_dags/example_setup_teardown_taskflow.py took 0.207 seconds
[2026-09-22T16:45:51.715+0000] {processor.py:161} INFO - Started process (PID=328) to work on /home/airflow/.local/lib/python3.12/site-packages/airflow/example_dags/example_setup_teardown_taskflow.py
[2026-09-22T16:45:51.717+0000] {processor.py:830} INFO - Processing file /home/airflow/.local/lib/python3.12/site-packages/airflow/example_dags/example_setup_teardown_taskflow.py for tasks to queue
[2026-09-22T16:45:51.721+0000] {logging_mixin.py:188} INFO - [2026-09-22T16:45:51.720+0000] {dagbag.py:545} INFO - Filling up the DagBag from /home/airflow/.local/lib/python3.12/site-packages/airflow/example_dags/example_setup_teardown_taskflow.py
[2026-09-22T16:45:51.752+0000] {processor.py:840} INFO - DAG(s) 'example_setup_teardown_taskflow' retrieved from /home/airflow/.local/lib/python3.12/site-packages/airflow/example_dags/example_setup_teardown_taskflow.py
[2026-09-22T16:45:51.809+0000] {logging_mixin.py:188} INFO - [2026-09-22T16:45:51.805+0000] {dag.py:3089} INFO - Sync 1 DAGs
[2026-09-22T16:45:51.862+0000] {logging_mixin.py:188} INFO - [2026-09-22T16:45:51.862+0000] {dag.py:3947} INFO - Setting next_dagrun for example_setup_teardown_taskflow to 2026-09-21 00:00:00+00:00, run_after=2026-09-22 00:00:00+00:00
[2026-09-22T16:45:51.915+0000] {processor.py:183} INFO - Processing /home/airflow/.local/lib/python3.12/site-packages/airflow/example_dags/example_setup_teardown_taskflow.py took 0.212 seconds
[2026-09-22T16:46:22.014+0000] {processor.py:161} INFO - Started process (PID=386) to work on /home/airflow/.local/lib/python3.12/site-packages/airflow/example_dags/example_setup_teardown_taskflow.py
[2026-09-22T16:46:22.016+0000] {processor.py:830} INFO - Processing file /home/airflow/.local/lib/python3.12/site-packages/airflow/example_dags/example_setup_teardown_taskflow.py for tasks to queue
[2026-09-22T16:46:22.019+0000] {logging_mixin.py:188} INFO - [2026-09-22T16:46:22.018+0000] {dagbag.py:545} INFO - Filling up the DagBag from /home/airflow/.local/lib/python3.12/site-packages/airflow/example_dags/example_setup_teardown_taskflow.py
[2026-09-22T16:46:22.034+0000] {processor.py:840} INFO - DAG(s) 'example_setup_teardown_taskflow' retrieved from /home/airflow/.local/lib/python3.12/site-packages/airflow/example_dags/example_setup_teardown_taskflow.py
[2026-09-22T16:46:22.067+0000] {logging_mixin.py:188} INFO - [2026-09-22T16:46:22.067+0000] {dag.py:3089} INFO - Sync 1 DAGs
[2026-09-22T16:46:22.102+0000] {logging_mixin.py:188} INFO - [2026-09-22T16:46:22.101+0000] {dag.py:3947} INFO - Setting next_dagrun for example_setup_teardown_taskflow to 2026-09-21 00:00:00+00:00, run_after=2026-09-22 00:00:00+00:00
[2026-09-22T16:46:22.180+0000] {processor.py:183} INFO - Processing /home/airflow/.local/lib/python3.12/site-packages/airflow/example_dags/example_setup_teardown_taskflow.py took 0.176 seconds
[2026-09-22T16:46:53.245+0000] {processor.py:161} INFO - Started process (PID=444) to work on /home/airflow/.local/lib/python3.12/site-packages/airflow/example_dags/example_setup_teardown_taskflow.py
[2026-09-22T16:46:53.249+0000] {processor.py:830} INFO - Processing file /home/airflow/.local/lib/python3.12/site-packages/airflow/example_dags/example_setup_teardown_taskflow.py for tasks to queue
[2026-09-22T16:46:53.253+0000] {logging_mixin.py:188} INFO - [2026-09-22T16:46:53.252+0000] {dagbag.py:545} INFO - Filling up the DagBag from /home/airflow/.local/lib/python3.12/site-packages/airflow/example_dags/example_setup_teardown_taskflow.py
[2026-09-22T16:46:53.270+0000] {processor.py:840} INFO - DAG(s) 'example_setup_teardown_taskflow' retrieved from /home/airflow/.local/lib/python3.12/site-packages/airflow/example_dags/example_setup_teardown_taskflow.py
[2026-09-22T16:46:53.309+0000] {logging_mixin.py:188} INFO - [2026-09-22T16:46:53.309+0000] {dag.py:3089} INFO - Sync 1 DAGs
[2026-09-22T16:46:53.350+0000] {logging_mixin.py:188} INFO - [2026-09-22T16:46:53.350+0000] {dag.py:3947} INFO - Setting next_dagrun for example_setup_teardown_taskflow to 2026-09-21 00:00:00+00:00, run_after=2026-09-22 00:00:00+00:00
[2026-09-22T16:46:53.408+0000] {processor.py:183} INFO - Processing /home/airflow/.local/lib/python3.12/site-packages/airflow/example_dags/example_setup_teardown_taskflow.py took 0.175 seconds
[2026-09-22T16:47:23.775+0000] {processor.py:161} INFO - Started process (PID=502) to work on /home/airflow/.local/lib/python3.12/site-packages/airflow/example_dags/example_setup_teardown_taskflow.py
[2026-09-22T16:47:23.776+0000] {processor.py:830} INFO - Processing file /home/airflow/.local/lib/python3.12/site-packages/airflow/example_dags/example_setup_teardown_taskflow.py for tasks to queue
[2026-09-22T16:47:23.779+0000] {logging_mixin.py:188} INFO - [2026-09-22T16:47:23.779+0000] {dagbag.py:545} INFO - Filling up the DagBag from /home/airflow/.local/lib/python3.12/site-packages/airflow/example_dags/example_setup_teardown_taskflow.py
[2026-09-22T16:47:23.797+0000] {processor.py:840} INFO - DAG(s) 'example_setup_teardown_taskflow' retrieved from /home/airflow/.local/lib/python3.12/site-packages/airflow/example_dags/example_setup_teardown_taskflow.py
[2026-09-22T16:47:23.838+0000] {logging_mixin.py:188} INFO - [2026-09-22T16:47:23.838+0000] {dag.py:3089} INFO - Sync 1 DAGs
[2026-09-22T16:47:23.877+0000] {logging_mixin.py:188} INFO - [2026-09-22T16:47:23.876+0000] {dag.py:3947} INFO - Setting next_dagrun for example_setup_teardown_taskflow to 2026-09-21 00:00:00+00:00, run_after=2026-09-22 00:00:00+00:00
[2026-09-22T16:47:23.928+0000] {processor.py:183} INFO - Processing /home/airflow/.local/lib/python3.12/site-packages/airflow/example_dags/example_setup_teardown_taskflow.py took 0.165 seconds
[2026-09-22T16:47:54.018+0000] {processor.py:161} INFO - Started process (PID=560) to work on /home/airflow/.local/lib/python3.12/site-packages/airflow/example_dags/example_setup_teardown_taskflow.py
[2026-09-22T16:47:54.019+0000] {processor.py:830} INFO - Processing file /home/airflow/.local/lib/python3.12/site-packages/airflow/example_dags/example_setup_teardown_taskflow.py for tasks to queue
[2026-09-22T16:47:54.021+0000] {logging_mixin.py:188} INFO - [2026-09-22T16:47:54.021+0000] {dagbag.py:545} INFO - Filling up the DagBag from /home/airflow/.local/lib/python3.12/site-packages/airflow/example_dags/example_setup_teardown_taskflow.py
[2026-09-22T16:47:54.034+0000] {processor.py:840} INFO - DAG(s) 'example_setup_teardown_taskflow' retrieved from /home/airflow/.local/lib/python3.12/site-packages/airflow/example_dags/example_setup_teardown_taskflow.py
[2026-09-22T16:47:54.065+0000] {logging_mixin.py:188} INFO - [2026-09-22T16:47:54.065+0000] {dag.py:3089} INFO - Sync 1 DAGs
[2026-09-22T16:47:54.091+0000] {logging_mixin.py:188} INFO - [2026-09-22T16:47:54.091+0000] {dag.py:3947} INFO - Setting next_dagrun for example_setup_teardown_taskflow to 2026-09-21 00:00:00+00:00, run_after=2026-09-22 00:00:00+00:00
[2026-09-22T16:47:54.187+0000] {processor.py:183} INFO - Processing /home/airflow/.local/lib/python3.12/site-packages/airflow/example_dags/example_setup_teardown_taskflow.py took 0.179 seconds
[2026-09-22T16:48:24.912+0000] {processor.py:161} INFO - Started process (PID=618) to work on /home/airflow/.local/lib/python3.12/site-packages/airflow/example_dags/example_setup_teardown_taskflow.py
[2026-09-22T16:48:24.914+0000] {processor.py:830} INFO - Processing file /home/airflow/.local/lib/python3.12/site-packages/airflow/example_dags/example_setup_teardown_taskflow.py for tasks to queue
[2026-09-22T16:48:24.918+0000] {logging_mixin.py:188} INFO - [2026-09-22T16:48:24.917+0000] {dagbag.py:545} INFO - Filling up the DagBag from /home/airflow/.local/lib/python3.12/site-packages/airflow/example_dags/example_setup_teardown_taskflow.py
[2026-09-22T16:48:24.931+0000] {processor.py:840} INFO - DAG(s) 'example_setup_teardown_taskflow' retrieved from /home/airflow/.local/lib/python3.12/site-packages/airflow/example_dags/example_setup_teardown_taskflow.py
[2026-09-22T16:48:24.973+0000] {logging_mixin.py:188} INFO - [2026-09-22T16:48:24.973+0000] {dag.py:3089} INFO - Sync 1 DAGs
[2026-09-22T16:48:25.014+0000] {logging_mixin.py:188} INFO - [2026-09-22T16:48:25.014+0000] {dag.py:3947} INFO - Setting next_dagrun for example_setup_teardown_taskflow to 2026-09-21 00:00:00+00:00, run_after=2026-09-22 00:00:00+00:00
[2026-09-22T16:48:25.116+0000] {processor.py:183} INFO - Processing /home/airflow/.local/lib/python3.12/site-packages/airflow/example_dags/example_setup_teardown_taskflow.py took 0.216 seconds
[2026-09-22T16:48:56.015+0000] {processor.py:161} INFO - Started process (PID=676) to work on /home/airflow/.local/lib/python3.12/site-packages/airflow/example_dags/example_setup_teardown_taskflow.py
[2026-09-22T16:48:56.017+0000] {processor.py:830} INFO - Processing file /home/airflow/.local/lib/python3.12/site-packages/airflow/example_dags/example_setup_teardown_taskflow.py for tasks to queue
[2026-09-22T16:48:56.020+0000] {logging_mixin.py:188} INFO - [2026-09-22T16:48:56.019+0000] {dagbag.py:545} INFO - Filling up the DagBag from /home/airflow/.local/lib/python3.12/site-packages/airflow/example_dags/example_setup_teardown_taskflow.py
[2026-09-22T16:48:56.037+0000] {processor.py:840} INFO - DAG(s) 'example_setup_teardown_taskflow' retrieved from /home/airflow/.local/lib/python3.12/site-packages/airflow/example_dags/example_setup_teardown_taskflow.py
[2026-09-22T16:48:56.071+0000] {logging_mixin.py:188} INFO - [2026-09-22T16:48:56.071+0000] {dag.py:3089} INFO - Sync 1 DAGs
[2026-09-22T16:48:56.112+0000] {logging_mixin.py:188} INFO - [2026-09-22T16:48:56.111+0000] {dag.py:3947} INFO - Setting next_dagrun for example_setup_teardown_taskflow to 2026-09-21 00:00:00+00:00, run_after=2026-09-22 00:00:00+00:00
[2026-09-22T16:48:56.180+0000] {processor.py:183} INFO - Processing /home/airflow/.local/lib/python3.12/site-packages/airflow/example_dags/example_setup_teardown_taskflow.py took 0.175 seconds
[2026-09-22T16:49:27.083+0000] {processor.py:161} INFO - Started process (PID=735) to work on /home/airflow/.local/lib/python3.12/site-packages/airflow/example_dags/example_setup_teardown_taskflow.py
[2026-09-22T16:49:27.085+0000] {processor.py:830} INFO - Processing file /home/airflow/.local/lib/python3.12/site-packages/airflow/example_dags/example_setup_teardown_taskflow.py for tasks to queue
[2026-09-22T16:49:27.088+0000] {logging_mixin.py:188} INFO - [2026-09-22T16:49:27.087+0000] {dagbag.py:545} INFO - Filling up the DagBag from /home/airflow/.local/lib/python3.12/site-packages/airflow/example_dags/example_setup_teardown_taskflow.py
[2026-09-22T16:49:27.099+0000] {processor.py:840} INFO - DAG(s) 'example_setup_teardown_taskflow' retrieved from /home/airflow/.local/lib/python3.12/site-packages/airflow/example_dags/example_setup_teardown_taskflow.py
[2026-09-22T16:49:27.131+0000] {logging_mixin.py:188} INFO - [2026-09-22T16:49:27.131+0000] {dag.py:3089} INFO - Sync 1 DAGs
[2026-09-22T16:49:27.156+0000] {logging_mixin.py:188} INFO - [2026-09-22T16:49:27.156+0000] {dag.py:3947} INFO - Setting next_dagrun for example_setup_teardown_taskflow to 2026-09-21 00:00:00+00:00, run_after=2026-09-22 00:00:00+00:00
[2026-09-22T16:49:27.248+0000] {processor.py:183} INFO - Processing /home/airflow/.local/lib/python3.12/site-packages/airflow/example_dags/example_setup_teardown_taskflow.py took 0.173 seconds
[2026-09-22T16:49:57.685+0000] {processor.py:161} INFO - Started process (PID=793) to work on /home/airflow/.local/lib/python3.12/site-packages/airflow/example_dags/example_setup_teardown_taskflow.py
[2026-09-22T16:49:57.688+0000] {processor.py:830} INFO - Processing file /home/airflow/.local/lib/python3.12/site-packages/airflow/example_dags/example_setup_teardown_taskflow.py for tasks to queue
[2026-09-22T16:49:57.696+0000] {logging_mixin.py:188} INFO - [2026-09-22T16:49:57.695+0000] {dagbag.py:545} INFO - Filling up the DagBag from /home/airflow/.local/lib/python3.12/site-packages/airflow/example_dags/example_setup_teardown_taskflow.py
[2026-09-22T16:49:57.728+0000] {processor.py:840} INFO - DAG(s) 'example_setup_teardown_taskflow' retrieved from /home/airflow/.local/lib/python3.12/site-packages/airflow/example_dags/example_setup_teardown_taskflow.py
[2026-09-22T16:49:57.770+0000] {logging_mixin.py:188} INFO - [2026-09-22T16:49:57.770+0000] {dag.py:3089} INFO - Sync 1 DAGs
[2026-09-22T16:49:57.800+0000] {logging_mixin.py:188} INFO - [2026-09-22T16:49:57.799+0000] {dag.py:3947} INFO - Setting next_dagrun for example_setup_teardown_taskflow to 2026-09-21 00:00:00+00:00, run_after=2026-09-22 00:00:00+00:00
[2026-09-22T16:49:57.892+0000] {processor.py:183} INFO - Processing /home/airflow/.local/lib/python3.12/site-packages/airflow/example_dags/example_setup_teardown_taskflow.py took 0.227 seconds
[2026-09-22T16:50:28.684+0000] {processor.py:161} INFO - Started process (PID=852) to work on /home/airflow/.local/lib/python3.12/site-packages/airflow/example_dags/example_setup_teardown_taskflow.py
[2026-09-22T16:50:28.685+0000] {processor.py:830} INFO - Processing file /home/airflow/.local/lib/python3.12/site-packages/airflow/example_dags/example_setup_teardown_taskflow.py for tasks to queue
[2026-09-22T16:50:28.688+0000] {logging_mixin.py:188} INFO - [2026-09-22T16:50:28.688+0000] {dagbag.py:545} INFO - Filling up the DagBag from /home/airflow/.local/lib/python3.12/site-packages/airflow/example_dags/example_setup_teardown_taskflow.py
[2026-09-22T16:50:28.702+0000] {processor.py:840} INFO - DAG(s) 'example_setup_teardown_taskflow' retrieved from /home/airflow/.local/lib/python3.12/site-packages/airflow/example_dags/example_setup_teardown_taskflow.py
[2026-09-22T16:50:28.739+0000] {logging_mixin.py:188} INFO - [2026-09-22T16:50:28.738+0000] {dag.py:3089} INFO - Sync 1 DAGs
[2026-09-22T16:50:28.768+0000] {logging_mixin.py:188} INFO - [2026-09-22T16:50:28.768+0000] {dag.py:3947} INFO - Setting next_dagrun for example_setup_teardown_taskflow to 2026-09-21 00:00:00+00:00, run_after=2026-09-22 00:00:00+00:00
[2026-09-22T16:50:28.864+0000] {processor.py:183} INFO - Processing /home/airflow/.local/lib/python3.12/site-packages/airflow/example_dags/example_setup_teardown_taskflow.py took 0.188 seconds
[2026-09-22T16:50:59.204+0000] {processor.py:161} INFO - Started process (PID=910) to work on /home/airflow/.local/lib/python3.12/site-packages/airflow/example_dags/example_setup_teardown_taskflow.py
[2026-09-22T16:50:59.206+0000] {processor.py:830} INFO - Processing file /home/airflow/.local/lib/python3.12/site-packages/airflow/example_dags/example_setup_teardown_taskflow.py for tasks to queue
[2026-09-22T16:50:59.211+0000] {logging_mixin.py:188} INFO - [2026-09-22T16:50:59.210+0000] {dagbag.py:545} INFO - Filling up the DagBag from /home/airflow/.local/lib/python3.12/site-packages/airflow/example_dags/example_setup_teardown_taskflow.py
[2026-09-22T16:50:59.234+0000] {processor.py:840} INFO - DAG(s) 'example_setup_teardown_taskflow' retrieved from /home/airflow/.local/lib/python3.12/site-packages/airflow/example_dags/example_setup_teardown_taskflow.py
[2026-09-22T16:50:59.313+0000] {logging_mixin.py:188} INFO - [2026-09-22T16:50:59.313+0000] {dag.py:3089} INFO - Sync 1 DAGs
[2026-09-22T16:50:59.379+0000] {logging_mixin.py:188} INFO - [2026-09-22T16:50:59.379+0000] {dag.py:3947} INFO - Setting next_dagrun for example_setup_teardown_taskflow to 2026-09-21 00:00:00+00:00, run_after=2026-09-22 00:00:00+00:00
[2026-09-22T16:50:59.431+0000] {processor.py:183} INFO - Processing /home/airflow/.local/lib/python3.12/site-packages/airflow/example_dags/example_setup_teardown_taskflow.py took 0.245 seconds
[2026-09-22T16:51:29.894+0000] {processor.py:161} INFO - Started process (PID=968) to work on /home/airflow/.local/lib/python3.12/site-packages/airflow/example_dags/example_setup_teardown_taskflow.py
[2026-09-22T16:51:29.898+0000] {processor.py:830} INFO - Processing file /home/airflow/.local/lib/python3.12/site-packages/airflow/example_dags/example_setup_teardown_taskflow.py for tasks to queue
[2026-09-22T16:51:29.903+0000] {logging_mixin.py:188} INFO - [2026-09-22T16:51:29.903+0000] {dagbag.py:545} INFO - Filling up the DagBag from /home/airflow/.local/lib/python3.12/site-packages/airflow/example_dags/example_setup_teardown_taskflow.py
[2026-09-22T16:51:29.926+0000] {processor.py:840} INFO - DAG(s) 'example_setup_teardown_taskflow' retrieved from /home/airflow/.local/lib/python3.12/site-packages/airflow/example_dags/example_setup_teardown_taskflow.py
[2026-09-22T16:51:29.971+0000] {logging_mixin.py:188} INFO - [2026-09-22T16:51:29.970+0000] {dag.py:3089} INFO - Sync 1 DAGs
[2026-09-22T16:51:30.018+0000] {logging_mixin.py:188} INFO - [2026-09-22T16:51:30.017+0000] {dag.py:3947} INFO - Setting next_dagrun for example_setup_teardown_taskflow to 2026-09-21 00:00:00+00:00, run_after=2026-09-22 00:00:00+00:00
[2026-09-22T16:51:30.053+0000] {processor.py:183} INFO - Processing /home/airflow/.local/lib/python3.12/site-packages/airflow/example_dags/example_setup_teardown_taskflow.py took 0.170 seconds
[2026-09-22T16:52:23.439+0000] {processor.py:161} INFO - Started process (PID=1018) to work on /home/airflow/.local/lib/python3.12/site-packages/airflow/example_dags/example_setup_teardown_taskflow.py
[2026-09-22T16:52:23.440+0000] {processor.py:830} INFO - Processing file /home/airflow/.local/lib/python3.12/site-packages/airflow/example_dags/example_setup_teardown_taskflow.py for tasks to queue
[2026-09-22T16:52:23.443+0000] {logging_mixin.py:188} INFO - [2026-09-22T16:52:23.442+0000] {dagbag.py:545} INFO - Filling up the DagBag from /home/airflow/.local/lib/python3.12/site-packages/airflow/example_dags/example_setup_teardown_taskflow.py
[2026-09-22T16:52:23.455+0000] {processor.py:840} INFO - DAG(s) 'example_setup_teardown_taskflow' retrieved from /home/airflow/.local/lib/python3.12/site-packages/airflow/example_dags/example_setup_teardown_taskflow.py
[2026-09-22T16:52:23.486+0000] {logging_mixin.py:188} INFO - [2026-09-22T16:52:23.486+0000] {dag.py:3089} INFO - Sync 1 DAGs
[2026-09-22T16:52:23.518+0000] {logging_mixin.py:188} INFO - [2026-09-22T16:52:23.517+0000] {dag.py:3947} INFO - Setting next_dagrun for example_setup_teardown_taskflow to 2026-09-21 00:00:00+00:00, run_after=2026-09-22 00:00:00+00:00
[2026-09-22T16:52:23.544+0000] {processor.py:183} INFO - Processing /home/airflow/.local/lib/python3.12/site-packages/airflow/example_dags/example_setup_teardown_taskflow.py took 0.115 seconds
[2026-09-22T16:52:53.738+0000] {processor.py:161} INFO - Started process (PID=1076) to work on /home/airflow/.local/lib/python3.12/site-packages/airflow/example_dags/example_setup_teardown_taskflow.py
[2026-09-22T16:52:53.739+0000] {processor.py:830} INFO - Processing file /home/airflow/.local/lib/python3.12/site-packages/airflow/example_dags/example_setup_teardown_taskflow.py for tasks to queue
[2026-09-22T16:52:53.741+0000] {logging_mixin.py:188} INFO - [2026-09-22T16:52:53.741+0000] {dagbag.py:545} INFO - Filling up the DagBag from /home/airflow/.local/lib/python3.12/site-packages/airflow/example_dags/example_setup_teardown_taskflow.py
[2026-09-22T16:52:53.748+0000] {processor.py:840} INFO - DAG(s) 'example_setup_teardown_taskflow' retrieved from /home/airflow/.local/lib/python3.12/site-packages/airflow/example_dags/example_setup_teardown_taskflow.py
[2026-09-22T16:52:53.768+0000] {logging_mixin.py:188} INFO - [2026-09-22T16:52:53.767+0000] {dag.py:3089} INFO - Sync 1 DAGs
[2026-09-22T16:52:53.786+0000] {logging_mixin.py:188} INFO - [2026-09-22T16:52:53.786+0000] {dag.py:3947} INFO - Setting next_dagrun for example_setup_teardown_taskflow to 2026-09-21 00:00:00+00:00, run_after=2026-09-22 00:00:00+00:00
[2026-09-22T16:52:53.806+0000] {processor.py:183} INFO - Processing /home/airflow/.local/lib/python3.12/site-packages/airflow/example_dags/example_setup_teardown_taskflow.py took 0.074 seconds
[2026-09-22T16:53:23.954+0000] {processor.py:161} INFO - Started process (PID=1134) to work on /home/airflow/.local/lib/python3.12/site-packages/airflow/example_dags/example_setup_teardown_taskflow.py
[2026-09-22T16:53:23.955+0000] {processor.py:830} INFO - Processing file /home/airflow/.local/lib/python3.12/site-packages/airflow/example_dags/example_setup_teardown_taskflow.py for tasks to queue
[2026-09-22T16:53:23.957+0000] {logging_mixin.py:188} INFO - [2026-09-22T16:53:23.957+0000] {dagbag.py:545} INFO - Filling up the DagBag from /home/airflow/.local/lib/python3.12/site-packages/airflow/example_dags/example_setup_teardown_taskflow.py
[2026-09-22T16:53:23.966+0000] {processor.py:840} INFO - DAG(s) 'example_setup_teardown_taskflow' retrieved from /home/airflow/.local/lib/python3.12/site-packages/airflow/example_dags/example_setup_teardown_taskflow.py
[2026-09-22T16:53:23.991+0000] {logging_mixin.py:188} INFO - [2026-09-22T16:53:23.991+0000] {dag.py:3089} INFO - Sync 1 DAGs
[2026-09-22T16:53:24.013+0000] {logging_mixin.py:188} INFO - [2026-09-22T16:53:24.013+0000] {dag.py:3947} INFO - Setting next_dagrun for example_setup_teardown_taskflow to 2026-09-21 00:00:00+00:00, run_after=2026-09-22 00:00:00+00:00
[2026-09-22T16:53:24.040+0000] {processor.py:183} INFO - Processing /home/airflow/.local/lib/python3.12/site-packages/airflow/example_dags/example_setup_teardown_taskflow.py took 0.091 seconds
[2026-09-22T16:53:54.092+0000] {processor.py:161} INFO - Started process (PID=1192) to work on /home/airflow/.local/lib/python3.12/site-packages/airflow/example_dags/example_setup_teardown_taskflow.py
[2026-09-22T16:53:54.094+0000] {processor.py:830} INFO - Processing file /home/airflow/.local/lib/python3.12/site-packages/airflow/example_dags/example_setup_teardown_taskflow.py for tasks to queue
[2026-09-22T16:53:54.096+0000] {logging_mixin.py:188} INFO - [2026-09-22T16:53:54.095+0000] {dagbag.py:545} INFO - Filling up the DagBag from /home/airflow/.local/lib/python3.12/site-packages/airflow/example_dags/example_setup_teardown_taskflow.py
[2026-09-22T16:53:54.106+0000] {processor.py:840} INFO - DAG(s) 'example_setup_teardown_taskflow' retrieved from /home/airflow/.local/lib/python3.12/site-packages/airflow/example_dags/example_setup_teardown_taskflow.py
[2026-09-22T16:53:54.130+0000] {logging_mixin.py:188} INFO - [2026-09-22T16:53:54.130+0000] {dag.py:3089} INFO - Sync 1 DAGs
[2026-09-22T16:53:54.152+0000] {logging_mixin.py:188} INFO - [2026-09-22T16:53:54.152+0000] {dag.py:3947} INFO - Setting next_dagrun for example_setup_teardown_taskflow to 2026-09-21 00:00:00+00:00, run_after=2026-09-22 00:00:00+00:00
[2026-09-22T16:53:54.176+0000] {processor.py:183} INFO - Processing /home/airflow/.local/lib/python3.12/site-packages/airflow/example_dags/example_setup_teardown_taskflow.py took 0.090 seconds
[2026-09-22T16:54:24.454+0000] {processor.py:161} INFO - Started process (PID=1250) to work on /home/airflow/.local/lib/python3.12/site-packages/airflow/example_dags/example_setup_teardown_taskflow.py
[2026-09-22T16:54:24.455+0000] {processor.py:830} INFO - Processing file /home/airflow/.local/lib/python3.12/site-packages/airflow/example_dags/example_setup_teardown_taskflow.py for tasks to queue
[2026-09-22T16:54:24.457+0000] {logging_mixin.py:188} INFO - [2026-09-22T16:54:24.457+0000] {dagbag.py:545} INFO - Filling up the DagBag from /home/airflow/.local/lib/python3.12/site-packages/airflow/example_dags/example_setup_teardown_taskflow.py
[2026-09-22T16:54:24.467+0000] {processor.py:840} INFO - DAG(s) 'example_setup_teardown_taskflow' retrieved from /home/airflow/.local/lib/python3.12/site-packages/airflow/example_dags/example_setup_teardown_taskflow.py
[2026-09-22T16:54:24.487+0000] {logging_mixin.py:188} INFO - [2026-09-22T16:54:24.487+0000] {dag.py:3089} INFO - Sync 1 DAGs
[2026-09-22T16:54:24.509+0000] {logging_mixin.py:188} INFO - [2026-09-22T16:54:24.509+0000] {dag.py:3947} INFO - Setting next_dagrun for example_setup_teardown_taskflow to 2026-09-21 00:00:00+00:00, run_after=2026-09-22 00:00:00+00:00
[2026-09-22T16:54:24.533+0000] {processor.py:183} INFO - Processing /home/airflow/.local/lib/python3.12/site-packages/airflow/example_dags/example_setup_teardown_taskflow.py took 0.084 seconds
[2026-09-22T16:54:54.911+0000] {processor.py:161} INFO - Started process (PID=1308) to work on /home/airflow/.local/lib/python3.12/site-packages/airflow/example_dags/example_setup_teardown_taskflow.py
[2026-09-22T16:54:54.912+0000] {processor.py:830} INFO - Processing file /home/airflow/.local/lib/python3.12/site-packages/airflow/example_dags/example_setup_teardown_taskflow.py for tasks to queue
[2026-09-22T16:54:54.914+0000] {logging_mixin.py:188} INFO - [2026-09-22T16:54:54.914+0000] {dagbag.py:545} INFO - Filling up the DagBag from /home/airflow/.local/lib/python3.12/site-packages/airflow/example_dags/example_setup_teardown_taskflow.py
[2026-09-22T16:54:54.925+0000] {processor.py:840} INFO - DAG(s) 'example_setup_teardown_taskflow' retrieved from /home/airflow/.local/lib/python3.12/site-packages/airflow/example_dags/example_setup_teardown_taskflow.py
[2026-09-22T16:54:54.946+0000] {logging_mixin.py:188} INFO - [2026-09-22T16:54:54.945+0000] {dag.py:3089} INFO - Sync 1 DAGs
[2026-09-22T16:54:54.966+0000] {logging_mixin.py:188} INFO - [2026-09-22T16:54:54.966+0000] {dag.py:3947} INFO - Setting next_dagrun for example_setup_teardown_taskflow to 2026-09-21 00:00:00+00:00, run_after=2026-09-22 00:00:00+00:00
[2026-09-22T16:54:54.991+0000] {processor.py:183} INFO - Processing /home/airflow/.local/lib/python3.12/site-packages/airflow/example_dags/example_setup_teardown_taskflow.py took 0.090 seconds
[2026-09-22T16:55:25.242+0000] {processor.py:161} INFO - Started process (PID=1366) to work on /home/airflow/.local/lib/python3.12/site-packages/airflow/example_dags/example_setup_teardown_taskflow.py
[2026-09-22T16:55:25.243+0000] {processor.py:830} INFO - Processing file /home/airflow/.local/lib/python3.12/site-packages/airflow/example_dags/example_setup_teardown_taskflow.py for tasks to queue
[2026-09-22T16:55:25.245+0000] {logging_mixin.py:188} INFO - [2026-09-22T16:55:25.244+0000] {dagbag.py:545} INFO - Filling up the DagBag from /home/airflow/.local/lib/python3.12/site-packages/airflow/example_dags/example_setup_teardown_taskflow.py
[2026-09-22T16:55:25.254+0000] {processor.py:840} INFO - DAG(s) 'example_setup_teardown_taskflow' retrieved from /home/airflow/.local/lib/python3.12/site-packages/airflow/example_dags/example_setup_teardown_taskflow.py
[2026-09-22T16:55:25.275+0000] {logging_mixin.py:188} INFO - [2026-09-22T16:55:25.275+0000] {dag.py:3089} INFO - Sync 1 DAGs
[2026-09-22T16:55:25.295+0000] {logging_mixin.py:188} INFO - [2026-09-22T16:55:25.295+0000] {dag.py:3947} INFO - Setting next_dagrun for example_setup_teardown_taskflow to 2026-09-21 00:00:00+00:00, run_after=2026-09-22 00:00:00+00:00
[2026-09-22T16:55:25.320+0000] {processor.py:183} INFO - Processing /home/airflow/.local/lib/python3.12/site-packages/airflow/example_dags/example_setup_teardown_taskflow.py took 0.084 seconds
[2026-09-22T16:55:55.728+0000] {processor.py:161} INFO - Started process (PID=1430) to work on /home/airflow/.local/lib/python3.12/site-packages/airflow/example_dags/example_setup_teardown_taskflow.py
[2026-09-22T16:55:55.729+0000] {processor.py:830} INFO - Processing file /home/airflow/.local/lib/python3.12/site-packages/airflow/example_dags/example_setup_teardown_taskflow.py for tasks to queue
[2026-09-22T16:55:55.731+0000] {logging_mixin.py:188} INFO - [2026-09-22T16:55:55.730+0000] {dagbag.py:545} INFO - Filling up the DagBag from /home/airflow/.local/lib/python3.12/site-packages/airflow/example_dags/example_setup_teardown_taskflow.py
[2026-09-22T16:55:55.739+0000] {processor.py:840} INFO - DAG(s) 'example_setup_teardown_taskflow' retrieved from /home/airflow/.local/lib/python3.12/site-packages/airflow/example_dags/example_setup_teardown_taskflow.py
[2026-09-22T16:55:55.760+0000] {logging_mixin.py:188} INFO - [2026-09-22T16:55:55.759+0000] {dag.py:3089} INFO - Sync 1 DAGs
[2026-09-22T16:55:55.779+0000] {logging_mixin.py:188} INFO - [2026-09-22T16:55:55.778+0000] {dag.py:3947} INFO - Setting next_dagrun for example_setup_teardown_taskflow to 2026-09-21 00:00:00+00:00, run_after=2026-09-22 00:00:00+00:00
[2026-09-22T16:55:55.800+0000] {processor.py:183} INFO - Processing /home/airflow/.local/lib/python3.12/site-packages/airflow/example_dags/example_setup_teardown_taskflow.py took 0.080 seconds
[2026-09-22T16:56:26.634+0000] {processor.py:161} INFO - Started process (PID=1488) to work on /home/airflow/.local/lib/python3.12/site-packages/airflow/example_dags/example_setup_teardown_taskflow.py
[2026-09-22T16:56:26.636+0000] {processor.py:830} INFO - Processing file /home/airflow/.local/lib/python3.12/site-packages/airflow/example_dags/example_setup_teardown_taskflow.py for tasks to queue
[2026-09-22T16:56:26.638+0000] {logging_mixin.py:188} INFO - [2026-09-22T16:56:26.638+0000] {dagbag.py:545} INFO - Filling up the DagBag from /home/airflow/.local/lib/python3.12/site-packages/airflow/example_dags/example_setup_teardown_taskflow.py
[2026-09-22T16:56:26.647+0000] {processor.py:840} INFO - DAG(s) 'example_setup_teardown_taskflow' retrieved from /home/airflow/.local/lib/python3.12/site-packages/airflow/example_dags/example_setup_teardown_taskflow.py
[2026-09-22T16:56:26.673+0000] {logging_mixin.py:188} INFO - [2026-09-22T16:56:26.673+0000] {dag.py:3089} INFO - Sync 1 DAGs
[2026-09-22T16:56:26.698+0000] {logging_mixin.py:188} INFO - [2026-09-22T16:56:26.698+0000] {dag.py:3947} INFO - Setting next_dagrun for example_setup_teardown_taskflow to 2026-09-21 00:00:00+00:00, run_after=2026-09-22 00:00:00+00:00
[2026-09-22T16:56:26.722+0000] {processor.py:183} INFO - Processing /home/airflow/.local/lib/python3.12/site-packages/airflow/example_dags/example_setup_teardown_taskflow.py took 0.093 seconds
[2026-09-22T16:58:04.381+0000] {processor.py:161} INFO - Started process (PID=108) to work on /home/airflow/.local/lib/python3.12/site-packages/airflow/example_dags/example_setup_teardown_taskflow.py
[2026-09-22T16:58:04.384+0000] {processor.py:830} INFO - Processing file /home/airflow/.local/lib/python3.12/site-packages/airflow/example_dags/example_setup_teardown_taskflow.py for tasks to queue
[2026-09-22T16:58:04.393+0000] {logging_mixin.py:188} INFO - [2026-09-22T16:58:04.393+0000] {dagbag.py:545} INFO - Filling up the DagBag from /home/airflow/.local/lib/python3.12/site-packages/airflow/example_dags/example_setup_teardown_taskflow.py
[2026-09-22T16:58:04.429+0000] {processor.py:840} INFO - DAG(s) 'example_setup_teardown_taskflow' retrieved from /home/airflow/.local/lib/python3.12/site-packages/airflow/example_dags/example_setup_teardown_taskflow.py
[2026-09-22T16:58:04.582+0000] {logging_mixin.py:188} INFO - [2026-09-22T16:58:04.581+0000] {dag.py:3089} INFO - Sync 1 DAGs
[2026-09-22T16:58:04.608+0000] {logging_mixin.py:188} INFO - [2026-09-22T16:58:04.608+0000] {dag.py:3947} INFO - Setting next_dagrun for example_setup_teardown_taskflow to 2026-09-21 00:00:00+00:00, run_after=2026-09-22 00:00:00+00:00
[2026-09-22T16:58:04.635+0000] {processor.py:183} INFO - Processing /home/airflow/.local/lib/python3.12/site-packages/airflow/example_dags/example_setup_teardown_taskflow.py took 0.262 seconds
[2026-09-22T16:58:35.527+0000] {processor.py:161} INFO - Started process (PID=166) to work on /home/airflow/.local/lib/python3.12/site-packages/airflow/example_dags/example_setup_teardown_taskflow.py
[2026-09-22T16:58:35.529+0000] {processor.py:830} INFO - Processing file /home/airflow/.local/lib/python3.12/site-packages/airflow/example_dags/example_setup_teardown_taskflow.py for tasks to queue
[2026-09-22T16:58:35.531+0000] {logging_mixin.py:188} INFO - [2026-09-22T16:58:35.530+0000] {dagbag.py:545} INFO - Filling up the DagBag from /home/airflow/.local/lib/python3.12/site-packages/airflow/example_dags/example_setup_teardown_taskflow.py
[2026-09-22T16:58:35.541+0000] {processor.py:840} INFO - DAG(s) 'example_setup_teardown_taskflow' retrieved from /home/airflow/.local/lib/python3.12/site-packages/airflow/example_dags/example_setup_teardown_taskflow.py
[2026-09-22T16:58:35.567+0000] {logging_mixin.py:188} INFO - [2026-09-22T16:58:35.566+0000] {dag.py:3089} INFO - Sync 1 DAGs
[2026-09-22T16:58:35.591+0000] {logging_mixin.py:188} INFO - [2026-09-22T16:58:35.591+0000] {dag.py:3947} INFO - Setting next_dagrun for example_setup_teardown_taskflow to 2026-09-21 00:00:00+00:00, run_after=2026-09-22 00:00:00+00:00
[2026-09-22T16:58:35.616+0000] {processor.py:183} INFO - Processing /home/airflow/.local/lib/python3.12/site-packages/airflow/example_dags/example_setup_teardown_taskflow.py took 0.094 seconds
[2026-09-22T16:59:06.520+0000] {processor.py:161} INFO - Started process (PID=224) to work on /home/airflow/.local/lib/python3.12/site-packages/airflow/example_dags/example_setup_teardown_taskflow.py
[2026-09-22T16:59:06.521+0000] {processor.py:830} INFO - Processing file /home/airflow/.local/lib/python3.12/site-packages/airflow/example_dags/example_setup_teardown_taskflow.py for tasks to queue
[2026-09-22T16:59:06.523+0000] {logging_mixin.py:188} INFO - [2026-09-22T16:59:06.522+0000] {dagbag.py:545} INFO - Filling up the DagBag from /home/airflow/.local/lib/python3.12/site-packages/airflow/example_dags/example_setup_teardown_taskflow.py
[2026-09-22T16:59:06.532+0000] {processor.py:840} INFO - DAG(s) 'example_setup_teardown_taskflow' retrieved from /home/airflow/.local/lib/python3.12/site-packages/airflow/example_dags/example_setup_teardown_taskflow.py
[2026-09-22T16:59:06.557+0000] {logging_mixin.py:188} INFO - [2026-09-22T16:59:06.557+0000] {dag.py:3089} INFO - Sync 1 DAGs
[2026-09-22T16:59:06.576+0000] {logging_mixin.py:188} INFO - [2026-09-22T16:59:06.576+0000] {dag.py:3947} INFO - Setting next_dagrun for example_setup_teardown_taskflow to 2026-09-21 00:00:00+00:00, run_after=2026-09-22 00:00:00+00:00
[2026-09-22T16:59:06.597+0000] {processor.py:183} INFO - Processing /home/airflow/.local/lib/python3.12/site-packages/airflow/example_dags/example_setup_teardown_taskflow.py took 0.083 seconds
[2026-09-22T16:59:36.930+0000] {processor.py:161} INFO - Started process (PID=282) to work on /home/airflow/.local/lib/python3.12/site-packages/airflow/example_dags/example_setup_teardown_taskflow.py
[2026-09-22T16:59:36.931+0000] {processor.py:830} INFO - Processing file /home/airflow/.local/lib/python3.12/site-packages/airflow/example_dags/example_setup_teardown_taskflow.py for tasks to queue
[2026-09-22T16:59:36.934+0000] {logging_mixin.py:188} INFO - [2026-09-22T16:59:36.934+0000] {dagbag.py:545} INFO - Filling up the DagBag from /home/airflow/.local/lib/python3.12/site-packages/airflow/example_dags/example_setup_teardown_taskflow.py
[2026-09-22T16:59:36.946+0000] {processor.py:840} INFO - DAG(s) 'example_setup_teardown_taskflow' retrieved from /home/airflow/.local/lib/python3.12/site-packages/airflow/example_dags/example_setup_teardown_taskflow.py
[2026-09-22T16:59:36.974+0000] {logging_mixin.py:188} INFO - [2026-09-22T16:59:36.974+0000] {dag.py:3089} INFO - Sync 1 DAGs
[2026-09-22T16:59:37.002+0000] {logging_mixin.py:188} INFO - [2026-09-22T16:59:37.002+0000] {dag.py:3947} INFO - Setting next_dagrun for example_setup_teardown_taskflow to 2026-09-21 00:00:00+00:00, run_after=2026-09-22 00:00:00+00:00
[2026-09-22T16:59:37.027+0000] {processor.py:183} INFO - Processing /home/airflow/.local/lib/python3.12/site-packages/airflow/example_dags/example_setup_teardown_taskflow.py took 0.104 seconds
[2026-09-22T17:00:07.199+0000] {processor.py:161} INFO - Started process (PID=340) to work on /home/airflow/.local/lib/python3.12/site-packages/airflow/example_dags/example_setup_teardown_taskflow.py
[2026-09-22T17:00:07.201+0000] {processor.py:830} INFO - Processing file /home/airflow/.local/lib/python3.12/site-packages/airflow/example_dags/example_setup_teardown_taskflow.py for tasks to queue
[2026-09-22T17:00:07.203+0000] {logging_mixin.py:188} INFO - [2026-09-22T17:00:07.203+0000] {dagbag.py:545} INFO - Filling up the DagBag from /home/airflow/.local/lib/python3.12/site-packages/airflow/example_dags/example_setup_teardown_taskflow.py
[2026-09-22T17:00:07.212+0000] {processor.py:840} INFO - DAG(s) 'example_setup_teardown_taskflow' retrieved from /home/airflow/.local/lib/python3.12/site-packages/airflow/example_dags/example_setup_teardown_taskflow.py
[2026-09-22T17:00:07.240+0000] {logging_mixin.py:188} INFO - [2026-09-22T17:00:07.240+0000] {dag.py:3089} INFO - Sync 1 DAGs
[2026-09-22T17:00:07.268+0000] {logging_mixin.py:188} INFO - [2026-09-22T17:00:07.268+0000] {dag.py:3947} INFO - Setting next_dagrun for example_setup_teardown_taskflow to 2026-09-21 00:00:00+00:00, run_after=2026-09-22 00:00:00+00:00
[2026-09-22T17:00:07.299+0000] {processor.py:183} INFO - Processing /home/airflow/.local/lib/python3.12/site-packages/airflow/example_dags/example_setup_teardown_taskflow.py took 0.106 seconds
[2026-09-22T17:00:37.634+0000] {processor.py:161} INFO - Started process (PID=398) to work on /home/airflow/.local/lib/python3.12/site-packages/airflow/example_dags/example_setup_teardown_taskflow.py
[2026-09-22T17:00:37.635+0000] {processor.py:830} INFO - Processing file /home/airflow/.local/lib/python3.12/site-packages/airflow/example_dags/example_setup_teardown_taskflow.py for tasks to queue
[2026-09-22T17:00:37.637+0000] {logging_mixin.py:188} INFO - [2026-09-22T17:00:37.637+0000] {dagbag.py:545} INFO - Filling up the DagBag from /home/airflow/.local/lib/python3.12/site-packages/airflow/example_dags/example_setup_teardown_taskflow.py
[2026-09-22T17:00:37.645+0000] {processor.py:840} INFO - DAG(s) 'example_setup_teardown_taskflow' retrieved from /home/airflow/.local/lib/python3.12/site-packages/airflow/example_dags/example_setup_teardown_taskflow.py
[2026-09-22T17:00:37.664+0000] {logging_mixin.py:188} INFO - [2026-09-22T17:00:37.664+0000] {dag.py:3089} INFO - Sync 1 DAGs
[2026-09-22T17:00:37.683+0000] {logging_mixin.py:188} INFO - [2026-09-22T17:00:37.683+0000] {dag.py:3947} INFO - Setting next_dagrun for example_setup_teardown_taskflow to 2026-09-21 00:00:00+00:00, run_after=2026-09-22 00:00:00+00:00
[2026-09-22T17:00:37.709+0000] {processor.py:183} INFO - Processing /home/airflow/.local/lib/python3.12/site-packages/airflow/example_dags/example_setup_teardown_taskflow.py took 0.080 seconds
[2026-09-22T17:01:08.275+0000] {processor.py:161} INFO - Started process (PID=456) to work on /home/airflow/.local/lib/python3.12/site-packages/airflow/example_dags/example_setup_teardown_taskflow.py
[2026-09-22T17:01:08.276+0000] {processor.py:830} INFO - Processing file /home/airflow/.local/lib/python3.12/site-packages/airflow/example_dags/example_setup_teardown_taskflow.py for tasks to queue
[2026-09-22T17:01:08.278+0000] {logging_mixin.py:188} INFO - [2026-09-22T17:01:08.278+0000] {dagbag.py:545} INFO - Filling up the DagBag from /home/airflow/.local/lib/python3.12/site-packages/airflow/example_dags/example_setup_teardown_taskflow.py
[2026-09-22T17:01:08.286+0000] {processor.py:840} INFO - DAG(s) 'example_setup_teardown_taskflow' retrieved from /home/airflow/.local/lib/python3.12/site-packages/airflow/example_dags/example_setup_teardown_taskflow.py
[2026-09-22T17:01:08.307+0000] {logging_mixin.py:188} INFO - [2026-09-22T17:01:08.307+0000] {dag.py:3089} INFO - Sync 1 DAGs
[2026-09-22T17:01:08.325+0000] {logging_mixin.py:188} INFO - [2026-09-22T17:01:08.325+0000] {dag.py:3947} INFO - Setting next_dagrun for example_setup_teardown_taskflow to 2026-09-21 00:00:00+00:00, run_after=2026-09-22 00:00:00+00:00
[2026-09-22T17:01:08.346+0000] {processor.py:183} INFO - Processing /home/airflow/.local/lib/python3.12/site-packages/airflow/example_dags/example_setup_teardown_taskflow.py took 0.079 seconds
[2026-09-22T17:01:38.862+0000] {processor.py:161} INFO - Started process (PID=514) to work on /home/airflow/.local/lib/python3.12/site-packages/airflow/example_dags/example_setup_teardown_taskflow.py
[2026-09-22T17:01:38.863+0000] {processor.py:830} INFO - Processing file /home/airflow/.local/lib/python3.12/site-packages/airflow/example_dags/example_setup_teardown_taskflow.py for tasks to queue
[2026-09-22T17:01:38.865+0000] {logging_mixin.py:188} INFO - [2026-09-22T17:01:38.865+0000] {dagbag.py:545} INFO - Filling up the DagBag from /home/airflow/.local/lib/python3.12/site-packages/airflow/example_dags/example_setup_teardown_taskflow.py
[2026-09-22T17:01:38.876+0000] {processor.py:840} INFO - DAG(s) 'example_setup_teardown_taskflow' retrieved from /home/airflow/.local/lib/python3.12/site-packages/airflow/example_dags/example_setup_teardown_taskflow.py
[2026-09-22T17:01:38.904+0000] {logging_mixin.py:188} INFO - [2026-09-22T17:01:38.903+0000] {dag.py:3089} INFO - Sync 1 DAGs
[2026-09-22T17:01:38.931+0000] {logging_mixin.py:188} INFO - [2026-09-22T17:01:38.930+0000] {dag.py:3947} INFO - Setting next_dagrun for example_setup_teardown_taskflow to 2026-09-21 00:00:00+00:00, run_after=2026-09-22 00:00:00+00:00
[2026-09-22T17:01:38.969+0000] {processor.py:183} INFO - Processing /home/airflow/.local/lib/python3.12/site-packages/airflow/example_dags/example_setup_teardown_taskflow.py took 0.112 seconds
[2026-09-22T17:02:09.843+0000] {processor.py:161} INFO - Started process (PID=572) to work on /home/airflow/.local/lib/python3.12/site-packages/airflow/example_dags/example_setup_teardown_taskflow.py
[2026-09-22T17:02:09.844+0000] {processor.py:830} INFO - Processing file /home/airflow/.local/lib/python3.12/site-packages/airflow/example_dags/example_setup_teardown_taskflow.py for tasks to queue
[2026-09-22T17:02:09.846+0000] {logging_mixin.py:188} INFO - [2026-09-22T17:02:09.846+0000] {dagbag.py:545} INFO - Filling up the DagBag from /home/airflow/.local/lib/python3.12/site-packages/airflow/example_dags/example_setup_teardown_taskflow.py
[2026-09-22T17:02:09.854+0000] {processor.py:840} INFO - DAG(s) 'example_setup_teardown_taskflow' retrieved from /home/airflow/.local/lib/python3.12/site-packages/airflow/example_dags/example_setup_teardown_taskflow.py
[2026-09-22T17:02:09.875+0000] {logging_mixin.py:188} INFO - [2026-09-22T17:02:09.875+0000] {dag.py:3089} INFO - Sync 1 DAGs
[2026-09-22T17:02:09.894+0000] {logging_mixin.py:188} INFO - [2026-09-22T17:02:09.894+0000] {dag.py:3947} INFO - Setting next_dagrun for example_setup_teardown_taskflow to 2026-09-21 00:00:00+00:00, run_after=2026-09-22 00:00:00+00:00
[2026-09-22T17:02:09.915+0000] {processor.py:183} INFO - Processing /home/airflow/.local/lib/python3.12/site-packages/airflow/example_dags/example_setup_teardown_taskflow.py took 0.077 seconds
[2026-09-22T17:03:33.289+0000] {processor.py:161} INFO - Started process (PID=106) to work on /home/airflow/.local/lib/python3.12/site-packages/airflow/example_dags/example_setup_teardown_taskflow.py
[2026-09-22T17:03:33.290+0000] {processor.py:830} INFO - Processing file /home/airflow/.local/lib/python3.12/site-packages/airflow/example_dags/example_setup_teardown_taskflow.py for tasks to queue
[2026-09-22T17:03:33.292+0000] {logging_mixin.py:188} INFO - [2026-09-22T17:03:33.292+0000] {dagbag.py:545} INFO - Filling up the DagBag from /home/airflow/.local/lib/python3.12/site-packages/airflow/example_dags/example_setup_teardown_taskflow.py
[2026-09-22T17:03:33.303+0000] {processor.py:840} INFO - DAG(s) 'example_setup_teardown_taskflow' retrieved from /home/airflow/.local/lib/python3.12/site-packages/airflow/example_dags/example_setup_teardown_taskflow.py
[2026-09-22T17:03:33.432+0000] {logging_mixin.py:188} INFO - [2026-09-22T17:03:33.431+0000] {dag.py:3089} INFO - Sync 1 DAGs
[2026-09-22T17:03:33.454+0000] {logging_mixin.py:188} INFO - [2026-09-22T17:03:33.453+0000] {dag.py:3947} INFO - Setting next_dagrun for example_setup_teardown_taskflow to 2026-09-21 00:00:00+00:00, run_after=2026-09-22 00:00:00+00:00
[2026-09-22T17:03:33.479+0000] {processor.py:183} INFO - Processing /home/airflow/.local/lib/python3.12/site-packages/airflow/example_dags/example_setup_teardown_taskflow.py took 0.198 seconds
[2026-09-22T17:04:04.008+0000] {processor.py:161} INFO - Started process (PID=164) to work on /home/airflow/.local/lib/python3.12/site-packages/airflow/example_dags/example_setup_teardown_taskflow.py
[2026-09-22T17:04:04.009+0000] {processor.py:830} INFO - Processing file /home/airflow/.local/lib/python3.12/site-packages/airflow/example_dags/example_setup_teardown_taskflow.py for tasks to queue
[2026-09-22T17:04:04.011+0000] {logging_mixin.py:188} INFO - [2026-09-22T17:04:04.011+0000] {dagbag.py:545} INFO - Filling up the DagBag from /home/airflow/.local/lib/python3.12/site-packages/airflow/example_dags/example_setup_teardown_taskflow.py
[2026-09-22T17:04:04.021+0000] {processor.py:840} INFO - DAG(s) 'example_setup_teardown_taskflow' retrieved from /home/airflow/.local/lib/python3.12/site-packages/airflow/example_dags/example_setup_teardown_taskflow.py
[2026-09-22T17:04:04.042+0000] {logging_mixin.py:188} INFO - [2026-09-22T17:04:04.042+0000] {dag.py:3089} INFO - Sync 1 DAGs
[2026-09-22T17:04:04.061+0000] {logging_mixin.py:188} INFO - [2026-09-22T17:04:04.061+0000] {dag.py:3947} INFO - Setting next_dagrun for example_setup_teardown_taskflow to 2026-09-21 00:00:00+00:00, run_after=2026-09-22 00:00:00+00:00
[2026-09-22T17:04:04.083+0000] {processor.py:183} INFO - Processing /home/airflow/.local/lib/python3.12/site-packages/airflow/example_dags/example_setup_teardown_taskflow.py took 0.080 seconds
[2026-09-22T17:04:34.871+0000] {processor.py:161} INFO - Started process (PID=222) to work on /home/airflow/.local/lib/python3.12/site-packages/airflow/example_dags/example_setup_teardown_taskflow.py
[2026-09-22T17:04:34.872+0000] {processor.py:830} INFO - Processing file /home/airflow/.local/lib/python3.12/site-packages/airflow/example_dags/example_setup_teardown_taskflow.py for tasks to queue
[2026-09-22T17:04:34.874+0000] {logging_mixin.py:188} INFO - [2026-09-22T17:04:34.874+0000] {dagbag.py:545} INFO - Filling up the DagBag from /home/airflow/.local/lib/python3.12/site-packages/airflow/example_dags/example_setup_teardown_taskflow.py
[2026-09-22T17:04:34.883+0000] {processor.py:840} INFO - DAG(s) 'example_setup_teardown_taskflow' retrieved from /home/airflow/.local/lib/python3.12/site-packages/airflow/example_dags/example_setup_teardown_taskflow.py
[2026-09-22T17:04:34.907+0000] {logging_mixin.py:188} INFO - [2026-09-22T17:04:34.906+0000] {dag.py:3089} INFO - Sync 1 DAGs
[2026-09-22T17:04:34.928+0000] {logging_mixin.py:188} INFO - [2026-09-22T17:04:34.928+0000] {dag.py:3947} INFO - Setting next_dagrun for example_setup_teardown_taskflow to 2026-09-21 00:00:00+00:00, run_after=2026-09-22 00:00:00+00:00
[2026-09-22T17:04:34.953+0000] {processor.py:183} INFO - Processing /home/airflow/.local/lib/python3.12/site-packages/airflow/example_dags/example_setup_teardown_taskflow.py took 0.089 seconds
[2026-09-22T17:05:05.782+0000] {processor.py:161} INFO - Started process (PID=280) to work on /home/airflow/.local/lib/python3.12/site-packages/airflow/example_dags/example_setup_teardown_taskflow.py
[2026-09-22T17:05:05.783+0000] {processor.py:830} INFO - Processing file /home/airflow/.local/lib/python3.12/site-packages/airflow/example_dags/example_setup_teardown_taskflow.py for tasks to queue
[2026-09-22T17:05:05.785+0000] {logging_mixin.py:188} INFO - [2026-09-22T17:05:05.785+0000] {dagbag.py:545} INFO - Filling up the DagBag from /home/airflow/.local/lib/python3.12/site-packages/airflow/example_dags/example_setup_teardown_taskflow.py
[2026-09-22T17:05:05.797+0000] {processor.py:840} INFO - DAG(s) 'example_setup_teardown_taskflow' retrieved from /home/airflow/.local/lib/python3.12/site-packages/airflow/example_dags/example_setup_teardown_taskflow.py
[2026-09-22T17:05:05.819+0000] {logging_mixin.py:188} INFO - [2026-09-22T17:05:05.819+0000] {dag.py:3089} INFO - Sync 1 DAGs
[2026-09-22T17:05:05.839+0000] {logging_mixin.py:188} INFO - [2026-09-22T17:05:05.839+0000] {dag.py:3947} INFO - Setting next_dagrun for example_setup_teardown_taskflow to 2026-09-21 00:00:00+00:00, run_after=2026-09-22 00:00:00+00:00
[2026-09-22T17:05:05.861+0000] {processor.py:183} INFO - Processing /home/airflow/.local/lib/python3.12/site-packages/airflow/example_dags/example_setup_teardown_taskflow.py took 0.084 seconds
[2026-09-22T17:05:36.111+0000] {processor.py:161} INFO - Started process (PID=338) to work on /home/airflow/.local/lib/python3.12/site-packages/airflow/example_dags/example_setup_teardown_taskflow.py
[2026-09-22T17:05:36.113+0000] {processor.py:830} INFO - Processing file /home/airflow/.local/lib/python3.12/site-packages/airflow/example_dags/example_setup_teardown_taskflow.py for tasks to queue
[2026-09-22T17:05:36.115+0000] {logging_mixin.py:188} INFO - [2026-09-22T17:05:36.114+0000] {dagbag.py:545} INFO - Filling up the DagBag from /home/airflow/.local/lib/python3.12/site-packages/airflow/example_dags/example_setup_teardown_taskflow.py
[2026-09-22T17:05:36.125+0000] {processor.py:840} INFO - DAG(s) 'example_setup_teardown_taskflow' retrieved from /home/airflow/.local/lib/python3.12/site-packages/airflow/example_dags/example_setup_teardown_taskflow.py
[2026-09-22T17:05:36.147+0000] {logging_mixin.py:188} INFO - [2026-09-22T17:05:36.147+0000] {dag.py:3089} INFO - Sync 1 DAGs
[2026-09-22T17:05:36.176+0000] {logging_mixin.py:188} INFO - [2026-09-22T17:05:36.176+0000] {dag.py:3947} INFO - Setting next_dagrun for example_setup_teardown_taskflow to 2026-09-21 00:00:00+00:00, run_after=2026-09-22 00:00:00+00:00
[2026-09-22T17:05:36.206+0000] {processor.py:183} INFO - Processing /home/airflow/.local/lib/python3.12/site-packages/airflow/example_dags/example_setup_teardown_taskflow.py took 0.100 seconds
[2026-09-22T17:06:06.339+0000] {processor.py:161} INFO - Started process (PID=396) to work on /home/airflow/.local/lib/python3.12/site-packages/airflow/example_dags/example_setup_teardown_taskflow.py
[2026-09-22T17:06:06.340+0000] {processor.py:830} INFO - Processing file /home/airflow/.local/lib/python3.12/site-packages/airflow/example_dags/example_setup_teardown_taskflow.py for tasks to queue
[2026-09-22T17:06:06.342+0000] {logging_mixin.py:188} INFO - [2026-09-22T17:06:06.342+0000] {dagbag.py:545} INFO - Filling up the DagBag from /home/airflow/.local/lib/python3.12/site-packages/airflow/example_dags/example_setup_teardown_taskflow.py
[2026-09-22T17:06:06.350+0000] {processor.py:840} INFO - DAG(s) 'example_setup_teardown_taskflow' retrieved from /home/airflow/.local/lib/python3.12/site-packages/airflow/example_dags/example_setup_teardown_taskflow.py
[2026-09-22T17:06:06.371+0000] {logging_mixin.py:188} INFO - [2026-09-22T17:06:06.371+0000] {dag.py:3089} INFO - Sync 1 DAGs
[2026-09-22T17:06:06.396+0000] {logging_mixin.py:188} INFO - [2026-09-22T17:06:06.396+0000] {dag.py:3947} INFO - Setting next_dagrun for example_setup_teardown_taskflow to 2026-09-21 00:00:00+00:00, run_after=2026-09-22 00:00:00+00:00
[2026-09-22T17:06:06.420+0000] {processor.py:183} INFO - Processing /home/airflow/.local/lib/python3.12/site-packages/airflow/example_dags/example_setup_teardown_taskflow.py took 0.087 seconds
[2026-09-22T17:06:36.626+0000] {processor.py:161} INFO - Started process (PID=455) to work on /home/airflow/.local/lib/python3.12/site-packages/airflow/example_dags/example_setup_teardown_taskflow.py
[2026-09-22T17:06:36.628+0000] {processor.py:830} INFO - Processing file /home/airflow/.local/lib/python3.12/site-packages/airflow/example_dags/example_setup_teardown_taskflow.py for tasks to queue
[2026-09-22T17:06:36.633+0000] {logging_mixin.py:188} INFO - [2026-09-22T17:06:36.632+0000] {dagbag.py:545} INFO - Filling up the DagBag from /home/airflow/.local/lib/python3.12/site-packages/airflow/example_dags/example_setup_teardown_taskflow.py
[2026-09-22T17:06:36.648+0000] {processor.py:840} INFO - DAG(s) 'example_setup_teardown_taskflow' retrieved from /home/airflow/.local/lib/python3.12/site-packages/airflow/example_dags/example_setup_teardown_taskflow.py
[2026-09-22T17:06:36.687+0000] {logging_mixin.py:188} INFO - [2026-09-22T17:06:36.686+0000] {dag.py:3089} INFO - Sync 1 DAGs
[2026-09-22T17:06:36.725+0000] {logging_mixin.py:188} INFO - [2026-09-22T17:06:36.725+0000] {dag.py:3947} INFO - Setting next_dagrun for example_setup_teardown_taskflow to 2026-09-21 00:00:00+00:00, run_after=2026-09-22 00:00:00+00:00
[2026-09-22T17:06:36.764+0000] {processor.py:183} INFO - Processing /home/airflow/.local/lib/python3.12/site-packages/airflow/example_dags/example_setup_teardown_taskflow.py took 0.146 seconds
[2026-09-22T17:07:07.373+0000] {processor.py:161} INFO - Started process (PID=512) to work on /home/airflow/.local/lib/python3.12/site-packages/airflow/example_dags/example_setup_teardown_taskflow.py
[2026-09-22T17:07:07.374+0000] {processor.py:830} INFO - Processing file /home/airflow/.local/lib/python3.12/site-packages/airflow/example_dags/example_setup_teardown_taskflow.py for tasks to queue
[2026-09-22T17:07:07.376+0000] {logging_mixin.py:188} INFO - [2026-09-22T17:07:07.375+0000] {dagbag.py:545} INFO - Filling up the DagBag from /home/airflow/.local/lib/python3.12/site-packages/airflow/example_dags/example_setup_teardown_taskflow.py
[2026-09-22T17:07:07.386+0000] {processor.py:840} INFO - DAG(s) 'example_setup_teardown_taskflow' retrieved from /home/airflow/.local/lib/python3.12/site-packages/airflow/example_dags/example_setup_teardown_taskflow.py
[2026-09-22T17:07:07.411+0000] {logging_mixin.py:188} INFO - [2026-09-22T17:07:07.411+0000] {dag.py:3089} INFO - Sync 1 DAGs
[2026-09-22T17:07:07.434+0000] {logging_mixin.py:188} INFO - [2026-09-22T17:07:07.434+0000] {dag.py:3947} INFO - Setting next_dagrun for example_setup_teardown_taskflow to 2026-09-21 00:00:00+00:00, run_after=2026-09-22 00:00:00+00:00
[2026-09-22T17:07:07.459+0000] {processor.py:183} INFO - Processing /home/airflow/.local/lib/python3.12/site-packages/airflow/example_dags/example_setup_teardown_taskflow.py took 0.092 seconds
[2026-09-22T17:07:38.027+0000] {processor.py:161} INFO - Started process (PID=570) to work on /home/airflow/.local/lib/python3.12/site-packages/airflow/example_dags/example_setup_teardown_taskflow.py
[2026-09-22T17:07:38.028+0000] {processor.py:830} INFO - Processing file /home/airflow/.local/lib/python3.12/site-packages/airflow/example_dags/example_setup_teardown_taskflow.py for tasks to queue
[2026-09-22T17:07:38.031+0000] {logging_mixin.py:188} INFO - [2026-09-22T17:07:38.030+0000] {dagbag.py:545} INFO - Filling up the DagBag from /home/airflow/.local/lib/python3.12/site-packages/airflow/example_dags/example_setup_teardown_taskflow.py
[2026-09-22T17:07:38.043+0000] {processor.py:840} INFO - DAG(s) 'example_setup_teardown_taskflow' retrieved from /home/airflow/.local/lib/python3.12/site-packages/airflow/example_dags/example_setup_teardown_taskflow.py
[2026-09-22T17:07:38.070+0000] {logging_mixin.py:188} INFO - [2026-09-22T17:07:38.070+0000] {dag.py:3089} INFO - Sync 1 DAGs
[2026-09-22T17:07:38.097+0000] {logging_mixin.py:188} INFO - [2026-09-22T17:07:38.097+0000] {dag.py:3947} INFO - Setting next_dagrun for example_setup_teardown_taskflow to 2026-09-21 00:00:00+00:00, run_after=2026-09-22 00:00:00+00:00
[2026-09-22T17:07:38.125+0000] {processor.py:183} INFO - Processing /home/airflow/.local/lib/python3.12/site-packages/airflow/example_dags/example_setup_teardown_taskflow.py took 0.105 seconds
[2026-09-22T17:08:08.317+0000] {processor.py:161} INFO - Started process (PID=628) to work on /home/airflow/.local/lib/python3.12/site-packages/airflow/example_dags/example_setup_teardown_taskflow.py
[2026-09-22T17:08:08.318+0000] {processor.py:830} INFO - Processing file /home/airflow/.local/lib/python3.12/site-packages/airflow/example_dags/example_setup_teardown_taskflow.py for tasks to queue
[2026-09-22T17:08:08.320+0000] {logging_mixin.py:188} INFO - [2026-09-22T17:08:08.319+0000] {dagbag.py:545} INFO - Filling up the DagBag from /home/airflow/.local/lib/python3.12/site-packages/airflow/example_dags/example_setup_teardown_taskflow.py
[2026-09-22T17:08:08.327+0000] {processor.py:840} INFO - DAG(s) 'example_setup_teardown_taskflow' retrieved from /home/airflow/.local/lib/python3.12/site-packages/airflow/example_dags/example_setup_teardown_taskflow.py
[2026-09-22T17:08:08.347+0000] {logging_mixin.py:188} INFO - [2026-09-22T17:08:08.347+0000] {dag.py:3089} INFO - Sync 1 DAGs
[2026-09-22T17:08:08.366+0000] {logging_mixin.py:188} INFO - [2026-09-22T17:08:08.366+0000] {dag.py:3947} INFO - Setting next_dagrun for example_setup_teardown_taskflow to 2026-09-21 00:00:00+00:00, run_after=2026-09-22 00:00:00+00:00
[2026-09-22T17:08:08.387+0000] {processor.py:183} INFO - Processing /home/airflow/.local/lib/python3.12/site-packages/airflow/example_dags/example_setup_teardown_taskflow.py took 0.076 seconds
[2026-09-22T17:08:38.680+0000] {processor.py:161} INFO - Started process (PID=692) to work on /home/airflow/.local/lib/python3.12/site-packages/airflow/example_dags/example_setup_teardown_taskflow.py
[2026-09-22T17:08:38.681+0000] {processor.py:830} INFO - Processing file /home/airflow/.local/lib/python3.12/site-packages/airflow/example_dags/example_setup_teardown_taskflow.py for tasks to queue
[2026-09-22T17:08:38.683+0000] {logging_mixin.py:188} INFO - [2026-09-22T17:08:38.683+0000] {dagbag.py:545} INFO - Filling up the DagBag from /home/airflow/.local/lib/python3.12/site-packages/airflow/example_dags/example_setup_teardown_taskflow.py
[2026-09-22T17:08:38.691+0000] {processor.py:840} INFO - DAG(s) 'example_setup_teardown_taskflow' retrieved from /home/airflow/.local/lib/python3.12/site-packages/airflow/example_dags/example_setup_teardown_taskflow.py
[2026-09-22T17:08:38.711+0000] {logging_mixin.py:188} INFO - [2026-09-22T17:08:38.711+0000] {dag.py:3089} INFO - Sync 1 DAGs
[2026-09-22T17:08:38.730+0000] {logging_mixin.py:188} INFO - [2026-09-22T17:08:38.730+0000] {dag.py:3947} INFO - Setting next_dagrun for example_setup_teardown_taskflow to 2026-09-21 00:00:00+00:00, run_after=2026-09-22 00:00:00+00:00
[2026-09-22T17:08:38.751+0000] {processor.py:183} INFO - Processing /home/airflow/.local/lib/python3.12/site-packages/airflow/example_dags/example_setup_teardown_taskflow.py took 0.077 seconds
[2026-09-22T17:09:08.837+0000] {processor.py:161} INFO - Started process (PID=750) to work on /home/airflow/.local/lib/python3.12/site-packages/airflow/example_dags/example_setup_teardown_taskflow.py
[2026-09-22T17:09:08.838+0000] {processor.py:830} INFO - Processing file /home/airflow/.local/lib/python3.12/site-packages/airflow/example_dags/example_setup_teardown_taskflow.py for tasks to queue
[2026-09-22T17:09:08.841+0000] {logging_mixin.py:188} INFO - [2026-09-22T17:09:08.840+0000] {dagbag.py:545} INFO - Filling up the DagBag from /home/airflow/.local/lib/python3.12/site-packages/airflow/example_dags/example_setup_teardown_taskflow.py
[2026-09-22T17:09:08.857+0000] {processor.py:840} INFO - DAG(s) 'example_setup_teardown_taskflow' retrieved from /home/airflow/.local/lib/python3.12/site-packages/airflow/example_dags/example_setup_teardown_taskflow.py
[2026-09-22T17:09:08.884+0000] {logging_mixin.py:188} INFO - [2026-09-22T17:09:08.883+0000] {dag.py:3089} INFO - Sync 1 DAGs
[2026-09-22T17:09:08.904+0000] {logging_mixin.py:188} INFO - [2026-09-22T17:09:08.904+0000] {dag.py:3947} INFO - Setting next_dagrun for example_setup_teardown_taskflow to 2026-09-21 00:00:00+00:00, run_after=2026-09-22 00:00:00+00:00
[2026-09-22T17:09:08.926+0000] {processor.py:183} INFO - Processing /home/airflow/.local/lib/python3.12/site-packages/airflow/example_dags/example_setup_teardown_taskflow.py took 0.096 seconds
[2026-09-22T17:09:39.062+0000] {processor.py:161} INFO - Started process (PID=808) to work on /home/airflow/.local/lib/python3.12/site-packages/airflow/example_dags/example_setup_teardown_taskflow.py
[2026-09-22T17:09:39.063+0000] {processor.py:830} INFO - Processing file /home/airflow/.local/lib/python3.12/site-packages/airflow/example_dags/example_setup_teardown_taskflow.py for tasks to queue
[2026-09-22T17:09:39.065+0000] {logging_mixin.py:188} INFO - [2026-09-22T17:09:39.065+0000] {dagbag.py:545} INFO - Filling up the DagBag from /home/airflow/.local/lib/python3.12/site-packages/airflow/example_dags/example_setup_teardown_taskflow.py
[2026-09-22T17:09:39.076+0000] {processor.py:840} INFO - DAG(s) 'example_setup_teardown_taskflow' retrieved from /home/airflow/.local/lib/python3.12/site-packages/airflow/example_dags/example_setup_teardown_taskflow.py
[2026-09-22T17:09:39.097+0000] {logging_mixin.py:188} INFO - [2026-09-22T17:09:39.096+0000] {dag.py:3089} INFO - Sync 1 DAGs
[2026-09-22T17:09:39.124+0000] {logging_mixin.py:188} INFO - [2026-09-22T17:09:39.123+0000] {dag.py:3947} INFO - Setting next_dagrun for example_setup_teardown_taskflow to 2026-09-21 00:00:00+00:00, run_after=2026-09-22 00:00:00+00:00
[2026-09-22T17:09:39.149+0000] {processor.py:183} INFO - Processing /home/airflow/.local/lib/python3.12/site-packages/airflow/example_dags/example_setup_teardown_taskflow.py took 0.092 seconds
[2026-09-22T17:10:09.370+0000] {processor.py:161} INFO - Started process (PID=866) to work on /home/airflow/.local/lib/python3.12/site-packages/airflow/example_dags/example_setup_teardown_taskflow.py
[2026-09-22T17:10:09.371+0000] {processor.py:830} INFO - Processing file /home/airflow/.local/lib/python3.12/site-packages/airflow/example_dags/example_setup_teardown_taskflow.py for tasks to queue
[2026-09-22T17:10:09.373+0000] {logging_mixin.py:188} INFO - [2026-09-22T17:10:09.373+0000] {dagbag.py:545} INFO - Filling up the DagBag from /home/airflow/.local/lib/python3.12/site-packages/airflow/example_dags/example_setup_teardown_taskflow.py
[2026-09-22T17:10:09.382+0000] {processor.py:840} INFO - DAG(s) 'example_setup_teardown_taskflow' retrieved from /home/airflow/.local/lib/python3.12/site-packages/airflow/example_dags/example_setup_teardown_taskflow.py
[2026-09-22T17:10:09.403+0000] {logging_mixin.py:188} INFO - [2026-09-22T17:10:09.403+0000] {dag.py:3089} INFO - Sync 1 DAGs
[2026-09-22T17:10:09.424+0000] {logging_mixin.py:188} INFO - [2026-09-22T17:10:09.424+0000] {dag.py:3947} INFO - Setting next_dagrun for example_setup_teardown_taskflow to 2026-09-21 00:00:00+00:00, run_after=2026-09-22 00:00:00+00:00
[2026-09-22T17:10:09.446+0000] {processor.py:183} INFO - Processing /home/airflow/.local/lib/python3.12/site-packages/airflow/example_dags/example_setup_teardown_taskflow.py took 0.081 seconds
[2026-09-22T17:10:40.337+0000] {processor.py:161} INFO - Started process (PID=924) to work on /home/airflow/.local/lib/python3.12/site-packages/airflow/example_dags/example_setup_teardown_taskflow.py
[2026-09-22T17:10:40.339+0000] {processor.py:830} INFO - Processing file /home/airflow/.local/lib/python3.12/site-packages/airflow/example_dags/example_setup_teardown_taskflow.py for tasks to queue
[2026-09-22T17:10:40.340+0000] {logging_mixin.py:188} INFO - [2026-09-22T17:10:40.340+0000] {dagbag.py:545} INFO - Filling up the DagBag from /home/airflow/.local/lib/python3.12/site-packages/airflow/example_dags/example_setup_teardown_taskflow.py
[2026-09-22T17:10:40.352+0000] {processor.py:840} INFO - DAG(s) 'example_setup_teardown_taskflow' retrieved from /home/airflow/.local/lib/python3.12/site-packages/airflow/example_dags/example_setup_teardown_taskflow.py
[2026-09-22T17:10:40.372+0000] {logging_mixin.py:188} INFO - [2026-09-22T17:10:40.372+0000] {dag.py:3089} INFO - Sync 1 DAGs
[2026-09-22T17:10:40.392+0000] {logging_mixin.py:188} INFO - [2026-09-22T17:10:40.392+0000] {dag.py:3947} INFO - Setting next_dagrun for example_setup_teardown_taskflow to 2026-09-21 00:00:00+00:00, run_after=2026-09-22 00:00:00+00:00
[2026-09-22T17:10:40.413+0000] {processor.py:183} INFO - Processing /home/airflow/.local/lib/python3.12/site-packages/airflow/example_dags/example_setup_teardown_taskflow.py took 0.083 seconds
[2026-09-22T17:11:10.673+0000] {processor.py:161} INFO - Started process (PID=982) to work on /home/airflow/.local/lib/python3.12/site-packages/airflow/example_dags/example_setup_teardown_taskflow.py
[2026-09-22T17:11:10.675+0000] {processor.py:830} INFO - Processing file /home/airflow/.local/lib/python3.12/site-packages/airflow/example_dags/example_setup_teardown_taskflow.py for tasks to queue
[2026-09-22T17:11:10.676+0000] {logging_mixin.py:188} INFO - [2026-09-22T17:11:10.676+0000] {dagbag.py:545} INFO - Filling up the DagBag from /home/airflow/.local/lib/python3.12/site-packages/airflow/example_dags/example_setup_teardown_taskflow.py
[2026-09-22T17:11:10.686+0000] {processor.py:840} INFO - DAG(s) 'example_setup_teardown_taskflow' retrieved from /home/airflow/.local/lib/python3.12/site-packages/airflow/example_dags/example_setup_teardown_taskflow.py
[2026-09-22T17:11:10.705+0000] {logging_mixin.py:188} INFO - [2026-09-22T17:11:10.704+0000] {dag.py:3089} INFO - Sync 1 DAGs
[2026-09-22T17:11:10.721+0000] {logging_mixin.py:188} INFO - [2026-09-22T17:11:10.721+0000] {dag.py:3947} INFO - Setting next_dagrun for example_setup_teardown_taskflow to 2026-09-21 00:00:00+00:00, run_after=2026-09-22 00:00:00+00:00
[2026-09-22T17:11:10.739+0000] {processor.py:183} INFO - Processing /home/airflow/.local/lib/python3.12/site-packages/airflow/example_dags/example_setup_teardown_taskflow.py took 0.071 seconds
[2026-09-22T17:11:40.935+0000] {processor.py:161} INFO - Started process (PID=1040) to work on /home/airflow/.local/lib/python3.12/site-packages/airflow/example_dags/example_setup_teardown_taskflow.py
[2026-09-22T17:11:40.937+0000] {processor.py:830} INFO - Processing file /home/airflow/.local/lib/python3.12/site-packages/airflow/example_dags/example_setup_teardown_taskflow.py for tasks to queue
[2026-09-22T17:11:40.939+0000] {logging_mixin.py:188} INFO - [2026-09-22T17:11:40.938+0000] {dagbag.py:545} INFO - Filling up the DagBag from /home/airflow/.local/lib/python3.12/site-packages/airflow/example_dags/example_setup_teardown_taskflow.py
[2026-09-22T17:11:40.950+0000] {processor.py:840} INFO - DAG(s) 'example_setup_teardown_taskflow' retrieved from /home/airflow/.local/lib/python3.12/site-packages/airflow/example_dags/example_setup_teardown_taskflow.py
[2026-09-22T17:11:40.980+0000] {logging_mixin.py:188} INFO - [2026-09-22T17:11:40.980+0000] {dag.py:3089} INFO - Sync 1 DAGs
[2026-09-22T17:11:41.001+0000] {logging_mixin.py:188} INFO - [2026-09-22T17:11:41.001+0000] {dag.py:3947} INFO - Setting next_dagrun for example_setup_teardown_taskflow to 2026-09-21 00:00:00+00:00, run_after=2026-09-22 00:00:00+00:00
[2026-09-22T17:11:41.023+0000] {processor.py:183} INFO - Processing /home/airflow/.local/lib/python3.12/site-packages/airflow/example_dags/example_setup_teardown_taskflow.py took 0.095 seconds
[2026-09-22T17:12:11.236+0000] {processor.py:161} INFO - Started process (PID=1098) to work on /home/airflow/.local/lib/python3.12/site-packages/airflow/example_dags/example_setup_teardown_taskflow.py
[2026-09-22T17:12:11.237+0000] {processor.py:830} INFO - Processing file /home/airflow/.local/lib/python3.12/site-packages/airflow/example_dags/example_setup_teardown_taskflow.py for tasks to queue
[2026-09-22T17:12:11.238+0000] {logging_mixin.py:188} INFO - [2026-09-22T17:12:11.238+0000] {dagbag.py:545} INFO - Filling up the DagBag from /home/airflow/.local/lib/python3.12/site-packages/airflow/example_dags/example_setup_teardown_taskflow.py
[2026-09-22T17:12:11.246+0000] {processor.py:840} INFO - DAG(s) 'example_setup_teardown_taskflow' retrieved from /home/airflow/.local/lib/python3.12/site-packages/airflow/example_dags/example_setup_teardown_taskflow.py
[2026-09-22T17:12:11.265+0000] {logging_mixin.py:188} INFO - [2026-09-22T17:12:11.265+0000] {dag.py:3089} INFO - Sync 1 DAGs
[2026-09-22T17:12:11.281+0000] {logging_mixin.py:188} INFO - [2026-09-22T17:12:11.281+0000] {dag.py:3947} INFO - Setting next_dagrun for example_setup_teardown_taskflow to 2026-09-21 00:00:00+00:00, run_after=2026-09-22 00:00:00+00:00
[2026-09-22T17:12:11.300+0000] {processor.py:183} INFO - Processing /home/airflow/.local/lib/python3.12/site-packages/airflow/example_dags/example_setup_teardown_taskflow.py took 0.070 seconds
[2026-09-22T17:12:41.400+0000] {processor.py:161} INFO - Started process (PID=1156) to work on /home/airflow/.local/lib/python3.12/site-packages/airflow/example_dags/example_setup_teardown_taskflow.py
[2026-09-22T17:12:41.401+0000] {processor.py:830} INFO - Processing file /home/airflow/.local/lib/python3.12/site-packages/airflow/example_dags/example_setup_teardown_taskflow.py for tasks to queue
[2026-09-22T17:12:41.403+0000] {logging_mixin.py:188} INFO - [2026-09-22T17:12:41.402+0000] {dagbag.py:545} INFO - Filling up the DagBag from /home/airflow/.local/lib/python3.12/site-packages/airflow/example_dags/example_setup_teardown_taskflow.py
[2026-09-22T17:12:41.415+0000] {processor.py:840} INFO - DAG(s) 'example_setup_teardown_taskflow' retrieved from /home/airflow/.local/lib/python3.12/site-packages/airflow/example_dags/example_setup_teardown_taskflow.py
[2026-09-22T17:12:41.442+0000] {logging_mixin.py:188} INFO - [2026-09-22T17:12:41.441+0000] {dag.py:3089} INFO - Sync 1 DAGs
[2026-09-22T17:12:41.471+0000] {logging_mixin.py:188} INFO - [2026-09-22T17:12:41.470+0000] {dag.py:3947} INFO - Setting next_dagrun for example_setup_teardown_taskflow to 2026-09-21 00:00:00+00:00, run_after=2026-09-22 00:00:00+00:00
[2026-09-22T17:12:41.504+0000] {processor.py:183} INFO - Processing /home/airflow/.local/lib/python3.12/site-packages/airflow/example_dags/example_setup_teardown_taskflow.py took 0.110 seconds
[2026-09-22T17:13:11.807+0000] {processor.py:161} INFO - Started process (PID=1214) to work on /home/airflow/.local/lib/python3.12/site-packages/airflow/example_dags/example_setup_teardown_taskflow.py
[2026-09-22T17:13:11.808+0000] {processor.py:830} INFO - Processing file /home/airflow/.local/lib/python3.12/site-packages/airflow/example_dags/example_setup_teardown_taskflow.py for tasks to queue
[2026-09-22T17:13:11.810+0000] {logging_mixin.py:188} INFO - [2026-09-22T17:13:11.810+0000] {dagbag.py:545} INFO - Filling up the DagBag from /home/airflow/.local/lib/python3.12/site-packages/airflow/example_dags/example_setup_teardown_taskflow.py
[2026-09-22T17:13:11.823+0000] {processor.py:840} INFO - DAG(s) 'example_setup_teardown_taskflow' retrieved from /home/airflow/.local/lib/python3.12/site-packages/airflow/example_dags/example_setup_teardown_taskflow.py
[2026-09-22T17:13:11.849+0000] {logging_mixin.py:188} INFO - [2026-09-22T17:13:11.848+0000] {dag.py:3089} INFO - Sync 1 DAGs
[2026-09-22T17:13:11.873+0000] {logging_mixin.py:188} INFO - [2026-09-22T17:13:11.872+0000] {dag.py:3947} INFO - Setting next_dagrun for example_setup_teardown_taskflow to 2026-09-21 00:00:00+00:00, run_after=2026-09-22 00:00:00+00:00
[2026-09-22T17:13:11.900+0000] {processor.py:183} INFO - Processing /home/airflow/.local/lib/python3.12/site-packages/airflow/example_dags/example_setup_teardown_taskflow.py took 0.098 seconds
