[2026-09-22T16:19:30.996+0000] {processor.py:161} INFO - Started process (PID=87) to work on /home/airflow/.local/lib/python3.12/site-packages/airflow/example_dags/example_short_circuit_decorator.py
[2026-09-22T16:19:30.998+0000] {processor.py:830} INFO - Processing file /home/airflow/.local/lib/python3.12/site-packages/airflow/example_dags/example_short_circuit_decorator.py for tasks to queue
[2026-09-22T16:19:31.001+0000] {logging_mixin.py:188} INFO - [2026-09-22T16:19:31.001+0000] {dagbag.py:545} INFO - Filling up the DagBag from /home/airflow/.local/lib/python3.12/site-packages/airflow/example_dags/example_short_circuit_decorator.py
[2026-09-22T16:19:31.019+0000] {processor.py:840} INFO - DAG(s) 'example_short_circuit_decorator' retrieved from /home/airflow/.local/lib/python3.12/site-packages/airflow/example_dags/example_short_circuit_decorator.py
[2026-09-22T16:19:31.210+0000] {logging_mixin.py:188} INFO - [2026-09-22T16:19:31.208+0000] {dag.py:3089} INFO - Sync 1 DAGs
[2026-09-22T16:19:31.258+0000] {logging_mixin.py:188} INFO - [2026-09-22T16:19:31.258+0000] {dag.py:3947} INFO - Setting next_dagrun for example_short_circuit_decorator to 2026-09-21 00:00:00+00:00, run_after=2026-09-22 00:00:00+00:00
[2026-09-22T16:19:31.297+0000] {processor.py:183} INFO - Processing /home/airflow/.local/lib/python3.12/site-packages/airflow/example_dags/example_short_circuit_decorator.py took 0.310 seconds
[2026-09-22T16:20:01.942+0000] {processor.py:161} INFO - Started process (PID=145) to work on /home/airflow/.local/lib/python3.12/site-packages/airflow/example_dags/example_short_circuit_decorator.py
[2026-09-22T16:20:01.943+0000] {processor.py:830} INFO - Processing file /home/airflow/.local/lib/python3.12/site-packages/airflow/example_dags/example_short_circuit_decorator.py for tasks to queue
[2026-09-22T16:20:01.946+0000] {logging_mixin.py:188} INFO - [2026-09-22T16:20:01.946+0000] {dagbag.py:545} INFO - Filling up the DagBag from /home/airflow/.local/lib/python3.12/site-packages/airflow/example_dags/example_short_circuit_decorator.py
[2026-09-22T16:20:01.960+0000] {processor.py:840} INFO - DAG(s) 'example_short_circuit_decorator' retrieved from /home/airflow/.local/lib/python3.12/site-packages/airflow/example_dags/example_short_circuit_decorator.py
[2026-09-22T16:20:01.991+0000] {logging_mixin.py:188} INFO - [2026-09-22T16:20:01.991+0000] {dag.py:3089} INFO - Sync 1 DAGs
[2026-09-22T16:20:02.024+0000] {logging_mixin.py:188} INFO - [2026-09-22T16:20:02.024+0000] {dag.py:3947} INFO - Setting next_dagrun for example_short_circuit_decorator to 2026-09-21 00:00:00+00:00, run_after=2026-09-22 00:00:00+00:00
[2026-09-22T16:20:02.058+0000] {processor.py:183} INFO - Processing /home/airflow/.local/lib/python3.12/site-packages/airflow/example_dags/example_short_circuit_decorator.py took 0.126 seconds
[2026-09-22T16:20:32.402+0000] {processor.py:161} INFO - Started process (PID=202) to work on /home/airflow/.local/lib/python3.12/site-packages/airflow/example_dags/example_short_circuit_decorator.py
[2026-09-22T16:20:32.404+0000] {processor.py:830} INFO - Processing file /home/airflow/.local/lib/python3.12/site-packages/airflow/example_dags/example_short_circuit_decorator.py for tasks to queue
[2026-09-22T16:20:32.409+0000] {logging_mixin.py:188} INFO - [2026-09-22T16:20:32.408+0000] {dagbag.py:545} INFO - Filling up the DagBag from /home/airflow/.local/lib/python3.12/site-packages/airflow/example_dags/example_short_circuit_decorator.py
[2026-09-22T16:20:32.424+0000] {processor.py:840} INFO - DAG(s) 'example_short_circuit_decorator' retrieved from /home/airflow/.local/lib/python3.12/site-packages/airflow/example_dags/example_short_circuit_decorator.py
[2026-09-22T16:20:32.458+0000] {logging_mixin.py:188} INFO - [2026-09-22T16:20:32.458+0000] {dag.py:3089} INFO - Sync 1 DAGs
[2026-09-22T16:20:32.492+0000] {logging_mixin.py:188} INFO - [2026-09-22T16:20:32.492+0000] {dag.py:3947} INFO - Setting next_dagrun for example_short_circuit_decorator to 2026-09-21 00:00:00+00:00, run_after=2026-09-22 00:00:00+00:00
[2026-09-22T16:20:32.536+0000] {processor.py:183} INFO - Processing /home/airflow/.local/lib/python3.12/site-packages/airflow/example_dags/example_short_circuit_decorator.py took 0.152 seconds
[2026-09-22T16:21:02.625+0000] {processor.py:161} INFO - Started process (PID=260) to work on /home/airflow/.local/lib/python3.12/site-packages/airflow/example_dags/example_short_circuit_decorator.py
[2026-09-22T16:21:02.627+0000] {processor.py:830} INFO - Processing file /home/airflow/.local/lib/python3.12/site-packages/airflow/example_dags/example_short_circuit_decorator.py for tasks to queue
[2026-09-22T16:21:02.630+0000] {logging_mixin.py:188} INFO - [2026-09-22T16:21:02.629+0000] {dagbag.py:545} INFO - Filling up the DagBag from /home/airflow/.local/lib/python3.12/site-packages/airflow/example_dags/example_short_circuit_decorator.py
[2026-09-22T16:21:02.640+0000] {processor.py:840} INFO - DAG(s) 'example_short_circuit_decorator' retrieved from /home/airflow/.local/lib/python3.12/site-packages/airflow/example_dags/example_short_circuit_decorator.py
[2026-09-22T16:21:02.693+0000] {logging_mixin.py:188} INFO - [2026-09-22T16:21:02.692+0000] {dag.py:3089} INFO - Sync 1 DAGs
[2026-09-22T16:21:02.749+0000] {logging_mixin.py:188} INFO - [2026-09-22T16:21:02.749+0000] {dag.py:3947} INFO - Setting next_dagrun for example_short_circuit_decorator to 2026-09-21 00:00:00+00:00, run_after=2026-09-22 00:00:00+00:00
[2026-09-22T16:21:02.783+0000] {processor.py:183} INFO - Processing /home/airflow/.local/lib/python3.12/site-packages/airflow/example_dags/example_short_circuit_decorator.py took 0.166 seconds
[2026-09-22T16:21:32.907+0000] {processor.py:161} INFO - Started process (PID=318) to work on /home/airflow/.local/lib/python3.12/site-packages/airflow/example_dags/example_short_circuit_decorator.py
[2026-09-22T16:21:32.911+0000] {processor.py:830} INFO - Processing file /home/airflow/.local/lib/python3.12/site-packages/airflow/example_dags/example_short_circuit_decorator.py for tasks to queue
[2026-09-22T16:21:32.917+0000] {logging_mixin.py:188} INFO - [2026-09-22T16:21:32.916+0000] {dagbag.py:545} INFO - Filling up the DagBag from /home/airflow/.local/lib/python3.12/site-packages/airflow/example_dags/example_short_circuit_decorator.py
[2026-09-22T16:21:32.935+0000] {processor.py:840} INFO - DAG(s) 'example_short_circuit_decorator' retrieved from /home/airflow/.local/lib/python3.12/site-packages/airflow/example_dags/example_short_circuit_decorator.py
[2026-09-22T16:21:32.986+0000] {logging_mixin.py:188} INFO - [2026-09-22T16:21:32.986+0000] {dag.py:3089} INFO - Sync 1 DAGs
[2026-09-22T16:21:33.016+0000] {logging_mixin.py:188} INFO - [2026-09-22T16:21:33.016+0000] {dag.py:3947} INFO - Setting next_dagrun for example_short_circuit_decorator to 2026-09-21 00:00:00+00:00, run_after=2026-09-22 00:00:00+00:00
[2026-09-22T16:21:33.041+0000] {processor.py:183} INFO - Processing /home/airflow/.local/lib/python3.12/site-packages/airflow/example_dags/example_short_circuit_decorator.py took 0.145 seconds
[2026-09-22T16:22:03.422+0000] {processor.py:161} INFO - Started process (PID=376) to work on /home/airflow/.local/lib/python3.12/site-packages/airflow/example_dags/example_short_circuit_decorator.py
[2026-09-22T16:22:03.424+0000] {processor.py:830} INFO - Processing file /home/airflow/.local/lib/python3.12/site-packages/airflow/example_dags/example_short_circuit_decorator.py for tasks to queue
[2026-09-22T16:22:03.427+0000] {logging_mixin.py:188} INFO - [2026-09-22T16:22:03.427+0000] {dagbag.py:545} INFO - Filling up the DagBag from /home/airflow/.local/lib/python3.12/site-packages/airflow/example_dags/example_short_circuit_decorator.py
[2026-09-22T16:22:03.438+0000] {processor.py:840} INFO - DAG(s) 'example_short_circuit_decorator' retrieved from /home/airflow/.local/lib/python3.12/site-packages/airflow/example_dags/example_short_circuit_decorator.py
[2026-09-22T16:22:03.472+0000] {logging_mixin.py:188} INFO - [2026-09-22T16:22:03.471+0000] {dag.py:3089} INFO - Sync 1 DAGs
[2026-09-22T16:22:03.500+0000] {logging_mixin.py:188} INFO - [2026-09-22T16:22:03.500+0000] {dag.py:3947} INFO - Setting next_dagrun for example_short_circuit_decorator to 2026-09-21 00:00:00+00:00, run_after=2026-09-22 00:00:00+00:00
[2026-09-22T16:22:03.546+0000] {processor.py:183} INFO - Processing /home/airflow/.local/lib/python3.12/site-packages/airflow/example_dags/example_short_circuit_decorator.py took 0.132 seconds
[2026-09-22T16:22:34.364+0000] {processor.py:161} INFO - Started process (PID=434) to work on /home/airflow/.local/lib/python3.12/site-packages/airflow/example_dags/example_short_circuit_decorator.py
[2026-09-22T16:22:34.366+0000] {processor.py:830} INFO - Processing file /home/airflow/.local/lib/python3.12/site-packages/airflow/example_dags/example_short_circuit_decorator.py for tasks to queue
[2026-09-22T16:22:34.374+0000] {logging_mixin.py:188} INFO - [2026-09-22T16:22:34.373+0000] {dagbag.py:545} INFO - Filling up the DagBag from /home/airflow/.local/lib/python3.12/site-packages/airflow/example_dags/example_short_circuit_decorator.py
[2026-09-22T16:22:34.395+0000] {processor.py:840} INFO - DAG(s) 'example_short_circuit_decorator' retrieved from /home/airflow/.local/lib/python3.12/site-packages/airflow/example_dags/example_short_circuit_decorator.py
[2026-09-22T16:22:34.446+0000] {logging_mixin.py:188} INFO - [2026-09-22T16:22:34.445+0000] {dag.py:3089} INFO - Sync 1 DAGs
[2026-09-22T16:22:34.491+0000] {logging_mixin.py:188} INFO - [2026-09-22T16:22:34.490+0000] {dag.py:3947} INFO - Setting next_dagrun for example_short_circuit_decorator to 2026-09-21 00:00:00+00:00, run_after=2026-09-22 00:00:00+00:00
[2026-09-22T16:22:34.537+0000] {processor.py:183} INFO - Processing /home/airflow/.local/lib/python3.12/site-packages/airflow/example_dags/example_short_circuit_decorator.py took 0.190 seconds
[2026-09-22T16:23:05.241+0000] {processor.py:161} INFO - Started process (PID=492) to work on /home/airflow/.local/lib/python3.12/site-packages/airflow/example_dags/example_short_circuit_decorator.py
[2026-09-22T16:23:05.243+0000] {processor.py:830} INFO - Processing file /home/airflow/.local/lib/python3.12/site-packages/airflow/example_dags/example_short_circuit_decorator.py for tasks to queue
[2026-09-22T16:23:05.245+0000] {logging_mixin.py:188} INFO - [2026-09-22T16:23:05.245+0000] {dagbag.py:545} INFO - Filling up the DagBag from /home/airflow/.local/lib/python3.12/site-packages/airflow/example_dags/example_short_circuit_decorator.py
[2026-09-22T16:23:05.257+0000] {processor.py:840} INFO - DAG(s) 'example_short_circuit_decorator' retrieved from /home/airflow/.local/lib/python3.12/site-packages/airflow/example_dags/example_short_circuit_decorator.py
[2026-09-22T16:23:05.285+0000] {logging_mixin.py:188} INFO - [2026-09-22T16:23:05.284+0000] {dag.py:3089} INFO - Sync 1 DAGs
[2026-09-22T16:23:05.316+0000] {logging_mixin.py:188} INFO - [2026-09-22T16:23:05.315+0000] {dag.py:3947} INFO - Setting next_dagrun for example_short_circuit_decorator to 2026-09-21 00:00:00+00:00, run_after=2026-09-22 00:00:00+00:00
[2026-09-22T16:23:05.413+0000] {processor.py:183} INFO - Processing /home/airflow/.local/lib/python3.12/site-packages/airflow/example_dags/example_short_circuit_decorator.py took 0.179 seconds
[2026-09-22T16:23:35.818+0000] {processor.py:161} INFO - Started process (PID=550) to work on /home/airflow/.local/lib/python3.12/site-packages/airflow/example_dags/example_short_circuit_decorator.py
[2026-09-22T16:23:35.821+0000] {processor.py:830} INFO - Processing file /home/airflow/.local/lib/python3.12/site-packages/airflow/example_dags/example_short_circuit_decorator.py for tasks to queue
[2026-09-22T16:23:35.824+0000] {logging_mixin.py:188} INFO - [2026-09-22T16:23:35.824+0000] {dagbag.py:545} INFO - Filling up the DagBag from /home/airflow/.local/lib/python3.12/site-packages/airflow/example_dags/example_short_circuit_decorator.py
[2026-09-22T16:23:35.837+0000] {processor.py:840} INFO - DAG(s) 'example_short_circuit_decorator' retrieved from /home/airflow/.local/lib/python3.12/site-packages/airflow/example_dags/example_short_circuit_decorator.py
[2026-09-22T16:23:35.874+0000] {logging_mixin.py:188} INFO - [2026-09-22T16:23:35.874+0000] {dag.py:3089} INFO - Sync 1 DAGs
[2026-09-22T16:23:35.901+0000] {logging_mixin.py:188} INFO - [2026-09-22T16:23:35.901+0000] {dag.py:3947} INFO - Setting next_dagrun for example_short_circuit_decorator to 2026-09-21 00:00:00+00:00, run_after=2026-09-22 00:00:00+00:00
[2026-09-22T16:23:35.980+0000] {processor.py:183} INFO - Processing /home/airflow/.local/lib/python3.12/site-packages/airflow/example_dags/example_short_circuit_decorator.py took 0.172 seconds
[2026-09-22T16:24:06.049+0000] {processor.py:161} INFO - Started process (PID=608) to work on /home/airflow/.local/lib/python3.12/site-packages/airflow/example_dags/example_short_circuit_decorator.py
[2026-09-22T16:24:06.050+0000] {processor.py:830} INFO - Processing file /home/airflow/.local/lib/python3.12/site-packages/airflow/example_dags/example_short_circuit_decorator.py for tasks to queue
[2026-09-22T16:24:06.053+0000] {logging_mixin.py:188} INFO - [2026-09-22T16:24:06.053+0000] {dagbag.py:545} INFO - Filling up the DagBag from /home/airflow/.local/lib/python3.12/site-packages/airflow/example_dags/example_short_circuit_decorator.py
[2026-09-22T16:24:06.063+0000] {processor.py:840} INFO - DAG(s) 'example_short_circuit_decorator' retrieved from /home/airflow/.local/lib/python3.12/site-packages/airflow/example_dags/example_short_circuit_decorator.py
[2026-09-22T16:24:06.092+0000] {logging_mixin.py:188} INFO - [2026-09-22T16:24:06.091+0000] {dag.py:3089} INFO - Sync 1 DAGs
[2026-09-22T16:24:06.126+0000] {logging_mixin.py:188} INFO - [2026-09-22T16:24:06.126+0000] {dag.py:3947} INFO - Setting next_dagrun for example_short_circuit_decorator to 2026-09-21 00:00:00+00:00, run_after=2026-09-22 00:00:00+00:00
[2026-09-22T16:24:06.209+0000] {processor.py:183} INFO - Processing /home/airflow/.local/lib/python3.12/site-packages/airflow/example_dags/example_short_circuit_decorator.py took 0.167 seconds
[2026-09-22T16:24:36.260+0000] {processor.py:161} INFO - Started process (PID=666) to work on /home/airflow/.local/lib/python3.12/site-packages/airflow/example_dags/example_short_circuit_decorator.py
[2026-09-22T16:24:36.262+0000] {processor.py:830} INFO - Processing file /home/airflow/.local/lib/python3.12/site-packages/airflow/example_dags/example_short_circuit_decorator.py for tasks to queue
[2026-09-22T16:24:36.265+0000] {logging_mixin.py:188} INFO - [2026-09-22T16:24:36.264+0000] {dagbag.py:545} INFO - Filling up the DagBag from /home/airflow/.local/lib/python3.12/site-packages/airflow/example_dags/example_short_circuit_decorator.py
[2026-09-22T16:24:36.280+0000] {processor.py:840} INFO - DAG(s) 'example_short_circuit_decorator' retrieved from /home/airflow/.local/lib/python3.12/site-packages/airflow/example_dags/example_short_circuit_decorator.py
[2026-09-22T16:24:36.314+0000] {logging_mixin.py:188} INFO - [2026-09-22T16:24:36.314+0000] {dag.py:3089} INFO - Sync 1 DAGs
[2026-09-22T16:24:36.351+0000] {logging_mixin.py:188} INFO - [2026-09-22T16:24:36.351+0000] {dag.py:3947} INFO - Setting next_dagrun for example_short_circuit_decorator to 2026-09-21 00:00:00+00:00, run_after=2026-09-22 00:00:00+00:00
[2026-09-22T16:24:36.430+0000] {processor.py:183} INFO - Processing /home/airflow/.local/lib/python3.12/site-packages/airflow/example_dags/example_short_circuit_decorator.py took 0.178 seconds
[2026-09-22T16:25:06.944+0000] {processor.py:161} INFO - Started process (PID=724) to work on /home/airflow/.local/lib/python3.12/site-packages/airflow/example_dags/example_short_circuit_decorator.py
[2026-09-22T16:25:06.945+0000] {processor.py:830} INFO - Processing file /home/airflow/.local/lib/python3.12/site-packages/airflow/example_dags/example_short_circuit_decorator.py for tasks to queue
[2026-09-22T16:25:06.948+0000] {logging_mixin.py:188} INFO - [2026-09-22T16:25:06.948+0000] {dagbag.py:545} INFO - Filling up the DagBag from /home/airflow/.local/lib/python3.12/site-packages/airflow/example_dags/example_short_circuit_decorator.py
[2026-09-22T16:25:06.965+0000] {processor.py:840} INFO - DAG(s) 'example_short_circuit_decorator' retrieved from /home/airflow/.local/lib/python3.12/site-packages/airflow/example_dags/example_short_circuit_decorator.py
[2026-09-22T16:25:07.007+0000] {logging_mixin.py:188} INFO - [2026-09-22T16:25:07.006+0000] {dag.py:3089} INFO - Sync 1 DAGs
[2026-09-22T16:25:07.043+0000] {logging_mixin.py:188} INFO - [2026-09-22T16:25:07.042+0000] {dag.py:3947} INFO - Setting next_dagrun for example_short_circuit_decorator to 2026-09-21 00:00:00+00:00, run_after=2026-09-22 00:00:00+00:00
[2026-09-22T16:25:07.137+0000] {processor.py:183} INFO - Processing /home/airflow/.local/lib/python3.12/site-packages/airflow/example_dags/example_short_circuit_decorator.py took 0.208 seconds
[2026-09-22T16:25:37.354+0000] {processor.py:161} INFO - Started process (PID=782) to work on /home/airflow/.local/lib/python3.12/site-packages/airflow/example_dags/example_short_circuit_decorator.py
[2026-09-22T16:25:37.356+0000] {processor.py:830} INFO - Processing file /home/airflow/.local/lib/python3.12/site-packages/airflow/example_dags/example_short_circuit_decorator.py for tasks to queue
[2026-09-22T16:25:37.358+0000] {logging_mixin.py:188} INFO - [2026-09-22T16:25:37.358+0000] {dagbag.py:545} INFO - Filling up the DagBag from /home/airflow/.local/lib/python3.12/site-packages/airflow/example_dags/example_short_circuit_decorator.py
[2026-09-22T16:25:37.371+0000] {processor.py:840} INFO - DAG(s) 'example_short_circuit_decorator' retrieved from /home/airflow/.local/lib/python3.12/site-packages/airflow/example_dags/example_short_circuit_decorator.py
[2026-09-22T16:25:37.406+0000] {logging_mixin.py:188} INFO - [2026-09-22T16:25:37.405+0000] {dag.py:3089} INFO - Sync 1 DAGs
[2026-09-22T16:25:37.445+0000] {logging_mixin.py:188} INFO - [2026-09-22T16:25:37.444+0000] {dag.py:3947} INFO - Setting next_dagrun for example_short_circuit_decorator to 2026-09-21 00:00:00+00:00, run_after=2026-09-22 00:00:00+00:00
[2026-09-22T16:25:37.481+0000] {processor.py:183} INFO - Processing /home/airflow/.local/lib/python3.12/site-packages/airflow/example_dags/example_short_circuit_decorator.py took 0.137 seconds
[2026-09-22T16:26:07.795+0000] {processor.py:161} INFO - Started process (PID=840) to work on /home/airflow/.local/lib/python3.12/site-packages/airflow/example_dags/example_short_circuit_decorator.py
[2026-09-22T16:26:07.796+0000] {processor.py:830} INFO - Processing file /home/airflow/.local/lib/python3.12/site-packages/airflow/example_dags/example_short_circuit_decorator.py for tasks to queue
[2026-09-22T16:26:07.799+0000] {logging_mixin.py:188} INFO - [2026-09-22T16:26:07.799+0000] {dagbag.py:545} INFO - Filling up the DagBag from /home/airflow/.local/lib/python3.12/site-packages/airflow/example_dags/example_short_circuit_decorator.py
[2026-09-22T16:26:07.811+0000] {processor.py:840} INFO - DAG(s) 'example_short_circuit_decorator' retrieved from /home/airflow/.local/lib/python3.12/site-packages/airflow/example_dags/example_short_circuit_decorator.py
[2026-09-22T16:26:07.838+0000] {logging_mixin.py:188} INFO - [2026-09-22T16:26:07.838+0000] {dag.py:3089} INFO - Sync 1 DAGs
[2026-09-22T16:26:07.863+0000] {logging_mixin.py:188} INFO - [2026-09-22T16:26:07.862+0000] {dag.py:3947} INFO - Setting next_dagrun for example_short_circuit_decorator to 2026-09-21 00:00:00+00:00, run_after=2026-09-22 00:00:00+00:00
[2026-09-22T16:26:07.950+0000] {processor.py:183} INFO - Processing /home/airflow/.local/lib/python3.12/site-packages/airflow/example_dags/example_short_circuit_decorator.py took 0.164 seconds
[2026-09-22T16:26:38.197+0000] {processor.py:161} INFO - Started process (PID=898) to work on /home/airflow/.local/lib/python3.12/site-packages/airflow/example_dags/example_short_circuit_decorator.py
[2026-09-22T16:26:38.199+0000] {processor.py:830} INFO - Processing file /home/airflow/.local/lib/python3.12/site-packages/airflow/example_dags/example_short_circuit_decorator.py for tasks to queue
[2026-09-22T16:26:38.201+0000] {logging_mixin.py:188} INFO - [2026-09-22T16:26:38.201+0000] {dagbag.py:545} INFO - Filling up the DagBag from /home/airflow/.local/lib/python3.12/site-packages/airflow/example_dags/example_short_circuit_decorator.py
[2026-09-22T16:26:38.215+0000] {processor.py:840} INFO - DAG(s) 'example_short_circuit_decorator' retrieved from /home/airflow/.local/lib/python3.12/site-packages/airflow/example_dags/example_short_circuit_decorator.py
[2026-09-22T16:26:38.251+0000] {logging_mixin.py:188} INFO - [2026-09-22T16:26:38.251+0000] {dag.py:3089} INFO - Sync 1 DAGs
[2026-09-22T16:26:38.283+0000] {logging_mixin.py:188} INFO - [2026-09-22T16:26:38.283+0000] {dag.py:3947} INFO - Setting next_dagrun for example_short_circuit_decorator to 2026-09-21 00:00:00+00:00, run_after=2026-09-22 00:00:00+00:00
[2026-09-22T16:26:38.374+0000] {processor.py:183} INFO - Processing /home/airflow/.local/lib/python3.12/site-packages/airflow/example_dags/example_short_circuit_decorator.py took 0.186 seconds
[2026-09-22T16:27:08.783+0000] {processor.py:161} INFO - Started process (PID=956) to work on /home/airflow/.local/lib/python3.12/site-packages/airflow/example_dags/example_short_circuit_decorator.py
[2026-09-22T16:27:08.785+0000] {processor.py:830} INFO - Processing file /home/airflow/.local/lib/python3.12/site-packages/airflow/example_dags/example_short_circuit_decorator.py for tasks to queue
[2026-09-22T16:27:08.789+0000] {logging_mixin.py:188} INFO - [2026-09-22T16:27:08.788+0000] {dagbag.py:545} INFO - Filling up the DagBag from /home/airflow/.local/lib/python3.12/site-packages/airflow/example_dags/example_short_circuit_decorator.py
[2026-09-22T16:27:08.804+0000] {processor.py:840} INFO - DAG(s) 'example_short_circuit_decorator' retrieved from /home/airflow/.local/lib/python3.12/site-packages/airflow/example_dags/example_short_circuit_decorator.py
[2026-09-22T16:27:08.839+0000] {logging_mixin.py:188} INFO - [2026-09-22T16:27:08.838+0000] {dag.py:3089} INFO - Sync 1 DAGs
[2026-09-22T16:27:08.879+0000] {logging_mixin.py:188} INFO - [2026-09-22T16:27:08.879+0000] {dag.py:3947} INFO - Setting next_dagrun for example_short_circuit_decorator to 2026-09-21 00:00:00+00:00, run_after=2026-09-22 00:00:00+00:00
[2026-09-22T16:27:08.914+0000] {processor.py:183} INFO - Processing /home/airflow/.local/lib/python3.12/site-packages/airflow/example_dags/example_short_circuit_decorator.py took 0.141 seconds
[2026-09-22T16:27:39.849+0000] {processor.py:161} INFO - Started process (PID=1014) to work on /home/airflow/.local/lib/python3.12/site-packages/airflow/example_dags/example_short_circuit_decorator.py
[2026-09-22T16:27:39.851+0000] {processor.py:830} INFO - Processing file /home/airflow/.local/lib/python3.12/site-packages/airflow/example_dags/example_short_circuit_decorator.py for tasks to queue
[2026-09-22T16:27:39.857+0000] {logging_mixin.py:188} INFO - [2026-09-22T16:27:39.856+0000] {dagbag.py:545} INFO - Filling up the DagBag from /home/airflow/.local/lib/python3.12/site-packages/airflow/example_dags/example_short_circuit_decorator.py
[2026-09-22T16:27:39.877+0000] {processor.py:840} INFO - DAG(s) 'example_short_circuit_decorator' retrieved from /home/airflow/.local/lib/python3.12/site-packages/airflow/example_dags/example_short_circuit_decorator.py
[2026-09-22T16:27:39.916+0000] {logging_mixin.py:188} INFO - [2026-09-22T16:27:39.915+0000] {dag.py:3089} INFO - Sync 1 DAGs
[2026-09-22T16:27:39.956+0000] {logging_mixin.py:188} INFO - [2026-09-22T16:27:39.956+0000] {dag.py:3947} INFO - Setting next_dagrun for example_short_circuit_decorator to 2026-09-21 00:00:00+00:00, run_after=2026-09-22 00:00:00+00:00
[2026-09-22T16:27:40.044+0000] {processor.py:183} INFO - Processing /home/airflow/.local/lib/python3.12/site-packages/airflow/example_dags/example_short_circuit_decorator.py took 0.206 seconds
[2026-09-22T16:28:10.443+0000] {processor.py:161} INFO - Started process (PID=1072) to work on /home/airflow/.local/lib/python3.12/site-packages/airflow/example_dags/example_short_circuit_decorator.py
[2026-09-22T16:28:10.446+0000] {processor.py:830} INFO - Processing file /home/airflow/.local/lib/python3.12/site-packages/airflow/example_dags/example_short_circuit_decorator.py for tasks to queue
[2026-09-22T16:28:10.450+0000] {logging_mixin.py:188} INFO - [2026-09-22T16:28:10.450+0000] {dagbag.py:545} INFO - Filling up the DagBag from /home/airflow/.local/lib/python3.12/site-packages/airflow/example_dags/example_short_circuit_decorator.py
[2026-09-22T16:28:10.471+0000] {processor.py:840} INFO - DAG(s) 'example_short_circuit_decorator' retrieved from /home/airflow/.local/lib/python3.12/site-packages/airflow/example_dags/example_short_circuit_decorator.py
[2026-09-22T16:28:10.527+0000] {logging_mixin.py:188} INFO - [2026-09-22T16:28:10.527+0000] {dag.py:3089} INFO - Sync 1 DAGs
[2026-09-22T16:28:10.573+0000] {logging_mixin.py:188} INFO - [2026-09-22T16:28:10.573+0000] {dag.py:3947} INFO - Setting next_dagrun for example_short_circuit_decorator to 2026-09-21 00:00:00+00:00, run_after=2026-09-22 00:00:00+00:00
[2026-09-22T16:28:10.661+0000] {processor.py:183} INFO - Processing /home/airflow/.local/lib/python3.12/site-packages/airflow/example_dags/example_short_circuit_decorator.py took 0.230 seconds
[2026-09-22T16:28:41.587+0000] {processor.py:161} INFO - Started process (PID=1130) to work on /home/airflow/.local/lib/python3.12/site-packages/airflow/example_dags/example_short_circuit_decorator.py
[2026-09-22T16:28:41.589+0000] {processor.py:830} INFO - Processing file /home/airflow/.local/lib/python3.12/site-packages/airflow/example_dags/example_short_circuit_decorator.py for tasks to queue
[2026-09-22T16:28:41.591+0000] {logging_mixin.py:188} INFO - [2026-09-22T16:28:41.591+0000] {dagbag.py:545} INFO - Filling up the DagBag from /home/airflow/.local/lib/python3.12/site-packages/airflow/example_dags/example_short_circuit_decorator.py
[2026-09-22T16:28:41.602+0000] {processor.py:840} INFO - DAG(s) 'example_short_circuit_decorator' retrieved from /home/airflow/.local/lib/python3.12/site-packages/airflow/example_dags/example_short_circuit_decorator.py
[2026-09-22T16:28:41.630+0000] {logging_mixin.py:188} INFO - [2026-09-22T16:28:41.630+0000] {dag.py:3089} INFO - Sync 1 DAGs
[2026-09-22T16:28:41.661+0000] {logging_mixin.py:188} INFO - [2026-09-22T16:28:41.660+0000] {dag.py:3947} INFO - Setting next_dagrun for example_short_circuit_decorator to 2026-09-21 00:00:00+00:00, run_after=2026-09-22 00:00:00+00:00
[2026-09-22T16:28:41.685+0000] {processor.py:183} INFO - Processing /home/airflow/.local/lib/python3.12/site-packages/airflow/example_dags/example_short_circuit_decorator.py took 0.107 seconds
[2026-09-22T16:29:11.968+0000] {processor.py:161} INFO - Started process (PID=1188) to work on /home/airflow/.local/lib/python3.12/site-packages/airflow/example_dags/example_short_circuit_decorator.py
[2026-09-22T16:29:11.970+0000] {processor.py:830} INFO - Processing file /home/airflow/.local/lib/python3.12/site-packages/airflow/example_dags/example_short_circuit_decorator.py for tasks to queue
[2026-09-22T16:29:11.973+0000] {logging_mixin.py:188} INFO - [2026-09-22T16:29:11.973+0000] {dagbag.py:545} INFO - Filling up the DagBag from /home/airflow/.local/lib/python3.12/site-packages/airflow/example_dags/example_short_circuit_decorator.py
[2026-09-22T16:29:11.984+0000] {processor.py:840} INFO - DAG(s) 'example_short_circuit_decorator' retrieved from /home/airflow/.local/lib/python3.12/site-packages/airflow/example_dags/example_short_circuit_decorator.py
[2026-09-22T16:29:12.012+0000] {logging_mixin.py:188} INFO - [2026-09-22T16:29:12.011+0000] {dag.py:3089} INFO - Sync 1 DAGs
[2026-09-22T16:29:12.040+0000] {logging_mixin.py:188} INFO - [2026-09-22T16:29:12.040+0000] {dag.py:3947} INFO - Setting next_dagrun for example_short_circuit_decorator to 2026-09-21 00:00:00+00:00, run_after=2026-09-22 00:00:00+00:00
[2026-09-22T16:29:12.139+0000] {processor.py:183} INFO - Processing /home/airflow/.local/lib/python3.12/site-packages/airflow/example_dags/example_short_circuit_decorator.py took 0.179 seconds
[2026-09-22T16:29:43.486+0000] {processor.py:161} INFO - Started process (PID=1245) to work on /home/airflow/.local/lib/python3.12/site-packages/airflow/example_dags/example_short_circuit_decorator.py
[2026-09-22T16:29:43.489+0000] {processor.py:830} INFO - Processing file /home/airflow/.local/lib/python3.12/site-packages/airflow/example_dags/example_short_circuit_decorator.py for tasks to queue
[2026-09-22T16:29:43.494+0000] {logging_mixin.py:188} INFO - [2026-09-22T16:29:43.493+0000] {dagbag.py:545} INFO - Filling up the DagBag from /home/airflow/.local/lib/python3.12/site-packages/airflow/example_dags/example_short_circuit_decorator.py
[2026-09-22T16:29:43.508+0000] {processor.py:840} INFO - DAG(s) 'example_short_circuit_decorator' retrieved from /home/airflow/.local/lib/python3.12/site-packages/airflow/example_dags/example_short_circuit_decorator.py
[2026-09-22T16:29:43.549+0000] {logging_mixin.py:188} INFO - [2026-09-22T16:29:43.549+0000] {dag.py:3089} INFO - Sync 1 DAGs
[2026-09-22T16:29:43.603+0000] {logging_mixin.py:188} INFO - [2026-09-22T16:29:43.602+0000] {dag.py:3947} INFO - Setting next_dagrun for example_short_circuit_decorator to 2026-09-21 00:00:00+00:00, run_after=2026-09-22 00:00:00+00:00
[2026-09-22T16:29:43.636+0000] {processor.py:183} INFO - Processing /home/airflow/.local/lib/python3.12/site-packages/airflow/example_dags/example_short_circuit_decorator.py took 0.165 seconds
[2026-09-22T16:30:13.881+0000] {processor.py:161} INFO - Started process (PID=1303) to work on /home/airflow/.local/lib/python3.12/site-packages/airflow/example_dags/example_short_circuit_decorator.py
[2026-09-22T16:30:13.911+0000] {processor.py:830} INFO - Processing file /home/airflow/.local/lib/python3.12/site-packages/airflow/example_dags/example_short_circuit_decorator.py for tasks to queue
[2026-09-22T16:30:13.914+0000] {logging_mixin.py:188} INFO - [2026-09-22T16:30:13.914+0000] {dagbag.py:545} INFO - Filling up the DagBag from /home/airflow/.local/lib/python3.12/site-packages/airflow/example_dags/example_short_circuit_decorator.py
[2026-09-22T16:30:13.926+0000] {processor.py:840} INFO - DAG(s) 'example_short_circuit_decorator' retrieved from /home/airflow/.local/lib/python3.12/site-packages/airflow/example_dags/example_short_circuit_decorator.py
[2026-09-22T16:30:13.959+0000] {logging_mixin.py:188} INFO - [2026-09-22T16:30:13.959+0000] {dag.py:3089} INFO - Sync 1 DAGs
[2026-09-22T16:30:13.987+0000] {logging_mixin.py:188} INFO - [2026-09-22T16:30:13.987+0000] {dag.py:3947} INFO - Setting next_dagrun for example_short_circuit_decorator to 2026-09-21 00:00:00+00:00, run_after=2026-09-22 00:00:00+00:00
[2026-09-22T16:30:14.015+0000] {processor.py:183} INFO - Processing /home/airflow/.local/lib/python3.12/site-packages/airflow/example_dags/example_short_circuit_decorator.py took 0.142 seconds
[2026-09-22T16:30:44.188+0000] {processor.py:161} INFO - Started process (PID=1361) to work on /home/airflow/.local/lib/python3.12/site-packages/airflow/example_dags/example_short_circuit_decorator.py
[2026-09-22T16:30:44.190+0000] {processor.py:830} INFO - Processing file /home/airflow/.local/lib/python3.12/site-packages/airflow/example_dags/example_short_circuit_decorator.py for tasks to queue
[2026-09-22T16:30:44.193+0000] {logging_mixin.py:188} INFO - [2026-09-22T16:30:44.192+0000] {dagbag.py:545} INFO - Filling up the DagBag from /home/airflow/.local/lib/python3.12/site-packages/airflow/example_dags/example_short_circuit_decorator.py
[2026-09-22T16:30:44.207+0000] {processor.py:840} INFO - DAG(s) 'example_short_circuit_decorator' retrieved from /home/airflow/.local/lib/python3.12/site-packages/airflow/example_dags/example_short_circuit_decorator.py
[2026-09-22T16:30:44.248+0000] {logging_mixin.py:188} INFO - [2026-09-22T16:30:44.247+0000] {dag.py:3089} INFO - Sync 1 DAGs
[2026-09-22T16:30:44.279+0000] {logging_mixin.py:188} INFO - [2026-09-22T16:30:44.279+0000] {dag.py:3947} INFO - Setting next_dagrun for example_short_circuit_decorator to 2026-09-21 00:00:00+00:00, run_after=2026-09-22 00:00:00+00:00
[2026-09-22T16:30:44.319+0000] {processor.py:183} INFO - Processing /home/airflow/.local/lib/python3.12/site-packages/airflow/example_dags/example_short_circuit_decorator.py took 0.140 seconds
[2026-09-22T16:31:14.450+0000] {processor.py:161} INFO - Started process (PID=1419) to work on /home/airflow/.local/lib/python3.12/site-packages/airflow/example_dags/example_short_circuit_decorator.py
[2026-09-22T16:31:14.452+0000] {processor.py:830} INFO - Processing file /home/airflow/.local/lib/python3.12/site-packages/airflow/example_dags/example_short_circuit_decorator.py for tasks to queue
[2026-09-22T16:31:14.456+0000] {logging_mixin.py:188} INFO - [2026-09-22T16:31:14.456+0000] {dagbag.py:545} INFO - Filling up the DagBag from /home/airflow/.local/lib/python3.12/site-packages/airflow/example_dags/example_short_circuit_decorator.py
[2026-09-22T16:31:14.476+0000] {processor.py:840} INFO - DAG(s) 'example_short_circuit_decorator' retrieved from /home/airflow/.local/lib/python3.12/site-packages/airflow/example_dags/example_short_circuit_decorator.py
[2026-09-22T16:31:14.516+0000] {logging_mixin.py:188} INFO - [2026-09-22T16:31:14.516+0000] {dag.py:3089} INFO - Sync 1 DAGs
[2026-09-22T16:31:14.556+0000] {logging_mixin.py:188} INFO - [2026-09-22T16:31:14.555+0000] {dag.py:3947} INFO - Setting next_dagrun for example_short_circuit_decorator to 2026-09-21 00:00:00+00:00, run_after=2026-09-22 00:00:00+00:00
[2026-09-22T16:31:14.590+0000] {processor.py:183} INFO - Processing /home/airflow/.local/lib/python3.12/site-packages/airflow/example_dags/example_short_circuit_decorator.py took 0.152 seconds
[2026-09-22T16:31:44.738+0000] {processor.py:161} INFO - Started process (PID=1477) to work on /home/airflow/.local/lib/python3.12/site-packages/airflow/example_dags/example_short_circuit_decorator.py
[2026-09-22T16:31:44.741+0000] {processor.py:830} INFO - Processing file /home/airflow/.local/lib/python3.12/site-packages/airflow/example_dags/example_short_circuit_decorator.py for tasks to queue
[2026-09-22T16:31:44.744+0000] {logging_mixin.py:188} INFO - [2026-09-22T16:31:44.744+0000] {dagbag.py:545} INFO - Filling up the DagBag from /home/airflow/.local/lib/python3.12/site-packages/airflow/example_dags/example_short_circuit_decorator.py
[2026-09-22T16:31:44.766+0000] {processor.py:840} INFO - DAG(s) 'example_short_circuit_decorator' retrieved from /home/airflow/.local/lib/python3.12/site-packages/airflow/example_dags/example_short_circuit_decorator.py
[2026-09-22T16:31:44.818+0000] {logging_mixin.py:188} INFO - [2026-09-22T16:31:44.817+0000] {dag.py:3089} INFO - Sync 1 DAGs
[2026-09-22T16:31:44.849+0000] {logging_mixin.py:188} INFO - [2026-09-22T16:31:44.848+0000] {dag.py:3947} INFO - Setting next_dagrun for example_short_circuit_decorator to 2026-09-21 00:00:00+00:00, run_after=2026-09-22 00:00:00+00:00
[2026-09-22T16:31:44.886+0000] {processor.py:183} INFO - Processing /home/airflow/.local/lib/python3.12/site-packages/airflow/example_dags/example_short_circuit_decorator.py took 0.163 seconds
[2026-09-22T16:32:15.033+0000] {processor.py:161} INFO - Started process (PID=1535) to work on /home/airflow/.local/lib/python3.12/site-packages/airflow/example_dags/example_short_circuit_decorator.py
[2026-09-22T16:32:15.037+0000] {processor.py:830} INFO - Processing file /home/airflow/.local/lib/python3.12/site-packages/airflow/example_dags/example_short_circuit_decorator.py for tasks to queue
[2026-09-22T16:32:15.043+0000] {logging_mixin.py:188} INFO - [2026-09-22T16:32:15.042+0000] {dagbag.py:545} INFO - Filling up the DagBag from /home/airflow/.local/lib/python3.12/site-packages/airflow/example_dags/example_short_circuit_decorator.py
[2026-09-22T16:32:15.059+0000] {processor.py:840} INFO - DAG(s) 'example_short_circuit_decorator' retrieved from /home/airflow/.local/lib/python3.12/site-packages/airflow/example_dags/example_short_circuit_decorator.py
[2026-09-22T16:32:15.102+0000] {logging_mixin.py:188} INFO - [2026-09-22T16:32:15.102+0000] {dag.py:3089} INFO - Sync 1 DAGs
[2026-09-22T16:32:15.143+0000] {logging_mixin.py:188} INFO - [2026-09-22T16:32:15.142+0000] {dag.py:3947} INFO - Setting next_dagrun for example_short_circuit_decorator to 2026-09-21 00:00:00+00:00, run_after=2026-09-22 00:00:00+00:00
[2026-09-22T16:32:15.256+0000] {processor.py:183} INFO - Processing /home/airflow/.local/lib/python3.12/site-packages/airflow/example_dags/example_short_circuit_decorator.py took 0.238 seconds
[2026-09-22T16:32:46.106+0000] {processor.py:161} INFO - Started process (PID=1593) to work on /home/airflow/.local/lib/python3.12/site-packages/airflow/example_dags/example_short_circuit_decorator.py
[2026-09-22T16:32:46.108+0000] {processor.py:830} INFO - Processing file /home/airflow/.local/lib/python3.12/site-packages/airflow/example_dags/example_short_circuit_decorator.py for tasks to queue
[2026-09-22T16:32:46.110+0000] {logging_mixin.py:188} INFO - [2026-09-22T16:32:46.110+0000] {dagbag.py:545} INFO - Filling up the DagBag from /home/airflow/.local/lib/python3.12/site-packages/airflow/example_dags/example_short_circuit_decorator.py
[2026-09-22T16:32:46.122+0000] {processor.py:840} INFO - DAG(s) 'example_short_circuit_decorator' retrieved from /home/airflow/.local/lib/python3.12/site-packages/airflow/example_dags/example_short_circuit_decorator.py
[2026-09-22T16:32:46.156+0000] {logging_mixin.py:188} INFO - [2026-09-22T16:32:46.155+0000] {dag.py:3089} INFO - Sync 1 DAGs
[2026-09-22T16:32:46.193+0000] {logging_mixin.py:188} INFO - [2026-09-22T16:32:46.193+0000] {dag.py:3947} INFO - Setting next_dagrun for example_short_circuit_decorator to 2026-09-21 00:00:00+00:00, run_after=2026-09-22 00:00:00+00:00
[2026-09-22T16:32:46.220+0000] {processor.py:183} INFO - Processing /home/airflow/.local/lib/python3.12/site-packages/airflow/example_dags/example_short_circuit_decorator.py took 0.122 seconds
[2026-09-22T16:33:16.388+0000] {processor.py:161} INFO - Started process (PID=1651) to work on /home/airflow/.local/lib/python3.12/site-packages/airflow/example_dags/example_short_circuit_decorator.py
[2026-09-22T16:33:16.389+0000] {processor.py:830} INFO - Processing file /home/airflow/.local/lib/python3.12/site-packages/airflow/example_dags/example_short_circuit_decorator.py for tasks to queue
[2026-09-22T16:33:16.392+0000] {logging_mixin.py:188} INFO - [2026-09-22T16:33:16.391+0000] {dagbag.py:545} INFO - Filling up the DagBag from /home/airflow/.local/lib/python3.12/site-packages/airflow/example_dags/example_short_circuit_decorator.py
[2026-09-22T16:33:16.404+0000] {processor.py:840} INFO - DAG(s) 'example_short_circuit_decorator' retrieved from /home/airflow/.local/lib/python3.12/site-packages/airflow/example_dags/example_short_circuit_decorator.py
[2026-09-22T16:33:16.441+0000] {logging_mixin.py:188} INFO - [2026-09-22T16:33:16.441+0000] {dag.py:3089} INFO - Sync 1 DAGs
[2026-09-22T16:33:16.472+0000] {logging_mixin.py:188} INFO - [2026-09-22T16:33:16.472+0000] {dag.py:3947} INFO - Setting next_dagrun for example_short_circuit_decorator to 2026-09-21 00:00:00+00:00, run_after=2026-09-22 00:00:00+00:00
[2026-09-22T16:33:16.503+0000] {processor.py:183} INFO - Processing /home/airflow/.local/lib/python3.12/site-packages/airflow/example_dags/example_short_circuit_decorator.py took 0.127 seconds
[2026-09-22T16:33:46.600+0000] {processor.py:161} INFO - Started process (PID=1709) to work on /home/airflow/.local/lib/python3.12/site-packages/airflow/example_dags/example_short_circuit_decorator.py
[2026-09-22T16:33:46.602+0000] {processor.py:830} INFO - Processing file /home/airflow/.local/lib/python3.12/site-packages/airflow/example_dags/example_short_circuit_decorator.py for tasks to queue
[2026-09-22T16:33:46.604+0000] {logging_mixin.py:188} INFO - [2026-09-22T16:33:46.604+0000] {dagbag.py:545} INFO - Filling up the DagBag from /home/airflow/.local/lib/python3.12/site-packages/airflow/example_dags/example_short_circuit_decorator.py
[2026-09-22T16:33:46.619+0000] {processor.py:840} INFO - DAG(s) 'example_short_circuit_decorator' retrieved from /home/airflow/.local/lib/python3.12/site-packages/airflow/example_dags/example_short_circuit_decorator.py
[2026-09-22T16:33:46.652+0000] {logging_mixin.py:188} INFO - [2026-09-22T16:33:46.651+0000] {dag.py:3089} INFO - Sync 1 DAGs
[2026-09-22T16:33:46.681+0000] {logging_mixin.py:188} INFO - [2026-09-22T16:33:46.680+0000] {dag.py:3947} INFO - Setting next_dagrun for example_short_circuit_decorator to 2026-09-21 00:00:00+00:00, run_after=2026-09-22 00:00:00+00:00
[2026-09-22T16:33:46.760+0000] {processor.py:183} INFO - Processing /home/airflow/.local/lib/python3.12/site-packages/airflow/example_dags/example_short_circuit_decorator.py took 0.170 seconds
[2026-09-22T16:34:16.959+0000] {processor.py:161} INFO - Started process (PID=1767) to work on /home/airflow/.local/lib/python3.12/site-packages/airflow/example_dags/example_short_circuit_decorator.py
[2026-09-22T16:34:16.961+0000] {processor.py:830} INFO - Processing file /home/airflow/.local/lib/python3.12/site-packages/airflow/example_dags/example_short_circuit_decorator.py for tasks to queue
[2026-09-22T16:34:16.964+0000] {logging_mixin.py:188} INFO - [2026-09-22T16:34:16.963+0000] {dagbag.py:545} INFO - Filling up the DagBag from /home/airflow/.local/lib/python3.12/site-packages/airflow/example_dags/example_short_circuit_decorator.py
[2026-09-22T16:34:16.980+0000] {processor.py:840} INFO - DAG(s) 'example_short_circuit_decorator' retrieved from /home/airflow/.local/lib/python3.12/site-packages/airflow/example_dags/example_short_circuit_decorator.py
[2026-09-22T16:34:17.018+0000] {logging_mixin.py:188} INFO - [2026-09-22T16:34:17.017+0000] {dag.py:3089} INFO - Sync 1 DAGs
[2026-09-22T16:34:17.047+0000] {logging_mixin.py:188} INFO - [2026-09-22T16:34:17.047+0000] {dag.py:3947} INFO - Setting next_dagrun for example_short_circuit_decorator to 2026-09-21 00:00:00+00:00, run_after=2026-09-22 00:00:00+00:00
[2026-09-22T16:34:17.138+0000] {processor.py:183} INFO - Processing /home/airflow/.local/lib/python3.12/site-packages/airflow/example_dags/example_short_circuit_decorator.py took 0.191 seconds
[2026-09-22T16:34:48.017+0000] {processor.py:161} INFO - Started process (PID=1825) to work on /home/airflow/.local/lib/python3.12/site-packages/airflow/example_dags/example_short_circuit_decorator.py
[2026-09-22T16:34:48.019+0000] {processor.py:830} INFO - Processing file /home/airflow/.local/lib/python3.12/site-packages/airflow/example_dags/example_short_circuit_decorator.py for tasks to queue
[2026-09-22T16:34:48.022+0000] {logging_mixin.py:188} INFO - [2026-09-22T16:34:48.021+0000] {dagbag.py:545} INFO - Filling up the DagBag from /home/airflow/.local/lib/python3.12/site-packages/airflow/example_dags/example_short_circuit_decorator.py
[2026-09-22T16:34:48.036+0000] {processor.py:840} INFO - DAG(s) 'example_short_circuit_decorator' retrieved from /home/airflow/.local/lib/python3.12/site-packages/airflow/example_dags/example_short_circuit_decorator.py
[2026-09-22T16:34:48.072+0000] {logging_mixin.py:188} INFO - [2026-09-22T16:34:48.071+0000] {dag.py:3089} INFO - Sync 1 DAGs
[2026-09-22T16:34:48.096+0000] {logging_mixin.py:188} INFO - [2026-09-22T16:34:48.096+0000] {dag.py:3947} INFO - Setting next_dagrun for example_short_circuit_decorator to 2026-09-21 00:00:00+00:00, run_after=2026-09-22 00:00:00+00:00
[2026-09-22T16:34:48.395+0000] {processor.py:183} INFO - Processing /home/airflow/.local/lib/python3.12/site-packages/airflow/example_dags/example_short_circuit_decorator.py took 0.385 seconds
[2026-09-22T16:35:18.811+0000] {processor.py:161} INFO - Started process (PID=1883) to work on /home/airflow/.local/lib/python3.12/site-packages/airflow/example_dags/example_short_circuit_decorator.py
[2026-09-22T16:35:18.813+0000] {processor.py:830} INFO - Processing file /home/airflow/.local/lib/python3.12/site-packages/airflow/example_dags/example_short_circuit_decorator.py for tasks to queue
[2026-09-22T16:35:18.816+0000] {logging_mixin.py:188} INFO - [2026-09-22T16:35:18.815+0000] {dagbag.py:545} INFO - Filling up the DagBag from /home/airflow/.local/lib/python3.12/site-packages/airflow/example_dags/example_short_circuit_decorator.py
[2026-09-22T16:35:18.828+0000] {processor.py:840} INFO - DAG(s) 'example_short_circuit_decorator' retrieved from /home/airflow/.local/lib/python3.12/site-packages/airflow/example_dags/example_short_circuit_decorator.py
[2026-09-22T16:35:18.860+0000] {logging_mixin.py:188} INFO - [2026-09-22T16:35:18.859+0000] {dag.py:3089} INFO - Sync 1 DAGs
[2026-09-22T16:35:18.892+0000] {logging_mixin.py:188} INFO - [2026-09-22T16:35:18.892+0000] {dag.py:3947} INFO - Setting next_dagrun for example_short_circuit_decorator to 2026-09-21 00:00:00+00:00, run_after=2026-09-22 00:00:00+00:00
[2026-09-22T16:35:18.921+0000] {processor.py:183} INFO - Processing /home/airflow/.local/lib/python3.12/site-packages/airflow/example_dags/example_short_circuit_decorator.py took 0.121 seconds
[2026-09-22T16:35:49.302+0000] {processor.py:161} INFO - Started process (PID=1941) to work on /home/airflow/.local/lib/python3.12/site-packages/airflow/example_dags/example_short_circuit_decorator.py
[2026-09-22T16:35:49.304+0000] {processor.py:830} INFO - Processing file /home/airflow/.local/lib/python3.12/site-packages/airflow/example_dags/example_short_circuit_decorator.py for tasks to queue
[2026-09-22T16:35:49.306+0000] {logging_mixin.py:188} INFO - [2026-09-22T16:35:49.306+0000] {dagbag.py:545} INFO - Filling up the DagBag from /home/airflow/.local/lib/python3.12/site-packages/airflow/example_dags/example_short_circuit_decorator.py
[2026-09-22T16:35:49.320+0000] {processor.py:840} INFO - DAG(s) 'example_short_circuit_decorator' retrieved from /home/airflow/.local/lib/python3.12/site-packages/airflow/example_dags/example_short_circuit_decorator.py
[2026-09-22T16:35:49.355+0000] {logging_mixin.py:188} INFO - [2026-09-22T16:35:49.355+0000] {dag.py:3089} INFO - Sync 1 DAGs
[2026-09-22T16:35:49.389+0000] {logging_mixin.py:188} INFO - [2026-09-22T16:35:49.389+0000] {dag.py:3947} INFO - Setting next_dagrun for example_short_circuit_decorator to 2026-09-21 00:00:00+00:00, run_after=2026-09-22 00:00:00+00:00
[2026-09-22T16:35:49.471+0000] {processor.py:183} INFO - Processing /home/airflow/.local/lib/python3.12/site-packages/airflow/example_dags/example_short_circuit_decorator.py took 0.177 seconds
[2026-09-22T16:36:20.159+0000] {processor.py:161} INFO - Started process (PID=1999) to work on /home/airflow/.local/lib/python3.12/site-packages/airflow/example_dags/example_short_circuit_decorator.py
[2026-09-22T16:36:20.160+0000] {processor.py:830} INFO - Processing file /home/airflow/.local/lib/python3.12/site-packages/airflow/example_dags/example_short_circuit_decorator.py for tasks to queue
[2026-09-22T16:36:20.164+0000] {logging_mixin.py:188} INFO - [2026-09-22T16:36:20.163+0000] {dagbag.py:545} INFO - Filling up the DagBag from /home/airflow/.local/lib/python3.12/site-packages/airflow/example_dags/example_short_circuit_decorator.py
[2026-09-22T16:36:20.178+0000] {processor.py:840} INFO - DAG(s) 'example_short_circuit_decorator' retrieved from /home/airflow/.local/lib/python3.12/site-packages/airflow/example_dags/example_short_circuit_decorator.py
[2026-09-22T16:36:20.221+0000] {logging_mixin.py:188} INFO - [2026-09-22T16:36:20.221+0000] {dag.py:3089} INFO - Sync 1 DAGs
[2026-09-22T16:36:20.267+0000] {logging_mixin.py:188} INFO - [2026-09-22T16:36:20.267+0000] {dag.py:3947} INFO - Setting next_dagrun for example_short_circuit_decorator to 2026-09-21 00:00:00+00:00, run_after=2026-09-22 00:00:00+00:00
[2026-09-22T16:36:20.303+0000] {processor.py:183} INFO - Processing /home/airflow/.local/lib/python3.12/site-packages/airflow/example_dags/example_short_circuit_decorator.py took 0.154 seconds
[2026-09-22T16:36:51.316+0000] {processor.py:161} INFO - Started process (PID=2057) to work on /home/airflow/.local/lib/python3.12/site-packages/airflow/example_dags/example_short_circuit_decorator.py
[2026-09-22T16:36:51.318+0000] {processor.py:830} INFO - Processing file /home/airflow/.local/lib/python3.12/site-packages/airflow/example_dags/example_short_circuit_decorator.py for tasks to queue
[2026-09-22T16:36:51.323+0000] {logging_mixin.py:188} INFO - [2026-09-22T16:36:51.322+0000] {dagbag.py:545} INFO - Filling up the DagBag from /home/airflow/.local/lib/python3.12/site-packages/airflow/example_dags/example_short_circuit_decorator.py
[2026-09-22T16:36:51.345+0000] {processor.py:840} INFO - DAG(s) 'example_short_circuit_decorator' retrieved from /home/airflow/.local/lib/python3.12/site-packages/airflow/example_dags/example_short_circuit_decorator.py
[2026-09-22T16:36:51.376+0000] {logging_mixin.py:188} INFO - [2026-09-22T16:36:51.376+0000] {dag.py:3089} INFO - Sync 1 DAGs
[2026-09-22T16:36:51.406+0000] {logging_mixin.py:188} INFO - [2026-09-22T16:36:51.406+0000] {dag.py:3947} INFO - Setting next_dagrun for example_short_circuit_decorator to 2026-09-21 00:00:00+00:00, run_after=2026-09-22 00:00:00+00:00
[2026-09-22T16:36:51.448+0000] {processor.py:183} INFO - Processing /home/airflow/.local/lib/python3.12/site-packages/airflow/example_dags/example_short_circuit_decorator.py took 0.144 seconds
[2026-09-22T16:37:22.349+0000] {processor.py:161} INFO - Started process (PID=2115) to work on /home/airflow/.local/lib/python3.12/site-packages/airflow/example_dags/example_short_circuit_decorator.py
[2026-09-22T16:37:22.352+0000] {processor.py:830} INFO - Processing file /home/airflow/.local/lib/python3.12/site-packages/airflow/example_dags/example_short_circuit_decorator.py for tasks to queue
[2026-09-22T16:37:22.356+0000] {logging_mixin.py:188} INFO - [2026-09-22T16:37:22.355+0000] {dagbag.py:545} INFO - Filling up the DagBag from /home/airflow/.local/lib/python3.12/site-packages/airflow/example_dags/example_short_circuit_decorator.py
[2026-09-22T16:37:22.375+0000] {processor.py:840} INFO - DAG(s) 'example_short_circuit_decorator' retrieved from /home/airflow/.local/lib/python3.12/site-packages/airflow/example_dags/example_short_circuit_decorator.py
[2026-09-22T16:37:22.413+0000] {logging_mixin.py:188} INFO - [2026-09-22T16:37:22.413+0000] {dag.py:3089} INFO - Sync 1 DAGs
[2026-09-22T16:37:22.446+0000] {logging_mixin.py:188} INFO - [2026-09-22T16:37:22.446+0000] {dag.py:3947} INFO - Setting next_dagrun for example_short_circuit_decorator to 2026-09-21 00:00:00+00:00, run_after=2026-09-22 00:00:00+00:00
[2026-09-22T16:37:22.544+0000] {processor.py:183} INFO - Processing /home/airflow/.local/lib/python3.12/site-packages/airflow/example_dags/example_short_circuit_decorator.py took 0.206 seconds
[2026-09-22T16:37:52.779+0000] {processor.py:161} INFO - Started process (PID=2173) to work on /home/airflow/.local/lib/python3.12/site-packages/airflow/example_dags/example_short_circuit_decorator.py
[2026-09-22T16:37:52.780+0000] {processor.py:830} INFO - Processing file /home/airflow/.local/lib/python3.12/site-packages/airflow/example_dags/example_short_circuit_decorator.py for tasks to queue
[2026-09-22T16:37:52.783+0000] {logging_mixin.py:188} INFO - [2026-09-22T16:37:52.783+0000] {dagbag.py:545} INFO - Filling up the DagBag from /home/airflow/.local/lib/python3.12/site-packages/airflow/example_dags/example_short_circuit_decorator.py
[2026-09-22T16:37:52.807+0000] {processor.py:840} INFO - DAG(s) 'example_short_circuit_decorator' retrieved from /home/airflow/.local/lib/python3.12/site-packages/airflow/example_dags/example_short_circuit_decorator.py
[2026-09-22T16:37:52.860+0000] {logging_mixin.py:188} INFO - [2026-09-22T16:37:52.858+0000] {dag.py:3089} INFO - Sync 1 DAGs
[2026-09-22T16:37:52.910+0000] {logging_mixin.py:188} INFO - [2026-09-22T16:37:52.910+0000] {dag.py:3947} INFO - Setting next_dagrun for example_short_circuit_decorator to 2026-09-21 00:00:00+00:00, run_after=2026-09-22 00:00:00+00:00
[2026-09-22T16:37:53.011+0000] {processor.py:183} INFO - Processing /home/airflow/.local/lib/python3.12/site-packages/airflow/example_dags/example_short_circuit_decorator.py took 0.245 seconds
[2026-09-22T16:38:24.245+0000] {processor.py:161} INFO - Started process (PID=2229) to work on /home/airflow/.local/lib/python3.12/site-packages/airflow/example_dags/example_short_circuit_decorator.py
[2026-09-22T16:38:24.247+0000] {processor.py:830} INFO - Processing file /home/airflow/.local/lib/python3.12/site-packages/airflow/example_dags/example_short_circuit_decorator.py for tasks to queue
[2026-09-22T16:38:24.252+0000] {logging_mixin.py:188} INFO - [2026-09-22T16:38:24.251+0000] {dagbag.py:545} INFO - Filling up the DagBag from /home/airflow/.local/lib/python3.12/site-packages/airflow/example_dags/example_short_circuit_decorator.py
[2026-09-22T16:38:24.272+0000] {processor.py:840} INFO - DAG(s) 'example_short_circuit_decorator' retrieved from /home/airflow/.local/lib/python3.12/site-packages/airflow/example_dags/example_short_circuit_decorator.py
[2026-09-22T16:38:24.318+0000] {logging_mixin.py:188} INFO - [2026-09-22T16:38:24.317+0000] {dag.py:3089} INFO - Sync 1 DAGs
[2026-09-22T16:38:24.565+0000] {logging_mixin.py:188} INFO - [2026-09-22T16:38:24.565+0000] {dag.py:3947} INFO - Setting next_dagrun for example_short_circuit_decorator to 2026-09-21 00:00:00+00:00, run_after=2026-09-22 00:00:00+00:00
[2026-09-22T16:38:24.605+0000] {processor.py:183} INFO - Processing /home/airflow/.local/lib/python3.12/site-packages/airflow/example_dags/example_short_circuit_decorator.py took 0.372 seconds
[2026-09-22T16:41:48.064+0000] {processor.py:161} INFO - Started process (PID=88) to work on /home/airflow/.local/lib/python3.12/site-packages/airflow/example_dags/example_short_circuit_decorator.py
[2026-09-22T16:41:48.065+0000] {processor.py:830} INFO - Processing file /home/airflow/.local/lib/python3.12/site-packages/airflow/example_dags/example_short_circuit_decorator.py for tasks to queue
[2026-09-22T16:41:48.069+0000] {logging_mixin.py:188} INFO - [2026-09-22T16:41:48.069+0000] {dagbag.py:545} INFO - Filling up the DagBag from /home/airflow/.local/lib/python3.12/site-packages/airflow/example_dags/example_short_circuit_decorator.py
[2026-09-22T16:41:48.081+0000] {processor.py:840} INFO - DAG(s) 'example_short_circuit_decorator' retrieved from /home/airflow/.local/lib/python3.12/site-packages/airflow/example_dags/example_short_circuit_decorator.py
[2026-09-22T16:41:48.252+0000] {logging_mixin.py:188} INFO - [2026-09-22T16:41:48.251+0000] {dag.py:3089} INFO - Sync 1 DAGs
[2026-09-22T16:41:48.284+0000] {logging_mixin.py:188} INFO - [2026-09-22T16:41:48.284+0000] {dag.py:3947} INFO - Setting next_dagrun for example_short_circuit_decorator to 2026-09-21 00:00:00+00:00, run_after=2026-09-22 00:00:00+00:00
[2026-09-22T16:41:48.364+0000] {processor.py:183} INFO - Processing /home/airflow/.local/lib/python3.12/site-packages/airflow/example_dags/example_short_circuit_decorator.py took 0.307 seconds
[2026-09-22T16:42:19.118+0000] {processor.py:161} INFO - Started process (PID=146) to work on /home/airflow/.local/lib/python3.12/site-packages/airflow/example_dags/example_short_circuit_decorator.py
[2026-09-22T16:42:19.119+0000] {processor.py:830} INFO - Processing file /home/airflow/.local/lib/python3.12/site-packages/airflow/example_dags/example_short_circuit_decorator.py for tasks to queue
[2026-09-22T16:42:19.122+0000] {logging_mixin.py:188} INFO - [2026-09-22T16:42:19.121+0000] {dagbag.py:545} INFO - Filling up the DagBag from /home/airflow/.local/lib/python3.12/site-packages/airflow/example_dags/example_short_circuit_decorator.py
[2026-09-22T16:42:19.133+0000] {processor.py:840} INFO - DAG(s) 'example_short_circuit_decorator' retrieved from /home/airflow/.local/lib/python3.12/site-packages/airflow/example_dags/example_short_circuit_decorator.py
[2026-09-22T16:42:19.174+0000] {logging_mixin.py:188} INFO - [2026-09-22T16:42:19.174+0000] {dag.py:3089} INFO - Sync 1 DAGs
[2026-09-22T16:42:19.212+0000] {logging_mixin.py:188} INFO - [2026-09-22T16:42:19.212+0000] {dag.py:3947} INFO - Setting next_dagrun for example_short_circuit_decorator to 2026-09-21 00:00:00+00:00, run_after=2026-09-22 00:00:00+00:00
[2026-09-22T16:42:19.244+0000] {processor.py:183} INFO - Processing /home/airflow/.local/lib/python3.12/site-packages/airflow/example_dags/example_short_circuit_decorator.py took 0.134 seconds
[2026-09-22T16:43:48.695+0000] {processor.py:161} INFO - Started process (PID=88) to work on /home/airflow/.local/lib/python3.12/site-packages/airflow/example_dags/example_short_circuit_decorator.py
[2026-09-22T16:43:48.698+0000] {processor.py:830} INFO - Processing file /home/airflow/.local/lib/python3.12/site-packages/airflow/example_dags/example_short_circuit_decorator.py for tasks to queue
[2026-09-22T16:43:48.702+0000] {logging_mixin.py:188} INFO - [2026-09-22T16:43:48.702+0000] {dagbag.py:545} INFO - Filling up the DagBag from /home/airflow/.local/lib/python3.12/site-packages/airflow/example_dags/example_short_circuit_decorator.py
[2026-09-22T16:43:48.716+0000] {processor.py:840} INFO - DAG(s) 'example_short_circuit_decorator' retrieved from /home/airflow/.local/lib/python3.12/site-packages/airflow/example_dags/example_short_circuit_decorator.py
[2026-09-22T16:43:48.845+0000] {logging_mixin.py:188} INFO - [2026-09-22T16:43:48.845+0000] {dag.py:3089} INFO - Sync 1 DAGs
[2026-09-22T16:43:48.874+0000] {logging_mixin.py:188} INFO - [2026-09-22T16:43:48.874+0000] {dag.py:3947} INFO - Setting next_dagrun for example_short_circuit_decorator to 2026-09-21 00:00:00+00:00, run_after=2026-09-22 00:00:00+00:00
[2026-09-22T16:43:48.935+0000] {processor.py:183} INFO - Processing /home/airflow/.local/lib/python3.12/site-packages/airflow/example_dags/example_short_circuit_decorator.py took 0.248 seconds
[2026-09-22T16:44:19.180+0000] {processor.py:161} INFO - Started process (PID=145) to work on /home/airflow/.local/lib/python3.12/site-packages/airflow/example_dags/example_short_circuit_decorator.py
[2026-09-22T16:44:19.182+0000] {processor.py:830} INFO - Processing file /home/airflow/.local/lib/python3.12/site-packages/airflow/example_dags/example_short_circuit_decorator.py for tasks to queue
[2026-09-22T16:44:19.185+0000] {logging_mixin.py:188} INFO - [2026-09-22T16:44:19.185+0000] {dagbag.py:545} INFO - Filling up the DagBag from /home/airflow/.local/lib/python3.12/site-packages/airflow/example_dags/example_short_circuit_decorator.py
[2026-09-22T16:44:19.200+0000] {processor.py:840} INFO - DAG(s) 'example_short_circuit_decorator' retrieved from /home/airflow/.local/lib/python3.12/site-packages/airflow/example_dags/example_short_circuit_decorator.py
[2026-09-22T16:44:19.239+0000] {logging_mixin.py:188} INFO - [2026-09-22T16:44:19.238+0000] {dag.py:3089} INFO - Sync 1 DAGs
[2026-09-22T16:44:19.269+0000] {logging_mixin.py:188} INFO - [2026-09-22T16:44:19.269+0000] {dag.py:3947} INFO - Setting next_dagrun for example_short_circuit_decorator to 2026-09-21 00:00:00+00:00, run_after=2026-09-22 00:00:00+00:00
[2026-09-22T16:44:19.296+0000] {processor.py:183} INFO - Processing /home/airflow/.local/lib/python3.12/site-packages/airflow/example_dags/example_short_circuit_decorator.py took 0.126 seconds
[2026-09-22T16:44:49.759+0000] {processor.py:161} INFO - Started process (PID=209) to work on /home/airflow/.local/lib/python3.12/site-packages/airflow/example_dags/example_short_circuit_decorator.py
[2026-09-22T16:44:49.761+0000] {processor.py:830} INFO - Processing file /home/airflow/.local/lib/python3.12/site-packages/airflow/example_dags/example_short_circuit_decorator.py for tasks to queue
[2026-09-22T16:44:49.765+0000] {logging_mixin.py:188} INFO - [2026-09-22T16:44:49.765+0000] {dagbag.py:545} INFO - Filling up the DagBag from /home/airflow/.local/lib/python3.12/site-packages/airflow/example_dags/example_short_circuit_decorator.py
[2026-09-22T16:44:49.780+0000] {processor.py:840} INFO - DAG(s) 'example_short_circuit_decorator' retrieved from /home/airflow/.local/lib/python3.12/site-packages/airflow/example_dags/example_short_circuit_decorator.py
[2026-09-22T16:44:49.814+0000] {logging_mixin.py:188} INFO - [2026-09-22T16:44:49.813+0000] {dag.py:3089} INFO - Sync 1 DAGs
[2026-09-22T16:44:49.845+0000] {logging_mixin.py:188} INFO - [2026-09-22T16:44:49.845+0000] {dag.py:3947} INFO - Setting next_dagrun for example_short_circuit_decorator to 2026-09-21 00:00:00+00:00, run_after=2026-09-22 00:00:00+00:00
[2026-09-22T16:44:49.875+0000] {processor.py:183} INFO - Processing /home/airflow/.local/lib/python3.12/site-packages/airflow/example_dags/example_short_circuit_decorator.py took 0.127 seconds
[2026-09-22T16:45:20.820+0000] {processor.py:161} INFO - Started process (PID=267) to work on /home/airflow/.local/lib/python3.12/site-packages/airflow/example_dags/example_short_circuit_decorator.py
[2026-09-22T16:45:20.821+0000] {processor.py:830} INFO - Processing file /home/airflow/.local/lib/python3.12/site-packages/airflow/example_dags/example_short_circuit_decorator.py for tasks to queue
[2026-09-22T16:45:20.824+0000] {logging_mixin.py:188} INFO - [2026-09-22T16:45:20.823+0000] {dagbag.py:545} INFO - Filling up the DagBag from /home/airflow/.local/lib/python3.12/site-packages/airflow/example_dags/example_short_circuit_decorator.py
[2026-09-22T16:45:20.835+0000] {processor.py:840} INFO - DAG(s) 'example_short_circuit_decorator' retrieved from /home/airflow/.local/lib/python3.12/site-packages/airflow/example_dags/example_short_circuit_decorator.py
[2026-09-22T16:45:20.869+0000] {logging_mixin.py:188} INFO - [2026-09-22T16:45:20.868+0000] {dag.py:3089} INFO - Sync 1 DAGs
[2026-09-22T16:45:20.904+0000] {logging_mixin.py:188} INFO - [2026-09-22T16:45:20.904+0000] {dag.py:3947} INFO - Setting next_dagrun for example_short_circuit_decorator to 2026-09-21 00:00:00+00:00, run_after=2026-09-22 00:00:00+00:00
[2026-09-22T16:45:21.003+0000] {processor.py:183} INFO - Processing /home/airflow/.local/lib/python3.12/site-packages/airflow/example_dags/example_short_circuit_decorator.py took 0.191 seconds
[2026-09-22T16:45:51.203+0000] {processor.py:161} INFO - Started process (PID=325) to work on /home/airflow/.local/lib/python3.12/site-packages/airflow/example_dags/example_short_circuit_decorator.py
[2026-09-22T16:45:51.205+0000] {processor.py:830} INFO - Processing file /home/airflow/.local/lib/python3.12/site-packages/airflow/example_dags/example_short_circuit_decorator.py for tasks to queue
[2026-09-22T16:45:51.208+0000] {logging_mixin.py:188} INFO - [2026-09-22T16:45:51.208+0000] {dagbag.py:545} INFO - Filling up the DagBag from /home/airflow/.local/lib/python3.12/site-packages/airflow/example_dags/example_short_circuit_decorator.py
[2026-09-22T16:45:51.227+0000] {processor.py:840} INFO - DAG(s) 'example_short_circuit_decorator' retrieved from /home/airflow/.local/lib/python3.12/site-packages/airflow/example_dags/example_short_circuit_decorator.py
[2026-09-22T16:45:51.258+0000] {logging_mixin.py:188} INFO - [2026-09-22T16:45:51.258+0000] {dag.py:3089} INFO - Sync 1 DAGs
[2026-09-22T16:45:51.290+0000] {logging_mixin.py:188} INFO - [2026-09-22T16:45:51.290+0000] {dag.py:3947} INFO - Setting next_dagrun for example_short_circuit_decorator to 2026-09-21 00:00:00+00:00, run_after=2026-09-22 00:00:00+00:00
[2026-09-22T16:45:51.325+0000] {processor.py:183} INFO - Processing /home/airflow/.local/lib/python3.12/site-packages/airflow/example_dags/example_short_circuit_decorator.py took 0.134 seconds
[2026-09-22T16:46:21.618+0000] {processor.py:161} INFO - Started process (PID=383) to work on /home/airflow/.local/lib/python3.12/site-packages/airflow/example_dags/example_short_circuit_decorator.py
[2026-09-22T16:46:21.619+0000] {processor.py:830} INFO - Processing file /home/airflow/.local/lib/python3.12/site-packages/airflow/example_dags/example_short_circuit_decorator.py for tasks to queue
[2026-09-22T16:46:21.623+0000] {logging_mixin.py:188} INFO - [2026-09-22T16:46:21.622+0000] {dagbag.py:545} INFO - Filling up the DagBag from /home/airflow/.local/lib/python3.12/site-packages/airflow/example_dags/example_short_circuit_decorator.py
[2026-09-22T16:46:21.637+0000] {processor.py:840} INFO - DAG(s) 'example_short_circuit_decorator' retrieved from /home/airflow/.local/lib/python3.12/site-packages/airflow/example_dags/example_short_circuit_decorator.py
[2026-09-22T16:46:21.671+0000] {logging_mixin.py:188} INFO - [2026-09-22T16:46:21.670+0000] {dag.py:3089} INFO - Sync 1 DAGs
[2026-09-22T16:46:21.703+0000] {logging_mixin.py:188} INFO - [2026-09-22T16:46:21.702+0000] {dag.py:3947} INFO - Setting next_dagrun for example_short_circuit_decorator to 2026-09-21 00:00:00+00:00, run_after=2026-09-22 00:00:00+00:00
[2026-09-22T16:46:21.772+0000] {processor.py:183} INFO - Processing /home/airflow/.local/lib/python3.12/site-packages/airflow/example_dags/example_short_circuit_decorator.py took 0.165 seconds
[2026-09-22T16:46:52.791+0000] {processor.py:161} INFO - Started process (PID=441) to work on /home/airflow/.local/lib/python3.12/site-packages/airflow/example_dags/example_short_circuit_decorator.py
[2026-09-22T16:46:52.793+0000] {processor.py:830} INFO - Processing file /home/airflow/.local/lib/python3.12/site-packages/airflow/example_dags/example_short_circuit_decorator.py for tasks to queue
[2026-09-22T16:46:52.796+0000] {logging_mixin.py:188} INFO - [2026-09-22T16:46:52.795+0000] {dagbag.py:545} INFO - Filling up the DagBag from /home/airflow/.local/lib/python3.12/site-packages/airflow/example_dags/example_short_circuit_decorator.py
[2026-09-22T16:46:52.807+0000] {processor.py:840} INFO - DAG(s) 'example_short_circuit_decorator' retrieved from /home/airflow/.local/lib/python3.12/site-packages/airflow/example_dags/example_short_circuit_decorator.py
[2026-09-22T16:46:52.840+0000] {logging_mixin.py:188} INFO - [2026-09-22T16:46:52.839+0000] {dag.py:3089} INFO - Sync 1 DAGs
[2026-09-22T16:46:52.872+0000] {logging_mixin.py:188} INFO - [2026-09-22T16:46:52.872+0000] {dag.py:3947} INFO - Setting next_dagrun for example_short_circuit_decorator to 2026-09-21 00:00:00+00:00, run_after=2026-09-22 00:00:00+00:00
[2026-09-22T16:46:52.932+0000] {processor.py:183} INFO - Processing /home/airflow/.local/lib/python3.12/site-packages/airflow/example_dags/example_short_circuit_decorator.py took 0.148 seconds
[2026-09-22T16:47:23.356+0000] {processor.py:161} INFO - Started process (PID=499) to work on /home/airflow/.local/lib/python3.12/site-packages/airflow/example_dags/example_short_circuit_decorator.py
[2026-09-22T16:47:23.358+0000] {processor.py:830} INFO - Processing file /home/airflow/.local/lib/python3.12/site-packages/airflow/example_dags/example_short_circuit_decorator.py for tasks to queue
[2026-09-22T16:47:23.361+0000] {logging_mixin.py:188} INFO - [2026-09-22T16:47:23.360+0000] {dagbag.py:545} INFO - Filling up the DagBag from /home/airflow/.local/lib/python3.12/site-packages/airflow/example_dags/example_short_circuit_decorator.py
[2026-09-22T16:47:23.376+0000] {processor.py:840} INFO - DAG(s) 'example_short_circuit_decorator' retrieved from /home/airflow/.local/lib/python3.12/site-packages/airflow/example_dags/example_short_circuit_decorator.py
[2026-09-22T16:47:23.407+0000] {logging_mixin.py:188} INFO - [2026-09-22T16:47:23.406+0000] {dag.py:3089} INFO - Sync 1 DAGs
[2026-09-22T16:47:23.441+0000] {logging_mixin.py:188} INFO - [2026-09-22T16:47:23.440+0000] {dag.py:3947} INFO - Setting next_dagrun for example_short_circuit_decorator to 2026-09-21 00:00:00+00:00, run_after=2026-09-22 00:00:00+00:00
[2026-09-22T16:47:23.494+0000] {processor.py:183} INFO - Processing /home/airflow/.local/lib/python3.12/site-packages/airflow/example_dags/example_short_circuit_decorator.py took 0.148 seconds
[2026-09-22T16:47:53.767+0000] {processor.py:161} INFO - Started process (PID=557) to work on /home/airflow/.local/lib/python3.12/site-packages/airflow/example_dags/example_short_circuit_decorator.py
[2026-09-22T16:47:53.768+0000] {processor.py:830} INFO - Processing file /home/airflow/.local/lib/python3.12/site-packages/airflow/example_dags/example_short_circuit_decorator.py for tasks to queue
[2026-09-22T16:47:53.772+0000] {logging_mixin.py:188} INFO - [2026-09-22T16:47:53.771+0000] {dagbag.py:545} INFO - Filling up the DagBag from /home/airflow/.local/lib/python3.12/site-packages/airflow/example_dags/example_short_circuit_decorator.py
[2026-09-22T16:47:53.790+0000] {processor.py:840} INFO - DAG(s) 'example_short_circuit_decorator' retrieved from /home/airflow/.local/lib/python3.12/site-packages/airflow/example_dags/example_short_circuit_decorator.py
[2026-09-22T16:47:53.832+0000] {logging_mixin.py:188} INFO - [2026-09-22T16:47:53.832+0000] {dag.py:3089} INFO - Sync 1 DAGs
[2026-09-22T16:47:53.874+0000] {logging_mixin.py:188} INFO - [2026-09-22T16:47:53.873+0000] {dag.py:3947} INFO - Setting next_dagrun for example_short_circuit_decorator to 2026-09-21 00:00:00+00:00, run_after=2026-09-22 00:00:00+00:00
[2026-09-22T16:47:53.963+0000] {processor.py:183} INFO - Processing /home/airflow/.local/lib/python3.12/site-packages/airflow/example_dags/example_short_circuit_decorator.py took 0.206 seconds
[2026-09-22T16:48:24.423+0000] {processor.py:161} INFO - Started process (PID=615) to work on /home/airflow/.local/lib/python3.12/site-packages/airflow/example_dags/example_short_circuit_decorator.py
[2026-09-22T16:48:24.424+0000] {processor.py:830} INFO - Processing file /home/airflow/.local/lib/python3.12/site-packages/airflow/example_dags/example_short_circuit_decorator.py for tasks to queue
[2026-09-22T16:48:24.427+0000] {logging_mixin.py:188} INFO - [2026-09-22T16:48:24.426+0000] {dagbag.py:545} INFO - Filling up the DagBag from /home/airflow/.local/lib/python3.12/site-packages/airflow/example_dags/example_short_circuit_decorator.py
[2026-09-22T16:48:24.441+0000] {processor.py:840} INFO - DAG(s) 'example_short_circuit_decorator' retrieved from /home/airflow/.local/lib/python3.12/site-packages/airflow/example_dags/example_short_circuit_decorator.py
[2026-09-22T16:48:24.484+0000] {logging_mixin.py:188} INFO - [2026-09-22T16:48:24.484+0000] {dag.py:3089} INFO - Sync 1 DAGs
[2026-09-22T16:48:24.533+0000] {logging_mixin.py:188} INFO - [2026-09-22T16:48:24.532+0000] {dag.py:3947} INFO - Setting next_dagrun for example_short_circuit_decorator to 2026-09-21 00:00:00+00:00, run_after=2026-09-22 00:00:00+00:00
[2026-09-22T16:48:24.623+0000] {processor.py:183} INFO - Processing /home/airflow/.local/lib/python3.12/site-packages/airflow/example_dags/example_short_circuit_decorator.py took 0.212 seconds
[2026-09-22T16:48:55.494+0000] {processor.py:161} INFO - Started process (PID=673) to work on /home/airflow/.local/lib/python3.12/site-packages/airflow/example_dags/example_short_circuit_decorator.py
[2026-09-22T16:48:55.497+0000] {processor.py:830} INFO - Processing file /home/airflow/.local/lib/python3.12/site-packages/airflow/example_dags/example_short_circuit_decorator.py for tasks to queue
[2026-09-22T16:48:55.504+0000] {logging_mixin.py:188} INFO - [2026-09-22T16:48:55.503+0000] {dagbag.py:545} INFO - Filling up the DagBag from /home/airflow/.local/lib/python3.12/site-packages/airflow/example_dags/example_short_circuit_decorator.py
[2026-09-22T16:48:55.521+0000] {processor.py:840} INFO - DAG(s) 'example_short_circuit_decorator' retrieved from /home/airflow/.local/lib/python3.12/site-packages/airflow/example_dags/example_short_circuit_decorator.py
[2026-09-22T16:48:55.555+0000] {logging_mixin.py:188} INFO - [2026-09-22T16:48:55.555+0000] {dag.py:3089} INFO - Sync 1 DAGs
[2026-09-22T16:48:55.589+0000] {logging_mixin.py:188} INFO - [2026-09-22T16:48:55.588+0000] {dag.py:3947} INFO - Setting next_dagrun for example_short_circuit_decorator to 2026-09-21 00:00:00+00:00, run_after=2026-09-22 00:00:00+00:00
[2026-09-22T16:48:55.670+0000] {processor.py:183} INFO - Processing /home/airflow/.local/lib/python3.12/site-packages/airflow/example_dags/example_short_circuit_decorator.py took 0.191 seconds
[2026-09-22T16:49:26.568+0000] {processor.py:161} INFO - Started process (PID=732) to work on /home/airflow/.local/lib/python3.12/site-packages/airflow/example_dags/example_short_circuit_decorator.py
[2026-09-22T16:49:26.569+0000] {processor.py:830} INFO - Processing file /home/airflow/.local/lib/python3.12/site-packages/airflow/example_dags/example_short_circuit_decorator.py for tasks to queue
[2026-09-22T16:49:26.572+0000] {logging_mixin.py:188} INFO - [2026-09-22T16:49:26.571+0000] {dagbag.py:545} INFO - Filling up the DagBag from /home/airflow/.local/lib/python3.12/site-packages/airflow/example_dags/example_short_circuit_decorator.py
[2026-09-22T16:49:26.587+0000] {processor.py:840} INFO - DAG(s) 'example_short_circuit_decorator' retrieved from /home/airflow/.local/lib/python3.12/site-packages/airflow/example_dags/example_short_circuit_decorator.py
[2026-09-22T16:49:26.626+0000] {logging_mixin.py:188} INFO - [2026-09-22T16:49:26.625+0000] {dag.py:3089} INFO - Sync 1 DAGs
[2026-09-22T16:49:26.684+0000] {logging_mixin.py:188} INFO - [2026-09-22T16:49:26.684+0000] {dag.py:3947} INFO - Setting next_dagrun for example_short_circuit_decorator to 2026-09-21 00:00:00+00:00, run_after=2026-09-22 00:00:00+00:00
[2026-09-22T16:49:26.751+0000] {processor.py:183} INFO - Processing /home/airflow/.local/lib/python3.12/site-packages/airflow/example_dags/example_short_circuit_decorator.py took 0.191 seconds
[2026-09-22T16:49:57.106+0000] {processor.py:161} INFO - Started process (PID=790) to work on /home/airflow/.local/lib/python3.12/site-packages/airflow/example_dags/example_short_circuit_decorator.py
[2026-09-22T16:49:57.108+0000] {processor.py:830} INFO - Processing file /home/airflow/.local/lib/python3.12/site-packages/airflow/example_dags/example_short_circuit_decorator.py for tasks to queue
[2026-09-22T16:49:57.111+0000] {logging_mixin.py:188} INFO - [2026-09-22T16:49:57.111+0000] {dagbag.py:545} INFO - Filling up the DagBag from /home/airflow/.local/lib/python3.12/site-packages/airflow/example_dags/example_short_circuit_decorator.py
[2026-09-22T16:49:57.126+0000] {processor.py:840} INFO - DAG(s) 'example_short_circuit_decorator' retrieved from /home/airflow/.local/lib/python3.12/site-packages/airflow/example_dags/example_short_circuit_decorator.py
[2026-09-22T16:49:57.172+0000] {logging_mixin.py:188} INFO - [2026-09-22T16:49:57.171+0000] {dag.py:3089} INFO - Sync 1 DAGs
[2026-09-22T16:49:57.220+0000] {logging_mixin.py:188} INFO - [2026-09-22T16:49:57.220+0000] {dag.py:3947} INFO - Setting next_dagrun for example_short_circuit_decorator to 2026-09-21 00:00:00+00:00, run_after=2026-09-22 00:00:00+00:00
[2026-09-22T16:49:57.317+0000] {processor.py:183} INFO - Processing /home/airflow/.local/lib/python3.12/site-packages/airflow/example_dags/example_short_circuit_decorator.py took 0.221 seconds
[2026-09-22T16:50:27.430+0000] {processor.py:161} INFO - Started process (PID=849) to work on /home/airflow/.local/lib/python3.12/site-packages/airflow/example_dags/example_short_circuit_decorator.py
[2026-09-22T16:50:27.432+0000] {processor.py:830} INFO - Processing file /home/airflow/.local/lib/python3.12/site-packages/airflow/example_dags/example_short_circuit_decorator.py for tasks to queue
[2026-09-22T16:50:27.435+0000] {logging_mixin.py:188} INFO - [2026-09-22T16:50:27.434+0000] {dagbag.py:545} INFO - Filling up the DagBag from /home/airflow/.local/lib/python3.12/site-packages/airflow/example_dags/example_short_circuit_decorator.py
[2026-09-22T16:50:27.446+0000] {processor.py:840} INFO - DAG(s) 'example_short_circuit_decorator' retrieved from /home/airflow/.local/lib/python3.12/site-packages/airflow/example_dags/example_short_circuit_decorator.py
[2026-09-22T16:50:27.479+0000] {logging_mixin.py:188} INFO - [2026-09-22T16:50:27.478+0000] {dag.py:3089} INFO - Sync 1 DAGs
[2026-09-22T16:50:27.508+0000] {logging_mixin.py:188} INFO - [2026-09-22T16:50:27.507+0000] {dag.py:3947} INFO - Setting next_dagrun for example_short_circuit_decorator to 2026-09-21 00:00:00+00:00, run_after=2026-09-22 00:00:00+00:00
[2026-09-22T16:50:27.535+0000] {processor.py:183} INFO - Processing /home/airflow/.local/lib/python3.12/site-packages/airflow/example_dags/example_short_circuit_decorator.py took 0.113 seconds
[2026-09-22T16:50:58.509+0000] {processor.py:161} INFO - Started process (PID=907) to work on /home/airflow/.local/lib/python3.12/site-packages/airflow/example_dags/example_short_circuit_decorator.py
[2026-09-22T16:50:58.511+0000] {processor.py:830} INFO - Processing file /home/airflow/.local/lib/python3.12/site-packages/airflow/example_dags/example_short_circuit_decorator.py for tasks to queue
[2026-09-22T16:50:58.516+0000] {logging_mixin.py:188} INFO - [2026-09-22T16:50:58.515+0000] {dagbag.py:545} INFO - Filling up the DagBag from /home/airflow/.local/lib/python3.12/site-packages/airflow/example_dags/example_short_circuit_decorator.py
[2026-09-22T16:50:58.563+0000] {processor.py:840} INFO - DAG(s) 'example_short_circuit_decorator' retrieved from /home/airflow/.local/lib/python3.12/site-packages/airflow/example_dags/example_short_circuit_decorator.py
[2026-09-22T16:50:58.696+0000] {logging_mixin.py:188} INFO - [2026-09-22T16:50:58.695+0000] {dag.py:3089} INFO - Sync 1 DAGs
[2026-09-22T16:50:58.782+0000] {logging_mixin.py:188} INFO - [2026-09-22T16:50:58.781+0000] {dag.py:3947} INFO - Setting next_dagrun for example_short_circuit_decorator to 2026-09-21 00:00:00+00:00, run_after=2026-09-22 00:00:00+00:00
[2026-09-22T16:50:58.908+0000] {processor.py:183} INFO - Processing /home/airflow/.local/lib/python3.12/site-packages/airflow/example_dags/example_short_circuit_decorator.py took 0.419 seconds
[2026-09-22T16:51:29.323+0000] {processor.py:161} INFO - Started process (PID=965) to work on /home/airflow/.local/lib/python3.12/site-packages/airflow/example_dags/example_short_circuit_decorator.py
[2026-09-22T16:51:29.325+0000] {processor.py:830} INFO - Processing file /home/airflow/.local/lib/python3.12/site-packages/airflow/example_dags/example_short_circuit_decorator.py for tasks to queue
[2026-09-22T16:51:29.331+0000] {logging_mixin.py:188} INFO - [2026-09-22T16:51:29.330+0000] {dagbag.py:545} INFO - Filling up the DagBag from /home/airflow/.local/lib/python3.12/site-packages/airflow/example_dags/example_short_circuit_decorator.py
[2026-09-22T16:51:29.360+0000] {processor.py:840} INFO - DAG(s) 'example_short_circuit_decorator' retrieved from /home/airflow/.local/lib/python3.12/site-packages/airflow/example_dags/example_short_circuit_decorator.py
[2026-09-22T16:51:29.436+0000] {logging_mixin.py:188} INFO - [2026-09-22T16:51:29.435+0000] {dag.py:3089} INFO - Sync 1 DAGs
[2026-09-22T16:51:29.494+0000] {logging_mixin.py:188} INFO - [2026-09-22T16:51:29.493+0000] {dag.py:3947} INFO - Setting next_dagrun for example_short_circuit_decorator to 2026-09-21 00:00:00+00:00, run_after=2026-09-22 00:00:00+00:00
[2026-09-22T16:51:29.549+0000] {processor.py:183} INFO - Processing /home/airflow/.local/lib/python3.12/site-packages/airflow/example_dags/example_short_circuit_decorator.py took 0.246 seconds
[2026-09-22T16:52:23.172+0000] {processor.py:161} INFO - Started process (PID=1015) to work on /home/airflow/.local/lib/python3.12/site-packages/airflow/example_dags/example_short_circuit_decorator.py
[2026-09-22T16:52:23.174+0000] {processor.py:830} INFO - Processing file /home/airflow/.local/lib/python3.12/site-packages/airflow/example_dags/example_short_circuit_decorator.py for tasks to queue
[2026-09-22T16:52:23.176+0000] {logging_mixin.py:188} INFO - [2026-09-22T16:52:23.176+0000] {dagbag.py:545} INFO - Filling up the DagBag from /home/airflow/.local/lib/python3.12/site-packages/airflow/example_dags/example_short_circuit_decorator.py
[2026-09-22T16:52:23.191+0000] {processor.py:840} INFO - DAG(s) 'example_short_circuit_decorator' retrieved from /home/airflow/.local/lib/python3.12/site-packages/airflow/example_dags/example_short_circuit_decorator.py
[2026-09-22T16:52:23.230+0000] {logging_mixin.py:188} INFO - [2026-09-22T16:52:23.229+0000] {dag.py:3089} INFO - Sync 1 DAGs
[2026-09-22T16:52:23.282+0000] {logging_mixin.py:188} INFO - [2026-09-22T16:52:23.282+0000] {dag.py:3947} INFO - Setting next_dagrun for example_short_circuit_decorator to 2026-09-21 00:00:00+00:00, run_after=2026-09-22 00:00:00+00:00
[2026-09-22T16:52:23.314+0000] {processor.py:183} INFO - Processing /home/airflow/.local/lib/python3.12/site-packages/airflow/example_dags/example_short_circuit_decorator.py took 0.153 seconds
[2026-09-22T16:52:53.518+0000] {processor.py:161} INFO - Started process (PID=1073) to work on /home/airflow/.local/lib/python3.12/site-packages/airflow/example_dags/example_short_circuit_decorator.py
[2026-09-22T16:52:53.520+0000] {processor.py:830} INFO - Processing file /home/airflow/.local/lib/python3.12/site-packages/airflow/example_dags/example_short_circuit_decorator.py for tasks to queue
[2026-09-22T16:52:53.522+0000] {logging_mixin.py:188} INFO - [2026-09-22T16:52:53.522+0000] {dagbag.py:545} INFO - Filling up the DagBag from /home/airflow/.local/lib/python3.12/site-packages/airflow/example_dags/example_short_circuit_decorator.py
[2026-09-22T16:52:53.529+0000] {processor.py:840} INFO - DAG(s) 'example_short_circuit_decorator' retrieved from /home/airflow/.local/lib/python3.12/site-packages/airflow/example_dags/example_short_circuit_decorator.py
[2026-09-22T16:52:53.551+0000] {logging_mixin.py:188} INFO - [2026-09-22T16:52:53.551+0000] {dag.py:3089} INFO - Sync 1 DAGs
[2026-09-22T16:52:53.568+0000] {logging_mixin.py:188} INFO - [2026-09-22T16:52:53.568+0000] {dag.py:3947} INFO - Setting next_dagrun for example_short_circuit_decorator to 2026-09-21 00:00:00+00:00, run_after=2026-09-22 00:00:00+00:00
[2026-09-22T16:52:53.592+0000] {processor.py:183} INFO - Processing /home/airflow/.local/lib/python3.12/site-packages/airflow/example_dags/example_short_circuit_decorator.py took 0.078 seconds
[2026-09-22T16:53:23.726+0000] {processor.py:161} INFO - Started process (PID=1131) to work on /home/airflow/.local/lib/python3.12/site-packages/airflow/example_dags/example_short_circuit_decorator.py
[2026-09-22T16:53:23.728+0000] {processor.py:830} INFO - Processing file /home/airflow/.local/lib/python3.12/site-packages/airflow/example_dags/example_short_circuit_decorator.py for tasks to queue
[2026-09-22T16:53:23.730+0000] {logging_mixin.py:188} INFO - [2026-09-22T16:53:23.730+0000] {dagbag.py:545} INFO - Filling up the DagBag from /home/airflow/.local/lib/python3.12/site-packages/airflow/example_dags/example_short_circuit_decorator.py
[2026-09-22T16:53:23.740+0000] {processor.py:840} INFO - DAG(s) 'example_short_circuit_decorator' retrieved from /home/airflow/.local/lib/python3.12/site-packages/airflow/example_dags/example_short_circuit_decorator.py
[2026-09-22T16:53:23.765+0000] {logging_mixin.py:188} INFO - [2026-09-22T16:53:23.764+0000] {dag.py:3089} INFO - Sync 1 DAGs
[2026-09-22T16:53:23.786+0000] {logging_mixin.py:188} INFO - [2026-09-22T16:53:23.786+0000] {dag.py:3947} INFO - Setting next_dagrun for example_short_circuit_decorator to 2026-09-21 00:00:00+00:00, run_after=2026-09-22 00:00:00+00:00
[2026-09-22T16:53:23.808+0000] {processor.py:183} INFO - Processing /home/airflow/.local/lib/python3.12/site-packages/airflow/example_dags/example_short_circuit_decorator.py took 0.089 seconds
[2026-09-22T16:53:53.872+0000] {processor.py:161} INFO - Started process (PID=1189) to work on /home/airflow/.local/lib/python3.12/site-packages/airflow/example_dags/example_short_circuit_decorator.py
[2026-09-22T16:53:53.873+0000] {processor.py:830} INFO - Processing file /home/airflow/.local/lib/python3.12/site-packages/airflow/example_dags/example_short_circuit_decorator.py for tasks to queue
[2026-09-22T16:53:53.875+0000] {logging_mixin.py:188} INFO - [2026-09-22T16:53:53.875+0000] {dagbag.py:545} INFO - Filling up the DagBag from /home/airflow/.local/lib/python3.12/site-packages/airflow/example_dags/example_short_circuit_decorator.py
[2026-09-22T16:53:53.882+0000] {processor.py:840} INFO - DAG(s) 'example_short_circuit_decorator' retrieved from /home/airflow/.local/lib/python3.12/site-packages/airflow/example_dags/example_short_circuit_decorator.py
[2026-09-22T16:53:53.903+0000] {logging_mixin.py:188} INFO - [2026-09-22T16:53:53.903+0000] {dag.py:3089} INFO - Sync 1 DAGs
[2026-09-22T16:53:53.919+0000] {logging_mixin.py:188} INFO - [2026-09-22T16:53:53.919+0000] {dag.py:3947} INFO - Setting next_dagrun for example_short_circuit_decorator to 2026-09-21 00:00:00+00:00, run_after=2026-09-22 00:00:00+00:00
[2026-09-22T16:53:53.940+0000] {processor.py:183} INFO - Processing /home/airflow/.local/lib/python3.12/site-packages/airflow/example_dags/example_short_circuit_decorator.py took 0.074 seconds
[2026-09-22T16:54:24.244+0000] {processor.py:161} INFO - Started process (PID=1247) to work on /home/airflow/.local/lib/python3.12/site-packages/airflow/example_dags/example_short_circuit_decorator.py
[2026-09-22T16:54:24.245+0000] {processor.py:830} INFO - Processing file /home/airflow/.local/lib/python3.12/site-packages/airflow/example_dags/example_short_circuit_decorator.py for tasks to queue
[2026-09-22T16:54:24.246+0000] {logging_mixin.py:188} INFO - [2026-09-22T16:54:24.246+0000] {dagbag.py:545} INFO - Filling up the DagBag from /home/airflow/.local/lib/python3.12/site-packages/airflow/example_dags/example_short_circuit_decorator.py
[2026-09-22T16:54:24.254+0000] {processor.py:840} INFO - DAG(s) 'example_short_circuit_decorator' retrieved from /home/airflow/.local/lib/python3.12/site-packages/airflow/example_dags/example_short_circuit_decorator.py
[2026-09-22T16:54:24.274+0000] {logging_mixin.py:188} INFO - [2026-09-22T16:54:24.273+0000] {dag.py:3089} INFO - Sync 1 DAGs
[2026-09-22T16:54:24.291+0000] {logging_mixin.py:188} INFO - [2026-09-22T16:54:24.290+0000] {dag.py:3947} INFO - Setting next_dagrun for example_short_circuit_decorator to 2026-09-21 00:00:00+00:00, run_after=2026-09-22 00:00:00+00:00
[2026-09-22T16:54:24.308+0000] {processor.py:183} INFO - Processing /home/airflow/.local/lib/python3.12/site-packages/airflow/example_dags/example_short_circuit_decorator.py took 0.069 seconds
[2026-09-22T16:54:54.655+0000] {processor.py:161} INFO - Started process (PID=1305) to work on /home/airflow/.local/lib/python3.12/site-packages/airflow/example_dags/example_short_circuit_decorator.py
[2026-09-22T16:54:54.656+0000] {processor.py:830} INFO - Processing file /home/airflow/.local/lib/python3.12/site-packages/airflow/example_dags/example_short_circuit_decorator.py for tasks to queue
[2026-09-22T16:54:54.659+0000] {logging_mixin.py:188} INFO - [2026-09-22T16:54:54.659+0000] {dagbag.py:545} INFO - Filling up the DagBag from /home/airflow/.local/lib/python3.12/site-packages/airflow/example_dags/example_short_circuit_decorator.py
[2026-09-22T16:54:54.669+0000] {processor.py:840} INFO - DAG(s) 'example_short_circuit_decorator' retrieved from /home/airflow/.local/lib/python3.12/site-packages/airflow/example_dags/example_short_circuit_decorator.py
[2026-09-22T16:54:54.708+0000] {logging_mixin.py:188} INFO - [2026-09-22T16:54:54.707+0000] {dag.py:3089} INFO - Sync 1 DAGs
[2026-09-22T16:54:54.731+0000] {logging_mixin.py:188} INFO - [2026-09-22T16:54:54.731+0000] {dag.py:3947} INFO - Setting next_dagrun for example_short_circuit_decorator to 2026-09-21 00:00:00+00:00, run_after=2026-09-22 00:00:00+00:00
[2026-09-22T16:54:54.753+0000] {processor.py:183} INFO - Processing /home/airflow/.local/lib/python3.12/site-packages/airflow/example_dags/example_short_circuit_decorator.py took 0.105 seconds
[2026-09-22T16:55:25.097+0000] {processor.py:161} INFO - Started process (PID=1363) to work on /home/airflow/.local/lib/python3.12/site-packages/airflow/example_dags/example_short_circuit_decorator.py
[2026-09-22T16:55:25.098+0000] {processor.py:830} INFO - Processing file /home/airflow/.local/lib/python3.12/site-packages/airflow/example_dags/example_short_circuit_decorator.py for tasks to queue
[2026-09-22T16:55:25.100+0000] {logging_mixin.py:188} INFO - [2026-09-22T16:55:25.099+0000] {dagbag.py:545} INFO - Filling up the DagBag from /home/airflow/.local/lib/python3.12/site-packages/airflow/example_dags/example_short_circuit_decorator.py
[2026-09-22T16:55:25.109+0000] {processor.py:840} INFO - DAG(s) 'example_short_circuit_decorator' retrieved from /home/airflow/.local/lib/python3.12/site-packages/airflow/example_dags/example_short_circuit_decorator.py
[2026-09-22T16:55:25.129+0000] {logging_mixin.py:188} INFO - [2026-09-22T16:55:25.129+0000] {dag.py:3089} INFO - Sync 1 DAGs
[2026-09-22T16:55:25.152+0000] {logging_mixin.py:188} INFO - [2026-09-22T16:55:25.151+0000] {dag.py:3947} INFO - Setting next_dagrun for example_short_circuit_decorator to 2026-09-21 00:00:00+00:00, run_after=2026-09-22 00:00:00+00:00
[2026-09-22T16:55:25.178+0000] {processor.py:183} INFO - Processing /home/airflow/.local/lib/python3.12/site-packages/airflow/example_dags/example_short_circuit_decorator.py took 0.086 seconds
[2026-09-22T16:55:55.572+0000] {processor.py:161} INFO - Started process (PID=1421) to work on /home/airflow/.local/lib/python3.12/site-packages/airflow/example_dags/example_short_circuit_decorator.py
[2026-09-22T16:55:55.573+0000] {processor.py:830} INFO - Processing file /home/airflow/.local/lib/python3.12/site-packages/airflow/example_dags/example_short_circuit_decorator.py for tasks to queue
[2026-09-22T16:55:55.575+0000] {logging_mixin.py:188} INFO - [2026-09-22T16:55:55.575+0000] {dagbag.py:545} INFO - Filling up the DagBag from /home/airflow/.local/lib/python3.12/site-packages/airflow/example_dags/example_short_circuit_decorator.py
[2026-09-22T16:55:55.583+0000] {processor.py:840} INFO - DAG(s) 'example_short_circuit_decorator' retrieved from /home/airflow/.local/lib/python3.12/site-packages/airflow/example_dags/example_short_circuit_decorator.py
[2026-09-22T16:55:55.607+0000] {logging_mixin.py:188} INFO - [2026-09-22T16:55:55.607+0000] {dag.py:3089} INFO - Sync 1 DAGs
[2026-09-22T16:55:55.629+0000] {logging_mixin.py:188} INFO - [2026-09-22T16:55:55.629+0000] {dag.py:3947} INFO - Setting next_dagrun for example_short_circuit_decorator to 2026-09-21 00:00:00+00:00, run_after=2026-09-22 00:00:00+00:00
[2026-09-22T16:55:55.652+0000] {processor.py:183} INFO - Processing /home/airflow/.local/lib/python3.12/site-packages/airflow/example_dags/example_short_circuit_decorator.py took 0.086 seconds
[2026-09-22T16:56:26.487+0000] {processor.py:161} INFO - Started process (PID=1485) to work on /home/airflow/.local/lib/python3.12/site-packages/airflow/example_dags/example_short_circuit_decorator.py
[2026-09-22T16:56:26.488+0000] {processor.py:830} INFO - Processing file /home/airflow/.local/lib/python3.12/site-packages/airflow/example_dags/example_short_circuit_decorator.py for tasks to queue
[2026-09-22T16:56:26.491+0000] {logging_mixin.py:188} INFO - [2026-09-22T16:56:26.490+0000] {dagbag.py:545} INFO - Filling up the DagBag from /home/airflow/.local/lib/python3.12/site-packages/airflow/example_dags/example_short_circuit_decorator.py
[2026-09-22T16:56:26.499+0000] {processor.py:840} INFO - DAG(s) 'example_short_circuit_decorator' retrieved from /home/airflow/.local/lib/python3.12/site-packages/airflow/example_dags/example_short_circuit_decorator.py
[2026-09-22T16:56:26.521+0000] {logging_mixin.py:188} INFO - [2026-09-22T16:56:26.521+0000] {dag.py:3089} INFO - Sync 1 DAGs
[2026-09-22T16:56:26.543+0000] {logging_mixin.py:188} INFO - [2026-09-22T16:56:26.543+0000] {dag.py:3947} INFO - Setting next_dagrun for example_short_circuit_decorator to 2026-09-21 00:00:00+00:00, run_after=2026-09-22 00:00:00+00:00
[2026-09-22T16:56:26.563+0000] {processor.py:183} INFO - Processing /home/airflow/.local/lib/python3.12/site-packages/airflow/example_dags/example_short_circuit_decorator.py took 0.083 seconds
[2026-09-22T16:58:04.074+0000] {processor.py:161} INFO - Started process (PID=105) to work on /home/airflow/.local/lib/python3.12/site-packages/airflow/example_dags/example_short_circuit_decorator.py
[2026-09-22T16:58:04.076+0000] {processor.py:830} INFO - Processing file /home/airflow/.local/lib/python3.12/site-packages/airflow/example_dags/example_short_circuit_decorator.py for tasks to queue
[2026-09-22T16:58:04.079+0000] {logging_mixin.py:188} INFO - [2026-09-22T16:58:04.078+0000] {dagbag.py:545} INFO - Filling up the DagBag from /home/airflow/.local/lib/python3.12/site-packages/airflow/example_dags/example_short_circuit_decorator.py
[2026-09-22T16:58:04.091+0000] {processor.py:840} INFO - DAG(s) 'example_short_circuit_decorator' retrieved from /home/airflow/.local/lib/python3.12/site-packages/airflow/example_dags/example_short_circuit_decorator.py
[2026-09-22T16:58:04.244+0000] {logging_mixin.py:188} INFO - [2026-09-22T16:58:04.244+0000] {dag.py:3089} INFO - Sync 1 DAGs
[2026-09-22T16:58:04.271+0000] {logging_mixin.py:188} INFO - [2026-09-22T16:58:04.271+0000] {dag.py:3947} INFO - Setting next_dagrun for example_short_circuit_decorator to 2026-09-21 00:00:00+00:00, run_after=2026-09-22 00:00:00+00:00
[2026-09-22T16:58:04.305+0000] {processor.py:183} INFO - Processing /home/airflow/.local/lib/python3.12/site-packages/airflow/example_dags/example_short_circuit_decorator.py took 0.240 seconds
[2026-09-22T16:58:35.314+0000] {processor.py:161} INFO - Started process (PID=163) to work on /home/airflow/.local/lib/python3.12/site-packages/airflow/example_dags/example_short_circuit_decorator.py
[2026-09-22T16:58:35.315+0000] {processor.py:830} INFO - Processing file /home/airflow/.local/lib/python3.12/site-packages/airflow/example_dags/example_short_circuit_decorator.py for tasks to queue
[2026-09-22T16:58:35.317+0000] {logging_mixin.py:188} INFO - [2026-09-22T16:58:35.317+0000] {dagbag.py:545} INFO - Filling up the DagBag from /home/airflow/.local/lib/python3.12/site-packages/airflow/example_dags/example_short_circuit_decorator.py
[2026-09-22T16:58:35.325+0000] {processor.py:840} INFO - DAG(s) 'example_short_circuit_decorator' retrieved from /home/airflow/.local/lib/python3.12/site-packages/airflow/example_dags/example_short_circuit_decorator.py
[2026-09-22T16:58:35.347+0000] {logging_mixin.py:188} INFO - [2026-09-22T16:58:35.347+0000] {dag.py:3089} INFO - Sync 1 DAGs
[2026-09-22T16:58:35.366+0000] {logging_mixin.py:188} INFO - [2026-09-22T16:58:35.365+0000] {dag.py:3947} INFO - Setting next_dagrun for example_short_circuit_decorator to 2026-09-21 00:00:00+00:00, run_after=2026-09-22 00:00:00+00:00
[2026-09-22T16:58:35.391+0000] {processor.py:183} INFO - Processing /home/airflow/.local/lib/python3.12/site-packages/airflow/example_dags/example_short_circuit_decorator.py took 0.082 seconds
[2026-09-22T16:59:06.275+0000] {processor.py:161} INFO - Started process (PID=221) to work on /home/airflow/.local/lib/python3.12/site-packages/airflow/example_dags/example_short_circuit_decorator.py
[2026-09-22T16:59:06.276+0000] {processor.py:830} INFO - Processing file /home/airflow/.local/lib/python3.12/site-packages/airflow/example_dags/example_short_circuit_decorator.py for tasks to queue
[2026-09-22T16:59:06.278+0000] {logging_mixin.py:188} INFO - [2026-09-22T16:59:06.278+0000] {dagbag.py:545} INFO - Filling up the DagBag from /home/airflow/.local/lib/python3.12/site-packages/airflow/example_dags/example_short_circuit_decorator.py
[2026-09-22T16:59:06.286+0000] {processor.py:840} INFO - DAG(s) 'example_short_circuit_decorator' retrieved from /home/airflow/.local/lib/python3.12/site-packages/airflow/example_dags/example_short_circuit_decorator.py
[2026-09-22T16:59:06.307+0000] {logging_mixin.py:188} INFO - [2026-09-22T16:59:06.307+0000] {dag.py:3089} INFO - Sync 1 DAGs
[2026-09-22T16:59:06.326+0000] {logging_mixin.py:188} INFO - [2026-09-22T16:59:06.326+0000] {dag.py:3947} INFO - Setting next_dagrun for example_short_circuit_decorator to 2026-09-21 00:00:00+00:00, run_after=2026-09-22 00:00:00+00:00
[2026-09-22T16:59:06.356+0000] {processor.py:183} INFO - Processing /home/airflow/.local/lib/python3.12/site-packages/airflow/example_dags/example_short_circuit_decorator.py took 0.087 seconds
[2026-09-22T16:59:36.679+0000] {processor.py:161} INFO - Started process (PID=279) to work on /home/airflow/.local/lib/python3.12/site-packages/airflow/example_dags/example_short_circuit_decorator.py
[2026-09-22T16:59:36.680+0000] {processor.py:830} INFO - Processing file /home/airflow/.local/lib/python3.12/site-packages/airflow/example_dags/example_short_circuit_decorator.py for tasks to queue
[2026-09-22T16:59:36.690+0000] {logging_mixin.py:188} INFO - [2026-09-22T16:59:36.690+0000] {dagbag.py:545} INFO - Filling up the DagBag from /home/airflow/.local/lib/python3.12/site-packages/airflow/example_dags/example_short_circuit_decorator.py
[2026-09-22T16:59:36.703+0000] {processor.py:840} INFO - DAG(s) 'example_short_circuit_decorator' retrieved from /home/airflow/.local/lib/python3.12/site-packages/airflow/example_dags/example_short_circuit_decorator.py
[2026-09-22T16:59:36.729+0000] {logging_mixin.py:188} INFO - [2026-09-22T16:59:36.729+0000] {dag.py:3089} INFO - Sync 1 DAGs
[2026-09-22T16:59:36.747+0000] {logging_mixin.py:188} INFO - [2026-09-22T16:59:36.747+0000] {dag.py:3947} INFO - Setting next_dagrun for example_short_circuit_decorator to 2026-09-21 00:00:00+00:00, run_after=2026-09-22 00:00:00+00:00
[2026-09-22T16:59:36.771+0000] {processor.py:183} INFO - Processing /home/airflow/.local/lib/python3.12/site-packages/airflow/example_dags/example_short_circuit_decorator.py took 0.100 seconds
[2026-09-22T17:00:06.921+0000] {processor.py:161} INFO - Started process (PID=337) to work on /home/airflow/.local/lib/python3.12/site-packages/airflow/example_dags/example_short_circuit_decorator.py
[2026-09-22T17:00:06.923+0000] {processor.py:830} INFO - Processing file /home/airflow/.local/lib/python3.12/site-packages/airflow/example_dags/example_short_circuit_decorator.py for tasks to queue
[2026-09-22T17:00:06.926+0000] {logging_mixin.py:188} INFO - [2026-09-22T17:00:06.926+0000] {dagbag.py:545} INFO - Filling up the DagBag from /home/airflow/.local/lib/python3.12/site-packages/airflow/example_dags/example_short_circuit_decorator.py
[2026-09-22T17:00:06.940+0000] {processor.py:840} INFO - DAG(s) 'example_short_circuit_decorator' retrieved from /home/airflow/.local/lib/python3.12/site-packages/airflow/example_dags/example_short_circuit_decorator.py
[2026-09-22T17:00:06.977+0000] {logging_mixin.py:188} INFO - [2026-09-22T17:00:06.977+0000] {dag.py:3089} INFO - Sync 1 DAGs
[2026-09-22T17:00:07.008+0000] {logging_mixin.py:188} INFO - [2026-09-22T17:00:07.008+0000] {dag.py:3947} INFO - Setting next_dagrun for example_short_circuit_decorator to 2026-09-21 00:00:00+00:00, run_after=2026-09-22 00:00:00+00:00
[2026-09-22T17:00:07.037+0000] {processor.py:183} INFO - Processing /home/airflow/.local/lib/python3.12/site-packages/airflow/example_dags/example_short_circuit_decorator.py took 0.126 seconds
[2026-09-22T17:00:37.497+0000] {processor.py:161} INFO - Started process (PID=395) to work on /home/airflow/.local/lib/python3.12/site-packages/airflow/example_dags/example_short_circuit_decorator.py
[2026-09-22T17:00:37.498+0000] {processor.py:830} INFO - Processing file /home/airflow/.local/lib/python3.12/site-packages/airflow/example_dags/example_short_circuit_decorator.py for tasks to queue
[2026-09-22T17:00:37.501+0000] {logging_mixin.py:188} INFO - [2026-09-22T17:00:37.501+0000] {dagbag.py:545} INFO - Filling up the DagBag from /home/airflow/.local/lib/python3.12/site-packages/airflow/example_dags/example_short_circuit_decorator.py
[2026-09-22T17:00:37.512+0000] {processor.py:840} INFO - DAG(s) 'example_short_circuit_decorator' retrieved from /home/airflow/.local/lib/python3.12/site-packages/airflow/example_dags/example_short_circuit_decorator.py
[2026-09-22T17:00:37.543+0000] {logging_mixin.py:188} INFO - [2026-09-22T17:00:37.543+0000] {dag.py:3089} INFO - Sync 1 DAGs
[2026-09-22T17:00:37.569+0000] {logging_mixin.py:188} INFO - [2026-09-22T17:00:37.568+0000] {dag.py:3947} INFO - Setting next_dagrun for example_short_circuit_decorator to 2026-09-21 00:00:00+00:00, run_after=2026-09-22 00:00:00+00:00
[2026-09-22T17:00:37.592+0000] {processor.py:183} INFO - Processing /home/airflow/.local/lib/python3.12/site-packages/airflow/example_dags/example_short_circuit_decorator.py took 0.101 seconds
[2026-09-22T17:01:08.025+0000] {processor.py:161} INFO - Started process (PID=453) to work on /home/airflow/.local/lib/python3.12/site-packages/airflow/example_dags/example_short_circuit_decorator.py
[2026-09-22T17:01:08.026+0000] {processor.py:830} INFO - Processing file /home/airflow/.local/lib/python3.12/site-packages/airflow/example_dags/example_short_circuit_decorator.py for tasks to queue
[2026-09-22T17:01:08.029+0000] {logging_mixin.py:188} INFO - [2026-09-22T17:01:08.029+0000] {dagbag.py:545} INFO - Filling up the DagBag from /home/airflow/.local/lib/python3.12/site-packages/airflow/example_dags/example_short_circuit_decorator.py
[2026-09-22T17:01:08.042+0000] {processor.py:840} INFO - DAG(s) 'example_short_circuit_decorator' retrieved from /home/airflow/.local/lib/python3.12/site-packages/airflow/example_dags/example_short_circuit_decorator.py
[2026-09-22T17:01:08.077+0000] {logging_mixin.py:188} INFO - [2026-09-22T17:01:08.076+0000] {dag.py:3089} INFO - Sync 1 DAGs
[2026-09-22T17:01:08.102+0000] {logging_mixin.py:188} INFO - [2026-09-22T17:01:08.102+0000] {dag.py:3947} INFO - Setting next_dagrun for example_short_circuit_decorator to 2026-09-21 00:00:00+00:00, run_after=2026-09-22 00:00:00+00:00
[2026-09-22T17:01:08.122+0000] {processor.py:183} INFO - Processing /home/airflow/.local/lib/python3.12/site-packages/airflow/example_dags/example_short_circuit_decorator.py took 0.105 seconds
[2026-09-22T17:01:38.599+0000] {processor.py:161} INFO - Started process (PID=511) to work on /home/airflow/.local/lib/python3.12/site-packages/airflow/example_dags/example_short_circuit_decorator.py
[2026-09-22T17:01:38.600+0000] {processor.py:830} INFO - Processing file /home/airflow/.local/lib/python3.12/site-packages/airflow/example_dags/example_short_circuit_decorator.py for tasks to queue
[2026-09-22T17:01:38.604+0000] {logging_mixin.py:188} INFO - [2026-09-22T17:01:38.603+0000] {dagbag.py:545} INFO - Filling up the DagBag from /home/airflow/.local/lib/python3.12/site-packages/airflow/example_dags/example_short_circuit_decorator.py
[2026-09-22T17:01:38.612+0000] {processor.py:840} INFO - DAG(s) 'example_short_circuit_decorator' retrieved from /home/airflow/.local/lib/python3.12/site-packages/airflow/example_dags/example_short_circuit_decorator.py
[2026-09-22T17:01:38.634+0000] {logging_mixin.py:188} INFO - [2026-09-22T17:01:38.634+0000] {dag.py:3089} INFO - Sync 1 DAGs
[2026-09-22T17:01:38.654+0000] {logging_mixin.py:188} INFO - [2026-09-22T17:01:38.654+0000] {dag.py:3947} INFO - Setting next_dagrun for example_short_circuit_decorator to 2026-09-21 00:00:00+00:00, run_after=2026-09-22 00:00:00+00:00
[2026-09-22T17:01:38.676+0000] {processor.py:183} INFO - Processing /home/airflow/.local/lib/python3.12/site-packages/airflow/example_dags/example_short_circuit_decorator.py took 0.083 seconds
[2026-09-22T17:02:09.618+0000] {processor.py:161} INFO - Started process (PID=569) to work on /home/airflow/.local/lib/python3.12/site-packages/airflow/example_dags/example_short_circuit_decorator.py
[2026-09-22T17:02:09.620+0000] {processor.py:830} INFO - Processing file /home/airflow/.local/lib/python3.12/site-packages/airflow/example_dags/example_short_circuit_decorator.py for tasks to queue
[2026-09-22T17:02:09.621+0000] {logging_mixin.py:188} INFO - [2026-09-22T17:02:09.621+0000] {dagbag.py:545} INFO - Filling up the DagBag from /home/airflow/.local/lib/python3.12/site-packages/airflow/example_dags/example_short_circuit_decorator.py
[2026-09-22T17:02:09.629+0000] {processor.py:840} INFO - DAG(s) 'example_short_circuit_decorator' retrieved from /home/airflow/.local/lib/python3.12/site-packages/airflow/example_dags/example_short_circuit_decorator.py
[2026-09-22T17:02:09.650+0000] {logging_mixin.py:188} INFO - [2026-09-22T17:02:09.649+0000] {dag.py:3089} INFO - Sync 1 DAGs
[2026-09-22T17:02:09.668+0000] {logging_mixin.py:188} INFO - [2026-09-22T17:02:09.668+0000] {dag.py:3947} INFO - Setting next_dagrun for example_short_circuit_decorator to 2026-09-21 00:00:00+00:00, run_after=2026-09-22 00:00:00+00:00
[2026-09-22T17:02:09.694+0000] {processor.py:183} INFO - Processing /home/airflow/.local/lib/python3.12/site-packages/airflow/example_dags/example_short_circuit_decorator.py took 0.081 seconds
[2026-09-22T17:03:32.773+0000] {processor.py:161} INFO - Started process (PID=103) to work on /home/airflow/.local/lib/python3.12/site-packages/airflow/example_dags/example_short_circuit_decorator.py
[2026-09-22T17:03:32.775+0000] {processor.py:830} INFO - Processing file /home/airflow/.local/lib/python3.12/site-packages/airflow/example_dags/example_short_circuit_decorator.py for tasks to queue
[2026-09-22T17:03:32.778+0000] {logging_mixin.py:188} INFO - [2026-09-22T17:03:32.778+0000] {dagbag.py:545} INFO - Filling up the DagBag from /home/airflow/.local/lib/python3.12/site-packages/airflow/example_dags/example_short_circuit_decorator.py
[2026-09-22T17:03:32.792+0000] {processor.py:840} INFO - DAG(s) 'example_short_circuit_decorator' retrieved from /home/airflow/.local/lib/python3.12/site-packages/airflow/example_dags/example_short_circuit_decorator.py
[2026-09-22T17:03:32.933+0000] {logging_mixin.py:188} INFO - [2026-09-22T17:03:32.932+0000] {dag.py:3089} INFO - Sync 1 DAGs
[2026-09-22T17:03:32.959+0000] {logging_mixin.py:188} INFO - [2026-09-22T17:03:32.959+0000] {dag.py:3947} INFO - Setting next_dagrun for example_short_circuit_decorator to 2026-09-21 00:00:00+00:00, run_after=2026-09-22 00:00:00+00:00
[2026-09-22T17:03:32.990+0000] {processor.py:183} INFO - Processing /home/airflow/.local/lib/python3.12/site-packages/airflow/example_dags/example_short_circuit_decorator.py took 0.227 seconds
[2026-09-22T17:04:03.791+0000] {processor.py:161} INFO - Started process (PID=161) to work on /home/airflow/.local/lib/python3.12/site-packages/airflow/example_dags/example_short_circuit_decorator.py
[2026-09-22T17:04:03.792+0000] {processor.py:830} INFO - Processing file /home/airflow/.local/lib/python3.12/site-packages/airflow/example_dags/example_short_circuit_decorator.py for tasks to queue
[2026-09-22T17:04:03.794+0000] {logging_mixin.py:188} INFO - [2026-09-22T17:04:03.793+0000] {dagbag.py:545} INFO - Filling up the DagBag from /home/airflow/.local/lib/python3.12/site-packages/airflow/example_dags/example_short_circuit_decorator.py
[2026-09-22T17:04:03.802+0000] {processor.py:840} INFO - DAG(s) 'example_short_circuit_decorator' retrieved from /home/airflow/.local/lib/python3.12/site-packages/airflow/example_dags/example_short_circuit_decorator.py
[2026-09-22T17:04:03.823+0000] {logging_mixin.py:188} INFO - [2026-09-22T17:04:03.822+0000] {dag.py:3089} INFO - Sync 1 DAGs
[2026-09-22T17:04:03.839+0000] {logging_mixin.py:188} INFO - [2026-09-22T17:04:03.839+0000] {dag.py:3947} INFO - Setting next_dagrun for example_short_circuit_decorator to 2026-09-21 00:00:00+00:00, run_after=2026-09-22 00:00:00+00:00
[2026-09-22T17:04:03.861+0000] {processor.py:183} INFO - Processing /home/airflow/.local/lib/python3.12/site-packages/airflow/example_dags/example_short_circuit_decorator.py took 0.077 seconds
[2026-09-22T17:04:34.626+0000] {processor.py:161} INFO - Started process (PID=219) to work on /home/airflow/.local/lib/python3.12/site-packages/airflow/example_dags/example_short_circuit_decorator.py
[2026-09-22T17:04:34.627+0000] {processor.py:830} INFO - Processing file /home/airflow/.local/lib/python3.12/site-packages/airflow/example_dags/example_short_circuit_decorator.py for tasks to queue
[2026-09-22T17:04:34.629+0000] {logging_mixin.py:188} INFO - [2026-09-22T17:04:34.629+0000] {dagbag.py:545} INFO - Filling up the DagBag from /home/airflow/.local/lib/python3.12/site-packages/airflow/example_dags/example_short_circuit_decorator.py
[2026-09-22T17:04:34.638+0000] {processor.py:840} INFO - DAG(s) 'example_short_circuit_decorator' retrieved from /home/airflow/.local/lib/python3.12/site-packages/airflow/example_dags/example_short_circuit_decorator.py
[2026-09-22T17:04:34.659+0000] {logging_mixin.py:188} INFO - [2026-09-22T17:04:34.659+0000] {dag.py:3089} INFO - Sync 1 DAGs
[2026-09-22T17:04:34.678+0000] {logging_mixin.py:188} INFO - [2026-09-22T17:04:34.678+0000] {dag.py:3947} INFO - Setting next_dagrun for example_short_circuit_decorator to 2026-09-21 00:00:00+00:00, run_after=2026-09-22 00:00:00+00:00
[2026-09-22T17:04:34.699+0000] {processor.py:183} INFO - Processing /home/airflow/.local/lib/python3.12/site-packages/airflow/example_dags/example_short_circuit_decorator.py took 0.079 seconds
[2026-09-22T17:05:05.555+0000] {processor.py:161} INFO - Started process (PID=277) to work on /home/airflow/.local/lib/python3.12/site-packages/airflow/example_dags/example_short_circuit_decorator.py
[2026-09-22T17:05:05.556+0000] {processor.py:830} INFO - Processing file /home/airflow/.local/lib/python3.12/site-packages/airflow/example_dags/example_short_circuit_decorator.py for tasks to queue
[2026-09-22T17:05:05.559+0000] {logging_mixin.py:188} INFO - [2026-09-22T17:05:05.558+0000] {dagbag.py:545} INFO - Filling up the DagBag from /home/airflow/.local/lib/python3.12/site-packages/airflow/example_dags/example_short_circuit_decorator.py
[2026-09-22T17:05:05.569+0000] {processor.py:840} INFO - DAG(s) 'example_short_circuit_decorator' retrieved from /home/airflow/.local/lib/python3.12/site-packages/airflow/example_dags/example_short_circuit_decorator.py
[2026-09-22T17:05:05.594+0000] {logging_mixin.py:188} INFO - [2026-09-22T17:05:05.594+0000] {dag.py:3089} INFO - Sync 1 DAGs
[2026-09-22T17:05:05.615+0000] {logging_mixin.py:188} INFO - [2026-09-22T17:05:05.614+0000] {dag.py:3947} INFO - Setting next_dagrun for example_short_circuit_decorator to 2026-09-21 00:00:00+00:00, run_after=2026-09-22 00:00:00+00:00
[2026-09-22T17:05:05.636+0000] {processor.py:183} INFO - Processing /home/airflow/.local/lib/python3.12/site-packages/airflow/example_dags/example_short_circuit_decorator.py took 0.091 seconds
[2026-09-22T17:05:35.847+0000] {processor.py:161} INFO - Started process (PID=335) to work on /home/airflow/.local/lib/python3.12/site-packages/airflow/example_dags/example_short_circuit_decorator.py
[2026-09-22T17:05:35.849+0000] {processor.py:830} INFO - Processing file /home/airflow/.local/lib/python3.12/site-packages/airflow/example_dags/example_short_circuit_decorator.py for tasks to queue
[2026-09-22T17:05:35.851+0000] {logging_mixin.py:188} INFO - [2026-09-22T17:05:35.851+0000] {dagbag.py:545} INFO - Filling up the DagBag from /home/airflow/.local/lib/python3.12/site-packages/airflow/example_dags/example_short_circuit_decorator.py
[2026-09-22T17:05:35.862+0000] {processor.py:840} INFO - DAG(s) 'example_short_circuit_decorator' retrieved from /home/airflow/.local/lib/python3.12/site-packages/airflow/example_dags/example_short_circuit_decorator.py
[2026-09-22T17:05:35.895+0000] {logging_mixin.py:188} INFO - [2026-09-22T17:05:35.895+0000] {dag.py:3089} INFO - Sync 1 DAGs
[2026-09-22T17:05:35.927+0000] {logging_mixin.py:188} INFO - [2026-09-22T17:05:35.927+0000] {dag.py:3947} INFO - Setting next_dagrun for example_short_circuit_decorator to 2026-09-21 00:00:00+00:00, run_after=2026-09-22 00:00:00+00:00
[2026-09-22T17:05:35.952+0000] {processor.py:183} INFO - Processing /home/airflow/.local/lib/python3.12/site-packages/airflow/example_dags/example_short_circuit_decorator.py took 0.111 seconds
[2026-09-22T17:06:06.094+0000] {processor.py:161} INFO - Started process (PID=393) to work on /home/airflow/.local/lib/python3.12/site-packages/airflow/example_dags/example_short_circuit_decorator.py
[2026-09-22T17:06:06.095+0000] {processor.py:830} INFO - Processing file /home/airflow/.local/lib/python3.12/site-packages/airflow/example_dags/example_short_circuit_decorator.py for tasks to queue
[2026-09-22T17:06:06.097+0000] {logging_mixin.py:188} INFO - [2026-09-22T17:06:06.097+0000] {dagbag.py:545} INFO - Filling up the DagBag from /home/airflow/.local/lib/python3.12/site-packages/airflow/example_dags/example_short_circuit_decorator.py
[2026-09-22T17:06:06.106+0000] {processor.py:840} INFO - DAG(s) 'example_short_circuit_decorator' retrieved from /home/airflow/.local/lib/python3.12/site-packages/airflow/example_dags/example_short_circuit_decorator.py
[2026-09-22T17:06:06.134+0000] {logging_mixin.py:188} INFO - [2026-09-22T17:06:06.133+0000] {dag.py:3089} INFO - Sync 1 DAGs
[2026-09-22T17:06:06.160+0000] {logging_mixin.py:188} INFO - [2026-09-22T17:06:06.160+0000] {dag.py:3947} INFO - Setting next_dagrun for example_short_circuit_decorator to 2026-09-21 00:00:00+00:00, run_after=2026-09-22 00:00:00+00:00
[2026-09-22T17:06:06.184+0000] {processor.py:183} INFO - Processing /home/airflow/.local/lib/python3.12/site-packages/airflow/example_dags/example_short_circuit_decorator.py took 0.095 seconds
[2026-09-22T17:06:36.347+0000] {processor.py:161} INFO - Started process (PID=451) to work on /home/airflow/.local/lib/python3.12/site-packages/airflow/example_dags/example_short_circuit_decorator.py
[2026-09-22T17:06:36.348+0000] {processor.py:830} INFO - Processing file /home/airflow/.local/lib/python3.12/site-packages/airflow/example_dags/example_short_circuit_decorator.py for tasks to queue
[2026-09-22T17:06:36.350+0000] {logging_mixin.py:188} INFO - [2026-09-22T17:06:36.349+0000] {dagbag.py:545} INFO - Filling up the DagBag from /home/airflow/.local/lib/python3.12/site-packages/airflow/example_dags/example_short_circuit_decorator.py
[2026-09-22T17:06:36.358+0000] {processor.py:840} INFO - DAG(s) 'example_short_circuit_decorator' retrieved from /home/airflow/.local/lib/python3.12/site-packages/airflow/example_dags/example_short_circuit_decorator.py
[2026-09-22T17:06:36.377+0000] {logging_mixin.py:188} INFO - [2026-09-22T17:06:36.376+0000] {dag.py:3089} INFO - Sync 1 DAGs
[2026-09-22T17:06:36.397+0000] {logging_mixin.py:188} INFO - [2026-09-22T17:06:36.397+0000] {dag.py:3947} INFO - Setting next_dagrun for example_short_circuit_decorator to 2026-09-21 00:00:00+00:00, run_after=2026-09-22 00:00:00+00:00
[2026-09-22T17:06:36.417+0000] {processor.py:183} INFO - Processing /home/airflow/.local/lib/python3.12/site-packages/airflow/example_dags/example_short_circuit_decorator.py took 0.075 seconds
[2026-09-22T17:07:07.124+0000] {processor.py:161} INFO - Started process (PID=509) to work on /home/airflow/.local/lib/python3.12/site-packages/airflow/example_dags/example_short_circuit_decorator.py
[2026-09-22T17:07:07.125+0000] {processor.py:830} INFO - Processing file /home/airflow/.local/lib/python3.12/site-packages/airflow/example_dags/example_short_circuit_decorator.py for tasks to queue
[2026-09-22T17:07:07.127+0000] {logging_mixin.py:188} INFO - [2026-09-22T17:07:07.127+0000] {dagbag.py:545} INFO - Filling up the DagBag from /home/airflow/.local/lib/python3.12/site-packages/airflow/example_dags/example_short_circuit_decorator.py
[2026-09-22T17:07:07.136+0000] {processor.py:840} INFO - DAG(s) 'example_short_circuit_decorator' retrieved from /home/airflow/.local/lib/python3.12/site-packages/airflow/example_dags/example_short_circuit_decorator.py
[2026-09-22T17:07:07.158+0000] {logging_mixin.py:188} INFO - [2026-09-22T17:07:07.158+0000] {dag.py:3089} INFO - Sync 1 DAGs
[2026-09-22T17:07:07.186+0000] {logging_mixin.py:188} INFO - [2026-09-22T17:07:07.186+0000] {dag.py:3947} INFO - Setting next_dagrun for example_short_circuit_decorator to 2026-09-21 00:00:00+00:00, run_after=2026-09-22 00:00:00+00:00
[2026-09-22T17:07:07.210+0000] {processor.py:183} INFO - Processing /home/airflow/.local/lib/python3.12/site-packages/airflow/example_dags/example_short_circuit_decorator.py took 0.091 seconds
[2026-09-22T17:07:37.810+0000] {processor.py:161} INFO - Started process (PID=567) to work on /home/airflow/.local/lib/python3.12/site-packages/airflow/example_dags/example_short_circuit_decorator.py
[2026-09-22T17:07:37.811+0000] {processor.py:830} INFO - Processing file /home/airflow/.local/lib/python3.12/site-packages/airflow/example_dags/example_short_circuit_decorator.py for tasks to queue
[2026-09-22T17:07:37.813+0000] {logging_mixin.py:188} INFO - [2026-09-22T17:07:37.812+0000] {dagbag.py:545} INFO - Filling up the DagBag from /home/airflow/.local/lib/python3.12/site-packages/airflow/example_dags/example_short_circuit_decorator.py
[2026-09-22T17:07:37.821+0000] {processor.py:840} INFO - DAG(s) 'example_short_circuit_decorator' retrieved from /home/airflow/.local/lib/python3.12/site-packages/airflow/example_dags/example_short_circuit_decorator.py
[2026-09-22T17:07:37.840+0000] {logging_mixin.py:188} INFO - [2026-09-22T17:07:37.840+0000] {dag.py:3089} INFO - Sync 1 DAGs
[2026-09-22T17:07:37.858+0000] {logging_mixin.py:188} INFO - [2026-09-22T17:07:37.858+0000] {dag.py:3947} INFO - Setting next_dagrun for example_short_circuit_decorator to 2026-09-21 00:00:00+00:00, run_after=2026-09-22 00:00:00+00:00
[2026-09-22T17:07:37.877+0000] {processor.py:183} INFO - Processing /home/airflow/.local/lib/python3.12/site-packages/airflow/example_dags/example_short_circuit_decorator.py took 0.072 seconds
[2026-09-22T17:08:08.131+0000] {processor.py:161} INFO - Started process (PID=625) to work on /home/airflow/.local/lib/python3.12/site-packages/airflow/example_dags/example_short_circuit_decorator.py
[2026-09-22T17:08:08.132+0000] {processor.py:830} INFO - Processing file /home/airflow/.local/lib/python3.12/site-packages/airflow/example_dags/example_short_circuit_decorator.py for tasks to queue
[2026-09-22T17:08:08.134+0000] {logging_mixin.py:188} INFO - [2026-09-22T17:08:08.133+0000] {dagbag.py:545} INFO - Filling up the DagBag from /home/airflow/.local/lib/python3.12/site-packages/airflow/example_dags/example_short_circuit_decorator.py
[2026-09-22T17:08:08.140+0000] {processor.py:840} INFO - DAG(s) 'example_short_circuit_decorator' retrieved from /home/airflow/.local/lib/python3.12/site-packages/airflow/example_dags/example_short_circuit_decorator.py
[2026-09-22T17:08:08.158+0000] {logging_mixin.py:188} INFO - [2026-09-22T17:08:08.158+0000] {dag.py:3089} INFO - Sync 1 DAGs
[2026-09-22T17:08:08.174+0000] {logging_mixin.py:188} INFO - [2026-09-22T17:08:08.174+0000] {dag.py:3947} INFO - Setting next_dagrun for example_short_circuit_decorator to 2026-09-21 00:00:00+00:00, run_after=2026-09-22 00:00:00+00:00
[2026-09-22T17:08:08.192+0000] {processor.py:183} INFO - Processing /home/airflow/.local/lib/python3.12/site-packages/airflow/example_dags/example_short_circuit_decorator.py took 0.067 seconds
[2026-09-22T17:08:38.451+0000] {processor.py:161} INFO - Started process (PID=689) to work on /home/airflow/.local/lib/python3.12/site-packages/airflow/example_dags/example_short_circuit_decorator.py
[2026-09-22T17:08:38.453+0000] {processor.py:830} INFO - Processing file /home/airflow/.local/lib/python3.12/site-packages/airflow/example_dags/example_short_circuit_decorator.py for tasks to queue
[2026-09-22T17:08:38.455+0000] {logging_mixin.py:188} INFO - [2026-09-22T17:08:38.454+0000] {dagbag.py:545} INFO - Filling up the DagBag from /home/airflow/.local/lib/python3.12/site-packages/airflow/example_dags/example_short_circuit_decorator.py
[2026-09-22T17:08:38.463+0000] {processor.py:840} INFO - DAG(s) 'example_short_circuit_decorator' retrieved from /home/airflow/.local/lib/python3.12/site-packages/airflow/example_dags/example_short_circuit_decorator.py
[2026-09-22T17:08:38.488+0000] {logging_mixin.py:188} INFO - [2026-09-22T17:08:38.488+0000] {dag.py:3089} INFO - Sync 1 DAGs
[2026-09-22T17:08:38.506+0000] {logging_mixin.py:188} INFO - [2026-09-22T17:08:38.506+0000] {dag.py:3947} INFO - Setting next_dagrun for example_short_circuit_decorator to 2026-09-21 00:00:00+00:00, run_after=2026-09-22 00:00:00+00:00
[2026-09-22T17:08:38.531+0000] {processor.py:183} INFO - Processing /home/airflow/.local/lib/python3.12/site-packages/airflow/example_dags/example_short_circuit_decorator.py took 0.086 seconds
[2026-09-22T17:09:08.618+0000] {processor.py:161} INFO - Started process (PID=747) to work on /home/airflow/.local/lib/python3.12/site-packages/airflow/example_dags/example_short_circuit_decorator.py
[2026-09-22T17:09:08.619+0000] {processor.py:830} INFO - Processing file /home/airflow/.local/lib/python3.12/site-packages/airflow/example_dags/example_short_circuit_decorator.py for tasks to queue
[2026-09-22T17:09:08.621+0000] {logging_mixin.py:188} INFO - [2026-09-22T17:09:08.621+0000] {dagbag.py:545} INFO - Filling up the DagBag from /home/airflow/.local/lib/python3.12/site-packages/airflow/example_dags/example_short_circuit_decorator.py
[2026-09-22T17:09:08.628+0000] {processor.py:840} INFO - DAG(s) 'example_short_circuit_decorator' retrieved from /home/airflow/.local/lib/python3.12/site-packages/airflow/example_dags/example_short_circuit_decorator.py
[2026-09-22T17:09:08.648+0000] {logging_mixin.py:188} INFO - [2026-09-22T17:09:08.647+0000] {dag.py:3089} INFO - Sync 1 DAGs
[2026-09-22T17:09:08.668+0000] {logging_mixin.py:188} INFO - [2026-09-22T17:09:08.667+0000] {dag.py:3947} INFO - Setting next_dagrun for example_short_circuit_decorator to 2026-09-21 00:00:00+00:00, run_after=2026-09-22 00:00:00+00:00
[2026-09-22T17:09:08.687+0000] {processor.py:183} INFO - Processing /home/airflow/.local/lib/python3.12/site-packages/airflow/example_dags/example_short_circuit_decorator.py took 0.074 seconds
[2026-09-22T17:09:38.809+0000] {processor.py:161} INFO - Started process (PID=805) to work on /home/airflow/.local/lib/python3.12/site-packages/airflow/example_dags/example_short_circuit_decorator.py
[2026-09-22T17:09:38.810+0000] {processor.py:830} INFO - Processing file /home/airflow/.local/lib/python3.12/site-packages/airflow/example_dags/example_short_circuit_decorator.py for tasks to queue
[2026-09-22T17:09:38.812+0000] {logging_mixin.py:188} INFO - [2026-09-22T17:09:38.812+0000] {dagbag.py:545} INFO - Filling up the DagBag from /home/airflow/.local/lib/python3.12/site-packages/airflow/example_dags/example_short_circuit_decorator.py
[2026-09-22T17:09:38.820+0000] {processor.py:840} INFO - DAG(s) 'example_short_circuit_decorator' retrieved from /home/airflow/.local/lib/python3.12/site-packages/airflow/example_dags/example_short_circuit_decorator.py
[2026-09-22T17:09:38.843+0000] {logging_mixin.py:188} INFO - [2026-09-22T17:09:38.843+0000] {dag.py:3089} INFO - Sync 1 DAGs
[2026-09-22T17:09:38.881+0000] {logging_mixin.py:188} INFO - [2026-09-22T17:09:38.881+0000] {dag.py:3947} INFO - Setting next_dagrun for example_short_circuit_decorator to 2026-09-21 00:00:00+00:00, run_after=2026-09-22 00:00:00+00:00
[2026-09-22T17:09:38.908+0000] {processor.py:183} INFO - Processing /home/airflow/.local/lib/python3.12/site-packages/airflow/example_dags/example_short_circuit_decorator.py took 0.104 seconds
[2026-09-22T17:10:09.162+0000] {processor.py:161} INFO - Started process (PID=863) to work on /home/airflow/.local/lib/python3.12/site-packages/airflow/example_dags/example_short_circuit_decorator.py
[2026-09-22T17:10:09.163+0000] {processor.py:830} INFO - Processing file /home/airflow/.local/lib/python3.12/site-packages/airflow/example_dags/example_short_circuit_decorator.py for tasks to queue
[2026-09-22T17:10:09.165+0000] {logging_mixin.py:188} INFO - [2026-09-22T17:10:09.165+0000] {dagbag.py:545} INFO - Filling up the DagBag from /home/airflow/.local/lib/python3.12/site-packages/airflow/example_dags/example_short_circuit_decorator.py
[2026-09-22T17:10:09.172+0000] {processor.py:840} INFO - DAG(s) 'example_short_circuit_decorator' retrieved from /home/airflow/.local/lib/python3.12/site-packages/airflow/example_dags/example_short_circuit_decorator.py
[2026-09-22T17:10:09.194+0000] {logging_mixin.py:188} INFO - [2026-09-22T17:10:09.193+0000] {dag.py:3089} INFO - Sync 1 DAGs
[2026-09-22T17:10:09.212+0000] {logging_mixin.py:188} INFO - [2026-09-22T17:10:09.212+0000] {dag.py:3947} INFO - Setting next_dagrun for example_short_circuit_decorator to 2026-09-21 00:00:00+00:00, run_after=2026-09-22 00:00:00+00:00
[2026-09-22T17:10:09.231+0000] {processor.py:183} INFO - Processing /home/airflow/.local/lib/python3.12/site-packages/airflow/example_dags/example_short_circuit_decorator.py took 0.074 seconds
[2026-09-22T17:10:40.117+0000] {processor.py:161} INFO - Started process (PID=921) to work on /home/airflow/.local/lib/python3.12/site-packages/airflow/example_dags/example_short_circuit_decorator.py
[2026-09-22T17:10:40.118+0000] {processor.py:830} INFO - Processing file /home/airflow/.local/lib/python3.12/site-packages/airflow/example_dags/example_short_circuit_decorator.py for tasks to queue
[2026-09-22T17:10:40.120+0000] {logging_mixin.py:188} INFO - [2026-09-22T17:10:40.119+0000] {dagbag.py:545} INFO - Filling up the DagBag from /home/airflow/.local/lib/python3.12/site-packages/airflow/example_dags/example_short_circuit_decorator.py
[2026-09-22T17:10:40.128+0000] {processor.py:840} INFO - DAG(s) 'example_short_circuit_decorator' retrieved from /home/airflow/.local/lib/python3.12/site-packages/airflow/example_dags/example_short_circuit_decorator.py
[2026-09-22T17:10:40.150+0000] {logging_mixin.py:188} INFO - [2026-09-22T17:10:40.150+0000] {dag.py:3089} INFO - Sync 1 DAGs
[2026-09-22T17:10:40.170+0000] {logging_mixin.py:188} INFO - [2026-09-22T17:10:40.170+0000] {dag.py:3947} INFO - Setting next_dagrun for example_short_circuit_decorator to 2026-09-21 00:00:00+00:00, run_after=2026-09-22 00:00:00+00:00
[2026-09-22T17:10:40.190+0000] {processor.py:183} INFO - Processing /home/airflow/.local/lib/python3.12/site-packages/airflow/example_dags/example_short_circuit_decorator.py took 0.079 seconds
[2026-09-22T17:11:10.456+0000] {processor.py:161} INFO - Started process (PID=979) to work on /home/airflow/.local/lib/python3.12/site-packages/airflow/example_dags/example_short_circuit_decorator.py
[2026-09-22T17:11:10.457+0000] {processor.py:830} INFO - Processing file /home/airflow/.local/lib/python3.12/site-packages/airflow/example_dags/example_short_circuit_decorator.py for tasks to queue
[2026-09-22T17:11:10.459+0000] {logging_mixin.py:188} INFO - [2026-09-22T17:11:10.458+0000] {dagbag.py:545} INFO - Filling up the DagBag from /home/airflow/.local/lib/python3.12/site-packages/airflow/example_dags/example_short_circuit_decorator.py
[2026-09-22T17:11:10.469+0000] {processor.py:840} INFO - DAG(s) 'example_short_circuit_decorator' retrieved from /home/airflow/.local/lib/python3.12/site-packages/airflow/example_dags/example_short_circuit_decorator.py
[2026-09-22T17:11:10.493+0000] {logging_mixin.py:188} INFO - [2026-09-22T17:11:10.493+0000] {dag.py:3089} INFO - Sync 1 DAGs
[2026-09-22T17:11:10.512+0000] {logging_mixin.py:188} INFO - [2026-09-22T17:11:10.511+0000] {dag.py:3947} INFO - Setting next_dagrun for example_short_circuit_decorator to 2026-09-21 00:00:00+00:00, run_after=2026-09-22 00:00:00+00:00
[2026-09-22T17:11:10.534+0000] {processor.py:183} INFO - Processing /home/airflow/.local/lib/python3.12/site-packages/airflow/example_dags/example_short_circuit_decorator.py took 0.086 seconds
[2026-09-22T17:11:40.715+0000] {processor.py:161} INFO - Started process (PID=1037) to work on /home/airflow/.local/lib/python3.12/site-packages/airflow/example_dags/example_short_circuit_decorator.py
[2026-09-22T17:11:40.716+0000] {processor.py:830} INFO - Processing file /home/airflow/.local/lib/python3.12/site-packages/airflow/example_dags/example_short_circuit_decorator.py for tasks to queue
[2026-09-22T17:11:40.718+0000] {logging_mixin.py:188} INFO - [2026-09-22T17:11:40.718+0000] {dagbag.py:545} INFO - Filling up the DagBag from /home/airflow/.local/lib/python3.12/site-packages/airflow/example_dags/example_short_circuit_decorator.py
[2026-09-22T17:11:40.726+0000] {processor.py:840} INFO - DAG(s) 'example_short_circuit_decorator' retrieved from /home/airflow/.local/lib/python3.12/site-packages/airflow/example_dags/example_short_circuit_decorator.py
[2026-09-22T17:11:40.746+0000] {logging_mixin.py:188} INFO - [2026-09-22T17:11:40.746+0000] {dag.py:3089} INFO - Sync 1 DAGs
[2026-09-22T17:11:40.765+0000] {logging_mixin.py:188} INFO - [2026-09-22T17:11:40.765+0000] {dag.py:3947} INFO - Setting next_dagrun for example_short_circuit_decorator to 2026-09-21 00:00:00+00:00, run_after=2026-09-22 00:00:00+00:00
[2026-09-22T17:11:40.788+0000] {processor.py:183} INFO - Processing /home/airflow/.local/lib/python3.12/site-packages/airflow/example_dags/example_short_circuit_decorator.py took 0.079 seconds
[2026-09-22T17:12:11.043+0000] {processor.py:161} INFO - Started process (PID=1095) to work on /home/airflow/.local/lib/python3.12/site-packages/airflow/example_dags/example_short_circuit_decorator.py
[2026-09-22T17:12:11.043+0000] {processor.py:830} INFO - Processing file /home/airflow/.local/lib/python3.12/site-packages/airflow/example_dags/example_short_circuit_decorator.py for tasks to queue
[2026-09-22T17:12:11.045+0000] {logging_mixin.py:188} INFO - [2026-09-22T17:12:11.045+0000] {dagbag.py:545} INFO - Filling up the DagBag from /home/airflow/.local/lib/python3.12/site-packages/airflow/example_dags/example_short_circuit_decorator.py
[2026-09-22T17:12:11.053+0000] {processor.py:840} INFO - DAG(s) 'example_short_circuit_decorator' retrieved from /home/airflow/.local/lib/python3.12/site-packages/airflow/example_dags/example_short_circuit_decorator.py
[2026-09-22T17:12:11.073+0000] {logging_mixin.py:188} INFO - [2026-09-22T17:12:11.073+0000] {dag.py:3089} INFO - Sync 1 DAGs
[2026-09-22T17:12:11.090+0000] {logging_mixin.py:188} INFO - [2026-09-22T17:12:11.089+0000] {dag.py:3947} INFO - Setting next_dagrun for example_short_circuit_decorator to 2026-09-21 00:00:00+00:00, run_after=2026-09-22 00:00:00+00:00
[2026-09-22T17:12:11.107+0000] {processor.py:183} INFO - Processing /home/airflow/.local/lib/python3.12/site-packages/airflow/example_dags/example_short_circuit_decorator.py took 0.069 seconds
[2026-09-22T17:12:41.187+0000] {processor.py:161} INFO - Started process (PID=1153) to work on /home/airflow/.local/lib/python3.12/site-packages/airflow/example_dags/example_short_circuit_decorator.py
[2026-09-22T17:12:41.188+0000] {processor.py:830} INFO - Processing file /home/airflow/.local/lib/python3.12/site-packages/airflow/example_dags/example_short_circuit_decorator.py for tasks to queue
[2026-09-22T17:12:41.190+0000] {logging_mixin.py:188} INFO - [2026-09-22T17:12:41.189+0000] {dagbag.py:545} INFO - Filling up the DagBag from /home/airflow/.local/lib/python3.12/site-packages/airflow/example_dags/example_short_circuit_decorator.py
[2026-09-22T17:12:41.197+0000] {processor.py:840} INFO - DAG(s) 'example_short_circuit_decorator' retrieved from /home/airflow/.local/lib/python3.12/site-packages/airflow/example_dags/example_short_circuit_decorator.py
[2026-09-22T17:12:41.218+0000] {logging_mixin.py:188} INFO - [2026-09-22T17:12:41.218+0000] {dag.py:3089} INFO - Sync 1 DAGs
[2026-09-22T17:12:41.239+0000] {logging_mixin.py:188} INFO - [2026-09-22T17:12:41.239+0000] {dag.py:3947} INFO - Setting next_dagrun for example_short_circuit_decorator to 2026-09-21 00:00:00+00:00, run_after=2026-09-22 00:00:00+00:00
[2026-09-22T17:12:41.260+0000] {processor.py:183} INFO - Processing /home/airflow/.local/lib/python3.12/site-packages/airflow/example_dags/example_short_circuit_decorator.py took 0.078 seconds
[2026-09-22T17:13:11.618+0000] {processor.py:161} INFO - Started process (PID=1211) to work on /home/airflow/.local/lib/python3.12/site-packages/airflow/example_dags/example_short_circuit_decorator.py
[2026-09-22T17:13:11.619+0000] {processor.py:830} INFO - Processing file /home/airflow/.local/lib/python3.12/site-packages/airflow/example_dags/example_short_circuit_decorator.py for tasks to queue
[2026-09-22T17:13:11.621+0000] {logging_mixin.py:188} INFO - [2026-09-22T17:13:11.621+0000] {dagbag.py:545} INFO - Filling up the DagBag from /home/airflow/.local/lib/python3.12/site-packages/airflow/example_dags/example_short_circuit_decorator.py
[2026-09-22T17:13:11.629+0000] {processor.py:840} INFO - DAG(s) 'example_short_circuit_decorator' retrieved from /home/airflow/.local/lib/python3.12/site-packages/airflow/example_dags/example_short_circuit_decorator.py
[2026-09-22T17:13:11.647+0000] {logging_mixin.py:188} INFO - [2026-09-22T17:13:11.647+0000] {dag.py:3089} INFO - Sync 1 DAGs
[2026-09-22T17:13:11.663+0000] {logging_mixin.py:188} INFO - [2026-09-22T17:13:11.663+0000] {dag.py:3947} INFO - Setting next_dagrun for example_short_circuit_decorator to 2026-09-21 00:00:00+00:00, run_after=2026-09-22 00:00:00+00:00
[2026-09-22T17:13:11.683+0000] {processor.py:183} INFO - Processing /home/airflow/.local/lib/python3.12/site-packages/airflow/example_dags/example_short_circuit_decorator.py took 0.071 seconds
