[2026-09-22T16:19:26.624+0000] {processor.py:161} INFO - Started process (PID=65) to work on /home/airflow/.local/lib/python3.12/site-packages/airflow/example_dags/example_python_operator.py
[2026-09-22T16:19:26.627+0000] {processor.py:830} INFO - Processing file /home/airflow/.local/lib/python3.12/site-packages/airflow/example_dags/example_python_operator.py for tasks to queue
[2026-09-22T16:19:26.635+0000] {logging_mixin.py:188} INFO - [2026-09-22T16:19:26.635+0000] {dagbag.py:545} INFO - Filling up the DagBag from /home/airflow/.local/lib/python3.12/site-packages/airflow/example_dags/example_python_operator.py
[2026-09-22T16:19:26.668+0000] {processor.py:840} INFO - DAG(s) 'example_python_operator' retrieved from /home/airflow/.local/lib/python3.12/site-packages/airflow/example_dags/example_python_operator.py
[2026-09-22T16:19:26.855+0000] {logging_mixin.py:188} INFO - [2026-09-22T16:19:26.855+0000] {dag.py:3089} INFO - Sync 1 DAGs
[2026-09-22T16:19:26.873+0000] {logging_mixin.py:188} INFO - [2026-09-22T16:19:26.873+0000] {dag.py:3947} INFO - Setting next_dagrun for example_python_operator to None, run_after=None
[2026-09-22T16:19:26.907+0000] {processor.py:183} INFO - Processing /home/airflow/.local/lib/python3.12/site-packages/airflow/example_dags/example_python_operator.py took 0.292 seconds
[2026-09-22T16:19:57.489+0000] {processor.py:161} INFO - Started process (PID=122) to work on /home/airflow/.local/lib/python3.12/site-packages/airflow/example_dags/example_python_operator.py
[2026-09-22T16:19:57.491+0000] {processor.py:830} INFO - Processing file /home/airflow/.local/lib/python3.12/site-packages/airflow/example_dags/example_python_operator.py for tasks to queue
[2026-09-22T16:19:57.493+0000] {logging_mixin.py:188} INFO - [2026-09-22T16:19:57.493+0000] {dagbag.py:545} INFO - Filling up the DagBag from /home/airflow/.local/lib/python3.12/site-packages/airflow/example_dags/example_python_operator.py
[2026-09-22T16:19:57.512+0000] {processor.py:840} INFO - DAG(s) 'example_python_operator' retrieved from /home/airflow/.local/lib/python3.12/site-packages/airflow/example_dags/example_python_operator.py
[2026-09-22T16:19:57.554+0000] {logging_mixin.py:188} INFO - [2026-09-22T16:19:57.554+0000] {dag.py:3089} INFO - Sync 1 DAGs
[2026-09-22T16:19:57.571+0000] {logging_mixin.py:188} INFO - [2026-09-22T16:19:57.570+0000] {dag.py:3947} INFO - Setting next_dagrun for example_python_operator to None, run_after=None
[2026-09-22T16:19:57.635+0000] {processor.py:183} INFO - Processing /home/airflow/.local/lib/python3.12/site-packages/airflow/example_dags/example_python_operator.py took 0.155 seconds
[2026-09-22T16:20:27.906+0000] {processor.py:161} INFO - Started process (PID=180) to work on /home/airflow/.local/lib/python3.12/site-packages/airflow/example_dags/example_python_operator.py
[2026-09-22T16:20:27.907+0000] {processor.py:830} INFO - Processing file /home/airflow/.local/lib/python3.12/site-packages/airflow/example_dags/example_python_operator.py for tasks to queue
[2026-09-22T16:20:27.910+0000] {logging_mixin.py:188} INFO - [2026-09-22T16:20:27.909+0000] {dagbag.py:545} INFO - Filling up the DagBag from /home/airflow/.local/lib/python3.12/site-packages/airflow/example_dags/example_python_operator.py
[2026-09-22T16:20:27.922+0000] {processor.py:840} INFO - DAG(s) 'example_python_operator' retrieved from /home/airflow/.local/lib/python3.12/site-packages/airflow/example_dags/example_python_operator.py
[2026-09-22T16:20:27.957+0000] {logging_mixin.py:188} INFO - [2026-09-22T16:20:27.957+0000] {dag.py:3089} INFO - Sync 1 DAGs
[2026-09-22T16:20:27.977+0000] {logging_mixin.py:188} INFO - [2026-09-22T16:20:27.977+0000] {dag.py:3947} INFO - Setting next_dagrun for example_python_operator to None, run_after=None
[2026-09-22T16:20:28.017+0000] {processor.py:183} INFO - Processing /home/airflow/.local/lib/python3.12/site-packages/airflow/example_dags/example_python_operator.py took 0.119 seconds
[2026-09-22T16:20:58.419+0000] {processor.py:161} INFO - Started process (PID=237) to work on /home/airflow/.local/lib/python3.12/site-packages/airflow/example_dags/example_python_operator.py
[2026-09-22T16:20:58.420+0000] {processor.py:830} INFO - Processing file /home/airflow/.local/lib/python3.12/site-packages/airflow/example_dags/example_python_operator.py for tasks to queue
[2026-09-22T16:20:58.423+0000] {logging_mixin.py:188} INFO - [2026-09-22T16:20:58.423+0000] {dagbag.py:545} INFO - Filling up the DagBag from /home/airflow/.local/lib/python3.12/site-packages/airflow/example_dags/example_python_operator.py
[2026-09-22T16:20:58.439+0000] {processor.py:840} INFO - DAG(s) 'example_python_operator' retrieved from /home/airflow/.local/lib/python3.12/site-packages/airflow/example_dags/example_python_operator.py
[2026-09-22T16:20:58.473+0000] {logging_mixin.py:188} INFO - [2026-09-22T16:20:58.472+0000] {dag.py:3089} INFO - Sync 1 DAGs
[2026-09-22T16:20:58.500+0000] {logging_mixin.py:188} INFO - [2026-09-22T16:20:58.499+0000] {dag.py:3947} INFO - Setting next_dagrun for example_python_operator to None, run_after=None
[2026-09-22T16:20:58.585+0000] {processor.py:183} INFO - Processing /home/airflow/.local/lib/python3.12/site-packages/airflow/example_dags/example_python_operator.py took 0.175 seconds
[2026-09-22T16:21:29.193+0000] {processor.py:161} INFO - Started process (PID=295) to work on /home/airflow/.local/lib/python3.12/site-packages/airflow/example_dags/example_python_operator.py
[2026-09-22T16:21:29.195+0000] {processor.py:830} INFO - Processing file /home/airflow/.local/lib/python3.12/site-packages/airflow/example_dags/example_python_operator.py for tasks to queue
[2026-09-22T16:21:29.197+0000] {logging_mixin.py:188} INFO - [2026-09-22T16:21:29.197+0000] {dagbag.py:545} INFO - Filling up the DagBag from /home/airflow/.local/lib/python3.12/site-packages/airflow/example_dags/example_python_operator.py
[2026-09-22T16:21:29.214+0000] {processor.py:840} INFO - DAG(s) 'example_python_operator' retrieved from /home/airflow/.local/lib/python3.12/site-packages/airflow/example_dags/example_python_operator.py
[2026-09-22T16:21:29.244+0000] {logging_mixin.py:188} INFO - [2026-09-22T16:21:29.243+0000] {dag.py:3089} INFO - Sync 1 DAGs
[2026-09-22T16:21:29.264+0000] {logging_mixin.py:188} INFO - [2026-09-22T16:21:29.264+0000] {dag.py:3947} INFO - Setting next_dagrun for example_python_operator to None, run_after=None
[2026-09-22T16:21:29.343+0000] {processor.py:183} INFO - Processing /home/airflow/.local/lib/python3.12/site-packages/airflow/example_dags/example_python_operator.py took 0.159 seconds
[2026-09-22T16:21:59.970+0000] {processor.py:161} INFO - Started process (PID=353) to work on /home/airflow/.local/lib/python3.12/site-packages/airflow/example_dags/example_python_operator.py
[2026-09-22T16:21:59.971+0000] {processor.py:830} INFO - Processing file /home/airflow/.local/lib/python3.12/site-packages/airflow/example_dags/example_python_operator.py for tasks to queue
[2026-09-22T16:21:59.975+0000] {logging_mixin.py:188} INFO - [2026-09-22T16:21:59.974+0000] {dagbag.py:545} INFO - Filling up the DagBag from /home/airflow/.local/lib/python3.12/site-packages/airflow/example_dags/example_python_operator.py
[2026-09-22T16:21:59.992+0000] {processor.py:840} INFO - DAG(s) 'example_python_operator' retrieved from /home/airflow/.local/lib/python3.12/site-packages/airflow/example_dags/example_python_operator.py
[2026-09-22T16:22:00.042+0000] {logging_mixin.py:188} INFO - [2026-09-22T16:22:00.042+0000] {dag.py:3089} INFO - Sync 1 DAGs
[2026-09-22T16:22:00.070+0000] {logging_mixin.py:188} INFO - [2026-09-22T16:22:00.070+0000] {dag.py:3947} INFO - Setting next_dagrun for example_python_operator to None, run_after=None
[2026-09-22T16:22:00.153+0000] {processor.py:183} INFO - Processing /home/airflow/.local/lib/python3.12/site-packages/airflow/example_dags/example_python_operator.py took 0.194 seconds
[2026-09-22T16:22:31.015+0000] {processor.py:161} INFO - Started process (PID=417) to work on /home/airflow/.local/lib/python3.12/site-packages/airflow/example_dags/example_python_operator.py
[2026-09-22T16:22:31.017+0000] {processor.py:830} INFO - Processing file /home/airflow/.local/lib/python3.12/site-packages/airflow/example_dags/example_python_operator.py for tasks to queue
[2026-09-22T16:22:31.020+0000] {logging_mixin.py:188} INFO - [2026-09-22T16:22:31.019+0000] {dagbag.py:545} INFO - Filling up the DagBag from /home/airflow/.local/lib/python3.12/site-packages/airflow/example_dags/example_python_operator.py
[2026-09-22T16:22:31.035+0000] {processor.py:840} INFO - DAG(s) 'example_python_operator' retrieved from /home/airflow/.local/lib/python3.12/site-packages/airflow/example_dags/example_python_operator.py
[2026-09-22T16:22:31.070+0000] {logging_mixin.py:188} INFO - [2026-09-22T16:22:31.069+0000] {dag.py:3089} INFO - Sync 1 DAGs
[2026-09-22T16:22:31.091+0000] {logging_mixin.py:188} INFO - [2026-09-22T16:22:31.091+0000] {dag.py:3947} INFO - Setting next_dagrun for example_python_operator to None, run_after=None
[2026-09-22T16:22:31.130+0000] {processor.py:183} INFO - Processing /home/airflow/.local/lib/python3.12/site-packages/airflow/example_dags/example_python_operator.py took 0.123 seconds
[2026-09-22T16:23:01.208+0000] {processor.py:161} INFO - Started process (PID=475) to work on /home/airflow/.local/lib/python3.12/site-packages/airflow/example_dags/example_python_operator.py
[2026-09-22T16:23:01.210+0000] {processor.py:830} INFO - Processing file /home/airflow/.local/lib/python3.12/site-packages/airflow/example_dags/example_python_operator.py for tasks to queue
[2026-09-22T16:23:01.213+0000] {logging_mixin.py:188} INFO - [2026-09-22T16:23:01.213+0000] {dagbag.py:545} INFO - Filling up the DagBag from /home/airflow/.local/lib/python3.12/site-packages/airflow/example_dags/example_python_operator.py
[2026-09-22T16:23:01.227+0000] {processor.py:840} INFO - DAG(s) 'example_python_operator' retrieved from /home/airflow/.local/lib/python3.12/site-packages/airflow/example_dags/example_python_operator.py
[2026-09-22T16:23:01.257+0000] {logging_mixin.py:188} INFO - [2026-09-22T16:23:01.256+0000] {dag.py:3089} INFO - Sync 1 DAGs
[2026-09-22T16:23:01.273+0000] {logging_mixin.py:188} INFO - [2026-09-22T16:23:01.273+0000] {dag.py:3947} INFO - Setting next_dagrun for example_python_operator to None, run_after=None
[2026-09-22T16:23:01.353+0000] {processor.py:183} INFO - Processing /home/airflow/.local/lib/python3.12/site-packages/airflow/example_dags/example_python_operator.py took 0.153 seconds
[2026-09-22T16:23:31.595+0000] {processor.py:161} INFO - Started process (PID=533) to work on /home/airflow/.local/lib/python3.12/site-packages/airflow/example_dags/example_python_operator.py
[2026-09-22T16:23:31.597+0000] {processor.py:830} INFO - Processing file /home/airflow/.local/lib/python3.12/site-packages/airflow/example_dags/example_python_operator.py for tasks to queue
[2026-09-22T16:23:31.600+0000] {logging_mixin.py:188} INFO - [2026-09-22T16:23:31.599+0000] {dagbag.py:545} INFO - Filling up the DagBag from /home/airflow/.local/lib/python3.12/site-packages/airflow/example_dags/example_python_operator.py
[2026-09-22T16:23:31.617+0000] {processor.py:840} INFO - DAG(s) 'example_python_operator' retrieved from /home/airflow/.local/lib/python3.12/site-packages/airflow/example_dags/example_python_operator.py
[2026-09-22T16:23:31.650+0000] {logging_mixin.py:188} INFO - [2026-09-22T16:23:31.650+0000] {dag.py:3089} INFO - Sync 1 DAGs
[2026-09-22T16:23:31.666+0000] {logging_mixin.py:188} INFO - [2026-09-22T16:23:31.665+0000] {dag.py:3947} INFO - Setting next_dagrun for example_python_operator to None, run_after=None
[2026-09-22T16:23:31.750+0000] {processor.py:183} INFO - Processing /home/airflow/.local/lib/python3.12/site-packages/airflow/example_dags/example_python_operator.py took 0.164 seconds
[2026-09-22T16:24:02.058+0000] {processor.py:161} INFO - Started process (PID=591) to work on /home/airflow/.local/lib/python3.12/site-packages/airflow/example_dags/example_python_operator.py
[2026-09-22T16:24:02.060+0000] {processor.py:830} INFO - Processing file /home/airflow/.local/lib/python3.12/site-packages/airflow/example_dags/example_python_operator.py for tasks to queue
[2026-09-22T16:24:02.064+0000] {logging_mixin.py:188} INFO - [2026-09-22T16:24:02.064+0000] {dagbag.py:545} INFO - Filling up the DagBag from /home/airflow/.local/lib/python3.12/site-packages/airflow/example_dags/example_python_operator.py
[2026-09-22T16:24:02.087+0000] {processor.py:840} INFO - DAG(s) 'example_python_operator' retrieved from /home/airflow/.local/lib/python3.12/site-packages/airflow/example_dags/example_python_operator.py
[2026-09-22T16:24:02.126+0000] {logging_mixin.py:188} INFO - [2026-09-22T16:24:02.126+0000] {dag.py:3089} INFO - Sync 1 DAGs
[2026-09-22T16:24:02.158+0000] {logging_mixin.py:188} INFO - [2026-09-22T16:24:02.157+0000] {dag.py:3947} INFO - Setting next_dagrun for example_python_operator to None, run_after=None
[2026-09-22T16:24:02.198+0000] {processor.py:183} INFO - Processing /home/airflow/.local/lib/python3.12/site-packages/airflow/example_dags/example_python_operator.py took 0.152 seconds
[2026-09-22T16:24:32.393+0000] {processor.py:161} INFO - Started process (PID=649) to work on /home/airflow/.local/lib/python3.12/site-packages/airflow/example_dags/example_python_operator.py
[2026-09-22T16:24:32.394+0000] {processor.py:830} INFO - Processing file /home/airflow/.local/lib/python3.12/site-packages/airflow/example_dags/example_python_operator.py for tasks to queue
[2026-09-22T16:24:32.397+0000] {logging_mixin.py:188} INFO - [2026-09-22T16:24:32.396+0000] {dagbag.py:545} INFO - Filling up the DagBag from /home/airflow/.local/lib/python3.12/site-packages/airflow/example_dags/example_python_operator.py
[2026-09-22T16:24:32.412+0000] {processor.py:840} INFO - DAG(s) 'example_python_operator' retrieved from /home/airflow/.local/lib/python3.12/site-packages/airflow/example_dags/example_python_operator.py
[2026-09-22T16:24:32.443+0000] {logging_mixin.py:188} INFO - [2026-09-22T16:24:32.442+0000] {dag.py:3089} INFO - Sync 1 DAGs
[2026-09-22T16:24:32.461+0000] {logging_mixin.py:188} INFO - [2026-09-22T16:24:32.461+0000] {dag.py:3947} INFO - Setting next_dagrun for example_python_operator to None, run_after=None
[2026-09-22T16:24:32.493+0000] {processor.py:183} INFO - Processing /home/airflow/.local/lib/python3.12/site-packages/airflow/example_dags/example_python_operator.py took 0.107 seconds
[2026-09-22T16:25:02.883+0000] {processor.py:161} INFO - Started process (PID=707) to work on /home/airflow/.local/lib/python3.12/site-packages/airflow/example_dags/example_python_operator.py
[2026-09-22T16:25:02.886+0000] {processor.py:830} INFO - Processing file /home/airflow/.local/lib/python3.12/site-packages/airflow/example_dags/example_python_operator.py for tasks to queue
[2026-09-22T16:25:02.889+0000] {logging_mixin.py:188} INFO - [2026-09-22T16:25:02.888+0000] {dagbag.py:545} INFO - Filling up the DagBag from /home/airflow/.local/lib/python3.12/site-packages/airflow/example_dags/example_python_operator.py
[2026-09-22T16:25:02.921+0000] {processor.py:840} INFO - DAG(s) 'example_python_operator' retrieved from /home/airflow/.local/lib/python3.12/site-packages/airflow/example_dags/example_python_operator.py
[2026-09-22T16:25:02.964+0000] {logging_mixin.py:188} INFO - [2026-09-22T16:25:02.963+0000] {dag.py:3089} INFO - Sync 1 DAGs
[2026-09-22T16:25:02.984+0000] {logging_mixin.py:188} INFO - [2026-09-22T16:25:02.984+0000] {dag.py:3947} INFO - Setting next_dagrun for example_python_operator to None, run_after=None
[2026-09-22T16:25:03.014+0000] {processor.py:183} INFO - Processing /home/airflow/.local/lib/python3.12/site-packages/airflow/example_dags/example_python_operator.py took 0.139 seconds
[2026-09-22T16:25:33.448+0000] {processor.py:161} INFO - Started process (PID=765) to work on /home/airflow/.local/lib/python3.12/site-packages/airflow/example_dags/example_python_operator.py
[2026-09-22T16:25:33.450+0000] {processor.py:830} INFO - Processing file /home/airflow/.local/lib/python3.12/site-packages/airflow/example_dags/example_python_operator.py for tasks to queue
[2026-09-22T16:25:33.453+0000] {logging_mixin.py:188} INFO - [2026-09-22T16:25:33.453+0000] {dagbag.py:545} INFO - Filling up the DagBag from /home/airflow/.local/lib/python3.12/site-packages/airflow/example_dags/example_python_operator.py
[2026-09-22T16:25:33.471+0000] {processor.py:840} INFO - DAG(s) 'example_python_operator' retrieved from /home/airflow/.local/lib/python3.12/site-packages/airflow/example_dags/example_python_operator.py
[2026-09-22T16:25:33.496+0000] {logging_mixin.py:188} INFO - [2026-09-22T16:25:33.496+0000] {dag.py:3089} INFO - Sync 1 DAGs
[2026-09-22T16:25:33.512+0000] {logging_mixin.py:188} INFO - [2026-09-22T16:25:33.512+0000] {dag.py:3947} INFO - Setting next_dagrun for example_python_operator to None, run_after=None
[2026-09-22T16:25:33.547+0000] {processor.py:183} INFO - Processing /home/airflow/.local/lib/python3.12/site-packages/airflow/example_dags/example_python_operator.py took 0.109 seconds
[2026-09-22T16:26:03.680+0000] {processor.py:161} INFO - Started process (PID=823) to work on /home/airflow/.local/lib/python3.12/site-packages/airflow/example_dags/example_python_operator.py
[2026-09-22T16:26:03.682+0000] {processor.py:830} INFO - Processing file /home/airflow/.local/lib/python3.12/site-packages/airflow/example_dags/example_python_operator.py for tasks to queue
[2026-09-22T16:26:03.685+0000] {logging_mixin.py:188} INFO - [2026-09-22T16:26:03.684+0000] {dagbag.py:545} INFO - Filling up the DagBag from /home/airflow/.local/lib/python3.12/site-packages/airflow/example_dags/example_python_operator.py
[2026-09-22T16:26:03.701+0000] {processor.py:840} INFO - DAG(s) 'example_python_operator' retrieved from /home/airflow/.local/lib/python3.12/site-packages/airflow/example_dags/example_python_operator.py
[2026-09-22T16:26:03.733+0000] {logging_mixin.py:188} INFO - [2026-09-22T16:26:03.732+0000] {dag.py:3089} INFO - Sync 1 DAGs
[2026-09-22T16:26:03.757+0000] {logging_mixin.py:188} INFO - [2026-09-22T16:26:03.757+0000] {dag.py:3947} INFO - Setting next_dagrun for example_python_operator to None, run_after=None
[2026-09-22T16:26:03.843+0000] {processor.py:183} INFO - Processing /home/airflow/.local/lib/python3.12/site-packages/airflow/example_dags/example_python_operator.py took 0.170 seconds
[2026-09-22T16:26:34.273+0000] {processor.py:161} INFO - Started process (PID=881) to work on /home/airflow/.local/lib/python3.12/site-packages/airflow/example_dags/example_python_operator.py
[2026-09-22T16:26:34.274+0000] {processor.py:830} INFO - Processing file /home/airflow/.local/lib/python3.12/site-packages/airflow/example_dags/example_python_operator.py for tasks to queue
[2026-09-22T16:26:34.276+0000] {logging_mixin.py:188} INFO - [2026-09-22T16:26:34.276+0000] {dagbag.py:545} INFO - Filling up the DagBag from /home/airflow/.local/lib/python3.12/site-packages/airflow/example_dags/example_python_operator.py
[2026-09-22T16:26:34.290+0000] {processor.py:840} INFO - DAG(s) 'example_python_operator' retrieved from /home/airflow/.local/lib/python3.12/site-packages/airflow/example_dags/example_python_operator.py
[2026-09-22T16:26:34.320+0000] {logging_mixin.py:188} INFO - [2026-09-22T16:26:34.320+0000] {dag.py:3089} INFO - Sync 1 DAGs
[2026-09-22T16:26:34.335+0000] {logging_mixin.py:188} INFO - [2026-09-22T16:26:34.335+0000] {dag.py:3947} INFO - Setting next_dagrun for example_python_operator to None, run_after=None
[2026-09-22T16:26:34.433+0000] {processor.py:183} INFO - Processing /home/airflow/.local/lib/python3.12/site-packages/airflow/example_dags/example_python_operator.py took 0.169 seconds
[2026-09-22T16:27:04.755+0000] {processor.py:161} INFO - Started process (PID=939) to work on /home/airflow/.local/lib/python3.12/site-packages/airflow/example_dags/example_python_operator.py
[2026-09-22T16:27:04.757+0000] {processor.py:830} INFO - Processing file /home/airflow/.local/lib/python3.12/site-packages/airflow/example_dags/example_python_operator.py for tasks to queue
[2026-09-22T16:27:04.760+0000] {logging_mixin.py:188} INFO - [2026-09-22T16:27:04.759+0000] {dagbag.py:545} INFO - Filling up the DagBag from /home/airflow/.local/lib/python3.12/site-packages/airflow/example_dags/example_python_operator.py
[2026-09-22T16:27:04.779+0000] {processor.py:840} INFO - DAG(s) 'example_python_operator' retrieved from /home/airflow/.local/lib/python3.12/site-packages/airflow/example_dags/example_python_operator.py
[2026-09-22T16:27:04.815+0000] {logging_mixin.py:188} INFO - [2026-09-22T16:27:04.814+0000] {dag.py:3089} INFO - Sync 1 DAGs
[2026-09-22T16:27:04.842+0000] {logging_mixin.py:188} INFO - [2026-09-22T16:27:04.842+0000] {dag.py:3947} INFO - Setting next_dagrun for example_python_operator to None, run_after=None
[2026-09-22T16:27:04.871+0000] {processor.py:183} INFO - Processing /home/airflow/.local/lib/python3.12/site-packages/airflow/example_dags/example_python_operator.py took 0.129 seconds
[2026-09-22T16:27:35.591+0000] {processor.py:161} INFO - Started process (PID=997) to work on /home/airflow/.local/lib/python3.12/site-packages/airflow/example_dags/example_python_operator.py
[2026-09-22T16:27:35.593+0000] {processor.py:830} INFO - Processing file /home/airflow/.local/lib/python3.12/site-packages/airflow/example_dags/example_python_operator.py for tasks to queue
[2026-09-22T16:27:35.596+0000] {logging_mixin.py:188} INFO - [2026-09-22T16:27:35.596+0000] {dagbag.py:545} INFO - Filling up the DagBag from /home/airflow/.local/lib/python3.12/site-packages/airflow/example_dags/example_python_operator.py
[2026-09-22T16:27:35.612+0000] {processor.py:840} INFO - DAG(s) 'example_python_operator' retrieved from /home/airflow/.local/lib/python3.12/site-packages/airflow/example_dags/example_python_operator.py
[2026-09-22T16:27:35.641+0000] {logging_mixin.py:188} INFO - [2026-09-22T16:27:35.641+0000] {dag.py:3089} INFO - Sync 1 DAGs
[2026-09-22T16:27:35.658+0000] {logging_mixin.py:188} INFO - [2026-09-22T16:27:35.657+0000] {dag.py:3947} INFO - Setting next_dagrun for example_python_operator to None, run_after=None
[2026-09-22T16:27:35.746+0000] {processor.py:183} INFO - Processing /home/airflow/.local/lib/python3.12/site-packages/airflow/example_dags/example_python_operator.py took 0.163 seconds
[2026-09-22T16:28:06.224+0000] {processor.py:161} INFO - Started process (PID=1055) to work on /home/airflow/.local/lib/python3.12/site-packages/airflow/example_dags/example_python_operator.py
[2026-09-22T16:28:06.225+0000] {processor.py:830} INFO - Processing file /home/airflow/.local/lib/python3.12/site-packages/airflow/example_dags/example_python_operator.py for tasks to queue
[2026-09-22T16:28:06.229+0000] {logging_mixin.py:188} INFO - [2026-09-22T16:28:06.228+0000] {dagbag.py:545} INFO - Filling up the DagBag from /home/airflow/.local/lib/python3.12/site-packages/airflow/example_dags/example_python_operator.py
[2026-09-22T16:28:06.243+0000] {processor.py:840} INFO - DAG(s) 'example_python_operator' retrieved from /home/airflow/.local/lib/python3.12/site-packages/airflow/example_dags/example_python_operator.py
[2026-09-22T16:28:06.271+0000] {logging_mixin.py:188} INFO - [2026-09-22T16:28:06.270+0000] {dag.py:3089} INFO - Sync 1 DAGs
[2026-09-22T16:28:06.287+0000] {logging_mixin.py:188} INFO - [2026-09-22T16:28:06.287+0000] {dag.py:3947} INFO - Setting next_dagrun for example_python_operator to None, run_after=None
[2026-09-22T16:28:06.379+0000] {processor.py:183} INFO - Processing /home/airflow/.local/lib/python3.12/site-packages/airflow/example_dags/example_python_operator.py took 0.163 seconds
[2026-09-22T16:28:37.251+0000] {processor.py:161} INFO - Started process (PID=1113) to work on /home/airflow/.local/lib/python3.12/site-packages/airflow/example_dags/example_python_operator.py
[2026-09-22T16:28:37.253+0000] {processor.py:830} INFO - Processing file /home/airflow/.local/lib/python3.12/site-packages/airflow/example_dags/example_python_operator.py for tasks to queue
[2026-09-22T16:28:37.257+0000] {logging_mixin.py:188} INFO - [2026-09-22T16:28:37.256+0000] {dagbag.py:545} INFO - Filling up the DagBag from /home/airflow/.local/lib/python3.12/site-packages/airflow/example_dags/example_python_operator.py
[2026-09-22T16:28:37.272+0000] {processor.py:840} INFO - DAG(s) 'example_python_operator' retrieved from /home/airflow/.local/lib/python3.12/site-packages/airflow/example_dags/example_python_operator.py
[2026-09-22T16:28:37.305+0000] {logging_mixin.py:188} INFO - [2026-09-22T16:28:37.305+0000] {dag.py:3089} INFO - Sync 1 DAGs
[2026-09-22T16:28:37.325+0000] {logging_mixin.py:188} INFO - [2026-09-22T16:28:37.324+0000] {dag.py:3947} INFO - Setting next_dagrun for example_python_operator to None, run_after=None
[2026-09-22T16:28:37.421+0000] {processor.py:183} INFO - Processing /home/airflow/.local/lib/python3.12/site-packages/airflow/example_dags/example_python_operator.py took 0.178 seconds
[2026-09-22T16:29:07.867+0000] {processor.py:161} INFO - Started process (PID=1171) to work on /home/airflow/.local/lib/python3.12/site-packages/airflow/example_dags/example_python_operator.py
[2026-09-22T16:29:07.869+0000] {processor.py:830} INFO - Processing file /home/airflow/.local/lib/python3.12/site-packages/airflow/example_dags/example_python_operator.py for tasks to queue
[2026-09-22T16:29:07.872+0000] {logging_mixin.py:188} INFO - [2026-09-22T16:29:07.871+0000] {dagbag.py:545} INFO - Filling up the DagBag from /home/airflow/.local/lib/python3.12/site-packages/airflow/example_dags/example_python_operator.py
[2026-09-22T16:29:07.890+0000] {processor.py:840} INFO - DAG(s) 'example_python_operator' retrieved from /home/airflow/.local/lib/python3.12/site-packages/airflow/example_dags/example_python_operator.py
[2026-09-22T16:29:07.927+0000] {logging_mixin.py:188} INFO - [2026-09-22T16:29:07.927+0000] {dag.py:3089} INFO - Sync 1 DAGs
[2026-09-22T16:29:07.943+0000] {logging_mixin.py:188} INFO - [2026-09-22T16:29:07.942+0000] {dag.py:3947} INFO - Setting next_dagrun for example_python_operator to None, run_after=None
[2026-09-22T16:29:08.035+0000] {processor.py:183} INFO - Processing /home/airflow/.local/lib/python3.12/site-packages/airflow/example_dags/example_python_operator.py took 0.177 seconds
[2026-09-22T16:29:38.484+0000] {processor.py:161} INFO - Started process (PID=1228) to work on /home/airflow/.local/lib/python3.12/site-packages/airflow/example_dags/example_python_operator.py
[2026-09-22T16:29:38.486+0000] {processor.py:830} INFO - Processing file /home/airflow/.local/lib/python3.12/site-packages/airflow/example_dags/example_python_operator.py for tasks to queue
[2026-09-22T16:29:38.488+0000] {logging_mixin.py:188} INFO - [2026-09-22T16:29:38.488+0000] {dagbag.py:545} INFO - Filling up the DagBag from /home/airflow/.local/lib/python3.12/site-packages/airflow/example_dags/example_python_operator.py
[2026-09-22T16:29:38.502+0000] {processor.py:840} INFO - DAG(s) 'example_python_operator' retrieved from /home/airflow/.local/lib/python3.12/site-packages/airflow/example_dags/example_python_operator.py
[2026-09-22T16:29:38.540+0000] {logging_mixin.py:188} INFO - [2026-09-22T16:29:38.540+0000] {dag.py:3089} INFO - Sync 1 DAGs
[2026-09-22T16:29:38.558+0000] {logging_mixin.py:188} INFO - [2026-09-22T16:29:38.558+0000] {dag.py:3947} INFO - Setting next_dagrun for example_python_operator to None, run_after=None
[2026-09-22T16:29:38.651+0000] {processor.py:183} INFO - Processing /home/airflow/.local/lib/python3.12/site-packages/airflow/example_dags/example_python_operator.py took 0.176 seconds
[2026-09-22T16:30:09.526+0000] {processor.py:161} INFO - Started process (PID=1286) to work on /home/airflow/.local/lib/python3.12/site-packages/airflow/example_dags/example_python_operator.py
[2026-09-22T16:30:09.528+0000] {processor.py:830} INFO - Processing file /home/airflow/.local/lib/python3.12/site-packages/airflow/example_dags/example_python_operator.py for tasks to queue
[2026-09-22T16:30:09.532+0000] {logging_mixin.py:188} INFO - [2026-09-22T16:30:09.531+0000] {dagbag.py:545} INFO - Filling up the DagBag from /home/airflow/.local/lib/python3.12/site-packages/airflow/example_dags/example_python_operator.py
[2026-09-22T16:30:09.550+0000] {processor.py:840} INFO - DAG(s) 'example_python_operator' retrieved from /home/airflow/.local/lib/python3.12/site-packages/airflow/example_dags/example_python_operator.py
[2026-09-22T16:30:09.583+0000] {logging_mixin.py:188} INFO - [2026-09-22T16:30:09.583+0000] {dag.py:3089} INFO - Sync 1 DAGs
[2026-09-22T16:30:09.599+0000] {logging_mixin.py:188} INFO - [2026-09-22T16:30:09.598+0000] {dag.py:3947} INFO - Setting next_dagrun for example_python_operator to None, run_after=None
[2026-09-22T16:30:09.687+0000] {processor.py:183} INFO - Processing /home/airflow/.local/lib/python3.12/site-packages/airflow/example_dags/example_python_operator.py took 0.172 seconds
[2026-09-22T16:30:40.108+0000] {processor.py:161} INFO - Started process (PID=1344) to work on /home/airflow/.local/lib/python3.12/site-packages/airflow/example_dags/example_python_operator.py
[2026-09-22T16:30:40.110+0000] {processor.py:830} INFO - Processing file /home/airflow/.local/lib/python3.12/site-packages/airflow/example_dags/example_python_operator.py for tasks to queue
[2026-09-22T16:30:40.115+0000] {logging_mixin.py:188} INFO - [2026-09-22T16:30:40.114+0000] {dagbag.py:545} INFO - Filling up the DagBag from /home/airflow/.local/lib/python3.12/site-packages/airflow/example_dags/example_python_operator.py
[2026-09-22T16:30:40.135+0000] {processor.py:840} INFO - DAG(s) 'example_python_operator' retrieved from /home/airflow/.local/lib/python3.12/site-packages/airflow/example_dags/example_python_operator.py
[2026-09-22T16:30:40.180+0000] {logging_mixin.py:188} INFO - [2026-09-22T16:30:40.179+0000] {dag.py:3089} INFO - Sync 1 DAGs
[2026-09-22T16:30:40.203+0000] {logging_mixin.py:188} INFO - [2026-09-22T16:30:40.203+0000] {dag.py:3947} INFO - Setting next_dagrun for example_python_operator to None, run_after=None
[2026-09-22T16:30:40.244+0000] {processor.py:183} INFO - Processing /home/airflow/.local/lib/python3.12/site-packages/airflow/example_dags/example_python_operator.py took 0.148 seconds
[2026-09-22T16:31:10.794+0000] {processor.py:161} INFO - Started process (PID=1402) to work on /home/airflow/.local/lib/python3.12/site-packages/airflow/example_dags/example_python_operator.py
[2026-09-22T16:31:10.796+0000] {processor.py:830} INFO - Processing file /home/airflow/.local/lib/python3.12/site-packages/airflow/example_dags/example_python_operator.py for tasks to queue
[2026-09-22T16:31:10.800+0000] {logging_mixin.py:188} INFO - [2026-09-22T16:31:10.800+0000] {dagbag.py:545} INFO - Filling up the DagBag from /home/airflow/.local/lib/python3.12/site-packages/airflow/example_dags/example_python_operator.py
[2026-09-22T16:31:10.826+0000] {processor.py:840} INFO - DAG(s) 'example_python_operator' retrieved from /home/airflow/.local/lib/python3.12/site-packages/airflow/example_dags/example_python_operator.py
[2026-09-22T16:31:10.866+0000] {logging_mixin.py:188} INFO - [2026-09-22T16:31:10.865+0000] {dag.py:3089} INFO - Sync 1 DAGs
[2026-09-22T16:31:10.891+0000] {logging_mixin.py:188} INFO - [2026-09-22T16:31:10.891+0000] {dag.py:3947} INFO - Setting next_dagrun for example_python_operator to None, run_after=None
[2026-09-22T16:31:10.995+0000] {processor.py:183} INFO - Processing /home/airflow/.local/lib/python3.12/site-packages/airflow/example_dags/example_python_operator.py took 0.216 seconds
[2026-09-22T16:31:41.471+0000] {processor.py:161} INFO - Started process (PID=1460) to work on /home/airflow/.local/lib/python3.12/site-packages/airflow/example_dags/example_python_operator.py
[2026-09-22T16:31:41.472+0000] {processor.py:830} INFO - Processing file /home/airflow/.local/lib/python3.12/site-packages/airflow/example_dags/example_python_operator.py for tasks to queue
[2026-09-22T16:31:41.475+0000] {logging_mixin.py:188} INFO - [2026-09-22T16:31:41.475+0000] {dagbag.py:545} INFO - Filling up the DagBag from /home/airflow/.local/lib/python3.12/site-packages/airflow/example_dags/example_python_operator.py
[2026-09-22T16:31:41.493+0000] {processor.py:840} INFO - DAG(s) 'example_python_operator' retrieved from /home/airflow/.local/lib/python3.12/site-packages/airflow/example_dags/example_python_operator.py
[2026-09-22T16:31:41.531+0000] {logging_mixin.py:188} INFO - [2026-09-22T16:31:41.530+0000] {dag.py:3089} INFO - Sync 1 DAGs
[2026-09-22T16:31:41.552+0000] {logging_mixin.py:188} INFO - [2026-09-22T16:31:41.551+0000] {dag.py:3947} INFO - Setting next_dagrun for example_python_operator to None, run_after=None
[2026-09-22T16:31:41.580+0000] {processor.py:183} INFO - Processing /home/airflow/.local/lib/python3.12/site-packages/airflow/example_dags/example_python_operator.py took 0.119 seconds
[2026-09-22T16:32:12.063+0000] {processor.py:161} INFO - Started process (PID=1518) to work on /home/airflow/.local/lib/python3.12/site-packages/airflow/example_dags/example_python_operator.py
[2026-09-22T16:32:12.067+0000] {processor.py:830} INFO - Processing file /home/airflow/.local/lib/python3.12/site-packages/airflow/example_dags/example_python_operator.py for tasks to queue
[2026-09-22T16:32:12.072+0000] {logging_mixin.py:188} INFO - [2026-09-22T16:32:12.072+0000] {dagbag.py:545} INFO - Filling up the DagBag from /home/airflow/.local/lib/python3.12/site-packages/airflow/example_dags/example_python_operator.py
[2026-09-22T16:32:12.108+0000] {processor.py:840} INFO - DAG(s) 'example_python_operator' retrieved from /home/airflow/.local/lib/python3.12/site-packages/airflow/example_dags/example_python_operator.py
[2026-09-22T16:32:12.164+0000] {logging_mixin.py:188} INFO - [2026-09-22T16:32:12.164+0000] {dag.py:3089} INFO - Sync 1 DAGs
[2026-09-22T16:32:12.192+0000] {logging_mixin.py:188} INFO - [2026-09-22T16:32:12.191+0000] {dag.py:3947} INFO - Setting next_dagrun for example_python_operator to None, run_after=None
[2026-09-22T16:32:12.245+0000] {processor.py:183} INFO - Processing /home/airflow/.local/lib/python3.12/site-packages/airflow/example_dags/example_python_operator.py took 0.200 seconds
[2026-09-22T16:32:43.076+0000] {processor.py:161} INFO - Started process (PID=1576) to work on /home/airflow/.local/lib/python3.12/site-packages/airflow/example_dags/example_python_operator.py
[2026-09-22T16:32:43.078+0000] {processor.py:830} INFO - Processing file /home/airflow/.local/lib/python3.12/site-packages/airflow/example_dags/example_python_operator.py for tasks to queue
[2026-09-22T16:32:43.087+0000] {logging_mixin.py:188} INFO - [2026-09-22T16:32:43.086+0000] {dagbag.py:545} INFO - Filling up the DagBag from /home/airflow/.local/lib/python3.12/site-packages/airflow/example_dags/example_python_operator.py
[2026-09-22T16:32:43.113+0000] {processor.py:840} INFO - DAG(s) 'example_python_operator' retrieved from /home/airflow/.local/lib/python3.12/site-packages/airflow/example_dags/example_python_operator.py
[2026-09-22T16:32:43.156+0000] {logging_mixin.py:188} INFO - [2026-09-22T16:32:43.155+0000] {dag.py:3089} INFO - Sync 1 DAGs
[2026-09-22T16:32:43.180+0000] {logging_mixin.py:188} INFO - [2026-09-22T16:32:43.179+0000] {dag.py:3947} INFO - Setting next_dagrun for example_python_operator to None, run_after=None
[2026-09-22T16:32:43.265+0000] {processor.py:183} INFO - Processing /home/airflow/.local/lib/python3.12/site-packages/airflow/example_dags/example_python_operator.py took 0.202 seconds
[2026-09-22T16:33:13.690+0000] {processor.py:161} INFO - Started process (PID=1634) to work on /home/airflow/.local/lib/python3.12/site-packages/airflow/example_dags/example_python_operator.py
[2026-09-22T16:33:13.692+0000] {processor.py:830} INFO - Processing file /home/airflow/.local/lib/python3.12/site-packages/airflow/example_dags/example_python_operator.py for tasks to queue
[2026-09-22T16:33:13.696+0000] {logging_mixin.py:188} INFO - [2026-09-22T16:33:13.695+0000] {dagbag.py:545} INFO - Filling up the DagBag from /home/airflow/.local/lib/python3.12/site-packages/airflow/example_dags/example_python_operator.py
[2026-09-22T16:33:13.715+0000] {processor.py:840} INFO - DAG(s) 'example_python_operator' retrieved from /home/airflow/.local/lib/python3.12/site-packages/airflow/example_dags/example_python_operator.py
[2026-09-22T16:33:13.777+0000] {logging_mixin.py:188} INFO - [2026-09-22T16:33:13.777+0000] {dag.py:3089} INFO - Sync 1 DAGs
[2026-09-22T16:33:13.809+0000] {logging_mixin.py:188} INFO - [2026-09-22T16:33:13.808+0000] {dag.py:3947} INFO - Setting next_dagrun for example_python_operator to None, run_after=None
[2026-09-22T16:33:13.843+0000] {processor.py:183} INFO - Processing /home/airflow/.local/lib/python3.12/site-packages/airflow/example_dags/example_python_operator.py took 0.164 seconds
[2026-09-22T16:33:44.015+0000] {processor.py:161} INFO - Started process (PID=1692) to work on /home/airflow/.local/lib/python3.12/site-packages/airflow/example_dags/example_python_operator.py
[2026-09-22T16:33:44.020+0000] {processor.py:830} INFO - Processing file /home/airflow/.local/lib/python3.12/site-packages/airflow/example_dags/example_python_operator.py for tasks to queue
[2026-09-22T16:33:44.023+0000] {logging_mixin.py:188} INFO - [2026-09-22T16:33:44.022+0000] {dagbag.py:545} INFO - Filling up the DagBag from /home/airflow/.local/lib/python3.12/site-packages/airflow/example_dags/example_python_operator.py
[2026-09-22T16:33:44.046+0000] {processor.py:840} INFO - DAG(s) 'example_python_operator' retrieved from /home/airflow/.local/lib/python3.12/site-packages/airflow/example_dags/example_python_operator.py
[2026-09-22T16:33:44.087+0000] {logging_mixin.py:188} INFO - [2026-09-22T16:33:44.087+0000] {dag.py:3089} INFO - Sync 1 DAGs
[2026-09-22T16:33:44.103+0000] {logging_mixin.py:188} INFO - [2026-09-22T16:33:44.103+0000] {dag.py:3947} INFO - Setting next_dagrun for example_python_operator to None, run_after=None
[2026-09-22T16:33:44.176+0000] {processor.py:183} INFO - Processing /home/airflow/.local/lib/python3.12/site-packages/airflow/example_dags/example_python_operator.py took 0.174 seconds
[2026-09-22T16:34:14.379+0000] {processor.py:161} INFO - Started process (PID=1750) to work on /home/airflow/.local/lib/python3.12/site-packages/airflow/example_dags/example_python_operator.py
[2026-09-22T16:34:14.380+0000] {processor.py:830} INFO - Processing file /home/airflow/.local/lib/python3.12/site-packages/airflow/example_dags/example_python_operator.py for tasks to queue
[2026-09-22T16:34:14.383+0000] {logging_mixin.py:188} INFO - [2026-09-22T16:34:14.383+0000] {dagbag.py:545} INFO - Filling up the DagBag from /home/airflow/.local/lib/python3.12/site-packages/airflow/example_dags/example_python_operator.py
[2026-09-22T16:34:14.402+0000] {processor.py:840} INFO - DAG(s) 'example_python_operator' retrieved from /home/airflow/.local/lib/python3.12/site-packages/airflow/example_dags/example_python_operator.py
[2026-09-22T16:34:14.431+0000] {logging_mixin.py:188} INFO - [2026-09-22T16:34:14.430+0000] {dag.py:3089} INFO - Sync 1 DAGs
[2026-09-22T16:34:14.448+0000] {logging_mixin.py:188} INFO - [2026-09-22T16:34:14.448+0000] {dag.py:3947} INFO - Setting next_dagrun for example_python_operator to None, run_after=None
[2026-09-22T16:34:14.545+0000] {processor.py:183} INFO - Processing /home/airflow/.local/lib/python3.12/site-packages/airflow/example_dags/example_python_operator.py took 0.175 seconds
[2026-09-22T16:34:45.000+0000] {processor.py:161} INFO - Started process (PID=1808) to work on /home/airflow/.local/lib/python3.12/site-packages/airflow/example_dags/example_python_operator.py
[2026-09-22T16:34:45.002+0000] {processor.py:830} INFO - Processing file /home/airflow/.local/lib/python3.12/site-packages/airflow/example_dags/example_python_operator.py for tasks to queue
[2026-09-22T16:34:45.005+0000] {logging_mixin.py:188} INFO - [2026-09-22T16:34:45.005+0000] {dagbag.py:545} INFO - Filling up the DagBag from /home/airflow/.local/lib/python3.12/site-packages/airflow/example_dags/example_python_operator.py
[2026-09-22T16:34:45.019+0000] {processor.py:840} INFO - DAG(s) 'example_python_operator' retrieved from /home/airflow/.local/lib/python3.12/site-packages/airflow/example_dags/example_python_operator.py
[2026-09-22T16:34:45.050+0000] {logging_mixin.py:188} INFO - [2026-09-22T16:34:45.049+0000] {dag.py:3089} INFO - Sync 1 DAGs
[2026-09-22T16:34:45.066+0000] {logging_mixin.py:188} INFO - [2026-09-22T16:34:45.066+0000] {dag.py:3947} INFO - Setting next_dagrun for example_python_operator to None, run_after=None
[2026-09-22T16:34:45.159+0000] {processor.py:183} INFO - Processing /home/airflow/.local/lib/python3.12/site-packages/airflow/example_dags/example_python_operator.py took 0.169 seconds
[2026-09-22T16:35:15.565+0000] {processor.py:161} INFO - Started process (PID=1866) to work on /home/airflow/.local/lib/python3.12/site-packages/airflow/example_dags/example_python_operator.py
[2026-09-22T16:35:15.568+0000] {processor.py:830} INFO - Processing file /home/airflow/.local/lib/python3.12/site-packages/airflow/example_dags/example_python_operator.py for tasks to queue
[2026-09-22T16:35:15.572+0000] {logging_mixin.py:188} INFO - [2026-09-22T16:35:15.571+0000] {dagbag.py:545} INFO - Filling up the DagBag from /home/airflow/.local/lib/python3.12/site-packages/airflow/example_dags/example_python_operator.py
[2026-09-22T16:35:15.588+0000] {processor.py:840} INFO - DAG(s) 'example_python_operator' retrieved from /home/airflow/.local/lib/python3.12/site-packages/airflow/example_dags/example_python_operator.py
[2026-09-22T16:35:15.625+0000] {logging_mixin.py:188} INFO - [2026-09-22T16:35:15.624+0000] {dag.py:3089} INFO - Sync 1 DAGs
[2026-09-22T16:35:15.643+0000] {logging_mixin.py:188} INFO - [2026-09-22T16:35:15.643+0000] {dag.py:3947} INFO - Setting next_dagrun for example_python_operator to None, run_after=None
[2026-09-22T16:35:15.676+0000] {processor.py:183} INFO - Processing /home/airflow/.local/lib/python3.12/site-packages/airflow/example_dags/example_python_operator.py took 0.123 seconds
[2026-09-22T16:35:45.885+0000] {processor.py:161} INFO - Started process (PID=1924) to work on /home/airflow/.local/lib/python3.12/site-packages/airflow/example_dags/example_python_operator.py
[2026-09-22T16:35:45.888+0000] {processor.py:830} INFO - Processing file /home/airflow/.local/lib/python3.12/site-packages/airflow/example_dags/example_python_operator.py for tasks to queue
[2026-09-22T16:35:45.891+0000] {logging_mixin.py:188} INFO - [2026-09-22T16:35:45.891+0000] {dagbag.py:545} INFO - Filling up the DagBag from /home/airflow/.local/lib/python3.12/site-packages/airflow/example_dags/example_python_operator.py
[2026-09-22T16:35:45.909+0000] {processor.py:840} INFO - DAG(s) 'example_python_operator' retrieved from /home/airflow/.local/lib/python3.12/site-packages/airflow/example_dags/example_python_operator.py
[2026-09-22T16:35:45.944+0000] {logging_mixin.py:188} INFO - [2026-09-22T16:35:45.943+0000] {dag.py:3089} INFO - Sync 1 DAGs
[2026-09-22T16:35:45.962+0000] {logging_mixin.py:188} INFO - [2026-09-22T16:35:45.961+0000] {dag.py:3947} INFO - Setting next_dagrun for example_python_operator to None, run_after=None
[2026-09-22T16:35:46.040+0000] {processor.py:183} INFO - Processing /home/airflow/.local/lib/python3.12/site-packages/airflow/example_dags/example_python_operator.py took 0.167 seconds
[2026-09-22T16:36:16.343+0000] {processor.py:161} INFO - Started process (PID=1982) to work on /home/airflow/.local/lib/python3.12/site-packages/airflow/example_dags/example_python_operator.py
[2026-09-22T16:36:16.345+0000] {processor.py:830} INFO - Processing file /home/airflow/.local/lib/python3.12/site-packages/airflow/example_dags/example_python_operator.py for tasks to queue
[2026-09-22T16:36:16.348+0000] {logging_mixin.py:188} INFO - [2026-09-22T16:36:16.347+0000] {dagbag.py:545} INFO - Filling up the DagBag from /home/airflow/.local/lib/python3.12/site-packages/airflow/example_dags/example_python_operator.py
[2026-09-22T16:36:16.362+0000] {processor.py:840} INFO - DAG(s) 'example_python_operator' retrieved from /home/airflow/.local/lib/python3.12/site-packages/airflow/example_dags/example_python_operator.py
[2026-09-22T16:36:16.393+0000] {logging_mixin.py:188} INFO - [2026-09-22T16:36:16.392+0000] {dag.py:3089} INFO - Sync 1 DAGs
[2026-09-22T16:36:16.413+0000] {logging_mixin.py:188} INFO - [2026-09-22T16:36:16.412+0000] {dag.py:3947} INFO - Setting next_dagrun for example_python_operator to None, run_after=None
[2026-09-22T16:36:16.647+0000] {processor.py:183} INFO - Processing /home/airflow/.local/lib/python3.12/site-packages/airflow/example_dags/example_python_operator.py took 0.314 seconds
[2026-09-22T16:36:46.872+0000] {processor.py:161} INFO - Started process (PID=2038) to work on /home/airflow/.local/lib/python3.12/site-packages/airflow/example_dags/example_python_operator.py
[2026-09-22T16:36:46.874+0000] {processor.py:830} INFO - Processing file /home/airflow/.local/lib/python3.12/site-packages/airflow/example_dags/example_python_operator.py for tasks to queue
[2026-09-22T16:36:46.878+0000] {logging_mixin.py:188} INFO - [2026-09-22T16:36:46.878+0000] {dagbag.py:545} INFO - Filling up the DagBag from /home/airflow/.local/lib/python3.12/site-packages/airflow/example_dags/example_python_operator.py
[2026-09-22T16:36:46.896+0000] {processor.py:840} INFO - DAG(s) 'example_python_operator' retrieved from /home/airflow/.local/lib/python3.12/site-packages/airflow/example_dags/example_python_operator.py
[2026-09-22T16:36:46.928+0000] {logging_mixin.py:188} INFO - [2026-09-22T16:36:46.928+0000] {dag.py:3089} INFO - Sync 1 DAGs
[2026-09-22T16:36:46.943+0000] {logging_mixin.py:188} INFO - [2026-09-22T16:36:46.943+0000] {dag.py:3947} INFO - Setting next_dagrun for example_python_operator to None, run_after=None
[2026-09-22T16:36:46.970+0000] {processor.py:183} INFO - Processing /home/airflow/.local/lib/python3.12/site-packages/airflow/example_dags/example_python_operator.py took 0.107 seconds
[2026-09-22T16:37:17.194+0000] {processor.py:161} INFO - Started process (PID=2096) to work on /home/airflow/.local/lib/python3.12/site-packages/airflow/example_dags/example_python_operator.py
[2026-09-22T16:37:17.196+0000] {processor.py:830} INFO - Processing file /home/airflow/.local/lib/python3.12/site-packages/airflow/example_dags/example_python_operator.py for tasks to queue
[2026-09-22T16:37:17.200+0000] {logging_mixin.py:188} INFO - [2026-09-22T16:37:17.199+0000] {dagbag.py:545} INFO - Filling up the DagBag from /home/airflow/.local/lib/python3.12/site-packages/airflow/example_dags/example_python_operator.py
[2026-09-22T16:37:17.222+0000] {processor.py:840} INFO - DAG(s) 'example_python_operator' retrieved from /home/airflow/.local/lib/python3.12/site-packages/airflow/example_dags/example_python_operator.py
[2026-09-22T16:37:17.253+0000] {logging_mixin.py:188} INFO - [2026-09-22T16:37:17.253+0000] {dag.py:3089} INFO - Sync 1 DAGs
[2026-09-22T16:37:17.271+0000] {logging_mixin.py:188} INFO - [2026-09-22T16:37:17.271+0000] {dag.py:3947} INFO - Setting next_dagrun for example_python_operator to None, run_after=None
[2026-09-22T16:37:17.363+0000] {processor.py:183} INFO - Processing /home/airflow/.local/lib/python3.12/site-packages/airflow/example_dags/example_python_operator.py took 0.188 seconds
[2026-09-22T16:37:47.961+0000] {processor.py:161} INFO - Started process (PID=2154) to work on /home/airflow/.local/lib/python3.12/site-packages/airflow/example_dags/example_python_operator.py
[2026-09-22T16:37:47.962+0000] {processor.py:830} INFO - Processing file /home/airflow/.local/lib/python3.12/site-packages/airflow/example_dags/example_python_operator.py for tasks to queue
[2026-09-22T16:37:47.965+0000] {logging_mixin.py:188} INFO - [2026-09-22T16:37:47.965+0000] {dagbag.py:545} INFO - Filling up the DagBag from /home/airflow/.local/lib/python3.12/site-packages/airflow/example_dags/example_python_operator.py
[2026-09-22T16:37:47.983+0000] {processor.py:840} INFO - DAG(s) 'example_python_operator' retrieved from /home/airflow/.local/lib/python3.12/site-packages/airflow/example_dags/example_python_operator.py
[2026-09-22T16:37:48.022+0000] {logging_mixin.py:188} INFO - [2026-09-22T16:37:48.021+0000] {dag.py:3089} INFO - Sync 1 DAGs
[2026-09-22T16:37:48.249+0000] {logging_mixin.py:188} INFO - [2026-09-22T16:37:48.249+0000] {dag.py:3947} INFO - Setting next_dagrun for example_python_operator to None, run_after=None
[2026-09-22T16:37:48.294+0000] {processor.py:183} INFO - Processing /home/airflow/.local/lib/python3.12/site-packages/airflow/example_dags/example_python_operator.py took 0.345 seconds
[2026-09-22T16:38:18.973+0000] {processor.py:161} INFO - Started process (PID=2212) to work on /home/airflow/.local/lib/python3.12/site-packages/airflow/example_dags/example_python_operator.py
[2026-09-22T16:38:18.975+0000] {processor.py:830} INFO - Processing file /home/airflow/.local/lib/python3.12/site-packages/airflow/example_dags/example_python_operator.py for tasks to queue
[2026-09-22T16:38:18.979+0000] {logging_mixin.py:188} INFO - [2026-09-22T16:38:18.978+0000] {dagbag.py:545} INFO - Filling up the DagBag from /home/airflow/.local/lib/python3.12/site-packages/airflow/example_dags/example_python_operator.py
[2026-09-22T16:38:18.999+0000] {processor.py:840} INFO - DAG(s) 'example_python_operator' retrieved from /home/airflow/.local/lib/python3.12/site-packages/airflow/example_dags/example_python_operator.py
[2026-09-22T16:38:19.028+0000] {logging_mixin.py:188} INFO - [2026-09-22T16:38:19.028+0000] {dag.py:3089} INFO - Sync 1 DAGs
[2026-09-22T16:38:19.044+0000] {logging_mixin.py:188} INFO - [2026-09-22T16:38:19.044+0000] {dag.py:3947} INFO - Setting next_dagrun for example_python_operator to None, run_after=None
[2026-09-22T16:38:19.144+0000] {processor.py:183} INFO - Processing /home/airflow/.local/lib/python3.12/site-packages/airflow/example_dags/example_python_operator.py took 0.184 seconds
[2026-09-22T16:41:43.956+0000] {processor.py:161} INFO - Started process (PID=65) to work on /home/airflow/.local/lib/python3.12/site-packages/airflow/example_dags/example_python_operator.py
[2026-09-22T16:41:43.959+0000] {processor.py:830} INFO - Processing file /home/airflow/.local/lib/python3.12/site-packages/airflow/example_dags/example_python_operator.py for tasks to queue
[2026-09-22T16:41:43.962+0000] {logging_mixin.py:188} INFO - [2026-09-22T16:41:43.961+0000] {dagbag.py:545} INFO - Filling up the DagBag from /home/airflow/.local/lib/python3.12/site-packages/airflow/example_dags/example_python_operator.py
[2026-09-22T16:41:43.994+0000] {processor.py:840} INFO - DAG(s) 'example_python_operator' retrieved from /home/airflow/.local/lib/python3.12/site-packages/airflow/example_dags/example_python_operator.py
[2026-09-22T16:41:44.237+0000] {logging_mixin.py:188} INFO - [2026-09-22T16:41:44.237+0000] {dag.py:3089} INFO - Sync 1 DAGs
[2026-09-22T16:41:44.267+0000] {logging_mixin.py:188} INFO - [2026-09-22T16:41:44.267+0000] {dag.py:3947} INFO - Setting next_dagrun for example_python_operator to None, run_after=None
[2026-09-22T16:41:44.307+0000] {processor.py:183} INFO - Processing /home/airflow/.local/lib/python3.12/site-packages/airflow/example_dags/example_python_operator.py took 0.361 seconds
[2026-09-22T16:42:15.078+0000] {processor.py:161} INFO - Started process (PID=123) to work on /home/airflow/.local/lib/python3.12/site-packages/airflow/example_dags/example_python_operator.py
[2026-09-22T16:42:15.081+0000] {processor.py:830} INFO - Processing file /home/airflow/.local/lib/python3.12/site-packages/airflow/example_dags/example_python_operator.py for tasks to queue
[2026-09-22T16:42:15.084+0000] {logging_mixin.py:188} INFO - [2026-09-22T16:42:15.084+0000] {dagbag.py:545} INFO - Filling up the DagBag from /home/airflow/.local/lib/python3.12/site-packages/airflow/example_dags/example_python_operator.py
[2026-09-22T16:42:15.102+0000] {processor.py:840} INFO - DAG(s) 'example_python_operator' retrieved from /home/airflow/.local/lib/python3.12/site-packages/airflow/example_dags/example_python_operator.py
[2026-09-22T16:42:15.139+0000] {logging_mixin.py:188} INFO - [2026-09-22T16:42:15.139+0000] {dag.py:3089} INFO - Sync 1 DAGs
[2026-09-22T16:42:15.269+0000] {logging_mixin.py:188} INFO - [2026-09-22T16:42:15.268+0000] {dag.py:3947} INFO - Setting next_dagrun for example_python_operator to None, run_after=None
[2026-09-22T16:42:15.357+0000] {processor.py:183} INFO - Processing /home/airflow/.local/lib/python3.12/site-packages/airflow/example_dags/example_python_operator.py took 0.294 seconds
[2026-09-22T16:43:44.823+0000] {processor.py:161} INFO - Started process (PID=64) to work on /home/airflow/.local/lib/python3.12/site-packages/airflow/example_dags/example_python_operator.py
[2026-09-22T16:43:44.825+0000] {processor.py:830} INFO - Processing file /home/airflow/.local/lib/python3.12/site-packages/airflow/example_dags/example_python_operator.py for tasks to queue
[2026-09-22T16:43:44.830+0000] {logging_mixin.py:188} INFO - [2026-09-22T16:43:44.829+0000] {dagbag.py:545} INFO - Filling up the DagBag from /home/airflow/.local/lib/python3.12/site-packages/airflow/example_dags/example_python_operator.py
[2026-09-22T16:43:44.853+0000] {processor.py:840} INFO - DAG(s) 'example_python_operator' retrieved from /home/airflow/.local/lib/python3.12/site-packages/airflow/example_dags/example_python_operator.py
[2026-09-22T16:43:45.071+0000] {logging_mixin.py:188} INFO - [2026-09-22T16:43:45.070+0000] {dag.py:3089} INFO - Sync 1 DAGs
[2026-09-22T16:43:45.093+0000] {logging_mixin.py:188} INFO - [2026-09-22T16:43:45.093+0000] {dag.py:3947} INFO - Setting next_dagrun for example_python_operator to None, run_after=None
[2026-09-22T16:43:45.133+0000] {processor.py:183} INFO - Processing /home/airflow/.local/lib/python3.12/site-packages/airflow/example_dags/example_python_operator.py took 0.325 seconds
[2026-09-22T16:44:15.231+0000] {processor.py:161} INFO - Started process (PID=123) to work on /home/airflow/.local/lib/python3.12/site-packages/airflow/example_dags/example_python_operator.py
[2026-09-22T16:44:15.233+0000] {processor.py:830} INFO - Processing file /home/airflow/.local/lib/python3.12/site-packages/airflow/example_dags/example_python_operator.py for tasks to queue
[2026-09-22T16:44:15.236+0000] {logging_mixin.py:188} INFO - [2026-09-22T16:44:15.236+0000] {dagbag.py:545} INFO - Filling up the DagBag from /home/airflow/.local/lib/python3.12/site-packages/airflow/example_dags/example_python_operator.py
[2026-09-22T16:44:15.254+0000] {processor.py:840} INFO - DAG(s) 'example_python_operator' retrieved from /home/airflow/.local/lib/python3.12/site-packages/airflow/example_dags/example_python_operator.py
[2026-09-22T16:44:15.286+0000] {logging_mixin.py:188} INFO - [2026-09-22T16:44:15.285+0000] {dag.py:3089} INFO - Sync 1 DAGs
[2026-09-22T16:44:15.306+0000] {logging_mixin.py:188} INFO - [2026-09-22T16:44:15.305+0000] {dag.py:3947} INFO - Setting next_dagrun for example_python_operator to None, run_after=None
[2026-09-22T16:44:15.402+0000] {processor.py:183} INFO - Processing /home/airflow/.local/lib/python3.12/site-packages/airflow/example_dags/example_python_operator.py took 0.181 seconds
[2026-09-22T16:44:45.718+0000] {processor.py:161} INFO - Started process (PID=186) to work on /home/airflow/.local/lib/python3.12/site-packages/airflow/example_dags/example_python_operator.py
[2026-09-22T16:44:45.724+0000] {processor.py:830} INFO - Processing file /home/airflow/.local/lib/python3.12/site-packages/airflow/example_dags/example_python_operator.py for tasks to queue
[2026-09-22T16:44:45.730+0000] {logging_mixin.py:188} INFO - [2026-09-22T16:44:45.729+0000] {dagbag.py:545} INFO - Filling up the DagBag from /home/airflow/.local/lib/python3.12/site-packages/airflow/example_dags/example_python_operator.py
[2026-09-22T16:44:45.767+0000] {processor.py:840} INFO - DAG(s) 'example_python_operator' retrieved from /home/airflow/.local/lib/python3.12/site-packages/airflow/example_dags/example_python_operator.py
[2026-09-22T16:44:45.826+0000] {logging_mixin.py:188} INFO - [2026-09-22T16:44:45.825+0000] {dag.py:3089} INFO - Sync 1 DAGs
[2026-09-22T16:44:45.851+0000] {logging_mixin.py:188} INFO - [2026-09-22T16:44:45.851+0000] {dag.py:3947} INFO - Setting next_dagrun for example_python_operator to None, run_after=None
[2026-09-22T16:44:45.899+0000] {processor.py:183} INFO - Processing /home/airflow/.local/lib/python3.12/site-packages/airflow/example_dags/example_python_operator.py took 0.193 seconds
[2026-09-22T16:45:15.965+0000] {processor.py:161} INFO - Started process (PID=244) to work on /home/airflow/.local/lib/python3.12/site-packages/airflow/example_dags/example_python_operator.py
[2026-09-22T16:45:15.967+0000] {processor.py:830} INFO - Processing file /home/airflow/.local/lib/python3.12/site-packages/airflow/example_dags/example_python_operator.py for tasks to queue
[2026-09-22T16:45:15.970+0000] {logging_mixin.py:188} INFO - [2026-09-22T16:45:15.970+0000] {dagbag.py:545} INFO - Filling up the DagBag from /home/airflow/.local/lib/python3.12/site-packages/airflow/example_dags/example_python_operator.py
[2026-09-22T16:45:15.989+0000] {processor.py:840} INFO - DAG(s) 'example_python_operator' retrieved from /home/airflow/.local/lib/python3.12/site-packages/airflow/example_dags/example_python_operator.py
[2026-09-22T16:45:16.031+0000] {logging_mixin.py:188} INFO - [2026-09-22T16:45:16.031+0000] {dag.py:3089} INFO - Sync 1 DAGs
[2026-09-22T16:45:16.063+0000] {logging_mixin.py:188} INFO - [2026-09-22T16:45:16.062+0000] {dag.py:3947} INFO - Setting next_dagrun for example_python_operator to None, run_after=None
[2026-09-22T16:45:16.154+0000] {processor.py:183} INFO - Processing /home/airflow/.local/lib/python3.12/site-packages/airflow/example_dags/example_python_operator.py took 0.199 seconds
[2026-09-22T16:45:46.277+0000] {processor.py:161} INFO - Started process (PID=308) to work on /home/airflow/.local/lib/python3.12/site-packages/airflow/example_dags/example_python_operator.py
[2026-09-22T16:45:46.279+0000] {processor.py:830} INFO - Processing file /home/airflow/.local/lib/python3.12/site-packages/airflow/example_dags/example_python_operator.py for tasks to queue
[2026-09-22T16:45:46.283+0000] {logging_mixin.py:188} INFO - [2026-09-22T16:45:46.283+0000] {dagbag.py:545} INFO - Filling up the DagBag from /home/airflow/.local/lib/python3.12/site-packages/airflow/example_dags/example_python_operator.py
[2026-09-22T16:45:46.295+0000] {processor.py:840} INFO - DAG(s) 'example_python_operator' retrieved from /home/airflow/.local/lib/python3.12/site-packages/airflow/example_dags/example_python_operator.py
[2026-09-22T16:45:46.324+0000] {logging_mixin.py:188} INFO - [2026-09-22T16:45:46.323+0000] {dag.py:3089} INFO - Sync 1 DAGs
[2026-09-22T16:45:46.340+0000] {logging_mixin.py:188} INFO - [2026-09-22T16:45:46.340+0000] {dag.py:3947} INFO - Setting next_dagrun for example_python_operator to None, run_after=None
[2026-09-22T16:45:46.431+0000] {processor.py:183} INFO - Processing /home/airflow/.local/lib/python3.12/site-packages/airflow/example_dags/example_python_operator.py took 0.161 seconds
[2026-09-22T16:46:16.580+0000] {processor.py:161} INFO - Started process (PID=366) to work on /home/airflow/.local/lib/python3.12/site-packages/airflow/example_dags/example_python_operator.py
[2026-09-22T16:46:16.582+0000] {processor.py:830} INFO - Processing file /home/airflow/.local/lib/python3.12/site-packages/airflow/example_dags/example_python_operator.py for tasks to queue
[2026-09-22T16:46:16.586+0000] {logging_mixin.py:188} INFO - [2026-09-22T16:46:16.585+0000] {dagbag.py:545} INFO - Filling up the DagBag from /home/airflow/.local/lib/python3.12/site-packages/airflow/example_dags/example_python_operator.py
[2026-09-22T16:46:16.606+0000] {processor.py:840} INFO - DAG(s) 'example_python_operator' retrieved from /home/airflow/.local/lib/python3.12/site-packages/airflow/example_dags/example_python_operator.py
[2026-09-22T16:46:16.639+0000] {logging_mixin.py:188} INFO - [2026-09-22T16:46:16.639+0000] {dag.py:3089} INFO - Sync 1 DAGs
[2026-09-22T16:46:16.657+0000] {logging_mixin.py:188} INFO - [2026-09-22T16:46:16.656+0000] {dag.py:3947} INFO - Setting next_dagrun for example_python_operator to None, run_after=None
[2026-09-22T16:46:16.742+0000] {processor.py:183} INFO - Processing /home/airflow/.local/lib/python3.12/site-packages/airflow/example_dags/example_python_operator.py took 0.174 seconds
[2026-09-22T16:46:47.110+0000] {processor.py:161} INFO - Started process (PID=424) to work on /home/airflow/.local/lib/python3.12/site-packages/airflow/example_dags/example_python_operator.py
[2026-09-22T16:46:47.113+0000] {processor.py:830} INFO - Processing file /home/airflow/.local/lib/python3.12/site-packages/airflow/example_dags/example_python_operator.py for tasks to queue
[2026-09-22T16:46:47.118+0000] {logging_mixin.py:188} INFO - [2026-09-22T16:46:47.117+0000] {dagbag.py:545} INFO - Filling up the DagBag from /home/airflow/.local/lib/python3.12/site-packages/airflow/example_dags/example_python_operator.py
[2026-09-22T16:46:47.139+0000] {processor.py:840} INFO - DAG(s) 'example_python_operator' retrieved from /home/airflow/.local/lib/python3.12/site-packages/airflow/example_dags/example_python_operator.py
[2026-09-22T16:46:47.172+0000] {logging_mixin.py:188} INFO - [2026-09-22T16:46:47.172+0000] {dag.py:3089} INFO - Sync 1 DAGs
[2026-09-22T16:46:47.192+0000] {logging_mixin.py:188} INFO - [2026-09-22T16:46:47.191+0000] {dag.py:3947} INFO - Setting next_dagrun for example_python_operator to None, run_after=None
[2026-09-22T16:46:47.278+0000] {processor.py:183} INFO - Processing /home/airflow/.local/lib/python3.12/site-packages/airflow/example_dags/example_python_operator.py took 0.180 seconds
[2026-09-22T16:47:18.214+0000] {processor.py:161} INFO - Started process (PID=482) to work on /home/airflow/.local/lib/python3.12/site-packages/airflow/example_dags/example_python_operator.py
[2026-09-22T16:47:18.217+0000] {processor.py:830} INFO - Processing file /home/airflow/.local/lib/python3.12/site-packages/airflow/example_dags/example_python_operator.py for tasks to queue
[2026-09-22T16:47:18.220+0000] {logging_mixin.py:188} INFO - [2026-09-22T16:47:18.220+0000] {dagbag.py:545} INFO - Filling up the DagBag from /home/airflow/.local/lib/python3.12/site-packages/airflow/example_dags/example_python_operator.py
[2026-09-22T16:47:18.242+0000] {processor.py:840} INFO - DAG(s) 'example_python_operator' retrieved from /home/airflow/.local/lib/python3.12/site-packages/airflow/example_dags/example_python_operator.py
[2026-09-22T16:47:18.269+0000] {logging_mixin.py:188} INFO - [2026-09-22T16:47:18.269+0000] {dag.py:3089} INFO - Sync 1 DAGs
[2026-09-22T16:47:18.286+0000] {logging_mixin.py:188} INFO - [2026-09-22T16:47:18.286+0000] {dag.py:3947} INFO - Setting next_dagrun for example_python_operator to None, run_after=None
[2026-09-22T16:47:18.385+0000] {processor.py:183} INFO - Processing /home/airflow/.local/lib/python3.12/site-packages/airflow/example_dags/example_python_operator.py took 0.191 seconds
[2026-09-22T16:47:48.734+0000] {processor.py:161} INFO - Started process (PID=540) to work on /home/airflow/.local/lib/python3.12/site-packages/airflow/example_dags/example_python_operator.py
[2026-09-22T16:47:48.737+0000] {processor.py:830} INFO - Processing file /home/airflow/.local/lib/python3.12/site-packages/airflow/example_dags/example_python_operator.py for tasks to queue
[2026-09-22T16:47:48.740+0000] {logging_mixin.py:188} INFO - [2026-09-22T16:47:48.740+0000] {dagbag.py:545} INFO - Filling up the DagBag from /home/airflow/.local/lib/python3.12/site-packages/airflow/example_dags/example_python_operator.py
[2026-09-22T16:47:48.761+0000] {processor.py:840} INFO - DAG(s) 'example_python_operator' retrieved from /home/airflow/.local/lib/python3.12/site-packages/airflow/example_dags/example_python_operator.py
[2026-09-22T16:47:48.801+0000] {logging_mixin.py:188} INFO - [2026-09-22T16:47:48.800+0000] {dag.py:3089} INFO - Sync 1 DAGs
[2026-09-22T16:47:48.820+0000] {logging_mixin.py:188} INFO - [2026-09-22T16:47:48.820+0000] {dag.py:3947} INFO - Setting next_dagrun for example_python_operator to None, run_after=None
[2026-09-22T16:47:48.913+0000] {processor.py:183} INFO - Processing /home/airflow/.local/lib/python3.12/site-packages/airflow/example_dags/example_python_operator.py took 0.190 seconds
[2026-09-22T16:48:19.661+0000] {processor.py:161} INFO - Started process (PID=598) to work on /home/airflow/.local/lib/python3.12/site-packages/airflow/example_dags/example_python_operator.py
[2026-09-22T16:48:19.662+0000] {processor.py:830} INFO - Processing file /home/airflow/.local/lib/python3.12/site-packages/airflow/example_dags/example_python_operator.py for tasks to queue
[2026-09-22T16:48:19.666+0000] {logging_mixin.py:188} INFO - [2026-09-22T16:48:19.665+0000] {dagbag.py:545} INFO - Filling up the DagBag from /home/airflow/.local/lib/python3.12/site-packages/airflow/example_dags/example_python_operator.py
[2026-09-22T16:48:19.683+0000] {processor.py:840} INFO - DAG(s) 'example_python_operator' retrieved from /home/airflow/.local/lib/python3.12/site-packages/airflow/example_dags/example_python_operator.py
[2026-09-22T16:48:19.730+0000] {logging_mixin.py:188} INFO - [2026-09-22T16:48:19.730+0000] {dag.py:3089} INFO - Sync 1 DAGs
[2026-09-22T16:48:19.757+0000] {logging_mixin.py:188} INFO - [2026-09-22T16:48:19.757+0000] {dag.py:3947} INFO - Setting next_dagrun for example_python_operator to None, run_after=None
[2026-09-22T16:48:19.855+0000] {processor.py:183} INFO - Processing /home/airflow/.local/lib/python3.12/site-packages/airflow/example_dags/example_python_operator.py took 0.204 seconds
[2026-09-22T16:48:50.787+0000] {processor.py:161} INFO - Started process (PID=656) to work on /home/airflow/.local/lib/python3.12/site-packages/airflow/example_dags/example_python_operator.py
[2026-09-22T16:48:50.789+0000] {processor.py:830} INFO - Processing file /home/airflow/.local/lib/python3.12/site-packages/airflow/example_dags/example_python_operator.py for tasks to queue
[2026-09-22T16:48:50.791+0000] {logging_mixin.py:188} INFO - [2026-09-22T16:48:50.791+0000] {dagbag.py:545} INFO - Filling up the DagBag from /home/airflow/.local/lib/python3.12/site-packages/airflow/example_dags/example_python_operator.py
[2026-09-22T16:48:50.818+0000] {processor.py:840} INFO - DAG(s) 'example_python_operator' retrieved from /home/airflow/.local/lib/python3.12/site-packages/airflow/example_dags/example_python_operator.py
[2026-09-22T16:48:50.864+0000] {logging_mixin.py:188} INFO - [2026-09-22T16:48:50.863+0000] {dag.py:3089} INFO - Sync 1 DAGs
[2026-09-22T16:48:50.892+0000] {logging_mixin.py:188} INFO - [2026-09-22T16:48:50.891+0000] {dag.py:3947} INFO - Setting next_dagrun for example_python_operator to None, run_after=None
[2026-09-22T16:48:51.005+0000] {processor.py:183} INFO - Processing /home/airflow/.local/lib/python3.12/site-packages/airflow/example_dags/example_python_operator.py took 0.231 seconds
[2026-09-22T16:49:21.403+0000] {processor.py:161} INFO - Started process (PID=715) to work on /home/airflow/.local/lib/python3.12/site-packages/airflow/example_dags/example_python_operator.py
[2026-09-22T16:49:21.404+0000] {processor.py:830} INFO - Processing file /home/airflow/.local/lib/python3.12/site-packages/airflow/example_dags/example_python_operator.py for tasks to queue
[2026-09-22T16:49:21.408+0000] {logging_mixin.py:188} INFO - [2026-09-22T16:49:21.407+0000] {dagbag.py:545} INFO - Filling up the DagBag from /home/airflow/.local/lib/python3.12/site-packages/airflow/example_dags/example_python_operator.py
[2026-09-22T16:49:21.426+0000] {processor.py:840} INFO - DAG(s) 'example_python_operator' retrieved from /home/airflow/.local/lib/python3.12/site-packages/airflow/example_dags/example_python_operator.py
[2026-09-22T16:49:21.478+0000] {logging_mixin.py:188} INFO - [2026-09-22T16:49:21.478+0000] {dag.py:3089} INFO - Sync 1 DAGs
[2026-09-22T16:49:21.512+0000] {logging_mixin.py:188} INFO - [2026-09-22T16:49:21.512+0000] {dag.py:3947} INFO - Setting next_dagrun for example_python_operator to None, run_after=None
[2026-09-22T16:49:21.567+0000] {processor.py:183} INFO - Processing /home/airflow/.local/lib/python3.12/site-packages/airflow/example_dags/example_python_operator.py took 0.174 seconds
[2026-09-22T16:49:51.788+0000] {processor.py:161} INFO - Started process (PID=773) to work on /home/airflow/.local/lib/python3.12/site-packages/airflow/example_dags/example_python_operator.py
[2026-09-22T16:49:51.790+0000] {processor.py:830} INFO - Processing file /home/airflow/.local/lib/python3.12/site-packages/airflow/example_dags/example_python_operator.py for tasks to queue
[2026-09-22T16:49:51.793+0000] {logging_mixin.py:188} INFO - [2026-09-22T16:49:51.793+0000] {dagbag.py:545} INFO - Filling up the DagBag from /home/airflow/.local/lib/python3.12/site-packages/airflow/example_dags/example_python_operator.py
[2026-09-22T16:49:51.819+0000] {processor.py:840} INFO - DAG(s) 'example_python_operator' retrieved from /home/airflow/.local/lib/python3.12/site-packages/airflow/example_dags/example_python_operator.py
[2026-09-22T16:49:51.863+0000] {logging_mixin.py:188} INFO - [2026-09-22T16:49:51.863+0000] {dag.py:3089} INFO - Sync 1 DAGs
[2026-09-22T16:49:51.884+0000] {logging_mixin.py:188} INFO - [2026-09-22T16:49:51.883+0000] {dag.py:3947} INFO - Setting next_dagrun for example_python_operator to None, run_after=None
[2026-09-22T16:49:51.922+0000] {processor.py:183} INFO - Processing /home/airflow/.local/lib/python3.12/site-packages/airflow/example_dags/example_python_operator.py took 0.154 seconds
[2026-09-22T16:50:22.164+0000] {processor.py:161} INFO - Started process (PID=832) to work on /home/airflow/.local/lib/python3.12/site-packages/airflow/example_dags/example_python_operator.py
[2026-09-22T16:50:22.166+0000] {processor.py:830} INFO - Processing file /home/airflow/.local/lib/python3.12/site-packages/airflow/example_dags/example_python_operator.py for tasks to queue
[2026-09-22T16:50:22.170+0000] {logging_mixin.py:188} INFO - [2026-09-22T16:50:22.169+0000] {dagbag.py:545} INFO - Filling up the DagBag from /home/airflow/.local/lib/python3.12/site-packages/airflow/example_dags/example_python_operator.py
[2026-09-22T16:50:22.184+0000] {processor.py:840} INFO - DAG(s) 'example_python_operator' retrieved from /home/airflow/.local/lib/python3.12/site-packages/airflow/example_dags/example_python_operator.py
[2026-09-22T16:50:22.225+0000] {logging_mixin.py:188} INFO - [2026-09-22T16:50:22.224+0000] {dag.py:3089} INFO - Sync 1 DAGs
[2026-09-22T16:50:22.242+0000] {logging_mixin.py:188} INFO - [2026-09-22T16:50:22.242+0000] {dag.py:3947} INFO - Setting next_dagrun for example_python_operator to None, run_after=None
[2026-09-22T16:50:22.340+0000] {processor.py:183} INFO - Processing /home/airflow/.local/lib/python3.12/site-packages/airflow/example_dags/example_python_operator.py took 0.187 seconds
[2026-09-22T16:50:52.709+0000] {processor.py:161} INFO - Started process (PID=890) to work on /home/airflow/.local/lib/python3.12/site-packages/airflow/example_dags/example_python_operator.py
[2026-09-22T16:50:52.711+0000] {processor.py:830} INFO - Processing file /home/airflow/.local/lib/python3.12/site-packages/airflow/example_dags/example_python_operator.py for tasks to queue
[2026-09-22T16:50:52.716+0000] {logging_mixin.py:188} INFO - [2026-09-22T16:50:52.715+0000] {dagbag.py:545} INFO - Filling up the DagBag from /home/airflow/.local/lib/python3.12/site-packages/airflow/example_dags/example_python_operator.py
[2026-09-22T16:50:52.743+0000] {processor.py:840} INFO - DAG(s) 'example_python_operator' retrieved from /home/airflow/.local/lib/python3.12/site-packages/airflow/example_dags/example_python_operator.py
[2026-09-22T16:50:52.793+0000] {logging_mixin.py:188} INFO - [2026-09-22T16:50:52.792+0000] {dag.py:3089} INFO - Sync 1 DAGs
[2026-09-22T16:50:52.823+0000] {logging_mixin.py:188} INFO - [2026-09-22T16:50:52.822+0000] {dag.py:3947} INFO - Setting next_dagrun for example_python_operator to None, run_after=None
[2026-09-22T16:50:52.872+0000] {processor.py:183} INFO - Processing /home/airflow/.local/lib/python3.12/site-packages/airflow/example_dags/example_python_operator.py took 0.179 seconds
[2026-09-22T16:51:23.104+0000] {processor.py:161} INFO - Started process (PID=948) to work on /home/airflow/.local/lib/python3.12/site-packages/airflow/example_dags/example_python_operator.py
[2026-09-22T16:51:23.106+0000] {processor.py:830} INFO - Processing file /home/airflow/.local/lib/python3.12/site-packages/airflow/example_dags/example_python_operator.py for tasks to queue
[2026-09-22T16:51:23.110+0000] {logging_mixin.py:188} INFO - [2026-09-22T16:51:23.110+0000] {dagbag.py:545} INFO - Filling up the DagBag from /home/airflow/.local/lib/python3.12/site-packages/airflow/example_dags/example_python_operator.py
[2026-09-22T16:51:23.126+0000] {processor.py:840} INFO - DAG(s) 'example_python_operator' retrieved from /home/airflow/.local/lib/python3.12/site-packages/airflow/example_dags/example_python_operator.py
[2026-09-22T16:51:23.159+0000] {logging_mixin.py:188} INFO - [2026-09-22T16:51:23.159+0000] {dag.py:3089} INFO - Sync 1 DAGs
[2026-09-22T16:51:23.186+0000] {logging_mixin.py:188} INFO - [2026-09-22T16:51:23.186+0000] {dag.py:3947} INFO - Setting next_dagrun for example_python_operator to None, run_after=None
[2026-09-22T16:51:23.220+0000] {processor.py:183} INFO - Processing /home/airflow/.local/lib/python3.12/site-packages/airflow/example_dags/example_python_operator.py took 0.133 seconds
[2026-09-22T16:52:20.585+0000] {processor.py:161} INFO - Started process (PID=998) to work on /home/airflow/.local/lib/python3.12/site-packages/airflow/example_dags/example_python_operator.py
[2026-09-22T16:52:20.593+0000] {processor.py:830} INFO - Processing file /home/airflow/.local/lib/python3.12/site-packages/airflow/example_dags/example_python_operator.py for tasks to queue
[2026-09-22T16:52:20.609+0000] {logging_mixin.py:188} INFO - [2026-09-22T16:52:20.608+0000] {dagbag.py:545} INFO - Filling up the DagBag from /home/airflow/.local/lib/python3.12/site-packages/airflow/example_dags/example_python_operator.py
[2026-09-22T16:52:20.656+0000] {processor.py:840} INFO - DAG(s) 'example_python_operator' retrieved from /home/airflow/.local/lib/python3.12/site-packages/airflow/example_dags/example_python_operator.py
[2026-09-22T16:52:20.745+0000] {logging_mixin.py:188} INFO - [2026-09-22T16:52:20.745+0000] {dag.py:3089} INFO - Sync 1 DAGs
[2026-09-22T16:52:20.836+0000] {logging_mixin.py:188} INFO - [2026-09-22T16:52:20.836+0000] {dag.py:3947} INFO - Setting next_dagrun for example_python_operator to None, run_after=None
[2026-09-22T16:52:20.920+0000] {processor.py:183} INFO - Processing /home/airflow/.local/lib/python3.12/site-packages/airflow/example_dags/example_python_operator.py took 0.355 seconds
[2026-09-22T16:52:51.846+0000] {processor.py:161} INFO - Started process (PID=1056) to work on /home/airflow/.local/lib/python3.12/site-packages/airflow/example_dags/example_python_operator.py
[2026-09-22T16:52:51.847+0000] {processor.py:830} INFO - Processing file /home/airflow/.local/lib/python3.12/site-packages/airflow/example_dags/example_python_operator.py for tasks to queue
[2026-09-22T16:52:51.850+0000] {logging_mixin.py:188} INFO - [2026-09-22T16:52:51.850+0000] {dagbag.py:545} INFO - Filling up the DagBag from /home/airflow/.local/lib/python3.12/site-packages/airflow/example_dags/example_python_operator.py
[2026-09-22T16:52:51.865+0000] {processor.py:840} INFO - DAG(s) 'example_python_operator' retrieved from /home/airflow/.local/lib/python3.12/site-packages/airflow/example_dags/example_python_operator.py
[2026-09-22T16:52:51.896+0000] {logging_mixin.py:188} INFO - [2026-09-22T16:52:51.896+0000] {dag.py:3089} INFO - Sync 1 DAGs
[2026-09-22T16:52:51.911+0000] {logging_mixin.py:188} INFO - [2026-09-22T16:52:51.910+0000] {dag.py:3947} INFO - Setting next_dagrun for example_python_operator to None, run_after=None
[2026-09-22T16:52:51.933+0000] {processor.py:183} INFO - Processing /home/airflow/.local/lib/python3.12/site-packages/airflow/example_dags/example_python_operator.py took 0.094 seconds
[2026-09-22T16:53:22.352+0000] {processor.py:161} INFO - Started process (PID=1114) to work on /home/airflow/.local/lib/python3.12/site-packages/airflow/example_dags/example_python_operator.py
[2026-09-22T16:53:22.353+0000] {processor.py:830} INFO - Processing file /home/airflow/.local/lib/python3.12/site-packages/airflow/example_dags/example_python_operator.py for tasks to queue
[2026-09-22T16:53:22.355+0000] {logging_mixin.py:188} INFO - [2026-09-22T16:53:22.355+0000] {dagbag.py:545} INFO - Filling up the DagBag from /home/airflow/.local/lib/python3.12/site-packages/airflow/example_dags/example_python_operator.py
[2026-09-22T16:53:22.364+0000] {processor.py:840} INFO - DAG(s) 'example_python_operator' retrieved from /home/airflow/.local/lib/python3.12/site-packages/airflow/example_dags/example_python_operator.py
[2026-09-22T16:53:22.385+0000] {logging_mixin.py:188} INFO - [2026-09-22T16:53:22.384+0000] {dag.py:3089} INFO - Sync 1 DAGs
[2026-09-22T16:53:22.400+0000] {logging_mixin.py:188} INFO - [2026-09-22T16:53:22.399+0000] {dag.py:3947} INFO - Setting next_dagrun for example_python_operator to None, run_after=None
[2026-09-22T16:53:22.428+0000] {processor.py:183} INFO - Processing /home/airflow/.local/lib/python3.12/site-packages/airflow/example_dags/example_python_operator.py took 0.081 seconds
[2026-09-22T16:53:52.662+0000] {processor.py:161} INFO - Started process (PID=1172) to work on /home/airflow/.local/lib/python3.12/site-packages/airflow/example_dags/example_python_operator.py
[2026-09-22T16:53:52.663+0000] {processor.py:830} INFO - Processing file /home/airflow/.local/lib/python3.12/site-packages/airflow/example_dags/example_python_operator.py for tasks to queue
[2026-09-22T16:53:52.666+0000] {logging_mixin.py:188} INFO - [2026-09-22T16:53:52.666+0000] {dagbag.py:545} INFO - Filling up the DagBag from /home/airflow/.local/lib/python3.12/site-packages/airflow/example_dags/example_python_operator.py
[2026-09-22T16:53:52.678+0000] {processor.py:840} INFO - DAG(s) 'example_python_operator' retrieved from /home/airflow/.local/lib/python3.12/site-packages/airflow/example_dags/example_python_operator.py
[2026-09-22T16:53:52.708+0000] {logging_mixin.py:188} INFO - [2026-09-22T16:53:52.707+0000] {dag.py:3089} INFO - Sync 1 DAGs
[2026-09-22T16:53:52.720+0000] {logging_mixin.py:188} INFO - [2026-09-22T16:53:52.720+0000] {dag.py:3947} INFO - Setting next_dagrun for example_python_operator to None, run_after=None
[2026-09-22T16:53:52.748+0000] {processor.py:183} INFO - Processing /home/airflow/.local/lib/python3.12/site-packages/airflow/example_dags/example_python_operator.py took 0.092 seconds
[2026-09-22T16:54:22.920+0000] {processor.py:161} INFO - Started process (PID=1230) to work on /home/airflow/.local/lib/python3.12/site-packages/airflow/example_dags/example_python_operator.py
[2026-09-22T16:54:22.921+0000] {processor.py:830} INFO - Processing file /home/airflow/.local/lib/python3.12/site-packages/airflow/example_dags/example_python_operator.py for tasks to queue
[2026-09-22T16:54:22.923+0000] {logging_mixin.py:188} INFO - [2026-09-22T16:54:22.923+0000] {dagbag.py:545} INFO - Filling up the DagBag from /home/airflow/.local/lib/python3.12/site-packages/airflow/example_dags/example_python_operator.py
[2026-09-22T16:54:22.932+0000] {processor.py:840} INFO - DAG(s) 'example_python_operator' retrieved from /home/airflow/.local/lib/python3.12/site-packages/airflow/example_dags/example_python_operator.py
[2026-09-22T16:54:22.954+0000] {logging_mixin.py:188} INFO - [2026-09-22T16:54:22.954+0000] {dag.py:3089} INFO - Sync 1 DAGs
[2026-09-22T16:54:22.965+0000] {logging_mixin.py:188} INFO - [2026-09-22T16:54:22.965+0000] {dag.py:3947} INFO - Setting next_dagrun for example_python_operator to None, run_after=None
[2026-09-22T16:54:22.990+0000] {processor.py:183} INFO - Processing /home/airflow/.local/lib/python3.12/site-packages/airflow/example_dags/example_python_operator.py took 0.076 seconds
[2026-09-22T16:54:53.440+0000] {processor.py:161} INFO - Started process (PID=1288) to work on /home/airflow/.local/lib/python3.12/site-packages/airflow/example_dags/example_python_operator.py
[2026-09-22T16:54:53.441+0000] {processor.py:830} INFO - Processing file /home/airflow/.local/lib/python3.12/site-packages/airflow/example_dags/example_python_operator.py for tasks to queue
[2026-09-22T16:54:53.444+0000] {logging_mixin.py:188} INFO - [2026-09-22T16:54:53.444+0000] {dagbag.py:545} INFO - Filling up the DagBag from /home/airflow/.local/lib/python3.12/site-packages/airflow/example_dags/example_python_operator.py
[2026-09-22T16:54:53.454+0000] {processor.py:840} INFO - DAG(s) 'example_python_operator' retrieved from /home/airflow/.local/lib/python3.12/site-packages/airflow/example_dags/example_python_operator.py
[2026-09-22T16:54:53.481+0000] {logging_mixin.py:188} INFO - [2026-09-22T16:54:53.481+0000] {dag.py:3089} INFO - Sync 1 DAGs
[2026-09-22T16:54:53.495+0000] {logging_mixin.py:188} INFO - [2026-09-22T16:54:53.495+0000] {dag.py:3947} INFO - Setting next_dagrun for example_python_operator to None, run_after=None
[2026-09-22T16:54:53.520+0000] {processor.py:183} INFO - Processing /home/airflow/.local/lib/python3.12/site-packages/airflow/example_dags/example_python_operator.py took 0.088 seconds
[2026-09-22T16:55:23.773+0000] {processor.py:161} INFO - Started process (PID=1346) to work on /home/airflow/.local/lib/python3.12/site-packages/airflow/example_dags/example_python_operator.py
[2026-09-22T16:55:23.775+0000] {processor.py:830} INFO - Processing file /home/airflow/.local/lib/python3.12/site-packages/airflow/example_dags/example_python_operator.py for tasks to queue
[2026-09-22T16:55:23.777+0000] {logging_mixin.py:188} INFO - [2026-09-22T16:55:23.777+0000] {dagbag.py:545} INFO - Filling up the DagBag from /home/airflow/.local/lib/python3.12/site-packages/airflow/example_dags/example_python_operator.py
[2026-09-22T16:55:23.791+0000] {processor.py:840} INFO - DAG(s) 'example_python_operator' retrieved from /home/airflow/.local/lib/python3.12/site-packages/airflow/example_dags/example_python_operator.py
[2026-09-22T16:55:23.825+0000] {logging_mixin.py:188} INFO - [2026-09-22T16:55:23.825+0000] {dag.py:3089} INFO - Sync 1 DAGs
[2026-09-22T16:55:23.863+0000] {logging_mixin.py:188} INFO - [2026-09-22T16:55:23.863+0000] {dag.py:3947} INFO - Setting next_dagrun for example_python_operator to None, run_after=None
[2026-09-22T16:55:23.893+0000] {processor.py:183} INFO - Processing /home/airflow/.local/lib/python3.12/site-packages/airflow/example_dags/example_python_operator.py took 0.129 seconds
[2026-09-22T16:55:54.480+0000] {processor.py:161} INFO - Started process (PID=1404) to work on /home/airflow/.local/lib/python3.12/site-packages/airflow/example_dags/example_python_operator.py
[2026-09-22T16:55:54.481+0000] {processor.py:830} INFO - Processing file /home/airflow/.local/lib/python3.12/site-packages/airflow/example_dags/example_python_operator.py for tasks to queue
[2026-09-22T16:55:54.483+0000] {logging_mixin.py:188} INFO - [2026-09-22T16:55:54.483+0000] {dagbag.py:545} INFO - Filling up the DagBag from /home/airflow/.local/lib/python3.12/site-packages/airflow/example_dags/example_python_operator.py
[2026-09-22T16:55:54.494+0000] {processor.py:840} INFO - DAG(s) 'example_python_operator' retrieved from /home/airflow/.local/lib/python3.12/site-packages/airflow/example_dags/example_python_operator.py
[2026-09-22T16:55:54.518+0000] {logging_mixin.py:188} INFO - [2026-09-22T16:55:54.517+0000] {dag.py:3089} INFO - Sync 1 DAGs
[2026-09-22T16:55:54.534+0000] {logging_mixin.py:188} INFO - [2026-09-22T16:55:54.534+0000] {dag.py:3947} INFO - Setting next_dagrun for example_python_operator to None, run_after=None
[2026-09-22T16:55:54.563+0000] {processor.py:183} INFO - Processing /home/airflow/.local/lib/python3.12/site-packages/airflow/example_dags/example_python_operator.py took 0.088 seconds
[2026-09-22T16:56:25.178+0000] {processor.py:161} INFO - Started process (PID=1462) to work on /home/airflow/.local/lib/python3.12/site-packages/airflow/example_dags/example_python_operator.py
[2026-09-22T16:56:25.179+0000] {processor.py:830} INFO - Processing file /home/airflow/.local/lib/python3.12/site-packages/airflow/example_dags/example_python_operator.py for tasks to queue
[2026-09-22T16:56:25.182+0000] {logging_mixin.py:188} INFO - [2026-09-22T16:56:25.181+0000] {dagbag.py:545} INFO - Filling up the DagBag from /home/airflow/.local/lib/python3.12/site-packages/airflow/example_dags/example_python_operator.py
[2026-09-22T16:56:25.201+0000] {processor.py:840} INFO - DAG(s) 'example_python_operator' retrieved from /home/airflow/.local/lib/python3.12/site-packages/airflow/example_dags/example_python_operator.py
[2026-09-22T16:56:25.235+0000] {logging_mixin.py:188} INFO - [2026-09-22T16:56:25.235+0000] {dag.py:3089} INFO - Sync 1 DAGs
[2026-09-22T16:56:25.257+0000] {logging_mixin.py:188} INFO - [2026-09-22T16:56:25.257+0000] {dag.py:3947} INFO - Setting next_dagrun for example_python_operator to None, run_after=None
[2026-09-22T16:56:25.284+0000] {processor.py:183} INFO - Processing /home/airflow/.local/lib/python3.12/site-packages/airflow/example_dags/example_python_operator.py took 0.116 seconds
[2026-09-22T16:57:58.667+0000] {processor.py:161} INFO - Started process (PID=88) to work on /home/airflow/.local/lib/python3.12/site-packages/airflow/example_dags/example_python_operator.py
[2026-09-22T16:57:58.670+0000] {processor.py:830} INFO - Processing file /home/airflow/.local/lib/python3.12/site-packages/airflow/example_dags/example_python_operator.py for tasks to queue
[2026-09-22T16:57:58.674+0000] {logging_mixin.py:188} INFO - [2026-09-22T16:57:58.673+0000] {dagbag.py:545} INFO - Filling up the DagBag from /home/airflow/.local/lib/python3.12/site-packages/airflow/example_dags/example_python_operator.py
[2026-09-22T16:57:58.700+0000] {processor.py:840} INFO - DAG(s) 'example_python_operator' retrieved from /home/airflow/.local/lib/python3.12/site-packages/airflow/example_dags/example_python_operator.py
[2026-09-22T16:57:58.898+0000] {logging_mixin.py:188} INFO - [2026-09-22T16:57:58.898+0000] {dag.py:3089} INFO - Sync 1 DAGs
[2026-09-22T16:57:58.912+0000] {logging_mixin.py:188} INFO - [2026-09-22T16:57:58.912+0000] {dag.py:3947} INFO - Setting next_dagrun for example_python_operator to None, run_after=None
[2026-09-22T16:57:58.955+0000] {processor.py:183} INFO - Processing /home/airflow/.local/lib/python3.12/site-packages/airflow/example_dags/example_python_operator.py took 0.296 seconds
[2026-09-22T16:58:29.301+0000] {processor.py:161} INFO - Started process (PID=146) to work on /home/airflow/.local/lib/python3.12/site-packages/airflow/example_dags/example_python_operator.py
[2026-09-22T16:58:29.303+0000] {processor.py:830} INFO - Processing file /home/airflow/.local/lib/python3.12/site-packages/airflow/example_dags/example_python_operator.py for tasks to queue
[2026-09-22T16:58:29.305+0000] {logging_mixin.py:188} INFO - [2026-09-22T16:58:29.305+0000] {dagbag.py:545} INFO - Filling up the DagBag from /home/airflow/.local/lib/python3.12/site-packages/airflow/example_dags/example_python_operator.py
[2026-09-22T16:58:29.313+0000] {processor.py:840} INFO - DAG(s) 'example_python_operator' retrieved from /home/airflow/.local/lib/python3.12/site-packages/airflow/example_dags/example_python_operator.py
[2026-09-22T16:58:29.336+0000] {logging_mixin.py:188} INFO - [2026-09-22T16:58:29.336+0000] {dag.py:3089} INFO - Sync 1 DAGs
[2026-09-22T16:58:29.349+0000] {logging_mixin.py:188} INFO - [2026-09-22T16:58:29.348+0000] {dag.py:3947} INFO - Setting next_dagrun for example_python_operator to None, run_after=None
[2026-09-22T16:58:29.373+0000] {processor.py:183} INFO - Processing /home/airflow/.local/lib/python3.12/site-packages/airflow/example_dags/example_python_operator.py took 0.077 seconds
[2026-09-22T16:58:59.440+0000] {processor.py:161} INFO - Started process (PID=204) to work on /home/airflow/.local/lib/python3.12/site-packages/airflow/example_dags/example_python_operator.py
[2026-09-22T16:58:59.441+0000] {processor.py:830} INFO - Processing file /home/airflow/.local/lib/python3.12/site-packages/airflow/example_dags/example_python_operator.py for tasks to queue
[2026-09-22T16:58:59.443+0000] {logging_mixin.py:188} INFO - [2026-09-22T16:58:59.442+0000] {dagbag.py:545} INFO - Filling up the DagBag from /home/airflow/.local/lib/python3.12/site-packages/airflow/example_dags/example_python_operator.py
[2026-09-22T16:58:59.451+0000] {processor.py:840} INFO - DAG(s) 'example_python_operator' retrieved from /home/airflow/.local/lib/python3.12/site-packages/airflow/example_dags/example_python_operator.py
[2026-09-22T16:58:59.472+0000] {logging_mixin.py:188} INFO - [2026-09-22T16:58:59.472+0000] {dag.py:3089} INFO - Sync 1 DAGs
[2026-09-22T16:58:59.482+0000] {logging_mixin.py:188} INFO - [2026-09-22T16:58:59.482+0000] {dag.py:3947} INFO - Setting next_dagrun for example_python_operator to None, run_after=None
[2026-09-22T16:58:59.509+0000] {processor.py:183} INFO - Processing /home/airflow/.local/lib/python3.12/site-packages/airflow/example_dags/example_python_operator.py took 0.075 seconds
[2026-09-22T16:59:29.616+0000] {processor.py:161} INFO - Started process (PID=262) to work on /home/airflow/.local/lib/python3.12/site-packages/airflow/example_dags/example_python_operator.py
[2026-09-22T16:59:29.618+0000] {processor.py:830} INFO - Processing file /home/airflow/.local/lib/python3.12/site-packages/airflow/example_dags/example_python_operator.py for tasks to queue
[2026-09-22T16:59:29.619+0000] {logging_mixin.py:188} INFO - [2026-09-22T16:59:29.619+0000] {dagbag.py:545} INFO - Filling up the DagBag from /home/airflow/.local/lib/python3.12/site-packages/airflow/example_dags/example_python_operator.py
[2026-09-22T16:59:29.628+0000] {processor.py:840} INFO - DAG(s) 'example_python_operator' retrieved from /home/airflow/.local/lib/python3.12/site-packages/airflow/example_dags/example_python_operator.py
[2026-09-22T16:59:29.648+0000] {logging_mixin.py:188} INFO - [2026-09-22T16:59:29.648+0000] {dag.py:3089} INFO - Sync 1 DAGs
[2026-09-22T16:59:29.662+0000] {logging_mixin.py:188} INFO - [2026-09-22T16:59:29.662+0000] {dag.py:3947} INFO - Setting next_dagrun for example_python_operator to None, run_after=None
[2026-09-22T16:59:29.683+0000] {processor.py:183} INFO - Processing /home/airflow/.local/lib/python3.12/site-packages/airflow/example_dags/example_python_operator.py took 0.072 seconds
[2026-09-22T16:59:59.990+0000] {processor.py:161} INFO - Started process (PID=320) to work on /home/airflow/.local/lib/python3.12/site-packages/airflow/example_dags/example_python_operator.py
[2026-09-22T16:59:59.993+0000] {processor.py:830} INFO - Processing file /home/airflow/.local/lib/python3.12/site-packages/airflow/example_dags/example_python_operator.py for tasks to queue
[2026-09-22T16:59:59.996+0000] {logging_mixin.py:188} INFO - [2026-09-22T16:59:59.996+0000] {dagbag.py:545} INFO - Filling up the DagBag from /home/airflow/.local/lib/python3.12/site-packages/airflow/example_dags/example_python_operator.py
[2026-09-22T17:00:00.013+0000] {processor.py:840} INFO - DAG(s) 'example_python_operator' retrieved from /home/airflow/.local/lib/python3.12/site-packages/airflow/example_dags/example_python_operator.py
[2026-09-22T17:00:00.038+0000] {logging_mixin.py:188} INFO - [2026-09-22T17:00:00.038+0000] {dag.py:3089} INFO - Sync 1 DAGs
[2026-09-22T17:00:00.048+0000] {logging_mixin.py:188} INFO - [2026-09-22T17:00:00.048+0000] {dag.py:3947} INFO - Setting next_dagrun for example_python_operator to None, run_after=None
[2026-09-22T17:00:00.066+0000] {processor.py:183} INFO - Processing /home/airflow/.local/lib/python3.12/site-packages/airflow/example_dags/example_python_operator.py took 0.083 seconds
[2026-09-22T17:00:30.648+0000] {processor.py:161} INFO - Started process (PID=378) to work on /home/airflow/.local/lib/python3.12/site-packages/airflow/example_dags/example_python_operator.py
[2026-09-22T17:00:30.649+0000] {processor.py:830} INFO - Processing file /home/airflow/.local/lib/python3.12/site-packages/airflow/example_dags/example_python_operator.py for tasks to queue
[2026-09-22T17:00:30.652+0000] {logging_mixin.py:188} INFO - [2026-09-22T17:00:30.651+0000] {dagbag.py:545} INFO - Filling up the DagBag from /home/airflow/.local/lib/python3.12/site-packages/airflow/example_dags/example_python_operator.py
[2026-09-22T17:00:30.667+0000] {processor.py:840} INFO - DAG(s) 'example_python_operator' retrieved from /home/airflow/.local/lib/python3.12/site-packages/airflow/example_dags/example_python_operator.py
[2026-09-22T17:00:30.699+0000] {logging_mixin.py:188} INFO - [2026-09-22T17:00:30.699+0000] {dag.py:3089} INFO - Sync 1 DAGs
[2026-09-22T17:00:30.718+0000] {logging_mixin.py:188} INFO - [2026-09-22T17:00:30.718+0000] {dag.py:3947} INFO - Setting next_dagrun for example_python_operator to None, run_after=None
[2026-09-22T17:00:30.749+0000] {processor.py:183} INFO - Processing /home/airflow/.local/lib/python3.12/site-packages/airflow/example_dags/example_python_operator.py took 0.110 seconds
[2026-09-22T17:01:01.015+0000] {processor.py:161} INFO - Started process (PID=436) to work on /home/airflow/.local/lib/python3.12/site-packages/airflow/example_dags/example_python_operator.py
[2026-09-22T17:01:01.016+0000] {processor.py:830} INFO - Processing file /home/airflow/.local/lib/python3.12/site-packages/airflow/example_dags/example_python_operator.py for tasks to queue
[2026-09-22T17:01:01.018+0000] {logging_mixin.py:188} INFO - [2026-09-22T17:01:01.018+0000] {dagbag.py:545} INFO - Filling up the DagBag from /home/airflow/.local/lib/python3.12/site-packages/airflow/example_dags/example_python_operator.py
[2026-09-22T17:01:01.027+0000] {processor.py:840} INFO - DAG(s) 'example_python_operator' retrieved from /home/airflow/.local/lib/python3.12/site-packages/airflow/example_dags/example_python_operator.py
[2026-09-22T17:01:01.050+0000] {logging_mixin.py:188} INFO - [2026-09-22T17:01:01.049+0000] {dag.py:3089} INFO - Sync 1 DAGs
[2026-09-22T17:01:01.061+0000] {logging_mixin.py:188} INFO - [2026-09-22T17:01:01.061+0000] {dag.py:3947} INFO - Setting next_dagrun for example_python_operator to None, run_after=None
[2026-09-22T17:01:01.081+0000] {processor.py:183} INFO - Processing /home/airflow/.local/lib/python3.12/site-packages/airflow/example_dags/example_python_operator.py took 0.071 seconds
[2026-09-22T17:01:31.531+0000] {processor.py:161} INFO - Started process (PID=494) to work on /home/airflow/.local/lib/python3.12/site-packages/airflow/example_dags/example_python_operator.py
[2026-09-22T17:01:31.533+0000] {processor.py:830} INFO - Processing file /home/airflow/.local/lib/python3.12/site-packages/airflow/example_dags/example_python_operator.py for tasks to queue
[2026-09-22T17:01:31.536+0000] {logging_mixin.py:188} INFO - [2026-09-22T17:01:31.535+0000] {dagbag.py:545} INFO - Filling up the DagBag from /home/airflow/.local/lib/python3.12/site-packages/airflow/example_dags/example_python_operator.py
[2026-09-22T17:01:31.550+0000] {processor.py:840} INFO - DAG(s) 'example_python_operator' retrieved from /home/airflow/.local/lib/python3.12/site-packages/airflow/example_dags/example_python_operator.py
[2026-09-22T17:01:31.581+0000] {logging_mixin.py:188} INFO - [2026-09-22T17:01:31.581+0000] {dag.py:3089} INFO - Sync 1 DAGs
[2026-09-22T17:01:31.606+0000] {logging_mixin.py:188} INFO - [2026-09-22T17:01:31.606+0000] {dag.py:3947} INFO - Setting next_dagrun for example_python_operator to None, run_after=None
[2026-09-22T17:01:31.638+0000] {processor.py:183} INFO - Processing /home/airflow/.local/lib/python3.12/site-packages/airflow/example_dags/example_python_operator.py took 0.112 seconds
[2026-09-22T17:02:02.560+0000] {processor.py:161} INFO - Started process (PID=552) to work on /home/airflow/.local/lib/python3.12/site-packages/airflow/example_dags/example_python_operator.py
[2026-09-22T17:02:02.561+0000] {processor.py:830} INFO - Processing file /home/airflow/.local/lib/python3.12/site-packages/airflow/example_dags/example_python_operator.py for tasks to queue
[2026-09-22T17:02:02.564+0000] {logging_mixin.py:188} INFO - [2026-09-22T17:02:02.564+0000] {dagbag.py:545} INFO - Filling up the DagBag from /home/airflow/.local/lib/python3.12/site-packages/airflow/example_dags/example_python_operator.py
[2026-09-22T17:02:02.581+0000] {processor.py:840} INFO - DAG(s) 'example_python_operator' retrieved from /home/airflow/.local/lib/python3.12/site-packages/airflow/example_dags/example_python_operator.py
[2026-09-22T17:02:02.612+0000] {logging_mixin.py:188} INFO - [2026-09-22T17:02:02.611+0000] {dag.py:3089} INFO - Sync 1 DAGs
[2026-09-22T17:02:02.627+0000] {logging_mixin.py:188} INFO - [2026-09-22T17:02:02.626+0000] {dag.py:3947} INFO - Setting next_dagrun for example_python_operator to None, run_after=None
[2026-09-22T17:02:02.650+0000] {processor.py:183} INFO - Processing /home/airflow/.local/lib/python3.12/site-packages/airflow/example_dags/example_python_operator.py took 0.098 seconds
[2026-09-22T17:03:29.706+0000] {processor.py:161} INFO - Started process (PID=86) to work on /home/airflow/.local/lib/python3.12/site-packages/airflow/example_dags/example_python_operator.py
[2026-09-22T17:03:29.708+0000] {processor.py:830} INFO - Processing file /home/airflow/.local/lib/python3.12/site-packages/airflow/example_dags/example_python_operator.py for tasks to queue
[2026-09-22T17:03:29.710+0000] {logging_mixin.py:188} INFO - [2026-09-22T17:03:29.710+0000] {dagbag.py:545} INFO - Filling up the DagBag from /home/airflow/.local/lib/python3.12/site-packages/airflow/example_dags/example_python_operator.py
[2026-09-22T17:03:29.731+0000] {processor.py:840} INFO - DAG(s) 'example_python_operator' retrieved from /home/airflow/.local/lib/python3.12/site-packages/airflow/example_dags/example_python_operator.py
[2026-09-22T17:03:29.897+0000] {logging_mixin.py:188} INFO - [2026-09-22T17:03:29.897+0000] {dag.py:3089} INFO - Sync 1 DAGs
[2026-09-22T17:03:29.911+0000] {logging_mixin.py:188} INFO - [2026-09-22T17:03:29.911+0000] {dag.py:3947} INFO - Setting next_dagrun for example_python_operator to None, run_after=None
[2026-09-22T17:03:29.936+0000] {processor.py:183} INFO - Processing /home/airflow/.local/lib/python3.12/site-packages/airflow/example_dags/example_python_operator.py took 0.237 seconds
[2026-09-22T17:04:00.688+0000] {processor.py:161} INFO - Started process (PID=144) to work on /home/airflow/.local/lib/python3.12/site-packages/airflow/example_dags/example_python_operator.py
[2026-09-22T17:04:00.689+0000] {processor.py:830} INFO - Processing file /home/airflow/.local/lib/python3.12/site-packages/airflow/example_dags/example_python_operator.py for tasks to queue
[2026-09-22T17:04:00.691+0000] {logging_mixin.py:188} INFO - [2026-09-22T17:04:00.691+0000] {dagbag.py:545} INFO - Filling up the DagBag from /home/airflow/.local/lib/python3.12/site-packages/airflow/example_dags/example_python_operator.py
[2026-09-22T17:04:00.701+0000] {processor.py:840} INFO - DAG(s) 'example_python_operator' retrieved from /home/airflow/.local/lib/python3.12/site-packages/airflow/example_dags/example_python_operator.py
[2026-09-22T17:04:00.721+0000] {logging_mixin.py:188} INFO - [2026-09-22T17:04:00.721+0000] {dag.py:3089} INFO - Sync 1 DAGs
[2026-09-22T17:04:00.731+0000] {logging_mixin.py:188} INFO - [2026-09-22T17:04:00.731+0000] {dag.py:3947} INFO - Setting next_dagrun for example_python_operator to None, run_after=None
[2026-09-22T17:04:00.751+0000] {processor.py:183} INFO - Processing /home/airflow/.local/lib/python3.12/site-packages/airflow/example_dags/example_python_operator.py took 0.070 seconds
[2026-09-22T17:04:31.495+0000] {processor.py:161} INFO - Started process (PID=202) to work on /home/airflow/.local/lib/python3.12/site-packages/airflow/example_dags/example_python_operator.py
[2026-09-22T17:04:31.496+0000] {processor.py:830} INFO - Processing file /home/airflow/.local/lib/python3.12/site-packages/airflow/example_dags/example_python_operator.py for tasks to queue
[2026-09-22T17:04:31.498+0000] {logging_mixin.py:188} INFO - [2026-09-22T17:04:31.497+0000] {dagbag.py:545} INFO - Filling up the DagBag from /home/airflow/.local/lib/python3.12/site-packages/airflow/example_dags/example_python_operator.py
[2026-09-22T17:04:31.509+0000] {processor.py:840} INFO - DAG(s) 'example_python_operator' retrieved from /home/airflow/.local/lib/python3.12/site-packages/airflow/example_dags/example_python_operator.py
[2026-09-22T17:04:31.529+0000] {logging_mixin.py:188} INFO - [2026-09-22T17:04:31.529+0000] {dag.py:3089} INFO - Sync 1 DAGs
[2026-09-22T17:04:31.546+0000] {logging_mixin.py:188} INFO - [2026-09-22T17:04:31.546+0000] {dag.py:3947} INFO - Setting next_dagrun for example_python_operator to None, run_after=None
[2026-09-22T17:04:31.566+0000] {processor.py:183} INFO - Processing /home/airflow/.local/lib/python3.12/site-packages/airflow/example_dags/example_python_operator.py took 0.077 seconds
[2026-09-22T17:05:02.119+0000] {processor.py:161} INFO - Started process (PID=260) to work on /home/airflow/.local/lib/python3.12/site-packages/airflow/example_dags/example_python_operator.py
[2026-09-22T17:05:02.120+0000] {processor.py:830} INFO - Processing file /home/airflow/.local/lib/python3.12/site-packages/airflow/example_dags/example_python_operator.py for tasks to queue
[2026-09-22T17:05:02.122+0000] {logging_mixin.py:188} INFO - [2026-09-22T17:05:02.122+0000] {dagbag.py:545} INFO - Filling up the DagBag from /home/airflow/.local/lib/python3.12/site-packages/airflow/example_dags/example_python_operator.py
[2026-09-22T17:05:02.133+0000] {processor.py:840} INFO - DAG(s) 'example_python_operator' retrieved from /home/airflow/.local/lib/python3.12/site-packages/airflow/example_dags/example_python_operator.py
[2026-09-22T17:05:02.157+0000] {logging_mixin.py:188} INFO - [2026-09-22T17:05:02.156+0000] {dag.py:3089} INFO - Sync 1 DAGs
[2026-09-22T17:05:02.169+0000] {logging_mixin.py:188} INFO - [2026-09-22T17:05:02.168+0000] {dag.py:3947} INFO - Setting next_dagrun for example_python_operator to None, run_after=None
[2026-09-22T17:05:02.192+0000] {processor.py:183} INFO - Processing /home/airflow/.local/lib/python3.12/site-packages/airflow/example_dags/example_python_operator.py took 0.080 seconds
[2026-09-22T17:05:32.667+0000] {processor.py:161} INFO - Started process (PID=318) to work on /home/airflow/.local/lib/python3.12/site-packages/airflow/example_dags/example_python_operator.py
[2026-09-22T17:05:32.668+0000] {processor.py:830} INFO - Processing file /home/airflow/.local/lib/python3.12/site-packages/airflow/example_dags/example_python_operator.py for tasks to queue
[2026-09-22T17:05:32.670+0000] {logging_mixin.py:188} INFO - [2026-09-22T17:05:32.670+0000] {dagbag.py:545} INFO - Filling up the DagBag from /home/airflow/.local/lib/python3.12/site-packages/airflow/example_dags/example_python_operator.py
[2026-09-22T17:05:32.679+0000] {processor.py:840} INFO - DAG(s) 'example_python_operator' retrieved from /home/airflow/.local/lib/python3.12/site-packages/airflow/example_dags/example_python_operator.py
[2026-09-22T17:05:32.700+0000] {logging_mixin.py:188} INFO - [2026-09-22T17:05:32.700+0000] {dag.py:3089} INFO - Sync 1 DAGs
[2026-09-22T17:05:32.712+0000] {logging_mixin.py:188} INFO - [2026-09-22T17:05:32.712+0000] {dag.py:3947} INFO - Setting next_dagrun for example_python_operator to None, run_after=None
[2026-09-22T17:05:32.731+0000] {processor.py:183} INFO - Processing /home/airflow/.local/lib/python3.12/site-packages/airflow/example_dags/example_python_operator.py took 0.069 seconds
[2026-09-22T17:06:02.924+0000] {processor.py:161} INFO - Started process (PID=376) to work on /home/airflow/.local/lib/python3.12/site-packages/airflow/example_dags/example_python_operator.py
[2026-09-22T17:06:02.925+0000] {processor.py:830} INFO - Processing file /home/airflow/.local/lib/python3.12/site-packages/airflow/example_dags/example_python_operator.py for tasks to queue
[2026-09-22T17:06:02.929+0000] {logging_mixin.py:188} INFO - [2026-09-22T17:06:02.928+0000] {dagbag.py:545} INFO - Filling up the DagBag from /home/airflow/.local/lib/python3.12/site-packages/airflow/example_dags/example_python_operator.py
[2026-09-22T17:06:02.940+0000] {processor.py:840} INFO - DAG(s) 'example_python_operator' retrieved from /home/airflow/.local/lib/python3.12/site-packages/airflow/example_dags/example_python_operator.py
[2026-09-22T17:06:02.966+0000] {logging_mixin.py:188} INFO - [2026-09-22T17:06:02.966+0000] {dag.py:3089} INFO - Sync 1 DAGs
[2026-09-22T17:06:02.980+0000] {logging_mixin.py:188} INFO - [2026-09-22T17:06:02.980+0000] {dag.py:3947} INFO - Setting next_dagrun for example_python_operator to None, run_after=None
[2026-09-22T17:06:03.007+0000] {processor.py:183} INFO - Processing /home/airflow/.local/lib/python3.12/site-packages/airflow/example_dags/example_python_operator.py took 0.089 seconds
[2026-09-22T17:06:33.345+0000] {processor.py:161} INFO - Started process (PID=434) to work on /home/airflow/.local/lib/python3.12/site-packages/airflow/example_dags/example_python_operator.py
[2026-09-22T17:06:33.346+0000] {processor.py:830} INFO - Processing file /home/airflow/.local/lib/python3.12/site-packages/airflow/example_dags/example_python_operator.py for tasks to queue
[2026-09-22T17:06:33.348+0000] {logging_mixin.py:188} INFO - [2026-09-22T17:06:33.348+0000] {dagbag.py:545} INFO - Filling up the DagBag from /home/airflow/.local/lib/python3.12/site-packages/airflow/example_dags/example_python_operator.py
[2026-09-22T17:06:33.357+0000] {processor.py:840} INFO - DAG(s) 'example_python_operator' retrieved from /home/airflow/.local/lib/python3.12/site-packages/airflow/example_dags/example_python_operator.py
[2026-09-22T17:06:33.378+0000] {logging_mixin.py:188} INFO - [2026-09-22T17:06:33.378+0000] {dag.py:3089} INFO - Sync 1 DAGs
[2026-09-22T17:06:33.390+0000] {logging_mixin.py:188} INFO - [2026-09-22T17:06:33.389+0000] {dag.py:3947} INFO - Setting next_dagrun for example_python_operator to None, run_after=None
[2026-09-22T17:06:33.409+0000] {processor.py:183} INFO - Processing /home/airflow/.local/lib/python3.12/site-packages/airflow/example_dags/example_python_operator.py took 0.069 seconds
[2026-09-22T17:07:03.700+0000] {processor.py:161} INFO - Started process (PID=492) to work on /home/airflow/.local/lib/python3.12/site-packages/airflow/example_dags/example_python_operator.py
[2026-09-22T17:07:03.701+0000] {processor.py:830} INFO - Processing file /home/airflow/.local/lib/python3.12/site-packages/airflow/example_dags/example_python_operator.py for tasks to queue
[2026-09-22T17:07:03.704+0000] {logging_mixin.py:188} INFO - [2026-09-22T17:07:03.704+0000] {dagbag.py:545} INFO - Filling up the DagBag from /home/airflow/.local/lib/python3.12/site-packages/airflow/example_dags/example_python_operator.py
[2026-09-22T17:07:03.713+0000] {processor.py:840} INFO - DAG(s) 'example_python_operator' retrieved from /home/airflow/.local/lib/python3.12/site-packages/airflow/example_dags/example_python_operator.py
[2026-09-22T17:07:03.736+0000] {logging_mixin.py:188} INFO - [2026-09-22T17:07:03.735+0000] {dag.py:3089} INFO - Sync 1 DAGs
[2026-09-22T17:07:03.747+0000] {logging_mixin.py:188} INFO - [2026-09-22T17:07:03.747+0000] {dag.py:3947} INFO - Setting next_dagrun for example_python_operator to None, run_after=None
[2026-09-22T17:07:03.772+0000] {processor.py:183} INFO - Processing /home/airflow/.local/lib/python3.12/site-packages/airflow/example_dags/example_python_operator.py took 0.078 seconds
[2026-09-22T17:07:33.840+0000] {processor.py:161} INFO - Started process (PID=550) to work on /home/airflow/.local/lib/python3.12/site-packages/airflow/example_dags/example_python_operator.py
[2026-09-22T17:07:33.841+0000] {processor.py:830} INFO - Processing file /home/airflow/.local/lib/python3.12/site-packages/airflow/example_dags/example_python_operator.py for tasks to queue
[2026-09-22T17:07:33.843+0000] {logging_mixin.py:188} INFO - [2026-09-22T17:07:33.842+0000] {dagbag.py:545} INFO - Filling up the DagBag from /home/airflow/.local/lib/python3.12/site-packages/airflow/example_dags/example_python_operator.py
[2026-09-22T17:07:33.851+0000] {processor.py:840} INFO - DAG(s) 'example_python_operator' retrieved from /home/airflow/.local/lib/python3.12/site-packages/airflow/example_dags/example_python_operator.py
[2026-09-22T17:07:33.870+0000] {logging_mixin.py:188} INFO - [2026-09-22T17:07:33.870+0000] {dag.py:3089} INFO - Sync 1 DAGs
[2026-09-22T17:07:33.879+0000] {logging_mixin.py:188} INFO - [2026-09-22T17:07:33.879+0000] {dag.py:3947} INFO - Setting next_dagrun for example_python_operator to None, run_after=None
[2026-09-22T17:07:33.899+0000] {processor.py:183} INFO - Processing /home/airflow/.local/lib/python3.12/site-packages/airflow/example_dags/example_python_operator.py took 0.064 seconds
[2026-09-22T17:08:04.167+0000] {processor.py:161} INFO - Started process (PID=608) to work on /home/airflow/.local/lib/python3.12/site-packages/airflow/example_dags/example_python_operator.py
[2026-09-22T17:08:04.169+0000] {processor.py:830} INFO - Processing file /home/airflow/.local/lib/python3.12/site-packages/airflow/example_dags/example_python_operator.py for tasks to queue
[2026-09-22T17:08:04.171+0000] {logging_mixin.py:188} INFO - [2026-09-22T17:08:04.170+0000] {dagbag.py:545} INFO - Filling up the DagBag from /home/airflow/.local/lib/python3.12/site-packages/airflow/example_dags/example_python_operator.py
[2026-09-22T17:08:04.180+0000] {processor.py:840} INFO - DAG(s) 'example_python_operator' retrieved from /home/airflow/.local/lib/python3.12/site-packages/airflow/example_dags/example_python_operator.py
[2026-09-22T17:08:04.202+0000] {logging_mixin.py:188} INFO - [2026-09-22T17:08:04.201+0000] {dag.py:3089} INFO - Sync 1 DAGs
[2026-09-22T17:08:04.213+0000] {logging_mixin.py:188} INFO - [2026-09-22T17:08:04.213+0000] {dag.py:3947} INFO - Setting next_dagrun for example_python_operator to None, run_after=None
[2026-09-22T17:08:04.238+0000] {processor.py:183} INFO - Processing /home/airflow/.local/lib/python3.12/site-packages/airflow/example_dags/example_python_operator.py took 0.077 seconds
[2026-09-22T17:08:34.573+0000] {processor.py:161} INFO - Started process (PID=672) to work on /home/airflow/.local/lib/python3.12/site-packages/airflow/example_dags/example_python_operator.py
[2026-09-22T17:08:34.574+0000] {processor.py:830} INFO - Processing file /home/airflow/.local/lib/python3.12/site-packages/airflow/example_dags/example_python_operator.py for tasks to queue
[2026-09-22T17:08:34.576+0000] {logging_mixin.py:188} INFO - [2026-09-22T17:08:34.576+0000] {dagbag.py:545} INFO - Filling up the DagBag from /home/airflow/.local/lib/python3.12/site-packages/airflow/example_dags/example_python_operator.py
[2026-09-22T17:08:34.586+0000] {processor.py:840} INFO - DAG(s) 'example_python_operator' retrieved from /home/airflow/.local/lib/python3.12/site-packages/airflow/example_dags/example_python_operator.py
[2026-09-22T17:08:34.605+0000] {logging_mixin.py:188} INFO - [2026-09-22T17:08:34.605+0000] {dag.py:3089} INFO - Sync 1 DAGs
[2026-09-22T17:08:34.616+0000] {logging_mixin.py:188} INFO - [2026-09-22T17:08:34.616+0000] {dag.py:3947} INFO - Setting next_dagrun for example_python_operator to None, run_after=None
[2026-09-22T17:08:34.652+0000] {processor.py:183} INFO - Processing /home/airflow/.local/lib/python3.12/site-packages/airflow/example_dags/example_python_operator.py took 0.085 seconds
[2026-09-22T17:09:04.727+0000] {processor.py:161} INFO - Started process (PID=730) to work on /home/airflow/.local/lib/python3.12/site-packages/airflow/example_dags/example_python_operator.py
[2026-09-22T17:09:04.728+0000] {processor.py:830} INFO - Processing file /home/airflow/.local/lib/python3.12/site-packages/airflow/example_dags/example_python_operator.py for tasks to queue
[2026-09-22T17:09:04.730+0000] {logging_mixin.py:188} INFO - [2026-09-22T17:09:04.730+0000] {dagbag.py:545} INFO - Filling up the DagBag from /home/airflow/.local/lib/python3.12/site-packages/airflow/example_dags/example_python_operator.py
[2026-09-22T17:09:04.742+0000] {processor.py:840} INFO - DAG(s) 'example_python_operator' retrieved from /home/airflow/.local/lib/python3.12/site-packages/airflow/example_dags/example_python_operator.py
[2026-09-22T17:09:04.762+0000] {logging_mixin.py:188} INFO - [2026-09-22T17:09:04.762+0000] {dag.py:3089} INFO - Sync 1 DAGs
[2026-09-22T17:09:04.773+0000] {logging_mixin.py:188} INFO - [2026-09-22T17:09:04.773+0000] {dag.py:3947} INFO - Setting next_dagrun for example_python_operator to None, run_after=None
[2026-09-22T17:09:04.791+0000] {processor.py:183} INFO - Processing /home/airflow/.local/lib/python3.12/site-packages/airflow/example_dags/example_python_operator.py took 0.071 seconds
[2026-09-22T17:09:34.824+0000] {processor.py:161} INFO - Started process (PID=788) to work on /home/airflow/.local/lib/python3.12/site-packages/airflow/example_dags/example_python_operator.py
[2026-09-22T17:09:34.826+0000] {processor.py:830} INFO - Processing file /home/airflow/.local/lib/python3.12/site-packages/airflow/example_dags/example_python_operator.py for tasks to queue
[2026-09-22T17:09:34.828+0000] {logging_mixin.py:188} INFO - [2026-09-22T17:09:34.828+0000] {dagbag.py:545} INFO - Filling up the DagBag from /home/airflow/.local/lib/python3.12/site-packages/airflow/example_dags/example_python_operator.py
[2026-09-22T17:09:34.838+0000] {processor.py:840} INFO - DAG(s) 'example_python_operator' retrieved from /home/airflow/.local/lib/python3.12/site-packages/airflow/example_dags/example_python_operator.py
[2026-09-22T17:09:34.855+0000] {logging_mixin.py:188} INFO - [2026-09-22T17:09:34.855+0000] {dag.py:3089} INFO - Sync 1 DAGs
[2026-09-22T17:09:34.864+0000] {logging_mixin.py:188} INFO - [2026-09-22T17:09:34.864+0000] {dag.py:3947} INFO - Setting next_dagrun for example_python_operator to None, run_after=None
[2026-09-22T17:09:34.883+0000] {processor.py:183} INFO - Processing /home/airflow/.local/lib/python3.12/site-packages/airflow/example_dags/example_python_operator.py took 0.065 seconds
[2026-09-22T17:10:05.154+0000] {processor.py:161} INFO - Started process (PID=846) to work on /home/airflow/.local/lib/python3.12/site-packages/airflow/example_dags/example_python_operator.py
[2026-09-22T17:10:05.155+0000] {processor.py:830} INFO - Processing file /home/airflow/.local/lib/python3.12/site-packages/airflow/example_dags/example_python_operator.py for tasks to queue
[2026-09-22T17:10:05.157+0000] {logging_mixin.py:188} INFO - [2026-09-22T17:10:05.157+0000] {dagbag.py:545} INFO - Filling up the DagBag from /home/airflow/.local/lib/python3.12/site-packages/airflow/example_dags/example_python_operator.py
[2026-09-22T17:10:05.167+0000] {processor.py:840} INFO - DAG(s) 'example_python_operator' retrieved from /home/airflow/.local/lib/python3.12/site-packages/airflow/example_dags/example_python_operator.py
[2026-09-22T17:10:05.187+0000] {logging_mixin.py:188} INFO - [2026-09-22T17:10:05.187+0000] {dag.py:3089} INFO - Sync 1 DAGs
[2026-09-22T17:10:05.197+0000] {logging_mixin.py:188} INFO - [2026-09-22T17:10:05.197+0000] {dag.py:3947} INFO - Setting next_dagrun for example_python_operator to None, run_after=None
[2026-09-22T17:10:05.217+0000] {processor.py:183} INFO - Processing /home/airflow/.local/lib/python3.12/site-packages/airflow/example_dags/example_python_operator.py took 0.069 seconds
[2026-09-22T17:10:35.995+0000] {processor.py:161} INFO - Started process (PID=904) to work on /home/airflow/.local/lib/python3.12/site-packages/airflow/example_dags/example_python_operator.py
[2026-09-22T17:10:35.996+0000] {processor.py:830} INFO - Processing file /home/airflow/.local/lib/python3.12/site-packages/airflow/example_dags/example_python_operator.py for tasks to queue
[2026-09-22T17:10:35.998+0000] {logging_mixin.py:188} INFO - [2026-09-22T17:10:35.998+0000] {dagbag.py:545} INFO - Filling up the DagBag from /home/airflow/.local/lib/python3.12/site-packages/airflow/example_dags/example_python_operator.py
[2026-09-22T17:10:36.007+0000] {processor.py:840} INFO - DAG(s) 'example_python_operator' retrieved from /home/airflow/.local/lib/python3.12/site-packages/airflow/example_dags/example_python_operator.py
[2026-09-22T17:10:36.026+0000] {logging_mixin.py:188} INFO - [2026-09-22T17:10:36.026+0000] {dag.py:3089} INFO - Sync 1 DAGs
[2026-09-22T17:10:36.041+0000] {logging_mixin.py:188} INFO - [2026-09-22T17:10:36.041+0000] {dag.py:3947} INFO - Setting next_dagrun for example_python_operator to None, run_after=None
[2026-09-22T17:10:36.060+0000] {processor.py:183} INFO - Processing /home/airflow/.local/lib/python3.12/site-packages/airflow/example_dags/example_python_operator.py took 0.071 seconds
[2026-09-22T17:11:06.515+0000] {processor.py:161} INFO - Started process (PID=962) to work on /home/airflow/.local/lib/python3.12/site-packages/airflow/example_dags/example_python_operator.py
[2026-09-22T17:11:06.517+0000] {processor.py:830} INFO - Processing file /home/airflow/.local/lib/python3.12/site-packages/airflow/example_dags/example_python_operator.py for tasks to queue
[2026-09-22T17:11:06.519+0000] {logging_mixin.py:188} INFO - [2026-09-22T17:11:06.518+0000] {dagbag.py:545} INFO - Filling up the DagBag from /home/airflow/.local/lib/python3.12/site-packages/airflow/example_dags/example_python_operator.py
[2026-09-22T17:11:06.528+0000] {processor.py:840} INFO - DAG(s) 'example_python_operator' retrieved from /home/airflow/.local/lib/python3.12/site-packages/airflow/example_dags/example_python_operator.py
[2026-09-22T17:11:06.548+0000] {logging_mixin.py:188} INFO - [2026-09-22T17:11:06.548+0000] {dag.py:3089} INFO - Sync 1 DAGs
[2026-09-22T17:11:06.559+0000] {logging_mixin.py:188} INFO - [2026-09-22T17:11:06.558+0000] {dag.py:3947} INFO - Setting next_dagrun for example_python_operator to None, run_after=None
[2026-09-22T17:11:06.577+0000] {processor.py:183} INFO - Processing /home/airflow/.local/lib/python3.12/site-packages/airflow/example_dags/example_python_operator.py took 0.068 seconds
[2026-09-22T17:11:36.680+0000] {processor.py:161} INFO - Started process (PID=1020) to work on /home/airflow/.local/lib/python3.12/site-packages/airflow/example_dags/example_python_operator.py
[2026-09-22T17:11:36.681+0000] {processor.py:830} INFO - Processing file /home/airflow/.local/lib/python3.12/site-packages/airflow/example_dags/example_python_operator.py for tasks to queue
[2026-09-22T17:11:36.683+0000] {logging_mixin.py:188} INFO - [2026-09-22T17:11:36.683+0000] {dagbag.py:545} INFO - Filling up the DagBag from /home/airflow/.local/lib/python3.12/site-packages/airflow/example_dags/example_python_operator.py
[2026-09-22T17:11:36.703+0000] {processor.py:840} INFO - DAG(s) 'example_python_operator' retrieved from /home/airflow/.local/lib/python3.12/site-packages/airflow/example_dags/example_python_operator.py
[2026-09-22T17:11:36.742+0000] {logging_mixin.py:188} INFO - [2026-09-22T17:11:36.741+0000] {dag.py:3089} INFO - Sync 1 DAGs
[2026-09-22T17:11:36.763+0000] {logging_mixin.py:188} INFO - [2026-09-22T17:11:36.762+0000] {dag.py:3947} INFO - Setting next_dagrun for example_python_operator to None, run_after=None
[2026-09-22T17:11:36.793+0000] {processor.py:183} INFO - Processing /home/airflow/.local/lib/python3.12/site-packages/airflow/example_dags/example_python_operator.py took 0.119 seconds
[2026-09-22T17:12:07.012+0000] {processor.py:161} INFO - Started process (PID=1078) to work on /home/airflow/.local/lib/python3.12/site-packages/airflow/example_dags/example_python_operator.py
[2026-09-22T17:12:07.013+0000] {processor.py:830} INFO - Processing file /home/airflow/.local/lib/python3.12/site-packages/airflow/example_dags/example_python_operator.py for tasks to queue
[2026-09-22T17:12:07.015+0000] {logging_mixin.py:188} INFO - [2026-09-22T17:12:07.015+0000] {dagbag.py:545} INFO - Filling up the DagBag from /home/airflow/.local/lib/python3.12/site-packages/airflow/example_dags/example_python_operator.py
[2026-09-22T17:12:07.025+0000] {processor.py:840} INFO - DAG(s) 'example_python_operator' retrieved from /home/airflow/.local/lib/python3.12/site-packages/airflow/example_dags/example_python_operator.py
[2026-09-22T17:12:07.050+0000] {logging_mixin.py:188} INFO - [2026-09-22T17:12:07.049+0000] {dag.py:3089} INFO - Sync 1 DAGs
[2026-09-22T17:12:07.064+0000] {logging_mixin.py:188} INFO - [2026-09-22T17:12:07.063+0000] {dag.py:3947} INFO - Setting next_dagrun for example_python_operator to None, run_after=None
[2026-09-22T17:12:07.084+0000] {processor.py:183} INFO - Processing /home/airflow/.local/lib/python3.12/site-packages/airflow/example_dags/example_python_operator.py took 0.078 seconds
[2026-09-22T17:12:37.170+0000] {processor.py:161} INFO - Started process (PID=1136) to work on /home/airflow/.local/lib/python3.12/site-packages/airflow/example_dags/example_python_operator.py
[2026-09-22T17:12:37.171+0000] {processor.py:830} INFO - Processing file /home/airflow/.local/lib/python3.12/site-packages/airflow/example_dags/example_python_operator.py for tasks to queue
[2026-09-22T17:12:37.173+0000] {logging_mixin.py:188} INFO - [2026-09-22T17:12:37.173+0000] {dagbag.py:545} INFO - Filling up the DagBag from /home/airflow/.local/lib/python3.12/site-packages/airflow/example_dags/example_python_operator.py
[2026-09-22T17:12:37.182+0000] {processor.py:840} INFO - DAG(s) 'example_python_operator' retrieved from /home/airflow/.local/lib/python3.12/site-packages/airflow/example_dags/example_python_operator.py
[2026-09-22T17:12:37.201+0000] {logging_mixin.py:188} INFO - [2026-09-22T17:12:37.201+0000] {dag.py:3089} INFO - Sync 1 DAGs
[2026-09-22T17:12:37.212+0000] {logging_mixin.py:188} INFO - [2026-09-22T17:12:37.212+0000] {dag.py:3947} INFO - Setting next_dagrun for example_python_operator to None, run_after=None
[2026-09-22T17:12:37.232+0000] {processor.py:183} INFO - Processing /home/airflow/.local/lib/python3.12/site-packages/airflow/example_dags/example_python_operator.py took 0.068 seconds
[2026-09-22T17:13:07.472+0000] {processor.py:161} INFO - Started process (PID=1194) to work on /home/airflow/.local/lib/python3.12/site-packages/airflow/example_dags/example_python_operator.py
[2026-09-22T17:13:07.473+0000] {processor.py:830} INFO - Processing file /home/airflow/.local/lib/python3.12/site-packages/airflow/example_dags/example_python_operator.py for tasks to queue
[2026-09-22T17:13:07.475+0000] {logging_mixin.py:188} INFO - [2026-09-22T17:13:07.475+0000] {dagbag.py:545} INFO - Filling up the DagBag from /home/airflow/.local/lib/python3.12/site-packages/airflow/example_dags/example_python_operator.py
[2026-09-22T17:13:07.485+0000] {processor.py:840} INFO - DAG(s) 'example_python_operator' retrieved from /home/airflow/.local/lib/python3.12/site-packages/airflow/example_dags/example_python_operator.py
[2026-09-22T17:13:07.504+0000] {logging_mixin.py:188} INFO - [2026-09-22T17:13:07.504+0000] {dag.py:3089} INFO - Sync 1 DAGs
[2026-09-22T17:13:07.517+0000] {logging_mixin.py:188} INFO - [2026-09-22T17:13:07.517+0000] {dag.py:3947} INFO - Setting next_dagrun for example_python_operator to None, run_after=None
[2026-09-22T17:13:07.539+0000] {processor.py:183} INFO - Processing /home/airflow/.local/lib/python3.12/site-packages/airflow/example_dags/example_python_operator.py took 0.072 seconds
[2026-09-22T17:13:37.651+0000] {processor.py:161} INFO - Started process (PID=1252) to work on /home/airflow/.local/lib/python3.12/site-packages/airflow/example_dags/example_python_operator.py
[2026-09-22T17:13:37.652+0000] {processor.py:830} INFO - Processing file /home/airflow/.local/lib/python3.12/site-packages/airflow/example_dags/example_python_operator.py for tasks to queue
[2026-09-22T17:13:37.654+0000] {logging_mixin.py:188} INFO - [2026-09-22T17:13:37.653+0000] {dagbag.py:545} INFO - Filling up the DagBag from /home/airflow/.local/lib/python3.12/site-packages/airflow/example_dags/example_python_operator.py
[2026-09-22T17:13:37.662+0000] {processor.py:840} INFO - DAG(s) 'example_python_operator' retrieved from /home/airflow/.local/lib/python3.12/site-packages/airflow/example_dags/example_python_operator.py
[2026-09-22T17:13:37.683+0000] {logging_mixin.py:188} INFO - [2026-09-22T17:13:37.683+0000] {dag.py:3089} INFO - Sync 1 DAGs
[2026-09-22T17:13:37.693+0000] {logging_mixin.py:188} INFO - [2026-09-22T17:13:37.693+0000] {dag.py:3947} INFO - Setting next_dagrun for example_python_operator to None, run_after=None
[2026-09-22T17:13:37.713+0000] {processor.py:183} INFO - Processing /home/airflow/.local/lib/python3.12/site-packages/airflow/example_dags/example_python_operator.py took 0.068 seconds
