[2026-09-22T16:19:30.965+0000] {processor.py:161} INFO - Started process (PID=86) to work on /home/airflow/.local/lib/python3.12/site-packages/airflow/example_dags/example_setup_teardown.py
[2026-09-22T16:19:30.967+0000] {processor.py:830} INFO - Processing file /home/airflow/.local/lib/python3.12/site-packages/airflow/example_dags/example_setup_teardown.py for tasks to queue
[2026-09-22T16:19:30.972+0000] {logging_mixin.py:188} INFO - [2026-09-22T16:19:30.972+0000] {dagbag.py:545} INFO - Filling up the DagBag from /home/airflow/.local/lib/python3.12/site-packages/airflow/example_dags/example_setup_teardown.py
[2026-09-22T16:19:30.983+0000] {processor.py:840} INFO - DAG(s) 'example_setup_teardown' retrieved from /home/airflow/.local/lib/python3.12/site-packages/airflow/example_dags/example_setup_teardown.py
[2026-09-22T16:19:31.182+0000] {logging_mixin.py:188} INFO - [2026-09-22T16:19:31.181+0000] {dag.py:3089} INFO - Sync 1 DAGs
[2026-09-22T16:19:31.222+0000] {logging_mixin.py:188} INFO - [2026-09-22T16:19:31.221+0000] {dag.py:3947} INFO - Setting next_dagrun for example_setup_teardown to 2026-09-21 00:00:00+00:00, run_after=2026-09-22 00:00:00+00:00
[2026-09-22T16:19:31.260+0000] {processor.py:183} INFO - Processing /home/airflow/.local/lib/python3.12/site-packages/airflow/example_dags/example_setup_teardown.py took 0.302 seconds
[2026-09-22T16:20:01.756+0000] {processor.py:161} INFO - Started process (PID=144) to work on /home/airflow/.local/lib/python3.12/site-packages/airflow/example_dags/example_setup_teardown.py
[2026-09-22T16:20:01.758+0000] {processor.py:830} INFO - Processing file /home/airflow/.local/lib/python3.12/site-packages/airflow/example_dags/example_setup_teardown.py for tasks to queue
[2026-09-22T16:20:01.762+0000] {logging_mixin.py:188} INFO - [2026-09-22T16:20:01.761+0000] {dagbag.py:545} INFO - Filling up the DagBag from /home/airflow/.local/lib/python3.12/site-packages/airflow/example_dags/example_setup_teardown.py
[2026-09-22T16:20:01.774+0000] {processor.py:840} INFO - DAG(s) 'example_setup_teardown' retrieved from /home/airflow/.local/lib/python3.12/site-packages/airflow/example_dags/example_setup_teardown.py
[2026-09-22T16:20:01.810+0000] {logging_mixin.py:188} INFO - [2026-09-22T16:20:01.809+0000] {dag.py:3089} INFO - Sync 1 DAGs
[2026-09-22T16:20:01.845+0000] {logging_mixin.py:188} INFO - [2026-09-22T16:20:01.845+0000] {dag.py:3947} INFO - Setting next_dagrun for example_setup_teardown to 2026-09-21 00:00:00+00:00, run_after=2026-09-22 00:00:00+00:00
[2026-09-22T16:20:01.891+0000] {processor.py:183} INFO - Processing /home/airflow/.local/lib/python3.12/site-packages/airflow/example_dags/example_setup_teardown.py took 0.144 seconds
[2026-09-22T16:20:32.205+0000] {processor.py:161} INFO - Started process (PID=201) to work on /home/airflow/.local/lib/python3.12/site-packages/airflow/example_dags/example_setup_teardown.py
[2026-09-22T16:20:32.208+0000] {processor.py:830} INFO - Processing file /home/airflow/.local/lib/python3.12/site-packages/airflow/example_dags/example_setup_teardown.py for tasks to queue
[2026-09-22T16:20:32.212+0000] {logging_mixin.py:188} INFO - [2026-09-22T16:20:32.212+0000] {dagbag.py:545} INFO - Filling up the DagBag from /home/airflow/.local/lib/python3.12/site-packages/airflow/example_dags/example_setup_teardown.py
[2026-09-22T16:20:32.227+0000] {processor.py:840} INFO - DAG(s) 'example_setup_teardown' retrieved from /home/airflow/.local/lib/python3.12/site-packages/airflow/example_dags/example_setup_teardown.py
[2026-09-22T16:20:32.263+0000] {logging_mixin.py:188} INFO - [2026-09-22T16:20:32.262+0000] {dag.py:3089} INFO - Sync 1 DAGs
[2026-09-22T16:20:32.306+0000] {logging_mixin.py:188} INFO - [2026-09-22T16:20:32.306+0000] {dag.py:3947} INFO - Setting next_dagrun for example_setup_teardown to 2026-09-21 00:00:00+00:00, run_after=2026-09-22 00:00:00+00:00
[2026-09-22T16:20:32.338+0000] {processor.py:183} INFO - Processing /home/airflow/.local/lib/python3.12/site-packages/airflow/example_dags/example_setup_teardown.py took 0.146 seconds
[2026-09-22T16:21:02.454+0000] {processor.py:161} INFO - Started process (PID=259) to work on /home/airflow/.local/lib/python3.12/site-packages/airflow/example_dags/example_setup_teardown.py
[2026-09-22T16:21:02.456+0000] {processor.py:830} INFO - Processing file /home/airflow/.local/lib/python3.12/site-packages/airflow/example_dags/example_setup_teardown.py for tasks to queue
[2026-09-22T16:21:02.459+0000] {logging_mixin.py:188} INFO - [2026-09-22T16:21:02.458+0000] {dagbag.py:545} INFO - Filling up the DagBag from /home/airflow/.local/lib/python3.12/site-packages/airflow/example_dags/example_setup_teardown.py
[2026-09-22T16:21:02.470+0000] {processor.py:840} INFO - DAG(s) 'example_setup_teardown' retrieved from /home/airflow/.local/lib/python3.12/site-packages/airflow/example_dags/example_setup_teardown.py
[2026-09-22T16:21:02.509+0000] {logging_mixin.py:188} INFO - [2026-09-22T16:21:02.509+0000] {dag.py:3089} INFO - Sync 1 DAGs
[2026-09-22T16:21:02.542+0000] {logging_mixin.py:188} INFO - [2026-09-22T16:21:02.542+0000] {dag.py:3947} INFO - Setting next_dagrun for example_setup_teardown to 2026-09-21 00:00:00+00:00, run_after=2026-09-22 00:00:00+00:00
[2026-09-22T16:21:02.575+0000] {processor.py:183} INFO - Processing /home/airflow/.local/lib/python3.12/site-packages/airflow/example_dags/example_setup_teardown.py took 0.129 seconds
[2026-09-22T16:21:32.748+0000] {processor.py:161} INFO - Started process (PID=317) to work on /home/airflow/.local/lib/python3.12/site-packages/airflow/example_dags/example_setup_teardown.py
[2026-09-22T16:21:32.749+0000] {processor.py:830} INFO - Processing file /home/airflow/.local/lib/python3.12/site-packages/airflow/example_dags/example_setup_teardown.py for tasks to queue
[2026-09-22T16:21:32.752+0000] {logging_mixin.py:188} INFO - [2026-09-22T16:21:32.751+0000] {dagbag.py:545} INFO - Filling up the DagBag from /home/airflow/.local/lib/python3.12/site-packages/airflow/example_dags/example_setup_teardown.py
[2026-09-22T16:21:32.762+0000] {processor.py:840} INFO - DAG(s) 'example_setup_teardown' retrieved from /home/airflow/.local/lib/python3.12/site-packages/airflow/example_dags/example_setup_teardown.py
[2026-09-22T16:21:32.790+0000] {logging_mixin.py:188} INFO - [2026-09-22T16:21:32.790+0000] {dag.py:3089} INFO - Sync 1 DAGs
[2026-09-22T16:21:32.822+0000] {logging_mixin.py:188} INFO - [2026-09-22T16:21:32.821+0000] {dag.py:3947} INFO - Setting next_dagrun for example_setup_teardown to 2026-09-21 00:00:00+00:00, run_after=2026-09-22 00:00:00+00:00
[2026-09-22T16:21:32.859+0000] {processor.py:183} INFO - Processing /home/airflow/.local/lib/python3.12/site-packages/airflow/example_dags/example_setup_teardown.py took 0.119 seconds
[2026-09-22T16:22:03.185+0000] {processor.py:161} INFO - Started process (PID=375) to work on /home/airflow/.local/lib/python3.12/site-packages/airflow/example_dags/example_setup_teardown.py
[2026-09-22T16:22:03.187+0000] {processor.py:830} INFO - Processing file /home/airflow/.local/lib/python3.12/site-packages/airflow/example_dags/example_setup_teardown.py for tasks to queue
[2026-09-22T16:22:03.189+0000] {logging_mixin.py:188} INFO - [2026-09-22T16:22:03.189+0000] {dagbag.py:545} INFO - Filling up the DagBag from /home/airflow/.local/lib/python3.12/site-packages/airflow/example_dags/example_setup_teardown.py
[2026-09-22T16:22:03.199+0000] {processor.py:840} INFO - DAG(s) 'example_setup_teardown' retrieved from /home/airflow/.local/lib/python3.12/site-packages/airflow/example_dags/example_setup_teardown.py
[2026-09-22T16:22:03.225+0000] {logging_mixin.py:188} INFO - [2026-09-22T16:22:03.225+0000] {dag.py:3089} INFO - Sync 1 DAGs
[2026-09-22T16:22:03.259+0000] {logging_mixin.py:188} INFO - [2026-09-22T16:22:03.259+0000] {dag.py:3947} INFO - Setting next_dagrun for example_setup_teardown to 2026-09-21 00:00:00+00:00, run_after=2026-09-22 00:00:00+00:00
[2026-09-22T16:22:03.358+0000] {processor.py:183} INFO - Processing /home/airflow/.local/lib/python3.12/site-packages/airflow/example_dags/example_setup_teardown.py took 0.181 seconds
[2026-09-22T16:22:34.060+0000] {processor.py:161} INFO - Started process (PID=433) to work on /home/airflow/.local/lib/python3.12/site-packages/airflow/example_dags/example_setup_teardown.py
[2026-09-22T16:22:34.062+0000] {processor.py:830} INFO - Processing file /home/airflow/.local/lib/python3.12/site-packages/airflow/example_dags/example_setup_teardown.py for tasks to queue
[2026-09-22T16:22:34.065+0000] {logging_mixin.py:188} INFO - [2026-09-22T16:22:34.064+0000] {dagbag.py:545} INFO - Filling up the DagBag from /home/airflow/.local/lib/python3.12/site-packages/airflow/example_dags/example_setup_teardown.py
[2026-09-22T16:22:34.079+0000] {processor.py:840} INFO - DAG(s) 'example_setup_teardown' retrieved from /home/airflow/.local/lib/python3.12/site-packages/airflow/example_dags/example_setup_teardown.py
[2026-09-22T16:22:34.115+0000] {logging_mixin.py:188} INFO - [2026-09-22T16:22:34.114+0000] {dag.py:3089} INFO - Sync 1 DAGs
[2026-09-22T16:22:34.163+0000] {logging_mixin.py:188} INFO - [2026-09-22T16:22:34.162+0000] {dag.py:3947} INFO - Setting next_dagrun for example_setup_teardown to 2026-09-21 00:00:00+00:00, run_after=2026-09-22 00:00:00+00:00
[2026-09-22T16:22:34.274+0000] {processor.py:183} INFO - Processing /home/airflow/.local/lib/python3.12/site-packages/airflow/example_dags/example_setup_teardown.py took 0.223 seconds
[2026-09-22T16:23:05.108+0000] {processor.py:161} INFO - Started process (PID=491) to work on /home/airflow/.local/lib/python3.12/site-packages/airflow/example_dags/example_setup_teardown.py
[2026-09-22T16:23:05.110+0000] {processor.py:830} INFO - Processing file /home/airflow/.local/lib/python3.12/site-packages/airflow/example_dags/example_setup_teardown.py for tasks to queue
[2026-09-22T16:23:05.112+0000] {logging_mixin.py:188} INFO - [2026-09-22T16:23:05.112+0000] {dagbag.py:545} INFO - Filling up the DagBag from /home/airflow/.local/lib/python3.12/site-packages/airflow/example_dags/example_setup_teardown.py
[2026-09-22T16:23:05.122+0000] {processor.py:840} INFO - DAG(s) 'example_setup_teardown' retrieved from /home/airflow/.local/lib/python3.12/site-packages/airflow/example_dags/example_setup_teardown.py
[2026-09-22T16:23:05.147+0000] {logging_mixin.py:188} INFO - [2026-09-22T16:23:05.147+0000] {dag.py:3089} INFO - Sync 1 DAGs
[2026-09-22T16:23:05.173+0000] {logging_mixin.py:188} INFO - [2026-09-22T16:23:05.173+0000] {dag.py:3947} INFO - Setting next_dagrun for example_setup_teardown to 2026-09-21 00:00:00+00:00, run_after=2026-09-22 00:00:00+00:00
[2026-09-22T16:23:05.200+0000] {processor.py:183} INFO - Processing /home/airflow/.local/lib/python3.12/site-packages/airflow/example_dags/example_setup_teardown.py took 0.102 seconds
[2026-09-22T16:23:35.606+0000] {processor.py:161} INFO - Started process (PID=549) to work on /home/airflow/.local/lib/python3.12/site-packages/airflow/example_dags/example_setup_teardown.py
[2026-09-22T16:23:35.607+0000] {processor.py:830} INFO - Processing file /home/airflow/.local/lib/python3.12/site-packages/airflow/example_dags/example_setup_teardown.py for tasks to queue
[2026-09-22T16:23:35.610+0000] {logging_mixin.py:188} INFO - [2026-09-22T16:23:35.609+0000] {dagbag.py:545} INFO - Filling up the DagBag from /home/airflow/.local/lib/python3.12/site-packages/airflow/example_dags/example_setup_teardown.py
[2026-09-22T16:23:35.619+0000] {processor.py:840} INFO - DAG(s) 'example_setup_teardown' retrieved from /home/airflow/.local/lib/python3.12/site-packages/airflow/example_dags/example_setup_teardown.py
[2026-09-22T16:23:35.647+0000] {logging_mixin.py:188} INFO - [2026-09-22T16:23:35.647+0000] {dag.py:3089} INFO - Sync 1 DAGs
[2026-09-22T16:23:35.674+0000] {logging_mixin.py:188} INFO - [2026-09-22T16:23:35.674+0000] {dag.py:3947} INFO - Setting next_dagrun for example_setup_teardown to 2026-09-21 00:00:00+00:00, run_after=2026-09-22 00:00:00+00:00
[2026-09-22T16:23:35.762+0000] {processor.py:183} INFO - Processing /home/airflow/.local/lib/python3.12/site-packages/airflow/example_dags/example_setup_teardown.py took 0.165 seconds
[2026-09-22T16:24:05.905+0000] {processor.py:161} INFO - Started process (PID=607) to work on /home/airflow/.local/lib/python3.12/site-packages/airflow/example_dags/example_setup_teardown.py
[2026-09-22T16:24:05.907+0000] {processor.py:830} INFO - Processing file /home/airflow/.local/lib/python3.12/site-packages/airflow/example_dags/example_setup_teardown.py for tasks to queue
[2026-09-22T16:24:05.909+0000] {logging_mixin.py:188} INFO - [2026-09-22T16:24:05.909+0000] {dagbag.py:545} INFO - Filling up the DagBag from /home/airflow/.local/lib/python3.12/site-packages/airflow/example_dags/example_setup_teardown.py
[2026-09-22T16:24:05.919+0000] {processor.py:840} INFO - DAG(s) 'example_setup_teardown' retrieved from /home/airflow/.local/lib/python3.12/site-packages/airflow/example_dags/example_setup_teardown.py
[2026-09-22T16:24:05.945+0000] {logging_mixin.py:188} INFO - [2026-09-22T16:24:05.944+0000] {dag.py:3089} INFO - Sync 1 DAGs
[2026-09-22T16:24:05.976+0000] {logging_mixin.py:188} INFO - [2026-09-22T16:24:05.975+0000] {dag.py:3947} INFO - Setting next_dagrun for example_setup_teardown to 2026-09-21 00:00:00+00:00, run_after=2026-09-22 00:00:00+00:00
[2026-09-22T16:24:06.003+0000] {processor.py:183} INFO - Processing /home/airflow/.local/lib/python3.12/site-packages/airflow/example_dags/example_setup_teardown.py took 0.108 seconds
[2026-09-22T16:24:36.121+0000] {processor.py:161} INFO - Started process (PID=665) to work on /home/airflow/.local/lib/python3.12/site-packages/airflow/example_dags/example_setup_teardown.py
[2026-09-22T16:24:36.123+0000] {processor.py:830} INFO - Processing file /home/airflow/.local/lib/python3.12/site-packages/airflow/example_dags/example_setup_teardown.py for tasks to queue
[2026-09-22T16:24:36.126+0000] {logging_mixin.py:188} INFO - [2026-09-22T16:24:36.126+0000] {dagbag.py:545} INFO - Filling up the DagBag from /home/airflow/.local/lib/python3.12/site-packages/airflow/example_dags/example_setup_teardown.py
[2026-09-22T16:24:36.136+0000] {processor.py:840} INFO - DAG(s) 'example_setup_teardown' retrieved from /home/airflow/.local/lib/python3.12/site-packages/airflow/example_dags/example_setup_teardown.py
[2026-09-22T16:24:36.162+0000] {logging_mixin.py:188} INFO - [2026-09-22T16:24:36.161+0000] {dag.py:3089} INFO - Sync 1 DAGs
[2026-09-22T16:24:36.189+0000] {logging_mixin.py:188} INFO - [2026-09-22T16:24:36.189+0000] {dag.py:3947} INFO - Setting next_dagrun for example_setup_teardown to 2026-09-21 00:00:00+00:00, run_after=2026-09-22 00:00:00+00:00
[2026-09-22T16:24:36.212+0000] {processor.py:183} INFO - Processing /home/airflow/.local/lib/python3.12/site-packages/airflow/example_dags/example_setup_teardown.py took 0.101 seconds
[2026-09-22T16:25:06.731+0000] {processor.py:161} INFO - Started process (PID=723) to work on /home/airflow/.local/lib/python3.12/site-packages/airflow/example_dags/example_setup_teardown.py
[2026-09-22T16:25:06.733+0000] {processor.py:830} INFO - Processing file /home/airflow/.local/lib/python3.12/site-packages/airflow/example_dags/example_setup_teardown.py for tasks to queue
[2026-09-22T16:25:06.736+0000] {logging_mixin.py:188} INFO - [2026-09-22T16:25:06.736+0000] {dagbag.py:545} INFO - Filling up the DagBag from /home/airflow/.local/lib/python3.12/site-packages/airflow/example_dags/example_setup_teardown.py
[2026-09-22T16:25:06.746+0000] {processor.py:840} INFO - DAG(s) 'example_setup_teardown' retrieved from /home/airflow/.local/lib/python3.12/site-packages/airflow/example_dags/example_setup_teardown.py
[2026-09-22T16:25:06.769+0000] {logging_mixin.py:188} INFO - [2026-09-22T16:25:06.769+0000] {dag.py:3089} INFO - Sync 1 DAGs
[2026-09-22T16:25:06.792+0000] {logging_mixin.py:188} INFO - [2026-09-22T16:25:06.792+0000] {dag.py:3947} INFO - Setting next_dagrun for example_setup_teardown to 2026-09-21 00:00:00+00:00, run_after=2026-09-22 00:00:00+00:00
[2026-09-22T16:25:06.882+0000] {processor.py:183} INFO - Processing /home/airflow/.local/lib/python3.12/site-packages/airflow/example_dags/example_setup_teardown.py took 0.161 seconds
[2026-09-22T16:25:37.132+0000] {processor.py:161} INFO - Started process (PID=781) to work on /home/airflow/.local/lib/python3.12/site-packages/airflow/example_dags/example_setup_teardown.py
[2026-09-22T16:25:37.134+0000] {processor.py:830} INFO - Processing file /home/airflow/.local/lib/python3.12/site-packages/airflow/example_dags/example_setup_teardown.py for tasks to queue
[2026-09-22T16:25:37.139+0000] {logging_mixin.py:188} INFO - [2026-09-22T16:25:37.138+0000] {dagbag.py:545} INFO - Filling up the DagBag from /home/airflow/.local/lib/python3.12/site-packages/airflow/example_dags/example_setup_teardown.py
[2026-09-22T16:25:37.149+0000] {processor.py:840} INFO - DAG(s) 'example_setup_teardown' retrieved from /home/airflow/.local/lib/python3.12/site-packages/airflow/example_dags/example_setup_teardown.py
[2026-09-22T16:25:37.187+0000] {logging_mixin.py:188} INFO - [2026-09-22T16:25:37.186+0000] {dag.py:3089} INFO - Sync 1 DAGs
[2026-09-22T16:25:37.226+0000] {logging_mixin.py:188} INFO - [2026-09-22T16:25:37.226+0000] {dag.py:3947} INFO - Setting next_dagrun for example_setup_teardown to 2026-09-21 00:00:00+00:00, run_after=2026-09-22 00:00:00+00:00
[2026-09-22T16:25:37.304+0000] {processor.py:183} INFO - Processing /home/airflow/.local/lib/python3.12/site-packages/airflow/example_dags/example_setup_teardown.py took 0.180 seconds
[2026-09-22T16:26:07.793+0000] {processor.py:161} INFO - Started process (PID=839) to work on /home/airflow/.local/lib/python3.12/site-packages/airflow/example_dags/example_setup_teardown.py
[2026-09-22T16:26:07.795+0000] {processor.py:830} INFO - Processing file /home/airflow/.local/lib/python3.12/site-packages/airflow/example_dags/example_setup_teardown.py for tasks to queue
[2026-09-22T16:26:07.798+0000] {logging_mixin.py:188} INFO - [2026-09-22T16:26:07.797+0000] {dagbag.py:545} INFO - Filling up the DagBag from /home/airflow/.local/lib/python3.12/site-packages/airflow/example_dags/example_setup_teardown.py
[2026-09-22T16:26:07.807+0000] {processor.py:840} INFO - DAG(s) 'example_setup_teardown' retrieved from /home/airflow/.local/lib/python3.12/site-packages/airflow/example_dags/example_setup_teardown.py
[2026-09-22T16:26:07.832+0000] {logging_mixin.py:188} INFO - [2026-09-22T16:26:07.831+0000] {dag.py:3089} INFO - Sync 1 DAGs
[2026-09-22T16:26:07.858+0000] {logging_mixin.py:188} INFO - [2026-09-22T16:26:07.857+0000] {dag.py:3947} INFO - Setting next_dagrun for example_setup_teardown to 2026-09-21 00:00:00+00:00, run_after=2026-09-22 00:00:00+00:00
[2026-09-22T16:26:07.947+0000] {processor.py:183} INFO - Processing /home/airflow/.local/lib/python3.12/site-packages/airflow/example_dags/example_setup_teardown.py took 0.163 seconds
[2026-09-22T16:26:38.045+0000] {processor.py:161} INFO - Started process (PID=897) to work on /home/airflow/.local/lib/python3.12/site-packages/airflow/example_dags/example_setup_teardown.py
[2026-09-22T16:26:38.047+0000] {processor.py:830} INFO - Processing file /home/airflow/.local/lib/python3.12/site-packages/airflow/example_dags/example_setup_teardown.py for tasks to queue
[2026-09-22T16:26:38.049+0000] {logging_mixin.py:188} INFO - [2026-09-22T16:26:38.049+0000] {dagbag.py:545} INFO - Filling up the DagBag from /home/airflow/.local/lib/python3.12/site-packages/airflow/example_dags/example_setup_teardown.py
[2026-09-22T16:26:38.058+0000] {processor.py:840} INFO - DAG(s) 'example_setup_teardown' retrieved from /home/airflow/.local/lib/python3.12/site-packages/airflow/example_dags/example_setup_teardown.py
[2026-09-22T16:26:38.090+0000] {logging_mixin.py:188} INFO - [2026-09-22T16:26:38.090+0000] {dag.py:3089} INFO - Sync 1 DAGs
[2026-09-22T16:26:38.116+0000] {logging_mixin.py:188} INFO - [2026-09-22T16:26:38.115+0000] {dag.py:3947} INFO - Setting next_dagrun for example_setup_teardown to 2026-09-21 00:00:00+00:00, run_after=2026-09-22 00:00:00+00:00
[2026-09-22T16:26:38.148+0000] {processor.py:183} INFO - Processing /home/airflow/.local/lib/python3.12/site-packages/airflow/example_dags/example_setup_teardown.py took 0.111 seconds
[2026-09-22T16:27:08.563+0000] {processor.py:161} INFO - Started process (PID=955) to work on /home/airflow/.local/lib/python3.12/site-packages/airflow/example_dags/example_setup_teardown.py
[2026-09-22T16:27:08.565+0000] {processor.py:830} INFO - Processing file /home/airflow/.local/lib/python3.12/site-packages/airflow/example_dags/example_setup_teardown.py for tasks to queue
[2026-09-22T16:27:08.569+0000] {logging_mixin.py:188} INFO - [2026-09-22T16:27:08.568+0000] {dagbag.py:545} INFO - Filling up the DagBag from /home/airflow/.local/lib/python3.12/site-packages/airflow/example_dags/example_setup_teardown.py
[2026-09-22T16:27:08.581+0000] {processor.py:840} INFO - DAG(s) 'example_setup_teardown' retrieved from /home/airflow/.local/lib/python3.12/site-packages/airflow/example_dags/example_setup_teardown.py
[2026-09-22T16:27:08.608+0000] {logging_mixin.py:188} INFO - [2026-09-22T16:27:08.607+0000] {dag.py:3089} INFO - Sync 1 DAGs
[2026-09-22T16:27:08.640+0000] {logging_mixin.py:188} INFO - [2026-09-22T16:27:08.640+0000] {dag.py:3947} INFO - Setting next_dagrun for example_setup_teardown to 2026-09-21 00:00:00+00:00, run_after=2026-09-22 00:00:00+00:00
[2026-09-22T16:27:08.732+0000] {processor.py:183} INFO - Processing /home/airflow/.local/lib/python3.12/site-packages/airflow/example_dags/example_setup_teardown.py took 0.180 seconds
[2026-09-22T16:27:39.651+0000] {processor.py:161} INFO - Started process (PID=1013) to work on /home/airflow/.local/lib/python3.12/site-packages/airflow/example_dags/example_setup_teardown.py
[2026-09-22T16:27:39.653+0000] {processor.py:830} INFO - Processing file /home/airflow/.local/lib/python3.12/site-packages/airflow/example_dags/example_setup_teardown.py for tasks to queue
[2026-09-22T16:27:39.656+0000] {logging_mixin.py:188} INFO - [2026-09-22T16:27:39.656+0000] {dagbag.py:545} INFO - Filling up the DagBag from /home/airflow/.local/lib/python3.12/site-packages/airflow/example_dags/example_setup_teardown.py
[2026-09-22T16:27:39.666+0000] {processor.py:840} INFO - DAG(s) 'example_setup_teardown' retrieved from /home/airflow/.local/lib/python3.12/site-packages/airflow/example_dags/example_setup_teardown.py
[2026-09-22T16:27:39.697+0000] {logging_mixin.py:188} INFO - [2026-09-22T16:27:39.697+0000] {dag.py:3089} INFO - Sync 1 DAGs
[2026-09-22T16:27:39.744+0000] {logging_mixin.py:188} INFO - [2026-09-22T16:27:39.744+0000] {dag.py:3947} INFO - Setting next_dagrun for example_setup_teardown to 2026-09-21 00:00:00+00:00, run_after=2026-09-22 00:00:00+00:00
[2026-09-22T16:27:39.788+0000] {processor.py:183} INFO - Processing /home/airflow/.local/lib/python3.12/site-packages/airflow/example_dags/example_setup_teardown.py took 0.146 seconds
[2026-09-22T16:28:10.244+0000] {processor.py:161} INFO - Started process (PID=1071) to work on /home/airflow/.local/lib/python3.12/site-packages/airflow/example_dags/example_setup_teardown.py
[2026-09-22T16:28:10.246+0000] {processor.py:830} INFO - Processing file /home/airflow/.local/lib/python3.12/site-packages/airflow/example_dags/example_setup_teardown.py for tasks to queue
[2026-09-22T16:28:10.250+0000] {logging_mixin.py:188} INFO - [2026-09-22T16:28:10.250+0000] {dagbag.py:545} INFO - Filling up the DagBag from /home/airflow/.local/lib/python3.12/site-packages/airflow/example_dags/example_setup_teardown.py
[2026-09-22T16:28:10.262+0000] {processor.py:840} INFO - DAG(s) 'example_setup_teardown' retrieved from /home/airflow/.local/lib/python3.12/site-packages/airflow/example_dags/example_setup_teardown.py
[2026-09-22T16:28:10.297+0000] {logging_mixin.py:188} INFO - [2026-09-22T16:28:10.296+0000] {dag.py:3089} INFO - Sync 1 DAGs
[2026-09-22T16:28:10.335+0000] {logging_mixin.py:188} INFO - [2026-09-22T16:28:10.335+0000] {dag.py:3947} INFO - Setting next_dagrun for example_setup_teardown to 2026-09-21 00:00:00+00:00, run_after=2026-09-22 00:00:00+00:00
[2026-09-22T16:28:10.370+0000] {processor.py:183} INFO - Processing /home/airflow/.local/lib/python3.12/site-packages/airflow/example_dags/example_setup_teardown.py took 0.138 seconds
[2026-09-22T16:28:41.369+0000] {processor.py:161} INFO - Started process (PID=1129) to work on /home/airflow/.local/lib/python3.12/site-packages/airflow/example_dags/example_setup_teardown.py
[2026-09-22T16:28:41.371+0000] {processor.py:830} INFO - Processing file /home/airflow/.local/lib/python3.12/site-packages/airflow/example_dags/example_setup_teardown.py for tasks to queue
[2026-09-22T16:28:41.374+0000] {logging_mixin.py:188} INFO - [2026-09-22T16:28:41.374+0000] {dagbag.py:545} INFO - Filling up the DagBag from /home/airflow/.local/lib/python3.12/site-packages/airflow/example_dags/example_setup_teardown.py
[2026-09-22T16:28:41.384+0000] {processor.py:840} INFO - DAG(s) 'example_setup_teardown' retrieved from /home/airflow/.local/lib/python3.12/site-packages/airflow/example_dags/example_setup_teardown.py
[2026-09-22T16:28:41.411+0000] {logging_mixin.py:188} INFO - [2026-09-22T16:28:41.411+0000] {dag.py:3089} INFO - Sync 1 DAGs
[2026-09-22T16:28:41.438+0000] {logging_mixin.py:188} INFO - [2026-09-22T16:28:41.437+0000] {dag.py:3947} INFO - Setting next_dagrun for example_setup_teardown to 2026-09-21 00:00:00+00:00, run_after=2026-09-22 00:00:00+00:00
[2026-09-22T16:28:41.526+0000] {processor.py:183} INFO - Processing /home/airflow/.local/lib/python3.12/site-packages/airflow/example_dags/example_setup_teardown.py took 0.167 seconds
[2026-09-22T16:29:11.812+0000] {processor.py:161} INFO - Started process (PID=1187) to work on /home/airflow/.local/lib/python3.12/site-packages/airflow/example_dags/example_setup_teardown.py
[2026-09-22T16:29:11.815+0000] {processor.py:830} INFO - Processing file /home/airflow/.local/lib/python3.12/site-packages/airflow/example_dags/example_setup_teardown.py for tasks to queue
[2026-09-22T16:29:11.818+0000] {logging_mixin.py:188} INFO - [2026-09-22T16:29:11.817+0000] {dagbag.py:545} INFO - Filling up the DagBag from /home/airflow/.local/lib/python3.12/site-packages/airflow/example_dags/example_setup_teardown.py
[2026-09-22T16:29:11.831+0000] {processor.py:840} INFO - DAG(s) 'example_setup_teardown' retrieved from /home/airflow/.local/lib/python3.12/site-packages/airflow/example_dags/example_setup_teardown.py
[2026-09-22T16:29:11.858+0000] {logging_mixin.py:188} INFO - [2026-09-22T16:29:11.858+0000] {dag.py:3089} INFO - Sync 1 DAGs
[2026-09-22T16:29:11.890+0000] {logging_mixin.py:188} INFO - [2026-09-22T16:29:11.889+0000] {dag.py:3947} INFO - Setting next_dagrun for example_setup_teardown to 2026-09-21 00:00:00+00:00, run_after=2026-09-22 00:00:00+00:00
[2026-09-22T16:29:11.917+0000] {processor.py:183} INFO - Processing /home/airflow/.local/lib/python3.12/site-packages/airflow/example_dags/example_setup_teardown.py took 0.117 seconds
[2026-09-22T16:29:42.425+0000] {processor.py:161} INFO - Started process (PID=1244) to work on /home/airflow/.local/lib/python3.12/site-packages/airflow/example_dags/example_setup_teardown.py
[2026-09-22T16:29:42.427+0000] {processor.py:830} INFO - Processing file /home/airflow/.local/lib/python3.12/site-packages/airflow/example_dags/example_setup_teardown.py for tasks to queue
[2026-09-22T16:29:42.430+0000] {logging_mixin.py:188} INFO - [2026-09-22T16:29:42.430+0000] {dagbag.py:545} INFO - Filling up the DagBag from /home/airflow/.local/lib/python3.12/site-packages/airflow/example_dags/example_setup_teardown.py
[2026-09-22T16:29:42.440+0000] {processor.py:840} INFO - DAG(s) 'example_setup_teardown' retrieved from /home/airflow/.local/lib/python3.12/site-packages/airflow/example_dags/example_setup_teardown.py
[2026-09-22T16:29:42.469+0000] {logging_mixin.py:188} INFO - [2026-09-22T16:29:42.469+0000] {dag.py:3089} INFO - Sync 1 DAGs
[2026-09-22T16:29:42.500+0000] {logging_mixin.py:188} INFO - [2026-09-22T16:29:42.499+0000] {dag.py:3947} INFO - Setting next_dagrun for example_setup_teardown to 2026-09-21 00:00:00+00:00, run_after=2026-09-22 00:00:00+00:00
[2026-09-22T16:29:42.583+0000] {processor.py:183} INFO - Processing /home/airflow/.local/lib/python3.12/site-packages/airflow/example_dags/example_setup_teardown.py took 0.171 seconds
[2026-09-22T16:30:12.713+0000] {processor.py:161} INFO - Started process (PID=1302) to work on /home/airflow/.local/lib/python3.12/site-packages/airflow/example_dags/example_setup_teardown.py
[2026-09-22T16:30:12.715+0000] {processor.py:830} INFO - Processing file /home/airflow/.local/lib/python3.12/site-packages/airflow/example_dags/example_setup_teardown.py for tasks to queue
[2026-09-22T16:30:12.720+0000] {logging_mixin.py:188} INFO - [2026-09-22T16:30:12.719+0000] {dagbag.py:545} INFO - Filling up the DagBag from /home/airflow/.local/lib/python3.12/site-packages/airflow/example_dags/example_setup_teardown.py
[2026-09-22T16:30:12.731+0000] {processor.py:840} INFO - DAG(s) 'example_setup_teardown' retrieved from /home/airflow/.local/lib/python3.12/site-packages/airflow/example_dags/example_setup_teardown.py
[2026-09-22T16:30:12.759+0000] {logging_mixin.py:188} INFO - [2026-09-22T16:30:12.759+0000] {dag.py:3089} INFO - Sync 1 DAGs
[2026-09-22T16:30:12.788+0000] {logging_mixin.py:188} INFO - [2026-09-22T16:30:12.788+0000] {dag.py:3947} INFO - Setting next_dagrun for example_setup_teardown to 2026-09-21 00:00:00+00:00, run_after=2026-09-22 00:00:00+00:00
[2026-09-22T16:30:12.816+0000] {processor.py:183} INFO - Processing /home/airflow/.local/lib/python3.12/site-packages/airflow/example_dags/example_setup_teardown.py took 0.111 seconds
[2026-09-22T16:30:42.939+0000] {processor.py:161} INFO - Started process (PID=1360) to work on /home/airflow/.local/lib/python3.12/site-packages/airflow/example_dags/example_setup_teardown.py
[2026-09-22T16:30:42.941+0000] {processor.py:830} INFO - Processing file /home/airflow/.local/lib/python3.12/site-packages/airflow/example_dags/example_setup_teardown.py for tasks to queue
[2026-09-22T16:30:42.945+0000] {logging_mixin.py:188} INFO - [2026-09-22T16:30:42.945+0000] {dagbag.py:545} INFO - Filling up the DagBag from /home/airflow/.local/lib/python3.12/site-packages/airflow/example_dags/example_setup_teardown.py
[2026-09-22T16:30:42.963+0000] {processor.py:840} INFO - DAG(s) 'example_setup_teardown' retrieved from /home/airflow/.local/lib/python3.12/site-packages/airflow/example_dags/example_setup_teardown.py
[2026-09-22T16:30:43.000+0000] {logging_mixin.py:188} INFO - [2026-09-22T16:30:42.999+0000] {dag.py:3089} INFO - Sync 1 DAGs
[2026-09-22T16:30:43.043+0000] {logging_mixin.py:188} INFO - [2026-09-22T16:30:43.043+0000] {dag.py:3947} INFO - Setting next_dagrun for example_setup_teardown to 2026-09-21 00:00:00+00:00, run_after=2026-09-22 00:00:00+00:00
[2026-09-22T16:30:43.131+0000] {processor.py:183} INFO - Processing /home/airflow/.local/lib/python3.12/site-packages/airflow/example_dags/example_setup_teardown.py took 0.203 seconds
[2026-09-22T16:31:13.263+0000] {processor.py:161} INFO - Started process (PID=1418) to work on /home/airflow/.local/lib/python3.12/site-packages/airflow/example_dags/example_setup_teardown.py
[2026-09-22T16:31:13.265+0000] {processor.py:830} INFO - Processing file /home/airflow/.local/lib/python3.12/site-packages/airflow/example_dags/example_setup_teardown.py for tasks to queue
[2026-09-22T16:31:13.269+0000] {logging_mixin.py:188} INFO - [2026-09-22T16:31:13.268+0000] {dagbag.py:545} INFO - Filling up the DagBag from /home/airflow/.local/lib/python3.12/site-packages/airflow/example_dags/example_setup_teardown.py
[2026-09-22T16:31:13.284+0000] {processor.py:840} INFO - DAG(s) 'example_setup_teardown' retrieved from /home/airflow/.local/lib/python3.12/site-packages/airflow/example_dags/example_setup_teardown.py
[2026-09-22T16:31:13.322+0000] {logging_mixin.py:188} INFO - [2026-09-22T16:31:13.322+0000] {dag.py:3089} INFO - Sync 1 DAGs
[2026-09-22T16:31:13.356+0000] {logging_mixin.py:188} INFO - [2026-09-22T16:31:13.356+0000] {dag.py:3947} INFO - Setting next_dagrun for example_setup_teardown to 2026-09-21 00:00:00+00:00, run_after=2026-09-22 00:00:00+00:00
[2026-09-22T16:31:13.387+0000] {processor.py:183} INFO - Processing /home/airflow/.local/lib/python3.12/site-packages/airflow/example_dags/example_setup_teardown.py took 0.134 seconds
[2026-09-22T16:31:43.641+0000] {processor.py:161} INFO - Started process (PID=1476) to work on /home/airflow/.local/lib/python3.12/site-packages/airflow/example_dags/example_setup_teardown.py
[2026-09-22T16:31:43.643+0000] {processor.py:830} INFO - Processing file /home/airflow/.local/lib/python3.12/site-packages/airflow/example_dags/example_setup_teardown.py for tasks to queue
[2026-09-22T16:31:43.646+0000] {logging_mixin.py:188} INFO - [2026-09-22T16:31:43.646+0000] {dagbag.py:545} INFO - Filling up the DagBag from /home/airflow/.local/lib/python3.12/site-packages/airflow/example_dags/example_setup_teardown.py
[2026-09-22T16:31:43.659+0000] {processor.py:840} INFO - DAG(s) 'example_setup_teardown' retrieved from /home/airflow/.local/lib/python3.12/site-packages/airflow/example_dags/example_setup_teardown.py
[2026-09-22T16:31:43.691+0000] {logging_mixin.py:188} INFO - [2026-09-22T16:31:43.690+0000] {dag.py:3089} INFO - Sync 1 DAGs
[2026-09-22T16:31:43.729+0000] {logging_mixin.py:188} INFO - [2026-09-22T16:31:43.728+0000] {dag.py:3947} INFO - Setting next_dagrun for example_setup_teardown to 2026-09-21 00:00:00+00:00, run_after=2026-09-22 00:00:00+00:00
[2026-09-22T16:31:43.768+0000] {processor.py:183} INFO - Processing /home/airflow/.local/lib/python3.12/site-packages/airflow/example_dags/example_setup_teardown.py took 0.135 seconds
[2026-09-22T16:32:14.848+0000] {processor.py:161} INFO - Started process (PID=1534) to work on /home/airflow/.local/lib/python3.12/site-packages/airflow/example_dags/example_setup_teardown.py
[2026-09-22T16:32:14.850+0000] {processor.py:830} INFO - Processing file /home/airflow/.local/lib/python3.12/site-packages/airflow/example_dags/example_setup_teardown.py for tasks to queue
[2026-09-22T16:32:14.854+0000] {logging_mixin.py:188} INFO - [2026-09-22T16:32:14.853+0000] {dagbag.py:545} INFO - Filling up the DagBag from /home/airflow/.local/lib/python3.12/site-packages/airflow/example_dags/example_setup_teardown.py
[2026-09-22T16:32:14.862+0000] {processor.py:840} INFO - DAG(s) 'example_setup_teardown' retrieved from /home/airflow/.local/lib/python3.12/site-packages/airflow/example_dags/example_setup_teardown.py
[2026-09-22T16:32:14.895+0000] {logging_mixin.py:188} INFO - [2026-09-22T16:32:14.895+0000] {dag.py:3089} INFO - Sync 1 DAGs
[2026-09-22T16:32:14.929+0000] {logging_mixin.py:188} INFO - [2026-09-22T16:32:14.928+0000] {dag.py:3947} INFO - Setting next_dagrun for example_setup_teardown to 2026-09-21 00:00:00+00:00, run_after=2026-09-22 00:00:00+00:00
[2026-09-22T16:32:14.971+0000] {processor.py:183} INFO - Processing /home/airflow/.local/lib/python3.12/site-packages/airflow/example_dags/example_setup_teardown.py took 0.130 seconds
[2026-09-22T16:32:45.893+0000] {processor.py:161} INFO - Started process (PID=1592) to work on /home/airflow/.local/lib/python3.12/site-packages/airflow/example_dags/example_setup_teardown.py
[2026-09-22T16:32:45.896+0000] {processor.py:830} INFO - Processing file /home/airflow/.local/lib/python3.12/site-packages/airflow/example_dags/example_setup_teardown.py for tasks to queue
[2026-09-22T16:32:45.900+0000] {logging_mixin.py:188} INFO - [2026-09-22T16:32:45.899+0000] {dagbag.py:545} INFO - Filling up the DagBag from /home/airflow/.local/lib/python3.12/site-packages/airflow/example_dags/example_setup_teardown.py
[2026-09-22T16:32:45.908+0000] {processor.py:840} INFO - DAG(s) 'example_setup_teardown' retrieved from /home/airflow/.local/lib/python3.12/site-packages/airflow/example_dags/example_setup_teardown.py
[2026-09-22T16:32:45.962+0000] {logging_mixin.py:188} INFO - [2026-09-22T16:32:45.962+0000] {dag.py:3089} INFO - Sync 1 DAGs
[2026-09-22T16:32:46.013+0000] {logging_mixin.py:188} INFO - [2026-09-22T16:32:46.012+0000] {dag.py:3947} INFO - Setting next_dagrun for example_setup_teardown to 2026-09-21 00:00:00+00:00, run_after=2026-09-22 00:00:00+00:00
[2026-09-22T16:32:46.055+0000] {processor.py:183} INFO - Processing /home/airflow/.local/lib/python3.12/site-packages/airflow/example_dags/example_setup_teardown.py took 0.173 seconds
[2026-09-22T16:33:16.382+0000] {processor.py:161} INFO - Started process (PID=1650) to work on /home/airflow/.local/lib/python3.12/site-packages/airflow/example_dags/example_setup_teardown.py
[2026-09-22T16:33:16.384+0000] {processor.py:830} INFO - Processing file /home/airflow/.local/lib/python3.12/site-packages/airflow/example_dags/example_setup_teardown.py for tasks to queue
[2026-09-22T16:33:16.388+0000] {logging_mixin.py:188} INFO - [2026-09-22T16:33:16.387+0000] {dagbag.py:545} INFO - Filling up the DagBag from /home/airflow/.local/lib/python3.12/site-packages/airflow/example_dags/example_setup_teardown.py
[2026-09-22T16:33:16.399+0000] {processor.py:840} INFO - DAG(s) 'example_setup_teardown' retrieved from /home/airflow/.local/lib/python3.12/site-packages/airflow/example_dags/example_setup_teardown.py
[2026-09-22T16:33:16.431+0000] {logging_mixin.py:188} INFO - [2026-09-22T16:33:16.431+0000] {dag.py:3089} INFO - Sync 1 DAGs
[2026-09-22T16:33:16.462+0000] {logging_mixin.py:188} INFO - [2026-09-22T16:33:16.462+0000] {dag.py:3947} INFO - Setting next_dagrun for example_setup_teardown to 2026-09-21 00:00:00+00:00, run_after=2026-09-22 00:00:00+00:00
[2026-09-22T16:33:16.492+0000] {processor.py:183} INFO - Processing /home/airflow/.local/lib/python3.12/site-packages/airflow/example_dags/example_setup_teardown.py took 0.118 seconds
[2026-09-22T16:33:46.590+0000] {processor.py:161} INFO - Started process (PID=1708) to work on /home/airflow/.local/lib/python3.12/site-packages/airflow/example_dags/example_setup_teardown.py
[2026-09-22T16:33:46.591+0000] {processor.py:830} INFO - Processing file /home/airflow/.local/lib/python3.12/site-packages/airflow/example_dags/example_setup_teardown.py for tasks to queue
[2026-09-22T16:33:46.593+0000] {logging_mixin.py:188} INFO - [2026-09-22T16:33:46.593+0000] {dagbag.py:545} INFO - Filling up the DagBag from /home/airflow/.local/lib/python3.12/site-packages/airflow/example_dags/example_setup_teardown.py
[2026-09-22T16:33:46.602+0000] {processor.py:840} INFO - DAG(s) 'example_setup_teardown' retrieved from /home/airflow/.local/lib/python3.12/site-packages/airflow/example_dags/example_setup_teardown.py
[2026-09-22T16:33:46.632+0000] {logging_mixin.py:188} INFO - [2026-09-22T16:33:46.632+0000] {dag.py:3089} INFO - Sync 1 DAGs
[2026-09-22T16:33:46.662+0000] {logging_mixin.py:188} INFO - [2026-09-22T16:33:46.661+0000] {dag.py:3947} INFO - Setting next_dagrun for example_setup_teardown to 2026-09-21 00:00:00+00:00, run_after=2026-09-22 00:00:00+00:00
[2026-09-22T16:33:46.757+0000] {processor.py:183} INFO - Processing /home/airflow/.local/lib/python3.12/site-packages/airflow/example_dags/example_setup_teardown.py took 0.177 seconds
[2026-09-22T16:34:16.956+0000] {processor.py:161} INFO - Started process (PID=1766) to work on /home/airflow/.local/lib/python3.12/site-packages/airflow/example_dags/example_setup_teardown.py
[2026-09-22T16:34:16.958+0000] {processor.py:830} INFO - Processing file /home/airflow/.local/lib/python3.12/site-packages/airflow/example_dags/example_setup_teardown.py for tasks to queue
[2026-09-22T16:34:16.962+0000] {logging_mixin.py:188} INFO - [2026-09-22T16:34:16.962+0000] {dagbag.py:545} INFO - Filling up the DagBag from /home/airflow/.local/lib/python3.12/site-packages/airflow/example_dags/example_setup_teardown.py
[2026-09-22T16:34:16.972+0000] {processor.py:840} INFO - DAG(s) 'example_setup_teardown' retrieved from /home/airflow/.local/lib/python3.12/site-packages/airflow/example_dags/example_setup_teardown.py
[2026-09-22T16:34:17.011+0000] {logging_mixin.py:188} INFO - [2026-09-22T16:34:17.011+0000] {dag.py:3089} INFO - Sync 1 DAGs
[2026-09-22T16:34:17.044+0000] {logging_mixin.py:188} INFO - [2026-09-22T16:34:17.043+0000] {dag.py:3947} INFO - Setting next_dagrun for example_setup_teardown to 2026-09-21 00:00:00+00:00, run_after=2026-09-22 00:00:00+00:00
[2026-09-22T16:34:17.136+0000] {processor.py:183} INFO - Processing /home/airflow/.local/lib/python3.12/site-packages/airflow/example_dags/example_setup_teardown.py took 0.189 seconds
[2026-09-22T16:34:47.796+0000] {processor.py:161} INFO - Started process (PID=1824) to work on /home/airflow/.local/lib/python3.12/site-packages/airflow/example_dags/example_setup_teardown.py
[2026-09-22T16:34:47.798+0000] {processor.py:830} INFO - Processing file /home/airflow/.local/lib/python3.12/site-packages/airflow/example_dags/example_setup_teardown.py for tasks to queue
[2026-09-22T16:34:47.804+0000] {logging_mixin.py:188} INFO - [2026-09-22T16:34:47.804+0000] {dagbag.py:545} INFO - Filling up the DagBag from /home/airflow/.local/lib/python3.12/site-packages/airflow/example_dags/example_setup_teardown.py
[2026-09-22T16:34:47.817+0000] {processor.py:840} INFO - DAG(s) 'example_setup_teardown' retrieved from /home/airflow/.local/lib/python3.12/site-packages/airflow/example_dags/example_setup_teardown.py
[2026-09-22T16:34:47.856+0000] {logging_mixin.py:188} INFO - [2026-09-22T16:34:47.855+0000] {dag.py:3089} INFO - Sync 1 DAGs
[2026-09-22T16:34:47.894+0000] {logging_mixin.py:188} INFO - [2026-09-22T16:34:47.894+0000] {dag.py:3947} INFO - Setting next_dagrun for example_setup_teardown to 2026-09-21 00:00:00+00:00, run_after=2026-09-22 00:00:00+00:00
[2026-09-22T16:34:48.139+0000] {processor.py:183} INFO - Processing /home/airflow/.local/lib/python3.12/site-packages/airflow/example_dags/example_setup_teardown.py took 0.354 seconds
[2026-09-22T16:35:18.637+0000] {processor.py:161} INFO - Started process (PID=1882) to work on /home/airflow/.local/lib/python3.12/site-packages/airflow/example_dags/example_setup_teardown.py
[2026-09-22T16:35:18.639+0000] {processor.py:830} INFO - Processing file /home/airflow/.local/lib/python3.12/site-packages/airflow/example_dags/example_setup_teardown.py for tasks to queue
[2026-09-22T16:35:18.642+0000] {logging_mixin.py:188} INFO - [2026-09-22T16:35:18.641+0000] {dagbag.py:545} INFO - Filling up the DagBag from /home/airflow/.local/lib/python3.12/site-packages/airflow/example_dags/example_setup_teardown.py
[2026-09-22T16:35:18.657+0000] {processor.py:840} INFO - DAG(s) 'example_setup_teardown' retrieved from /home/airflow/.local/lib/python3.12/site-packages/airflow/example_dags/example_setup_teardown.py
[2026-09-22T16:35:18.690+0000] {logging_mixin.py:188} INFO - [2026-09-22T16:35:18.689+0000] {dag.py:3089} INFO - Sync 1 DAGs
[2026-09-22T16:35:18.728+0000] {logging_mixin.py:188} INFO - [2026-09-22T16:35:18.728+0000] {dag.py:3947} INFO - Setting next_dagrun for example_setup_teardown to 2026-09-21 00:00:00+00:00, run_after=2026-09-22 00:00:00+00:00
[2026-09-22T16:35:18.758+0000] {processor.py:183} INFO - Processing /home/airflow/.local/lib/python3.12/site-packages/airflow/example_dags/example_setup_teardown.py took 0.132 seconds
[2026-09-22T16:35:49.301+0000] {processor.py:161} INFO - Started process (PID=1940) to work on /home/airflow/.local/lib/python3.12/site-packages/airflow/example_dags/example_setup_teardown.py
[2026-09-22T16:35:49.302+0000] {processor.py:830} INFO - Processing file /home/airflow/.local/lib/python3.12/site-packages/airflow/example_dags/example_setup_teardown.py for tasks to queue
[2026-09-22T16:35:49.305+0000] {logging_mixin.py:188} INFO - [2026-09-22T16:35:49.304+0000] {dagbag.py:545} INFO - Filling up the DagBag from /home/airflow/.local/lib/python3.12/site-packages/airflow/example_dags/example_setup_teardown.py
[2026-09-22T16:35:49.313+0000] {processor.py:840} INFO - DAG(s) 'example_setup_teardown' retrieved from /home/airflow/.local/lib/python3.12/site-packages/airflow/example_dags/example_setup_teardown.py
[2026-09-22T16:35:49.345+0000] {logging_mixin.py:188} INFO - [2026-09-22T16:35:49.345+0000] {dag.py:3089} INFO - Sync 1 DAGs
[2026-09-22T16:35:49.378+0000] {logging_mixin.py:188} INFO - [2026-09-22T16:35:49.378+0000] {dag.py:3947} INFO - Setting next_dagrun for example_setup_teardown to 2026-09-21 00:00:00+00:00, run_after=2026-09-22 00:00:00+00:00
[2026-09-22T16:35:49.469+0000] {processor.py:183} INFO - Processing /home/airflow/.local/lib/python3.12/site-packages/airflow/example_dags/example_setup_teardown.py took 0.175 seconds
[2026-09-22T16:36:20.160+0000] {processor.py:161} INFO - Started process (PID=1998) to work on /home/airflow/.local/lib/python3.12/site-packages/airflow/example_dags/example_setup_teardown.py
[2026-09-22T16:36:20.161+0000] {processor.py:830} INFO - Processing file /home/airflow/.local/lib/python3.12/site-packages/airflow/example_dags/example_setup_teardown.py for tasks to queue
[2026-09-22T16:36:20.164+0000] {logging_mixin.py:188} INFO - [2026-09-22T16:36:20.163+0000] {dagbag.py:545} INFO - Filling up the DagBag from /home/airflow/.local/lib/python3.12/site-packages/airflow/example_dags/example_setup_teardown.py
[2026-09-22T16:36:20.174+0000] {processor.py:840} INFO - DAG(s) 'example_setup_teardown' retrieved from /home/airflow/.local/lib/python3.12/site-packages/airflow/example_dags/example_setup_teardown.py
[2026-09-22T16:36:20.216+0000] {logging_mixin.py:188} INFO - [2026-09-22T16:36:20.216+0000] {dag.py:3089} INFO - Sync 1 DAGs
[2026-09-22T16:36:20.250+0000] {logging_mixin.py:188} INFO - [2026-09-22T16:36:20.250+0000] {dag.py:3947} INFO - Setting next_dagrun for example_setup_teardown to 2026-09-21 00:00:00+00:00, run_after=2026-09-22 00:00:00+00:00
[2026-09-22T16:36:20.284+0000] {processor.py:183} INFO - Processing /home/airflow/.local/lib/python3.12/site-packages/airflow/example_dags/example_setup_teardown.py took 0.135 seconds
[2026-09-22T16:36:51.142+0000] {processor.py:161} INFO - Started process (PID=2056) to work on /home/airflow/.local/lib/python3.12/site-packages/airflow/example_dags/example_setup_teardown.py
[2026-09-22T16:36:51.144+0000] {processor.py:830} INFO - Processing file /home/airflow/.local/lib/python3.12/site-packages/airflow/example_dags/example_setup_teardown.py for tasks to queue
[2026-09-22T16:36:51.148+0000] {logging_mixin.py:188} INFO - [2026-09-22T16:36:51.147+0000] {dagbag.py:545} INFO - Filling up the DagBag from /home/airflow/.local/lib/python3.12/site-packages/airflow/example_dags/example_setup_teardown.py
[2026-09-22T16:36:51.163+0000] {processor.py:840} INFO - DAG(s) 'example_setup_teardown' retrieved from /home/airflow/.local/lib/python3.12/site-packages/airflow/example_dags/example_setup_teardown.py
[2026-09-22T16:36:51.201+0000] {logging_mixin.py:188} INFO - [2026-09-22T16:36:51.201+0000] {dag.py:3089} INFO - Sync 1 DAGs
[2026-09-22T16:36:51.241+0000] {logging_mixin.py:188} INFO - [2026-09-22T16:36:51.241+0000] {dag.py:3947} INFO - Setting next_dagrun for example_setup_teardown to 2026-09-21 00:00:00+00:00, run_after=2026-09-22 00:00:00+00:00
[2026-09-22T16:36:51.273+0000] {processor.py:183} INFO - Processing /home/airflow/.local/lib/python3.12/site-packages/airflow/example_dags/example_setup_teardown.py took 0.149 seconds
[2026-09-22T16:37:22.144+0000] {processor.py:161} INFO - Started process (PID=2114) to work on /home/airflow/.local/lib/python3.12/site-packages/airflow/example_dags/example_setup_teardown.py
[2026-09-22T16:37:22.146+0000] {processor.py:830} INFO - Processing file /home/airflow/.local/lib/python3.12/site-packages/airflow/example_dags/example_setup_teardown.py for tasks to queue
[2026-09-22T16:37:22.149+0000] {logging_mixin.py:188} INFO - [2026-09-22T16:37:22.148+0000] {dagbag.py:545} INFO - Filling up the DagBag from /home/airflow/.local/lib/python3.12/site-packages/airflow/example_dags/example_setup_teardown.py
[2026-09-22T16:37:22.158+0000] {processor.py:840} INFO - DAG(s) 'example_setup_teardown' retrieved from /home/airflow/.local/lib/python3.12/site-packages/airflow/example_dags/example_setup_teardown.py
[2026-09-22T16:37:22.185+0000] {logging_mixin.py:188} INFO - [2026-09-22T16:37:22.185+0000] {dag.py:3089} INFO - Sync 1 DAGs
[2026-09-22T16:37:22.215+0000] {logging_mixin.py:188} INFO - [2026-09-22T16:37:22.215+0000] {dag.py:3947} INFO - Setting next_dagrun for example_setup_teardown to 2026-09-21 00:00:00+00:00, run_after=2026-09-22 00:00:00+00:00
[2026-09-22T16:37:22.250+0000] {processor.py:183} INFO - Processing /home/airflow/.local/lib/python3.12/site-packages/airflow/example_dags/example_setup_teardown.py took 0.112 seconds
[2026-09-22T16:37:52.660+0000] {processor.py:161} INFO - Started process (PID=2172) to work on /home/airflow/.local/lib/python3.12/site-packages/airflow/example_dags/example_setup_teardown.py
[2026-09-22T16:37:52.662+0000] {processor.py:830} INFO - Processing file /home/airflow/.local/lib/python3.12/site-packages/airflow/example_dags/example_setup_teardown.py for tasks to queue
[2026-09-22T16:37:52.666+0000] {logging_mixin.py:188} INFO - [2026-09-22T16:37:52.666+0000] {dagbag.py:545} INFO - Filling up the DagBag from /home/airflow/.local/lib/python3.12/site-packages/airflow/example_dags/example_setup_teardown.py
[2026-09-22T16:37:52.681+0000] {processor.py:840} INFO - DAG(s) 'example_setup_teardown' retrieved from /home/airflow/.local/lib/python3.12/site-packages/airflow/example_dags/example_setup_teardown.py
[2026-09-22T16:37:52.712+0000] {logging_mixin.py:188} INFO - [2026-09-22T16:37:52.712+0000] {dag.py:3089} INFO - Sync 1 DAGs
[2026-09-22T16:37:52.747+0000] {logging_mixin.py:188} INFO - [2026-09-22T16:37:52.746+0000] {dag.py:3947} INFO - Setting next_dagrun for example_setup_teardown to 2026-09-21 00:00:00+00:00, run_after=2026-09-22 00:00:00+00:00
[2026-09-22T16:37:52.792+0000] {processor.py:183} INFO - Processing /home/airflow/.local/lib/python3.12/site-packages/airflow/example_dags/example_setup_teardown.py took 0.142 seconds
[2026-09-22T16:38:23.915+0000] {processor.py:161} INFO - Started process (PID=2228) to work on /home/airflow/.local/lib/python3.12/site-packages/airflow/example_dags/example_setup_teardown.py
[2026-09-22T16:38:23.917+0000] {processor.py:830} INFO - Processing file /home/airflow/.local/lib/python3.12/site-packages/airflow/example_dags/example_setup_teardown.py for tasks to queue
[2026-09-22T16:38:23.921+0000] {logging_mixin.py:188} INFO - [2026-09-22T16:38:23.920+0000] {dagbag.py:545} INFO - Filling up the DagBag from /home/airflow/.local/lib/python3.12/site-packages/airflow/example_dags/example_setup_teardown.py
[2026-09-22T16:38:23.931+0000] {processor.py:840} INFO - DAG(s) 'example_setup_teardown' retrieved from /home/airflow/.local/lib/python3.12/site-packages/airflow/example_dags/example_setup_teardown.py
[2026-09-22T16:38:23.956+0000] {logging_mixin.py:188} INFO - [2026-09-22T16:38:23.956+0000] {dag.py:3089} INFO - Sync 1 DAGs
[2026-09-22T16:38:24.220+0000] {logging_mixin.py:188} INFO - [2026-09-22T16:38:24.219+0000] {dag.py:3947} INFO - Setting next_dagrun for example_setup_teardown to 2026-09-21 00:00:00+00:00, run_after=2026-09-22 00:00:00+00:00
[2026-09-22T16:38:24.261+0000] {processor.py:183} INFO - Processing /home/airflow/.local/lib/python3.12/site-packages/airflow/example_dags/example_setup_teardown.py took 0.356 seconds
[2026-09-22T16:41:48.063+0000] {processor.py:161} INFO - Started process (PID=87) to work on /home/airflow/.local/lib/python3.12/site-packages/airflow/example_dags/example_setup_teardown.py
[2026-09-22T16:41:48.066+0000] {processor.py:830} INFO - Processing file /home/airflow/.local/lib/python3.12/site-packages/airflow/example_dags/example_setup_teardown.py for tasks to queue
[2026-09-22T16:41:48.070+0000] {logging_mixin.py:188} INFO - [2026-09-22T16:41:48.069+0000] {dagbag.py:545} INFO - Filling up the DagBag from /home/airflow/.local/lib/python3.12/site-packages/airflow/example_dags/example_setup_teardown.py
[2026-09-22T16:41:48.080+0000] {processor.py:840} INFO - DAG(s) 'example_setup_teardown' retrieved from /home/airflow/.local/lib/python3.12/site-packages/airflow/example_dags/example_setup_teardown.py
[2026-09-22T16:41:48.256+0000] {logging_mixin.py:188} INFO - [2026-09-22T16:41:48.256+0000] {dag.py:3089} INFO - Sync 1 DAGs
[2026-09-22T16:41:48.287+0000] {logging_mixin.py:188} INFO - [2026-09-22T16:41:48.287+0000] {dag.py:3947} INFO - Setting next_dagrun for example_setup_teardown to 2026-09-21 00:00:00+00:00, run_after=2026-09-22 00:00:00+00:00
[2026-09-22T16:41:48.368+0000] {processor.py:183} INFO - Processing /home/airflow/.local/lib/python3.12/site-packages/airflow/example_dags/example_setup_teardown.py took 0.314 seconds
[2026-09-22T16:42:19.117+0000] {processor.py:161} INFO - Started process (PID=145) to work on /home/airflow/.local/lib/python3.12/site-packages/airflow/example_dags/example_setup_teardown.py
[2026-09-22T16:42:19.119+0000] {processor.py:830} INFO - Processing file /home/airflow/.local/lib/python3.12/site-packages/airflow/example_dags/example_setup_teardown.py for tasks to queue
[2026-09-22T16:42:19.121+0000] {logging_mixin.py:188} INFO - [2026-09-22T16:42:19.121+0000] {dagbag.py:545} INFO - Filling up the DagBag from /home/airflow/.local/lib/python3.12/site-packages/airflow/example_dags/example_setup_teardown.py
[2026-09-22T16:42:19.134+0000] {processor.py:840} INFO - DAG(s) 'example_setup_teardown' retrieved from /home/airflow/.local/lib/python3.12/site-packages/airflow/example_dags/example_setup_teardown.py
[2026-09-22T16:42:19.169+0000] {logging_mixin.py:188} INFO - [2026-09-22T16:42:19.168+0000] {dag.py:3089} INFO - Sync 1 DAGs
[2026-09-22T16:42:19.207+0000] {logging_mixin.py:188} INFO - [2026-09-22T16:42:19.206+0000] {dag.py:3947} INFO - Setting next_dagrun for example_setup_teardown to 2026-09-21 00:00:00+00:00, run_after=2026-09-22 00:00:00+00:00
[2026-09-22T16:42:19.245+0000] {processor.py:183} INFO - Processing /home/airflow/.local/lib/python3.12/site-packages/airflow/example_dags/example_setup_teardown.py took 0.135 seconds
[2026-09-22T16:43:48.697+0000] {processor.py:161} INFO - Started process (PID=87) to work on /home/airflow/.local/lib/python3.12/site-packages/airflow/example_dags/example_setup_teardown.py
[2026-09-22T16:43:48.700+0000] {processor.py:830} INFO - Processing file /home/airflow/.local/lib/python3.12/site-packages/airflow/example_dags/example_setup_teardown.py for tasks to queue
[2026-09-22T16:43:48.703+0000] {logging_mixin.py:188} INFO - [2026-09-22T16:43:48.703+0000] {dagbag.py:545} INFO - Filling up the DagBag from /home/airflow/.local/lib/python3.12/site-packages/airflow/example_dags/example_setup_teardown.py
[2026-09-22T16:43:48.713+0000] {processor.py:840} INFO - DAG(s) 'example_setup_teardown' retrieved from /home/airflow/.local/lib/python3.12/site-packages/airflow/example_dags/example_setup_teardown.py
[2026-09-22T16:43:48.848+0000] {logging_mixin.py:188} INFO - [2026-09-22T16:43:48.847+0000] {dag.py:3089} INFO - Sync 1 DAGs
[2026-09-22T16:43:48.875+0000] {logging_mixin.py:188} INFO - [2026-09-22T16:43:48.875+0000] {dag.py:3947} INFO - Setting next_dagrun for example_setup_teardown to 2026-09-21 00:00:00+00:00, run_after=2026-09-22 00:00:00+00:00
[2026-09-22T16:43:48.935+0000] {processor.py:183} INFO - Processing /home/airflow/.local/lib/python3.12/site-packages/airflow/example_dags/example_setup_teardown.py took 0.248 seconds
[2026-09-22T16:44:19.174+0000] {processor.py:161} INFO - Started process (PID=144) to work on /home/airflow/.local/lib/python3.12/site-packages/airflow/example_dags/example_setup_teardown.py
[2026-09-22T16:44:19.176+0000] {processor.py:830} INFO - Processing file /home/airflow/.local/lib/python3.12/site-packages/airflow/example_dags/example_setup_teardown.py for tasks to queue
[2026-09-22T16:44:19.180+0000] {logging_mixin.py:188} INFO - [2026-09-22T16:44:19.179+0000] {dagbag.py:545} INFO - Filling up the DagBag from /home/airflow/.local/lib/python3.12/site-packages/airflow/example_dags/example_setup_teardown.py
[2026-09-22T16:44:19.192+0000] {processor.py:840} INFO - DAG(s) 'example_setup_teardown' retrieved from /home/airflow/.local/lib/python3.12/site-packages/airflow/example_dags/example_setup_teardown.py
[2026-09-22T16:44:19.228+0000] {logging_mixin.py:188} INFO - [2026-09-22T16:44:19.227+0000] {dag.py:3089} INFO - Sync 1 DAGs
[2026-09-22T16:44:19.257+0000] {logging_mixin.py:188} INFO - [2026-09-22T16:44:19.257+0000] {dag.py:3947} INFO - Setting next_dagrun for example_setup_teardown to 2026-09-21 00:00:00+00:00, run_after=2026-09-22 00:00:00+00:00
[2026-09-22T16:44:19.285+0000] {processor.py:183} INFO - Processing /home/airflow/.local/lib/python3.12/site-packages/airflow/example_dags/example_setup_teardown.py took 0.121 seconds
[2026-09-22T16:44:49.635+0000] {processor.py:161} INFO - Started process (PID=208) to work on /home/airflow/.local/lib/python3.12/site-packages/airflow/example_dags/example_setup_teardown.py
[2026-09-22T16:44:49.637+0000] {processor.py:830} INFO - Processing file /home/airflow/.local/lib/python3.12/site-packages/airflow/example_dags/example_setup_teardown.py for tasks to queue
[2026-09-22T16:44:49.640+0000] {logging_mixin.py:188} INFO - [2026-09-22T16:44:49.639+0000] {dagbag.py:545} INFO - Filling up the DagBag from /home/airflow/.local/lib/python3.12/site-packages/airflow/example_dags/example_setup_teardown.py
[2026-09-22T16:44:49.661+0000] {processor.py:840} INFO - DAG(s) 'example_setup_teardown' retrieved from /home/airflow/.local/lib/python3.12/site-packages/airflow/example_dags/example_setup_teardown.py
[2026-09-22T16:44:49.706+0000] {logging_mixin.py:188} INFO - [2026-09-22T16:44:49.706+0000] {dag.py:3089} INFO - Sync 1 DAGs
[2026-09-22T16:44:49.736+0000] {logging_mixin.py:188} INFO - [2026-09-22T16:44:49.736+0000] {dag.py:3947} INFO - Setting next_dagrun for example_setup_teardown to 2026-09-21 00:00:00+00:00, run_after=2026-09-22 00:00:00+00:00
[2026-09-22T16:44:49.768+0000] {processor.py:183} INFO - Processing /home/airflow/.local/lib/python3.12/site-packages/airflow/example_dags/example_setup_teardown.py took 0.147 seconds
[2026-09-22T16:45:20.819+0000] {processor.py:161} INFO - Started process (PID=266) to work on /home/airflow/.local/lib/python3.12/site-packages/airflow/example_dags/example_setup_teardown.py
[2026-09-22T16:45:20.820+0000] {processor.py:830} INFO - Processing file /home/airflow/.local/lib/python3.12/site-packages/airflow/example_dags/example_setup_teardown.py for tasks to queue
[2026-09-22T16:45:20.823+0000] {logging_mixin.py:188} INFO - [2026-09-22T16:45:20.822+0000] {dagbag.py:545} INFO - Filling up the DagBag from /home/airflow/.local/lib/python3.12/site-packages/airflow/example_dags/example_setup_teardown.py
[2026-09-22T16:45:20.831+0000] {processor.py:840} INFO - DAG(s) 'example_setup_teardown' retrieved from /home/airflow/.local/lib/python3.12/site-packages/airflow/example_dags/example_setup_teardown.py
[2026-09-22T16:45:20.863+0000] {logging_mixin.py:188} INFO - [2026-09-22T16:45:20.863+0000] {dag.py:3089} INFO - Sync 1 DAGs
[2026-09-22T16:45:20.897+0000] {logging_mixin.py:188} INFO - [2026-09-22T16:45:20.897+0000] {dag.py:3947} INFO - Setting next_dagrun for example_setup_teardown to 2026-09-21 00:00:00+00:00, run_after=2026-09-22 00:00:00+00:00
[2026-09-22T16:45:20.995+0000] {processor.py:183} INFO - Processing /home/airflow/.local/lib/python3.12/site-packages/airflow/example_dags/example_setup_teardown.py took 0.184 seconds
[2026-09-22T16:45:51.087+0000] {processor.py:161} INFO - Started process (PID=324) to work on /home/airflow/.local/lib/python3.12/site-packages/airflow/example_dags/example_setup_teardown.py
[2026-09-22T16:45:51.089+0000] {processor.py:830} INFO - Processing file /home/airflow/.local/lib/python3.12/site-packages/airflow/example_dags/example_setup_teardown.py for tasks to queue
[2026-09-22T16:45:51.093+0000] {logging_mixin.py:188} INFO - [2026-09-22T16:45:51.092+0000] {dagbag.py:545} INFO - Filling up the DagBag from /home/airflow/.local/lib/python3.12/site-packages/airflow/example_dags/example_setup_teardown.py
[2026-09-22T16:45:51.112+0000] {processor.py:840} INFO - DAG(s) 'example_setup_teardown' retrieved from /home/airflow/.local/lib/python3.12/site-packages/airflow/example_dags/example_setup_teardown.py
[2026-09-22T16:45:51.146+0000] {logging_mixin.py:188} INFO - [2026-09-22T16:45:51.146+0000] {dag.py:3089} INFO - Sync 1 DAGs
[2026-09-22T16:45:51.182+0000] {logging_mixin.py:188} INFO - [2026-09-22T16:45:51.182+0000] {dag.py:3947} INFO - Setting next_dagrun for example_setup_teardown to 2026-09-21 00:00:00+00:00, run_after=2026-09-22 00:00:00+00:00
[2026-09-22T16:45:51.212+0000] {processor.py:183} INFO - Processing /home/airflow/.local/lib/python3.12/site-packages/airflow/example_dags/example_setup_teardown.py took 0.135 seconds
[2026-09-22T16:46:21.617+0000] {processor.py:161} INFO - Started process (PID=382) to work on /home/airflow/.local/lib/python3.12/site-packages/airflow/example_dags/example_setup_teardown.py
[2026-09-22T16:46:21.619+0000] {processor.py:830} INFO - Processing file /home/airflow/.local/lib/python3.12/site-packages/airflow/example_dags/example_setup_teardown.py for tasks to queue
[2026-09-22T16:46:21.622+0000] {logging_mixin.py:188} INFO - [2026-09-22T16:46:21.622+0000] {dagbag.py:545} INFO - Filling up the DagBag from /home/airflow/.local/lib/python3.12/site-packages/airflow/example_dags/example_setup_teardown.py
[2026-09-22T16:46:21.630+0000] {processor.py:840} INFO - DAG(s) 'example_setup_teardown' retrieved from /home/airflow/.local/lib/python3.12/site-packages/airflow/example_dags/example_setup_teardown.py
[2026-09-22T16:46:21.658+0000] {logging_mixin.py:188} INFO - [2026-09-22T16:46:21.658+0000] {dag.py:3089} INFO - Sync 1 DAGs
[2026-09-22T16:46:21.688+0000] {logging_mixin.py:188} INFO - [2026-09-22T16:46:21.688+0000] {dag.py:3947} INFO - Setting next_dagrun for example_setup_teardown to 2026-09-21 00:00:00+00:00, run_after=2026-09-22 00:00:00+00:00
[2026-09-22T16:46:21.770+0000] {processor.py:183} INFO - Processing /home/airflow/.local/lib/python3.12/site-packages/airflow/example_dags/example_setup_teardown.py took 0.163 seconds
[2026-09-22T16:46:52.611+0000] {processor.py:161} INFO - Started process (PID=440) to work on /home/airflow/.local/lib/python3.12/site-packages/airflow/example_dags/example_setup_teardown.py
[2026-09-22T16:46:52.613+0000] {processor.py:830} INFO - Processing file /home/airflow/.local/lib/python3.12/site-packages/airflow/example_dags/example_setup_teardown.py for tasks to queue
[2026-09-22T16:46:52.617+0000] {logging_mixin.py:188} INFO - [2026-09-22T16:46:52.617+0000] {dagbag.py:545} INFO - Filling up the DagBag from /home/airflow/.local/lib/python3.12/site-packages/airflow/example_dags/example_setup_teardown.py
[2026-09-22T16:46:52.627+0000] {processor.py:840} INFO - DAG(s) 'example_setup_teardown' retrieved from /home/airflow/.local/lib/python3.12/site-packages/airflow/example_dags/example_setup_teardown.py
[2026-09-22T16:46:52.665+0000] {logging_mixin.py:188} INFO - [2026-09-22T16:46:52.663+0000] {dag.py:3089} INFO - Sync 1 DAGs
[2026-09-22T16:46:52.700+0000] {logging_mixin.py:188} INFO - [2026-09-22T16:46:52.700+0000] {dag.py:3947} INFO - Setting next_dagrun for example_setup_teardown to 2026-09-21 00:00:00+00:00, run_after=2026-09-22 00:00:00+00:00
[2026-09-22T16:46:52.745+0000] {processor.py:183} INFO - Processing /home/airflow/.local/lib/python3.12/site-packages/airflow/example_dags/example_setup_teardown.py took 0.142 seconds
[2026-09-22T16:47:23.146+0000] {processor.py:161} INFO - Started process (PID=498) to work on /home/airflow/.local/lib/python3.12/site-packages/airflow/example_dags/example_setup_teardown.py
[2026-09-22T16:47:23.149+0000] {processor.py:830} INFO - Processing file /home/airflow/.local/lib/python3.12/site-packages/airflow/example_dags/example_setup_teardown.py for tasks to queue
[2026-09-22T16:47:23.153+0000] {logging_mixin.py:188} INFO - [2026-09-22T16:47:23.152+0000] {dagbag.py:545} INFO - Filling up the DagBag from /home/airflow/.local/lib/python3.12/site-packages/airflow/example_dags/example_setup_teardown.py
[2026-09-22T16:47:23.161+0000] {processor.py:840} INFO - DAG(s) 'example_setup_teardown' retrieved from /home/airflow/.local/lib/python3.12/site-packages/airflow/example_dags/example_setup_teardown.py
[2026-09-22T16:47:23.198+0000] {logging_mixin.py:188} INFO - [2026-09-22T16:47:23.198+0000] {dag.py:3089} INFO - Sync 1 DAGs
[2026-09-22T16:47:23.236+0000] {logging_mixin.py:188} INFO - [2026-09-22T16:47:23.236+0000] {dag.py:3947} INFO - Setting next_dagrun for example_setup_teardown to 2026-09-21 00:00:00+00:00, run_after=2026-09-22 00:00:00+00:00
[2026-09-22T16:47:23.299+0000] {processor.py:183} INFO - Processing /home/airflow/.local/lib/python3.12/site-packages/airflow/example_dags/example_setup_teardown.py took 0.161 seconds
[2026-09-22T16:47:53.648+0000] {processor.py:161} INFO - Started process (PID=556) to work on /home/airflow/.local/lib/python3.12/site-packages/airflow/example_dags/example_setup_teardown.py
[2026-09-22T16:47:53.650+0000] {processor.py:830} INFO - Processing file /home/airflow/.local/lib/python3.12/site-packages/airflow/example_dags/example_setup_teardown.py for tasks to queue
[2026-09-22T16:47:53.654+0000] {logging_mixin.py:188} INFO - [2026-09-22T16:47:53.654+0000] {dagbag.py:545} INFO - Filling up the DagBag from /home/airflow/.local/lib/python3.12/site-packages/airflow/example_dags/example_setup_teardown.py
[2026-09-22T16:47:53.665+0000] {processor.py:840} INFO - DAG(s) 'example_setup_teardown' retrieved from /home/airflow/.local/lib/python3.12/site-packages/airflow/example_dags/example_setup_teardown.py
[2026-09-22T16:47:53.703+0000] {logging_mixin.py:188} INFO - [2026-09-22T16:47:53.703+0000] {dag.py:3089} INFO - Sync 1 DAGs
[2026-09-22T16:47:53.736+0000] {logging_mixin.py:188} INFO - [2026-09-22T16:47:53.736+0000] {dag.py:3947} INFO - Setting next_dagrun for example_setup_teardown to 2026-09-21 00:00:00+00:00, run_after=2026-09-22 00:00:00+00:00
[2026-09-22T16:47:53.773+0000] {processor.py:183} INFO - Processing /home/airflow/.local/lib/python3.12/site-packages/airflow/example_dags/example_setup_teardown.py took 0.135 seconds
[2026-09-22T16:48:24.420+0000] {processor.py:161} INFO - Started process (PID=614) to work on /home/airflow/.local/lib/python3.12/site-packages/airflow/example_dags/example_setup_teardown.py
[2026-09-22T16:48:24.422+0000] {processor.py:830} INFO - Processing file /home/airflow/.local/lib/python3.12/site-packages/airflow/example_dags/example_setup_teardown.py for tasks to queue
[2026-09-22T16:48:24.425+0000] {logging_mixin.py:188} INFO - [2026-09-22T16:48:24.424+0000] {dagbag.py:545} INFO - Filling up the DagBag from /home/airflow/.local/lib/python3.12/site-packages/airflow/example_dags/example_setup_teardown.py
[2026-09-22T16:48:24.435+0000] {processor.py:840} INFO - DAG(s) 'example_setup_teardown' retrieved from /home/airflow/.local/lib/python3.12/site-packages/airflow/example_dags/example_setup_teardown.py
[2026-09-22T16:48:24.472+0000] {logging_mixin.py:188} INFO - [2026-09-22T16:48:24.472+0000] {dag.py:3089} INFO - Sync 1 DAGs
[2026-09-22T16:48:24.521+0000] {logging_mixin.py:188} INFO - [2026-09-22T16:48:24.521+0000] {dag.py:3947} INFO - Setting next_dagrun for example_setup_teardown to 2026-09-21 00:00:00+00:00, run_after=2026-09-22 00:00:00+00:00
[2026-09-22T16:48:24.620+0000] {processor.py:183} INFO - Processing /home/airflow/.local/lib/python3.12/site-packages/airflow/example_dags/example_setup_teardown.py took 0.211 seconds
[2026-09-22T16:48:55.355+0000] {processor.py:161} INFO - Started process (PID=672) to work on /home/airflow/.local/lib/python3.12/site-packages/airflow/example_dags/example_setup_teardown.py
[2026-09-22T16:48:55.357+0000] {processor.py:830} INFO - Processing file /home/airflow/.local/lib/python3.12/site-packages/airflow/example_dags/example_setup_teardown.py for tasks to queue
[2026-09-22T16:48:55.361+0000] {logging_mixin.py:188} INFO - [2026-09-22T16:48:55.361+0000] {dagbag.py:545} INFO - Filling up the DagBag from /home/airflow/.local/lib/python3.12/site-packages/airflow/example_dags/example_setup_teardown.py
[2026-09-22T16:48:55.375+0000] {processor.py:840} INFO - DAG(s) 'example_setup_teardown' retrieved from /home/airflow/.local/lib/python3.12/site-packages/airflow/example_dags/example_setup_teardown.py
[2026-09-22T16:48:55.420+0000] {logging_mixin.py:188} INFO - [2026-09-22T16:48:55.419+0000] {dag.py:3089} INFO - Sync 1 DAGs
[2026-09-22T16:48:55.460+0000] {logging_mixin.py:188} INFO - [2026-09-22T16:48:55.460+0000] {dag.py:3947} INFO - Setting next_dagrun for example_setup_teardown to 2026-09-21 00:00:00+00:00, run_after=2026-09-22 00:00:00+00:00
[2026-09-22T16:48:55.498+0000] {processor.py:183} INFO - Processing /home/airflow/.local/lib/python3.12/site-packages/airflow/example_dags/example_setup_teardown.py took 0.157 seconds
[2026-09-22T16:49:26.304+0000] {processor.py:161} INFO - Started process (PID=731) to work on /home/airflow/.local/lib/python3.12/site-packages/airflow/example_dags/example_setup_teardown.py
[2026-09-22T16:49:26.305+0000] {processor.py:830} INFO - Processing file /home/airflow/.local/lib/python3.12/site-packages/airflow/example_dags/example_setup_teardown.py for tasks to queue
[2026-09-22T16:49:26.308+0000] {logging_mixin.py:188} INFO - [2026-09-22T16:49:26.308+0000] {dagbag.py:545} INFO - Filling up the DagBag from /home/airflow/.local/lib/python3.12/site-packages/airflow/example_dags/example_setup_teardown.py
[2026-09-22T16:49:26.324+0000] {processor.py:840} INFO - DAG(s) 'example_setup_teardown' retrieved from /home/airflow/.local/lib/python3.12/site-packages/airflow/example_dags/example_setup_teardown.py
[2026-09-22T16:49:26.365+0000] {logging_mixin.py:188} INFO - [2026-09-22T16:49:26.364+0000] {dag.py:3089} INFO - Sync 1 DAGs
[2026-09-22T16:49:26.407+0000] {logging_mixin.py:188} INFO - [2026-09-22T16:49:26.406+0000] {dag.py:3947} INFO - Setting next_dagrun for example_setup_teardown to 2026-09-21 00:00:00+00:00, run_after=2026-09-22 00:00:00+00:00
[2026-09-22T16:49:26.501+0000] {processor.py:183} INFO - Processing /home/airflow/.local/lib/python3.12/site-packages/airflow/example_dags/example_setup_teardown.py took 0.211 seconds
[2026-09-22T16:49:56.888+0000] {processor.py:161} INFO - Started process (PID=789) to work on /home/airflow/.local/lib/python3.12/site-packages/airflow/example_dags/example_setup_teardown.py
[2026-09-22T16:49:56.890+0000] {processor.py:830} INFO - Processing file /home/airflow/.local/lib/python3.12/site-packages/airflow/example_dags/example_setup_teardown.py for tasks to queue
[2026-09-22T16:49:56.894+0000] {logging_mixin.py:188} INFO - [2026-09-22T16:49:56.893+0000] {dagbag.py:545} INFO - Filling up the DagBag from /home/airflow/.local/lib/python3.12/site-packages/airflow/example_dags/example_setup_teardown.py
[2026-09-22T16:49:56.909+0000] {processor.py:840} INFO - DAG(s) 'example_setup_teardown' retrieved from /home/airflow/.local/lib/python3.12/site-packages/airflow/example_dags/example_setup_teardown.py
[2026-09-22T16:49:56.962+0000] {logging_mixin.py:188} INFO - [2026-09-22T16:49:56.961+0000] {dag.py:3089} INFO - Sync 1 DAGs
[2026-09-22T16:49:57.014+0000] {logging_mixin.py:188} INFO - [2026-09-22T16:49:57.013+0000] {dag.py:3947} INFO - Setting next_dagrun for example_setup_teardown to 2026-09-21 00:00:00+00:00, run_after=2026-09-22 00:00:00+00:00
[2026-09-22T16:49:57.045+0000] {processor.py:183} INFO - Processing /home/airflow/.local/lib/python3.12/site-packages/airflow/example_dags/example_setup_teardown.py took 0.171 seconds
[2026-09-22T16:50:27.279+0000] {processor.py:161} INFO - Started process (PID=848) to work on /home/airflow/.local/lib/python3.12/site-packages/airflow/example_dags/example_setup_teardown.py
[2026-09-22T16:50:27.281+0000] {processor.py:830} INFO - Processing file /home/airflow/.local/lib/python3.12/site-packages/airflow/example_dags/example_setup_teardown.py for tasks to queue
[2026-09-22T16:50:27.284+0000] {logging_mixin.py:188} INFO - [2026-09-22T16:50:27.283+0000] {dagbag.py:545} INFO - Filling up the DagBag from /home/airflow/.local/lib/python3.12/site-packages/airflow/example_dags/example_setup_teardown.py
[2026-09-22T16:50:27.292+0000] {processor.py:840} INFO - DAG(s) 'example_setup_teardown' retrieved from /home/airflow/.local/lib/python3.12/site-packages/airflow/example_dags/example_setup_teardown.py
[2026-09-22T16:50:27.320+0000] {logging_mixin.py:188} INFO - [2026-09-22T16:50:27.319+0000] {dag.py:3089} INFO - Sync 1 DAGs
[2026-09-22T16:50:27.351+0000] {logging_mixin.py:188} INFO - [2026-09-22T16:50:27.350+0000] {dag.py:3947} INFO - Setting next_dagrun for example_setup_teardown to 2026-09-21 00:00:00+00:00, run_after=2026-09-22 00:00:00+00:00
[2026-09-22T16:50:27.381+0000] {processor.py:183} INFO - Processing /home/airflow/.local/lib/python3.12/site-packages/airflow/example_dags/example_setup_teardown.py took 0.112 seconds
[2026-09-22T16:50:58.295+0000] {processor.py:161} INFO - Started process (PID=906) to work on /home/airflow/.local/lib/python3.12/site-packages/airflow/example_dags/example_setup_teardown.py
[2026-09-22T16:50:58.307+0000] {processor.py:830} INFO - Processing file /home/airflow/.local/lib/python3.12/site-packages/airflow/example_dags/example_setup_teardown.py for tasks to queue
[2026-09-22T16:50:58.314+0000] {logging_mixin.py:188} INFO - [2026-09-22T16:50:58.313+0000] {dagbag.py:545} INFO - Filling up the DagBag from /home/airflow/.local/lib/python3.12/site-packages/airflow/example_dags/example_setup_teardown.py
[2026-09-22T16:50:58.349+0000] {processor.py:840} INFO - DAG(s) 'example_setup_teardown' retrieved from /home/airflow/.local/lib/python3.12/site-packages/airflow/example_dags/example_setup_teardown.py
[2026-09-22T16:50:58.407+0000] {logging_mixin.py:188} INFO - [2026-09-22T16:50:58.407+0000] {dag.py:3089} INFO - Sync 1 DAGs
[2026-09-22T16:50:58.508+0000] {logging_mixin.py:188} INFO - [2026-09-22T16:50:58.507+0000] {dag.py:3947} INFO - Setting next_dagrun for example_setup_teardown to 2026-09-21 00:00:00+00:00, run_after=2026-09-22 00:00:00+00:00
[2026-09-22T16:50:58.592+0000] {processor.py:183} INFO - Processing /home/airflow/.local/lib/python3.12/site-packages/airflow/example_dags/example_setup_teardown.py took 0.323 seconds
[2026-09-22T16:51:29.006+0000] {processor.py:161} INFO - Started process (PID=964) to work on /home/airflow/.local/lib/python3.12/site-packages/airflow/example_dags/example_setup_teardown.py
[2026-09-22T16:51:29.014+0000] {processor.py:830} INFO - Processing file /home/airflow/.local/lib/python3.12/site-packages/airflow/example_dags/example_setup_teardown.py for tasks to queue
[2026-09-22T16:51:29.018+0000] {logging_mixin.py:188} INFO - [2026-09-22T16:51:29.018+0000] {dagbag.py:545} INFO - Filling up the DagBag from /home/airflow/.local/lib/python3.12/site-packages/airflow/example_dags/example_setup_teardown.py
[2026-09-22T16:51:29.041+0000] {processor.py:840} INFO - DAG(s) 'example_setup_teardown' retrieved from /home/airflow/.local/lib/python3.12/site-packages/airflow/example_dags/example_setup_teardown.py
[2026-09-22T16:51:29.106+0000] {logging_mixin.py:188} INFO - [2026-09-22T16:51:29.106+0000] {dag.py:3089} INFO - Sync 1 DAGs
[2026-09-22T16:51:29.186+0000] {logging_mixin.py:188} INFO - [2026-09-22T16:51:29.186+0000] {dag.py:3947} INFO - Setting next_dagrun for example_setup_teardown to 2026-09-21 00:00:00+00:00, run_after=2026-09-22 00:00:00+00:00
[2026-09-22T16:51:29.237+0000] {processor.py:183} INFO - Processing /home/airflow/.local/lib/python3.12/site-packages/airflow/example_dags/example_setup_teardown.py took 0.258 seconds
[2026-09-22T16:52:23.087+0000] {processor.py:161} INFO - Started process (PID=1014) to work on /home/airflow/.local/lib/python3.12/site-packages/airflow/example_dags/example_setup_teardown.py
[2026-09-22T16:52:23.090+0000] {processor.py:830} INFO - Processing file /home/airflow/.local/lib/python3.12/site-packages/airflow/example_dags/example_setup_teardown.py for tasks to queue
[2026-09-22T16:52:23.095+0000] {logging_mixin.py:188} INFO - [2026-09-22T16:52:23.094+0000] {dagbag.py:545} INFO - Filling up the DagBag from /home/airflow/.local/lib/python3.12/site-packages/airflow/example_dags/example_setup_teardown.py
[2026-09-22T16:52:23.113+0000] {processor.py:840} INFO - DAG(s) 'example_setup_teardown' retrieved from /home/airflow/.local/lib/python3.12/site-packages/airflow/example_dags/example_setup_teardown.py
[2026-09-22T16:52:23.151+0000] {logging_mixin.py:188} INFO - [2026-09-22T16:52:23.151+0000] {dag.py:3089} INFO - Sync 1 DAGs
[2026-09-22T16:52:23.190+0000] {logging_mixin.py:188} INFO - [2026-09-22T16:52:23.189+0000] {dag.py:3947} INFO - Setting next_dagrun for example_setup_teardown to 2026-09-21 00:00:00+00:00, run_after=2026-09-22 00:00:00+00:00
[2026-09-22T16:52:23.219+0000] {processor.py:183} INFO - Processing /home/airflow/.local/lib/python3.12/site-packages/airflow/example_dags/example_setup_teardown.py took 0.151 seconds
[2026-09-22T16:52:53.423+0000] {processor.py:161} INFO - Started process (PID=1072) to work on /home/airflow/.local/lib/python3.12/site-packages/airflow/example_dags/example_setup_teardown.py
[2026-09-22T16:52:53.424+0000] {processor.py:830} INFO - Processing file /home/airflow/.local/lib/python3.12/site-packages/airflow/example_dags/example_setup_teardown.py for tasks to queue
[2026-09-22T16:52:53.425+0000] {logging_mixin.py:188} INFO - [2026-09-22T16:52:53.425+0000] {dagbag.py:545} INFO - Filling up the DagBag from /home/airflow/.local/lib/python3.12/site-packages/airflow/example_dags/example_setup_teardown.py
[2026-09-22T16:52:53.431+0000] {processor.py:840} INFO - DAG(s) 'example_setup_teardown' retrieved from /home/airflow/.local/lib/python3.12/site-packages/airflow/example_dags/example_setup_teardown.py
[2026-09-22T16:52:53.449+0000] {logging_mixin.py:188} INFO - [2026-09-22T16:52:53.449+0000] {dag.py:3089} INFO - Sync 1 DAGs
[2026-09-22T16:52:53.466+0000] {logging_mixin.py:188} INFO - [2026-09-22T16:52:53.466+0000] {dag.py:3947} INFO - Setting next_dagrun for example_setup_teardown to 2026-09-21 00:00:00+00:00, run_after=2026-09-22 00:00:00+00:00
[2026-09-22T16:52:53.485+0000] {processor.py:183} INFO - Processing /home/airflow/.local/lib/python3.12/site-packages/airflow/example_dags/example_setup_teardown.py took 0.067 seconds
[2026-09-22T16:53:23.629+0000] {processor.py:161} INFO - Started process (PID=1130) to work on /home/airflow/.local/lib/python3.12/site-packages/airflow/example_dags/example_setup_teardown.py
[2026-09-22T16:53:23.630+0000] {processor.py:830} INFO - Processing file /home/airflow/.local/lib/python3.12/site-packages/airflow/example_dags/example_setup_teardown.py for tasks to queue
[2026-09-22T16:53:23.632+0000] {logging_mixin.py:188} INFO - [2026-09-22T16:53:23.632+0000] {dagbag.py:545} INFO - Filling up the DagBag from /home/airflow/.local/lib/python3.12/site-packages/airflow/example_dags/example_setup_teardown.py
[2026-09-22T16:53:23.637+0000] {processor.py:840} INFO - DAG(s) 'example_setup_teardown' retrieved from /home/airflow/.local/lib/python3.12/site-packages/airflow/example_dags/example_setup_teardown.py
[2026-09-22T16:53:23.656+0000] {logging_mixin.py:188} INFO - [2026-09-22T16:53:23.656+0000] {dag.py:3089} INFO - Sync 1 DAGs
[2026-09-22T16:53:23.672+0000] {logging_mixin.py:188} INFO - [2026-09-22T16:53:23.672+0000] {dag.py:3947} INFO - Setting next_dagrun for example_setup_teardown to 2026-09-21 00:00:00+00:00, run_after=2026-09-22 00:00:00+00:00
[2026-09-22T16:53:23.691+0000] {processor.py:183} INFO - Processing /home/airflow/.local/lib/python3.12/site-packages/airflow/example_dags/example_setup_teardown.py took 0.067 seconds
[2026-09-22T16:53:53.758+0000] {processor.py:161} INFO - Started process (PID=1188) to work on /home/airflow/.local/lib/python3.12/site-packages/airflow/example_dags/example_setup_teardown.py
[2026-09-22T16:53:53.759+0000] {processor.py:830} INFO - Processing file /home/airflow/.local/lib/python3.12/site-packages/airflow/example_dags/example_setup_teardown.py for tasks to queue
[2026-09-22T16:53:53.760+0000] {logging_mixin.py:188} INFO - [2026-09-22T16:53:53.760+0000] {dagbag.py:545} INFO - Filling up the DagBag from /home/airflow/.local/lib/python3.12/site-packages/airflow/example_dags/example_setup_teardown.py
[2026-09-22T16:53:53.766+0000] {processor.py:840} INFO - DAG(s) 'example_setup_teardown' retrieved from /home/airflow/.local/lib/python3.12/site-packages/airflow/example_dags/example_setup_teardown.py
[2026-09-22T16:53:53.785+0000] {logging_mixin.py:188} INFO - [2026-09-22T16:53:53.784+0000] {dag.py:3089} INFO - Sync 1 DAGs
[2026-09-22T16:53:53.807+0000] {logging_mixin.py:188} INFO - [2026-09-22T16:53:53.807+0000] {dag.py:3947} INFO - Setting next_dagrun for example_setup_teardown to 2026-09-21 00:00:00+00:00, run_after=2026-09-22 00:00:00+00:00
[2026-09-22T16:53:53.838+0000] {processor.py:183} INFO - Processing /home/airflow/.local/lib/python3.12/site-packages/airflow/example_dags/example_setup_teardown.py took 0.086 seconds
[2026-09-22T16:54:24.131+0000] {processor.py:161} INFO - Started process (PID=1246) to work on /home/airflow/.local/lib/python3.12/site-packages/airflow/example_dags/example_setup_teardown.py
[2026-09-22T16:54:24.132+0000] {processor.py:830} INFO - Processing file /home/airflow/.local/lib/python3.12/site-packages/airflow/example_dags/example_setup_teardown.py for tasks to queue
[2026-09-22T16:54:24.134+0000] {logging_mixin.py:188} INFO - [2026-09-22T16:54:24.134+0000] {dagbag.py:545} INFO - Filling up the DagBag from /home/airflow/.local/lib/python3.12/site-packages/airflow/example_dags/example_setup_teardown.py
[2026-09-22T16:54:24.142+0000] {processor.py:840} INFO - DAG(s) 'example_setup_teardown' retrieved from /home/airflow/.local/lib/python3.12/site-packages/airflow/example_dags/example_setup_teardown.py
[2026-09-22T16:54:24.173+0000] {logging_mixin.py:188} INFO - [2026-09-22T16:54:24.173+0000] {dag.py:3089} INFO - Sync 1 DAGs
[2026-09-22T16:54:24.194+0000] {logging_mixin.py:188} INFO - [2026-09-22T16:54:24.194+0000] {dag.py:3947} INFO - Setting next_dagrun for example_setup_teardown to 2026-09-21 00:00:00+00:00, run_after=2026-09-22 00:00:00+00:00
[2026-09-22T16:54:24.212+0000] {processor.py:183} INFO - Processing /home/airflow/.local/lib/python3.12/site-packages/airflow/example_dags/example_setup_teardown.py took 0.086 seconds
[2026-09-22T16:54:54.590+0000] {processor.py:161} INFO - Started process (PID=1304) to work on /home/airflow/.local/lib/python3.12/site-packages/airflow/example_dags/example_setup_teardown.py
[2026-09-22T16:54:54.592+0000] {processor.py:830} INFO - Processing file /home/airflow/.local/lib/python3.12/site-packages/airflow/example_dags/example_setup_teardown.py for tasks to queue
[2026-09-22T16:54:54.594+0000] {logging_mixin.py:188} INFO - [2026-09-22T16:54:54.593+0000] {dagbag.py:545} INFO - Filling up the DagBag from /home/airflow/.local/lib/python3.12/site-packages/airflow/example_dags/example_setup_teardown.py
[2026-09-22T16:54:54.600+0000] {processor.py:840} INFO - DAG(s) 'example_setup_teardown' retrieved from /home/airflow/.local/lib/python3.12/site-packages/airflow/example_dags/example_setup_teardown.py
[2026-09-22T16:54:54.627+0000] {logging_mixin.py:188} INFO - [2026-09-22T16:54:54.627+0000] {dag.py:3089} INFO - Sync 1 DAGs
[2026-09-22T16:54:54.654+0000] {logging_mixin.py:188} INFO - [2026-09-22T16:54:54.654+0000] {dag.py:3947} INFO - Setting next_dagrun for example_setup_teardown to 2026-09-21 00:00:00+00:00, run_after=2026-09-22 00:00:00+00:00
[2026-09-22T16:54:54.682+0000] {processor.py:183} INFO - Processing /home/airflow/.local/lib/python3.12/site-packages/airflow/example_dags/example_setup_teardown.py took 0.099 seconds
[2026-09-22T16:55:25.027+0000] {processor.py:161} INFO - Started process (PID=1362) to work on /home/airflow/.local/lib/python3.12/site-packages/airflow/example_dags/example_setup_teardown.py
[2026-09-22T16:55:25.028+0000] {processor.py:830} INFO - Processing file /home/airflow/.local/lib/python3.12/site-packages/airflow/example_dags/example_setup_teardown.py for tasks to queue
[2026-09-22T16:55:25.031+0000] {logging_mixin.py:188} INFO - [2026-09-22T16:55:25.031+0000] {dagbag.py:545} INFO - Filling up the DagBag from /home/airflow/.local/lib/python3.12/site-packages/airflow/example_dags/example_setup_teardown.py
[2026-09-22T16:55:25.040+0000] {processor.py:840} INFO - DAG(s) 'example_setup_teardown' retrieved from /home/airflow/.local/lib/python3.12/site-packages/airflow/example_dags/example_setup_teardown.py
[2026-09-22T16:55:25.059+0000] {logging_mixin.py:188} INFO - [2026-09-22T16:55:25.059+0000] {dag.py:3089} INFO - Sync 1 DAGs
[2026-09-22T16:55:25.078+0000] {logging_mixin.py:188} INFO - [2026-09-22T16:55:25.078+0000] {dag.py:3947} INFO - Setting next_dagrun for example_setup_teardown to 2026-09-21 00:00:00+00:00, run_after=2026-09-22 00:00:00+00:00
[2026-09-22T16:55:25.098+0000] {processor.py:183} INFO - Processing /home/airflow/.local/lib/python3.12/site-packages/airflow/example_dags/example_setup_teardown.py took 0.079 seconds
[2026-09-22T16:55:55.510+0000] {processor.py:161} INFO - Started process (PID=1420) to work on /home/airflow/.local/lib/python3.12/site-packages/airflow/example_dags/example_setup_teardown.py
[2026-09-22T16:55:55.511+0000] {processor.py:830} INFO - Processing file /home/airflow/.local/lib/python3.12/site-packages/airflow/example_dags/example_setup_teardown.py for tasks to queue
[2026-09-22T16:55:55.512+0000] {logging_mixin.py:188} INFO - [2026-09-22T16:55:55.512+0000] {dagbag.py:545} INFO - Filling up the DagBag from /home/airflow/.local/lib/python3.12/site-packages/airflow/example_dags/example_setup_teardown.py
[2026-09-22T16:55:55.519+0000] {processor.py:840} INFO - DAG(s) 'example_setup_teardown' retrieved from /home/airflow/.local/lib/python3.12/site-packages/airflow/example_dags/example_setup_teardown.py
[2026-09-22T16:55:55.538+0000] {logging_mixin.py:188} INFO - [2026-09-22T16:55:55.538+0000] {dag.py:3089} INFO - Sync 1 DAGs
[2026-09-22T16:55:55.559+0000] {logging_mixin.py:188} INFO - [2026-09-22T16:55:55.559+0000] {dag.py:3947} INFO - Setting next_dagrun for example_setup_teardown to 2026-09-21 00:00:00+00:00, run_after=2026-09-22 00:00:00+00:00
[2026-09-22T16:55:55.579+0000] {processor.py:183} INFO - Processing /home/airflow/.local/lib/python3.12/site-packages/airflow/example_dags/example_setup_teardown.py took 0.074 seconds
[2026-09-22T16:56:26.426+0000] {processor.py:161} INFO - Started process (PID=1484) to work on /home/airflow/.local/lib/python3.12/site-packages/airflow/example_dags/example_setup_teardown.py
[2026-09-22T16:56:26.427+0000] {processor.py:830} INFO - Processing file /home/airflow/.local/lib/python3.12/site-packages/airflow/example_dags/example_setup_teardown.py for tasks to queue
[2026-09-22T16:56:26.429+0000] {logging_mixin.py:188} INFO - [2026-09-22T16:56:26.429+0000] {dagbag.py:545} INFO - Filling up the DagBag from /home/airflow/.local/lib/python3.12/site-packages/airflow/example_dags/example_setup_teardown.py
[2026-09-22T16:56:26.437+0000] {processor.py:840} INFO - DAG(s) 'example_setup_teardown' retrieved from /home/airflow/.local/lib/python3.12/site-packages/airflow/example_dags/example_setup_teardown.py
[2026-09-22T16:56:26.463+0000] {logging_mixin.py:188} INFO - [2026-09-22T16:56:26.463+0000] {dag.py:3089} INFO - Sync 1 DAGs
[2026-09-22T16:56:26.484+0000] {logging_mixin.py:188} INFO - [2026-09-22T16:56:26.484+0000] {dag.py:3947} INFO - Setting next_dagrun for example_setup_teardown to 2026-09-21 00:00:00+00:00, run_after=2026-09-22 00:00:00+00:00
[2026-09-22T16:56:26.506+0000] {processor.py:183} INFO - Processing /home/airflow/.local/lib/python3.12/site-packages/airflow/example_dags/example_setup_teardown.py took 0.088 seconds
[2026-09-22T16:58:03.824+0000] {processor.py:161} INFO - Started process (PID=104) to work on /home/airflow/.local/lib/python3.12/site-packages/airflow/example_dags/example_setup_teardown.py
[2026-09-22T16:58:03.827+0000] {processor.py:830} INFO - Processing file /home/airflow/.local/lib/python3.12/site-packages/airflow/example_dags/example_setup_teardown.py for tasks to queue
[2026-09-22T16:58:03.831+0000] {logging_mixin.py:188} INFO - [2026-09-22T16:58:03.831+0000] {dagbag.py:545} INFO - Filling up the DagBag from /home/airflow/.local/lib/python3.12/site-packages/airflow/example_dags/example_setup_teardown.py
[2026-09-22T16:58:03.843+0000] {processor.py:840} INFO - DAG(s) 'example_setup_teardown' retrieved from /home/airflow/.local/lib/python3.12/site-packages/airflow/example_dags/example_setup_teardown.py
[2026-09-22T16:58:03.996+0000] {logging_mixin.py:188} INFO - [2026-09-22T16:58:03.995+0000] {dag.py:3089} INFO - Sync 1 DAGs
[2026-09-22T16:58:04.021+0000] {logging_mixin.py:188} INFO - [2026-09-22T16:58:04.021+0000] {dag.py:3947} INFO - Setting next_dagrun for example_setup_teardown to 2026-09-21 00:00:00+00:00, run_after=2026-09-22 00:00:00+00:00
[2026-09-22T16:58:04.054+0000] {processor.py:183} INFO - Processing /home/airflow/.local/lib/python3.12/site-packages/airflow/example_dags/example_setup_teardown.py took 0.239 seconds
[2026-09-22T16:58:34.225+0000] {processor.py:161} INFO - Started process (PID=162) to work on /home/airflow/.local/lib/python3.12/site-packages/airflow/example_dags/example_setup_teardown.py
[2026-09-22T16:58:34.227+0000] {processor.py:830} INFO - Processing file /home/airflow/.local/lib/python3.12/site-packages/airflow/example_dags/example_setup_teardown.py for tasks to queue
[2026-09-22T16:58:34.229+0000] {logging_mixin.py:188} INFO - [2026-09-22T16:58:34.229+0000] {dagbag.py:545} INFO - Filling up the DagBag from /home/airflow/.local/lib/python3.12/site-packages/airflow/example_dags/example_setup_teardown.py
[2026-09-22T16:58:34.235+0000] {processor.py:840} INFO - DAG(s) 'example_setup_teardown' retrieved from /home/airflow/.local/lib/python3.12/site-packages/airflow/example_dags/example_setup_teardown.py
[2026-09-22T16:58:34.255+0000] {logging_mixin.py:188} INFO - [2026-09-22T16:58:34.255+0000] {dag.py:3089} INFO - Sync 1 DAGs
[2026-09-22T16:58:34.275+0000] {logging_mixin.py:188} INFO - [2026-09-22T16:58:34.275+0000] {dag.py:3947} INFO - Setting next_dagrun for example_setup_teardown to 2026-09-21 00:00:00+00:00, run_after=2026-09-22 00:00:00+00:00
[2026-09-22T16:58:34.294+0000] {processor.py:183} INFO - Processing /home/airflow/.local/lib/python3.12/site-packages/airflow/example_dags/example_setup_teardown.py took 0.075 seconds
[2026-09-22T16:59:05.189+0000] {processor.py:161} INFO - Started process (PID=220) to work on /home/airflow/.local/lib/python3.12/site-packages/airflow/example_dags/example_setup_teardown.py
[2026-09-22T16:59:05.190+0000] {processor.py:830} INFO - Processing file /home/airflow/.local/lib/python3.12/site-packages/airflow/example_dags/example_setup_teardown.py for tasks to queue
[2026-09-22T16:59:05.192+0000] {logging_mixin.py:188} INFO - [2026-09-22T16:59:05.192+0000] {dagbag.py:545} INFO - Filling up the DagBag from /home/airflow/.local/lib/python3.12/site-packages/airflow/example_dags/example_setup_teardown.py
[2026-09-22T16:59:05.198+0000] {processor.py:840} INFO - DAG(s) 'example_setup_teardown' retrieved from /home/airflow/.local/lib/python3.12/site-packages/airflow/example_dags/example_setup_teardown.py
[2026-09-22T16:59:05.218+0000] {logging_mixin.py:188} INFO - [2026-09-22T16:59:05.217+0000] {dag.py:3089} INFO - Sync 1 DAGs
[2026-09-22T16:59:05.239+0000] {logging_mixin.py:188} INFO - [2026-09-22T16:59:05.238+0000] {dag.py:3947} INFO - Setting next_dagrun for example_setup_teardown to 2026-09-21 00:00:00+00:00, run_after=2026-09-22 00:00:00+00:00
[2026-09-22T16:59:05.258+0000] {processor.py:183} INFO - Processing /home/airflow/.local/lib/python3.12/site-packages/airflow/example_dags/example_setup_teardown.py took 0.074 seconds
[2026-09-22T16:59:35.583+0000] {processor.py:161} INFO - Started process (PID=278) to work on /home/airflow/.local/lib/python3.12/site-packages/airflow/example_dags/example_setup_teardown.py
[2026-09-22T16:59:35.584+0000] {processor.py:830} INFO - Processing file /home/airflow/.local/lib/python3.12/site-packages/airflow/example_dags/example_setup_teardown.py for tasks to queue
[2026-09-22T16:59:35.585+0000] {logging_mixin.py:188} INFO - [2026-09-22T16:59:35.585+0000] {dagbag.py:545} INFO - Filling up the DagBag from /home/airflow/.local/lib/python3.12/site-packages/airflow/example_dags/example_setup_teardown.py
[2026-09-22T16:59:35.594+0000] {processor.py:840} INFO - DAG(s) 'example_setup_teardown' retrieved from /home/airflow/.local/lib/python3.12/site-packages/airflow/example_dags/example_setup_teardown.py
[2026-09-22T16:59:35.614+0000] {logging_mixin.py:188} INFO - [2026-09-22T16:59:35.613+0000] {dag.py:3089} INFO - Sync 1 DAGs
[2026-09-22T16:59:35.635+0000] {logging_mixin.py:188} INFO - [2026-09-22T16:59:35.634+0000] {dag.py:3947} INFO - Setting next_dagrun for example_setup_teardown to 2026-09-21 00:00:00+00:00, run_after=2026-09-22 00:00:00+00:00
[2026-09-22T16:59:35.658+0000] {processor.py:183} INFO - Processing /home/airflow/.local/lib/python3.12/site-packages/airflow/example_dags/example_setup_teardown.py took 0.081 seconds
[2026-09-22T17:00:05.887+0000] {processor.py:161} INFO - Started process (PID=336) to work on /home/airflow/.local/lib/python3.12/site-packages/airflow/example_dags/example_setup_teardown.py
[2026-09-22T17:00:05.888+0000] {processor.py:830} INFO - Processing file /home/airflow/.local/lib/python3.12/site-packages/airflow/example_dags/example_setup_teardown.py for tasks to queue
[2026-09-22T17:00:05.890+0000] {logging_mixin.py:188} INFO - [2026-09-22T17:00:05.890+0000] {dagbag.py:545} INFO - Filling up the DagBag from /home/airflow/.local/lib/python3.12/site-packages/airflow/example_dags/example_setup_teardown.py
[2026-09-22T17:00:05.895+0000] {processor.py:840} INFO - DAG(s) 'example_setup_teardown' retrieved from /home/airflow/.local/lib/python3.12/site-packages/airflow/example_dags/example_setup_teardown.py
[2026-09-22T17:00:05.913+0000] {logging_mixin.py:188} INFO - [2026-09-22T17:00:05.913+0000] {dag.py:3089} INFO - Sync 1 DAGs
[2026-09-22T17:00:05.934+0000] {logging_mixin.py:188} INFO - [2026-09-22T17:00:05.934+0000] {dag.py:3947} INFO - Setting next_dagrun for example_setup_teardown to 2026-09-21 00:00:00+00:00, run_after=2026-09-22 00:00:00+00:00
[2026-09-22T17:00:05.959+0000] {processor.py:183} INFO - Processing /home/airflow/.local/lib/python3.12/site-packages/airflow/example_dags/example_setup_teardown.py took 0.078 seconds
[2026-09-22T17:00:36.410+0000] {processor.py:161} INFO - Started process (PID=394) to work on /home/airflow/.local/lib/python3.12/site-packages/airflow/example_dags/example_setup_teardown.py
[2026-09-22T17:00:36.411+0000] {processor.py:830} INFO - Processing file /home/airflow/.local/lib/python3.12/site-packages/airflow/example_dags/example_setup_teardown.py for tasks to queue
[2026-09-22T17:00:36.413+0000] {logging_mixin.py:188} INFO - [2026-09-22T17:00:36.412+0000] {dagbag.py:545} INFO - Filling up the DagBag from /home/airflow/.local/lib/python3.12/site-packages/airflow/example_dags/example_setup_teardown.py
[2026-09-22T17:00:36.419+0000] {processor.py:840} INFO - DAG(s) 'example_setup_teardown' retrieved from /home/airflow/.local/lib/python3.12/site-packages/airflow/example_dags/example_setup_teardown.py
[2026-09-22T17:00:36.439+0000] {logging_mixin.py:188} INFO - [2026-09-22T17:00:36.439+0000] {dag.py:3089} INFO - Sync 1 DAGs
[2026-09-22T17:00:36.461+0000] {logging_mixin.py:188} INFO - [2026-09-22T17:00:36.461+0000] {dag.py:3947} INFO - Setting next_dagrun for example_setup_teardown to 2026-09-21 00:00:00+00:00, run_after=2026-09-22 00:00:00+00:00
[2026-09-22T17:00:36.482+0000] {processor.py:183} INFO - Processing /home/airflow/.local/lib/python3.12/site-packages/airflow/example_dags/example_setup_teardown.py took 0.077 seconds
[2026-09-22T17:01:06.919+0000] {processor.py:161} INFO - Started process (PID=452) to work on /home/airflow/.local/lib/python3.12/site-packages/airflow/example_dags/example_setup_teardown.py
[2026-09-22T17:01:06.921+0000] {processor.py:830} INFO - Processing file /home/airflow/.local/lib/python3.12/site-packages/airflow/example_dags/example_setup_teardown.py for tasks to queue
[2026-09-22T17:01:06.923+0000] {logging_mixin.py:188} INFO - [2026-09-22T17:01:06.923+0000] {dagbag.py:545} INFO - Filling up the DagBag from /home/airflow/.local/lib/python3.12/site-packages/airflow/example_dags/example_setup_teardown.py
[2026-09-22T17:01:06.930+0000] {processor.py:840} INFO - DAG(s) 'example_setup_teardown' retrieved from /home/airflow/.local/lib/python3.12/site-packages/airflow/example_dags/example_setup_teardown.py
[2026-09-22T17:01:06.956+0000] {logging_mixin.py:188} INFO - [2026-09-22T17:01:06.955+0000] {dag.py:3089} INFO - Sync 1 DAGs
[2026-09-22T17:01:06.980+0000] {logging_mixin.py:188} INFO - [2026-09-22T17:01:06.980+0000] {dag.py:3947} INFO - Setting next_dagrun for example_setup_teardown to 2026-09-21 00:00:00+00:00, run_after=2026-09-22 00:00:00+00:00
[2026-09-22T17:01:07.003+0000] {processor.py:183} INFO - Processing /home/airflow/.local/lib/python3.12/site-packages/airflow/example_dags/example_setup_teardown.py took 0.091 seconds
[2026-09-22T17:01:37.512+0000] {processor.py:161} INFO - Started process (PID=510) to work on /home/airflow/.local/lib/python3.12/site-packages/airflow/example_dags/example_setup_teardown.py
[2026-09-22T17:01:37.513+0000] {processor.py:830} INFO - Processing file /home/airflow/.local/lib/python3.12/site-packages/airflow/example_dags/example_setup_teardown.py for tasks to queue
[2026-09-22T17:01:37.515+0000] {logging_mixin.py:188} INFO - [2026-09-22T17:01:37.514+0000] {dagbag.py:545} INFO - Filling up the DagBag from /home/airflow/.local/lib/python3.12/site-packages/airflow/example_dags/example_setup_teardown.py
[2026-09-22T17:01:37.522+0000] {processor.py:840} INFO - DAG(s) 'example_setup_teardown' retrieved from /home/airflow/.local/lib/python3.12/site-packages/airflow/example_dags/example_setup_teardown.py
[2026-09-22T17:01:37.542+0000] {logging_mixin.py:188} INFO - [2026-09-22T17:01:37.542+0000] {dag.py:3089} INFO - Sync 1 DAGs
[2026-09-22T17:01:37.563+0000] {logging_mixin.py:188} INFO - [2026-09-22T17:01:37.563+0000] {dag.py:3947} INFO - Setting next_dagrun for example_setup_teardown to 2026-09-21 00:00:00+00:00, run_after=2026-09-22 00:00:00+00:00
[2026-09-22T17:01:37.583+0000] {processor.py:183} INFO - Processing /home/airflow/.local/lib/python3.12/site-packages/airflow/example_dags/example_setup_teardown.py took 0.076 seconds
[2026-09-22T17:02:08.522+0000] {processor.py:161} INFO - Started process (PID=568) to work on /home/airflow/.local/lib/python3.12/site-packages/airflow/example_dags/example_setup_teardown.py
[2026-09-22T17:02:08.523+0000] {processor.py:830} INFO - Processing file /home/airflow/.local/lib/python3.12/site-packages/airflow/example_dags/example_setup_teardown.py for tasks to queue
[2026-09-22T17:02:08.525+0000] {logging_mixin.py:188} INFO - [2026-09-22T17:02:08.524+0000] {dagbag.py:545} INFO - Filling up the DagBag from /home/airflow/.local/lib/python3.12/site-packages/airflow/example_dags/example_setup_teardown.py
[2026-09-22T17:02:08.532+0000] {processor.py:840} INFO - DAG(s) 'example_setup_teardown' retrieved from /home/airflow/.local/lib/python3.12/site-packages/airflow/example_dags/example_setup_teardown.py
[2026-09-22T17:02:08.552+0000] {logging_mixin.py:188} INFO - [2026-09-22T17:02:08.551+0000] {dag.py:3089} INFO - Sync 1 DAGs
[2026-09-22T17:02:08.573+0000] {logging_mixin.py:188} INFO - [2026-09-22T17:02:08.572+0000] {dag.py:3947} INFO - Setting next_dagrun for example_setup_teardown to 2026-09-21 00:00:00+00:00, run_after=2026-09-22 00:00:00+00:00
[2026-09-22T17:02:08.594+0000] {processor.py:183} INFO - Processing /home/airflow/.local/lib/python3.12/site-packages/airflow/example_dags/example_setup_teardown.py took 0.078 seconds
[2026-09-22T17:03:32.768+0000] {processor.py:161} INFO - Started process (PID=102) to work on /home/airflow/.local/lib/python3.12/site-packages/airflow/example_dags/example_setup_teardown.py
[2026-09-22T17:03:32.770+0000] {processor.py:830} INFO - Processing file /home/airflow/.local/lib/python3.12/site-packages/airflow/example_dags/example_setup_teardown.py for tasks to queue
[2026-09-22T17:03:32.774+0000] {logging_mixin.py:188} INFO - [2026-09-22T17:03:32.773+0000] {dagbag.py:545} INFO - Filling up the DagBag from /home/airflow/.local/lib/python3.12/site-packages/airflow/example_dags/example_setup_teardown.py
[2026-09-22T17:03:32.786+0000] {processor.py:840} INFO - DAG(s) 'example_setup_teardown' retrieved from /home/airflow/.local/lib/python3.12/site-packages/airflow/example_dags/example_setup_teardown.py
[2026-09-22T17:03:32.930+0000] {logging_mixin.py:188} INFO - [2026-09-22T17:03:32.930+0000] {dag.py:3089} INFO - Sync 1 DAGs
[2026-09-22T17:03:32.958+0000] {logging_mixin.py:188} INFO - [2026-09-22T17:03:32.957+0000] {dag.py:3947} INFO - Setting next_dagrun for example_setup_teardown to 2026-09-21 00:00:00+00:00, run_after=2026-09-22 00:00:00+00:00
[2026-09-22T17:03:32.995+0000] {processor.py:183} INFO - Processing /home/airflow/.local/lib/python3.12/site-packages/airflow/example_dags/example_setup_teardown.py took 0.237 seconds
[2026-09-22T17:04:03.685+0000] {processor.py:161} INFO - Started process (PID=160) to work on /home/airflow/.local/lib/python3.12/site-packages/airflow/example_dags/example_setup_teardown.py
[2026-09-22T17:04:03.687+0000] {processor.py:830} INFO - Processing file /home/airflow/.local/lib/python3.12/site-packages/airflow/example_dags/example_setup_teardown.py for tasks to queue
[2026-09-22T17:04:03.689+0000] {logging_mixin.py:188} INFO - [2026-09-22T17:04:03.688+0000] {dagbag.py:545} INFO - Filling up the DagBag from /home/airflow/.local/lib/python3.12/site-packages/airflow/example_dags/example_setup_teardown.py
[2026-09-22T17:04:03.694+0000] {processor.py:840} INFO - DAG(s) 'example_setup_teardown' retrieved from /home/airflow/.local/lib/python3.12/site-packages/airflow/example_dags/example_setup_teardown.py
[2026-09-22T17:04:03.713+0000] {logging_mixin.py:188} INFO - [2026-09-22T17:04:03.713+0000] {dag.py:3089} INFO - Sync 1 DAGs
[2026-09-22T17:04:03.731+0000] {logging_mixin.py:188} INFO - [2026-09-22T17:04:03.731+0000] {dag.py:3947} INFO - Setting next_dagrun for example_setup_teardown to 2026-09-21 00:00:00+00:00, run_after=2026-09-22 00:00:00+00:00
[2026-09-22T17:04:03.755+0000] {processor.py:183} INFO - Processing /home/airflow/.local/lib/python3.12/site-packages/airflow/example_dags/example_setup_teardown.py took 0.075 seconds
[2026-09-22T17:04:34.525+0000] {processor.py:161} INFO - Started process (PID=218) to work on /home/airflow/.local/lib/python3.12/site-packages/airflow/example_dags/example_setup_teardown.py
[2026-09-22T17:04:34.527+0000] {processor.py:830} INFO - Processing file /home/airflow/.local/lib/python3.12/site-packages/airflow/example_dags/example_setup_teardown.py for tasks to queue
[2026-09-22T17:04:34.529+0000] {logging_mixin.py:188} INFO - [2026-09-22T17:04:34.528+0000] {dagbag.py:545} INFO - Filling up the DagBag from /home/airflow/.local/lib/python3.12/site-packages/airflow/example_dags/example_setup_teardown.py
[2026-09-22T17:04:34.534+0000] {processor.py:840} INFO - DAG(s) 'example_setup_teardown' retrieved from /home/airflow/.local/lib/python3.12/site-packages/airflow/example_dags/example_setup_teardown.py
[2026-09-22T17:04:34.554+0000] {logging_mixin.py:188} INFO - [2026-09-22T17:04:34.554+0000] {dag.py:3089} INFO - Sync 1 DAGs
[2026-09-22T17:04:34.571+0000] {logging_mixin.py:188} INFO - [2026-09-22T17:04:34.571+0000] {dag.py:3947} INFO - Setting next_dagrun for example_setup_teardown to 2026-09-21 00:00:00+00:00, run_after=2026-09-22 00:00:00+00:00
[2026-09-22T17:04:34.592+0000] {processor.py:183} INFO - Processing /home/airflow/.local/lib/python3.12/site-packages/airflow/example_dags/example_setup_teardown.py took 0.072 seconds
[2026-09-22T17:05:05.425+0000] {processor.py:161} INFO - Started process (PID=276) to work on /home/airflow/.local/lib/python3.12/site-packages/airflow/example_dags/example_setup_teardown.py
[2026-09-22T17:05:05.427+0000] {processor.py:830} INFO - Processing file /home/airflow/.local/lib/python3.12/site-packages/airflow/example_dags/example_setup_teardown.py for tasks to queue
[2026-09-22T17:05:05.430+0000] {logging_mixin.py:188} INFO - [2026-09-22T17:05:05.429+0000] {dagbag.py:545} INFO - Filling up the DagBag from /home/airflow/.local/lib/python3.12/site-packages/airflow/example_dags/example_setup_teardown.py
[2026-09-22T17:05:05.443+0000] {processor.py:840} INFO - DAG(s) 'example_setup_teardown' retrieved from /home/airflow/.local/lib/python3.12/site-packages/airflow/example_dags/example_setup_teardown.py
[2026-09-22T17:05:05.474+0000] {logging_mixin.py:188} INFO - [2026-09-22T17:05:05.473+0000] {dag.py:3089} INFO - Sync 1 DAGs
[2026-09-22T17:05:05.501+0000] {logging_mixin.py:188} INFO - [2026-09-22T17:05:05.501+0000] {dag.py:3947} INFO - Setting next_dagrun for example_setup_teardown to 2026-09-21 00:00:00+00:00, run_after=2026-09-22 00:00:00+00:00
[2026-09-22T17:05:05.524+0000] {processor.py:183} INFO - Processing /home/airflow/.local/lib/python3.12/site-packages/airflow/example_dags/example_setup_teardown.py took 0.110 seconds
[2026-09-22T17:05:35.694+0000] {processor.py:161} INFO - Started process (PID=334) to work on /home/airflow/.local/lib/python3.12/site-packages/airflow/example_dags/example_setup_teardown.py
[2026-09-22T17:05:35.697+0000] {processor.py:830} INFO - Processing file /home/airflow/.local/lib/python3.12/site-packages/airflow/example_dags/example_setup_teardown.py for tasks to queue
[2026-09-22T17:05:35.703+0000] {logging_mixin.py:188} INFO - [2026-09-22T17:05:35.702+0000] {dagbag.py:545} INFO - Filling up the DagBag from /home/airflow/.local/lib/python3.12/site-packages/airflow/example_dags/example_setup_teardown.py
[2026-09-22T17:05:35.717+0000] {processor.py:840} INFO - DAG(s) 'example_setup_teardown' retrieved from /home/airflow/.local/lib/python3.12/site-packages/airflow/example_dags/example_setup_teardown.py
[2026-09-22T17:05:35.748+0000] {logging_mixin.py:188} INFO - [2026-09-22T17:05:35.748+0000] {dag.py:3089} INFO - Sync 1 DAGs
[2026-09-22T17:05:35.780+0000] {logging_mixin.py:188} INFO - [2026-09-22T17:05:35.780+0000] {dag.py:3947} INFO - Setting next_dagrun for example_setup_teardown to 2026-09-21 00:00:00+00:00, run_after=2026-09-22 00:00:00+00:00
[2026-09-22T17:05:35.814+0000] {processor.py:183} INFO - Processing /home/airflow/.local/lib/python3.12/site-packages/airflow/example_dags/example_setup_teardown.py took 0.132 seconds
[2026-09-22T17:06:05.983+0000] {processor.py:161} INFO - Started process (PID=392) to work on /home/airflow/.local/lib/python3.12/site-packages/airflow/example_dags/example_setup_teardown.py
[2026-09-22T17:06:05.984+0000] {processor.py:830} INFO - Processing file /home/airflow/.local/lib/python3.12/site-packages/airflow/example_dags/example_setup_teardown.py for tasks to queue
[2026-09-22T17:06:05.988+0000] {logging_mixin.py:188} INFO - [2026-09-22T17:06:05.987+0000] {dagbag.py:545} INFO - Filling up the DagBag from /home/airflow/.local/lib/python3.12/site-packages/airflow/example_dags/example_setup_teardown.py
[2026-09-22T17:06:05.993+0000] {processor.py:840} INFO - DAG(s) 'example_setup_teardown' retrieved from /home/airflow/.local/lib/python3.12/site-packages/airflow/example_dags/example_setup_teardown.py
[2026-09-22T17:06:06.012+0000] {logging_mixin.py:188} INFO - [2026-09-22T17:06:06.012+0000] {dag.py:3089} INFO - Sync 1 DAGs
[2026-09-22T17:06:06.032+0000] {logging_mixin.py:188} INFO - [2026-09-22T17:06:06.032+0000] {dag.py:3947} INFO - Setting next_dagrun for example_setup_teardown to 2026-09-21 00:00:00+00:00, run_after=2026-09-22 00:00:00+00:00
[2026-09-22T17:06:06.057+0000] {processor.py:183} INFO - Processing /home/airflow/.local/lib/python3.12/site-packages/airflow/example_dags/example_setup_teardown.py took 0.079 seconds
[2026-09-22T17:06:36.240+0000] {processor.py:161} INFO - Started process (PID=450) to work on /home/airflow/.local/lib/python3.12/site-packages/airflow/example_dags/example_setup_teardown.py
[2026-09-22T17:06:36.242+0000] {processor.py:830} INFO - Processing file /home/airflow/.local/lib/python3.12/site-packages/airflow/example_dags/example_setup_teardown.py for tasks to queue
[2026-09-22T17:06:36.244+0000] {logging_mixin.py:188} INFO - [2026-09-22T17:06:36.244+0000] {dagbag.py:545} INFO - Filling up the DagBag from /home/airflow/.local/lib/python3.12/site-packages/airflow/example_dags/example_setup_teardown.py
[2026-09-22T17:06:36.254+0000] {processor.py:840} INFO - DAG(s) 'example_setup_teardown' retrieved from /home/airflow/.local/lib/python3.12/site-packages/airflow/example_dags/example_setup_teardown.py
[2026-09-22T17:06:36.274+0000] {logging_mixin.py:188} INFO - [2026-09-22T17:06:36.274+0000] {dag.py:3089} INFO - Sync 1 DAGs
[2026-09-22T17:06:36.295+0000] {logging_mixin.py:188} INFO - [2026-09-22T17:06:36.295+0000] {dag.py:3947} INFO - Setting next_dagrun for example_setup_teardown to 2026-09-21 00:00:00+00:00, run_after=2026-09-22 00:00:00+00:00
[2026-09-22T17:06:36.321+0000] {processor.py:183} INFO - Processing /home/airflow/.local/lib/python3.12/site-packages/airflow/example_dags/example_setup_teardown.py took 0.089 seconds
[2026-09-22T17:07:07.008+0000] {processor.py:161} INFO - Started process (PID=508) to work on /home/airflow/.local/lib/python3.12/site-packages/airflow/example_dags/example_setup_teardown.py
[2026-09-22T17:07:07.009+0000] {processor.py:830} INFO - Processing file /home/airflow/.local/lib/python3.12/site-packages/airflow/example_dags/example_setup_teardown.py for tasks to queue
[2026-09-22T17:07:07.011+0000] {logging_mixin.py:188} INFO - [2026-09-22T17:07:07.011+0000] {dagbag.py:545} INFO - Filling up the DagBag from /home/airflow/.local/lib/python3.12/site-packages/airflow/example_dags/example_setup_teardown.py
[2026-09-22T17:07:07.019+0000] {processor.py:840} INFO - DAG(s) 'example_setup_teardown' retrieved from /home/airflow/.local/lib/python3.12/site-packages/airflow/example_dags/example_setup_teardown.py
[2026-09-22T17:07:07.044+0000] {logging_mixin.py:188} INFO - [2026-09-22T17:07:07.044+0000] {dag.py:3089} INFO - Sync 1 DAGs
[2026-09-22T17:07:07.063+0000] {logging_mixin.py:188} INFO - [2026-09-22T17:07:07.062+0000] {dag.py:3947} INFO - Setting next_dagrun for example_setup_teardown to 2026-09-21 00:00:00+00:00, run_after=2026-09-22 00:00:00+00:00
[2026-09-22T17:07:07.088+0000] {processor.py:183} INFO - Processing /home/airflow/.local/lib/python3.12/site-packages/airflow/example_dags/example_setup_teardown.py took 0.088 seconds
[2026-09-22T17:07:37.713+0000] {processor.py:161} INFO - Started process (PID=566) to work on /home/airflow/.local/lib/python3.12/site-packages/airflow/example_dags/example_setup_teardown.py
[2026-09-22T17:07:37.714+0000] {processor.py:830} INFO - Processing file /home/airflow/.local/lib/python3.12/site-packages/airflow/example_dags/example_setup_teardown.py for tasks to queue
[2026-09-22T17:07:37.717+0000] {logging_mixin.py:188} INFO - [2026-09-22T17:07:37.716+0000] {dagbag.py:545} INFO - Filling up the DagBag from /home/airflow/.local/lib/python3.12/site-packages/airflow/example_dags/example_setup_teardown.py
[2026-09-22T17:07:37.724+0000] {processor.py:840} INFO - DAG(s) 'example_setup_teardown' retrieved from /home/airflow/.local/lib/python3.12/site-packages/airflow/example_dags/example_setup_teardown.py
[2026-09-22T17:07:37.742+0000] {logging_mixin.py:188} INFO - [2026-09-22T17:07:37.742+0000] {dag.py:3089} INFO - Sync 1 DAGs
[2026-09-22T17:07:37.760+0000] {logging_mixin.py:188} INFO - [2026-09-22T17:07:37.760+0000] {dag.py:3947} INFO - Setting next_dagrun for example_setup_teardown to 2026-09-21 00:00:00+00:00, run_after=2026-09-22 00:00:00+00:00
[2026-09-22T17:07:37.781+0000] {processor.py:183} INFO - Processing /home/airflow/.local/lib/python3.12/site-packages/airflow/example_dags/example_setup_teardown.py took 0.076 seconds
[2026-09-22T17:08:08.034+0000] {processor.py:161} INFO - Started process (PID=624) to work on /home/airflow/.local/lib/python3.12/site-packages/airflow/example_dags/example_setup_teardown.py
[2026-09-22T17:08:08.035+0000] {processor.py:830} INFO - Processing file /home/airflow/.local/lib/python3.12/site-packages/airflow/example_dags/example_setup_teardown.py for tasks to queue
[2026-09-22T17:08:08.037+0000] {logging_mixin.py:188} INFO - [2026-09-22T17:08:08.037+0000] {dagbag.py:545} INFO - Filling up the DagBag from /home/airflow/.local/lib/python3.12/site-packages/airflow/example_dags/example_setup_teardown.py
[2026-09-22T17:08:08.043+0000] {processor.py:840} INFO - DAG(s) 'example_setup_teardown' retrieved from /home/airflow/.local/lib/python3.12/site-packages/airflow/example_dags/example_setup_teardown.py
[2026-09-22T17:08:08.060+0000] {logging_mixin.py:188} INFO - [2026-09-22T17:08:08.059+0000] {dag.py:3089} INFO - Sync 1 DAGs
[2026-09-22T17:08:08.080+0000] {logging_mixin.py:188} INFO - [2026-09-22T17:08:08.080+0000] {dag.py:3947} INFO - Setting next_dagrun for example_setup_teardown to 2026-09-21 00:00:00+00:00, run_after=2026-09-22 00:00:00+00:00
[2026-09-22T17:08:08.101+0000] {processor.py:183} INFO - Processing /home/airflow/.local/lib/python3.12/site-packages/airflow/example_dags/example_setup_teardown.py took 0.071 seconds
[2026-09-22T17:08:38.353+0000] {processor.py:161} INFO - Started process (PID=688) to work on /home/airflow/.local/lib/python3.12/site-packages/airflow/example_dags/example_setup_teardown.py
[2026-09-22T17:08:38.354+0000] {processor.py:830} INFO - Processing file /home/airflow/.local/lib/python3.12/site-packages/airflow/example_dags/example_setup_teardown.py for tasks to queue
[2026-09-22T17:08:38.356+0000] {logging_mixin.py:188} INFO - [2026-09-22T17:08:38.356+0000] {dagbag.py:545} INFO - Filling up the DagBag from /home/airflow/.local/lib/python3.12/site-packages/airflow/example_dags/example_setup_teardown.py
[2026-09-22T17:08:38.362+0000] {processor.py:840} INFO - DAG(s) 'example_setup_teardown' retrieved from /home/airflow/.local/lib/python3.12/site-packages/airflow/example_dags/example_setup_teardown.py
[2026-09-22T17:08:38.380+0000] {logging_mixin.py:188} INFO - [2026-09-22T17:08:38.380+0000] {dag.py:3089} INFO - Sync 1 DAGs
[2026-09-22T17:08:38.398+0000] {logging_mixin.py:188} INFO - [2026-09-22T17:08:38.398+0000] {dag.py:3947} INFO - Setting next_dagrun for example_setup_teardown to 2026-09-21 00:00:00+00:00, run_after=2026-09-22 00:00:00+00:00
[2026-09-22T17:08:38.418+0000] {processor.py:183} INFO - Processing /home/airflow/.local/lib/python3.12/site-packages/airflow/example_dags/example_setup_teardown.py took 0.072 seconds
[2026-09-22T17:09:08.524+0000] {processor.py:161} INFO - Started process (PID=746) to work on /home/airflow/.local/lib/python3.12/site-packages/airflow/example_dags/example_setup_teardown.py
[2026-09-22T17:09:08.525+0000] {processor.py:830} INFO - Processing file /home/airflow/.local/lib/python3.12/site-packages/airflow/example_dags/example_setup_teardown.py for tasks to queue
[2026-09-22T17:09:08.527+0000] {logging_mixin.py:188} INFO - [2026-09-22T17:09:08.526+0000] {dagbag.py:545} INFO - Filling up the DagBag from /home/airflow/.local/lib/python3.12/site-packages/airflow/example_dags/example_setup_teardown.py
[2026-09-22T17:09:08.534+0000] {processor.py:840} INFO - DAG(s) 'example_setup_teardown' retrieved from /home/airflow/.local/lib/python3.12/site-packages/airflow/example_dags/example_setup_teardown.py
[2026-09-22T17:09:08.552+0000] {logging_mixin.py:188} INFO - [2026-09-22T17:09:08.552+0000] {dag.py:3089} INFO - Sync 1 DAGs
[2026-09-22T17:09:08.570+0000] {logging_mixin.py:188} INFO - [2026-09-22T17:09:08.570+0000] {dag.py:3947} INFO - Setting next_dagrun for example_setup_teardown to 2026-09-21 00:00:00+00:00, run_after=2026-09-22 00:00:00+00:00
[2026-09-22T17:09:08.590+0000] {processor.py:183} INFO - Processing /home/airflow/.local/lib/python3.12/site-packages/airflow/example_dags/example_setup_teardown.py took 0.071 seconds
[2026-09-22T17:09:38.712+0000] {processor.py:161} INFO - Started process (PID=804) to work on /home/airflow/.local/lib/python3.12/site-packages/airflow/example_dags/example_setup_teardown.py
[2026-09-22T17:09:38.713+0000] {processor.py:830} INFO - Processing file /home/airflow/.local/lib/python3.12/site-packages/airflow/example_dags/example_setup_teardown.py for tasks to queue
[2026-09-22T17:09:38.714+0000] {logging_mixin.py:188} INFO - [2026-09-22T17:09:38.714+0000] {dagbag.py:545} INFO - Filling up the DagBag from /home/airflow/.local/lib/python3.12/site-packages/airflow/example_dags/example_setup_teardown.py
[2026-09-22T17:09:38.720+0000] {processor.py:840} INFO - DAG(s) 'example_setup_teardown' retrieved from /home/airflow/.local/lib/python3.12/site-packages/airflow/example_dags/example_setup_teardown.py
[2026-09-22T17:09:38.740+0000] {logging_mixin.py:188} INFO - [2026-09-22T17:09:38.740+0000] {dag.py:3089} INFO - Sync 1 DAGs
[2026-09-22T17:09:38.758+0000] {logging_mixin.py:188} INFO - [2026-09-22T17:09:38.758+0000] {dag.py:3947} INFO - Setting next_dagrun for example_setup_teardown to 2026-09-21 00:00:00+00:00, run_after=2026-09-22 00:00:00+00:00
[2026-09-22T17:09:38.782+0000] {processor.py:183} INFO - Processing /home/airflow/.local/lib/python3.12/site-packages/airflow/example_dags/example_setup_teardown.py took 0.075 seconds
[2026-09-22T17:10:09.057+0000] {processor.py:161} INFO - Started process (PID=862) to work on /home/airflow/.local/lib/python3.12/site-packages/airflow/example_dags/example_setup_teardown.py
[2026-09-22T17:10:09.059+0000] {processor.py:830} INFO - Processing file /home/airflow/.local/lib/python3.12/site-packages/airflow/example_dags/example_setup_teardown.py for tasks to queue
[2026-09-22T17:10:09.061+0000] {logging_mixin.py:188} INFO - [2026-09-22T17:10:09.060+0000] {dagbag.py:545} INFO - Filling up the DagBag from /home/airflow/.local/lib/python3.12/site-packages/airflow/example_dags/example_setup_teardown.py
[2026-09-22T17:10:09.069+0000] {processor.py:840} INFO - DAG(s) 'example_setup_teardown' retrieved from /home/airflow/.local/lib/python3.12/site-packages/airflow/example_dags/example_setup_teardown.py
[2026-09-22T17:10:09.088+0000] {logging_mixin.py:188} INFO - [2026-09-22T17:10:09.088+0000] {dag.py:3089} INFO - Sync 1 DAGs
[2026-09-22T17:10:09.107+0000] {logging_mixin.py:188} INFO - [2026-09-22T17:10:09.107+0000] {dag.py:3947} INFO - Setting next_dagrun for example_setup_teardown to 2026-09-21 00:00:00+00:00, run_after=2026-09-22 00:00:00+00:00
[2026-09-22T17:10:09.131+0000] {processor.py:183} INFO - Processing /home/airflow/.local/lib/python3.12/site-packages/airflow/example_dags/example_setup_teardown.py took 0.079 seconds
[2026-09-22T17:10:40.009+0000] {processor.py:161} INFO - Started process (PID=920) to work on /home/airflow/.local/lib/python3.12/site-packages/airflow/example_dags/example_setup_teardown.py
[2026-09-22T17:10:40.010+0000] {processor.py:830} INFO - Processing file /home/airflow/.local/lib/python3.12/site-packages/airflow/example_dags/example_setup_teardown.py for tasks to queue
[2026-09-22T17:10:40.012+0000] {logging_mixin.py:188} INFO - [2026-09-22T17:10:40.012+0000] {dagbag.py:545} INFO - Filling up the DagBag from /home/airflow/.local/lib/python3.12/site-packages/airflow/example_dags/example_setup_teardown.py
[2026-09-22T17:10:40.019+0000] {processor.py:840} INFO - DAG(s) 'example_setup_teardown' retrieved from /home/airflow/.local/lib/python3.12/site-packages/airflow/example_dags/example_setup_teardown.py
[2026-09-22T17:10:40.039+0000] {logging_mixin.py:188} INFO - [2026-09-22T17:10:40.039+0000] {dag.py:3089} INFO - Sync 1 DAGs
[2026-09-22T17:10:40.062+0000] {logging_mixin.py:188} INFO - [2026-09-22T17:10:40.062+0000] {dag.py:3947} INFO - Setting next_dagrun for example_setup_teardown to 2026-09-21 00:00:00+00:00, run_after=2026-09-22 00:00:00+00:00
[2026-09-22T17:10:40.085+0000] {processor.py:183} INFO - Processing /home/airflow/.local/lib/python3.12/site-packages/airflow/example_dags/example_setup_teardown.py took 0.080 seconds
[2026-09-22T17:11:10.346+0000] {processor.py:161} INFO - Started process (PID=978) to work on /home/airflow/.local/lib/python3.12/site-packages/airflow/example_dags/example_setup_teardown.py
[2026-09-22T17:11:10.347+0000] {processor.py:830} INFO - Processing file /home/airflow/.local/lib/python3.12/site-packages/airflow/example_dags/example_setup_teardown.py for tasks to queue
[2026-09-22T17:11:10.349+0000] {logging_mixin.py:188} INFO - [2026-09-22T17:11:10.349+0000] {dagbag.py:545} INFO - Filling up the DagBag from /home/airflow/.local/lib/python3.12/site-packages/airflow/example_dags/example_setup_teardown.py
[2026-09-22T17:11:10.355+0000] {processor.py:840} INFO - DAG(s) 'example_setup_teardown' retrieved from /home/airflow/.local/lib/python3.12/site-packages/airflow/example_dags/example_setup_teardown.py
[2026-09-22T17:11:10.374+0000] {logging_mixin.py:188} INFO - [2026-09-22T17:11:10.374+0000] {dag.py:3089} INFO - Sync 1 DAGs
[2026-09-22T17:11:10.393+0000] {logging_mixin.py:188} INFO - [2026-09-22T17:11:10.393+0000] {dag.py:3947} INFO - Setting next_dagrun for example_setup_teardown to 2026-09-21 00:00:00+00:00, run_after=2026-09-22 00:00:00+00:00
[2026-09-22T17:11:10.417+0000] {processor.py:183} INFO - Processing /home/airflow/.local/lib/python3.12/site-packages/airflow/example_dags/example_setup_teardown.py took 0.077 seconds
[2026-09-22T17:11:40.614+0000] {processor.py:161} INFO - Started process (PID=1036) to work on /home/airflow/.local/lib/python3.12/site-packages/airflow/example_dags/example_setup_teardown.py
[2026-09-22T17:11:40.615+0000] {processor.py:830} INFO - Processing file /home/airflow/.local/lib/python3.12/site-packages/airflow/example_dags/example_setup_teardown.py for tasks to queue
[2026-09-22T17:11:40.617+0000] {logging_mixin.py:188} INFO - [2026-09-22T17:11:40.617+0000] {dagbag.py:545} INFO - Filling up the DagBag from /home/airflow/.local/lib/python3.12/site-packages/airflow/example_dags/example_setup_teardown.py
[2026-09-22T17:11:40.623+0000] {processor.py:840} INFO - DAG(s) 'example_setup_teardown' retrieved from /home/airflow/.local/lib/python3.12/site-packages/airflow/example_dags/example_setup_teardown.py
[2026-09-22T17:11:40.641+0000] {logging_mixin.py:188} INFO - [2026-09-22T17:11:40.641+0000] {dag.py:3089} INFO - Sync 1 DAGs
[2026-09-22T17:11:40.657+0000] {logging_mixin.py:188} INFO - [2026-09-22T17:11:40.657+0000] {dag.py:3947} INFO - Setting next_dagrun for example_setup_teardown to 2026-09-21 00:00:00+00:00, run_after=2026-09-22 00:00:00+00:00
[2026-09-22T17:11:40.686+0000] {processor.py:183} INFO - Processing /home/airflow/.local/lib/python3.12/site-packages/airflow/example_dags/example_setup_teardown.py took 0.077 seconds
[2026-09-22T17:12:10.942+0000] {processor.py:161} INFO - Started process (PID=1094) to work on /home/airflow/.local/lib/python3.12/site-packages/airflow/example_dags/example_setup_teardown.py
[2026-09-22T17:12:10.943+0000] {processor.py:830} INFO - Processing file /home/airflow/.local/lib/python3.12/site-packages/airflow/example_dags/example_setup_teardown.py for tasks to queue
[2026-09-22T17:12:10.945+0000] {logging_mixin.py:188} INFO - [2026-09-22T17:12:10.944+0000] {dagbag.py:545} INFO - Filling up the DagBag from /home/airflow/.local/lib/python3.12/site-packages/airflow/example_dags/example_setup_teardown.py
[2026-09-22T17:12:10.953+0000] {processor.py:840} INFO - DAG(s) 'example_setup_teardown' retrieved from /home/airflow/.local/lib/python3.12/site-packages/airflow/example_dags/example_setup_teardown.py
[2026-09-22T17:12:10.972+0000] {logging_mixin.py:188} INFO - [2026-09-22T17:12:10.971+0000] {dag.py:3089} INFO - Sync 1 DAGs
[2026-09-22T17:12:10.990+0000] {logging_mixin.py:188} INFO - [2026-09-22T17:12:10.990+0000] {dag.py:3947} INFO - Setting next_dagrun for example_setup_teardown to 2026-09-21 00:00:00+00:00, run_after=2026-09-22 00:00:00+00:00
[2026-09-22T17:12:11.010+0000] {processor.py:183} INFO - Processing /home/airflow/.local/lib/python3.12/site-packages/airflow/example_dags/example_setup_teardown.py took 0.074 seconds
[2026-09-22T17:12:41.082+0000] {processor.py:161} INFO - Started process (PID=1152) to work on /home/airflow/.local/lib/python3.12/site-packages/airflow/example_dags/example_setup_teardown.py
[2026-09-22T17:12:41.084+0000] {processor.py:830} INFO - Processing file /home/airflow/.local/lib/python3.12/site-packages/airflow/example_dags/example_setup_teardown.py for tasks to queue
[2026-09-22T17:12:41.086+0000] {logging_mixin.py:188} INFO - [2026-09-22T17:12:41.086+0000] {dagbag.py:545} INFO - Filling up the DagBag from /home/airflow/.local/lib/python3.12/site-packages/airflow/example_dags/example_setup_teardown.py
[2026-09-22T17:12:41.096+0000] {processor.py:840} INFO - DAG(s) 'example_setup_teardown' retrieved from /home/airflow/.local/lib/python3.12/site-packages/airflow/example_dags/example_setup_teardown.py
[2026-09-22T17:12:41.121+0000] {logging_mixin.py:188} INFO - [2026-09-22T17:12:41.121+0000] {dag.py:3089} INFO - Sync 1 DAGs
[2026-09-22T17:12:41.144+0000] {logging_mixin.py:188} INFO - [2026-09-22T17:12:41.144+0000] {dag.py:3947} INFO - Setting next_dagrun for example_setup_teardown to 2026-09-21 00:00:00+00:00, run_after=2026-09-22 00:00:00+00:00
[2026-09-22T17:12:41.171+0000] {processor.py:183} INFO - Processing /home/airflow/.local/lib/python3.12/site-packages/airflow/example_dags/example_setup_teardown.py took 0.097 seconds
[2026-09-22T17:13:11.521+0000] {processor.py:161} INFO - Started process (PID=1210) to work on /home/airflow/.local/lib/python3.12/site-packages/airflow/example_dags/example_setup_teardown.py
[2026-09-22T17:13:11.522+0000] {processor.py:830} INFO - Processing file /home/airflow/.local/lib/python3.12/site-packages/airflow/example_dags/example_setup_teardown.py for tasks to queue
[2026-09-22T17:13:11.524+0000] {logging_mixin.py:188} INFO - [2026-09-22T17:13:11.524+0000] {dagbag.py:545} INFO - Filling up the DagBag from /home/airflow/.local/lib/python3.12/site-packages/airflow/example_dags/example_setup_teardown.py
[2026-09-22T17:13:11.530+0000] {processor.py:840} INFO - DAG(s) 'example_setup_teardown' retrieved from /home/airflow/.local/lib/python3.12/site-packages/airflow/example_dags/example_setup_teardown.py
[2026-09-22T17:13:11.548+0000] {logging_mixin.py:188} INFO - [2026-09-22T17:13:11.548+0000] {dag.py:3089} INFO - Sync 1 DAGs
[2026-09-22T17:13:11.567+0000] {logging_mixin.py:188} INFO - [2026-09-22T17:13:11.567+0000] {dag.py:3947} INFO - Setting next_dagrun for example_setup_teardown to 2026-09-21 00:00:00+00:00, run_after=2026-09-22 00:00:00+00:00
[2026-09-22T17:13:11.586+0000] {processor.py:183} INFO - Processing /home/airflow/.local/lib/python3.12/site-packages/airflow/example_dags/example_setup_teardown.py took 0.070 seconds
