[2026-09-22T16:19:34.451+0000] {processor.py:161} INFO - Started process (PID=103) to work on /home/airflow/.local/lib/python3.12/site-packages/airflow/example_dags/example_kubernetes_executor.py
[2026-09-22T16:19:34.454+0000] {processor.py:830} INFO - Processing file /home/airflow/.local/lib/python3.12/site-packages/airflow/example_dags/example_kubernetes_executor.py for tasks to queue
[2026-09-22T16:19:34.457+0000] {logging_mixin.py:188} INFO - [2026-09-22T16:19:34.456+0000] {dagbag.py:545} INFO - Filling up the DagBag from /home/airflow/.local/lib/python3.12/site-packages/airflow/example_dags/example_kubernetes_executor.py
[2026-09-22T16:19:34.475+0000] {processor.py:840} INFO - DAG(s) 'example_kubernetes_executor' retrieved from /home/airflow/.local/lib/python3.12/site-packages/airflow/example_dags/example_kubernetes_executor.py
[2026-09-22T16:19:34.636+0000] {logging_mixin.py:188} INFO - [2026-09-22T16:19:34.635+0000] {dag.py:3089} INFO - Sync 1 DAGs
[2026-09-22T16:19:34.652+0000] {logging_mixin.py:188} INFO - [2026-09-22T16:19:34.651+0000] {dag.py:3947} INFO - Setting next_dagrun for example_kubernetes_executor to None, run_after=None
[2026-09-22T16:19:34.682+0000] {processor.py:183} INFO - Processing /home/airflow/.local/lib/python3.12/site-packages/airflow/example_dags/example_kubernetes_executor.py took 0.238 seconds
[2026-09-22T16:20:05.311+0000] {processor.py:161} INFO - Started process (PID=161) to work on /home/airflow/.local/lib/python3.12/site-packages/airflow/example_dags/example_kubernetes_executor.py
[2026-09-22T16:20:05.313+0000] {processor.py:830} INFO - Processing file /home/airflow/.local/lib/python3.12/site-packages/airflow/example_dags/example_kubernetes_executor.py for tasks to queue
[2026-09-22T16:20:05.315+0000] {logging_mixin.py:188} INFO - [2026-09-22T16:20:05.315+0000] {dagbag.py:545} INFO - Filling up the DagBag from /home/airflow/.local/lib/python3.12/site-packages/airflow/example_dags/example_kubernetes_executor.py
[2026-09-22T16:20:05.332+0000] {processor.py:840} INFO - DAG(s) 'example_kubernetes_executor' retrieved from /home/airflow/.local/lib/python3.12/site-packages/airflow/example_dags/example_kubernetes_executor.py
[2026-09-22T16:20:05.378+0000] {logging_mixin.py:188} INFO - [2026-09-22T16:20:05.377+0000] {dag.py:3089} INFO - Sync 1 DAGs
[2026-09-22T16:20:05.395+0000] {logging_mixin.py:188} INFO - [2026-09-22T16:20:05.395+0000] {dag.py:3947} INFO - Setting next_dagrun for example_kubernetes_executor to None, run_after=None
[2026-09-22T16:20:05.421+0000] {processor.py:183} INFO - Processing /home/airflow/.local/lib/python3.12/site-packages/airflow/example_dags/example_kubernetes_executor.py took 0.116 seconds
[2026-09-22T16:20:36.065+0000] {processor.py:161} INFO - Started process (PID=218) to work on /home/airflow/.local/lib/python3.12/site-packages/airflow/example_dags/example_kubernetes_executor.py
[2026-09-22T16:20:36.067+0000] {processor.py:830} INFO - Processing file /home/airflow/.local/lib/python3.12/site-packages/airflow/example_dags/example_kubernetes_executor.py for tasks to queue
[2026-09-22T16:20:36.072+0000] {logging_mixin.py:188} INFO - [2026-09-22T16:20:36.071+0000] {dagbag.py:545} INFO - Filling up the DagBag from /home/airflow/.local/lib/python3.12/site-packages/airflow/example_dags/example_kubernetes_executor.py
[2026-09-22T16:20:36.097+0000] {processor.py:840} INFO - DAG(s) 'example_kubernetes_executor' retrieved from /home/airflow/.local/lib/python3.12/site-packages/airflow/example_dags/example_kubernetes_executor.py
[2026-09-22T16:20:36.160+0000] {logging_mixin.py:188} INFO - [2026-09-22T16:20:36.160+0000] {dag.py:3089} INFO - Sync 1 DAGs
[2026-09-22T16:20:36.181+0000] {logging_mixin.py:188} INFO - [2026-09-22T16:20:36.181+0000] {dag.py:3947} INFO - Setting next_dagrun for example_kubernetes_executor to None, run_after=None
[2026-09-22T16:20:36.228+0000] {processor.py:183} INFO - Processing /home/airflow/.local/lib/python3.12/site-packages/airflow/example_dags/example_kubernetes_executor.py took 0.175 seconds
[2026-09-22T16:21:06.512+0000] {processor.py:161} INFO - Started process (PID=276) to work on /home/airflow/.local/lib/python3.12/site-packages/airflow/example_dags/example_kubernetes_executor.py
[2026-09-22T16:21:06.514+0000] {processor.py:830} INFO - Processing file /home/airflow/.local/lib/python3.12/site-packages/airflow/example_dags/example_kubernetes_executor.py for tasks to queue
[2026-09-22T16:21:06.518+0000] {logging_mixin.py:188} INFO - [2026-09-22T16:21:06.517+0000] {dagbag.py:545} INFO - Filling up the DagBag from /home/airflow/.local/lib/python3.12/site-packages/airflow/example_dags/example_kubernetes_executor.py
[2026-09-22T16:21:06.546+0000] {processor.py:840} INFO - DAG(s) 'example_kubernetes_executor' retrieved from /home/airflow/.local/lib/python3.12/site-packages/airflow/example_dags/example_kubernetes_executor.py
[2026-09-22T16:21:06.612+0000] {logging_mixin.py:188} INFO - [2026-09-22T16:21:06.612+0000] {dag.py:3089} INFO - Sync 1 DAGs
[2026-09-22T16:21:06.628+0000] {logging_mixin.py:188} INFO - [2026-09-22T16:21:06.628+0000] {dag.py:3947} INFO - Setting next_dagrun for example_kubernetes_executor to None, run_after=None
[2026-09-22T16:21:06.689+0000] {processor.py:183} INFO - Processing /home/airflow/.local/lib/python3.12/site-packages/airflow/example_dags/example_kubernetes_executor.py took 0.188 seconds
[2026-09-22T16:21:37.415+0000] {processor.py:161} INFO - Started process (PID=334) to work on /home/airflow/.local/lib/python3.12/site-packages/airflow/example_dags/example_kubernetes_executor.py
[2026-09-22T16:21:37.417+0000] {processor.py:830} INFO - Processing file /home/airflow/.local/lib/python3.12/site-packages/airflow/example_dags/example_kubernetes_executor.py for tasks to queue
[2026-09-22T16:21:37.422+0000] {logging_mixin.py:188} INFO - [2026-09-22T16:21:37.421+0000] {dagbag.py:545} INFO - Filling up the DagBag from /home/airflow/.local/lib/python3.12/site-packages/airflow/example_dags/example_kubernetes_executor.py
[2026-09-22T16:21:37.442+0000] {processor.py:840} INFO - DAG(s) 'example_kubernetes_executor' retrieved from /home/airflow/.local/lib/python3.12/site-packages/airflow/example_dags/example_kubernetes_executor.py
[2026-09-22T16:21:37.512+0000] {logging_mixin.py:188} INFO - [2026-09-22T16:21:37.511+0000] {dag.py:3089} INFO - Sync 1 DAGs
[2026-09-22T16:21:37.535+0000] {logging_mixin.py:188} INFO - [2026-09-22T16:21:37.534+0000] {dag.py:3947} INFO - Setting next_dagrun for example_kubernetes_executor to None, run_after=None
[2026-09-22T16:21:37.568+0000] {processor.py:183} INFO - Processing /home/airflow/.local/lib/python3.12/site-packages/airflow/example_dags/example_kubernetes_executor.py took 0.162 seconds
[2026-09-22T16:22:07.966+0000] {processor.py:161} INFO - Started process (PID=392) to work on /home/airflow/.local/lib/python3.12/site-packages/airflow/example_dags/example_kubernetes_executor.py
[2026-09-22T16:22:07.967+0000] {processor.py:830} INFO - Processing file /home/airflow/.local/lib/python3.12/site-packages/airflow/example_dags/example_kubernetes_executor.py for tasks to queue
[2026-09-22T16:22:07.971+0000] {logging_mixin.py:188} INFO - [2026-09-22T16:22:07.970+0000] {dagbag.py:545} INFO - Filling up the DagBag from /home/airflow/.local/lib/python3.12/site-packages/airflow/example_dags/example_kubernetes_executor.py
[2026-09-22T16:22:07.996+0000] {processor.py:840} INFO - DAG(s) 'example_kubernetes_executor' retrieved from /home/airflow/.local/lib/python3.12/site-packages/airflow/example_dags/example_kubernetes_executor.py
[2026-09-22T16:22:08.076+0000] {logging_mixin.py:188} INFO - [2026-09-22T16:22:08.075+0000] {dag.py:3089} INFO - Sync 1 DAGs
[2026-09-22T16:22:08.098+0000] {logging_mixin.py:188} INFO - [2026-09-22T16:22:08.098+0000] {dag.py:3947} INFO - Setting next_dagrun for example_kubernetes_executor to None, run_after=None
[2026-09-22T16:22:08.131+0000] {processor.py:183} INFO - Processing /home/airflow/.local/lib/python3.12/site-packages/airflow/example_dags/example_kubernetes_executor.py took 0.176 seconds
[2026-09-22T16:22:38.328+0000] {processor.py:161} INFO - Started process (PID=450) to work on /home/airflow/.local/lib/python3.12/site-packages/airflow/example_dags/example_kubernetes_executor.py
[2026-09-22T16:22:38.330+0000] {processor.py:830} INFO - Processing file /home/airflow/.local/lib/python3.12/site-packages/airflow/example_dags/example_kubernetes_executor.py for tasks to queue
[2026-09-22T16:22:38.334+0000] {logging_mixin.py:188} INFO - [2026-09-22T16:22:38.334+0000] {dagbag.py:545} INFO - Filling up the DagBag from /home/airflow/.local/lib/python3.12/site-packages/airflow/example_dags/example_kubernetes_executor.py
[2026-09-22T16:22:38.358+0000] {processor.py:840} INFO - DAG(s) 'example_kubernetes_executor' retrieved from /home/airflow/.local/lib/python3.12/site-packages/airflow/example_dags/example_kubernetes_executor.py
[2026-09-22T16:22:38.430+0000] {logging_mixin.py:188} INFO - [2026-09-22T16:22:38.429+0000] {dag.py:3089} INFO - Sync 1 DAGs
[2026-09-22T16:22:38.456+0000] {logging_mixin.py:188} INFO - [2026-09-22T16:22:38.456+0000] {dag.py:3947} INFO - Setting next_dagrun for example_kubernetes_executor to None, run_after=None
[2026-09-22T16:22:38.499+0000] {processor.py:183} INFO - Processing /home/airflow/.local/lib/python3.12/site-packages/airflow/example_dags/example_kubernetes_executor.py took 0.183 seconds
[2026-09-22T16:23:08.972+0000] {processor.py:161} INFO - Started process (PID=508) to work on /home/airflow/.local/lib/python3.12/site-packages/airflow/example_dags/example_kubernetes_executor.py
[2026-09-22T16:23:08.973+0000] {processor.py:830} INFO - Processing file /home/airflow/.local/lib/python3.12/site-packages/airflow/example_dags/example_kubernetes_executor.py for tasks to queue
[2026-09-22T16:23:08.975+0000] {logging_mixin.py:188} INFO - [2026-09-22T16:23:08.975+0000] {dagbag.py:545} INFO - Filling up the DagBag from /home/airflow/.local/lib/python3.12/site-packages/airflow/example_dags/example_kubernetes_executor.py
[2026-09-22T16:23:08.993+0000] {processor.py:840} INFO - DAG(s) 'example_kubernetes_executor' retrieved from /home/airflow/.local/lib/python3.12/site-packages/airflow/example_dags/example_kubernetes_executor.py
[2026-09-22T16:23:09.053+0000] {logging_mixin.py:188} INFO - [2026-09-22T16:23:09.053+0000] {dag.py:3089} INFO - Sync 1 DAGs
[2026-09-22T16:23:09.075+0000] {logging_mixin.py:188} INFO - [2026-09-22T16:23:09.074+0000] {dag.py:3947} INFO - Setting next_dagrun for example_kubernetes_executor to None, run_after=None
[2026-09-22T16:23:09.104+0000] {processor.py:183} INFO - Processing /home/airflow/.local/lib/python3.12/site-packages/airflow/example_dags/example_kubernetes_executor.py took 0.140 seconds
[2026-09-22T16:23:39.386+0000] {processor.py:161} INFO - Started process (PID=566) to work on /home/airflow/.local/lib/python3.12/site-packages/airflow/example_dags/example_kubernetes_executor.py
[2026-09-22T16:23:39.388+0000] {processor.py:830} INFO - Processing file /home/airflow/.local/lib/python3.12/site-packages/airflow/example_dags/example_kubernetes_executor.py for tasks to queue
[2026-09-22T16:23:39.391+0000] {logging_mixin.py:188} INFO - [2026-09-22T16:23:39.391+0000] {dagbag.py:545} INFO - Filling up the DagBag from /home/airflow/.local/lib/python3.12/site-packages/airflow/example_dags/example_kubernetes_executor.py
[2026-09-22T16:23:39.410+0000] {processor.py:840} INFO - DAG(s) 'example_kubernetes_executor' retrieved from /home/airflow/.local/lib/python3.12/site-packages/airflow/example_dags/example_kubernetes_executor.py
[2026-09-22T16:23:39.461+0000] {logging_mixin.py:188} INFO - [2026-09-22T16:23:39.461+0000] {dag.py:3089} INFO - Sync 1 DAGs
[2026-09-22T16:23:39.484+0000] {logging_mixin.py:188} INFO - [2026-09-22T16:23:39.484+0000] {dag.py:3947} INFO - Setting next_dagrun for example_kubernetes_executor to None, run_after=None
[2026-09-22T16:23:39.512+0000] {processor.py:183} INFO - Processing /home/airflow/.local/lib/python3.12/site-packages/airflow/example_dags/example_kubernetes_executor.py took 0.135 seconds
[2026-09-22T16:24:09.621+0000] {processor.py:161} INFO - Started process (PID=624) to work on /home/airflow/.local/lib/python3.12/site-packages/airflow/example_dags/example_kubernetes_executor.py
[2026-09-22T16:24:09.623+0000] {processor.py:830} INFO - Processing file /home/airflow/.local/lib/python3.12/site-packages/airflow/example_dags/example_kubernetes_executor.py for tasks to queue
[2026-09-22T16:24:09.627+0000] {logging_mixin.py:188} INFO - [2026-09-22T16:24:09.626+0000] {dagbag.py:545} INFO - Filling up the DagBag from /home/airflow/.local/lib/python3.12/site-packages/airflow/example_dags/example_kubernetes_executor.py
[2026-09-22T16:24:09.654+0000] {processor.py:840} INFO - DAG(s) 'example_kubernetes_executor' retrieved from /home/airflow/.local/lib/python3.12/site-packages/airflow/example_dags/example_kubernetes_executor.py
[2026-09-22T16:24:09.716+0000] {logging_mixin.py:188} INFO - [2026-09-22T16:24:09.715+0000] {dag.py:3089} INFO - Sync 1 DAGs
[2026-09-22T16:24:09.738+0000] {logging_mixin.py:188} INFO - [2026-09-22T16:24:09.737+0000] {dag.py:3947} INFO - Setting next_dagrun for example_kubernetes_executor to None, run_after=None
[2026-09-22T16:24:09.781+0000] {processor.py:183} INFO - Processing /home/airflow/.local/lib/python3.12/site-packages/airflow/example_dags/example_kubernetes_executor.py took 0.170 seconds
[2026-09-22T16:24:40.200+0000] {processor.py:161} INFO - Started process (PID=682) to work on /home/airflow/.local/lib/python3.12/site-packages/airflow/example_dags/example_kubernetes_executor.py
[2026-09-22T16:24:40.203+0000] {processor.py:830} INFO - Processing file /home/airflow/.local/lib/python3.12/site-packages/airflow/example_dags/example_kubernetes_executor.py for tasks to queue
[2026-09-22T16:24:40.207+0000] {logging_mixin.py:188} INFO - [2026-09-22T16:24:40.206+0000] {dagbag.py:545} INFO - Filling up the DagBag from /home/airflow/.local/lib/python3.12/site-packages/airflow/example_dags/example_kubernetes_executor.py
[2026-09-22T16:24:40.232+0000] {processor.py:840} INFO - DAG(s) 'example_kubernetes_executor' retrieved from /home/airflow/.local/lib/python3.12/site-packages/airflow/example_dags/example_kubernetes_executor.py
[2026-09-22T16:24:40.311+0000] {logging_mixin.py:188} INFO - [2026-09-22T16:24:40.310+0000] {dag.py:3089} INFO - Sync 1 DAGs
[2026-09-22T16:24:40.338+0000] {logging_mixin.py:188} INFO - [2026-09-22T16:24:40.338+0000] {dag.py:3947} INFO - Setting next_dagrun for example_kubernetes_executor to None, run_after=None
[2026-09-22T16:24:40.382+0000] {processor.py:183} INFO - Processing /home/airflow/.local/lib/python3.12/site-packages/airflow/example_dags/example_kubernetes_executor.py took 0.192 seconds
[2026-09-22T16:25:10.489+0000] {processor.py:161} INFO - Started process (PID=740) to work on /home/airflow/.local/lib/python3.12/site-packages/airflow/example_dags/example_kubernetes_executor.py
[2026-09-22T16:25:10.491+0000] {processor.py:830} INFO - Processing file /home/airflow/.local/lib/python3.12/site-packages/airflow/example_dags/example_kubernetes_executor.py for tasks to queue
[2026-09-22T16:25:10.493+0000] {logging_mixin.py:188} INFO - [2026-09-22T16:25:10.493+0000] {dagbag.py:545} INFO - Filling up the DagBag from /home/airflow/.local/lib/python3.12/site-packages/airflow/example_dags/example_kubernetes_executor.py
[2026-09-22T16:25:10.510+0000] {processor.py:840} INFO - DAG(s) 'example_kubernetes_executor' retrieved from /home/airflow/.local/lib/python3.12/site-packages/airflow/example_dags/example_kubernetes_executor.py
[2026-09-22T16:25:10.558+0000] {logging_mixin.py:188} INFO - [2026-09-22T16:25:10.558+0000] {dag.py:3089} INFO - Sync 1 DAGs
[2026-09-22T16:25:10.573+0000] {logging_mixin.py:188} INFO - [2026-09-22T16:25:10.573+0000] {dag.py:3947} INFO - Setting next_dagrun for example_kubernetes_executor to None, run_after=None
[2026-09-22T16:25:10.624+0000] {processor.py:183} INFO - Processing /home/airflow/.local/lib/python3.12/site-packages/airflow/example_dags/example_kubernetes_executor.py took 0.145 seconds
[2026-09-22T16:25:41.133+0000] {processor.py:161} INFO - Started process (PID=798) to work on /home/airflow/.local/lib/python3.12/site-packages/airflow/example_dags/example_kubernetes_executor.py
[2026-09-22T16:25:41.137+0000] {processor.py:830} INFO - Processing file /home/airflow/.local/lib/python3.12/site-packages/airflow/example_dags/example_kubernetes_executor.py for tasks to queue
[2026-09-22T16:25:41.143+0000] {logging_mixin.py:188} INFO - [2026-09-22T16:25:41.142+0000] {dagbag.py:545} INFO - Filling up the DagBag from /home/airflow/.local/lib/python3.12/site-packages/airflow/example_dags/example_kubernetes_executor.py
[2026-09-22T16:25:41.166+0000] {processor.py:840} INFO - DAG(s) 'example_kubernetes_executor' retrieved from /home/airflow/.local/lib/python3.12/site-packages/airflow/example_dags/example_kubernetes_executor.py
[2026-09-22T16:25:41.234+0000] {logging_mixin.py:188} INFO - [2026-09-22T16:25:41.233+0000] {dag.py:3089} INFO - Sync 1 DAGs
[2026-09-22T16:25:41.254+0000] {logging_mixin.py:188} INFO - [2026-09-22T16:25:41.253+0000] {dag.py:3947} INFO - Setting next_dagrun for example_kubernetes_executor to None, run_after=None
[2026-09-22T16:25:41.285+0000] {processor.py:183} INFO - Processing /home/airflow/.local/lib/python3.12/site-packages/airflow/example_dags/example_kubernetes_executor.py took 0.161 seconds
[2026-09-22T16:26:11.904+0000] {processor.py:161} INFO - Started process (PID=856) to work on /home/airflow/.local/lib/python3.12/site-packages/airflow/example_dags/example_kubernetes_executor.py
[2026-09-22T16:26:11.905+0000] {processor.py:830} INFO - Processing file /home/airflow/.local/lib/python3.12/site-packages/airflow/example_dags/example_kubernetes_executor.py for tasks to queue
[2026-09-22T16:26:11.908+0000] {logging_mixin.py:188} INFO - [2026-09-22T16:26:11.908+0000] {dagbag.py:545} INFO - Filling up the DagBag from /home/airflow/.local/lib/python3.12/site-packages/airflow/example_dags/example_kubernetes_executor.py
[2026-09-22T16:26:11.931+0000] {processor.py:840} INFO - DAG(s) 'example_kubernetes_executor' retrieved from /home/airflow/.local/lib/python3.12/site-packages/airflow/example_dags/example_kubernetes_executor.py
[2026-09-22T16:26:12.030+0000] {logging_mixin.py:188} INFO - [2026-09-22T16:26:12.030+0000] {dag.py:3089} INFO - Sync 1 DAGs
[2026-09-22T16:26:12.057+0000] {logging_mixin.py:188} INFO - [2026-09-22T16:26:12.056+0000] {dag.py:3947} INFO - Setting next_dagrun for example_kubernetes_executor to None, run_after=None
[2026-09-22T16:26:12.091+0000] {processor.py:183} INFO - Processing /home/airflow/.local/lib/python3.12/site-packages/airflow/example_dags/example_kubernetes_executor.py took 0.196 seconds
[2026-09-22T16:26:43.087+0000] {processor.py:161} INFO - Started process (PID=914) to work on /home/airflow/.local/lib/python3.12/site-packages/airflow/example_dags/example_kubernetes_executor.py
[2026-09-22T16:26:43.088+0000] {processor.py:830} INFO - Processing file /home/airflow/.local/lib/python3.12/site-packages/airflow/example_dags/example_kubernetes_executor.py for tasks to queue
[2026-09-22T16:26:43.091+0000] {logging_mixin.py:188} INFO - [2026-09-22T16:26:43.090+0000] {dagbag.py:545} INFO - Filling up the DagBag from /home/airflow/.local/lib/python3.12/site-packages/airflow/example_dags/example_kubernetes_executor.py
[2026-09-22T16:26:43.109+0000] {processor.py:840} INFO - DAG(s) 'example_kubernetes_executor' retrieved from /home/airflow/.local/lib/python3.12/site-packages/airflow/example_dags/example_kubernetes_executor.py
[2026-09-22T16:26:43.157+0000] {logging_mixin.py:188} INFO - [2026-09-22T16:26:43.156+0000] {dag.py:3089} INFO - Sync 1 DAGs
[2026-09-22T16:26:43.171+0000] {logging_mixin.py:188} INFO - [2026-09-22T16:26:43.171+0000] {dag.py:3947} INFO - Setting next_dagrun for example_kubernetes_executor to None, run_after=None
[2026-09-22T16:26:43.198+0000] {processor.py:183} INFO - Processing /home/airflow/.local/lib/python3.12/site-packages/airflow/example_dags/example_kubernetes_executor.py took 0.119 seconds
[2026-09-22T16:27:13.655+0000] {processor.py:161} INFO - Started process (PID=972) to work on /home/airflow/.local/lib/python3.12/site-packages/airflow/example_dags/example_kubernetes_executor.py
[2026-09-22T16:27:13.656+0000] {processor.py:830} INFO - Processing file /home/airflow/.local/lib/python3.12/site-packages/airflow/example_dags/example_kubernetes_executor.py for tasks to queue
[2026-09-22T16:27:13.659+0000] {logging_mixin.py:188} INFO - [2026-09-22T16:27:13.659+0000] {dagbag.py:545} INFO - Filling up the DagBag from /home/airflow/.local/lib/python3.12/site-packages/airflow/example_dags/example_kubernetes_executor.py
[2026-09-22T16:27:13.678+0000] {processor.py:840} INFO - DAG(s) 'example_kubernetes_executor' retrieved from /home/airflow/.local/lib/python3.12/site-packages/airflow/example_dags/example_kubernetes_executor.py
[2026-09-22T16:27:13.734+0000] {logging_mixin.py:188} INFO - [2026-09-22T16:27:13.733+0000] {dag.py:3089} INFO - Sync 1 DAGs
[2026-09-22T16:27:13.762+0000] {logging_mixin.py:188} INFO - [2026-09-22T16:27:13.762+0000] {dag.py:3947} INFO - Setting next_dagrun for example_kubernetes_executor to None, run_after=None
[2026-09-22T16:27:13.824+0000] {processor.py:183} INFO - Processing /home/airflow/.local/lib/python3.12/site-packages/airflow/example_dags/example_kubernetes_executor.py took 0.180 seconds
[2026-09-22T16:27:43.940+0000] {processor.py:161} INFO - Started process (PID=1030) to work on /home/airflow/.local/lib/python3.12/site-packages/airflow/example_dags/example_kubernetes_executor.py
[2026-09-22T16:27:43.943+0000] {processor.py:830} INFO - Processing file /home/airflow/.local/lib/python3.12/site-packages/airflow/example_dags/example_kubernetes_executor.py for tasks to queue
[2026-09-22T16:27:43.947+0000] {logging_mixin.py:188} INFO - [2026-09-22T16:27:43.947+0000] {dagbag.py:545} INFO - Filling up the DagBag from /home/airflow/.local/lib/python3.12/site-packages/airflow/example_dags/example_kubernetes_executor.py
[2026-09-22T16:27:43.972+0000] {processor.py:840} INFO - DAG(s) 'example_kubernetes_executor' retrieved from /home/airflow/.local/lib/python3.12/site-packages/airflow/example_dags/example_kubernetes_executor.py
[2026-09-22T16:27:44.042+0000] {logging_mixin.py:188} INFO - [2026-09-22T16:27:44.042+0000] {dag.py:3089} INFO - Sync 1 DAGs
[2026-09-22T16:27:44.076+0000] {logging_mixin.py:188} INFO - [2026-09-22T16:27:44.075+0000] {dag.py:3947} INFO - Setting next_dagrun for example_kubernetes_executor to None, run_after=None
[2026-09-22T16:27:44.123+0000] {processor.py:183} INFO - Processing /home/airflow/.local/lib/python3.12/site-packages/airflow/example_dags/example_kubernetes_executor.py took 0.195 seconds
[2026-09-22T16:28:14.950+0000] {processor.py:161} INFO - Started process (PID=1088) to work on /home/airflow/.local/lib/python3.12/site-packages/airflow/example_dags/example_kubernetes_executor.py
[2026-09-22T16:28:14.952+0000] {processor.py:830} INFO - Processing file /home/airflow/.local/lib/python3.12/site-packages/airflow/example_dags/example_kubernetes_executor.py for tasks to queue
[2026-09-22T16:28:14.955+0000] {logging_mixin.py:188} INFO - [2026-09-22T16:28:14.955+0000] {dagbag.py:545} INFO - Filling up the DagBag from /home/airflow/.local/lib/python3.12/site-packages/airflow/example_dags/example_kubernetes_executor.py
[2026-09-22T16:28:14.978+0000] {processor.py:840} INFO - DAG(s) 'example_kubernetes_executor' retrieved from /home/airflow/.local/lib/python3.12/site-packages/airflow/example_dags/example_kubernetes_executor.py
[2026-09-22T16:28:15.039+0000] {logging_mixin.py:188} INFO - [2026-09-22T16:28:15.038+0000] {dag.py:3089} INFO - Sync 1 DAGs
[2026-09-22T16:28:15.061+0000] {logging_mixin.py:188} INFO - [2026-09-22T16:28:15.060+0000] {dag.py:3947} INFO - Setting next_dagrun for example_kubernetes_executor to None, run_after=None
[2026-09-22T16:28:15.102+0000] {processor.py:183} INFO - Processing /home/airflow/.local/lib/python3.12/site-packages/airflow/example_dags/example_kubernetes_executor.py took 0.158 seconds
[2026-09-22T16:28:45.237+0000] {processor.py:161} INFO - Started process (PID=1146) to work on /home/airflow/.local/lib/python3.12/site-packages/airflow/example_dags/example_kubernetes_executor.py
[2026-09-22T16:28:45.239+0000] {processor.py:830} INFO - Processing file /home/airflow/.local/lib/python3.12/site-packages/airflow/example_dags/example_kubernetes_executor.py for tasks to queue
[2026-09-22T16:28:45.243+0000] {logging_mixin.py:188} INFO - [2026-09-22T16:28:45.242+0000] {dagbag.py:545} INFO - Filling up the DagBag from /home/airflow/.local/lib/python3.12/site-packages/airflow/example_dags/example_kubernetes_executor.py
[2026-09-22T16:28:45.263+0000] {processor.py:840} INFO - DAG(s) 'example_kubernetes_executor' retrieved from /home/airflow/.local/lib/python3.12/site-packages/airflow/example_dags/example_kubernetes_executor.py
[2026-09-22T16:28:45.312+0000] {logging_mixin.py:188} INFO - [2026-09-22T16:28:45.311+0000] {dag.py:3089} INFO - Sync 1 DAGs
[2026-09-22T16:28:45.328+0000] {logging_mixin.py:188} INFO - [2026-09-22T16:28:45.328+0000] {dag.py:3947} INFO - Setting next_dagrun for example_kubernetes_executor to None, run_after=None
[2026-09-22T16:28:45.402+0000] {processor.py:183} INFO - Processing /home/airflow/.local/lib/python3.12/site-packages/airflow/example_dags/example_kubernetes_executor.py took 0.176 seconds
[2026-09-22T16:29:15.759+0000] {processor.py:161} INFO - Started process (PID=1204) to work on /home/airflow/.local/lib/python3.12/site-packages/airflow/example_dags/example_kubernetes_executor.py
[2026-09-22T16:29:15.761+0000] {processor.py:830} INFO - Processing file /home/airflow/.local/lib/python3.12/site-packages/airflow/example_dags/example_kubernetes_executor.py for tasks to queue
[2026-09-22T16:29:15.763+0000] {logging_mixin.py:188} INFO - [2026-09-22T16:29:15.763+0000] {dagbag.py:545} INFO - Filling up the DagBag from /home/airflow/.local/lib/python3.12/site-packages/airflow/example_dags/example_kubernetes_executor.py
[2026-09-22T16:29:15.777+0000] {processor.py:840} INFO - DAG(s) 'example_kubernetes_executor' retrieved from /home/airflow/.local/lib/python3.12/site-packages/airflow/example_dags/example_kubernetes_executor.py
[2026-09-22T16:29:15.826+0000] {logging_mixin.py:188} INFO - [2026-09-22T16:29:15.826+0000] {dag.py:3089} INFO - Sync 1 DAGs
[2026-09-22T16:29:15.843+0000] {logging_mixin.py:188} INFO - [2026-09-22T16:29:15.843+0000] {dag.py:3947} INFO - Setting next_dagrun for example_kubernetes_executor to None, run_after=None
[2026-09-22T16:29:15.926+0000] {processor.py:183} INFO - Processing /home/airflow/.local/lib/python3.12/site-packages/airflow/example_dags/example_kubernetes_executor.py took 0.177 seconds
[2026-09-22T16:29:46.444+0000] {processor.py:161} INFO - Started process (PID=1261) to work on /home/airflow/.local/lib/python3.12/site-packages/airflow/example_dags/example_kubernetes_executor.py
[2026-09-22T16:29:46.445+0000] {processor.py:830} INFO - Processing file /home/airflow/.local/lib/python3.12/site-packages/airflow/example_dags/example_kubernetes_executor.py for tasks to queue
[2026-09-22T16:29:46.449+0000] {logging_mixin.py:188} INFO - [2026-09-22T16:29:46.448+0000] {dagbag.py:545} INFO - Filling up the DagBag from /home/airflow/.local/lib/python3.12/site-packages/airflow/example_dags/example_kubernetes_executor.py
[2026-09-22T16:29:46.465+0000] {processor.py:840} INFO - DAG(s) 'example_kubernetes_executor' retrieved from /home/airflow/.local/lib/python3.12/site-packages/airflow/example_dags/example_kubernetes_executor.py
[2026-09-22T16:29:46.517+0000] {logging_mixin.py:188} INFO - [2026-09-22T16:29:46.517+0000] {dag.py:3089} INFO - Sync 1 DAGs
[2026-09-22T16:29:46.531+0000] {logging_mixin.py:188} INFO - [2026-09-22T16:29:46.531+0000] {dag.py:3947} INFO - Setting next_dagrun for example_kubernetes_executor to None, run_after=None
[2026-09-22T16:29:46.615+0000] {processor.py:183} INFO - Processing /home/airflow/.local/lib/python3.12/site-packages/airflow/example_dags/example_kubernetes_executor.py took 0.183 seconds
[2026-09-22T16:30:16.772+0000] {processor.py:161} INFO - Started process (PID=1319) to work on /home/airflow/.local/lib/python3.12/site-packages/airflow/example_dags/example_kubernetes_executor.py
[2026-09-22T16:30:16.773+0000] {processor.py:830} INFO - Processing file /home/airflow/.local/lib/python3.12/site-packages/airflow/example_dags/example_kubernetes_executor.py for tasks to queue
[2026-09-22T16:30:16.776+0000] {logging_mixin.py:188} INFO - [2026-09-22T16:30:16.775+0000] {dagbag.py:545} INFO - Filling up the DagBag from /home/airflow/.local/lib/python3.12/site-packages/airflow/example_dags/example_kubernetes_executor.py
[2026-09-22T16:30:16.792+0000] {processor.py:840} INFO - DAG(s) 'example_kubernetes_executor' retrieved from /home/airflow/.local/lib/python3.12/site-packages/airflow/example_dags/example_kubernetes_executor.py
[2026-09-22T16:30:16.845+0000] {logging_mixin.py:188} INFO - [2026-09-22T16:30:16.845+0000] {dag.py:3089} INFO - Sync 1 DAGs
[2026-09-22T16:30:16.867+0000] {logging_mixin.py:188} INFO - [2026-09-22T16:30:16.866+0000] {dag.py:3947} INFO - Setting next_dagrun for example_kubernetes_executor to None, run_after=None
[2026-09-22T16:30:16.912+0000] {processor.py:183} INFO - Processing /home/airflow/.local/lib/python3.12/site-packages/airflow/example_dags/example_kubernetes_executor.py took 0.148 seconds
[2026-09-22T16:30:47.295+0000] {processor.py:161} INFO - Started process (PID=1377) to work on /home/airflow/.local/lib/python3.12/site-packages/airflow/example_dags/example_kubernetes_executor.py
[2026-09-22T16:30:47.297+0000] {processor.py:830} INFO - Processing file /home/airflow/.local/lib/python3.12/site-packages/airflow/example_dags/example_kubernetes_executor.py for tasks to queue
[2026-09-22T16:30:47.300+0000] {logging_mixin.py:188} INFO - [2026-09-22T16:30:47.300+0000] {dagbag.py:545} INFO - Filling up the DagBag from /home/airflow/.local/lib/python3.12/site-packages/airflow/example_dags/example_kubernetes_executor.py
[2026-09-22T16:30:47.324+0000] {processor.py:840} INFO - DAG(s) 'example_kubernetes_executor' retrieved from /home/airflow/.local/lib/python3.12/site-packages/airflow/example_dags/example_kubernetes_executor.py
[2026-09-22T16:30:47.385+0000] {logging_mixin.py:188} INFO - [2026-09-22T16:30:47.384+0000] {dag.py:3089} INFO - Sync 1 DAGs
[2026-09-22T16:30:47.412+0000] {logging_mixin.py:188} INFO - [2026-09-22T16:30:47.412+0000] {dag.py:3947} INFO - Setting next_dagrun for example_kubernetes_executor to None, run_after=None
[2026-09-22T16:30:47.449+0000] {processor.py:183} INFO - Processing /home/airflow/.local/lib/python3.12/site-packages/airflow/example_dags/example_kubernetes_executor.py took 0.164 seconds
[2026-09-22T16:31:18.136+0000] {processor.py:161} INFO - Started process (PID=1435) to work on /home/airflow/.local/lib/python3.12/site-packages/airflow/example_dags/example_kubernetes_executor.py
[2026-09-22T16:31:18.138+0000] {processor.py:830} INFO - Processing file /home/airflow/.local/lib/python3.12/site-packages/airflow/example_dags/example_kubernetes_executor.py for tasks to queue
[2026-09-22T16:31:18.141+0000] {logging_mixin.py:188} INFO - [2026-09-22T16:31:18.141+0000] {dagbag.py:545} INFO - Filling up the DagBag from /home/airflow/.local/lib/python3.12/site-packages/airflow/example_dags/example_kubernetes_executor.py
[2026-09-22T16:31:18.158+0000] {processor.py:840} INFO - DAG(s) 'example_kubernetes_executor' retrieved from /home/airflow/.local/lib/python3.12/site-packages/airflow/example_dags/example_kubernetes_executor.py
[2026-09-22T16:31:18.213+0000] {logging_mixin.py:188} INFO - [2026-09-22T16:31:18.212+0000] {dag.py:3089} INFO - Sync 1 DAGs
[2026-09-22T16:31:18.232+0000] {logging_mixin.py:188} INFO - [2026-09-22T16:31:18.232+0000] {dag.py:3947} INFO - Setting next_dagrun for example_kubernetes_executor to None, run_after=None
[2026-09-22T16:31:18.309+0000] {processor.py:183} INFO - Processing /home/airflow/.local/lib/python3.12/site-packages/airflow/example_dags/example_kubernetes_executor.py took 0.184 seconds
[2026-09-22T16:31:48.775+0000] {processor.py:161} INFO - Started process (PID=1493) to work on /home/airflow/.local/lib/python3.12/site-packages/airflow/example_dags/example_kubernetes_executor.py
[2026-09-22T16:31:48.776+0000] {processor.py:830} INFO - Processing file /home/airflow/.local/lib/python3.12/site-packages/airflow/example_dags/example_kubernetes_executor.py for tasks to queue
[2026-09-22T16:31:48.780+0000] {logging_mixin.py:188} INFO - [2026-09-22T16:31:48.779+0000] {dagbag.py:545} INFO - Filling up the DagBag from /home/airflow/.local/lib/python3.12/site-packages/airflow/example_dags/example_kubernetes_executor.py
[2026-09-22T16:31:48.794+0000] {processor.py:840} INFO - DAG(s) 'example_kubernetes_executor' retrieved from /home/airflow/.local/lib/python3.12/site-packages/airflow/example_dags/example_kubernetes_executor.py
[2026-09-22T16:31:48.849+0000] {logging_mixin.py:188} INFO - [2026-09-22T16:31:48.849+0000] {dag.py:3089} INFO - Sync 1 DAGs
[2026-09-22T16:31:48.870+0000] {logging_mixin.py:188} INFO - [2026-09-22T16:31:48.870+0000] {dag.py:3947} INFO - Setting next_dagrun for example_kubernetes_executor to None, run_after=None
[2026-09-22T16:31:48.947+0000] {processor.py:183} INFO - Processing /home/airflow/.local/lib/python3.12/site-packages/airflow/example_dags/example_kubernetes_executor.py took 0.182 seconds
[2026-09-22T16:32:19.194+0000] {processor.py:161} INFO - Started process (PID=1551) to work on /home/airflow/.local/lib/python3.12/site-packages/airflow/example_dags/example_kubernetes_executor.py
[2026-09-22T16:32:19.196+0000] {processor.py:830} INFO - Processing file /home/airflow/.local/lib/python3.12/site-packages/airflow/example_dags/example_kubernetes_executor.py for tasks to queue
[2026-09-22T16:32:19.199+0000] {logging_mixin.py:188} INFO - [2026-09-22T16:32:19.199+0000] {dagbag.py:545} INFO - Filling up the DagBag from /home/airflow/.local/lib/python3.12/site-packages/airflow/example_dags/example_kubernetes_executor.py
[2026-09-22T16:32:19.224+0000] {processor.py:840} INFO - DAG(s) 'example_kubernetes_executor' retrieved from /home/airflow/.local/lib/python3.12/site-packages/airflow/example_dags/example_kubernetes_executor.py
[2026-09-22T16:32:19.300+0000] {logging_mixin.py:188} INFO - [2026-09-22T16:32:19.299+0000] {dag.py:3089} INFO - Sync 1 DAGs
[2026-09-22T16:32:19.327+0000] {logging_mixin.py:188} INFO - [2026-09-22T16:32:19.327+0000] {dag.py:3947} INFO - Setting next_dagrun for example_kubernetes_executor to None, run_after=None
[2026-09-22T16:32:19.392+0000] {processor.py:183} INFO - Processing /home/airflow/.local/lib/python3.12/site-packages/airflow/example_dags/example_kubernetes_executor.py took 0.211 seconds
[2026-09-22T16:32:49.980+0000] {processor.py:161} INFO - Started process (PID=1609) to work on /home/airflow/.local/lib/python3.12/site-packages/airflow/example_dags/example_kubernetes_executor.py
[2026-09-22T16:32:49.984+0000] {processor.py:830} INFO - Processing file /home/airflow/.local/lib/python3.12/site-packages/airflow/example_dags/example_kubernetes_executor.py for tasks to queue
[2026-09-22T16:32:49.994+0000] {logging_mixin.py:188} INFO - [2026-09-22T16:32:49.993+0000] {dagbag.py:545} INFO - Filling up the DagBag from /home/airflow/.local/lib/python3.12/site-packages/airflow/example_dags/example_kubernetes_executor.py
[2026-09-22T16:32:50.031+0000] {processor.py:840} INFO - DAG(s) 'example_kubernetes_executor' retrieved from /home/airflow/.local/lib/python3.12/site-packages/airflow/example_dags/example_kubernetes_executor.py
[2026-09-22T16:32:50.114+0000] {logging_mixin.py:188} INFO - [2026-09-22T16:32:50.113+0000] {dag.py:3089} INFO - Sync 1 DAGs
[2026-09-22T16:32:50.132+0000] {logging_mixin.py:188} INFO - [2026-09-22T16:32:50.132+0000] {dag.py:3947} INFO - Setting next_dagrun for example_kubernetes_executor to None, run_after=None
[2026-09-22T16:32:50.203+0000] {processor.py:183} INFO - Processing /home/airflow/.local/lib/python3.12/site-packages/airflow/example_dags/example_kubernetes_executor.py took 0.247 seconds
[2026-09-22T16:33:20.465+0000] {processor.py:161} INFO - Started process (PID=1667) to work on /home/airflow/.local/lib/python3.12/site-packages/airflow/example_dags/example_kubernetes_executor.py
[2026-09-22T16:33:20.468+0000] {processor.py:830} INFO - Processing file /home/airflow/.local/lib/python3.12/site-packages/airflow/example_dags/example_kubernetes_executor.py for tasks to queue
[2026-09-22T16:33:20.474+0000] {logging_mixin.py:188} INFO - [2026-09-22T16:33:20.473+0000] {dagbag.py:545} INFO - Filling up the DagBag from /home/airflow/.local/lib/python3.12/site-packages/airflow/example_dags/example_kubernetes_executor.py
[2026-09-22T16:33:20.510+0000] {processor.py:840} INFO - DAG(s) 'example_kubernetes_executor' retrieved from /home/airflow/.local/lib/python3.12/site-packages/airflow/example_dags/example_kubernetes_executor.py
[2026-09-22T16:33:20.579+0000] {logging_mixin.py:188} INFO - [2026-09-22T16:33:20.578+0000] {dag.py:3089} INFO - Sync 1 DAGs
[2026-09-22T16:33:20.604+0000] {logging_mixin.py:188} INFO - [2026-09-22T16:33:20.604+0000] {dag.py:3947} INFO - Setting next_dagrun for example_kubernetes_executor to None, run_after=None
[2026-09-22T16:33:20.667+0000] {processor.py:183} INFO - Processing /home/airflow/.local/lib/python3.12/site-packages/airflow/example_dags/example_kubernetes_executor.py took 0.230 seconds
[2026-09-22T16:33:50.823+0000] {processor.py:161} INFO - Started process (PID=1725) to work on /home/airflow/.local/lib/python3.12/site-packages/airflow/example_dags/example_kubernetes_executor.py
[2026-09-22T16:33:50.825+0000] {processor.py:830} INFO - Processing file /home/airflow/.local/lib/python3.12/site-packages/airflow/example_dags/example_kubernetes_executor.py for tasks to queue
[2026-09-22T16:33:50.829+0000] {logging_mixin.py:188} INFO - [2026-09-22T16:33:50.828+0000] {dagbag.py:545} INFO - Filling up the DagBag from /home/airflow/.local/lib/python3.12/site-packages/airflow/example_dags/example_kubernetes_executor.py
[2026-09-22T16:33:50.844+0000] {processor.py:840} INFO - DAG(s) 'example_kubernetes_executor' retrieved from /home/airflow/.local/lib/python3.12/site-packages/airflow/example_dags/example_kubernetes_executor.py
[2026-09-22T16:33:50.903+0000] {logging_mixin.py:188} INFO - [2026-09-22T16:33:50.902+0000] {dag.py:3089} INFO - Sync 1 DAGs
[2026-09-22T16:33:50.926+0000] {logging_mixin.py:188} INFO - [2026-09-22T16:33:50.926+0000] {dag.py:3947} INFO - Setting next_dagrun for example_kubernetes_executor to None, run_after=None
[2026-09-22T16:33:50.959+0000] {processor.py:183} INFO - Processing /home/airflow/.local/lib/python3.12/site-packages/airflow/example_dags/example_kubernetes_executor.py took 0.144 seconds
[2026-09-22T16:34:21.998+0000] {processor.py:161} INFO - Started process (PID=1783) to work on /home/airflow/.local/lib/python3.12/site-packages/airflow/example_dags/example_kubernetes_executor.py
[2026-09-22T16:34:21.999+0000] {processor.py:830} INFO - Processing file /home/airflow/.local/lib/python3.12/site-packages/airflow/example_dags/example_kubernetes_executor.py for tasks to queue
[2026-09-22T16:34:22.003+0000] {logging_mixin.py:188} INFO - [2026-09-22T16:34:22.002+0000] {dagbag.py:545} INFO - Filling up the DagBag from /home/airflow/.local/lib/python3.12/site-packages/airflow/example_dags/example_kubernetes_executor.py
[2026-09-22T16:34:22.024+0000] {processor.py:840} INFO - DAG(s) 'example_kubernetes_executor' retrieved from /home/airflow/.local/lib/python3.12/site-packages/airflow/example_dags/example_kubernetes_executor.py
[2026-09-22T16:34:22.089+0000] {logging_mixin.py:188} INFO - [2026-09-22T16:34:22.089+0000] {dag.py:3089} INFO - Sync 1 DAGs
[2026-09-22T16:34:22.107+0000] {logging_mixin.py:188} INFO - [2026-09-22T16:34:22.107+0000] {dag.py:3947} INFO - Setting next_dagrun for example_kubernetes_executor to None, run_after=None
[2026-09-22T16:34:22.151+0000] {processor.py:183} INFO - Processing /home/airflow/.local/lib/python3.12/site-packages/airflow/example_dags/example_kubernetes_executor.py took 0.162 seconds
[2026-09-22T16:34:53.178+0000] {processor.py:161} INFO - Started process (PID=1841) to work on /home/airflow/.local/lib/python3.12/site-packages/airflow/example_dags/example_kubernetes_executor.py
[2026-09-22T16:34:53.179+0000] {processor.py:830} INFO - Processing file /home/airflow/.local/lib/python3.12/site-packages/airflow/example_dags/example_kubernetes_executor.py for tasks to queue
[2026-09-22T16:34:53.185+0000] {logging_mixin.py:188} INFO - [2026-09-22T16:34:53.184+0000] {dagbag.py:545} INFO - Filling up the DagBag from /home/airflow/.local/lib/python3.12/site-packages/airflow/example_dags/example_kubernetes_executor.py
[2026-09-22T16:34:53.209+0000] {processor.py:840} INFO - DAG(s) 'example_kubernetes_executor' retrieved from /home/airflow/.local/lib/python3.12/site-packages/airflow/example_dags/example_kubernetes_executor.py
[2026-09-22T16:34:53.275+0000] {logging_mixin.py:188} INFO - [2026-09-22T16:34:53.274+0000] {dag.py:3089} INFO - Sync 1 DAGs
[2026-09-22T16:34:53.334+0000] {logging_mixin.py:188} INFO - [2026-09-22T16:34:53.333+0000] {dag.py:3947} INFO - Setting next_dagrun for example_kubernetes_executor to None, run_after=None
[2026-09-22T16:34:53.438+0000] {processor.py:183} INFO - Processing /home/airflow/.local/lib/python3.12/site-packages/airflow/example_dags/example_kubernetes_executor.py took 0.270 seconds
[2026-09-22T16:35:23.805+0000] {processor.py:161} INFO - Started process (PID=1899) to work on /home/airflow/.local/lib/python3.12/site-packages/airflow/example_dags/example_kubernetes_executor.py
[2026-09-22T16:35:23.807+0000] {processor.py:830} INFO - Processing file /home/airflow/.local/lib/python3.12/site-packages/airflow/example_dags/example_kubernetes_executor.py for tasks to queue
[2026-09-22T16:35:23.810+0000] {logging_mixin.py:188} INFO - [2026-09-22T16:35:23.809+0000] {dagbag.py:545} INFO - Filling up the DagBag from /home/airflow/.local/lib/python3.12/site-packages/airflow/example_dags/example_kubernetes_executor.py
[2026-09-22T16:35:23.825+0000] {processor.py:840} INFO - DAG(s) 'example_kubernetes_executor' retrieved from /home/airflow/.local/lib/python3.12/site-packages/airflow/example_dags/example_kubernetes_executor.py
[2026-09-22T16:35:23.873+0000] {logging_mixin.py:188} INFO - [2026-09-22T16:35:23.873+0000] {dag.py:3089} INFO - Sync 1 DAGs
[2026-09-22T16:35:23.892+0000] {logging_mixin.py:188} INFO - [2026-09-22T16:35:23.891+0000] {dag.py:3947} INFO - Setting next_dagrun for example_kubernetes_executor to None, run_after=None
[2026-09-22T16:35:23.922+0000] {processor.py:183} INFO - Processing /home/airflow/.local/lib/python3.12/site-packages/airflow/example_dags/example_kubernetes_executor.py took 0.126 seconds
[2026-09-22T16:35:54.602+0000] {processor.py:161} INFO - Started process (PID=1957) to work on /home/airflow/.local/lib/python3.12/site-packages/airflow/example_dags/example_kubernetes_executor.py
[2026-09-22T16:35:54.604+0000] {processor.py:830} INFO - Processing file /home/airflow/.local/lib/python3.12/site-packages/airflow/example_dags/example_kubernetes_executor.py for tasks to queue
[2026-09-22T16:35:54.607+0000] {logging_mixin.py:188} INFO - [2026-09-22T16:35:54.606+0000] {dagbag.py:545} INFO - Filling up the DagBag from /home/airflow/.local/lib/python3.12/site-packages/airflow/example_dags/example_kubernetes_executor.py
[2026-09-22T16:35:54.624+0000] {processor.py:840} INFO - DAG(s) 'example_kubernetes_executor' retrieved from /home/airflow/.local/lib/python3.12/site-packages/airflow/example_dags/example_kubernetes_executor.py
[2026-09-22T16:35:54.694+0000] {logging_mixin.py:188} INFO - [2026-09-22T16:35:54.694+0000] {dag.py:3089} INFO - Sync 1 DAGs
[2026-09-22T16:35:54.713+0000] {logging_mixin.py:188} INFO - [2026-09-22T16:35:54.713+0000] {dag.py:3947} INFO - Setting next_dagrun for example_kubernetes_executor to None, run_after=None
[2026-09-22T16:35:54.792+0000] {processor.py:183} INFO - Processing /home/airflow/.local/lib/python3.12/site-packages/airflow/example_dags/example_kubernetes_executor.py took 0.206 seconds
[2026-09-22T16:36:25.239+0000] {processor.py:161} INFO - Started process (PID=2015) to work on /home/airflow/.local/lib/python3.12/site-packages/airflow/example_dags/example_kubernetes_executor.py
[2026-09-22T16:36:25.241+0000] {processor.py:830} INFO - Processing file /home/airflow/.local/lib/python3.12/site-packages/airflow/example_dags/example_kubernetes_executor.py for tasks to queue
[2026-09-22T16:36:25.244+0000] {logging_mixin.py:188} INFO - [2026-09-22T16:36:25.243+0000] {dagbag.py:545} INFO - Filling up the DagBag from /home/airflow/.local/lib/python3.12/site-packages/airflow/example_dags/example_kubernetes_executor.py
[2026-09-22T16:36:25.272+0000] {processor.py:840} INFO - DAG(s) 'example_kubernetes_executor' retrieved from /home/airflow/.local/lib/python3.12/site-packages/airflow/example_dags/example_kubernetes_executor.py
[2026-09-22T16:36:25.375+0000] {logging_mixin.py:188} INFO - [2026-09-22T16:36:25.374+0000] {dag.py:3089} INFO - Sync 1 DAGs
[2026-09-22T16:36:25.409+0000] {logging_mixin.py:188} INFO - [2026-09-22T16:36:25.408+0000] {dag.py:3947} INFO - Setting next_dagrun for example_kubernetes_executor to None, run_after=None
[2026-09-22T16:36:25.445+0000] {processor.py:183} INFO - Processing /home/airflow/.local/lib/python3.12/site-packages/airflow/example_dags/example_kubernetes_executor.py took 0.214 seconds
[2026-09-22T16:36:55.890+0000] {processor.py:161} INFO - Started process (PID=2073) to work on /home/airflow/.local/lib/python3.12/site-packages/airflow/example_dags/example_kubernetes_executor.py
[2026-09-22T16:36:55.893+0000] {processor.py:830} INFO - Processing file /home/airflow/.local/lib/python3.12/site-packages/airflow/example_dags/example_kubernetes_executor.py for tasks to queue
[2026-09-22T16:36:55.904+0000] {logging_mixin.py:188} INFO - [2026-09-22T16:36:55.903+0000] {dagbag.py:545} INFO - Filling up the DagBag from /home/airflow/.local/lib/python3.12/site-packages/airflow/example_dags/example_kubernetes_executor.py
[2026-09-22T16:36:55.928+0000] {processor.py:840} INFO - DAG(s) 'example_kubernetes_executor' retrieved from /home/airflow/.local/lib/python3.12/site-packages/airflow/example_dags/example_kubernetes_executor.py
[2026-09-22T16:36:56.020+0000] {logging_mixin.py:188} INFO - [2026-09-22T16:36:56.020+0000] {dag.py:3089} INFO - Sync 1 DAGs
[2026-09-22T16:36:56.230+0000] {logging_mixin.py:188} INFO - [2026-09-22T16:36:56.230+0000] {dag.py:3947} INFO - Setting next_dagrun for example_kubernetes_executor to None, run_after=None
[2026-09-22T16:36:56.303+0000] {processor.py:183} INFO - Processing /home/airflow/.local/lib/python3.12/site-packages/airflow/example_dags/example_kubernetes_executor.py took 0.424 seconds
[2026-09-22T16:37:26.535+0000] {processor.py:161} INFO - Started process (PID=2131) to work on /home/airflow/.local/lib/python3.12/site-packages/airflow/example_dags/example_kubernetes_executor.py
[2026-09-22T16:37:26.537+0000] {processor.py:830} INFO - Processing file /home/airflow/.local/lib/python3.12/site-packages/airflow/example_dags/example_kubernetes_executor.py for tasks to queue
[2026-09-22T16:37:26.540+0000] {logging_mixin.py:188} INFO - [2026-09-22T16:37:26.539+0000] {dagbag.py:545} INFO - Filling up the DagBag from /home/airflow/.local/lib/python3.12/site-packages/airflow/example_dags/example_kubernetes_executor.py
[2026-09-22T16:37:26.559+0000] {processor.py:840} INFO - DAG(s) 'example_kubernetes_executor' retrieved from /home/airflow/.local/lib/python3.12/site-packages/airflow/example_dags/example_kubernetes_executor.py
[2026-09-22T16:37:26.605+0000] {logging_mixin.py:188} INFO - [2026-09-22T16:37:26.604+0000] {dag.py:3089} INFO - Sync 1 DAGs
[2026-09-22T16:37:26.621+0000] {logging_mixin.py:188} INFO - [2026-09-22T16:37:26.621+0000] {dag.py:3947} INFO - Setting next_dagrun for example_kubernetes_executor to None, run_after=None
[2026-09-22T16:37:26.657+0000] {processor.py:183} INFO - Processing /home/airflow/.local/lib/python3.12/site-packages/airflow/example_dags/example_kubernetes_executor.py took 0.130 seconds
[2026-09-22T16:37:56.727+0000] {processor.py:161} INFO - Started process (PID=2189) to work on /home/airflow/.local/lib/python3.12/site-packages/airflow/example_dags/example_kubernetes_executor.py
[2026-09-22T16:37:56.729+0000] {processor.py:830} INFO - Processing file /home/airflow/.local/lib/python3.12/site-packages/airflow/example_dags/example_kubernetes_executor.py for tasks to queue
[2026-09-22T16:37:56.731+0000] {logging_mixin.py:188} INFO - [2026-09-22T16:37:56.731+0000] {dagbag.py:545} INFO - Filling up the DagBag from /home/airflow/.local/lib/python3.12/site-packages/airflow/example_dags/example_kubernetes_executor.py
[2026-09-22T16:37:56.746+0000] {processor.py:840} INFO - DAG(s) 'example_kubernetes_executor' retrieved from /home/airflow/.local/lib/python3.12/site-packages/airflow/example_dags/example_kubernetes_executor.py
[2026-09-22T16:37:56.806+0000] {logging_mixin.py:188} INFO - [2026-09-22T16:37:56.805+0000] {dag.py:3089} INFO - Sync 1 DAGs
[2026-09-22T16:37:56.831+0000] {logging_mixin.py:188} INFO - [2026-09-22T16:37:56.830+0000] {dag.py:3947} INFO - Setting next_dagrun for example_kubernetes_executor to None, run_after=None
[2026-09-22T16:37:56.888+0000] {processor.py:183} INFO - Processing /home/airflow/.local/lib/python3.12/site-packages/airflow/example_dags/example_kubernetes_executor.py took 0.168 seconds
[2026-09-22T16:38:28.687+0000] {processor.py:161} INFO - Started process (PID=2247) to work on /home/airflow/.local/lib/python3.12/site-packages/airflow/example_dags/example_kubernetes_executor.py
[2026-09-22T16:38:28.689+0000] {processor.py:830} INFO - Processing file /home/airflow/.local/lib/python3.12/site-packages/airflow/example_dags/example_kubernetes_executor.py for tasks to queue
[2026-09-22T16:38:28.694+0000] {logging_mixin.py:188} INFO - [2026-09-22T16:38:28.693+0000] {dagbag.py:545} INFO - Filling up the DagBag from /home/airflow/.local/lib/python3.12/site-packages/airflow/example_dags/example_kubernetes_executor.py
[2026-09-22T16:38:28.719+0000] {processor.py:840} INFO - DAG(s) 'example_kubernetes_executor' retrieved from /home/airflow/.local/lib/python3.12/site-packages/airflow/example_dags/example_kubernetes_executor.py
[2026-09-22T16:38:28.951+0000] {logging_mixin.py:188} INFO - [2026-09-22T16:38:28.951+0000] {dag.py:3089} INFO - Sync 1 DAGs
[2026-09-22T16:38:28.963+0000] {logging_mixin.py:188} INFO - [2026-09-22T16:38:28.963+0000] {dag.py:3947} INFO - Setting next_dagrun for example_kubernetes_executor to None, run_after=None
[2026-09-22T16:38:29.054+0000] {processor.py:183} INFO - Processing /home/airflow/.local/lib/python3.12/site-packages/airflow/example_dags/example_kubernetes_executor.py took 0.376 seconds
[2026-09-22T16:41:51.541+0000] {processor.py:161} INFO - Started process (PID=104) to work on /home/airflow/.local/lib/python3.12/site-packages/airflow/example_dags/example_kubernetes_executor.py
[2026-09-22T16:41:51.544+0000] {processor.py:830} INFO - Processing file /home/airflow/.local/lib/python3.12/site-packages/airflow/example_dags/example_kubernetes_executor.py for tasks to queue
[2026-09-22T16:41:51.547+0000] {logging_mixin.py:188} INFO - [2026-09-22T16:41:51.546+0000] {dagbag.py:545} INFO - Filling up the DagBag from /home/airflow/.local/lib/python3.12/site-packages/airflow/example_dags/example_kubernetes_executor.py
[2026-09-22T16:41:51.569+0000] {processor.py:840} INFO - DAG(s) 'example_kubernetes_executor' retrieved from /home/airflow/.local/lib/python3.12/site-packages/airflow/example_dags/example_kubernetes_executor.py
[2026-09-22T16:41:51.798+0000] {logging_mixin.py:188} INFO - [2026-09-22T16:41:51.798+0000] {dag.py:3089} INFO - Sync 1 DAGs
[2026-09-22T16:41:51.835+0000] {logging_mixin.py:188} INFO - [2026-09-22T16:41:51.835+0000] {dag.py:3947} INFO - Setting next_dagrun for example_kubernetes_executor to None, run_after=None
[2026-09-22T16:41:51.888+0000] {processor.py:183} INFO - Processing /home/airflow/.local/lib/python3.12/site-packages/airflow/example_dags/example_kubernetes_executor.py took 0.357 seconds
[2026-09-22T16:42:22.434+0000] {processor.py:161} INFO - Started process (PID=162) to work on /home/airflow/.local/lib/python3.12/site-packages/airflow/example_dags/example_kubernetes_executor.py
[2026-09-22T16:42:22.436+0000] {processor.py:830} INFO - Processing file /home/airflow/.local/lib/python3.12/site-packages/airflow/example_dags/example_kubernetes_executor.py for tasks to queue
[2026-09-22T16:42:22.439+0000] {logging_mixin.py:188} INFO - [2026-09-22T16:42:22.438+0000] {dagbag.py:545} INFO - Filling up the DagBag from /home/airflow/.local/lib/python3.12/site-packages/airflow/example_dags/example_kubernetes_executor.py
[2026-09-22T16:42:22.456+0000] {processor.py:840} INFO - DAG(s) 'example_kubernetes_executor' retrieved from /home/airflow/.local/lib/python3.12/site-packages/airflow/example_dags/example_kubernetes_executor.py
[2026-09-22T16:42:22.515+0000] {logging_mixin.py:188} INFO - [2026-09-22T16:42:22.514+0000] {dag.py:3089} INFO - Sync 1 DAGs
[2026-09-22T16:42:22.540+0000] {logging_mixin.py:188} INFO - [2026-09-22T16:42:22.539+0000] {dag.py:3947} INFO - Setting next_dagrun for example_kubernetes_executor to None, run_after=None
[2026-09-22T16:42:22.650+0000] {processor.py:183} INFO - Processing /home/airflow/.local/lib/python3.12/site-packages/airflow/example_dags/example_kubernetes_executor.py took 0.226 seconds
[2026-09-22T16:43:51.831+0000] {processor.py:161} INFO - Started process (PID=104) to work on /home/airflow/.local/lib/python3.12/site-packages/airflow/example_dags/example_kubernetes_executor.py
[2026-09-22T16:43:51.833+0000] {processor.py:830} INFO - Processing file /home/airflow/.local/lib/python3.12/site-packages/airflow/example_dags/example_kubernetes_executor.py for tasks to queue
[2026-09-22T16:43:51.838+0000] {logging_mixin.py:188} INFO - [2026-09-22T16:43:51.837+0000] {dagbag.py:545} INFO - Filling up the DagBag from /home/airflow/.local/lib/python3.12/site-packages/airflow/example_dags/example_kubernetes_executor.py
[2026-09-22T16:43:51.860+0000] {processor.py:840} INFO - DAG(s) 'example_kubernetes_executor' retrieved from /home/airflow/.local/lib/python3.12/site-packages/airflow/example_dags/example_kubernetes_executor.py
[2026-09-22T16:43:52.039+0000] {logging_mixin.py:188} INFO - [2026-09-22T16:43:52.039+0000] {dag.py:3089} INFO - Sync 1 DAGs
[2026-09-22T16:43:52.054+0000] {logging_mixin.py:188} INFO - [2026-09-22T16:43:52.054+0000] {dag.py:3947} INFO - Setting next_dagrun for example_kubernetes_executor to None, run_after=None
[2026-09-22T16:43:52.088+0000] {processor.py:183} INFO - Processing /home/airflow/.local/lib/python3.12/site-packages/airflow/example_dags/example_kubernetes_executor.py took 0.266 seconds
[2026-09-22T16:44:22.274+0000] {processor.py:161} INFO - Started process (PID=167) to work on /home/airflow/.local/lib/python3.12/site-packages/airflow/example_dags/example_kubernetes_executor.py
[2026-09-22T16:44:22.276+0000] {processor.py:830} INFO - Processing file /home/airflow/.local/lib/python3.12/site-packages/airflow/example_dags/example_kubernetes_executor.py for tasks to queue
[2026-09-22T16:44:22.280+0000] {logging_mixin.py:188} INFO - [2026-09-22T16:44:22.279+0000] {dagbag.py:545} INFO - Filling up the DagBag from /home/airflow/.local/lib/python3.12/site-packages/airflow/example_dags/example_kubernetes_executor.py
[2026-09-22T16:44:22.302+0000] {processor.py:840} INFO - DAG(s) 'example_kubernetes_executor' retrieved from /home/airflow/.local/lib/python3.12/site-packages/airflow/example_dags/example_kubernetes_executor.py
[2026-09-22T16:44:22.362+0000] {logging_mixin.py:188} INFO - [2026-09-22T16:44:22.362+0000] {dag.py:3089} INFO - Sync 1 DAGs
[2026-09-22T16:44:22.384+0000] {logging_mixin.py:188} INFO - [2026-09-22T16:44:22.383+0000] {dag.py:3947} INFO - Setting next_dagrun for example_kubernetes_executor to None, run_after=None
[2026-09-22T16:44:22.474+0000] {processor.py:183} INFO - Processing /home/airflow/.local/lib/python3.12/site-packages/airflow/example_dags/example_kubernetes_executor.py took 0.210 seconds
[2026-09-22T16:44:52.712+0000] {processor.py:161} INFO - Started process (PID=225) to work on /home/airflow/.local/lib/python3.12/site-packages/airflow/example_dags/example_kubernetes_executor.py
[2026-09-22T16:44:52.714+0000] {processor.py:830} INFO - Processing file /home/airflow/.local/lib/python3.12/site-packages/airflow/example_dags/example_kubernetes_executor.py for tasks to queue
[2026-09-22T16:44:52.718+0000] {logging_mixin.py:188} INFO - [2026-09-22T16:44:52.718+0000] {dagbag.py:545} INFO - Filling up the DagBag from /home/airflow/.local/lib/python3.12/site-packages/airflow/example_dags/example_kubernetes_executor.py
[2026-09-22T16:44:52.735+0000] {processor.py:840} INFO - DAG(s) 'example_kubernetes_executor' retrieved from /home/airflow/.local/lib/python3.12/site-packages/airflow/example_dags/example_kubernetes_executor.py
[2026-09-22T16:44:52.779+0000] {logging_mixin.py:188} INFO - [2026-09-22T16:44:52.779+0000] {dag.py:3089} INFO - Sync 1 DAGs
[2026-09-22T16:44:52.799+0000] {logging_mixin.py:188} INFO - [2026-09-22T16:44:52.799+0000] {dag.py:3947} INFO - Setting next_dagrun for example_kubernetes_executor to None, run_after=None
[2026-09-22T16:44:52.875+0000] {processor.py:183} INFO - Processing /home/airflow/.local/lib/python3.12/site-packages/airflow/example_dags/example_kubernetes_executor.py took 0.172 seconds
[2026-09-22T16:45:23.167+0000] {processor.py:161} INFO - Started process (PID=283) to work on /home/airflow/.local/lib/python3.12/site-packages/airflow/example_dags/example_kubernetes_executor.py
[2026-09-22T16:45:23.169+0000] {processor.py:830} INFO - Processing file /home/airflow/.local/lib/python3.12/site-packages/airflow/example_dags/example_kubernetes_executor.py for tasks to queue
[2026-09-22T16:45:23.171+0000] {logging_mixin.py:188} INFO - [2026-09-22T16:45:23.171+0000] {dagbag.py:545} INFO - Filling up the DagBag from /home/airflow/.local/lib/python3.12/site-packages/airflow/example_dags/example_kubernetes_executor.py
[2026-09-22T16:45:23.190+0000] {processor.py:840} INFO - DAG(s) 'example_kubernetes_executor' retrieved from /home/airflow/.local/lib/python3.12/site-packages/airflow/example_dags/example_kubernetes_executor.py
[2026-09-22T16:45:23.244+0000] {logging_mixin.py:188} INFO - [2026-09-22T16:45:23.243+0000] {dag.py:3089} INFO - Sync 1 DAGs
[2026-09-22T16:45:23.261+0000] {logging_mixin.py:188} INFO - [2026-09-22T16:45:23.260+0000] {dag.py:3947} INFO - Setting next_dagrun for example_kubernetes_executor to None, run_after=None
[2026-09-22T16:45:23.311+0000] {processor.py:183} INFO - Processing /home/airflow/.local/lib/python3.12/site-packages/airflow/example_dags/example_kubernetes_executor.py took 0.153 seconds
[2026-09-22T16:45:53.697+0000] {processor.py:161} INFO - Started process (PID=341) to work on /home/airflow/.local/lib/python3.12/site-packages/airflow/example_dags/example_kubernetes_executor.py
[2026-09-22T16:45:53.699+0000] {processor.py:830} INFO - Processing file /home/airflow/.local/lib/python3.12/site-packages/airflow/example_dags/example_kubernetes_executor.py for tasks to queue
[2026-09-22T16:45:53.702+0000] {logging_mixin.py:188} INFO - [2026-09-22T16:45:53.701+0000] {dagbag.py:545} INFO - Filling up the DagBag from /home/airflow/.local/lib/python3.12/site-packages/airflow/example_dags/example_kubernetes_executor.py
[2026-09-22T16:45:53.722+0000] {processor.py:840} INFO - DAG(s) 'example_kubernetes_executor' retrieved from /home/airflow/.local/lib/python3.12/site-packages/airflow/example_dags/example_kubernetes_executor.py
[2026-09-22T16:45:53.788+0000] {logging_mixin.py:188} INFO - [2026-09-22T16:45:53.788+0000] {dag.py:3089} INFO - Sync 1 DAGs
[2026-09-22T16:45:53.820+0000] {logging_mixin.py:188} INFO - [2026-09-22T16:45:53.819+0000] {dag.py:3947} INFO - Setting next_dagrun for example_kubernetes_executor to None, run_after=None
[2026-09-22T16:45:53.869+0000] {processor.py:183} INFO - Processing /home/airflow/.local/lib/python3.12/site-packages/airflow/example_dags/example_kubernetes_executor.py took 0.181 seconds
[2026-09-22T16:46:24.121+0000] {processor.py:161} INFO - Started process (PID=399) to work on /home/airflow/.local/lib/python3.12/site-packages/airflow/example_dags/example_kubernetes_executor.py
[2026-09-22T16:46:24.123+0000] {processor.py:830} INFO - Processing file /home/airflow/.local/lib/python3.12/site-packages/airflow/example_dags/example_kubernetes_executor.py for tasks to queue
[2026-09-22T16:46:24.126+0000] {logging_mixin.py:188} INFO - [2026-09-22T16:46:24.126+0000] {dagbag.py:545} INFO - Filling up the DagBag from /home/airflow/.local/lib/python3.12/site-packages/airflow/example_dags/example_kubernetes_executor.py
[2026-09-22T16:46:24.145+0000] {processor.py:840} INFO - DAG(s) 'example_kubernetes_executor' retrieved from /home/airflow/.local/lib/python3.12/site-packages/airflow/example_dags/example_kubernetes_executor.py
[2026-09-22T16:46:24.238+0000] {logging_mixin.py:188} INFO - [2026-09-22T16:46:24.237+0000] {dag.py:3089} INFO - Sync 1 DAGs
[2026-09-22T16:46:24.253+0000] {logging_mixin.py:188} INFO - [2026-09-22T16:46:24.253+0000] {dag.py:3947} INFO - Setting next_dagrun for example_kubernetes_executor to None, run_after=None
[2026-09-22T16:46:24.280+0000] {processor.py:183} INFO - Processing /home/airflow/.local/lib/python3.12/site-packages/airflow/example_dags/example_kubernetes_executor.py took 0.171 seconds
[2026-09-22T16:46:55.035+0000] {processor.py:161} INFO - Started process (PID=457) to work on /home/airflow/.local/lib/python3.12/site-packages/airflow/example_dags/example_kubernetes_executor.py
[2026-09-22T16:46:55.037+0000] {processor.py:830} INFO - Processing file /home/airflow/.local/lib/python3.12/site-packages/airflow/example_dags/example_kubernetes_executor.py for tasks to queue
[2026-09-22T16:46:55.041+0000] {logging_mixin.py:188} INFO - [2026-09-22T16:46:55.040+0000] {dagbag.py:545} INFO - Filling up the DagBag from /home/airflow/.local/lib/python3.12/site-packages/airflow/example_dags/example_kubernetes_executor.py
[2026-09-22T16:46:55.061+0000] {processor.py:840} INFO - DAG(s) 'example_kubernetes_executor' retrieved from /home/airflow/.local/lib/python3.12/site-packages/airflow/example_dags/example_kubernetes_executor.py
[2026-09-22T16:46:55.138+0000] {logging_mixin.py:188} INFO - [2026-09-22T16:46:55.137+0000] {dag.py:3089} INFO - Sync 1 DAGs
[2026-09-22T16:46:55.165+0000] {logging_mixin.py:188} INFO - [2026-09-22T16:46:55.164+0000] {dag.py:3947} INFO - Setting next_dagrun for example_kubernetes_executor to None, run_after=None
[2026-09-22T16:46:55.254+0000] {processor.py:183} INFO - Processing /home/airflow/.local/lib/python3.12/site-packages/airflow/example_dags/example_kubernetes_executor.py took 0.230 seconds
[2026-09-22T16:47:26.592+0000] {processor.py:161} INFO - Started process (PID=515) to work on /home/airflow/.local/lib/python3.12/site-packages/airflow/example_dags/example_kubernetes_executor.py
[2026-09-22T16:47:26.593+0000] {processor.py:830} INFO - Processing file /home/airflow/.local/lib/python3.12/site-packages/airflow/example_dags/example_kubernetes_executor.py for tasks to queue
[2026-09-22T16:47:26.597+0000] {logging_mixin.py:188} INFO - [2026-09-22T16:47:26.596+0000] {dagbag.py:545} INFO - Filling up the DagBag from /home/airflow/.local/lib/python3.12/site-packages/airflow/example_dags/example_kubernetes_executor.py
[2026-09-22T16:47:26.618+0000] {processor.py:840} INFO - DAG(s) 'example_kubernetes_executor' retrieved from /home/airflow/.local/lib/python3.12/site-packages/airflow/example_dags/example_kubernetes_executor.py
[2026-09-22T16:47:26.675+0000] {logging_mixin.py:188} INFO - [2026-09-22T16:47:26.674+0000] {dag.py:3089} INFO - Sync 1 DAGs
[2026-09-22T16:47:26.705+0000] {logging_mixin.py:188} INFO - [2026-09-22T16:47:26.704+0000] {dag.py:3947} INFO - Setting next_dagrun for example_kubernetes_executor to None, run_after=None
[2026-09-22T16:47:26.774+0000] {processor.py:183} INFO - Processing /home/airflow/.local/lib/python3.12/site-packages/airflow/example_dags/example_kubernetes_executor.py took 0.190 seconds
[2026-09-22T16:47:57.069+0000] {processor.py:161} INFO - Started process (PID=574) to work on /home/airflow/.local/lib/python3.12/site-packages/airflow/example_dags/example_kubernetes_executor.py
[2026-09-22T16:47:57.071+0000] {processor.py:830} INFO - Processing file /home/airflow/.local/lib/python3.12/site-packages/airflow/example_dags/example_kubernetes_executor.py for tasks to queue
[2026-09-22T16:47:57.074+0000] {logging_mixin.py:188} INFO - [2026-09-22T16:47:57.073+0000] {dagbag.py:545} INFO - Filling up the DagBag from /home/airflow/.local/lib/python3.12/site-packages/airflow/example_dags/example_kubernetes_executor.py
[2026-09-22T16:47:57.096+0000] {processor.py:840} INFO - DAG(s) 'example_kubernetes_executor' retrieved from /home/airflow/.local/lib/python3.12/site-packages/airflow/example_dags/example_kubernetes_executor.py
[2026-09-22T16:47:57.174+0000] {logging_mixin.py:188} INFO - [2026-09-22T16:47:57.174+0000] {dag.py:3089} INFO - Sync 1 DAGs
[2026-09-22T16:47:57.206+0000] {logging_mixin.py:188} INFO - [2026-09-22T16:47:57.206+0000] {dag.py:3947} INFO - Setting next_dagrun for example_kubernetes_executor to None, run_after=None
[2026-09-22T16:47:57.314+0000] {processor.py:183} INFO - Processing /home/airflow/.local/lib/python3.12/site-packages/airflow/example_dags/example_kubernetes_executor.py took 0.255 seconds
[2026-09-22T16:48:27.600+0000] {processor.py:161} INFO - Started process (PID=632) to work on /home/airflow/.local/lib/python3.12/site-packages/airflow/example_dags/example_kubernetes_executor.py
[2026-09-22T16:48:27.601+0000] {processor.py:830} INFO - Processing file /home/airflow/.local/lib/python3.12/site-packages/airflow/example_dags/example_kubernetes_executor.py for tasks to queue
[2026-09-22T16:48:27.604+0000] {logging_mixin.py:188} INFO - [2026-09-22T16:48:27.603+0000] {dagbag.py:545} INFO - Filling up the DagBag from /home/airflow/.local/lib/python3.12/site-packages/airflow/example_dags/example_kubernetes_executor.py
[2026-09-22T16:48:27.622+0000] {processor.py:840} INFO - DAG(s) 'example_kubernetes_executor' retrieved from /home/airflow/.local/lib/python3.12/site-packages/airflow/example_dags/example_kubernetes_executor.py
[2026-09-22T16:48:27.688+0000] {logging_mixin.py:188} INFO - [2026-09-22T16:48:27.687+0000] {dag.py:3089} INFO - Sync 1 DAGs
[2026-09-22T16:48:27.714+0000] {logging_mixin.py:188} INFO - [2026-09-22T16:48:27.714+0000] {dag.py:3947} INFO - Setting next_dagrun for example_kubernetes_executor to None, run_after=None
[2026-09-22T16:48:27.810+0000] {processor.py:183} INFO - Processing /home/airflow/.local/lib/python3.12/site-packages/airflow/example_dags/example_kubernetes_executor.py took 0.220 seconds
[2026-09-22T16:48:58.469+0000] {processor.py:161} INFO - Started process (PID=690) to work on /home/airflow/.local/lib/python3.12/site-packages/airflow/example_dags/example_kubernetes_executor.py
[2026-09-22T16:48:58.472+0000] {processor.py:830} INFO - Processing file /home/airflow/.local/lib/python3.12/site-packages/airflow/example_dags/example_kubernetes_executor.py for tasks to queue
[2026-09-22T16:48:58.475+0000] {logging_mixin.py:188} INFO - [2026-09-22T16:48:58.475+0000] {dagbag.py:545} INFO - Filling up the DagBag from /home/airflow/.local/lib/python3.12/site-packages/airflow/example_dags/example_kubernetes_executor.py
[2026-09-22T16:48:58.494+0000] {processor.py:840} INFO - DAG(s) 'example_kubernetes_executor' retrieved from /home/airflow/.local/lib/python3.12/site-packages/airflow/example_dags/example_kubernetes_executor.py
[2026-09-22T16:48:58.551+0000] {logging_mixin.py:188} INFO - [2026-09-22T16:48:58.550+0000] {dag.py:3089} INFO - Sync 1 DAGs
[2026-09-22T16:48:58.572+0000] {logging_mixin.py:188} INFO - [2026-09-22T16:48:58.571+0000] {dag.py:3947} INFO - Setting next_dagrun for example_kubernetes_executor to None, run_after=None
[2026-09-22T16:48:58.647+0000] {processor.py:183} INFO - Processing /home/airflow/.local/lib/python3.12/site-packages/airflow/example_dags/example_kubernetes_executor.py took 0.188 seconds
[2026-09-22T16:49:29.923+0000] {processor.py:161} INFO - Started process (PID=749) to work on /home/airflow/.local/lib/python3.12/site-packages/airflow/example_dags/example_kubernetes_executor.py
[2026-09-22T16:49:29.925+0000] {processor.py:830} INFO - Processing file /home/airflow/.local/lib/python3.12/site-packages/airflow/example_dags/example_kubernetes_executor.py for tasks to queue
[2026-09-22T16:49:29.928+0000] {logging_mixin.py:188} INFO - [2026-09-22T16:49:29.928+0000] {dagbag.py:545} INFO - Filling up the DagBag from /home/airflow/.local/lib/python3.12/site-packages/airflow/example_dags/example_kubernetes_executor.py
[2026-09-22T16:49:29.947+0000] {processor.py:840} INFO - DAG(s) 'example_kubernetes_executor' retrieved from /home/airflow/.local/lib/python3.12/site-packages/airflow/example_dags/example_kubernetes_executor.py
[2026-09-22T16:49:30.016+0000] {logging_mixin.py:188} INFO - [2026-09-22T16:49:30.015+0000] {dag.py:3089} INFO - Sync 1 DAGs
[2026-09-22T16:49:30.042+0000] {logging_mixin.py:188} INFO - [2026-09-22T16:49:30.042+0000] {dag.py:3947} INFO - Setting next_dagrun for example_kubernetes_executor to None, run_after=None
[2026-09-22T16:49:30.079+0000] {processor.py:183} INFO - Processing /home/airflow/.local/lib/python3.12/site-packages/airflow/example_dags/example_kubernetes_executor.py took 0.167 seconds
[2026-09-22T16:50:00.653+0000] {processor.py:161} INFO - Started process (PID=807) to work on /home/airflow/.local/lib/python3.12/site-packages/airflow/example_dags/example_kubernetes_executor.py
[2026-09-22T16:50:00.655+0000] {processor.py:830} INFO - Processing file /home/airflow/.local/lib/python3.12/site-packages/airflow/example_dags/example_kubernetes_executor.py for tasks to queue
[2026-09-22T16:50:00.659+0000] {logging_mixin.py:188} INFO - [2026-09-22T16:50:00.659+0000] {dagbag.py:545} INFO - Filling up the DagBag from /home/airflow/.local/lib/python3.12/site-packages/airflow/example_dags/example_kubernetes_executor.py
[2026-09-22T16:50:00.684+0000] {processor.py:840} INFO - DAG(s) 'example_kubernetes_executor' retrieved from /home/airflow/.local/lib/python3.12/site-packages/airflow/example_dags/example_kubernetes_executor.py
[2026-09-22T16:50:00.760+0000] {logging_mixin.py:188} INFO - [2026-09-22T16:50:00.759+0000] {dag.py:3089} INFO - Sync 1 DAGs
[2026-09-22T16:50:00.783+0000] {logging_mixin.py:188} INFO - [2026-09-22T16:50:00.782+0000] {dag.py:3947} INFO - Setting next_dagrun for example_kubernetes_executor to None, run_after=None
[2026-09-22T16:50:00.882+0000] {processor.py:183} INFO - Processing /home/airflow/.local/lib/python3.12/site-packages/airflow/example_dags/example_kubernetes_executor.py took 0.244 seconds
[2026-09-22T16:50:31.726+0000] {processor.py:161} INFO - Started process (PID=866) to work on /home/airflow/.local/lib/python3.12/site-packages/airflow/example_dags/example_kubernetes_executor.py
[2026-09-22T16:50:31.728+0000] {processor.py:830} INFO - Processing file /home/airflow/.local/lib/python3.12/site-packages/airflow/example_dags/example_kubernetes_executor.py for tasks to queue
[2026-09-22T16:50:31.732+0000] {logging_mixin.py:188} INFO - [2026-09-22T16:50:31.731+0000] {dagbag.py:545} INFO - Filling up the DagBag from /home/airflow/.local/lib/python3.12/site-packages/airflow/example_dags/example_kubernetes_executor.py
[2026-09-22T16:50:31.751+0000] {processor.py:840} INFO - DAG(s) 'example_kubernetes_executor' retrieved from /home/airflow/.local/lib/python3.12/site-packages/airflow/example_dags/example_kubernetes_executor.py
[2026-09-22T16:50:31.816+0000] {logging_mixin.py:188} INFO - [2026-09-22T16:50:31.816+0000] {dag.py:3089} INFO - Sync 1 DAGs
[2026-09-22T16:50:31.839+0000] {logging_mixin.py:188} INFO - [2026-09-22T16:50:31.839+0000] {dag.py:3947} INFO - Setting next_dagrun for example_kubernetes_executor to None, run_after=None
[2026-09-22T16:50:31.917+0000] {processor.py:183} INFO - Processing /home/airflow/.local/lib/python3.12/site-packages/airflow/example_dags/example_kubernetes_executor.py took 0.198 seconds
[2026-09-22T16:51:02.867+0000] {processor.py:161} INFO - Started process (PID=924) to work on /home/airflow/.local/lib/python3.12/site-packages/airflow/example_dags/example_kubernetes_executor.py
[2026-09-22T16:51:02.869+0000] {processor.py:830} INFO - Processing file /home/airflow/.local/lib/python3.12/site-packages/airflow/example_dags/example_kubernetes_executor.py for tasks to queue
[2026-09-22T16:51:02.876+0000] {logging_mixin.py:188} INFO - [2026-09-22T16:51:02.873+0000] {dagbag.py:545} INFO - Filling up the DagBag from /home/airflow/.local/lib/python3.12/site-packages/airflow/example_dags/example_kubernetes_executor.py
[2026-09-22T16:51:02.905+0000] {processor.py:840} INFO - DAG(s) 'example_kubernetes_executor' retrieved from /home/airflow/.local/lib/python3.12/site-packages/airflow/example_dags/example_kubernetes_executor.py
[2026-09-22T16:51:02.983+0000] {logging_mixin.py:188} INFO - [2026-09-22T16:51:02.982+0000] {dag.py:3089} INFO - Sync 1 DAGs
[2026-09-22T16:51:03.009+0000] {logging_mixin.py:188} INFO - [2026-09-22T16:51:03.008+0000] {dag.py:3947} INFO - Setting next_dagrun for example_kubernetes_executor to None, run_after=None
[2026-09-22T16:51:03.088+0000] {processor.py:183} INFO - Processing /home/airflow/.local/lib/python3.12/site-packages/airflow/example_dags/example_kubernetes_executor.py took 0.234 seconds
[2026-09-22T16:51:33.984+0000] {processor.py:161} INFO - Started process (PID=982) to work on /home/airflow/.local/lib/python3.12/site-packages/airflow/example_dags/example_kubernetes_executor.py
[2026-09-22T16:51:33.989+0000] {processor.py:830} INFO - Processing file /home/airflow/.local/lib/python3.12/site-packages/airflow/example_dags/example_kubernetes_executor.py for tasks to queue
[2026-09-22T16:51:33.994+0000] {logging_mixin.py:188} INFO - [2026-09-22T16:51:33.993+0000] {dagbag.py:545} INFO - Filling up the DagBag from /home/airflow/.local/lib/python3.12/site-packages/airflow/example_dags/example_kubernetes_executor.py
[2026-09-22T16:51:34.023+0000] {processor.py:840} INFO - DAG(s) 'example_kubernetes_executor' retrieved from /home/airflow/.local/lib/python3.12/site-packages/airflow/example_dags/example_kubernetes_executor.py
[2026-09-22T16:51:34.111+0000] {logging_mixin.py:188} INFO - [2026-09-22T16:51:34.111+0000] {dag.py:3089} INFO - Sync 1 DAGs
[2026-09-22T16:51:34.139+0000] {logging_mixin.py:188} INFO - [2026-09-22T16:51:34.138+0000] {dag.py:3947} INFO - Setting next_dagrun for example_kubernetes_executor to None, run_after=None
[2026-09-22T16:51:34.175+0000] {processor.py:183} INFO - Processing /home/airflow/.local/lib/python3.12/site-packages/airflow/example_dags/example_kubernetes_executor.py took 0.205 seconds
[2026-09-22T16:52:24.550+0000] {processor.py:161} INFO - Started process (PID=1031) to work on /home/airflow/.local/lib/python3.12/site-packages/airflow/example_dags/example_kubernetes_executor.py
[2026-09-22T16:52:24.555+0000] {processor.py:830} INFO - Processing file /home/airflow/.local/lib/python3.12/site-packages/airflow/example_dags/example_kubernetes_executor.py for tasks to queue
[2026-09-22T16:52:24.557+0000] {logging_mixin.py:188} INFO - [2026-09-22T16:52:24.557+0000] {dagbag.py:545} INFO - Filling up the DagBag from /home/airflow/.local/lib/python3.12/site-packages/airflow/example_dags/example_kubernetes_executor.py
[2026-09-22T16:52:24.577+0000] {processor.py:840} INFO - DAG(s) 'example_kubernetes_executor' retrieved from /home/airflow/.local/lib/python3.12/site-packages/airflow/example_dags/example_kubernetes_executor.py
[2026-09-22T16:52:24.648+0000] {logging_mixin.py:188} INFO - [2026-09-22T16:52:24.646+0000] {dag.py:3089} INFO - Sync 1 DAGs
[2026-09-22T16:52:24.679+0000] {logging_mixin.py:188} INFO - [2026-09-22T16:52:24.679+0000] {dag.py:3947} INFO - Setting next_dagrun for example_kubernetes_executor to None, run_after=None
[2026-09-22T16:52:24.729+0000] {processor.py:183} INFO - Processing /home/airflow/.local/lib/python3.12/site-packages/airflow/example_dags/example_kubernetes_executor.py took 0.188 seconds
[2026-09-22T16:52:55.523+0000] {processor.py:161} INFO - Started process (PID=1095) to work on /home/airflow/.local/lib/python3.12/site-packages/airflow/example_dags/example_kubernetes_executor.py
[2026-09-22T16:52:55.528+0000] {processor.py:830} INFO - Processing file /home/airflow/.local/lib/python3.12/site-packages/airflow/example_dags/example_kubernetes_executor.py for tasks to queue
[2026-09-22T16:52:55.530+0000] {logging_mixin.py:188} INFO - [2026-09-22T16:52:55.529+0000] {dagbag.py:545} INFO - Filling up the DagBag from /home/airflow/.local/lib/python3.12/site-packages/airflow/example_dags/example_kubernetes_executor.py
[2026-09-22T16:52:55.542+0000] {processor.py:840} INFO - DAG(s) 'example_kubernetes_executor' retrieved from /home/airflow/.local/lib/python3.12/site-packages/airflow/example_dags/example_kubernetes_executor.py
[2026-09-22T16:52:55.581+0000] {logging_mixin.py:188} INFO - [2026-09-22T16:52:55.581+0000] {dag.py:3089} INFO - Sync 1 DAGs
[2026-09-22T16:52:55.597+0000] {logging_mixin.py:188} INFO - [2026-09-22T16:52:55.597+0000] {dag.py:3947} INFO - Setting next_dagrun for example_kubernetes_executor to None, run_after=None
[2026-09-22T16:52:55.624+0000] {processor.py:183} INFO - Processing /home/airflow/.local/lib/python3.12/site-packages/airflow/example_dags/example_kubernetes_executor.py took 0.109 seconds
[2026-09-22T16:53:25.791+0000] {processor.py:161} INFO - Started process (PID=1153) to work on /home/airflow/.local/lib/python3.12/site-packages/airflow/example_dags/example_kubernetes_executor.py
[2026-09-22T16:53:25.792+0000] {processor.py:830} INFO - Processing file /home/airflow/.local/lib/python3.12/site-packages/airflow/example_dags/example_kubernetes_executor.py for tasks to queue
[2026-09-22T16:53:25.794+0000] {logging_mixin.py:188} INFO - [2026-09-22T16:53:25.794+0000] {dagbag.py:545} INFO - Filling up the DagBag from /home/airflow/.local/lib/python3.12/site-packages/airflow/example_dags/example_kubernetes_executor.py
[2026-09-22T16:53:25.804+0000] {processor.py:840} INFO - DAG(s) 'example_kubernetes_executor' retrieved from /home/airflow/.local/lib/python3.12/site-packages/airflow/example_dags/example_kubernetes_executor.py
[2026-09-22T16:53:25.839+0000] {logging_mixin.py:188} INFO - [2026-09-22T16:53:25.838+0000] {dag.py:3089} INFO - Sync 1 DAGs
[2026-09-22T16:53:25.850+0000] {logging_mixin.py:188} INFO - [2026-09-22T16:53:25.850+0000] {dag.py:3947} INFO - Setting next_dagrun for example_kubernetes_executor to None, run_after=None
[2026-09-22T16:53:25.871+0000] {processor.py:183} INFO - Processing /home/airflow/.local/lib/python3.12/site-packages/airflow/example_dags/example_kubernetes_executor.py took 0.086 seconds
[2026-09-22T16:53:56.088+0000] {processor.py:161} INFO - Started process (PID=1211) to work on /home/airflow/.local/lib/python3.12/site-packages/airflow/example_dags/example_kubernetes_executor.py
[2026-09-22T16:53:56.089+0000] {processor.py:830} INFO - Processing file /home/airflow/.local/lib/python3.12/site-packages/airflow/example_dags/example_kubernetes_executor.py for tasks to queue
[2026-09-22T16:53:56.092+0000] {logging_mixin.py:188} INFO - [2026-09-22T16:53:56.091+0000] {dagbag.py:545} INFO - Filling up the DagBag from /home/airflow/.local/lib/python3.12/site-packages/airflow/example_dags/example_kubernetes_executor.py
[2026-09-22T16:53:56.105+0000] {processor.py:840} INFO - DAG(s) 'example_kubernetes_executor' retrieved from /home/airflow/.local/lib/python3.12/site-packages/airflow/example_dags/example_kubernetes_executor.py
[2026-09-22T16:53:56.145+0000] {logging_mixin.py:188} INFO - [2026-09-22T16:53:56.144+0000] {dag.py:3089} INFO - Sync 1 DAGs
[2026-09-22T16:53:56.156+0000] {logging_mixin.py:188} INFO - [2026-09-22T16:53:56.156+0000] {dag.py:3947} INFO - Setting next_dagrun for example_kubernetes_executor to None, run_after=None
[2026-09-22T16:53:56.178+0000] {processor.py:183} INFO - Processing /home/airflow/.local/lib/python3.12/site-packages/airflow/example_dags/example_kubernetes_executor.py took 0.096 seconds
[2026-09-22T16:54:26.265+0000] {processor.py:161} INFO - Started process (PID=1269) to work on /home/airflow/.local/lib/python3.12/site-packages/airflow/example_dags/example_kubernetes_executor.py
[2026-09-22T16:54:26.267+0000] {processor.py:830} INFO - Processing file /home/airflow/.local/lib/python3.12/site-packages/airflow/example_dags/example_kubernetes_executor.py for tasks to queue
[2026-09-22T16:54:26.269+0000] {logging_mixin.py:188} INFO - [2026-09-22T16:54:26.269+0000] {dagbag.py:545} INFO - Filling up the DagBag from /home/airflow/.local/lib/python3.12/site-packages/airflow/example_dags/example_kubernetes_executor.py
[2026-09-22T16:54:26.284+0000] {processor.py:840} INFO - DAG(s) 'example_kubernetes_executor' retrieved from /home/airflow/.local/lib/python3.12/site-packages/airflow/example_dags/example_kubernetes_executor.py
[2026-09-22T16:54:26.328+0000] {logging_mixin.py:188} INFO - [2026-09-22T16:54:26.328+0000] {dag.py:3089} INFO - Sync 1 DAGs
[2026-09-22T16:54:26.342+0000] {logging_mixin.py:188} INFO - [2026-09-22T16:54:26.342+0000] {dag.py:3947} INFO - Setting next_dagrun for example_kubernetes_executor to None, run_after=None
[2026-09-22T16:54:26.364+0000] {processor.py:183} INFO - Processing /home/airflow/.local/lib/python3.12/site-packages/airflow/example_dags/example_kubernetes_executor.py took 0.107 seconds
[2026-09-22T16:54:56.739+0000] {processor.py:161} INFO - Started process (PID=1327) to work on /home/airflow/.local/lib/python3.12/site-packages/airflow/example_dags/example_kubernetes_executor.py
[2026-09-22T16:54:56.741+0000] {processor.py:830} INFO - Processing file /home/airflow/.local/lib/python3.12/site-packages/airflow/example_dags/example_kubernetes_executor.py for tasks to queue
[2026-09-22T16:54:56.745+0000] {logging_mixin.py:188} INFO - [2026-09-22T16:54:56.744+0000] {dagbag.py:545} INFO - Filling up the DagBag from /home/airflow/.local/lib/python3.12/site-packages/airflow/example_dags/example_kubernetes_executor.py
[2026-09-22T16:54:56.758+0000] {processor.py:840} INFO - DAG(s) 'example_kubernetes_executor' retrieved from /home/airflow/.local/lib/python3.12/site-packages/airflow/example_dags/example_kubernetes_executor.py
[2026-09-22T16:54:56.795+0000] {logging_mixin.py:188} INFO - [2026-09-22T16:54:56.795+0000] {dag.py:3089} INFO - Sync 1 DAGs
[2026-09-22T16:54:56.806+0000] {logging_mixin.py:188} INFO - [2026-09-22T16:54:56.806+0000] {dag.py:3947} INFO - Setting next_dagrun for example_kubernetes_executor to None, run_after=None
[2026-09-22T16:54:56.835+0000] {processor.py:183} INFO - Processing /home/airflow/.local/lib/python3.12/site-packages/airflow/example_dags/example_kubernetes_executor.py took 0.102 seconds
[2026-09-22T16:55:27.069+0000] {processor.py:161} INFO - Started process (PID=1385) to work on /home/airflow/.local/lib/python3.12/site-packages/airflow/example_dags/example_kubernetes_executor.py
[2026-09-22T16:55:27.070+0000] {processor.py:830} INFO - Processing file /home/airflow/.local/lib/python3.12/site-packages/airflow/example_dags/example_kubernetes_executor.py for tasks to queue
[2026-09-22T16:55:27.074+0000] {logging_mixin.py:188} INFO - [2026-09-22T16:55:27.073+0000] {dagbag.py:545} INFO - Filling up the DagBag from /home/airflow/.local/lib/python3.12/site-packages/airflow/example_dags/example_kubernetes_executor.py
[2026-09-22T16:55:27.084+0000] {processor.py:840} INFO - DAG(s) 'example_kubernetes_executor' retrieved from /home/airflow/.local/lib/python3.12/site-packages/airflow/example_dags/example_kubernetes_executor.py
[2026-09-22T16:55:27.142+0000] {logging_mixin.py:188} INFO - [2026-09-22T16:55:27.141+0000] {dag.py:3089} INFO - Sync 1 DAGs
[2026-09-22T16:55:27.159+0000] {logging_mixin.py:188} INFO - [2026-09-22T16:55:27.159+0000] {dag.py:3947} INFO - Setting next_dagrun for example_kubernetes_executor to None, run_after=None
[2026-09-22T16:55:27.183+0000] {processor.py:183} INFO - Processing /home/airflow/.local/lib/python3.12/site-packages/airflow/example_dags/example_kubernetes_executor.py took 0.119 seconds
[2026-09-22T16:55:57.637+0000] {processor.py:161} INFO - Started process (PID=1443) to work on /home/airflow/.local/lib/python3.12/site-packages/airflow/example_dags/example_kubernetes_executor.py
[2026-09-22T16:55:57.640+0000] {processor.py:830} INFO - Processing file /home/airflow/.local/lib/python3.12/site-packages/airflow/example_dags/example_kubernetes_executor.py for tasks to queue
[2026-09-22T16:55:57.646+0000] {logging_mixin.py:188} INFO - [2026-09-22T16:55:57.646+0000] {dagbag.py:545} INFO - Filling up the DagBag from /home/airflow/.local/lib/python3.12/site-packages/airflow/example_dags/example_kubernetes_executor.py
[2026-09-22T16:55:57.665+0000] {processor.py:840} INFO - DAG(s) 'example_kubernetes_executor' retrieved from /home/airflow/.local/lib/python3.12/site-packages/airflow/example_dags/example_kubernetes_executor.py
[2026-09-22T16:55:57.732+0000] {logging_mixin.py:188} INFO - [2026-09-22T16:55:57.732+0000] {dag.py:3089} INFO - Sync 1 DAGs
[2026-09-22T16:55:57.765+0000] {logging_mixin.py:188} INFO - [2026-09-22T16:55:57.764+0000] {dag.py:3947} INFO - Setting next_dagrun for example_kubernetes_executor to None, run_after=None
[2026-09-22T16:55:57.809+0000] {processor.py:183} INFO - Processing /home/airflow/.local/lib/python3.12/site-packages/airflow/example_dags/example_kubernetes_executor.py took 0.190 seconds
[2026-09-22T16:56:28.391+0000] {processor.py:161} INFO - Started process (PID=1501) to work on /home/airflow/.local/lib/python3.12/site-packages/airflow/example_dags/example_kubernetes_executor.py
[2026-09-22T16:56:28.393+0000] {processor.py:830} INFO - Processing file /home/airflow/.local/lib/python3.12/site-packages/airflow/example_dags/example_kubernetes_executor.py for tasks to queue
[2026-09-22T16:56:28.395+0000] {logging_mixin.py:188} INFO - [2026-09-22T16:56:28.395+0000] {dagbag.py:545} INFO - Filling up the DagBag from /home/airflow/.local/lib/python3.12/site-packages/airflow/example_dags/example_kubernetes_executor.py
[2026-09-22T16:56:28.406+0000] {processor.py:840} INFO - DAG(s) 'example_kubernetes_executor' retrieved from /home/airflow/.local/lib/python3.12/site-packages/airflow/example_dags/example_kubernetes_executor.py
[2026-09-22T16:56:28.445+0000] {logging_mixin.py:188} INFO - [2026-09-22T16:56:28.445+0000] {dag.py:3089} INFO - Sync 1 DAGs
[2026-09-22T16:56:28.458+0000] {logging_mixin.py:188} INFO - [2026-09-22T16:56:28.458+0000] {dag.py:3947} INFO - Setting next_dagrun for example_kubernetes_executor to None, run_after=None
[2026-09-22T16:56:28.480+0000] {processor.py:183} INFO - Processing /home/airflow/.local/lib/python3.12/site-packages/airflow/example_dags/example_kubernetes_executor.py took 0.094 seconds
[2026-09-22T16:58:06.392+0000] {processor.py:161} INFO - Started process (PID=121) to work on /home/airflow/.local/lib/python3.12/site-packages/airflow/example_dags/example_kubernetes_executor.py
[2026-09-22T16:58:06.394+0000] {processor.py:830} INFO - Processing file /home/airflow/.local/lib/python3.12/site-packages/airflow/example_dags/example_kubernetes_executor.py for tasks to queue
[2026-09-22T16:58:06.397+0000] {logging_mixin.py:188} INFO - [2026-09-22T16:58:06.396+0000] {dagbag.py:545} INFO - Filling up the DagBag from /home/airflow/.local/lib/python3.12/site-packages/airflow/example_dags/example_kubernetes_executor.py
[2026-09-22T16:58:06.415+0000] {processor.py:840} INFO - DAG(s) 'example_kubernetes_executor' retrieved from /home/airflow/.local/lib/python3.12/site-packages/airflow/example_dags/example_kubernetes_executor.py
[2026-09-22T16:58:06.548+0000] {logging_mixin.py:188} INFO - [2026-09-22T16:58:06.548+0000] {dag.py:3089} INFO - Sync 1 DAGs
[2026-09-22T16:58:06.561+0000] {logging_mixin.py:188} INFO - [2026-09-22T16:58:06.560+0000] {dag.py:3947} INFO - Setting next_dagrun for example_kubernetes_executor to None, run_after=None
[2026-09-22T16:58:06.586+0000] {processor.py:183} INFO - Processing /home/airflow/.local/lib/python3.12/site-packages/airflow/example_dags/example_kubernetes_executor.py took 0.204 seconds
[2026-09-22T16:58:37.195+0000] {processor.py:161} INFO - Started process (PID=179) to work on /home/airflow/.local/lib/python3.12/site-packages/airflow/example_dags/example_kubernetes_executor.py
[2026-09-22T16:58:37.196+0000] {processor.py:830} INFO - Processing file /home/airflow/.local/lib/python3.12/site-packages/airflow/example_dags/example_kubernetes_executor.py for tasks to queue
[2026-09-22T16:58:37.198+0000] {logging_mixin.py:188} INFO - [2026-09-22T16:58:37.198+0000] {dagbag.py:545} INFO - Filling up the DagBag from /home/airflow/.local/lib/python3.12/site-packages/airflow/example_dags/example_kubernetes_executor.py
[2026-09-22T16:58:37.208+0000] {processor.py:840} INFO - DAG(s) 'example_kubernetes_executor' retrieved from /home/airflow/.local/lib/python3.12/site-packages/airflow/example_dags/example_kubernetes_executor.py
[2026-09-22T16:58:37.252+0000] {logging_mixin.py:188} INFO - [2026-09-22T16:58:37.252+0000] {dag.py:3089} INFO - Sync 1 DAGs
[2026-09-22T16:58:37.276+0000] {logging_mixin.py:188} INFO - [2026-09-22T16:58:37.275+0000] {dag.py:3947} INFO - Setting next_dagrun for example_kubernetes_executor to None, run_after=None
[2026-09-22T16:58:37.308+0000] {processor.py:183} INFO - Processing /home/airflow/.local/lib/python3.12/site-packages/airflow/example_dags/example_kubernetes_executor.py took 0.118 seconds
[2026-09-22T16:59:08.201+0000] {processor.py:161} INFO - Started process (PID=237) to work on /home/airflow/.local/lib/python3.12/site-packages/airflow/example_dags/example_kubernetes_executor.py
[2026-09-22T16:59:08.202+0000] {processor.py:830} INFO - Processing file /home/airflow/.local/lib/python3.12/site-packages/airflow/example_dags/example_kubernetes_executor.py for tasks to queue
[2026-09-22T16:59:08.204+0000] {logging_mixin.py:188} INFO - [2026-09-22T16:59:08.204+0000] {dagbag.py:545} INFO - Filling up the DagBag from /home/airflow/.local/lib/python3.12/site-packages/airflow/example_dags/example_kubernetes_executor.py
[2026-09-22T16:59:08.215+0000] {processor.py:840} INFO - DAG(s) 'example_kubernetes_executor' retrieved from /home/airflow/.local/lib/python3.12/site-packages/airflow/example_dags/example_kubernetes_executor.py
[2026-09-22T16:59:08.249+0000] {logging_mixin.py:188} INFO - [2026-09-22T16:59:08.248+0000] {dag.py:3089} INFO - Sync 1 DAGs
[2026-09-22T16:59:08.261+0000] {logging_mixin.py:188} INFO - [2026-09-22T16:59:08.261+0000] {dag.py:3947} INFO - Setting next_dagrun for example_kubernetes_executor to None, run_after=None
[2026-09-22T16:59:08.287+0000] {processor.py:183} INFO - Processing /home/airflow/.local/lib/python3.12/site-packages/airflow/example_dags/example_kubernetes_executor.py took 0.092 seconds
[2026-09-22T16:59:38.677+0000] {processor.py:161} INFO - Started process (PID=295) to work on /home/airflow/.local/lib/python3.12/site-packages/airflow/example_dags/example_kubernetes_executor.py
[2026-09-22T16:59:38.678+0000] {processor.py:830} INFO - Processing file /home/airflow/.local/lib/python3.12/site-packages/airflow/example_dags/example_kubernetes_executor.py for tasks to queue
[2026-09-22T16:59:38.680+0000] {logging_mixin.py:188} INFO - [2026-09-22T16:59:38.680+0000] {dagbag.py:545} INFO - Filling up the DagBag from /home/airflow/.local/lib/python3.12/site-packages/airflow/example_dags/example_kubernetes_executor.py
[2026-09-22T16:59:38.692+0000] {processor.py:840} INFO - DAG(s) 'example_kubernetes_executor' retrieved from /home/airflow/.local/lib/python3.12/site-packages/airflow/example_dags/example_kubernetes_executor.py
[2026-09-22T16:59:38.724+0000] {logging_mixin.py:188} INFO - [2026-09-22T16:59:38.724+0000] {dag.py:3089} INFO - Sync 1 DAGs
[2026-09-22T16:59:38.736+0000] {logging_mixin.py:188} INFO - [2026-09-22T16:59:38.736+0000] {dag.py:3947} INFO - Setting next_dagrun for example_kubernetes_executor to None, run_after=None
[2026-09-22T16:59:38.759+0000] {processor.py:183} INFO - Processing /home/airflow/.local/lib/python3.12/site-packages/airflow/example_dags/example_kubernetes_executor.py took 0.087 seconds
[2026-09-22T17:00:09.031+0000] {processor.py:161} INFO - Started process (PID=353) to work on /home/airflow/.local/lib/python3.12/site-packages/airflow/example_dags/example_kubernetes_executor.py
[2026-09-22T17:00:09.033+0000] {processor.py:830} INFO - Processing file /home/airflow/.local/lib/python3.12/site-packages/airflow/example_dags/example_kubernetes_executor.py for tasks to queue
[2026-09-22T17:00:09.038+0000] {logging_mixin.py:188} INFO - [2026-09-22T17:00:09.038+0000] {dagbag.py:545} INFO - Filling up the DagBag from /home/airflow/.local/lib/python3.12/site-packages/airflow/example_dags/example_kubernetes_executor.py
[2026-09-22T17:00:09.061+0000] {processor.py:840} INFO - DAG(s) 'example_kubernetes_executor' retrieved from /home/airflow/.local/lib/python3.12/site-packages/airflow/example_dags/example_kubernetes_executor.py
[2026-09-22T17:00:09.122+0000] {logging_mixin.py:188} INFO - [2026-09-22T17:00:09.121+0000] {dag.py:3089} INFO - Sync 1 DAGs
[2026-09-22T17:00:09.146+0000] {logging_mixin.py:188} INFO - [2026-09-22T17:00:09.146+0000] {dag.py:3947} INFO - Setting next_dagrun for example_kubernetes_executor to None, run_after=None
[2026-09-22T17:00:09.180+0000] {processor.py:183} INFO - Processing /home/airflow/.local/lib/python3.12/site-packages/airflow/example_dags/example_kubernetes_executor.py took 0.155 seconds
[2026-09-22T17:00:39.533+0000] {processor.py:161} INFO - Started process (PID=411) to work on /home/airflow/.local/lib/python3.12/site-packages/airflow/example_dags/example_kubernetes_executor.py
[2026-09-22T17:00:39.538+0000] {processor.py:830} INFO - Processing file /home/airflow/.local/lib/python3.12/site-packages/airflow/example_dags/example_kubernetes_executor.py for tasks to queue
[2026-09-22T17:00:39.543+0000] {logging_mixin.py:188} INFO - [2026-09-22T17:00:39.543+0000] {dagbag.py:545} INFO - Filling up the DagBag from /home/airflow/.local/lib/python3.12/site-packages/airflow/example_dags/example_kubernetes_executor.py
[2026-09-22T17:00:39.561+0000] {processor.py:840} INFO - DAG(s) 'example_kubernetes_executor' retrieved from /home/airflow/.local/lib/python3.12/site-packages/airflow/example_dags/example_kubernetes_executor.py
[2026-09-22T17:00:39.597+0000] {logging_mixin.py:188} INFO - [2026-09-22T17:00:39.597+0000] {dag.py:3089} INFO - Sync 1 DAGs
[2026-09-22T17:00:39.610+0000] {logging_mixin.py:188} INFO - [2026-09-22T17:00:39.610+0000] {dag.py:3947} INFO - Setting next_dagrun for example_kubernetes_executor to None, run_after=None
[2026-09-22T17:00:39.637+0000] {processor.py:183} INFO - Processing /home/airflow/.local/lib/python3.12/site-packages/airflow/example_dags/example_kubernetes_executor.py took 0.112 seconds
[2026-09-22T17:01:09.995+0000] {processor.py:161} INFO - Started process (PID=469) to work on /home/airflow/.local/lib/python3.12/site-packages/airflow/example_dags/example_kubernetes_executor.py
[2026-09-22T17:01:09.996+0000] {processor.py:830} INFO - Processing file /home/airflow/.local/lib/python3.12/site-packages/airflow/example_dags/example_kubernetes_executor.py for tasks to queue
[2026-09-22T17:01:09.997+0000] {logging_mixin.py:188} INFO - [2026-09-22T17:01:09.997+0000] {dagbag.py:545} INFO - Filling up the DagBag from /home/airflow/.local/lib/python3.12/site-packages/airflow/example_dags/example_kubernetes_executor.py
[2026-09-22T17:01:10.009+0000] {processor.py:840} INFO - DAG(s) 'example_kubernetes_executor' retrieved from /home/airflow/.local/lib/python3.12/site-packages/airflow/example_dags/example_kubernetes_executor.py
[2026-09-22T17:01:10.043+0000] {logging_mixin.py:188} INFO - [2026-09-22T17:01:10.043+0000] {dag.py:3089} INFO - Sync 1 DAGs
[2026-09-22T17:01:10.054+0000] {logging_mixin.py:188} INFO - [2026-09-22T17:01:10.054+0000] {dag.py:3947} INFO - Setting next_dagrun for example_kubernetes_executor to None, run_after=None
[2026-09-22T17:01:10.077+0000] {processor.py:183} INFO - Processing /home/airflow/.local/lib/python3.12/site-packages/airflow/example_dags/example_kubernetes_executor.py took 0.087 seconds
[2026-09-22T17:01:40.739+0000] {processor.py:161} INFO - Started process (PID=527) to work on /home/airflow/.local/lib/python3.12/site-packages/airflow/example_dags/example_kubernetes_executor.py
[2026-09-22T17:01:40.740+0000] {processor.py:830} INFO - Processing file /home/airflow/.local/lib/python3.12/site-packages/airflow/example_dags/example_kubernetes_executor.py for tasks to queue
[2026-09-22T17:01:40.743+0000] {logging_mixin.py:188} INFO - [2026-09-22T17:01:40.743+0000] {dagbag.py:545} INFO - Filling up the DagBag from /home/airflow/.local/lib/python3.12/site-packages/airflow/example_dags/example_kubernetes_executor.py
[2026-09-22T17:01:40.760+0000] {processor.py:840} INFO - DAG(s) 'example_kubernetes_executor' retrieved from /home/airflow/.local/lib/python3.12/site-packages/airflow/example_dags/example_kubernetes_executor.py
[2026-09-22T17:01:40.803+0000] {logging_mixin.py:188} INFO - [2026-09-22T17:01:40.803+0000] {dag.py:3089} INFO - Sync 1 DAGs
[2026-09-22T17:01:40.816+0000] {logging_mixin.py:188} INFO - [2026-09-22T17:01:40.816+0000] {dag.py:3947} INFO - Setting next_dagrun for example_kubernetes_executor to None, run_after=None
[2026-09-22T17:01:40.840+0000] {processor.py:183} INFO - Processing /home/airflow/.local/lib/python3.12/site-packages/airflow/example_dags/example_kubernetes_executor.py took 0.109 seconds
[2026-09-22T17:02:11.030+0000] {processor.py:161} INFO - Started process (PID=585) to work on /home/airflow/.local/lib/python3.12/site-packages/airflow/example_dags/example_kubernetes_executor.py
[2026-09-22T17:02:11.031+0000] {processor.py:830} INFO - Processing file /home/airflow/.local/lib/python3.12/site-packages/airflow/example_dags/example_kubernetes_executor.py for tasks to queue
[2026-09-22T17:02:11.035+0000] {logging_mixin.py:188} INFO - [2026-09-22T17:02:11.034+0000] {dagbag.py:545} INFO - Filling up the DagBag from /home/airflow/.local/lib/python3.12/site-packages/airflow/example_dags/example_kubernetes_executor.py
[2026-09-22T17:02:11.059+0000] {processor.py:840} INFO - DAG(s) 'example_kubernetes_executor' retrieved from /home/airflow/.local/lib/python3.12/site-packages/airflow/example_dags/example_kubernetes_executor.py
[2026-09-22T17:02:11.115+0000] {logging_mixin.py:188} INFO - [2026-09-22T17:02:11.115+0000] {dag.py:3089} INFO - Sync 1 DAGs
[2026-09-22T17:02:11.140+0000] {logging_mixin.py:188} INFO - [2026-09-22T17:02:11.140+0000] {dag.py:3947} INFO - Setting next_dagrun for example_kubernetes_executor to None, run_after=None
[2026-09-22T17:02:11.172+0000] {processor.py:183} INFO - Processing /home/airflow/.local/lib/python3.12/site-packages/airflow/example_dags/example_kubernetes_executor.py took 0.156 seconds
[2026-09-22T17:03:34.940+0000] {processor.py:161} INFO - Started process (PID=119) to work on /home/airflow/.local/lib/python3.12/site-packages/airflow/example_dags/example_kubernetes_executor.py
[2026-09-22T17:03:34.942+0000] {processor.py:830} INFO - Processing file /home/airflow/.local/lib/python3.12/site-packages/airflow/example_dags/example_kubernetes_executor.py for tasks to queue
[2026-09-22T17:03:34.944+0000] {logging_mixin.py:188} INFO - [2026-09-22T17:03:34.943+0000] {dagbag.py:545} INFO - Filling up the DagBag from /home/airflow/.local/lib/python3.12/site-packages/airflow/example_dags/example_kubernetes_executor.py
[2026-09-22T17:03:34.960+0000] {processor.py:840} INFO - DAG(s) 'example_kubernetes_executor' retrieved from /home/airflow/.local/lib/python3.12/site-packages/airflow/example_dags/example_kubernetes_executor.py
[2026-09-22T17:03:35.095+0000] {logging_mixin.py:188} INFO - [2026-09-22T17:03:35.095+0000] {dag.py:3089} INFO - Sync 1 DAGs
[2026-09-22T17:03:35.107+0000] {logging_mixin.py:188} INFO - [2026-09-22T17:03:35.106+0000] {dag.py:3947} INFO - Setting next_dagrun for example_kubernetes_executor to None, run_after=None
[2026-09-22T17:03:35.131+0000] {processor.py:183} INFO - Processing /home/airflow/.local/lib/python3.12/site-packages/airflow/example_dags/example_kubernetes_executor.py took 0.199 seconds
[2026-09-22T17:04:05.888+0000] {processor.py:161} INFO - Started process (PID=177) to work on /home/airflow/.local/lib/python3.12/site-packages/airflow/example_dags/example_kubernetes_executor.py
[2026-09-22T17:04:05.889+0000] {processor.py:830} INFO - Processing file /home/airflow/.local/lib/python3.12/site-packages/airflow/example_dags/example_kubernetes_executor.py for tasks to queue
[2026-09-22T17:04:05.891+0000] {logging_mixin.py:188} INFO - [2026-09-22T17:04:05.891+0000] {dagbag.py:545} INFO - Filling up the DagBag from /home/airflow/.local/lib/python3.12/site-packages/airflow/example_dags/example_kubernetes_executor.py
[2026-09-22T17:04:05.903+0000] {processor.py:840} INFO - DAG(s) 'example_kubernetes_executor' retrieved from /home/airflow/.local/lib/python3.12/site-packages/airflow/example_dags/example_kubernetes_executor.py
[2026-09-22T17:04:05.937+0000] {logging_mixin.py:188} INFO - [2026-09-22T17:04:05.936+0000] {dag.py:3089} INFO - Sync 1 DAGs
[2026-09-22T17:04:05.951+0000] {logging_mixin.py:188} INFO - [2026-09-22T17:04:05.950+0000] {dag.py:3947} INFO - Setting next_dagrun for example_kubernetes_executor to None, run_after=None
[2026-09-22T17:04:05.972+0000] {processor.py:183} INFO - Processing /home/airflow/.local/lib/python3.12/site-packages/airflow/example_dags/example_kubernetes_executor.py took 0.091 seconds
[2026-09-22T17:04:36.887+0000] {processor.py:161} INFO - Started process (PID=235) to work on /home/airflow/.local/lib/python3.12/site-packages/airflow/example_dags/example_kubernetes_executor.py
[2026-09-22T17:04:36.888+0000] {processor.py:830} INFO - Processing file /home/airflow/.local/lib/python3.12/site-packages/airflow/example_dags/example_kubernetes_executor.py for tasks to queue
[2026-09-22T17:04:36.890+0000] {logging_mixin.py:188} INFO - [2026-09-22T17:04:36.890+0000] {dagbag.py:545} INFO - Filling up the DagBag from /home/airflow/.local/lib/python3.12/site-packages/airflow/example_dags/example_kubernetes_executor.py
[2026-09-22T17:04:36.900+0000] {processor.py:840} INFO - DAG(s) 'example_kubernetes_executor' retrieved from /home/airflow/.local/lib/python3.12/site-packages/airflow/example_dags/example_kubernetes_executor.py
[2026-09-22T17:04:36.933+0000] {logging_mixin.py:188} INFO - [2026-09-22T17:04:36.932+0000] {dag.py:3089} INFO - Sync 1 DAGs
[2026-09-22T17:04:36.945+0000] {logging_mixin.py:188} INFO - [2026-09-22T17:04:36.945+0000] {dag.py:3947} INFO - Setting next_dagrun for example_kubernetes_executor to None, run_after=None
[2026-09-22T17:04:36.968+0000] {processor.py:183} INFO - Processing /home/airflow/.local/lib/python3.12/site-packages/airflow/example_dags/example_kubernetes_executor.py took 0.086 seconds
[2026-09-22T17:05:07.762+0000] {processor.py:161} INFO - Started process (PID=293) to work on /home/airflow/.local/lib/python3.12/site-packages/airflow/example_dags/example_kubernetes_executor.py
[2026-09-22T17:05:07.764+0000] {processor.py:830} INFO - Processing file /home/airflow/.local/lib/python3.12/site-packages/airflow/example_dags/example_kubernetes_executor.py for tasks to queue
[2026-09-22T17:05:07.766+0000] {logging_mixin.py:188} INFO - [2026-09-22T17:05:07.766+0000] {dagbag.py:545} INFO - Filling up the DagBag from /home/airflow/.local/lib/python3.12/site-packages/airflow/example_dags/example_kubernetes_executor.py
[2026-09-22T17:05:07.780+0000] {processor.py:840} INFO - DAG(s) 'example_kubernetes_executor' retrieved from /home/airflow/.local/lib/python3.12/site-packages/airflow/example_dags/example_kubernetes_executor.py
[2026-09-22T17:05:07.829+0000] {logging_mixin.py:188} INFO - [2026-09-22T17:05:07.828+0000] {dag.py:3089} INFO - Sync 1 DAGs
[2026-09-22T17:05:07.846+0000] {logging_mixin.py:188} INFO - [2026-09-22T17:05:07.846+0000] {dag.py:3947} INFO - Setting next_dagrun for example_kubernetes_executor to None, run_after=None
[2026-09-22T17:05:07.877+0000] {processor.py:183} INFO - Processing /home/airflow/.local/lib/python3.12/site-packages/airflow/example_dags/example_kubernetes_executor.py took 0.123 seconds
[2026-09-22T17:05:38.192+0000] {processor.py:161} INFO - Started process (PID=351) to work on /home/airflow/.local/lib/python3.12/site-packages/airflow/example_dags/example_kubernetes_executor.py
[2026-09-22T17:05:38.194+0000] {processor.py:830} INFO - Processing file /home/airflow/.local/lib/python3.12/site-packages/airflow/example_dags/example_kubernetes_executor.py for tasks to queue
[2026-09-22T17:05:38.196+0000] {logging_mixin.py:188} INFO - [2026-09-22T17:05:38.196+0000] {dagbag.py:545} INFO - Filling up the DagBag from /home/airflow/.local/lib/python3.12/site-packages/airflow/example_dags/example_kubernetes_executor.py
[2026-09-22T17:05:38.211+0000] {processor.py:840} INFO - DAG(s) 'example_kubernetes_executor' retrieved from /home/airflow/.local/lib/python3.12/site-packages/airflow/example_dags/example_kubernetes_executor.py
[2026-09-22T17:05:38.249+0000] {logging_mixin.py:188} INFO - [2026-09-22T17:05:38.249+0000] {dag.py:3089} INFO - Sync 1 DAGs
[2026-09-22T17:05:38.263+0000] {logging_mixin.py:188} INFO - [2026-09-22T17:05:38.263+0000] {dag.py:3947} INFO - Setting next_dagrun for example_kubernetes_executor to None, run_after=None
[2026-09-22T17:05:38.288+0000] {processor.py:183} INFO - Processing /home/airflow/.local/lib/python3.12/site-packages/airflow/example_dags/example_kubernetes_executor.py took 0.103 seconds
[2026-09-22T17:06:08.794+0000] {processor.py:161} INFO - Started process (PID=409) to work on /home/airflow/.local/lib/python3.12/site-packages/airflow/example_dags/example_kubernetes_executor.py
[2026-09-22T17:06:08.799+0000] {processor.py:830} INFO - Processing file /home/airflow/.local/lib/python3.12/site-packages/airflow/example_dags/example_kubernetes_executor.py for tasks to queue
[2026-09-22T17:06:08.806+0000] {logging_mixin.py:188} INFO - [2026-09-22T17:06:08.805+0000] {dagbag.py:545} INFO - Filling up the DagBag from /home/airflow/.local/lib/python3.12/site-packages/airflow/example_dags/example_kubernetes_executor.py
[2026-09-22T17:06:08.849+0000] {processor.py:840} INFO - DAG(s) 'example_kubernetes_executor' retrieved from /home/airflow/.local/lib/python3.12/site-packages/airflow/example_dags/example_kubernetes_executor.py
[2026-09-22T17:06:08.969+0000] {logging_mixin.py:188} INFO - [2026-09-22T17:06:08.969+0000] {dag.py:3089} INFO - Sync 1 DAGs
[2026-09-22T17:06:09.008+0000] {logging_mixin.py:188} INFO - [2026-09-22T17:06:09.007+0000] {dag.py:3947} INFO - Setting next_dagrun for example_kubernetes_executor to None, run_after=None
[2026-09-22T17:06:09.040+0000] {processor.py:183} INFO - Processing /home/airflow/.local/lib/python3.12/site-packages/airflow/example_dags/example_kubernetes_executor.py took 0.262 seconds
[2026-09-22T17:06:39.390+0000] {processor.py:161} INFO - Started process (PID=467) to work on /home/airflow/.local/lib/python3.12/site-packages/airflow/example_dags/example_kubernetes_executor.py
[2026-09-22T17:06:39.391+0000] {processor.py:830} INFO - Processing file /home/airflow/.local/lib/python3.12/site-packages/airflow/example_dags/example_kubernetes_executor.py for tasks to queue
[2026-09-22T17:06:39.393+0000] {logging_mixin.py:188} INFO - [2026-09-22T17:06:39.392+0000] {dagbag.py:545} INFO - Filling up the DagBag from /home/airflow/.local/lib/python3.12/site-packages/airflow/example_dags/example_kubernetes_executor.py
[2026-09-22T17:06:39.404+0000] {processor.py:840} INFO - DAG(s) 'example_kubernetes_executor' retrieved from /home/airflow/.local/lib/python3.12/site-packages/airflow/example_dags/example_kubernetes_executor.py
[2026-09-22T17:06:39.438+0000] {logging_mixin.py:188} INFO - [2026-09-22T17:06:39.438+0000] {dag.py:3089} INFO - Sync 1 DAGs
[2026-09-22T17:06:39.449+0000] {logging_mixin.py:188} INFO - [2026-09-22T17:06:39.449+0000] {dag.py:3947} INFO - Setting next_dagrun for example_kubernetes_executor to None, run_after=None
[2026-09-22T17:06:39.470+0000] {processor.py:183} INFO - Processing /home/airflow/.local/lib/python3.12/site-packages/airflow/example_dags/example_kubernetes_executor.py took 0.085 seconds
[2026-09-22T17:07:10.196+0000] {processor.py:161} INFO - Started process (PID=525) to work on /home/airflow/.local/lib/python3.12/site-packages/airflow/example_dags/example_kubernetes_executor.py
[2026-09-22T17:07:10.197+0000] {processor.py:830} INFO - Processing file /home/airflow/.local/lib/python3.12/site-packages/airflow/example_dags/example_kubernetes_executor.py for tasks to queue
[2026-09-22T17:07:10.199+0000] {logging_mixin.py:188} INFO - [2026-09-22T17:07:10.199+0000] {dagbag.py:545} INFO - Filling up the DagBag from /home/airflow/.local/lib/python3.12/site-packages/airflow/example_dags/example_kubernetes_executor.py
[2026-09-22T17:07:10.211+0000] {processor.py:840} INFO - DAG(s) 'example_kubernetes_executor' retrieved from /home/airflow/.local/lib/python3.12/site-packages/airflow/example_dags/example_kubernetes_executor.py
[2026-09-22T17:07:10.247+0000] {logging_mixin.py:188} INFO - [2026-09-22T17:07:10.247+0000] {dag.py:3089} INFO - Sync 1 DAGs
[2026-09-22T17:07:10.262+0000] {logging_mixin.py:188} INFO - [2026-09-22T17:07:10.262+0000] {dag.py:3947} INFO - Setting next_dagrun for example_kubernetes_executor to None, run_after=None
[2026-09-22T17:07:10.296+0000] {processor.py:183} INFO - Processing /home/airflow/.local/lib/python3.12/site-packages/airflow/example_dags/example_kubernetes_executor.py took 0.105 seconds
[2026-09-22T17:07:40.710+0000] {processor.py:161} INFO - Started process (PID=583) to work on /home/airflow/.local/lib/python3.12/site-packages/airflow/example_dags/example_kubernetes_executor.py
[2026-09-22T17:07:40.711+0000] {processor.py:830} INFO - Processing file /home/airflow/.local/lib/python3.12/site-packages/airflow/example_dags/example_kubernetes_executor.py for tasks to queue
[2026-09-22T17:07:40.714+0000] {logging_mixin.py:188} INFO - [2026-09-22T17:07:40.713+0000] {dagbag.py:545} INFO - Filling up the DagBag from /home/airflow/.local/lib/python3.12/site-packages/airflow/example_dags/example_kubernetes_executor.py
[2026-09-22T17:07:40.726+0000] {processor.py:840} INFO - DAG(s) 'example_kubernetes_executor' retrieved from /home/airflow/.local/lib/python3.12/site-packages/airflow/example_dags/example_kubernetes_executor.py
[2026-09-22T17:07:40.767+0000] {logging_mixin.py:188} INFO - [2026-09-22T17:07:40.767+0000] {dag.py:3089} INFO - Sync 1 DAGs
[2026-09-22T17:07:40.779+0000] {logging_mixin.py:188} INFO - [2026-09-22T17:07:40.778+0000] {dag.py:3947} INFO - Setting next_dagrun for example_kubernetes_executor to None, run_after=None
[2026-09-22T17:07:40.798+0000] {processor.py:183} INFO - Processing /home/airflow/.local/lib/python3.12/site-packages/airflow/example_dags/example_kubernetes_executor.py took 0.095 seconds
[2026-09-22T17:08:11.059+0000] {processor.py:161} INFO - Started process (PID=641) to work on /home/airflow/.local/lib/python3.12/site-packages/airflow/example_dags/example_kubernetes_executor.py
[2026-09-22T17:08:11.060+0000] {processor.py:830} INFO - Processing file /home/airflow/.local/lib/python3.12/site-packages/airflow/example_dags/example_kubernetes_executor.py for tasks to queue
[2026-09-22T17:08:11.062+0000] {logging_mixin.py:188} INFO - [2026-09-22T17:08:11.061+0000] {dagbag.py:545} INFO - Filling up the DagBag from /home/airflow/.local/lib/python3.12/site-packages/airflow/example_dags/example_kubernetes_executor.py
[2026-09-22T17:08:11.074+0000] {processor.py:840} INFO - DAG(s) 'example_kubernetes_executor' retrieved from /home/airflow/.local/lib/python3.12/site-packages/airflow/example_dags/example_kubernetes_executor.py
[2026-09-22T17:08:11.109+0000] {logging_mixin.py:188} INFO - [2026-09-22T17:08:11.109+0000] {dag.py:3089} INFO - Sync 1 DAGs
[2026-09-22T17:08:11.124+0000] {logging_mixin.py:188} INFO - [2026-09-22T17:08:11.123+0000] {dag.py:3947} INFO - Setting next_dagrun for example_kubernetes_executor to None, run_after=None
[2026-09-22T17:08:11.147+0000] {processor.py:183} INFO - Processing /home/airflow/.local/lib/python3.12/site-packages/airflow/example_dags/example_kubernetes_executor.py took 0.094 seconds
[2026-09-22T17:08:41.279+0000] {processor.py:161} INFO - Started process (PID=705) to work on /home/airflow/.local/lib/python3.12/site-packages/airflow/example_dags/example_kubernetes_executor.py
[2026-09-22T17:08:41.280+0000] {processor.py:830} INFO - Processing file /home/airflow/.local/lib/python3.12/site-packages/airflow/example_dags/example_kubernetes_executor.py for tasks to queue
[2026-09-22T17:08:41.281+0000] {logging_mixin.py:188} INFO - [2026-09-22T17:08:41.281+0000] {dagbag.py:545} INFO - Filling up the DagBag from /home/airflow/.local/lib/python3.12/site-packages/airflow/example_dags/example_kubernetes_executor.py
[2026-09-22T17:08:41.291+0000] {processor.py:840} INFO - DAG(s) 'example_kubernetes_executor' retrieved from /home/airflow/.local/lib/python3.12/site-packages/airflow/example_dags/example_kubernetes_executor.py
[2026-09-22T17:08:41.324+0000] {logging_mixin.py:188} INFO - [2026-09-22T17:08:41.324+0000] {dag.py:3089} INFO - Sync 1 DAGs
[2026-09-22T17:08:41.336+0000] {logging_mixin.py:188} INFO - [2026-09-22T17:08:41.335+0000] {dag.py:3947} INFO - Setting next_dagrun for example_kubernetes_executor to None, run_after=None
[2026-09-22T17:08:41.356+0000] {processor.py:183} INFO - Processing /home/airflow/.local/lib/python3.12/site-packages/airflow/example_dags/example_kubernetes_executor.py took 0.083 seconds
[2026-09-22T17:09:11.688+0000] {processor.py:161} INFO - Started process (PID=763) to work on /home/airflow/.local/lib/python3.12/site-packages/airflow/example_dags/example_kubernetes_executor.py
[2026-09-22T17:09:11.690+0000] {processor.py:830} INFO - Processing file /home/airflow/.local/lib/python3.12/site-packages/airflow/example_dags/example_kubernetes_executor.py for tasks to queue
[2026-09-22T17:09:11.692+0000] {logging_mixin.py:188} INFO - [2026-09-22T17:09:11.691+0000] {dagbag.py:545} INFO - Filling up the DagBag from /home/airflow/.local/lib/python3.12/site-packages/airflow/example_dags/example_kubernetes_executor.py
[2026-09-22T17:09:11.703+0000] {processor.py:840} INFO - DAG(s) 'example_kubernetes_executor' retrieved from /home/airflow/.local/lib/python3.12/site-packages/airflow/example_dags/example_kubernetes_executor.py
[2026-09-22T17:09:11.740+0000] {logging_mixin.py:188} INFO - [2026-09-22T17:09:11.740+0000] {dag.py:3089} INFO - Sync 1 DAGs
[2026-09-22T17:09:11.753+0000] {logging_mixin.py:188} INFO - [2026-09-22T17:09:11.753+0000] {dag.py:3947} INFO - Setting next_dagrun for example_kubernetes_executor to None, run_after=None
[2026-09-22T17:09:11.774+0000] {processor.py:183} INFO - Processing /home/airflow/.local/lib/python3.12/site-packages/airflow/example_dags/example_kubernetes_executor.py took 0.090 seconds
[2026-09-22T17:09:41.827+0000] {processor.py:161} INFO - Started process (PID=821) to work on /home/airflow/.local/lib/python3.12/site-packages/airflow/example_dags/example_kubernetes_executor.py
[2026-09-22T17:09:41.828+0000] {processor.py:830} INFO - Processing file /home/airflow/.local/lib/python3.12/site-packages/airflow/example_dags/example_kubernetes_executor.py for tasks to queue
[2026-09-22T17:09:41.829+0000] {logging_mixin.py:188} INFO - [2026-09-22T17:09:41.829+0000] {dagbag.py:545} INFO - Filling up the DagBag from /home/airflow/.local/lib/python3.12/site-packages/airflow/example_dags/example_kubernetes_executor.py
[2026-09-22T17:09:41.840+0000] {processor.py:840} INFO - DAG(s) 'example_kubernetes_executor' retrieved from /home/airflow/.local/lib/python3.12/site-packages/airflow/example_dags/example_kubernetes_executor.py
[2026-09-22T17:09:41.873+0000] {logging_mixin.py:188} INFO - [2026-09-22T17:09:41.873+0000] {dag.py:3089} INFO - Sync 1 DAGs
[2026-09-22T17:09:41.884+0000] {logging_mixin.py:188} INFO - [2026-09-22T17:09:41.884+0000] {dag.py:3947} INFO - Setting next_dagrun for example_kubernetes_executor to None, run_after=None
[2026-09-22T17:09:41.905+0000] {processor.py:183} INFO - Processing /home/airflow/.local/lib/python3.12/site-packages/airflow/example_dags/example_kubernetes_executor.py took 0.084 seconds
[2026-09-22T17:10:12.000+0000] {processor.py:161} INFO - Started process (PID=879) to work on /home/airflow/.local/lib/python3.12/site-packages/airflow/example_dags/example_kubernetes_executor.py
[2026-09-22T17:10:12.001+0000] {processor.py:830} INFO - Processing file /home/airflow/.local/lib/python3.12/site-packages/airflow/example_dags/example_kubernetes_executor.py for tasks to queue
[2026-09-22T17:10:12.003+0000] {logging_mixin.py:188} INFO - [2026-09-22T17:10:12.002+0000] {dagbag.py:545} INFO - Filling up the DagBag from /home/airflow/.local/lib/python3.12/site-packages/airflow/example_dags/example_kubernetes_executor.py
[2026-09-22T17:10:12.013+0000] {processor.py:840} INFO - DAG(s) 'example_kubernetes_executor' retrieved from /home/airflow/.local/lib/python3.12/site-packages/airflow/example_dags/example_kubernetes_executor.py
[2026-09-22T17:10:12.045+0000] {logging_mixin.py:188} INFO - [2026-09-22T17:10:12.045+0000] {dag.py:3089} INFO - Sync 1 DAGs
[2026-09-22T17:10:12.059+0000] {logging_mixin.py:188} INFO - [2026-09-22T17:10:12.059+0000] {dag.py:3947} INFO - Setting next_dagrun for example_kubernetes_executor to None, run_after=None
[2026-09-22T17:10:12.079+0000] {processor.py:183} INFO - Processing /home/airflow/.local/lib/python3.12/site-packages/airflow/example_dags/example_kubernetes_executor.py took 0.085 seconds
[2026-09-22T17:10:42.124+0000] {processor.py:161} INFO - Started process (PID=937) to work on /home/airflow/.local/lib/python3.12/site-packages/airflow/example_dags/example_kubernetes_executor.py
[2026-09-22T17:10:42.125+0000] {processor.py:830} INFO - Processing file /home/airflow/.local/lib/python3.12/site-packages/airflow/example_dags/example_kubernetes_executor.py for tasks to queue
[2026-09-22T17:10:42.127+0000] {logging_mixin.py:188} INFO - [2026-09-22T17:10:42.126+0000] {dagbag.py:545} INFO - Filling up the DagBag from /home/airflow/.local/lib/python3.12/site-packages/airflow/example_dags/example_kubernetes_executor.py
[2026-09-22T17:10:42.138+0000] {processor.py:840} INFO - DAG(s) 'example_kubernetes_executor' retrieved from /home/airflow/.local/lib/python3.12/site-packages/airflow/example_dags/example_kubernetes_executor.py
[2026-09-22T17:10:42.170+0000] {logging_mixin.py:188} INFO - [2026-09-22T17:10:42.170+0000] {dag.py:3089} INFO - Sync 1 DAGs
[2026-09-22T17:10:42.180+0000] {logging_mixin.py:188} INFO - [2026-09-22T17:10:42.180+0000] {dag.py:3947} INFO - Setting next_dagrun for example_kubernetes_executor to None, run_after=None
[2026-09-22T17:10:42.201+0000] {processor.py:183} INFO - Processing /home/airflow/.local/lib/python3.12/site-packages/airflow/example_dags/example_kubernetes_executor.py took 0.082 seconds
[2026-09-22T17:11:12.377+0000] {processor.py:161} INFO - Started process (PID=995) to work on /home/airflow/.local/lib/python3.12/site-packages/airflow/example_dags/example_kubernetes_executor.py
[2026-09-22T17:11:12.378+0000] {processor.py:830} INFO - Processing file /home/airflow/.local/lib/python3.12/site-packages/airflow/example_dags/example_kubernetes_executor.py for tasks to queue
[2026-09-22T17:11:12.379+0000] {logging_mixin.py:188} INFO - [2026-09-22T17:11:12.379+0000] {dagbag.py:545} INFO - Filling up the DagBag from /home/airflow/.local/lib/python3.12/site-packages/airflow/example_dags/example_kubernetes_executor.py
[2026-09-22T17:11:12.389+0000] {processor.py:840} INFO - DAG(s) 'example_kubernetes_executor' retrieved from /home/airflow/.local/lib/python3.12/site-packages/airflow/example_dags/example_kubernetes_executor.py
[2026-09-22T17:11:12.421+0000] {logging_mixin.py:188} INFO - [2026-09-22T17:11:12.420+0000] {dag.py:3089} INFO - Sync 1 DAGs
[2026-09-22T17:11:12.430+0000] {logging_mixin.py:188} INFO - [2026-09-22T17:11:12.430+0000] {dag.py:3947} INFO - Setting next_dagrun for example_kubernetes_executor to None, run_after=None
[2026-09-22T17:11:12.451+0000] {processor.py:183} INFO - Processing /home/airflow/.local/lib/python3.12/site-packages/airflow/example_dags/example_kubernetes_executor.py took 0.080 seconds
[2026-09-22T17:11:42.771+0000] {processor.py:161} INFO - Started process (PID=1053) to work on /home/airflow/.local/lib/python3.12/site-packages/airflow/example_dags/example_kubernetes_executor.py
[2026-09-22T17:11:42.772+0000] {processor.py:830} INFO - Processing file /home/airflow/.local/lib/python3.12/site-packages/airflow/example_dags/example_kubernetes_executor.py for tasks to queue
[2026-09-22T17:11:42.774+0000] {logging_mixin.py:188} INFO - [2026-09-22T17:11:42.774+0000] {dagbag.py:545} INFO - Filling up the DagBag from /home/airflow/.local/lib/python3.12/site-packages/airflow/example_dags/example_kubernetes_executor.py
[2026-09-22T17:11:42.785+0000] {processor.py:840} INFO - DAG(s) 'example_kubernetes_executor' retrieved from /home/airflow/.local/lib/python3.12/site-packages/airflow/example_dags/example_kubernetes_executor.py
[2026-09-22T17:11:42.815+0000] {logging_mixin.py:188} INFO - [2026-09-22T17:11:42.814+0000] {dag.py:3089} INFO - Sync 1 DAGs
[2026-09-22T17:11:42.825+0000] {logging_mixin.py:188} INFO - [2026-09-22T17:11:42.825+0000] {dag.py:3947} INFO - Setting next_dagrun for example_kubernetes_executor to None, run_after=None
[2026-09-22T17:11:42.846+0000] {processor.py:183} INFO - Processing /home/airflow/.local/lib/python3.12/site-packages/airflow/example_dags/example_kubernetes_executor.py took 0.080 seconds
[2026-09-22T17:12:12.939+0000] {processor.py:161} INFO - Started process (PID=1111) to work on /home/airflow/.local/lib/python3.12/site-packages/airflow/example_dags/example_kubernetes_executor.py
[2026-09-22T17:12:12.940+0000] {processor.py:830} INFO - Processing file /home/airflow/.local/lib/python3.12/site-packages/airflow/example_dags/example_kubernetes_executor.py for tasks to queue
[2026-09-22T17:12:12.942+0000] {logging_mixin.py:188} INFO - [2026-09-22T17:12:12.942+0000] {dagbag.py:545} INFO - Filling up the DagBag from /home/airflow/.local/lib/python3.12/site-packages/airflow/example_dags/example_kubernetes_executor.py
[2026-09-22T17:12:12.952+0000] {processor.py:840} INFO - DAG(s) 'example_kubernetes_executor' retrieved from /home/airflow/.local/lib/python3.12/site-packages/airflow/example_dags/example_kubernetes_executor.py
[2026-09-22T17:12:12.984+0000] {logging_mixin.py:188} INFO - [2026-09-22T17:12:12.984+0000] {dag.py:3089} INFO - Sync 1 DAGs
[2026-09-22T17:12:12.996+0000] {logging_mixin.py:188} INFO - [2026-09-22T17:12:12.995+0000] {dag.py:3947} INFO - Setting next_dagrun for example_kubernetes_executor to None, run_after=None
[2026-09-22T17:12:13.014+0000] {processor.py:183} INFO - Processing /home/airflow/.local/lib/python3.12/site-packages/airflow/example_dags/example_kubernetes_executor.py took 0.081 seconds
[2026-09-22T17:12:43.314+0000] {processor.py:161} INFO - Started process (PID=1169) to work on /home/airflow/.local/lib/python3.12/site-packages/airflow/example_dags/example_kubernetes_executor.py
[2026-09-22T17:12:43.315+0000] {processor.py:830} INFO - Processing file /home/airflow/.local/lib/python3.12/site-packages/airflow/example_dags/example_kubernetes_executor.py for tasks to queue
[2026-09-22T17:12:43.317+0000] {logging_mixin.py:188} INFO - [2026-09-22T17:12:43.317+0000] {dagbag.py:545} INFO - Filling up the DagBag from /home/airflow/.local/lib/python3.12/site-packages/airflow/example_dags/example_kubernetes_executor.py
[2026-09-22T17:12:43.327+0000] {processor.py:840} INFO - DAG(s) 'example_kubernetes_executor' retrieved from /home/airflow/.local/lib/python3.12/site-packages/airflow/example_dags/example_kubernetes_executor.py
[2026-09-22T17:12:43.362+0000] {logging_mixin.py:188} INFO - [2026-09-22T17:12:43.362+0000] {dag.py:3089} INFO - Sync 1 DAGs
[2026-09-22T17:12:43.373+0000] {logging_mixin.py:188} INFO - [2026-09-22T17:12:43.372+0000] {dag.py:3947} INFO - Setting next_dagrun for example_kubernetes_executor to None, run_after=None
[2026-09-22T17:12:43.393+0000] {processor.py:183} INFO - Processing /home/airflow/.local/lib/python3.12/site-packages/airflow/example_dags/example_kubernetes_executor.py took 0.083 seconds
[2026-09-22T17:13:13.593+0000] {processor.py:161} INFO - Started process (PID=1227) to work on /home/airflow/.local/lib/python3.12/site-packages/airflow/example_dags/example_kubernetes_executor.py
[2026-09-22T17:13:13.594+0000] {processor.py:830} INFO - Processing file /home/airflow/.local/lib/python3.12/site-packages/airflow/example_dags/example_kubernetes_executor.py for tasks to queue
[2026-09-22T17:13:13.595+0000] {logging_mixin.py:188} INFO - [2026-09-22T17:13:13.595+0000] {dagbag.py:545} INFO - Filling up the DagBag from /home/airflow/.local/lib/python3.12/site-packages/airflow/example_dags/example_kubernetes_executor.py
[2026-09-22T17:13:13.610+0000] {processor.py:840} INFO - DAG(s) 'example_kubernetes_executor' retrieved from /home/airflow/.local/lib/python3.12/site-packages/airflow/example_dags/example_kubernetes_executor.py
[2026-09-22T17:13:13.647+0000] {logging_mixin.py:188} INFO - [2026-09-22T17:13:13.646+0000] {dag.py:3089} INFO - Sync 1 DAGs
[2026-09-22T17:13:13.662+0000] {logging_mixin.py:188} INFO - [2026-09-22T17:13:13.662+0000] {dag.py:3947} INFO - Setting next_dagrun for example_kubernetes_executor to None, run_after=None
[2026-09-22T17:13:13.685+0000] {processor.py:183} INFO - Processing /home/airflow/.local/lib/python3.12/site-packages/airflow/example_dags/example_kubernetes_executor.py took 0.098 seconds
