[2026-09-22T16:19:25.253+0000] {processor.py:161} INFO - Started process (PID=59) to work on /home/airflow/.local/lib/python3.12/site-packages/airflow/example_dags/tutorial_dag.py
[2026-09-22T16:19:25.256+0000] {processor.py:830} INFO - Processing file /home/airflow/.local/lib/python3.12/site-packages/airflow/example_dags/tutorial_dag.py for tasks to queue
[2026-09-22T16:19:25.260+0000] {logging_mixin.py:188} INFO - [2026-09-22T16:19:25.260+0000] {dagbag.py:545} INFO - Filling up the DagBag from /home/airflow/.local/lib/python3.12/site-packages/airflow/example_dags/tutorial_dag.py
[2026-09-22T16:19:25.288+0000] {processor.py:840} INFO - DAG(s) 'tutorial_dag' retrieved from /home/airflow/.local/lib/python3.12/site-packages/airflow/example_dags/tutorial_dag.py
[2026-09-22T16:19:25.715+0000] {logging_mixin.py:188} INFO - [2026-09-22T16:19:25.715+0000] {dag.py:3089} INFO - Sync 1 DAGs
[2026-09-22T16:19:25.733+0000] {logging_mixin.py:188} INFO - [2026-09-22T16:19:25.733+0000] {dag.py:3947} INFO - Setting next_dagrun for tutorial_dag to None, run_after=None
[2026-09-22T16:19:25.767+0000] {processor.py:183} INFO - Processing /home/airflow/.local/lib/python3.12/site-packages/airflow/example_dags/tutorial_dag.py took 0.525 seconds
[2026-09-22T16:19:55.879+0000] {processor.py:161} INFO - Started process (PID=116) to work on /home/airflow/.local/lib/python3.12/site-packages/airflow/example_dags/tutorial_dag.py
[2026-09-22T16:19:55.930+0000] {processor.py:830} INFO - Processing file /home/airflow/.local/lib/python3.12/site-packages/airflow/example_dags/tutorial_dag.py for tasks to queue
[2026-09-22T16:19:55.936+0000] {logging_mixin.py:188} INFO - [2026-09-22T16:19:55.935+0000] {dagbag.py:545} INFO - Filling up the DagBag from /home/airflow/.local/lib/python3.12/site-packages/airflow/example_dags/tutorial_dag.py
[2026-09-22T16:19:55.950+0000] {processor.py:840} INFO - DAG(s) 'tutorial_dag' retrieved from /home/airflow/.local/lib/python3.12/site-packages/airflow/example_dags/tutorial_dag.py
[2026-09-22T16:19:55.989+0000] {logging_mixin.py:188} INFO - [2026-09-22T16:19:55.989+0000] {dag.py:3089} INFO - Sync 1 DAGs
[2026-09-22T16:19:56.007+0000] {logging_mixin.py:188} INFO - [2026-09-22T16:19:56.007+0000] {dag.py:3947} INFO - Setting next_dagrun for tutorial_dag to None, run_after=None
[2026-09-22T16:19:56.036+0000] {processor.py:183} INFO - Processing /home/airflow/.local/lib/python3.12/site-packages/airflow/example_dags/tutorial_dag.py took 0.172 seconds
[2026-09-22T16:20:26.388+0000] {processor.py:161} INFO - Started process (PID=174) to work on /home/airflow/.local/lib/python3.12/site-packages/airflow/example_dags/tutorial_dag.py
[2026-09-22T16:20:26.390+0000] {processor.py:830} INFO - Processing file /home/airflow/.local/lib/python3.12/site-packages/airflow/example_dags/tutorial_dag.py for tasks to queue
[2026-09-22T16:20:26.395+0000] {logging_mixin.py:188} INFO - [2026-09-22T16:20:26.394+0000] {dagbag.py:545} INFO - Filling up the DagBag from /home/airflow/.local/lib/python3.12/site-packages/airflow/example_dags/tutorial_dag.py
[2026-09-22T16:20:26.406+0000] {processor.py:840} INFO - DAG(s) 'tutorial_dag' retrieved from /home/airflow/.local/lib/python3.12/site-packages/airflow/example_dags/tutorial_dag.py
[2026-09-22T16:20:26.449+0000] {logging_mixin.py:188} INFO - [2026-09-22T16:20:26.449+0000] {dag.py:3089} INFO - Sync 1 DAGs
[2026-09-22T16:20:26.473+0000] {logging_mixin.py:188} INFO - [2026-09-22T16:20:26.472+0000] {dag.py:3947} INFO - Setting next_dagrun for tutorial_dag to None, run_after=None
[2026-09-22T16:20:26.563+0000] {processor.py:183} INFO - Processing /home/airflow/.local/lib/python3.12/site-packages/airflow/example_dags/tutorial_dag.py took 0.192 seconds
[2026-09-22T16:20:56.823+0000] {processor.py:161} INFO - Started process (PID=231) to work on /home/airflow/.local/lib/python3.12/site-packages/airflow/example_dags/tutorial_dag.py
[2026-09-22T16:20:56.824+0000] {processor.py:830} INFO - Processing file /home/airflow/.local/lib/python3.12/site-packages/airflow/example_dags/tutorial_dag.py for tasks to queue
[2026-09-22T16:20:56.827+0000] {logging_mixin.py:188} INFO - [2026-09-22T16:20:56.827+0000] {dagbag.py:545} INFO - Filling up the DagBag from /home/airflow/.local/lib/python3.12/site-packages/airflow/example_dags/tutorial_dag.py
[2026-09-22T16:20:56.836+0000] {processor.py:840} INFO - DAG(s) 'tutorial_dag' retrieved from /home/airflow/.local/lib/python3.12/site-packages/airflow/example_dags/tutorial_dag.py
[2026-09-22T16:20:56.873+0000] {logging_mixin.py:188} INFO - [2026-09-22T16:20:56.872+0000] {dag.py:3089} INFO - Sync 1 DAGs
[2026-09-22T16:20:56.897+0000] {logging_mixin.py:188} INFO - [2026-09-22T16:20:56.897+0000] {dag.py:3947} INFO - Setting next_dagrun for tutorial_dag to None, run_after=None
[2026-09-22T16:20:56.932+0000] {processor.py:183} INFO - Processing /home/airflow/.local/lib/python3.12/site-packages/airflow/example_dags/tutorial_dag.py took 0.119 seconds
[2026-09-22T16:21:27.667+0000] {processor.py:161} INFO - Started process (PID=289) to work on /home/airflow/.local/lib/python3.12/site-packages/airflow/example_dags/tutorial_dag.py
[2026-09-22T16:21:27.670+0000] {processor.py:830} INFO - Processing file /home/airflow/.local/lib/python3.12/site-packages/airflow/example_dags/tutorial_dag.py for tasks to queue
[2026-09-22T16:21:27.674+0000] {logging_mixin.py:188} INFO - [2026-09-22T16:21:27.674+0000] {dagbag.py:545} INFO - Filling up the DagBag from /home/airflow/.local/lib/python3.12/site-packages/airflow/example_dags/tutorial_dag.py
[2026-09-22T16:21:27.685+0000] {processor.py:840} INFO - DAG(s) 'tutorial_dag' retrieved from /home/airflow/.local/lib/python3.12/site-packages/airflow/example_dags/tutorial_dag.py
[2026-09-22T16:21:27.725+0000] {logging_mixin.py:188} INFO - [2026-09-22T16:21:27.724+0000] {dag.py:3089} INFO - Sync 1 DAGs
[2026-09-22T16:21:27.747+0000] {logging_mixin.py:188} INFO - [2026-09-22T16:21:27.746+0000] {dag.py:3947} INFO - Setting next_dagrun for tutorial_dag to None, run_after=None
[2026-09-22T16:21:27.824+0000] {processor.py:183} INFO - Processing /home/airflow/.local/lib/python3.12/site-packages/airflow/example_dags/tutorial_dag.py took 0.177 seconds
[2026-09-22T16:21:58.341+0000] {processor.py:161} INFO - Started process (PID=347) to work on /home/airflow/.local/lib/python3.12/site-packages/airflow/example_dags/tutorial_dag.py
[2026-09-22T16:21:58.343+0000] {processor.py:830} INFO - Processing file /home/airflow/.local/lib/python3.12/site-packages/airflow/example_dags/tutorial_dag.py for tasks to queue
[2026-09-22T16:21:58.348+0000] {logging_mixin.py:188} INFO - [2026-09-22T16:21:58.347+0000] {dagbag.py:545} INFO - Filling up the DagBag from /home/airflow/.local/lib/python3.12/site-packages/airflow/example_dags/tutorial_dag.py
[2026-09-22T16:21:58.358+0000] {processor.py:840} INFO - DAG(s) 'tutorial_dag' retrieved from /home/airflow/.local/lib/python3.12/site-packages/airflow/example_dags/tutorial_dag.py
[2026-09-22T16:21:58.396+0000] {logging_mixin.py:188} INFO - [2026-09-22T16:21:58.395+0000] {dag.py:3089} INFO - Sync 1 DAGs
[2026-09-22T16:21:58.423+0000] {logging_mixin.py:188} INFO - [2026-09-22T16:21:58.423+0000] {dag.py:3947} INFO - Setting next_dagrun for tutorial_dag to None, run_after=None
[2026-09-22T16:21:58.466+0000] {processor.py:183} INFO - Processing /home/airflow/.local/lib/python3.12/site-packages/airflow/example_dags/tutorial_dag.py took 0.134 seconds
[2026-09-22T16:22:29.107+0000] {processor.py:161} INFO - Started process (PID=405) to work on /home/airflow/.local/lib/python3.12/site-packages/airflow/example_dags/tutorial_dag.py
[2026-09-22T16:22:29.109+0000] {processor.py:830} INFO - Processing file /home/airflow/.local/lib/python3.12/site-packages/airflow/example_dags/tutorial_dag.py for tasks to queue
[2026-09-22T16:22:29.112+0000] {logging_mixin.py:188} INFO - [2026-09-22T16:22:29.111+0000] {dagbag.py:545} INFO - Filling up the DagBag from /home/airflow/.local/lib/python3.12/site-packages/airflow/example_dags/tutorial_dag.py
[2026-09-22T16:22:29.118+0000] {processor.py:840} INFO - DAG(s) 'tutorial_dag' retrieved from /home/airflow/.local/lib/python3.12/site-packages/airflow/example_dags/tutorial_dag.py
[2026-09-22T16:22:29.158+0000] {logging_mixin.py:188} INFO - [2026-09-22T16:22:29.157+0000] {dag.py:3089} INFO - Sync 1 DAGs
[2026-09-22T16:22:29.178+0000] {logging_mixin.py:188} INFO - [2026-09-22T16:22:29.178+0000] {dag.py:3947} INFO - Setting next_dagrun for tutorial_dag to None, run_after=None
[2026-09-22T16:22:29.212+0000] {processor.py:183} INFO - Processing /home/airflow/.local/lib/python3.12/site-packages/airflow/example_dags/tutorial_dag.py took 0.117 seconds
[2026-09-22T16:22:59.622+0000] {processor.py:161} INFO - Started process (PID=463) to work on /home/airflow/.local/lib/python3.12/site-packages/airflow/example_dags/tutorial_dag.py
[2026-09-22T16:22:59.625+0000] {processor.py:830} INFO - Processing file /home/airflow/.local/lib/python3.12/site-packages/airflow/example_dags/tutorial_dag.py for tasks to queue
[2026-09-22T16:22:59.629+0000] {logging_mixin.py:188} INFO - [2026-09-22T16:22:59.628+0000] {dagbag.py:545} INFO - Filling up the DagBag from /home/airflow/.local/lib/python3.12/site-packages/airflow/example_dags/tutorial_dag.py
[2026-09-22T16:22:59.638+0000] {processor.py:840} INFO - DAG(s) 'tutorial_dag' retrieved from /home/airflow/.local/lib/python3.12/site-packages/airflow/example_dags/tutorial_dag.py
[2026-09-22T16:22:59.680+0000] {logging_mixin.py:188} INFO - [2026-09-22T16:22:59.680+0000] {dag.py:3089} INFO - Sync 1 DAGs
[2026-09-22T16:22:59.706+0000] {logging_mixin.py:188} INFO - [2026-09-22T16:22:59.706+0000] {dag.py:3947} INFO - Setting next_dagrun for tutorial_dag to None, run_after=None
[2026-09-22T16:22:59.781+0000] {processor.py:183} INFO - Processing /home/airflow/.local/lib/python3.12/site-packages/airflow/example_dags/tutorial_dag.py took 0.171 seconds
[2026-09-22T16:23:30.012+0000] {processor.py:161} INFO - Started process (PID=521) to work on /home/airflow/.local/lib/python3.12/site-packages/airflow/example_dags/tutorial_dag.py
[2026-09-22T16:23:30.014+0000] {processor.py:830} INFO - Processing file /home/airflow/.local/lib/python3.12/site-packages/airflow/example_dags/tutorial_dag.py for tasks to queue
[2026-09-22T16:23:30.018+0000] {logging_mixin.py:188} INFO - [2026-09-22T16:23:30.018+0000] {dagbag.py:545} INFO - Filling up the DagBag from /home/airflow/.local/lib/python3.12/site-packages/airflow/example_dags/tutorial_dag.py
[2026-09-22T16:23:30.034+0000] {processor.py:840} INFO - DAG(s) 'tutorial_dag' retrieved from /home/airflow/.local/lib/python3.12/site-packages/airflow/example_dags/tutorial_dag.py
[2026-09-22T16:23:30.069+0000] {logging_mixin.py:188} INFO - [2026-09-22T16:23:30.069+0000] {dag.py:3089} INFO - Sync 1 DAGs
[2026-09-22T16:23:30.095+0000] {logging_mixin.py:188} INFO - [2026-09-22T16:23:30.095+0000] {dag.py:3947} INFO - Setting next_dagrun for tutorial_dag to None, run_after=None
[2026-09-22T16:23:30.181+0000] {processor.py:183} INFO - Processing /home/airflow/.local/lib/python3.12/site-packages/airflow/example_dags/tutorial_dag.py took 0.188 seconds
[2026-09-22T16:24:00.467+0000] {processor.py:161} INFO - Started process (PID=579) to work on /home/airflow/.local/lib/python3.12/site-packages/airflow/example_dags/tutorial_dag.py
[2026-09-22T16:24:00.469+0000] {processor.py:830} INFO - Processing file /home/airflow/.local/lib/python3.12/site-packages/airflow/example_dags/tutorial_dag.py for tasks to queue
[2026-09-22T16:24:00.472+0000] {logging_mixin.py:188} INFO - [2026-09-22T16:24:00.471+0000] {dagbag.py:545} INFO - Filling up the DagBag from /home/airflow/.local/lib/python3.12/site-packages/airflow/example_dags/tutorial_dag.py
[2026-09-22T16:24:00.480+0000] {processor.py:840} INFO - DAG(s) 'tutorial_dag' retrieved from /home/airflow/.local/lib/python3.12/site-packages/airflow/example_dags/tutorial_dag.py
[2026-09-22T16:24:00.509+0000] {logging_mixin.py:188} INFO - [2026-09-22T16:24:00.508+0000] {dag.py:3089} INFO - Sync 1 DAGs
[2026-09-22T16:24:00.528+0000] {logging_mixin.py:188} INFO - [2026-09-22T16:24:00.528+0000] {dag.py:3947} INFO - Setting next_dagrun for tutorial_dag to None, run_after=None
[2026-09-22T16:24:00.618+0000] {processor.py:183} INFO - Processing /home/airflow/.local/lib/python3.12/site-packages/airflow/example_dags/tutorial_dag.py took 0.163 seconds
[2026-09-22T16:24:30.822+0000] {processor.py:161} INFO - Started process (PID=637) to work on /home/airflow/.local/lib/python3.12/site-packages/airflow/example_dags/tutorial_dag.py
[2026-09-22T16:24:30.826+0000] {processor.py:830} INFO - Processing file /home/airflow/.local/lib/python3.12/site-packages/airflow/example_dags/tutorial_dag.py for tasks to queue
[2026-09-22T16:24:30.830+0000] {logging_mixin.py:188} INFO - [2026-09-22T16:24:30.829+0000] {dagbag.py:545} INFO - Filling up the DagBag from /home/airflow/.local/lib/python3.12/site-packages/airflow/example_dags/tutorial_dag.py
[2026-09-22T16:24:30.845+0000] {processor.py:840} INFO - DAG(s) 'tutorial_dag' retrieved from /home/airflow/.local/lib/python3.12/site-packages/airflow/example_dags/tutorial_dag.py
[2026-09-22T16:24:30.880+0000] {logging_mixin.py:188} INFO - [2026-09-22T16:24:30.879+0000] {dag.py:3089} INFO - Sync 1 DAGs
[2026-09-22T16:24:30.899+0000] {logging_mixin.py:188} INFO - [2026-09-22T16:24:30.899+0000] {dag.py:3947} INFO - Setting next_dagrun for tutorial_dag to None, run_after=None
[2026-09-22T16:24:30.930+0000] {processor.py:183} INFO - Processing /home/airflow/.local/lib/python3.12/site-packages/airflow/example_dags/tutorial_dag.py took 0.120 seconds
[2026-09-22T16:25:01.118+0000] {processor.py:161} INFO - Started process (PID=701) to work on /home/airflow/.local/lib/python3.12/site-packages/airflow/example_dags/tutorial_dag.py
[2026-09-22T16:25:01.120+0000] {processor.py:830} INFO - Processing file /home/airflow/.local/lib/python3.12/site-packages/airflow/example_dags/tutorial_dag.py for tasks to queue
[2026-09-22T16:25:01.123+0000] {logging_mixin.py:188} INFO - [2026-09-22T16:25:01.123+0000] {dagbag.py:545} INFO - Filling up the DagBag from /home/airflow/.local/lib/python3.12/site-packages/airflow/example_dags/tutorial_dag.py
[2026-09-22T16:25:01.132+0000] {processor.py:840} INFO - DAG(s) 'tutorial_dag' retrieved from /home/airflow/.local/lib/python3.12/site-packages/airflow/example_dags/tutorial_dag.py
[2026-09-22T16:25:01.169+0000] {logging_mixin.py:188} INFO - [2026-09-22T16:25:01.168+0000] {dag.py:3089} INFO - Sync 1 DAGs
[2026-09-22T16:25:01.190+0000] {logging_mixin.py:188} INFO - [2026-09-22T16:25:01.189+0000] {dag.py:3947} INFO - Setting next_dagrun for tutorial_dag to None, run_after=None
[2026-09-22T16:25:01.287+0000] {processor.py:183} INFO - Processing /home/airflow/.local/lib/python3.12/site-packages/airflow/example_dags/tutorial_dag.py took 0.179 seconds
[2026-09-22T16:25:31.830+0000] {processor.py:161} INFO - Started process (PID=759) to work on /home/airflow/.local/lib/python3.12/site-packages/airflow/example_dags/tutorial_dag.py
[2026-09-22T16:25:31.832+0000] {processor.py:830} INFO - Processing file /home/airflow/.local/lib/python3.12/site-packages/airflow/example_dags/tutorial_dag.py for tasks to queue
[2026-09-22T16:25:31.837+0000] {logging_mixin.py:188} INFO - [2026-09-22T16:25:31.836+0000] {dagbag.py:545} INFO - Filling up the DagBag from /home/airflow/.local/lib/python3.12/site-packages/airflow/example_dags/tutorial_dag.py
[2026-09-22T16:25:31.846+0000] {processor.py:840} INFO - DAG(s) 'tutorial_dag' retrieved from /home/airflow/.local/lib/python3.12/site-packages/airflow/example_dags/tutorial_dag.py
[2026-09-22T16:25:31.880+0000] {logging_mixin.py:188} INFO - [2026-09-22T16:25:31.879+0000] {dag.py:3089} INFO - Sync 1 DAGs
[2026-09-22T16:25:31.900+0000] {logging_mixin.py:188} INFO - [2026-09-22T16:25:31.900+0000] {dag.py:3947} INFO - Setting next_dagrun for tutorial_dag to None, run_after=None
[2026-09-22T16:25:31.989+0000] {processor.py:183} INFO - Processing /home/airflow/.local/lib/python3.12/site-packages/airflow/example_dags/tutorial_dag.py took 0.171 seconds
[2026-09-22T16:26:02.214+0000] {processor.py:161} INFO - Started process (PID=817) to work on /home/airflow/.local/lib/python3.12/site-packages/airflow/example_dags/tutorial_dag.py
[2026-09-22T16:26:02.216+0000] {processor.py:830} INFO - Processing file /home/airflow/.local/lib/python3.12/site-packages/airflow/example_dags/tutorial_dag.py for tasks to queue
[2026-09-22T16:26:02.220+0000] {logging_mixin.py:188} INFO - [2026-09-22T16:26:02.220+0000] {dagbag.py:545} INFO - Filling up the DagBag from /home/airflow/.local/lib/python3.12/site-packages/airflow/example_dags/tutorial_dag.py
[2026-09-22T16:26:02.230+0000] {processor.py:840} INFO - DAG(s) 'tutorial_dag' retrieved from /home/airflow/.local/lib/python3.12/site-packages/airflow/example_dags/tutorial_dag.py
[2026-09-22T16:26:02.277+0000] {logging_mixin.py:188} INFO - [2026-09-22T16:26:02.277+0000] {dag.py:3089} INFO - Sync 1 DAGs
[2026-09-22T16:26:02.307+0000] {logging_mixin.py:188} INFO - [2026-09-22T16:26:02.307+0000] {dag.py:3947} INFO - Setting next_dagrun for tutorial_dag to None, run_after=None
[2026-09-22T16:26:02.394+0000] {processor.py:183} INFO - Processing /home/airflow/.local/lib/python3.12/site-packages/airflow/example_dags/tutorial_dag.py took 0.192 seconds
[2026-09-22T16:26:32.722+0000] {processor.py:161} INFO - Started process (PID=875) to work on /home/airflow/.local/lib/python3.12/site-packages/airflow/example_dags/tutorial_dag.py
[2026-09-22T16:26:32.724+0000] {processor.py:830} INFO - Processing file /home/airflow/.local/lib/python3.12/site-packages/airflow/example_dags/tutorial_dag.py for tasks to queue
[2026-09-22T16:26:32.729+0000] {logging_mixin.py:188} INFO - [2026-09-22T16:26:32.729+0000] {dagbag.py:545} INFO - Filling up the DagBag from /home/airflow/.local/lib/python3.12/site-packages/airflow/example_dags/tutorial_dag.py
[2026-09-22T16:26:32.741+0000] {processor.py:840} INFO - DAG(s) 'tutorial_dag' retrieved from /home/airflow/.local/lib/python3.12/site-packages/airflow/example_dags/tutorial_dag.py
[2026-09-22T16:26:32.783+0000] {logging_mixin.py:188} INFO - [2026-09-22T16:26:32.783+0000] {dag.py:3089} INFO - Sync 1 DAGs
[2026-09-22T16:26:32.805+0000] {logging_mixin.py:188} INFO - [2026-09-22T16:26:32.804+0000] {dag.py:3947} INFO - Setting next_dagrun for tutorial_dag to None, run_after=None
[2026-09-22T16:26:32.888+0000] {processor.py:183} INFO - Processing /home/airflow/.local/lib/python3.12/site-packages/airflow/example_dags/tutorial_dag.py took 0.175 seconds
[2026-09-22T16:27:03.215+0000] {processor.py:161} INFO - Started process (PID=933) to work on /home/airflow/.local/lib/python3.12/site-packages/airflow/example_dags/tutorial_dag.py
[2026-09-22T16:27:03.216+0000] {processor.py:830} INFO - Processing file /home/airflow/.local/lib/python3.12/site-packages/airflow/example_dags/tutorial_dag.py for tasks to queue
[2026-09-22T16:27:03.219+0000] {logging_mixin.py:188} INFO - [2026-09-22T16:27:03.219+0000] {dagbag.py:545} INFO - Filling up the DagBag from /home/airflow/.local/lib/python3.12/site-packages/airflow/example_dags/tutorial_dag.py
[2026-09-22T16:27:03.226+0000] {processor.py:840} INFO - DAG(s) 'tutorial_dag' retrieved from /home/airflow/.local/lib/python3.12/site-packages/airflow/example_dags/tutorial_dag.py
[2026-09-22T16:27:03.256+0000] {logging_mixin.py:188} INFO - [2026-09-22T16:27:03.255+0000] {dag.py:3089} INFO - Sync 1 DAGs
[2026-09-22T16:27:03.275+0000] {logging_mixin.py:188} INFO - [2026-09-22T16:27:03.275+0000] {dag.py:3947} INFO - Setting next_dagrun for tutorial_dag to None, run_after=None
[2026-09-22T16:27:03.372+0000] {processor.py:183} INFO - Processing /home/airflow/.local/lib/python3.12/site-packages/airflow/example_dags/tutorial_dag.py took 0.167 seconds
[2026-09-22T16:27:33.939+0000] {processor.py:161} INFO - Started process (PID=991) to work on /home/airflow/.local/lib/python3.12/site-packages/airflow/example_dags/tutorial_dag.py
[2026-09-22T16:27:33.941+0000] {processor.py:830} INFO - Processing file /home/airflow/.local/lib/python3.12/site-packages/airflow/example_dags/tutorial_dag.py for tasks to queue
[2026-09-22T16:27:33.943+0000] {logging_mixin.py:188} INFO - [2026-09-22T16:27:33.943+0000] {dagbag.py:545} INFO - Filling up the DagBag from /home/airflow/.local/lib/python3.12/site-packages/airflow/example_dags/tutorial_dag.py
[2026-09-22T16:27:33.949+0000] {processor.py:840} INFO - DAG(s) 'tutorial_dag' retrieved from /home/airflow/.local/lib/python3.12/site-packages/airflow/example_dags/tutorial_dag.py
[2026-09-22T16:27:33.984+0000] {logging_mixin.py:188} INFO - [2026-09-22T16:27:33.983+0000] {dag.py:3089} INFO - Sync 1 DAGs
[2026-09-22T16:27:34.000+0000] {logging_mixin.py:188} INFO - [2026-09-22T16:27:33.999+0000] {dag.py:3947} INFO - Setting next_dagrun for tutorial_dag to None, run_after=None
[2026-09-22T16:27:34.077+0000] {processor.py:183} INFO - Processing /home/airflow/.local/lib/python3.12/site-packages/airflow/example_dags/tutorial_dag.py took 0.145 seconds
[2026-09-22T16:28:04.685+0000] {processor.py:161} INFO - Started process (PID=1049) to work on /home/airflow/.local/lib/python3.12/site-packages/airflow/example_dags/tutorial_dag.py
[2026-09-22T16:28:04.687+0000] {processor.py:830} INFO - Processing file /home/airflow/.local/lib/python3.12/site-packages/airflow/example_dags/tutorial_dag.py for tasks to queue
[2026-09-22T16:28:04.691+0000] {logging_mixin.py:188} INFO - [2026-09-22T16:28:04.690+0000] {dagbag.py:545} INFO - Filling up the DagBag from /home/airflow/.local/lib/python3.12/site-packages/airflow/example_dags/tutorial_dag.py
[2026-09-22T16:28:04.700+0000] {processor.py:840} INFO - DAG(s) 'tutorial_dag' retrieved from /home/airflow/.local/lib/python3.12/site-packages/airflow/example_dags/tutorial_dag.py
[2026-09-22T16:28:04.735+0000] {logging_mixin.py:188} INFO - [2026-09-22T16:28:04.735+0000] {dag.py:3089} INFO - Sync 1 DAGs
[2026-09-22T16:28:04.758+0000] {logging_mixin.py:188} INFO - [2026-09-22T16:28:04.757+0000] {dag.py:3947} INFO - Setting next_dagrun for tutorial_dag to None, run_after=None
[2026-09-22T16:28:04.794+0000] {processor.py:183} INFO - Processing /home/airflow/.local/lib/python3.12/site-packages/airflow/example_dags/tutorial_dag.py took 0.121 seconds
[2026-09-22T16:28:35.705+0000] {processor.py:161} INFO - Started process (PID=1107) to work on /home/airflow/.local/lib/python3.12/site-packages/airflow/example_dags/tutorial_dag.py
[2026-09-22T16:28:35.706+0000] {processor.py:830} INFO - Processing file /home/airflow/.local/lib/python3.12/site-packages/airflow/example_dags/tutorial_dag.py for tasks to queue
[2026-09-22T16:28:35.709+0000] {logging_mixin.py:188} INFO - [2026-09-22T16:28:35.709+0000] {dagbag.py:545} INFO - Filling up the DagBag from /home/airflow/.local/lib/python3.12/site-packages/airflow/example_dags/tutorial_dag.py
[2026-09-22T16:28:35.718+0000] {processor.py:840} INFO - DAG(s) 'tutorial_dag' retrieved from /home/airflow/.local/lib/python3.12/site-packages/airflow/example_dags/tutorial_dag.py
[2026-09-22T16:28:35.752+0000] {logging_mixin.py:188} INFO - [2026-09-22T16:28:35.751+0000] {dag.py:3089} INFO - Sync 1 DAGs
[2026-09-22T16:28:35.773+0000] {logging_mixin.py:188} INFO - [2026-09-22T16:28:35.773+0000] {dag.py:3947} INFO - Setting next_dagrun for tutorial_dag to None, run_after=None
[2026-09-22T16:28:35.855+0000] {processor.py:183} INFO - Processing /home/airflow/.local/lib/python3.12/site-packages/airflow/example_dags/tutorial_dag.py took 0.159 seconds
[2026-09-22T16:29:06.378+0000] {processor.py:161} INFO - Started process (PID=1165) to work on /home/airflow/.local/lib/python3.12/site-packages/airflow/example_dags/tutorial_dag.py
[2026-09-22T16:29:06.380+0000] {processor.py:830} INFO - Processing file /home/airflow/.local/lib/python3.12/site-packages/airflow/example_dags/tutorial_dag.py for tasks to queue
[2026-09-22T16:29:06.383+0000] {logging_mixin.py:188} INFO - [2026-09-22T16:29:06.382+0000] {dagbag.py:545} INFO - Filling up the DagBag from /home/airflow/.local/lib/python3.12/site-packages/airflow/example_dags/tutorial_dag.py
[2026-09-22T16:29:06.391+0000] {processor.py:840} INFO - DAG(s) 'tutorial_dag' retrieved from /home/airflow/.local/lib/python3.12/site-packages/airflow/example_dags/tutorial_dag.py
[2026-09-22T16:29:06.429+0000] {logging_mixin.py:188} INFO - [2026-09-22T16:29:06.429+0000] {dag.py:3089} INFO - Sync 1 DAGs
[2026-09-22T16:29:06.449+0000] {logging_mixin.py:188} INFO - [2026-09-22T16:29:06.449+0000] {dag.py:3947} INFO - Setting next_dagrun for tutorial_dag to None, run_after=None
[2026-09-22T16:29:06.534+0000] {processor.py:183} INFO - Processing /home/airflow/.local/lib/python3.12/site-packages/airflow/example_dags/tutorial_dag.py took 0.167 seconds
[2026-09-22T16:29:36.950+0000] {processor.py:161} INFO - Started process (PID=1222) to work on /home/airflow/.local/lib/python3.12/site-packages/airflow/example_dags/tutorial_dag.py
[2026-09-22T16:29:36.953+0000] {processor.py:830} INFO - Processing file /home/airflow/.local/lib/python3.12/site-packages/airflow/example_dags/tutorial_dag.py for tasks to queue
[2026-09-22T16:29:36.957+0000] {logging_mixin.py:188} INFO - [2026-09-22T16:29:36.956+0000] {dagbag.py:545} INFO - Filling up the DagBag from /home/airflow/.local/lib/python3.12/site-packages/airflow/example_dags/tutorial_dag.py
[2026-09-22T16:29:36.965+0000] {processor.py:840} INFO - DAG(s) 'tutorial_dag' retrieved from /home/airflow/.local/lib/python3.12/site-packages/airflow/example_dags/tutorial_dag.py
[2026-09-22T16:29:37.007+0000] {logging_mixin.py:188} INFO - [2026-09-22T16:29:37.007+0000] {dag.py:3089} INFO - Sync 1 DAGs
[2026-09-22T16:29:37.023+0000] {logging_mixin.py:188} INFO - [2026-09-22T16:29:37.023+0000] {dag.py:3947} INFO - Setting next_dagrun for tutorial_dag to None, run_after=None
[2026-09-22T16:29:37.086+0000] {processor.py:183} INFO - Processing /home/airflow/.local/lib/python3.12/site-packages/airflow/example_dags/tutorial_dag.py took 0.145 seconds
[2026-09-22T16:30:07.197+0000] {processor.py:161} INFO - Started process (PID=1280) to work on /home/airflow/.local/lib/python3.12/site-packages/airflow/example_dags/tutorial_dag.py
[2026-09-22T16:30:07.201+0000] {processor.py:830} INFO - Processing file /home/airflow/.local/lib/python3.12/site-packages/airflow/example_dags/tutorial_dag.py for tasks to queue
[2026-09-22T16:30:07.205+0000] {logging_mixin.py:188} INFO - [2026-09-22T16:30:07.204+0000] {dagbag.py:545} INFO - Filling up the DagBag from /home/airflow/.local/lib/python3.12/site-packages/airflow/example_dags/tutorial_dag.py
[2026-09-22T16:30:07.215+0000] {processor.py:840} INFO - DAG(s) 'tutorial_dag' retrieved from /home/airflow/.local/lib/python3.12/site-packages/airflow/example_dags/tutorial_dag.py
[2026-09-22T16:30:07.255+0000] {logging_mixin.py:188} INFO - [2026-09-22T16:30:07.254+0000] {dag.py:3089} INFO - Sync 1 DAGs
[2026-09-22T16:30:07.281+0000] {logging_mixin.py:188} INFO - [2026-09-22T16:30:07.281+0000] {dag.py:3947} INFO - Setting next_dagrun for tutorial_dag to None, run_after=None
[2026-09-22T16:30:07.366+0000] {processor.py:183} INFO - Processing /home/airflow/.local/lib/python3.12/site-packages/airflow/example_dags/tutorial_dag.py took 0.180 seconds
[2026-09-22T16:30:37.652+0000] {processor.py:161} INFO - Started process (PID=1338) to work on /home/airflow/.local/lib/python3.12/site-packages/airflow/example_dags/tutorial_dag.py
[2026-09-22T16:30:37.654+0000] {processor.py:830} INFO - Processing file /home/airflow/.local/lib/python3.12/site-packages/airflow/example_dags/tutorial_dag.py for tasks to queue
[2026-09-22T16:30:37.659+0000] {logging_mixin.py:188} INFO - [2026-09-22T16:30:37.657+0000] {dagbag.py:545} INFO - Filling up the DagBag from /home/airflow/.local/lib/python3.12/site-packages/airflow/example_dags/tutorial_dag.py
[2026-09-22T16:30:37.669+0000] {processor.py:840} INFO - DAG(s) 'tutorial_dag' retrieved from /home/airflow/.local/lib/python3.12/site-packages/airflow/example_dags/tutorial_dag.py
[2026-09-22T16:30:37.704+0000] {logging_mixin.py:188} INFO - [2026-09-22T16:30:37.703+0000] {dag.py:3089} INFO - Sync 1 DAGs
[2026-09-22T16:30:37.725+0000] {logging_mixin.py:188} INFO - [2026-09-22T16:30:37.725+0000] {dag.py:3947} INFO - Setting next_dagrun for tutorial_dag to None, run_after=None
[2026-09-22T16:30:37.760+0000] {processor.py:183} INFO - Processing /home/airflow/.local/lib/python3.12/site-packages/airflow/example_dags/tutorial_dag.py took 0.119 seconds
[2026-09-22T16:31:08.310+0000] {processor.py:161} INFO - Started process (PID=1396) to work on /home/airflow/.local/lib/python3.12/site-packages/airflow/example_dags/tutorial_dag.py
[2026-09-22T16:31:08.312+0000] {processor.py:830} INFO - Processing file /home/airflow/.local/lib/python3.12/site-packages/airflow/example_dags/tutorial_dag.py for tasks to queue
[2026-09-22T16:31:08.317+0000] {logging_mixin.py:188} INFO - [2026-09-22T16:31:08.316+0000] {dagbag.py:545} INFO - Filling up the DagBag from /home/airflow/.local/lib/python3.12/site-packages/airflow/example_dags/tutorial_dag.py
[2026-09-22T16:31:08.329+0000] {processor.py:840} INFO - DAG(s) 'tutorial_dag' retrieved from /home/airflow/.local/lib/python3.12/site-packages/airflow/example_dags/tutorial_dag.py
[2026-09-22T16:31:08.365+0000] {logging_mixin.py:188} INFO - [2026-09-22T16:31:08.365+0000] {dag.py:3089} INFO - Sync 1 DAGs
[2026-09-22T16:31:08.389+0000] {logging_mixin.py:188} INFO - [2026-09-22T16:31:08.389+0000] {dag.py:3947} INFO - Setting next_dagrun for tutorial_dag to None, run_after=None
[2026-09-22T16:31:08.473+0000] {processor.py:183} INFO - Processing /home/airflow/.local/lib/python3.12/site-packages/airflow/example_dags/tutorial_dag.py took 0.171 seconds
[2026-09-22T16:31:38.992+0000] {processor.py:161} INFO - Started process (PID=1454) to work on /home/airflow/.local/lib/python3.12/site-packages/airflow/example_dags/tutorial_dag.py
[2026-09-22T16:31:38.993+0000] {processor.py:830} INFO - Processing file /home/airflow/.local/lib/python3.12/site-packages/airflow/example_dags/tutorial_dag.py for tasks to queue
[2026-09-22T16:31:38.997+0000] {logging_mixin.py:188} INFO - [2026-09-22T16:31:38.996+0000] {dagbag.py:545} INFO - Filling up the DagBag from /home/airflow/.local/lib/python3.12/site-packages/airflow/example_dags/tutorial_dag.py
[2026-09-22T16:31:39.007+0000] {processor.py:840} INFO - DAG(s) 'tutorial_dag' retrieved from /home/airflow/.local/lib/python3.12/site-packages/airflow/example_dags/tutorial_dag.py
[2026-09-22T16:31:39.042+0000] {logging_mixin.py:188} INFO - [2026-09-22T16:31:39.041+0000] {dag.py:3089} INFO - Sync 1 DAGs
[2026-09-22T16:31:39.065+0000] {logging_mixin.py:188} INFO - [2026-09-22T16:31:39.065+0000] {dag.py:3947} INFO - Setting next_dagrun for tutorial_dag to None, run_after=None
[2026-09-22T16:31:39.101+0000] {processor.py:183} INFO - Processing /home/airflow/.local/lib/python3.12/site-packages/airflow/example_dags/tutorial_dag.py took 0.116 seconds
[2026-09-22T16:32:09.485+0000] {processor.py:161} INFO - Started process (PID=1512) to work on /home/airflow/.local/lib/python3.12/site-packages/airflow/example_dags/tutorial_dag.py
[2026-09-22T16:32:09.498+0000] {processor.py:830} INFO - Processing file /home/airflow/.local/lib/python3.12/site-packages/airflow/example_dags/tutorial_dag.py for tasks to queue
[2026-09-22T16:32:09.502+0000] {logging_mixin.py:188} INFO - [2026-09-22T16:32:09.501+0000] {dagbag.py:545} INFO - Filling up the DagBag from /home/airflow/.local/lib/python3.12/site-packages/airflow/example_dags/tutorial_dag.py
[2026-09-22T16:32:09.512+0000] {processor.py:840} INFO - DAG(s) 'tutorial_dag' retrieved from /home/airflow/.local/lib/python3.12/site-packages/airflow/example_dags/tutorial_dag.py
[2026-09-22T16:32:09.553+0000] {logging_mixin.py:188} INFO - [2026-09-22T16:32:09.552+0000] {dag.py:3089} INFO - Sync 1 DAGs
[2026-09-22T16:32:09.577+0000] {logging_mixin.py:188} INFO - [2026-09-22T16:32:09.576+0000] {dag.py:3947} INFO - Setting next_dagrun for tutorial_dag to None, run_after=None
[2026-09-22T16:32:09.615+0000] {processor.py:183} INFO - Processing /home/airflow/.local/lib/python3.12/site-packages/airflow/example_dags/tutorial_dag.py took 0.142 seconds
[2026-09-22T16:32:40.423+0000] {processor.py:161} INFO - Started process (PID=1570) to work on /home/airflow/.local/lib/python3.12/site-packages/airflow/example_dags/tutorial_dag.py
[2026-09-22T16:32:40.424+0000] {processor.py:830} INFO - Processing file /home/airflow/.local/lib/python3.12/site-packages/airflow/example_dags/tutorial_dag.py for tasks to queue
[2026-09-22T16:32:40.430+0000] {logging_mixin.py:188} INFO - [2026-09-22T16:32:40.429+0000] {dagbag.py:545} INFO - Filling up the DagBag from /home/airflow/.local/lib/python3.12/site-packages/airflow/example_dags/tutorial_dag.py
[2026-09-22T16:32:40.448+0000] {processor.py:840} INFO - DAG(s) 'tutorial_dag' retrieved from /home/airflow/.local/lib/python3.12/site-packages/airflow/example_dags/tutorial_dag.py
[2026-09-22T16:32:40.500+0000] {logging_mixin.py:188} INFO - [2026-09-22T16:32:40.500+0000] {dag.py:3089} INFO - Sync 1 DAGs
[2026-09-22T16:32:40.545+0000] {logging_mixin.py:188} INFO - [2026-09-22T16:32:40.544+0000] {dag.py:3947} INFO - Setting next_dagrun for tutorial_dag to None, run_after=None
[2026-09-22T16:32:40.629+0000] {processor.py:183} INFO - Processing /home/airflow/.local/lib/python3.12/site-packages/airflow/example_dags/tutorial_dag.py took 0.213 seconds
[2026-09-22T16:33:11.025+0000] {processor.py:161} INFO - Started process (PID=1628) to work on /home/airflow/.local/lib/python3.12/site-packages/airflow/example_dags/tutorial_dag.py
[2026-09-22T16:33:11.027+0000] {processor.py:830} INFO - Processing file /home/airflow/.local/lib/python3.12/site-packages/airflow/example_dags/tutorial_dag.py for tasks to queue
[2026-09-22T16:33:11.030+0000] {logging_mixin.py:188} INFO - [2026-09-22T16:33:11.030+0000] {dagbag.py:545} INFO - Filling up the DagBag from /home/airflow/.local/lib/python3.12/site-packages/airflow/example_dags/tutorial_dag.py
[2026-09-22T16:33:11.041+0000] {processor.py:840} INFO - DAG(s) 'tutorial_dag' retrieved from /home/airflow/.local/lib/python3.12/site-packages/airflow/example_dags/tutorial_dag.py
[2026-09-22T16:33:11.076+0000] {logging_mixin.py:188} INFO - [2026-09-22T16:33:11.076+0000] {dag.py:3089} INFO - Sync 1 DAGs
[2026-09-22T16:33:11.098+0000] {logging_mixin.py:188} INFO - [2026-09-22T16:33:11.097+0000] {dag.py:3947} INFO - Setting next_dagrun for tutorial_dag to None, run_after=None
[2026-09-22T16:33:11.197+0000] {processor.py:183} INFO - Processing /home/airflow/.local/lib/python3.12/site-packages/airflow/example_dags/tutorial_dag.py took 0.188 seconds
[2026-09-22T16:33:41.683+0000] {processor.py:161} INFO - Started process (PID=1686) to work on /home/airflow/.local/lib/python3.12/site-packages/airflow/example_dags/tutorial_dag.py
[2026-09-22T16:33:41.685+0000] {processor.py:830} INFO - Processing file /home/airflow/.local/lib/python3.12/site-packages/airflow/example_dags/tutorial_dag.py for tasks to queue
[2026-09-22T16:33:41.689+0000] {logging_mixin.py:188} INFO - [2026-09-22T16:33:41.688+0000] {dagbag.py:545} INFO - Filling up the DagBag from /home/airflow/.local/lib/python3.12/site-packages/airflow/example_dags/tutorial_dag.py
[2026-09-22T16:33:41.697+0000] {processor.py:840} INFO - DAG(s) 'tutorial_dag' retrieved from /home/airflow/.local/lib/python3.12/site-packages/airflow/example_dags/tutorial_dag.py
[2026-09-22T16:33:41.725+0000] {logging_mixin.py:188} INFO - [2026-09-22T16:33:41.724+0000] {dag.py:3089} INFO - Sync 1 DAGs
[2026-09-22T16:33:41.746+0000] {logging_mixin.py:188} INFO - [2026-09-22T16:33:41.745+0000] {dag.py:3947} INFO - Setting next_dagrun for tutorial_dag to None, run_after=None
[2026-09-22T16:33:41.832+0000] {processor.py:183} INFO - Processing /home/airflow/.local/lib/python3.12/site-packages/airflow/example_dags/tutorial_dag.py took 0.158 seconds
[2026-09-22T16:34:11.912+0000] {processor.py:161} INFO - Started process (PID=1744) to work on /home/airflow/.local/lib/python3.12/site-packages/airflow/example_dags/tutorial_dag.py
[2026-09-22T16:34:11.914+0000] {processor.py:830} INFO - Processing file /home/airflow/.local/lib/python3.12/site-packages/airflow/example_dags/tutorial_dag.py for tasks to queue
[2026-09-22T16:34:11.917+0000] {logging_mixin.py:188} INFO - [2026-09-22T16:34:11.916+0000] {dagbag.py:545} INFO - Filling up the DagBag from /home/airflow/.local/lib/python3.12/site-packages/airflow/example_dags/tutorial_dag.py
[2026-09-22T16:34:11.924+0000] {processor.py:840} INFO - DAG(s) 'tutorial_dag' retrieved from /home/airflow/.local/lib/python3.12/site-packages/airflow/example_dags/tutorial_dag.py
[2026-09-22T16:34:11.956+0000] {logging_mixin.py:188} INFO - [2026-09-22T16:34:11.955+0000] {dag.py:3089} INFO - Sync 1 DAGs
[2026-09-22T16:34:11.979+0000] {logging_mixin.py:188} INFO - [2026-09-22T16:34:11.979+0000] {dag.py:3947} INFO - Setting next_dagrun for tutorial_dag to None, run_after=None
[2026-09-22T16:34:12.023+0000] {processor.py:183} INFO - Processing /home/airflow/.local/lib/python3.12/site-packages/airflow/example_dags/tutorial_dag.py took 0.122 seconds
[2026-09-22T16:34:42.259+0000] {processor.py:161} INFO - Started process (PID=1802) to work on /home/airflow/.local/lib/python3.12/site-packages/airflow/example_dags/tutorial_dag.py
[2026-09-22T16:34:42.262+0000] {processor.py:830} INFO - Processing file /home/airflow/.local/lib/python3.12/site-packages/airflow/example_dags/tutorial_dag.py for tasks to queue
[2026-09-22T16:34:42.275+0000] {logging_mixin.py:188} INFO - [2026-09-22T16:34:42.274+0000] {dagbag.py:545} INFO - Filling up the DagBag from /home/airflow/.local/lib/python3.12/site-packages/airflow/example_dags/tutorial_dag.py
[2026-09-22T16:34:42.294+0000] {processor.py:840} INFO - DAG(s) 'tutorial_dag' retrieved from /home/airflow/.local/lib/python3.12/site-packages/airflow/example_dags/tutorial_dag.py
[2026-09-22T16:34:42.375+0000] {logging_mixin.py:188} INFO - [2026-09-22T16:34:42.372+0000] {dag.py:3089} INFO - Sync 1 DAGs
[2026-09-22T16:34:42.432+0000] {logging_mixin.py:188} INFO - [2026-09-22T16:34:42.431+0000] {dag.py:3947} INFO - Setting next_dagrun for tutorial_dag to None, run_after=None
[2026-09-22T16:34:42.518+0000] {processor.py:183} INFO - Processing /home/airflow/.local/lib/python3.12/site-packages/airflow/example_dags/tutorial_dag.py took 0.274 seconds
[2026-09-22T16:35:12.879+0000] {processor.py:161} INFO - Started process (PID=1860) to work on /home/airflow/.local/lib/python3.12/site-packages/airflow/example_dags/tutorial_dag.py
[2026-09-22T16:35:12.881+0000] {processor.py:830} INFO - Processing file /home/airflow/.local/lib/python3.12/site-packages/airflow/example_dags/tutorial_dag.py for tasks to queue
[2026-09-22T16:35:12.886+0000] {logging_mixin.py:188} INFO - [2026-09-22T16:35:12.885+0000] {dagbag.py:545} INFO - Filling up the DagBag from /home/airflow/.local/lib/python3.12/site-packages/airflow/example_dags/tutorial_dag.py
[2026-09-22T16:35:12.895+0000] {processor.py:840} INFO - DAG(s) 'tutorial_dag' retrieved from /home/airflow/.local/lib/python3.12/site-packages/airflow/example_dags/tutorial_dag.py
[2026-09-22T16:35:12.922+0000] {logging_mixin.py:188} INFO - [2026-09-22T16:35:12.922+0000] {dag.py:3089} INFO - Sync 1 DAGs
[2026-09-22T16:35:12.945+0000] {logging_mixin.py:188} INFO - [2026-09-22T16:35:12.945+0000] {dag.py:3947} INFO - Setting next_dagrun for tutorial_dag to None, run_after=None
[2026-09-22T16:35:13.032+0000] {processor.py:183} INFO - Processing /home/airflow/.local/lib/python3.12/site-packages/airflow/example_dags/tutorial_dag.py took 0.162 seconds
[2026-09-22T16:35:43.595+0000] {processor.py:161} INFO - Started process (PID=1916) to work on /home/airflow/.local/lib/python3.12/site-packages/airflow/example_dags/tutorial_dag.py
[2026-09-22T16:35:43.597+0000] {processor.py:830} INFO - Processing file /home/airflow/.local/lib/python3.12/site-packages/airflow/example_dags/tutorial_dag.py for tasks to queue
[2026-09-22T16:35:43.601+0000] {logging_mixin.py:188} INFO - [2026-09-22T16:35:43.600+0000] {dagbag.py:545} INFO - Filling up the DagBag from /home/airflow/.local/lib/python3.12/site-packages/airflow/example_dags/tutorial_dag.py
[2026-09-22T16:35:43.610+0000] {processor.py:840} INFO - DAG(s) 'tutorial_dag' retrieved from /home/airflow/.local/lib/python3.12/site-packages/airflow/example_dags/tutorial_dag.py
[2026-09-22T16:35:43.650+0000] {logging_mixin.py:188} INFO - [2026-09-22T16:35:43.649+0000] {dag.py:3089} INFO - Sync 1 DAGs
[2026-09-22T16:35:43.676+0000] {logging_mixin.py:188} INFO - [2026-09-22T16:35:43.675+0000] {dag.py:3947} INFO - Setting next_dagrun for tutorial_dag to None, run_after=None
[2026-09-22T16:35:43.767+0000] {processor.py:183} INFO - Processing /home/airflow/.local/lib/python3.12/site-packages/airflow/example_dags/tutorial_dag.py took 0.182 seconds
[2026-09-22T16:36:14.012+0000] {processor.py:161} INFO - Started process (PID=1974) to work on /home/airflow/.local/lib/python3.12/site-packages/airflow/example_dags/tutorial_dag.py
[2026-09-22T16:36:14.014+0000] {processor.py:830} INFO - Processing file /home/airflow/.local/lib/python3.12/site-packages/airflow/example_dags/tutorial_dag.py for tasks to queue
[2026-09-22T16:36:14.019+0000] {logging_mixin.py:188} INFO - [2026-09-22T16:36:14.018+0000] {dagbag.py:545} INFO - Filling up the DagBag from /home/airflow/.local/lib/python3.12/site-packages/airflow/example_dags/tutorial_dag.py
[2026-09-22T16:36:14.030+0000] {processor.py:840} INFO - DAG(s) 'tutorial_dag' retrieved from /home/airflow/.local/lib/python3.12/site-packages/airflow/example_dags/tutorial_dag.py
[2026-09-22T16:36:14.065+0000] {logging_mixin.py:188} INFO - [2026-09-22T16:36:14.064+0000] {dag.py:3089} INFO - Sync 1 DAGs
[2026-09-22T16:36:14.090+0000] {logging_mixin.py:188} INFO - [2026-09-22T16:36:14.090+0000] {dag.py:3947} INFO - Setting next_dagrun for tutorial_dag to None, run_after=None
[2026-09-22T16:36:14.187+0000] {processor.py:183} INFO - Processing /home/airflow/.local/lib/python3.12/site-packages/airflow/example_dags/tutorial_dag.py took 0.183 seconds
[2026-09-22T16:36:44.483+0000] {processor.py:161} INFO - Started process (PID=2032) to work on /home/airflow/.local/lib/python3.12/site-packages/airflow/example_dags/tutorial_dag.py
[2026-09-22T16:36:44.484+0000] {processor.py:830} INFO - Processing file /home/airflow/.local/lib/python3.12/site-packages/airflow/example_dags/tutorial_dag.py for tasks to queue
[2026-09-22T16:36:44.487+0000] {logging_mixin.py:188} INFO - [2026-09-22T16:36:44.487+0000] {dagbag.py:545} INFO - Filling up the DagBag from /home/airflow/.local/lib/python3.12/site-packages/airflow/example_dags/tutorial_dag.py
[2026-09-22T16:36:44.495+0000] {processor.py:840} INFO - DAG(s) 'tutorial_dag' retrieved from /home/airflow/.local/lib/python3.12/site-packages/airflow/example_dags/tutorial_dag.py
[2026-09-22T16:36:44.523+0000] {logging_mixin.py:188} INFO - [2026-09-22T16:36:44.523+0000] {dag.py:3089} INFO - Sync 1 DAGs
[2026-09-22T16:36:44.542+0000] {logging_mixin.py:188} INFO - [2026-09-22T16:36:44.541+0000] {dag.py:3947} INFO - Setting next_dagrun for tutorial_dag to None, run_after=None
[2026-09-22T16:36:44.572+0000] {processor.py:183} INFO - Processing /home/airflow/.local/lib/python3.12/site-packages/airflow/example_dags/tutorial_dag.py took 0.100 seconds
[2026-09-22T16:37:14.683+0000] {processor.py:161} INFO - Started process (PID=2090) to work on /home/airflow/.local/lib/python3.12/site-packages/airflow/example_dags/tutorial_dag.py
[2026-09-22T16:37:14.685+0000] {processor.py:830} INFO - Processing file /home/airflow/.local/lib/python3.12/site-packages/airflow/example_dags/tutorial_dag.py for tasks to queue
[2026-09-22T16:37:14.688+0000] {logging_mixin.py:188} INFO - [2026-09-22T16:37:14.687+0000] {dagbag.py:545} INFO - Filling up the DagBag from /home/airflow/.local/lib/python3.12/site-packages/airflow/example_dags/tutorial_dag.py
[2026-09-22T16:37:14.696+0000] {processor.py:840} INFO - DAG(s) 'tutorial_dag' retrieved from /home/airflow/.local/lib/python3.12/site-packages/airflow/example_dags/tutorial_dag.py
[2026-09-22T16:37:14.732+0000] {logging_mixin.py:188} INFO - [2026-09-22T16:37:14.731+0000] {dag.py:3089} INFO - Sync 1 DAGs
[2026-09-22T16:37:14.754+0000] {logging_mixin.py:188} INFO - [2026-09-22T16:37:14.754+0000] {dag.py:3947} INFO - Setting next_dagrun for tutorial_dag to None, run_after=None
[2026-09-22T16:37:14.789+0000] {processor.py:183} INFO - Processing /home/airflow/.local/lib/python3.12/site-packages/airflow/example_dags/tutorial_dag.py took 0.113 seconds
[2026-09-22T16:37:44.933+0000] {processor.py:161} INFO - Started process (PID=2148) to work on /home/airflow/.local/lib/python3.12/site-packages/airflow/example_dags/tutorial_dag.py
[2026-09-22T16:37:44.935+0000] {processor.py:830} INFO - Processing file /home/airflow/.local/lib/python3.12/site-packages/airflow/example_dags/tutorial_dag.py for tasks to queue
[2026-09-22T16:37:44.939+0000] {logging_mixin.py:188} INFO - [2026-09-22T16:37:44.938+0000] {dagbag.py:545} INFO - Filling up the DagBag from /home/airflow/.local/lib/python3.12/site-packages/airflow/example_dags/tutorial_dag.py
[2026-09-22T16:37:44.949+0000] {processor.py:840} INFO - DAG(s) 'tutorial_dag' retrieved from /home/airflow/.local/lib/python3.12/site-packages/airflow/example_dags/tutorial_dag.py
[2026-09-22T16:37:44.982+0000] {logging_mixin.py:188} INFO - [2026-09-22T16:37:44.982+0000] {dag.py:3089} INFO - Sync 1 DAGs
[2026-09-22T16:37:45.001+0000] {logging_mixin.py:188} INFO - [2026-09-22T16:37:45.001+0000] {dag.py:3947} INFO - Setting next_dagrun for tutorial_dag to None, run_after=None
[2026-09-22T16:37:45.307+0000] {processor.py:183} INFO - Processing /home/airflow/.local/lib/python3.12/site-packages/airflow/example_dags/tutorial_dag.py took 0.386 seconds
[2026-09-22T16:38:15.520+0000] {processor.py:161} INFO - Started process (PID=2206) to work on /home/airflow/.local/lib/python3.12/site-packages/airflow/example_dags/tutorial_dag.py
[2026-09-22T16:38:15.523+0000] {processor.py:830} INFO - Processing file /home/airflow/.local/lib/python3.12/site-packages/airflow/example_dags/tutorial_dag.py for tasks to queue
[2026-09-22T16:38:15.525+0000] {logging_mixin.py:188} INFO - [2026-09-22T16:38:15.525+0000] {dagbag.py:545} INFO - Filling up the DagBag from /home/airflow/.local/lib/python3.12/site-packages/airflow/example_dags/tutorial_dag.py
[2026-09-22T16:38:15.535+0000] {processor.py:840} INFO - DAG(s) 'tutorial_dag' retrieved from /home/airflow/.local/lib/python3.12/site-packages/airflow/example_dags/tutorial_dag.py
[2026-09-22T16:38:15.565+0000] {logging_mixin.py:188} INFO - [2026-09-22T16:38:15.565+0000] {dag.py:3089} INFO - Sync 1 DAGs
[2026-09-22T16:38:15.582+0000] {logging_mixin.py:188} INFO - [2026-09-22T16:38:15.582+0000] {dag.py:3947} INFO - Setting next_dagrun for tutorial_dag to None, run_after=None
[2026-09-22T16:38:15.610+0000] {processor.py:183} INFO - Processing /home/airflow/.local/lib/python3.12/site-packages/airflow/example_dags/tutorial_dag.py took 0.099 seconds
[2026-09-22T16:41:42.102+0000] {processor.py:161} INFO - Started process (PID=59) to work on /home/airflow/.local/lib/python3.12/site-packages/airflow/example_dags/tutorial_dag.py
[2026-09-22T16:41:42.153+0000] {processor.py:830} INFO - Processing file /home/airflow/.local/lib/python3.12/site-packages/airflow/example_dags/tutorial_dag.py for tasks to queue
[2026-09-22T16:41:42.156+0000] {logging_mixin.py:188} INFO - [2026-09-22T16:41:42.156+0000] {dagbag.py:545} INFO - Filling up the DagBag from /home/airflow/.local/lib/python3.12/site-packages/airflow/example_dags/tutorial_dag.py
[2026-09-22T16:41:42.231+0000] {processor.py:840} INFO - DAG(s) 'tutorial_dag' retrieved from /home/airflow/.local/lib/python3.12/site-packages/airflow/example_dags/tutorial_dag.py
[2026-09-22T16:41:42.666+0000] {logging_mixin.py:188} INFO - [2026-09-22T16:41:42.666+0000] {dag.py:3089} INFO - Sync 1 DAGs
[2026-09-22T16:41:42.690+0000] {logging_mixin.py:188} INFO - [2026-09-22T16:41:42.690+0000] {dag.py:3947} INFO - Setting next_dagrun for tutorial_dag to None, run_after=None
[2026-09-22T16:41:42.723+0000] {processor.py:183} INFO - Processing /home/airflow/.local/lib/python3.12/site-packages/airflow/example_dags/tutorial_dag.py took 0.632 seconds
[2026-09-22T16:42:13.093+0000] {processor.py:161} INFO - Started process (PID=117) to work on /home/airflow/.local/lib/python3.12/site-packages/airflow/example_dags/tutorial_dag.py
[2026-09-22T16:42:13.095+0000] {processor.py:830} INFO - Processing file /home/airflow/.local/lib/python3.12/site-packages/airflow/example_dags/tutorial_dag.py for tasks to queue
[2026-09-22T16:42:13.099+0000] {logging_mixin.py:188} INFO - [2026-09-22T16:42:13.098+0000] {dagbag.py:545} INFO - Filling up the DagBag from /home/airflow/.local/lib/python3.12/site-packages/airflow/example_dags/tutorial_dag.py
[2026-09-22T16:42:13.116+0000] {processor.py:840} INFO - DAG(s) 'tutorial_dag' retrieved from /home/airflow/.local/lib/python3.12/site-packages/airflow/example_dags/tutorial_dag.py
[2026-09-22T16:42:13.170+0000] {logging_mixin.py:188} INFO - [2026-09-22T16:42:13.170+0000] {dag.py:3089} INFO - Sync 1 DAGs
[2026-09-22T16:42:13.195+0000] {logging_mixin.py:188} INFO - [2026-09-22T16:42:13.195+0000] {dag.py:3947} INFO - Setting next_dagrun for tutorial_dag to None, run_after=None
[2026-09-22T16:42:13.231+0000] {processor.py:183} INFO - Processing /home/airflow/.local/lib/python3.12/site-packages/airflow/example_dags/tutorial_dag.py took 0.155 seconds
[2026-09-22T16:43:43.173+0000] {processor.py:161} INFO - Started process (PID=58) to work on /home/airflow/.local/lib/python3.12/site-packages/airflow/example_dags/tutorial_dag.py
[2026-09-22T16:43:43.175+0000] {processor.py:830} INFO - Processing file /home/airflow/.local/lib/python3.12/site-packages/airflow/example_dags/tutorial_dag.py for tasks to queue
[2026-09-22T16:43:43.178+0000] {logging_mixin.py:188} INFO - [2026-09-22T16:43:43.178+0000] {dagbag.py:545} INFO - Filling up the DagBag from /home/airflow/.local/lib/python3.12/site-packages/airflow/example_dags/tutorial_dag.py
[2026-09-22T16:43:43.202+0000] {processor.py:840} INFO - DAG(s) 'tutorial_dag' retrieved from /home/airflow/.local/lib/python3.12/site-packages/airflow/example_dags/tutorial_dag.py
[2026-09-22T16:43:43.559+0000] {logging_mixin.py:188} INFO - [2026-09-22T16:43:43.559+0000] {dag.py:3089} INFO - Sync 1 DAGs
[2026-09-22T16:43:43.584+0000] {logging_mixin.py:188} INFO - [2026-09-22T16:43:43.583+0000] {dag.py:3947} INFO - Setting next_dagrun for tutorial_dag to None, run_after=None
[2026-09-22T16:43:43.624+0000] {processor.py:183} INFO - Processing /home/airflow/.local/lib/python3.12/site-packages/airflow/example_dags/tutorial_dag.py took 0.458 seconds
[2026-09-22T16:44:14.289+0000] {processor.py:161} INFO - Started process (PID=117) to work on /home/airflow/.local/lib/python3.12/site-packages/airflow/example_dags/tutorial_dag.py
[2026-09-22T16:44:14.290+0000] {processor.py:830} INFO - Processing file /home/airflow/.local/lib/python3.12/site-packages/airflow/example_dags/tutorial_dag.py for tasks to queue
[2026-09-22T16:44:14.295+0000] {logging_mixin.py:188} INFO - [2026-09-22T16:44:14.294+0000] {dagbag.py:545} INFO - Filling up the DagBag from /home/airflow/.local/lib/python3.12/site-packages/airflow/example_dags/tutorial_dag.py
[2026-09-22T16:44:14.308+0000] {processor.py:840} INFO - DAG(s) 'tutorial_dag' retrieved from /home/airflow/.local/lib/python3.12/site-packages/airflow/example_dags/tutorial_dag.py
[2026-09-22T16:44:14.349+0000] {logging_mixin.py:188} INFO - [2026-09-22T16:44:14.349+0000] {dag.py:3089} INFO - Sync 1 DAGs
[2026-09-22T16:44:14.373+0000] {logging_mixin.py:188} INFO - [2026-09-22T16:44:14.372+0000] {dag.py:3947} INFO - Setting next_dagrun for tutorial_dag to None, run_after=None
[2026-09-22T16:44:14.417+0000] {processor.py:183} INFO - Processing /home/airflow/.local/lib/python3.12/site-packages/airflow/example_dags/tutorial_dag.py took 0.138 seconds
[2026-09-22T16:44:44.639+0000] {processor.py:161} INFO - Started process (PID=180) to work on /home/airflow/.local/lib/python3.12/site-packages/airflow/example_dags/tutorial_dag.py
[2026-09-22T16:44:44.641+0000] {processor.py:830} INFO - Processing file /home/airflow/.local/lib/python3.12/site-packages/airflow/example_dags/tutorial_dag.py for tasks to queue
[2026-09-22T16:44:44.646+0000] {logging_mixin.py:188} INFO - [2026-09-22T16:44:44.646+0000] {dagbag.py:545} INFO - Filling up the DagBag from /home/airflow/.local/lib/python3.12/site-packages/airflow/example_dags/tutorial_dag.py
[2026-09-22T16:44:44.660+0000] {processor.py:840} INFO - DAG(s) 'tutorial_dag' retrieved from /home/airflow/.local/lib/python3.12/site-packages/airflow/example_dags/tutorial_dag.py
[2026-09-22T16:44:44.702+0000] {logging_mixin.py:188} INFO - [2026-09-22T16:44:44.702+0000] {dag.py:3089} INFO - Sync 1 DAGs
[2026-09-22T16:44:44.724+0000] {logging_mixin.py:188} INFO - [2026-09-22T16:44:44.724+0000] {dag.py:3947} INFO - Setting next_dagrun for tutorial_dag to None, run_after=None
[2026-09-22T16:44:44.781+0000] {processor.py:183} INFO - Processing /home/airflow/.local/lib/python3.12/site-packages/airflow/example_dags/tutorial_dag.py took 0.153 seconds
[2026-09-22T16:45:15.040+0000] {processor.py:161} INFO - Started process (PID=238) to work on /home/airflow/.local/lib/python3.12/site-packages/airflow/example_dags/tutorial_dag.py
[2026-09-22T16:45:15.042+0000] {processor.py:830} INFO - Processing file /home/airflow/.local/lib/python3.12/site-packages/airflow/example_dags/tutorial_dag.py for tasks to queue
[2026-09-22T16:45:15.046+0000] {logging_mixin.py:188} INFO - [2026-09-22T16:45:15.046+0000] {dagbag.py:545} INFO - Filling up the DagBag from /home/airflow/.local/lib/python3.12/site-packages/airflow/example_dags/tutorial_dag.py
[2026-09-22T16:45:15.054+0000] {processor.py:840} INFO - DAG(s) 'tutorial_dag' retrieved from /home/airflow/.local/lib/python3.12/site-packages/airflow/example_dags/tutorial_dag.py
[2026-09-22T16:45:15.084+0000] {logging_mixin.py:188} INFO - [2026-09-22T16:45:15.084+0000] {dag.py:3089} INFO - Sync 1 DAGs
[2026-09-22T16:45:15.137+0000] {logging_mixin.py:188} INFO - [2026-09-22T16:45:15.136+0000] {dag.py:3947} INFO - Setting next_dagrun for tutorial_dag to None, run_after=None
[2026-09-22T16:45:15.173+0000] {processor.py:183} INFO - Processing /home/airflow/.local/lib/python3.12/site-packages/airflow/example_dags/tutorial_dag.py took 0.142 seconds
[2026-09-22T16:45:45.469+0000] {processor.py:161} INFO - Started process (PID=296) to work on /home/airflow/.local/lib/python3.12/site-packages/airflow/example_dags/tutorial_dag.py
[2026-09-22T16:45:45.471+0000] {processor.py:830} INFO - Processing file /home/airflow/.local/lib/python3.12/site-packages/airflow/example_dags/tutorial_dag.py for tasks to queue
[2026-09-22T16:45:45.474+0000] {logging_mixin.py:188} INFO - [2026-09-22T16:45:45.474+0000] {dagbag.py:545} INFO - Filling up the DagBag from /home/airflow/.local/lib/python3.12/site-packages/airflow/example_dags/tutorial_dag.py
[2026-09-22T16:45:45.483+0000] {processor.py:840} INFO - DAG(s) 'tutorial_dag' retrieved from /home/airflow/.local/lib/python3.12/site-packages/airflow/example_dags/tutorial_dag.py
[2026-09-22T16:45:45.510+0000] {logging_mixin.py:188} INFO - [2026-09-22T16:45:45.510+0000] {dag.py:3089} INFO - Sync 1 DAGs
[2026-09-22T16:45:45.527+0000] {logging_mixin.py:188} INFO - [2026-09-22T16:45:45.527+0000] {dag.py:3947} INFO - Setting next_dagrun for tutorial_dag to None, run_after=None
[2026-09-22T16:45:45.621+0000] {processor.py:183} INFO - Processing /home/airflow/.local/lib/python3.12/site-packages/airflow/example_dags/tutorial_dag.py took 0.166 seconds
[2026-09-22T16:46:15.963+0000] {processor.py:161} INFO - Started process (PID=354) to work on /home/airflow/.local/lib/python3.12/site-packages/airflow/example_dags/tutorial_dag.py
[2026-09-22T16:46:15.965+0000] {processor.py:830} INFO - Processing file /home/airflow/.local/lib/python3.12/site-packages/airflow/example_dags/tutorial_dag.py for tasks to queue
[2026-09-22T16:46:15.970+0000] {logging_mixin.py:188} INFO - [2026-09-22T16:46:15.969+0000] {dagbag.py:545} INFO - Filling up the DagBag from /home/airflow/.local/lib/python3.12/site-packages/airflow/example_dags/tutorial_dag.py
[2026-09-22T16:46:15.978+0000] {processor.py:840} INFO - DAG(s) 'tutorial_dag' retrieved from /home/airflow/.local/lib/python3.12/site-packages/airflow/example_dags/tutorial_dag.py
[2026-09-22T16:46:16.011+0000] {logging_mixin.py:188} INFO - [2026-09-22T16:46:16.011+0000] {dag.py:3089} INFO - Sync 1 DAGs
[2026-09-22T16:46:16.029+0000] {logging_mixin.py:188} INFO - [2026-09-22T16:46:16.029+0000] {dag.py:3947} INFO - Setting next_dagrun for tutorial_dag to None, run_after=None
[2026-09-22T16:46:16.070+0000] {processor.py:183} INFO - Processing /home/airflow/.local/lib/python3.12/site-packages/airflow/example_dags/tutorial_dag.py took 0.120 seconds
[2026-09-22T16:46:46.205+0000] {processor.py:161} INFO - Started process (PID=412) to work on /home/airflow/.local/lib/python3.12/site-packages/airflow/example_dags/tutorial_dag.py
[2026-09-22T16:46:46.206+0000] {processor.py:830} INFO - Processing file /home/airflow/.local/lib/python3.12/site-packages/airflow/example_dags/tutorial_dag.py for tasks to queue
[2026-09-22T16:46:46.209+0000] {logging_mixin.py:188} INFO - [2026-09-22T16:46:46.209+0000] {dagbag.py:545} INFO - Filling up the DagBag from /home/airflow/.local/lib/python3.12/site-packages/airflow/example_dags/tutorial_dag.py
[2026-09-22T16:46:46.217+0000] {processor.py:840} INFO - DAG(s) 'tutorial_dag' retrieved from /home/airflow/.local/lib/python3.12/site-packages/airflow/example_dags/tutorial_dag.py
[2026-09-22T16:46:46.246+0000] {logging_mixin.py:188} INFO - [2026-09-22T16:46:46.246+0000] {dag.py:3089} INFO - Sync 1 DAGs
[2026-09-22T16:46:46.262+0000] {logging_mixin.py:188} INFO - [2026-09-22T16:46:46.262+0000] {dag.py:3947} INFO - Setting next_dagrun for tutorial_dag to None, run_after=None
[2026-09-22T16:46:46.292+0000] {processor.py:183} INFO - Processing /home/airflow/.local/lib/python3.12/site-packages/airflow/example_dags/tutorial_dag.py took 0.096 seconds
[2026-09-22T16:47:16.474+0000] {processor.py:161} INFO - Started process (PID=476) to work on /home/airflow/.local/lib/python3.12/site-packages/airflow/example_dags/tutorial_dag.py
[2026-09-22T16:47:16.476+0000] {processor.py:830} INFO - Processing file /home/airflow/.local/lib/python3.12/site-packages/airflow/example_dags/tutorial_dag.py for tasks to queue
[2026-09-22T16:47:16.478+0000] {logging_mixin.py:188} INFO - [2026-09-22T16:47:16.478+0000] {dagbag.py:545} INFO - Filling up the DagBag from /home/airflow/.local/lib/python3.12/site-packages/airflow/example_dags/tutorial_dag.py
[2026-09-22T16:47:16.485+0000] {processor.py:840} INFO - DAG(s) 'tutorial_dag' retrieved from /home/airflow/.local/lib/python3.12/site-packages/airflow/example_dags/tutorial_dag.py
[2026-09-22T16:47:16.512+0000] {logging_mixin.py:188} INFO - [2026-09-22T16:47:16.511+0000] {dag.py:3089} INFO - Sync 1 DAGs
[2026-09-22T16:47:16.526+0000] {logging_mixin.py:188} INFO - [2026-09-22T16:47:16.526+0000] {dag.py:3947} INFO - Setting next_dagrun for tutorial_dag to None, run_after=None
[2026-09-22T16:47:16.556+0000] {processor.py:183} INFO - Processing /home/airflow/.local/lib/python3.12/site-packages/airflow/example_dags/tutorial_dag.py took 0.091 seconds
[2026-09-22T16:47:46.991+0000] {processor.py:161} INFO - Started process (PID=534) to work on /home/airflow/.local/lib/python3.12/site-packages/airflow/example_dags/tutorial_dag.py
[2026-09-22T16:47:46.993+0000] {processor.py:830} INFO - Processing file /home/airflow/.local/lib/python3.12/site-packages/airflow/example_dags/tutorial_dag.py for tasks to queue
[2026-09-22T16:47:46.998+0000] {logging_mixin.py:188} INFO - [2026-09-22T16:47:46.998+0000] {dagbag.py:545} INFO - Filling up the DagBag from /home/airflow/.local/lib/python3.12/site-packages/airflow/example_dags/tutorial_dag.py
[2026-09-22T16:47:47.011+0000] {processor.py:840} INFO - DAG(s) 'tutorial_dag' retrieved from /home/airflow/.local/lib/python3.12/site-packages/airflow/example_dags/tutorial_dag.py
[2026-09-22T16:47:47.056+0000] {logging_mixin.py:188} INFO - [2026-09-22T16:47:47.055+0000] {dag.py:3089} INFO - Sync 1 DAGs
[2026-09-22T16:47:47.083+0000] {logging_mixin.py:188} INFO - [2026-09-22T16:47:47.082+0000] {dag.py:3947} INFO - Setting next_dagrun for tutorial_dag to None, run_after=None
[2026-09-22T16:47:47.120+0000] {processor.py:183} INFO - Processing /home/airflow/.local/lib/python3.12/site-packages/airflow/example_dags/tutorial_dag.py took 0.143 seconds
[2026-09-22T16:48:18.090+0000] {processor.py:161} INFO - Started process (PID=592) to work on /home/airflow/.local/lib/python3.12/site-packages/airflow/example_dags/tutorial_dag.py
[2026-09-22T16:48:18.095+0000] {processor.py:830} INFO - Processing file /home/airflow/.local/lib/python3.12/site-packages/airflow/example_dags/tutorial_dag.py for tasks to queue
[2026-09-22T16:48:18.100+0000] {logging_mixin.py:188} INFO - [2026-09-22T16:48:18.100+0000] {dagbag.py:545} INFO - Filling up the DagBag from /home/airflow/.local/lib/python3.12/site-packages/airflow/example_dags/tutorial_dag.py
[2026-09-22T16:48:18.110+0000] {processor.py:840} INFO - DAG(s) 'tutorial_dag' retrieved from /home/airflow/.local/lib/python3.12/site-packages/airflow/example_dags/tutorial_dag.py
[2026-09-22T16:48:18.154+0000] {logging_mixin.py:188} INFO - [2026-09-22T16:48:18.154+0000] {dag.py:3089} INFO - Sync 1 DAGs
[2026-09-22T16:48:18.185+0000] {logging_mixin.py:188} INFO - [2026-09-22T16:48:18.184+0000] {dag.py:3947} INFO - Setting next_dagrun for tutorial_dag to None, run_after=None
[2026-09-22T16:48:18.270+0000] {processor.py:183} INFO - Processing /home/airflow/.local/lib/python3.12/site-packages/airflow/example_dags/tutorial_dag.py took 0.192 seconds
[2026-09-22T16:48:48.887+0000] {processor.py:161} INFO - Started process (PID=650) to work on /home/airflow/.local/lib/python3.12/site-packages/airflow/example_dags/tutorial_dag.py
[2026-09-22T16:48:48.889+0000] {processor.py:830} INFO - Processing file /home/airflow/.local/lib/python3.12/site-packages/airflow/example_dags/tutorial_dag.py for tasks to queue
[2026-09-22T16:48:48.895+0000] {logging_mixin.py:188} INFO - [2026-09-22T16:48:48.894+0000] {dagbag.py:545} INFO - Filling up the DagBag from /home/airflow/.local/lib/python3.12/site-packages/airflow/example_dags/tutorial_dag.py
[2026-09-22T16:48:48.907+0000] {processor.py:840} INFO - DAG(s) 'tutorial_dag' retrieved from /home/airflow/.local/lib/python3.12/site-packages/airflow/example_dags/tutorial_dag.py
[2026-09-22T16:48:48.951+0000] {logging_mixin.py:188} INFO - [2026-09-22T16:48:48.950+0000] {dag.py:3089} INFO - Sync 1 DAGs
[2026-09-22T16:48:48.980+0000] {logging_mixin.py:188} INFO - [2026-09-22T16:48:48.980+0000] {dag.py:3947} INFO - Setting next_dagrun for tutorial_dag to None, run_after=None
[2026-09-22T16:48:49.086+0000] {processor.py:183} INFO - Processing /home/airflow/.local/lib/python3.12/site-packages/airflow/example_dags/tutorial_dag.py took 0.211 seconds
[2026-09-22T16:49:19.679+0000] {processor.py:161} INFO - Started process (PID=709) to work on /home/airflow/.local/lib/python3.12/site-packages/airflow/example_dags/tutorial_dag.py
[2026-09-22T16:49:19.682+0000] {processor.py:830} INFO - Processing file /home/airflow/.local/lib/python3.12/site-packages/airflow/example_dags/tutorial_dag.py for tasks to queue
[2026-09-22T16:49:19.687+0000] {logging_mixin.py:188} INFO - [2026-09-22T16:49:19.686+0000] {dagbag.py:545} INFO - Filling up the DagBag from /home/airflow/.local/lib/python3.12/site-packages/airflow/example_dags/tutorial_dag.py
[2026-09-22T16:49:19.698+0000] {processor.py:840} INFO - DAG(s) 'tutorial_dag' retrieved from /home/airflow/.local/lib/python3.12/site-packages/airflow/example_dags/tutorial_dag.py
[2026-09-22T16:49:19.738+0000] {logging_mixin.py:188} INFO - [2026-09-22T16:49:19.738+0000] {dag.py:3089} INFO - Sync 1 DAGs
[2026-09-22T16:49:19.766+0000] {logging_mixin.py:188} INFO - [2026-09-22T16:49:19.765+0000] {dag.py:3947} INFO - Setting next_dagrun for tutorial_dag to None, run_after=None
[2026-09-22T16:49:19.865+0000] {processor.py:183} INFO - Processing /home/airflow/.local/lib/python3.12/site-packages/airflow/example_dags/tutorial_dag.py took 0.195 seconds
[2026-09-22T16:49:50.177+0000] {processor.py:161} INFO - Started process (PID=767) to work on /home/airflow/.local/lib/python3.12/site-packages/airflow/example_dags/tutorial_dag.py
[2026-09-22T16:49:50.181+0000] {processor.py:830} INFO - Processing file /home/airflow/.local/lib/python3.12/site-packages/airflow/example_dags/tutorial_dag.py for tasks to queue
[2026-09-22T16:49:50.185+0000] {logging_mixin.py:188} INFO - [2026-09-22T16:49:50.184+0000] {dagbag.py:545} INFO - Filling up the DagBag from /home/airflow/.local/lib/python3.12/site-packages/airflow/example_dags/tutorial_dag.py
[2026-09-22T16:49:50.193+0000] {processor.py:840} INFO - DAG(s) 'tutorial_dag' retrieved from /home/airflow/.local/lib/python3.12/site-packages/airflow/example_dags/tutorial_dag.py
[2026-09-22T16:49:50.226+0000] {logging_mixin.py:188} INFO - [2026-09-22T16:49:50.226+0000] {dag.py:3089} INFO - Sync 1 DAGs
[2026-09-22T16:49:50.243+0000] {logging_mixin.py:188} INFO - [2026-09-22T16:49:50.243+0000] {dag.py:3947} INFO - Setting next_dagrun for tutorial_dag to None, run_after=None
[2026-09-22T16:49:50.339+0000] {processor.py:183} INFO - Processing /home/airflow/.local/lib/python3.12/site-packages/airflow/example_dags/tutorial_dag.py took 0.171 seconds
[2026-09-22T16:50:20.495+0000] {processor.py:161} INFO - Started process (PID=826) to work on /home/airflow/.local/lib/python3.12/site-packages/airflow/example_dags/tutorial_dag.py
[2026-09-22T16:50:20.497+0000] {processor.py:830} INFO - Processing file /home/airflow/.local/lib/python3.12/site-packages/airflow/example_dags/tutorial_dag.py for tasks to queue
[2026-09-22T16:50:20.501+0000] {logging_mixin.py:188} INFO - [2026-09-22T16:50:20.500+0000] {dagbag.py:545} INFO - Filling up the DagBag from /home/airflow/.local/lib/python3.12/site-packages/airflow/example_dags/tutorial_dag.py
[2026-09-22T16:50:20.511+0000] {processor.py:840} INFO - DAG(s) 'tutorial_dag' retrieved from /home/airflow/.local/lib/python3.12/site-packages/airflow/example_dags/tutorial_dag.py
[2026-09-22T16:50:20.550+0000] {logging_mixin.py:188} INFO - [2026-09-22T16:50:20.549+0000] {dag.py:3089} INFO - Sync 1 DAGs
[2026-09-22T16:50:20.570+0000] {logging_mixin.py:188} INFO - [2026-09-22T16:50:20.570+0000] {dag.py:3947} INFO - Setting next_dagrun for tutorial_dag to None, run_after=None
[2026-09-22T16:50:20.610+0000] {processor.py:183} INFO - Processing /home/airflow/.local/lib/python3.12/site-packages/airflow/example_dags/tutorial_dag.py took 0.129 seconds
[2026-09-22T16:50:50.753+0000] {processor.py:161} INFO - Started process (PID=884) to work on /home/airflow/.local/lib/python3.12/site-packages/airflow/example_dags/tutorial_dag.py
[2026-09-22T16:50:50.756+0000] {processor.py:830} INFO - Processing file /home/airflow/.local/lib/python3.12/site-packages/airflow/example_dags/tutorial_dag.py for tasks to queue
[2026-09-22T16:50:50.761+0000] {logging_mixin.py:188} INFO - [2026-09-22T16:50:50.760+0000] {dagbag.py:545} INFO - Filling up the DagBag from /home/airflow/.local/lib/python3.12/site-packages/airflow/example_dags/tutorial_dag.py
[2026-09-22T16:50:50.777+0000] {processor.py:840} INFO - DAG(s) 'tutorial_dag' retrieved from /home/airflow/.local/lib/python3.12/site-packages/airflow/example_dags/tutorial_dag.py
[2026-09-22T16:50:50.840+0000] {logging_mixin.py:188} INFO - [2026-09-22T16:50:50.839+0000] {dag.py:3089} INFO - Sync 1 DAGs
[2026-09-22T16:50:50.872+0000] {logging_mixin.py:188} INFO - [2026-09-22T16:50:50.872+0000] {dag.py:3947} INFO - Setting next_dagrun for tutorial_dag to None, run_after=None
[2026-09-22T16:50:50.918+0000] {processor.py:183} INFO - Processing /home/airflow/.local/lib/python3.12/site-packages/airflow/example_dags/tutorial_dag.py took 0.181 seconds
[2026-09-22T16:51:21.507+0000] {processor.py:161} INFO - Started process (PID=942) to work on /home/airflow/.local/lib/python3.12/site-packages/airflow/example_dags/tutorial_dag.py
[2026-09-22T16:51:21.509+0000] {processor.py:830} INFO - Processing file /home/airflow/.local/lib/python3.12/site-packages/airflow/example_dags/tutorial_dag.py for tasks to queue
[2026-09-22T16:51:21.513+0000] {logging_mixin.py:188} INFO - [2026-09-22T16:51:21.512+0000] {dagbag.py:545} INFO - Filling up the DagBag from /home/airflow/.local/lib/python3.12/site-packages/airflow/example_dags/tutorial_dag.py
[2026-09-22T16:51:21.524+0000] {processor.py:840} INFO - DAG(s) 'tutorial_dag' retrieved from /home/airflow/.local/lib/python3.12/site-packages/airflow/example_dags/tutorial_dag.py
[2026-09-22T16:51:21.560+0000] {logging_mixin.py:188} INFO - [2026-09-22T16:51:21.559+0000] {dag.py:3089} INFO - Sync 1 DAGs
[2026-09-22T16:51:21.583+0000] {logging_mixin.py:188} INFO - [2026-09-22T16:51:21.583+0000] {dag.py:3947} INFO - Setting next_dagrun for tutorial_dag to None, run_after=None
[2026-09-22T16:51:21.688+0000] {processor.py:183} INFO - Processing /home/airflow/.local/lib/python3.12/site-packages/airflow/example_dags/tutorial_dag.py took 0.192 seconds
[2026-09-22T16:52:17.083+0000] {processor.py:161} INFO - Started process (PID=992) to work on /home/airflow/.local/lib/python3.12/site-packages/airflow/example_dags/tutorial_dag.py
[2026-09-22T16:52:17.103+0000] {processor.py:830} INFO - Processing file /home/airflow/.local/lib/python3.12/site-packages/airflow/example_dags/tutorial_dag.py for tasks to queue
[2026-09-22T16:52:17.169+0000] {logging_mixin.py:188} INFO - [2026-09-22T16:52:17.168+0000] {dagbag.py:545} INFO - Filling up the DagBag from /home/airflow/.local/lib/python3.12/site-packages/airflow/example_dags/tutorial_dag.py
[2026-09-22T16:52:17.310+0000] {processor.py:840} INFO - DAG(s) 'tutorial_dag' retrieved from /home/airflow/.local/lib/python3.12/site-packages/airflow/example_dags/tutorial_dag.py
[2026-09-22T16:52:17.549+0000] {logging_mixin.py:188} INFO - [2026-09-22T16:52:17.549+0000] {dag.py:3089} INFO - Sync 1 DAGs
[2026-09-22T16:52:17.626+0000] {logging_mixin.py:188} INFO - [2026-09-22T16:52:17.625+0000] {dag.py:3947} INFO - Setting next_dagrun for tutorial_dag to None, run_after=None
[2026-09-22T16:52:17.816+0000] {processor.py:183} INFO - Processing /home/airflow/.local/lib/python3.12/site-packages/airflow/example_dags/tutorial_dag.py took 0.742 seconds
[2026-09-22T16:52:48.363+0000] {processor.py:161} INFO - Started process (PID=1050) to work on /home/airflow/.local/lib/python3.12/site-packages/airflow/example_dags/tutorial_dag.py
[2026-09-22T16:52:48.364+0000] {processor.py:830} INFO - Processing file /home/airflow/.local/lib/python3.12/site-packages/airflow/example_dags/tutorial_dag.py for tasks to queue
[2026-09-22T16:52:48.366+0000] {logging_mixin.py:188} INFO - [2026-09-22T16:52:48.366+0000] {dagbag.py:545} INFO - Filling up the DagBag from /home/airflow/.local/lib/python3.12/site-packages/airflow/example_dags/tutorial_dag.py
[2026-09-22T16:52:48.371+0000] {processor.py:840} INFO - DAG(s) 'tutorial_dag' retrieved from /home/airflow/.local/lib/python3.12/site-packages/airflow/example_dags/tutorial_dag.py
[2026-09-22T16:52:48.393+0000] {logging_mixin.py:188} INFO - [2026-09-22T16:52:48.393+0000] {dag.py:3089} INFO - Sync 1 DAGs
[2026-09-22T16:52:48.405+0000] {logging_mixin.py:188} INFO - [2026-09-22T16:52:48.405+0000] {dag.py:3947} INFO - Setting next_dagrun for tutorial_dag to None, run_after=None
[2026-09-22T16:52:48.426+0000] {processor.py:183} INFO - Processing /home/airflow/.local/lib/python3.12/site-packages/airflow/example_dags/tutorial_dag.py took 0.068 seconds
[2026-09-22T16:53:19.000+0000] {processor.py:161} INFO - Started process (PID=1108) to work on /home/airflow/.local/lib/python3.12/site-packages/airflow/example_dags/tutorial_dag.py
[2026-09-22T16:53:19.001+0000] {processor.py:830} INFO - Processing file /home/airflow/.local/lib/python3.12/site-packages/airflow/example_dags/tutorial_dag.py for tasks to queue
[2026-09-22T16:53:19.004+0000] {logging_mixin.py:188} INFO - [2026-09-22T16:53:19.003+0000] {dagbag.py:545} INFO - Filling up the DagBag from /home/airflow/.local/lib/python3.12/site-packages/airflow/example_dags/tutorial_dag.py
[2026-09-22T16:53:19.009+0000] {processor.py:840} INFO - DAG(s) 'tutorial_dag' retrieved from /home/airflow/.local/lib/python3.12/site-packages/airflow/example_dags/tutorial_dag.py
[2026-09-22T16:53:19.031+0000] {logging_mixin.py:188} INFO - [2026-09-22T16:53:19.031+0000] {dag.py:3089} INFO - Sync 1 DAGs
[2026-09-22T16:53:19.047+0000] {logging_mixin.py:188} INFO - [2026-09-22T16:53:19.046+0000] {dag.py:3947} INFO - Setting next_dagrun for tutorial_dag to None, run_after=None
[2026-09-22T16:53:19.068+0000] {processor.py:183} INFO - Processing /home/airflow/.local/lib/python3.12/site-packages/airflow/example_dags/tutorial_dag.py took 0.074 seconds
[2026-09-22T16:53:49.299+0000] {processor.py:161} INFO - Started process (PID=1166) to work on /home/airflow/.local/lib/python3.12/site-packages/airflow/example_dags/tutorial_dag.py
[2026-09-22T16:53:49.301+0000] {processor.py:830} INFO - Processing file /home/airflow/.local/lib/python3.12/site-packages/airflow/example_dags/tutorial_dag.py for tasks to queue
[2026-09-22T16:53:49.303+0000] {logging_mixin.py:188} INFO - [2026-09-22T16:53:49.302+0000] {dagbag.py:545} INFO - Filling up the DagBag from /home/airflow/.local/lib/python3.12/site-packages/airflow/example_dags/tutorial_dag.py
[2026-09-22T16:53:49.308+0000] {processor.py:840} INFO - DAG(s) 'tutorial_dag' retrieved from /home/airflow/.local/lib/python3.12/site-packages/airflow/example_dags/tutorial_dag.py
[2026-09-22T16:53:49.327+0000] {logging_mixin.py:188} INFO - [2026-09-22T16:53:49.327+0000] {dag.py:3089} INFO - Sync 1 DAGs
[2026-09-22T16:53:49.338+0000] {logging_mixin.py:188} INFO - [2026-09-22T16:53:49.338+0000] {dag.py:3947} INFO - Setting next_dagrun for tutorial_dag to None, run_after=None
[2026-09-22T16:53:49.360+0000] {processor.py:183} INFO - Processing /home/airflow/.local/lib/python3.12/site-packages/airflow/example_dags/tutorial_dag.py took 0.066 seconds
[2026-09-22T16:54:19.479+0000] {processor.py:161} INFO - Started process (PID=1224) to work on /home/airflow/.local/lib/python3.12/site-packages/airflow/example_dags/tutorial_dag.py
[2026-09-22T16:54:19.480+0000] {processor.py:830} INFO - Processing file /home/airflow/.local/lib/python3.12/site-packages/airflow/example_dags/tutorial_dag.py for tasks to queue
[2026-09-22T16:54:19.483+0000] {logging_mixin.py:188} INFO - [2026-09-22T16:54:19.482+0000] {dagbag.py:545} INFO - Filling up the DagBag from /home/airflow/.local/lib/python3.12/site-packages/airflow/example_dags/tutorial_dag.py
[2026-09-22T16:54:19.490+0000] {processor.py:840} INFO - DAG(s) 'tutorial_dag' retrieved from /home/airflow/.local/lib/python3.12/site-packages/airflow/example_dags/tutorial_dag.py
[2026-09-22T16:54:19.519+0000] {logging_mixin.py:188} INFO - [2026-09-22T16:54:19.519+0000] {dag.py:3089} INFO - Sync 1 DAGs
[2026-09-22T16:54:19.539+0000] {logging_mixin.py:188} INFO - [2026-09-22T16:54:19.538+0000] {dag.py:3947} INFO - Setting next_dagrun for tutorial_dag to None, run_after=None
[2026-09-22T16:54:19.565+0000] {processor.py:183} INFO - Processing /home/airflow/.local/lib/python3.12/site-packages/airflow/example_dags/tutorial_dag.py took 0.097 seconds
[2026-09-22T16:54:50.092+0000] {processor.py:161} INFO - Started process (PID=1282) to work on /home/airflow/.local/lib/python3.12/site-packages/airflow/example_dags/tutorial_dag.py
[2026-09-22T16:54:50.093+0000] {processor.py:830} INFO - Processing file /home/airflow/.local/lib/python3.12/site-packages/airflow/example_dags/tutorial_dag.py for tasks to queue
[2026-09-22T16:54:50.095+0000] {logging_mixin.py:188} INFO - [2026-09-22T16:54:50.095+0000] {dagbag.py:545} INFO - Filling up the DagBag from /home/airflow/.local/lib/python3.12/site-packages/airflow/example_dags/tutorial_dag.py
[2026-09-22T16:54:50.100+0000] {processor.py:840} INFO - DAG(s) 'tutorial_dag' retrieved from /home/airflow/.local/lib/python3.12/site-packages/airflow/example_dags/tutorial_dag.py
[2026-09-22T16:54:50.122+0000] {logging_mixin.py:188} INFO - [2026-09-22T16:54:50.121+0000] {dag.py:3089} INFO - Sync 1 DAGs
[2026-09-22T16:54:50.135+0000] {logging_mixin.py:188} INFO - [2026-09-22T16:54:50.134+0000] {dag.py:3947} INFO - Setting next_dagrun for tutorial_dag to None, run_after=None
[2026-09-22T16:54:50.162+0000] {processor.py:183} INFO - Processing /home/airflow/.local/lib/python3.12/site-packages/airflow/example_dags/tutorial_dag.py took 0.075 seconds
[2026-09-22T16:55:20.286+0000] {processor.py:161} INFO - Started process (PID=1340) to work on /home/airflow/.local/lib/python3.12/site-packages/airflow/example_dags/tutorial_dag.py
[2026-09-22T16:55:20.287+0000] {processor.py:830} INFO - Processing file /home/airflow/.local/lib/python3.12/site-packages/airflow/example_dags/tutorial_dag.py for tasks to queue
[2026-09-22T16:55:20.289+0000] {logging_mixin.py:188} INFO - [2026-09-22T16:55:20.289+0000] {dagbag.py:545} INFO - Filling up the DagBag from /home/airflow/.local/lib/python3.12/site-packages/airflow/example_dags/tutorial_dag.py
[2026-09-22T16:55:20.297+0000] {processor.py:840} INFO - DAG(s) 'tutorial_dag' retrieved from /home/airflow/.local/lib/python3.12/site-packages/airflow/example_dags/tutorial_dag.py
[2026-09-22T16:55:20.322+0000] {logging_mixin.py:188} INFO - [2026-09-22T16:55:20.322+0000] {dag.py:3089} INFO - Sync 1 DAGs
[2026-09-22T16:55:20.334+0000] {logging_mixin.py:188} INFO - [2026-09-22T16:55:20.333+0000] {dag.py:3947} INFO - Setting next_dagrun for tutorial_dag to None, run_after=None
[2026-09-22T16:55:20.357+0000] {processor.py:183} INFO - Processing /home/airflow/.local/lib/python3.12/site-packages/airflow/example_dags/tutorial_dag.py took 0.077 seconds
[2026-09-22T16:55:51.125+0000] {processor.py:161} INFO - Started process (PID=1398) to work on /home/airflow/.local/lib/python3.12/site-packages/airflow/example_dags/tutorial_dag.py
[2026-09-22T16:55:51.126+0000] {processor.py:830} INFO - Processing file /home/airflow/.local/lib/python3.12/site-packages/airflow/example_dags/tutorial_dag.py for tasks to queue
[2026-09-22T16:55:51.128+0000] {logging_mixin.py:188} INFO - [2026-09-22T16:55:51.128+0000] {dagbag.py:545} INFO - Filling up the DagBag from /home/airflow/.local/lib/python3.12/site-packages/airflow/example_dags/tutorial_dag.py
[2026-09-22T16:55:51.133+0000] {processor.py:840} INFO - DAG(s) 'tutorial_dag' retrieved from /home/airflow/.local/lib/python3.12/site-packages/airflow/example_dags/tutorial_dag.py
[2026-09-22T16:55:51.154+0000] {logging_mixin.py:188} INFO - [2026-09-22T16:55:51.154+0000] {dag.py:3089} INFO - Sync 1 DAGs
[2026-09-22T16:55:51.166+0000] {logging_mixin.py:188} INFO - [2026-09-22T16:55:51.166+0000] {dag.py:3947} INFO - Setting next_dagrun for tutorial_dag to None, run_after=None
[2026-09-22T16:55:51.192+0000] {processor.py:183} INFO - Processing /home/airflow/.local/lib/python3.12/site-packages/airflow/example_dags/tutorial_dag.py took 0.073 seconds
[2026-09-22T16:56:21.683+0000] {processor.py:161} INFO - Started process (PID=1456) to work on /home/airflow/.local/lib/python3.12/site-packages/airflow/example_dags/tutorial_dag.py
[2026-09-22T16:56:21.685+0000] {processor.py:830} INFO - Processing file /home/airflow/.local/lib/python3.12/site-packages/airflow/example_dags/tutorial_dag.py for tasks to queue
[2026-09-22T16:56:21.723+0000] {logging_mixin.py:188} INFO - [2026-09-22T16:56:21.723+0000] {dagbag.py:545} INFO - Filling up the DagBag from /home/airflow/.local/lib/python3.12/site-packages/airflow/example_dags/tutorial_dag.py
[2026-09-22T16:56:21.745+0000] {processor.py:840} INFO - DAG(s) 'tutorial_dag' retrieved from /home/airflow/.local/lib/python3.12/site-packages/airflow/example_dags/tutorial_dag.py
[2026-09-22T16:56:21.774+0000] {logging_mixin.py:188} INFO - [2026-09-22T16:56:21.774+0000] {dag.py:3089} INFO - Sync 1 DAGs
[2026-09-22T16:56:21.785+0000] {logging_mixin.py:188} INFO - [2026-09-22T16:56:21.785+0000] {dag.py:3947} INFO - Setting next_dagrun for tutorial_dag to None, run_after=None
[2026-09-22T16:56:21.811+0000] {processor.py:183} INFO - Processing /home/airflow/.local/lib/python3.12/site-packages/airflow/example_dags/tutorial_dag.py took 0.137 seconds
[2026-09-22T16:57:57.091+0000] {processor.py:161} INFO - Started process (PID=82) to work on /home/airflow/.local/lib/python3.12/site-packages/airflow/example_dags/tutorial_dag.py
[2026-09-22T16:57:57.093+0000] {processor.py:830} INFO - Processing file /home/airflow/.local/lib/python3.12/site-packages/airflow/example_dags/tutorial_dag.py for tasks to queue
[2026-09-22T16:57:57.096+0000] {logging_mixin.py:188} INFO - [2026-09-22T16:57:57.095+0000] {dagbag.py:545} INFO - Filling up the DagBag from /home/airflow/.local/lib/python3.12/site-packages/airflow/example_dags/tutorial_dag.py
[2026-09-22T16:57:57.119+0000] {processor.py:840} INFO - DAG(s) 'tutorial_dag' retrieved from /home/airflow/.local/lib/python3.12/site-packages/airflow/example_dags/tutorial_dag.py
[2026-09-22T16:57:57.532+0000] {logging_mixin.py:188} INFO - [2026-09-22T16:57:57.532+0000] {dag.py:3089} INFO - Sync 1 DAGs
[2026-09-22T16:57:57.553+0000] {logging_mixin.py:188} INFO - [2026-09-22T16:57:57.552+0000] {dag.py:3947} INFO - Setting next_dagrun for tutorial_dag to None, run_after=None
[2026-09-22T16:57:57.596+0000] {processor.py:183} INFO - Processing /home/airflow/.local/lib/python3.12/site-packages/airflow/example_dags/tutorial_dag.py took 0.512 seconds
[2026-09-22T16:58:27.850+0000] {processor.py:161} INFO - Started process (PID=140) to work on /home/airflow/.local/lib/python3.12/site-packages/airflow/example_dags/tutorial_dag.py
[2026-09-22T16:58:27.852+0000] {processor.py:830} INFO - Processing file /home/airflow/.local/lib/python3.12/site-packages/airflow/example_dags/tutorial_dag.py for tasks to queue
[2026-09-22T16:58:27.855+0000] {logging_mixin.py:188} INFO - [2026-09-22T16:58:27.855+0000] {dagbag.py:545} INFO - Filling up the DagBag from /home/airflow/.local/lib/python3.12/site-packages/airflow/example_dags/tutorial_dag.py
[2026-09-22T16:58:27.864+0000] {processor.py:840} INFO - DAG(s) 'tutorial_dag' retrieved from /home/airflow/.local/lib/python3.12/site-packages/airflow/example_dags/tutorial_dag.py
[2026-09-22T16:58:27.890+0000] {logging_mixin.py:188} INFO - [2026-09-22T16:58:27.890+0000] {dag.py:3089} INFO - Sync 1 DAGs
[2026-09-22T16:58:27.906+0000] {logging_mixin.py:188} INFO - [2026-09-22T16:58:27.905+0000] {dag.py:3947} INFO - Setting next_dagrun for tutorial_dag to None, run_after=None
[2026-09-22T16:58:27.928+0000] {processor.py:183} INFO - Processing /home/airflow/.local/lib/python3.12/site-packages/airflow/example_dags/tutorial_dag.py took 0.086 seconds
[2026-09-22T16:58:58.015+0000] {processor.py:161} INFO - Started process (PID=198) to work on /home/airflow/.local/lib/python3.12/site-packages/airflow/example_dags/tutorial_dag.py
[2026-09-22T16:58:58.016+0000] {processor.py:830} INFO - Processing file /home/airflow/.local/lib/python3.12/site-packages/airflow/example_dags/tutorial_dag.py for tasks to queue
[2026-09-22T16:58:58.018+0000] {logging_mixin.py:188} INFO - [2026-09-22T16:58:58.018+0000] {dagbag.py:545} INFO - Filling up the DagBag from /home/airflow/.local/lib/python3.12/site-packages/airflow/example_dags/tutorial_dag.py
[2026-09-22T16:58:58.024+0000] {processor.py:840} INFO - DAG(s) 'tutorial_dag' retrieved from /home/airflow/.local/lib/python3.12/site-packages/airflow/example_dags/tutorial_dag.py
[2026-09-22T16:58:58.051+0000] {logging_mixin.py:188} INFO - [2026-09-22T16:58:58.051+0000] {dag.py:3089} INFO - Sync 1 DAGs
[2026-09-22T16:58:58.067+0000] {logging_mixin.py:188} INFO - [2026-09-22T16:58:58.067+0000] {dag.py:3947} INFO - Setting next_dagrun for tutorial_dag to None, run_after=None
[2026-09-22T16:58:58.093+0000] {processor.py:183} INFO - Processing /home/airflow/.local/lib/python3.12/site-packages/airflow/example_dags/tutorial_dag.py took 0.084 seconds
[2026-09-22T16:59:28.359+0000] {processor.py:161} INFO - Started process (PID=256) to work on /home/airflow/.local/lib/python3.12/site-packages/airflow/example_dags/tutorial_dag.py
[2026-09-22T16:59:28.360+0000] {processor.py:830} INFO - Processing file /home/airflow/.local/lib/python3.12/site-packages/airflow/example_dags/tutorial_dag.py for tasks to queue
[2026-09-22T16:59:28.361+0000] {logging_mixin.py:188} INFO - [2026-09-22T16:59:28.361+0000] {dagbag.py:545} INFO - Filling up the DagBag from /home/airflow/.local/lib/python3.12/site-packages/airflow/example_dags/tutorial_dag.py
[2026-09-22T16:59:28.366+0000] {processor.py:840} INFO - DAG(s) 'tutorial_dag' retrieved from /home/airflow/.local/lib/python3.12/site-packages/airflow/example_dags/tutorial_dag.py
[2026-09-22T16:59:28.385+0000] {logging_mixin.py:188} INFO - [2026-09-22T16:59:28.385+0000] {dag.py:3089} INFO - Sync 1 DAGs
[2026-09-22T16:59:28.401+0000] {logging_mixin.py:188} INFO - [2026-09-22T16:59:28.401+0000] {dag.py:3947} INFO - Setting next_dagrun for tutorial_dag to None, run_after=None
[2026-09-22T16:59:28.423+0000] {processor.py:183} INFO - Processing /home/airflow/.local/lib/python3.12/site-packages/airflow/example_dags/tutorial_dag.py took 0.069 seconds
[2026-09-22T16:59:58.565+0000] {processor.py:161} INFO - Started process (PID=314) to work on /home/airflow/.local/lib/python3.12/site-packages/airflow/example_dags/tutorial_dag.py
[2026-09-22T16:59:58.569+0000] {processor.py:830} INFO - Processing file /home/airflow/.local/lib/python3.12/site-packages/airflow/example_dags/tutorial_dag.py for tasks to queue
[2026-09-22T16:59:58.572+0000] {logging_mixin.py:188} INFO - [2026-09-22T16:59:58.571+0000] {dagbag.py:545} INFO - Filling up the DagBag from /home/airflow/.local/lib/python3.12/site-packages/airflow/example_dags/tutorial_dag.py
[2026-09-22T16:59:58.578+0000] {processor.py:840} INFO - DAG(s) 'tutorial_dag' retrieved from /home/airflow/.local/lib/python3.12/site-packages/airflow/example_dags/tutorial_dag.py
[2026-09-22T16:59:58.609+0000] {logging_mixin.py:188} INFO - [2026-09-22T16:59:58.609+0000] {dag.py:3089} INFO - Sync 1 DAGs
[2026-09-22T16:59:58.623+0000] {logging_mixin.py:188} INFO - [2026-09-22T16:59:58.623+0000] {dag.py:3947} INFO - Setting next_dagrun for tutorial_dag to None, run_after=None
[2026-09-22T16:59:58.656+0000] {processor.py:183} INFO - Processing /home/airflow/.local/lib/python3.12/site-packages/airflow/example_dags/tutorial_dag.py took 0.098 seconds
[2026-09-22T17:00:28.967+0000] {processor.py:161} INFO - Started process (PID=372) to work on /home/airflow/.local/lib/python3.12/site-packages/airflow/example_dags/tutorial_dag.py
[2026-09-22T17:00:28.969+0000] {processor.py:830} INFO - Processing file /home/airflow/.local/lib/python3.12/site-packages/airflow/example_dags/tutorial_dag.py for tasks to queue
[2026-09-22T17:00:28.971+0000] {logging_mixin.py:188} INFO - [2026-09-22T17:00:28.971+0000] {dagbag.py:545} INFO - Filling up the DagBag from /home/airflow/.local/lib/python3.12/site-packages/airflow/example_dags/tutorial_dag.py
[2026-09-22T17:00:28.977+0000] {processor.py:840} INFO - DAG(s) 'tutorial_dag' retrieved from /home/airflow/.local/lib/python3.12/site-packages/airflow/example_dags/tutorial_dag.py
[2026-09-22T17:00:29.003+0000] {logging_mixin.py:188} INFO - [2026-09-22T17:00:29.002+0000] {dag.py:3089} INFO - Sync 1 DAGs
[2026-09-22T17:00:29.019+0000] {logging_mixin.py:188} INFO - [2026-09-22T17:00:29.018+0000] {dag.py:3947} INFO - Setting next_dagrun for tutorial_dag to None, run_after=None
[2026-09-22T17:00:29.045+0000] {processor.py:183} INFO - Processing /home/airflow/.local/lib/python3.12/site-packages/airflow/example_dags/tutorial_dag.py took 0.084 seconds
[2026-09-22T17:00:59.531+0000] {processor.py:161} INFO - Started process (PID=430) to work on /home/airflow/.local/lib/python3.12/site-packages/airflow/example_dags/tutorial_dag.py
[2026-09-22T17:00:59.533+0000] {processor.py:830} INFO - Processing file /home/airflow/.local/lib/python3.12/site-packages/airflow/example_dags/tutorial_dag.py for tasks to queue
[2026-09-22T17:00:59.535+0000] {logging_mixin.py:188} INFO - [2026-09-22T17:00:59.535+0000] {dagbag.py:545} INFO - Filling up the DagBag from /home/airflow/.local/lib/python3.12/site-packages/airflow/example_dags/tutorial_dag.py
[2026-09-22T17:00:59.541+0000] {processor.py:840} INFO - DAG(s) 'tutorial_dag' retrieved from /home/airflow/.local/lib/python3.12/site-packages/airflow/example_dags/tutorial_dag.py
[2026-09-22T17:00:59.569+0000] {logging_mixin.py:188} INFO - [2026-09-22T17:00:59.568+0000] {dag.py:3089} INFO - Sync 1 DAGs
[2026-09-22T17:00:59.591+0000] {logging_mixin.py:188} INFO - [2026-09-22T17:00:59.591+0000] {dag.py:3947} INFO - Setting next_dagrun for tutorial_dag to None, run_after=None
[2026-09-22T17:00:59.620+0000] {processor.py:183} INFO - Processing /home/airflow/.local/lib/python3.12/site-packages/airflow/example_dags/tutorial_dag.py took 0.096 seconds
[2026-09-22T17:01:29.945+0000] {processor.py:161} INFO - Started process (PID=488) to work on /home/airflow/.local/lib/python3.12/site-packages/airflow/example_dags/tutorial_dag.py
[2026-09-22T17:01:29.946+0000] {processor.py:830} INFO - Processing file /home/airflow/.local/lib/python3.12/site-packages/airflow/example_dags/tutorial_dag.py for tasks to queue
[2026-09-22T17:01:29.951+0000] {logging_mixin.py:188} INFO - [2026-09-22T17:01:29.950+0000] {dagbag.py:545} INFO - Filling up the DagBag from /home/airflow/.local/lib/python3.12/site-packages/airflow/example_dags/tutorial_dag.py
[2026-09-22T17:01:29.961+0000] {processor.py:840} INFO - DAG(s) 'tutorial_dag' retrieved from /home/airflow/.local/lib/python3.12/site-packages/airflow/example_dags/tutorial_dag.py
[2026-09-22T17:01:29.996+0000] {logging_mixin.py:188} INFO - [2026-09-22T17:01:29.996+0000] {dag.py:3089} INFO - Sync 1 DAGs
[2026-09-22T17:01:30.027+0000] {logging_mixin.py:188} INFO - [2026-09-22T17:01:30.027+0000] {dag.py:3947} INFO - Setting next_dagrun for tutorial_dag to None, run_after=None
[2026-09-22T17:01:30.067+0000] {processor.py:183} INFO - Processing /home/airflow/.local/lib/python3.12/site-packages/airflow/example_dags/tutorial_dag.py took 0.131 seconds
[2026-09-22T17:02:00.148+0000] {processor.py:161} INFO - Started process (PID=546) to work on /home/airflow/.local/lib/python3.12/site-packages/airflow/example_dags/tutorial_dag.py
[2026-09-22T17:02:00.149+0000] {processor.py:830} INFO - Processing file /home/airflow/.local/lib/python3.12/site-packages/airflow/example_dags/tutorial_dag.py for tasks to queue
[2026-09-22T17:02:00.152+0000] {logging_mixin.py:188} INFO - [2026-09-22T17:02:00.152+0000] {dagbag.py:545} INFO - Filling up the DagBag from /home/airflow/.local/lib/python3.12/site-packages/airflow/example_dags/tutorial_dag.py
[2026-09-22T17:02:00.159+0000] {processor.py:840} INFO - DAG(s) 'tutorial_dag' retrieved from /home/airflow/.local/lib/python3.12/site-packages/airflow/example_dags/tutorial_dag.py
[2026-09-22T17:02:00.191+0000] {logging_mixin.py:188} INFO - [2026-09-22T17:02:00.190+0000] {dag.py:3089} INFO - Sync 1 DAGs
[2026-09-22T17:02:00.211+0000] {logging_mixin.py:188} INFO - [2026-09-22T17:02:00.210+0000] {dag.py:3947} INFO - Setting next_dagrun for tutorial_dag to None, run_after=None
[2026-09-22T17:02:00.242+0000] {processor.py:183} INFO - Processing /home/airflow/.local/lib/python3.12/site-packages/airflow/example_dags/tutorial_dag.py took 0.101 seconds
[2026-09-22T17:03:28.608+0000] {processor.py:161} INFO - Started process (PID=80) to work on /home/airflow/.local/lib/python3.12/site-packages/airflow/example_dags/tutorial_dag.py
[2026-09-22T17:03:28.609+0000] {processor.py:830} INFO - Processing file /home/airflow/.local/lib/python3.12/site-packages/airflow/example_dags/tutorial_dag.py for tasks to queue
[2026-09-22T17:03:28.612+0000] {logging_mixin.py:188} INFO - [2026-09-22T17:03:28.612+0000] {dagbag.py:545} INFO - Filling up the DagBag from /home/airflow/.local/lib/python3.12/site-packages/airflow/example_dags/tutorial_dag.py
[2026-09-22T17:03:28.630+0000] {processor.py:840} INFO - DAG(s) 'tutorial_dag' retrieved from /home/airflow/.local/lib/python3.12/site-packages/airflow/example_dags/tutorial_dag.py
[2026-09-22T17:03:29.021+0000] {logging_mixin.py:188} INFO - [2026-09-22T17:03:29.021+0000] {dag.py:3089} INFO - Sync 1 DAGs
[2026-09-22T17:03:29.044+0000] {logging_mixin.py:188} INFO - [2026-09-22T17:03:29.044+0000] {dag.py:3947} INFO - Setting next_dagrun for tutorial_dag to None, run_after=None
[2026-09-22T17:03:29.080+0000] {processor.py:183} INFO - Processing /home/airflow/.local/lib/python3.12/site-packages/airflow/example_dags/tutorial_dag.py took 0.481 seconds
[2026-09-22T17:03:59.312+0000] {processor.py:161} INFO - Started process (PID=138) to work on /home/airflow/.local/lib/python3.12/site-packages/airflow/example_dags/tutorial_dag.py
[2026-09-22T17:03:59.314+0000] {processor.py:830} INFO - Processing file /home/airflow/.local/lib/python3.12/site-packages/airflow/example_dags/tutorial_dag.py for tasks to queue
[2026-09-22T17:03:59.317+0000] {logging_mixin.py:188} INFO - [2026-09-22T17:03:59.316+0000] {dagbag.py:545} INFO - Filling up the DagBag from /home/airflow/.local/lib/python3.12/site-packages/airflow/example_dags/tutorial_dag.py
[2026-09-22T17:03:59.322+0000] {processor.py:840} INFO - DAG(s) 'tutorial_dag' retrieved from /home/airflow/.local/lib/python3.12/site-packages/airflow/example_dags/tutorial_dag.py
[2026-09-22T17:03:59.349+0000] {logging_mixin.py:188} INFO - [2026-09-22T17:03:59.349+0000] {dag.py:3089} INFO - Sync 1 DAGs
[2026-09-22T17:03:59.365+0000] {logging_mixin.py:188} INFO - [2026-09-22T17:03:59.365+0000] {dag.py:3947} INFO - Setting next_dagrun for tutorial_dag to None, run_after=None
[2026-09-22T17:03:59.396+0000] {processor.py:183} INFO - Processing /home/airflow/.local/lib/python3.12/site-packages/airflow/example_dags/tutorial_dag.py took 0.089 seconds
[2026-09-22T17:04:30.077+0000] {processor.py:161} INFO - Started process (PID=196) to work on /home/airflow/.local/lib/python3.12/site-packages/airflow/example_dags/tutorial_dag.py
[2026-09-22T17:04:30.079+0000] {processor.py:830} INFO - Processing file /home/airflow/.local/lib/python3.12/site-packages/airflow/example_dags/tutorial_dag.py for tasks to queue
[2026-09-22T17:04:30.081+0000] {logging_mixin.py:188} INFO - [2026-09-22T17:04:30.081+0000] {dagbag.py:545} INFO - Filling up the DagBag from /home/airflow/.local/lib/python3.12/site-packages/airflow/example_dags/tutorial_dag.py
[2026-09-22T17:04:30.088+0000] {processor.py:840} INFO - DAG(s) 'tutorial_dag' retrieved from /home/airflow/.local/lib/python3.12/site-packages/airflow/example_dags/tutorial_dag.py
[2026-09-22T17:04:30.121+0000] {logging_mixin.py:188} INFO - [2026-09-22T17:04:30.120+0000] {dag.py:3089} INFO - Sync 1 DAGs
[2026-09-22T17:04:30.136+0000] {logging_mixin.py:188} INFO - [2026-09-22T17:04:30.136+0000] {dag.py:3947} INFO - Setting next_dagrun for tutorial_dag to None, run_after=None
[2026-09-22T17:04:30.165+0000] {processor.py:183} INFO - Processing /home/airflow/.local/lib/python3.12/site-packages/airflow/example_dags/tutorial_dag.py took 0.097 seconds
[2026-09-22T17:05:00.737+0000] {processor.py:161} INFO - Started process (PID=254) to work on /home/airflow/.local/lib/python3.12/site-packages/airflow/example_dags/tutorial_dag.py
[2026-09-22T17:05:00.739+0000] {processor.py:830} INFO - Processing file /home/airflow/.local/lib/python3.12/site-packages/airflow/example_dags/tutorial_dag.py for tasks to queue
[2026-09-22T17:05:00.741+0000] {logging_mixin.py:188} INFO - [2026-09-22T17:05:00.741+0000] {dagbag.py:545} INFO - Filling up the DagBag from /home/airflow/.local/lib/python3.12/site-packages/airflow/example_dags/tutorial_dag.py
[2026-09-22T17:05:00.747+0000] {processor.py:840} INFO - DAG(s) 'tutorial_dag' retrieved from /home/airflow/.local/lib/python3.12/site-packages/airflow/example_dags/tutorial_dag.py
[2026-09-22T17:05:00.773+0000] {logging_mixin.py:188} INFO - [2026-09-22T17:05:00.772+0000] {dag.py:3089} INFO - Sync 1 DAGs
[2026-09-22T17:05:00.787+0000] {logging_mixin.py:188} INFO - [2026-09-22T17:05:00.786+0000] {dag.py:3947} INFO - Setting next_dagrun for tutorial_dag to None, run_after=None
[2026-09-22T17:05:00.812+0000] {processor.py:183} INFO - Processing /home/airflow/.local/lib/python3.12/site-packages/airflow/example_dags/tutorial_dag.py took 0.082 seconds
[2026-09-22T17:05:31.288+0000] {processor.py:161} INFO - Started process (PID=312) to work on /home/airflow/.local/lib/python3.12/site-packages/airflow/example_dags/tutorial_dag.py
[2026-09-22T17:05:31.289+0000] {processor.py:830} INFO - Processing file /home/airflow/.local/lib/python3.12/site-packages/airflow/example_dags/tutorial_dag.py for tasks to queue
[2026-09-22T17:05:31.291+0000] {logging_mixin.py:188} INFO - [2026-09-22T17:05:31.291+0000] {dagbag.py:545} INFO - Filling up the DagBag from /home/airflow/.local/lib/python3.12/site-packages/airflow/example_dags/tutorial_dag.py
[2026-09-22T17:05:31.298+0000] {processor.py:840} INFO - DAG(s) 'tutorial_dag' retrieved from /home/airflow/.local/lib/python3.12/site-packages/airflow/example_dags/tutorial_dag.py
[2026-09-22T17:05:31.321+0000] {logging_mixin.py:188} INFO - [2026-09-22T17:05:31.321+0000] {dag.py:3089} INFO - Sync 1 DAGs
[2026-09-22T17:05:31.332+0000] {logging_mixin.py:188} INFO - [2026-09-22T17:05:31.332+0000] {dag.py:3947} INFO - Setting next_dagrun for tutorial_dag to None, run_after=None
[2026-09-22T17:05:31.357+0000] {processor.py:183} INFO - Processing /home/airflow/.local/lib/python3.12/site-packages/airflow/example_dags/tutorial_dag.py took 0.076 seconds
[2026-09-22T17:06:01.540+0000] {processor.py:161} INFO - Started process (PID=370) to work on /home/airflow/.local/lib/python3.12/site-packages/airflow/example_dags/tutorial_dag.py
[2026-09-22T17:06:01.541+0000] {processor.py:830} INFO - Processing file /home/airflow/.local/lib/python3.12/site-packages/airflow/example_dags/tutorial_dag.py for tasks to queue
[2026-09-22T17:06:01.545+0000] {logging_mixin.py:188} INFO - [2026-09-22T17:06:01.544+0000] {dagbag.py:545} INFO - Filling up the DagBag from /home/airflow/.local/lib/python3.12/site-packages/airflow/example_dags/tutorial_dag.py
[2026-09-22T17:06:01.551+0000] {processor.py:840} INFO - DAG(s) 'tutorial_dag' retrieved from /home/airflow/.local/lib/python3.12/site-packages/airflow/example_dags/tutorial_dag.py
[2026-09-22T17:06:01.578+0000] {logging_mixin.py:188} INFO - [2026-09-22T17:06:01.578+0000] {dag.py:3089} INFO - Sync 1 DAGs
[2026-09-22T17:06:01.595+0000] {logging_mixin.py:188} INFO - [2026-09-22T17:06:01.595+0000] {dag.py:3947} INFO - Setting next_dagrun for tutorial_dag to None, run_after=None
[2026-09-22T17:06:01.619+0000] {processor.py:183} INFO - Processing /home/airflow/.local/lib/python3.12/site-packages/airflow/example_dags/tutorial_dag.py took 0.088 seconds
[2026-09-22T17:06:31.999+0000] {processor.py:161} INFO - Started process (PID=428) to work on /home/airflow/.local/lib/python3.12/site-packages/airflow/example_dags/tutorial_dag.py
[2026-09-22T17:06:32.000+0000] {processor.py:830} INFO - Processing file /home/airflow/.local/lib/python3.12/site-packages/airflow/example_dags/tutorial_dag.py for tasks to queue
[2026-09-22T17:06:32.003+0000] {logging_mixin.py:188} INFO - [2026-09-22T17:06:32.003+0000] {dagbag.py:545} INFO - Filling up the DagBag from /home/airflow/.local/lib/python3.12/site-packages/airflow/example_dags/tutorial_dag.py
[2026-09-22T17:06:32.009+0000] {processor.py:840} INFO - DAG(s) 'tutorial_dag' retrieved from /home/airflow/.local/lib/python3.12/site-packages/airflow/example_dags/tutorial_dag.py
[2026-09-22T17:06:32.031+0000] {logging_mixin.py:188} INFO - [2026-09-22T17:06:32.031+0000] {dag.py:3089} INFO - Sync 1 DAGs
[2026-09-22T17:06:32.045+0000] {logging_mixin.py:188} INFO - [2026-09-22T17:06:32.045+0000] {dag.py:3947} INFO - Setting next_dagrun for tutorial_dag to None, run_after=None
[2026-09-22T17:06:32.071+0000] {processor.py:183} INFO - Processing /home/airflow/.local/lib/python3.12/site-packages/airflow/example_dags/tutorial_dag.py took 0.078 seconds
[2026-09-22T17:07:02.326+0000] {processor.py:161} INFO - Started process (PID=486) to work on /home/airflow/.local/lib/python3.12/site-packages/airflow/example_dags/tutorial_dag.py
[2026-09-22T17:07:02.328+0000] {processor.py:830} INFO - Processing file /home/airflow/.local/lib/python3.12/site-packages/airflow/example_dags/tutorial_dag.py for tasks to queue
[2026-09-22T17:07:02.330+0000] {logging_mixin.py:188} INFO - [2026-09-22T17:07:02.330+0000] {dagbag.py:545} INFO - Filling up the DagBag from /home/airflow/.local/lib/python3.12/site-packages/airflow/example_dags/tutorial_dag.py
[2026-09-22T17:07:02.338+0000] {processor.py:840} INFO - DAG(s) 'tutorial_dag' retrieved from /home/airflow/.local/lib/python3.12/site-packages/airflow/example_dags/tutorial_dag.py
[2026-09-22T17:07:02.361+0000] {logging_mixin.py:188} INFO - [2026-09-22T17:07:02.361+0000] {dag.py:3089} INFO - Sync 1 DAGs
[2026-09-22T17:07:02.372+0000] {logging_mixin.py:188} INFO - [2026-09-22T17:07:02.372+0000] {dag.py:3947} INFO - Setting next_dagrun for tutorial_dag to None, run_after=None
[2026-09-22T17:07:02.393+0000] {processor.py:183} INFO - Processing /home/airflow/.local/lib/python3.12/site-packages/airflow/example_dags/tutorial_dag.py took 0.073 seconds
[2026-09-22T17:07:32.522+0000] {processor.py:161} INFO - Started process (PID=544) to work on /home/airflow/.local/lib/python3.12/site-packages/airflow/example_dags/tutorial_dag.py
[2026-09-22T17:07:32.523+0000] {processor.py:830} INFO - Processing file /home/airflow/.local/lib/python3.12/site-packages/airflow/example_dags/tutorial_dag.py for tasks to queue
[2026-09-22T17:07:32.525+0000] {logging_mixin.py:188} INFO - [2026-09-22T17:07:32.525+0000] {dagbag.py:545} INFO - Filling up the DagBag from /home/airflow/.local/lib/python3.12/site-packages/airflow/example_dags/tutorial_dag.py
[2026-09-22T17:07:32.531+0000] {processor.py:840} INFO - DAG(s) 'tutorial_dag' retrieved from /home/airflow/.local/lib/python3.12/site-packages/airflow/example_dags/tutorial_dag.py
[2026-09-22T17:07:32.552+0000] {logging_mixin.py:188} INFO - [2026-09-22T17:07:32.551+0000] {dag.py:3089} INFO - Sync 1 DAGs
[2026-09-22T17:07:32.565+0000] {logging_mixin.py:188} INFO - [2026-09-22T17:07:32.565+0000] {dag.py:3947} INFO - Setting next_dagrun for tutorial_dag to None, run_after=None
[2026-09-22T17:07:32.586+0000] {processor.py:183} INFO - Processing /home/airflow/.local/lib/python3.12/site-packages/airflow/example_dags/tutorial_dag.py took 0.070 seconds
[2026-09-22T17:08:02.833+0000] {processor.py:161} INFO - Started process (PID=602) to work on /home/airflow/.local/lib/python3.12/site-packages/airflow/example_dags/tutorial_dag.py
[2026-09-22T17:08:02.834+0000] {processor.py:830} INFO - Processing file /home/airflow/.local/lib/python3.12/site-packages/airflow/example_dags/tutorial_dag.py for tasks to queue
[2026-09-22T17:08:02.839+0000] {logging_mixin.py:188} INFO - [2026-09-22T17:08:02.839+0000] {dagbag.py:545} INFO - Filling up the DagBag from /home/airflow/.local/lib/python3.12/site-packages/airflow/example_dags/tutorial_dag.py
[2026-09-22T17:08:02.845+0000] {processor.py:840} INFO - DAG(s) 'tutorial_dag' retrieved from /home/airflow/.local/lib/python3.12/site-packages/airflow/example_dags/tutorial_dag.py
[2026-09-22T17:08:02.866+0000] {logging_mixin.py:188} INFO - [2026-09-22T17:08:02.865+0000] {dag.py:3089} INFO - Sync 1 DAGs
[2026-09-22T17:08:02.880+0000] {logging_mixin.py:188} INFO - [2026-09-22T17:08:02.879+0000] {dag.py:3947} INFO - Setting next_dagrun for tutorial_dag to None, run_after=None
[2026-09-22T17:08:02.902+0000] {processor.py:183} INFO - Processing /home/airflow/.local/lib/python3.12/site-packages/airflow/example_dags/tutorial_dag.py took 0.075 seconds
[2026-09-22T17:08:33.243+0000] {processor.py:161} INFO - Started process (PID=666) to work on /home/airflow/.local/lib/python3.12/site-packages/airflow/example_dags/tutorial_dag.py
[2026-09-22T17:08:33.244+0000] {processor.py:830} INFO - Processing file /home/airflow/.local/lib/python3.12/site-packages/airflow/example_dags/tutorial_dag.py for tasks to queue
[2026-09-22T17:08:33.246+0000] {logging_mixin.py:188} INFO - [2026-09-22T17:08:33.245+0000] {dagbag.py:545} INFO - Filling up the DagBag from /home/airflow/.local/lib/python3.12/site-packages/airflow/example_dags/tutorial_dag.py
[2026-09-22T17:08:33.258+0000] {processor.py:840} INFO - DAG(s) 'tutorial_dag' retrieved from /home/airflow/.local/lib/python3.12/site-packages/airflow/example_dags/tutorial_dag.py
[2026-09-22T17:08:33.279+0000] {logging_mixin.py:188} INFO - [2026-09-22T17:08:33.279+0000] {dag.py:3089} INFO - Sync 1 DAGs
[2026-09-22T17:08:33.293+0000] {logging_mixin.py:188} INFO - [2026-09-22T17:08:33.293+0000] {dag.py:3947} INFO - Setting next_dagrun for tutorial_dag to None, run_after=None
[2026-09-22T17:08:33.313+0000] {processor.py:183} INFO - Processing /home/airflow/.local/lib/python3.12/site-packages/airflow/example_dags/tutorial_dag.py took 0.075 seconds
[2026-09-22T17:09:03.381+0000] {processor.py:161} INFO - Started process (PID=724) to work on /home/airflow/.local/lib/python3.12/site-packages/airflow/example_dags/tutorial_dag.py
[2026-09-22T17:09:03.383+0000] {processor.py:830} INFO - Processing file /home/airflow/.local/lib/python3.12/site-packages/airflow/example_dags/tutorial_dag.py for tasks to queue
[2026-09-22T17:09:03.386+0000] {logging_mixin.py:188} INFO - [2026-09-22T17:09:03.386+0000] {dagbag.py:545} INFO - Filling up the DagBag from /home/airflow/.local/lib/python3.12/site-packages/airflow/example_dags/tutorial_dag.py
[2026-09-22T17:09:03.391+0000] {processor.py:840} INFO - DAG(s) 'tutorial_dag' retrieved from /home/airflow/.local/lib/python3.12/site-packages/airflow/example_dags/tutorial_dag.py
[2026-09-22T17:09:03.413+0000] {logging_mixin.py:188} INFO - [2026-09-22T17:09:03.412+0000] {dag.py:3089} INFO - Sync 1 DAGs
[2026-09-22T17:09:03.428+0000] {logging_mixin.py:188} INFO - [2026-09-22T17:09:03.428+0000] {dag.py:3947} INFO - Setting next_dagrun for tutorial_dag to None, run_after=None
[2026-09-22T17:09:03.450+0000] {processor.py:183} INFO - Processing /home/airflow/.local/lib/python3.12/site-packages/airflow/example_dags/tutorial_dag.py took 0.073 seconds
[2026-09-22T17:09:33.528+0000] {processor.py:161} INFO - Started process (PID=782) to work on /home/airflow/.local/lib/python3.12/site-packages/airflow/example_dags/tutorial_dag.py
[2026-09-22T17:09:33.529+0000] {processor.py:830} INFO - Processing file /home/airflow/.local/lib/python3.12/site-packages/airflow/example_dags/tutorial_dag.py for tasks to queue
[2026-09-22T17:09:33.531+0000] {logging_mixin.py:188} INFO - [2026-09-22T17:09:33.531+0000] {dagbag.py:545} INFO - Filling up the DagBag from /home/airflow/.local/lib/python3.12/site-packages/airflow/example_dags/tutorial_dag.py
[2026-09-22T17:09:33.537+0000] {processor.py:840} INFO - DAG(s) 'tutorial_dag' retrieved from /home/airflow/.local/lib/python3.12/site-packages/airflow/example_dags/tutorial_dag.py
[2026-09-22T17:09:33.556+0000] {logging_mixin.py:188} INFO - [2026-09-22T17:09:33.556+0000] {dag.py:3089} INFO - Sync 1 DAGs
[2026-09-22T17:09:33.567+0000] {logging_mixin.py:188} INFO - [2026-09-22T17:09:33.566+0000] {dag.py:3947} INFO - Setting next_dagrun for tutorial_dag to None, run_after=None
[2026-09-22T17:09:33.585+0000] {processor.py:183} INFO - Processing /home/airflow/.local/lib/python3.12/site-packages/airflow/example_dags/tutorial_dag.py took 0.063 seconds
[2026-09-22T17:10:03.904+0000] {processor.py:161} INFO - Started process (PID=840) to work on /home/airflow/.local/lib/python3.12/site-packages/airflow/example_dags/tutorial_dag.py
[2026-09-22T17:10:03.905+0000] {processor.py:830} INFO - Processing file /home/airflow/.local/lib/python3.12/site-packages/airflow/example_dags/tutorial_dag.py for tasks to queue
[2026-09-22T17:10:03.907+0000] {logging_mixin.py:188} INFO - [2026-09-22T17:10:03.907+0000] {dagbag.py:545} INFO - Filling up the DagBag from /home/airflow/.local/lib/python3.12/site-packages/airflow/example_dags/tutorial_dag.py
[2026-09-22T17:10:03.912+0000] {processor.py:840} INFO - DAG(s) 'tutorial_dag' retrieved from /home/airflow/.local/lib/python3.12/site-packages/airflow/example_dags/tutorial_dag.py
[2026-09-22T17:10:03.942+0000] {logging_mixin.py:188} INFO - [2026-09-22T17:10:03.942+0000] {dag.py:3089} INFO - Sync 1 DAGs
[2026-09-22T17:10:03.955+0000] {logging_mixin.py:188} INFO - [2026-09-22T17:10:03.955+0000] {dag.py:3947} INFO - Setting next_dagrun for tutorial_dag to None, run_after=None
[2026-09-22T17:10:03.990+0000] {processor.py:183} INFO - Processing /home/airflow/.local/lib/python3.12/site-packages/airflow/example_dags/tutorial_dag.py took 0.092 seconds
[2026-09-22T17:10:34.759+0000] {processor.py:161} INFO - Started process (PID=898) to work on /home/airflow/.local/lib/python3.12/site-packages/airflow/example_dags/tutorial_dag.py
[2026-09-22T17:10:34.760+0000] {processor.py:830} INFO - Processing file /home/airflow/.local/lib/python3.12/site-packages/airflow/example_dags/tutorial_dag.py for tasks to queue
[2026-09-22T17:10:34.762+0000] {logging_mixin.py:188} INFO - [2026-09-22T17:10:34.762+0000] {dagbag.py:545} INFO - Filling up the DagBag from /home/airflow/.local/lib/python3.12/site-packages/airflow/example_dags/tutorial_dag.py
[2026-09-22T17:10:34.767+0000] {processor.py:840} INFO - DAG(s) 'tutorial_dag' retrieved from /home/airflow/.local/lib/python3.12/site-packages/airflow/example_dags/tutorial_dag.py
[2026-09-22T17:10:34.785+0000] {logging_mixin.py:188} INFO - [2026-09-22T17:10:34.784+0000] {dag.py:3089} INFO - Sync 1 DAGs
[2026-09-22T17:10:34.795+0000] {logging_mixin.py:188} INFO - [2026-09-22T17:10:34.795+0000] {dag.py:3947} INFO - Setting next_dagrun for tutorial_dag to None, run_after=None
[2026-09-22T17:10:34.817+0000] {processor.py:183} INFO - Processing /home/airflow/.local/lib/python3.12/site-packages/airflow/example_dags/tutorial_dag.py took 0.064 seconds
[2026-09-22T17:11:05.159+0000] {processor.py:161} INFO - Started process (PID=956) to work on /home/airflow/.local/lib/python3.12/site-packages/airflow/example_dags/tutorial_dag.py
[2026-09-22T17:11:05.160+0000] {processor.py:830} INFO - Processing file /home/airflow/.local/lib/python3.12/site-packages/airflow/example_dags/tutorial_dag.py for tasks to queue
[2026-09-22T17:11:05.162+0000] {logging_mixin.py:188} INFO - [2026-09-22T17:11:05.162+0000] {dagbag.py:545} INFO - Filling up the DagBag from /home/airflow/.local/lib/python3.12/site-packages/airflow/example_dags/tutorial_dag.py
[2026-09-22T17:11:05.169+0000] {processor.py:840} INFO - DAG(s) 'tutorial_dag' retrieved from /home/airflow/.local/lib/python3.12/site-packages/airflow/example_dags/tutorial_dag.py
[2026-09-22T17:11:05.194+0000] {logging_mixin.py:188} INFO - [2026-09-22T17:11:05.193+0000] {dag.py:3089} INFO - Sync 1 DAGs
[2026-09-22T17:11:05.208+0000] {logging_mixin.py:188} INFO - [2026-09-22T17:11:05.207+0000] {dag.py:3947} INFO - Setting next_dagrun for tutorial_dag to None, run_after=None
[2026-09-22T17:11:05.232+0000] {processor.py:183} INFO - Processing /home/airflow/.local/lib/python3.12/site-packages/airflow/example_dags/tutorial_dag.py took 0.082 seconds
[2026-09-22T17:11:35.403+0000] {processor.py:161} INFO - Started process (PID=1014) to work on /home/airflow/.local/lib/python3.12/site-packages/airflow/example_dags/tutorial_dag.py
[2026-09-22T17:11:35.405+0000] {processor.py:830} INFO - Processing file /home/airflow/.local/lib/python3.12/site-packages/airflow/example_dags/tutorial_dag.py for tasks to queue
[2026-09-22T17:11:35.407+0000] {logging_mixin.py:188} INFO - [2026-09-22T17:11:35.407+0000] {dagbag.py:545} INFO - Filling up the DagBag from /home/airflow/.local/lib/python3.12/site-packages/airflow/example_dags/tutorial_dag.py
[2026-09-22T17:11:35.413+0000] {processor.py:840} INFO - DAG(s) 'tutorial_dag' retrieved from /home/airflow/.local/lib/python3.12/site-packages/airflow/example_dags/tutorial_dag.py
[2026-09-22T17:11:35.443+0000] {logging_mixin.py:188} INFO - [2026-09-22T17:11:35.443+0000] {dag.py:3089} INFO - Sync 1 DAGs
[2026-09-22T17:11:35.456+0000] {logging_mixin.py:188} INFO - [2026-09-22T17:11:35.455+0000] {dag.py:3947} INFO - Setting next_dagrun for tutorial_dag to None, run_after=None
[2026-09-22T17:11:35.480+0000] {processor.py:183} INFO - Processing /home/airflow/.local/lib/python3.12/site-packages/airflow/example_dags/tutorial_dag.py took 0.085 seconds
[2026-09-22T17:12:05.731+0000] {processor.py:161} INFO - Started process (PID=1072) to work on /home/airflow/.local/lib/python3.12/site-packages/airflow/example_dags/tutorial_dag.py
[2026-09-22T17:12:05.732+0000] {processor.py:830} INFO - Processing file /home/airflow/.local/lib/python3.12/site-packages/airflow/example_dags/tutorial_dag.py for tasks to queue
[2026-09-22T17:12:05.734+0000] {logging_mixin.py:188} INFO - [2026-09-22T17:12:05.733+0000] {dagbag.py:545} INFO - Filling up the DagBag from /home/airflow/.local/lib/python3.12/site-packages/airflow/example_dags/tutorial_dag.py
[2026-09-22T17:12:05.738+0000] {processor.py:840} INFO - DAG(s) 'tutorial_dag' retrieved from /home/airflow/.local/lib/python3.12/site-packages/airflow/example_dags/tutorial_dag.py
[2026-09-22T17:12:05.756+0000] {logging_mixin.py:188} INFO - [2026-09-22T17:12:05.756+0000] {dag.py:3089} INFO - Sync 1 DAGs
[2026-09-22T17:12:05.767+0000] {logging_mixin.py:188} INFO - [2026-09-22T17:12:05.767+0000] {dag.py:3947} INFO - Setting next_dagrun for tutorial_dag to None, run_after=None
[2026-09-22T17:12:05.785+0000] {processor.py:183} INFO - Processing /home/airflow/.local/lib/python3.12/site-packages/airflow/example_dags/tutorial_dag.py took 0.060 seconds
[2026-09-22T17:12:35.839+0000] {processor.py:161} INFO - Started process (PID=1130) to work on /home/airflow/.local/lib/python3.12/site-packages/airflow/example_dags/tutorial_dag.py
[2026-09-22T17:12:35.842+0000] {processor.py:830} INFO - Processing file /home/airflow/.local/lib/python3.12/site-packages/airflow/example_dags/tutorial_dag.py for tasks to queue
[2026-09-22T17:12:35.843+0000] {logging_mixin.py:188} INFO - [2026-09-22T17:12:35.843+0000] {dagbag.py:545} INFO - Filling up the DagBag from /home/airflow/.local/lib/python3.12/site-packages/airflow/example_dags/tutorial_dag.py
[2026-09-22T17:12:35.848+0000] {processor.py:840} INFO - DAG(s) 'tutorial_dag' retrieved from /home/airflow/.local/lib/python3.12/site-packages/airflow/example_dags/tutorial_dag.py
[2026-09-22T17:12:35.871+0000] {logging_mixin.py:188} INFO - [2026-09-22T17:12:35.870+0000] {dag.py:3089} INFO - Sync 1 DAGs
[2026-09-22T17:12:35.883+0000] {logging_mixin.py:188} INFO - [2026-09-22T17:12:35.883+0000] {dag.py:3947} INFO - Setting next_dagrun for tutorial_dag to None, run_after=None
[2026-09-22T17:12:35.907+0000] {processor.py:183} INFO - Processing /home/airflow/.local/lib/python3.12/site-packages/airflow/example_dags/tutorial_dag.py took 0.073 seconds
[2026-09-22T17:13:06.239+0000] {processor.py:161} INFO - Started process (PID=1188) to work on /home/airflow/.local/lib/python3.12/site-packages/airflow/example_dags/tutorial_dag.py
[2026-09-22T17:13:06.240+0000] {processor.py:830} INFO - Processing file /home/airflow/.local/lib/python3.12/site-packages/airflow/example_dags/tutorial_dag.py for tasks to queue
[2026-09-22T17:13:06.242+0000] {logging_mixin.py:188} INFO - [2026-09-22T17:13:06.242+0000] {dagbag.py:545} INFO - Filling up the DagBag from /home/airflow/.local/lib/python3.12/site-packages/airflow/example_dags/tutorial_dag.py
[2026-09-22T17:13:06.246+0000] {processor.py:840} INFO - DAG(s) 'tutorial_dag' retrieved from /home/airflow/.local/lib/python3.12/site-packages/airflow/example_dags/tutorial_dag.py
[2026-09-22T17:13:06.264+0000] {logging_mixin.py:188} INFO - [2026-09-22T17:13:06.264+0000] {dag.py:3089} INFO - Sync 1 DAGs
[2026-09-22T17:13:06.275+0000] {logging_mixin.py:188} INFO - [2026-09-22T17:13:06.275+0000] {dag.py:3947} INFO - Setting next_dagrun for tutorial_dag to None, run_after=None
[2026-09-22T17:13:06.295+0000] {processor.py:183} INFO - Processing /home/airflow/.local/lib/python3.12/site-packages/airflow/example_dags/tutorial_dag.py took 0.061 seconds
[2026-09-22T17:13:36.406+0000] {processor.py:161} INFO - Started process (PID=1246) to work on /home/airflow/.local/lib/python3.12/site-packages/airflow/example_dags/tutorial_dag.py
[2026-09-22T17:13:36.408+0000] {processor.py:830} INFO - Processing file /home/airflow/.local/lib/python3.12/site-packages/airflow/example_dags/tutorial_dag.py for tasks to queue
[2026-09-22T17:13:36.410+0000] {logging_mixin.py:188} INFO - [2026-09-22T17:13:36.410+0000] {dagbag.py:545} INFO - Filling up the DagBag from /home/airflow/.local/lib/python3.12/site-packages/airflow/example_dags/tutorial_dag.py
[2026-09-22T17:13:36.416+0000] {processor.py:840} INFO - DAG(s) 'tutorial_dag' retrieved from /home/airflow/.local/lib/python3.12/site-packages/airflow/example_dags/tutorial_dag.py
[2026-09-22T17:13:36.441+0000] {logging_mixin.py:188} INFO - [2026-09-22T17:13:36.441+0000] {dag.py:3089} INFO - Sync 1 DAGs
[2026-09-22T17:13:36.454+0000] {logging_mixin.py:188} INFO - [2026-09-22T17:13:36.454+0000] {dag.py:3947} INFO - Setting next_dagrun for tutorial_dag to None, run_after=None
[2026-09-22T17:13:36.475+0000] {processor.py:183} INFO - Processing /home/airflow/.local/lib/python3.12/site-packages/airflow/example_dags/tutorial_dag.py took 0.077 seconds
