[2026-09-22T16:19:27.326+0000] {processor.py:161} INFO - Started process (PID=68) to work on /home/airflow/.local/lib/python3.12/site-packages/airflow/example_dags/tutorial_taskflow_api_virtualenv.py
[2026-09-22T16:19:27.329+0000] {processor.py:830} INFO - Processing file /home/airflow/.local/lib/python3.12/site-packages/airflow/example_dags/tutorial_taskflow_api_virtualenv.py for tasks to queue
[2026-09-22T16:19:27.333+0000] {logging_mixin.py:188} INFO - [2026-09-22T16:19:27.332+0000] {dagbag.py:545} INFO - Filling up the DagBag from /home/airflow/.local/lib/python3.12/site-packages/airflow/example_dags/tutorial_taskflow_api_virtualenv.py
[2026-09-22T16:19:27.363+0000] {processor.py:840} INFO - DAG(s) 'tutorial_taskflow_api_virtualenv' retrieved from /home/airflow/.local/lib/python3.12/site-packages/airflow/example_dags/tutorial_taskflow_api_virtualenv.py
[2026-09-22T16:19:27.590+0000] {logging_mixin.py:188} INFO - [2026-09-22T16:19:27.589+0000] {dag.py:3089} INFO - Sync 1 DAGs
[2026-09-22T16:19:27.619+0000] {logging_mixin.py:188} INFO - [2026-09-22T16:19:27.619+0000] {dag.py:3947} INFO - Setting next_dagrun for tutorial_taskflow_api_virtualenv to None, run_after=None
[2026-09-22T16:19:27.679+0000] {processor.py:183} INFO - Processing /home/airflow/.local/lib/python3.12/site-packages/airflow/example_dags/tutorial_taskflow_api_virtualenv.py took 0.366 seconds
[2026-09-22T16:19:58.154+0000] {processor.py:161} INFO - Started process (PID=125) to work on /home/airflow/.local/lib/python3.12/site-packages/airflow/example_dags/tutorial_taskflow_api_virtualenv.py
[2026-09-22T16:19:58.156+0000] {processor.py:830} INFO - Processing file /home/airflow/.local/lib/python3.12/site-packages/airflow/example_dags/tutorial_taskflow_api_virtualenv.py for tasks to queue
[2026-09-22T16:19:58.159+0000] {logging_mixin.py:188} INFO - [2026-09-22T16:19:58.159+0000] {dagbag.py:545} INFO - Filling up the DagBag from /home/airflow/.local/lib/python3.12/site-packages/airflow/example_dags/tutorial_taskflow_api_virtualenv.py
[2026-09-22T16:19:58.175+0000] {processor.py:840} INFO - DAG(s) 'tutorial_taskflow_api_virtualenv' retrieved from /home/airflow/.local/lib/python3.12/site-packages/airflow/example_dags/tutorial_taskflow_api_virtualenv.py
[2026-09-22T16:19:58.207+0000] {logging_mixin.py:188} INFO - [2026-09-22T16:19:58.207+0000] {dag.py:3089} INFO - Sync 1 DAGs
[2026-09-22T16:19:58.226+0000] {logging_mixin.py:188} INFO - [2026-09-22T16:19:58.225+0000] {dag.py:3947} INFO - Setting next_dagrun for tutorial_taskflow_api_virtualenv to None, run_after=None
[2026-09-22T16:19:58.312+0000] {processor.py:183} INFO - Processing /home/airflow/.local/lib/python3.12/site-packages/airflow/example_dags/tutorial_taskflow_api_virtualenv.py took 0.166 seconds
[2026-09-22T16:20:28.469+0000] {processor.py:161} INFO - Started process (PID=183) to work on /home/airflow/.local/lib/python3.12/site-packages/airflow/example_dags/tutorial_taskflow_api_virtualenv.py
[2026-09-22T16:20:28.471+0000] {processor.py:830} INFO - Processing file /home/airflow/.local/lib/python3.12/site-packages/airflow/example_dags/tutorial_taskflow_api_virtualenv.py for tasks to queue
[2026-09-22T16:20:28.475+0000] {logging_mixin.py:188} INFO - [2026-09-22T16:20:28.474+0000] {dagbag.py:545} INFO - Filling up the DagBag from /home/airflow/.local/lib/python3.12/site-packages/airflow/example_dags/tutorial_taskflow_api_virtualenv.py
[2026-09-22T16:20:28.491+0000] {processor.py:840} INFO - DAG(s) 'tutorial_taskflow_api_virtualenv' retrieved from /home/airflow/.local/lib/python3.12/site-packages/airflow/example_dags/tutorial_taskflow_api_virtualenv.py
[2026-09-22T16:20:28.519+0000] {logging_mixin.py:188} INFO - [2026-09-22T16:20:28.518+0000] {dag.py:3089} INFO - Sync 1 DAGs
[2026-09-22T16:20:28.539+0000] {logging_mixin.py:188} INFO - [2026-09-22T16:20:28.539+0000] {dag.py:3947} INFO - Setting next_dagrun for tutorial_taskflow_api_virtualenv to None, run_after=None
[2026-09-22T16:20:28.635+0000] {processor.py:183} INFO - Processing /home/airflow/.local/lib/python3.12/site-packages/airflow/example_dags/tutorial_taskflow_api_virtualenv.py took 0.174 seconds
[2026-09-22T16:20:58.867+0000] {processor.py:161} INFO - Started process (PID=240) to work on /home/airflow/.local/lib/python3.12/site-packages/airflow/example_dags/tutorial_taskflow_api_virtualenv.py
[2026-09-22T16:20:58.870+0000] {processor.py:830} INFO - Processing file /home/airflow/.local/lib/python3.12/site-packages/airflow/example_dags/tutorial_taskflow_api_virtualenv.py for tasks to queue
[2026-09-22T16:20:58.873+0000] {logging_mixin.py:188} INFO - [2026-09-22T16:20:58.872+0000] {dagbag.py:545} INFO - Filling up the DagBag from /home/airflow/.local/lib/python3.12/site-packages/airflow/example_dags/tutorial_taskflow_api_virtualenv.py
[2026-09-22T16:20:58.885+0000] {processor.py:840} INFO - DAG(s) 'tutorial_taskflow_api_virtualenv' retrieved from /home/airflow/.local/lib/python3.12/site-packages/airflow/example_dags/tutorial_taskflow_api_virtualenv.py
[2026-09-22T16:20:58.917+0000] {logging_mixin.py:188} INFO - [2026-09-22T16:20:58.917+0000] {dag.py:3089} INFO - Sync 1 DAGs
[2026-09-22T16:20:58.939+0000] {logging_mixin.py:188} INFO - [2026-09-22T16:20:58.938+0000] {dag.py:3947} INFO - Setting next_dagrun for tutorial_taskflow_api_virtualenv to None, run_after=None
[2026-09-22T16:20:59.024+0000] {processor.py:183} INFO - Processing /home/airflow/.local/lib/python3.12/site-packages/airflow/example_dags/tutorial_taskflow_api_virtualenv.py took 0.166 seconds
[2026-09-22T16:21:29.603+0000] {processor.py:161} INFO - Started process (PID=298) to work on /home/airflow/.local/lib/python3.12/site-packages/airflow/example_dags/tutorial_taskflow_api_virtualenv.py
[2026-09-22T16:21:29.605+0000] {processor.py:830} INFO - Processing file /home/airflow/.local/lib/python3.12/site-packages/airflow/example_dags/tutorial_taskflow_api_virtualenv.py for tasks to queue
[2026-09-22T16:21:29.607+0000] {logging_mixin.py:188} INFO - [2026-09-22T16:21:29.607+0000] {dagbag.py:545} INFO - Filling up the DagBag from /home/airflow/.local/lib/python3.12/site-packages/airflow/example_dags/tutorial_taskflow_api_virtualenv.py
[2026-09-22T16:21:29.627+0000] {processor.py:840} INFO - DAG(s) 'tutorial_taskflow_api_virtualenv' retrieved from /home/airflow/.local/lib/python3.12/site-packages/airflow/example_dags/tutorial_taskflow_api_virtualenv.py
[2026-09-22T16:21:29.668+0000] {logging_mixin.py:188} INFO - [2026-09-22T16:21:29.658+0000] {dag.py:3089} INFO - Sync 1 DAGs
[2026-09-22T16:21:29.695+0000] {logging_mixin.py:188} INFO - [2026-09-22T16:21:29.695+0000] {dag.py:3947} INFO - Setting next_dagrun for tutorial_taskflow_api_virtualenv to None, run_after=None
[2026-09-22T16:21:29.722+0000] {processor.py:183} INFO - Processing /home/airflow/.local/lib/python3.12/site-packages/airflow/example_dags/tutorial_taskflow_api_virtualenv.py took 0.130 seconds
[2026-09-22T16:22:00.440+0000] {processor.py:161} INFO - Started process (PID=362) to work on /home/airflow/.local/lib/python3.12/site-packages/airflow/example_dags/tutorial_taskflow_api_virtualenv.py
[2026-09-22T16:22:00.442+0000] {processor.py:830} INFO - Processing file /home/airflow/.local/lib/python3.12/site-packages/airflow/example_dags/tutorial_taskflow_api_virtualenv.py for tasks to queue
[2026-09-22T16:22:00.446+0000] {logging_mixin.py:188} INFO - [2026-09-22T16:22:00.445+0000] {dagbag.py:545} INFO - Filling up the DagBag from /home/airflow/.local/lib/python3.12/site-packages/airflow/example_dags/tutorial_taskflow_api_virtualenv.py
[2026-09-22T16:22:00.459+0000] {processor.py:840} INFO - DAG(s) 'tutorial_taskflow_api_virtualenv' retrieved from /home/airflow/.local/lib/python3.12/site-packages/airflow/example_dags/tutorial_taskflow_api_virtualenv.py
[2026-09-22T16:22:00.492+0000] {logging_mixin.py:188} INFO - [2026-09-22T16:22:00.492+0000] {dag.py:3089} INFO - Sync 1 DAGs
[2026-09-22T16:22:00.514+0000] {logging_mixin.py:188} INFO - [2026-09-22T16:22:00.514+0000] {dag.py:3947} INFO - Setting next_dagrun for tutorial_taskflow_api_virtualenv to None, run_after=None
[2026-09-22T16:22:00.606+0000] {processor.py:183} INFO - Processing /home/airflow/.local/lib/python3.12/site-packages/airflow/example_dags/tutorial_taskflow_api_virtualenv.py took 0.178 seconds
[2026-09-22T16:22:31.355+0000] {processor.py:161} INFO - Started process (PID=420) to work on /home/airflow/.local/lib/python3.12/site-packages/airflow/example_dags/tutorial_taskflow_api_virtualenv.py
[2026-09-22T16:22:31.358+0000] {processor.py:830} INFO - Processing file /home/airflow/.local/lib/python3.12/site-packages/airflow/example_dags/tutorial_taskflow_api_virtualenv.py for tasks to queue
[2026-09-22T16:22:31.362+0000] {logging_mixin.py:188} INFO - [2026-09-22T16:22:31.362+0000] {dagbag.py:545} INFO - Filling up the DagBag from /home/airflow/.local/lib/python3.12/site-packages/airflow/example_dags/tutorial_taskflow_api_virtualenv.py
[2026-09-22T16:22:31.382+0000] {processor.py:840} INFO - DAG(s) 'tutorial_taskflow_api_virtualenv' retrieved from /home/airflow/.local/lib/python3.12/site-packages/airflow/example_dags/tutorial_taskflow_api_virtualenv.py
[2026-09-22T16:22:31.420+0000] {logging_mixin.py:188} INFO - [2026-09-22T16:22:31.419+0000] {dag.py:3089} INFO - Sync 1 DAGs
[2026-09-22T16:22:31.442+0000] {logging_mixin.py:188} INFO - [2026-09-22T16:22:31.442+0000] {dag.py:3947} INFO - Setting next_dagrun for tutorial_taskflow_api_virtualenv to None, run_after=None
[2026-09-22T16:22:31.475+0000] {processor.py:183} INFO - Processing /home/airflow/.local/lib/python3.12/site-packages/airflow/example_dags/tutorial_taskflow_api_virtualenv.py took 0.128 seconds
[2026-09-22T16:23:01.550+0000] {processor.py:161} INFO - Started process (PID=478) to work on /home/airflow/.local/lib/python3.12/site-packages/airflow/example_dags/tutorial_taskflow_api_virtualenv.py
[2026-09-22T16:23:01.552+0000] {processor.py:830} INFO - Processing file /home/airflow/.local/lib/python3.12/site-packages/airflow/example_dags/tutorial_taskflow_api_virtualenv.py for tasks to queue
[2026-09-22T16:23:01.557+0000] {logging_mixin.py:188} INFO - [2026-09-22T16:23:01.556+0000] {dagbag.py:545} INFO - Filling up the DagBag from /home/airflow/.local/lib/python3.12/site-packages/airflow/example_dags/tutorial_taskflow_api_virtualenv.py
[2026-09-22T16:23:01.576+0000] {processor.py:840} INFO - DAG(s) 'tutorial_taskflow_api_virtualenv' retrieved from /home/airflow/.local/lib/python3.12/site-packages/airflow/example_dags/tutorial_taskflow_api_virtualenv.py
[2026-09-22T16:23:01.615+0000] {logging_mixin.py:188} INFO - [2026-09-22T16:23:01.614+0000] {dag.py:3089} INFO - Sync 1 DAGs
[2026-09-22T16:23:01.635+0000] {logging_mixin.py:188} INFO - [2026-09-22T16:23:01.634+0000] {dag.py:3947} INFO - Setting next_dagrun for tutorial_taskflow_api_virtualenv to None, run_after=None
[2026-09-22T16:23:01.720+0000] {processor.py:183} INFO - Processing /home/airflow/.local/lib/python3.12/site-packages/airflow/example_dags/tutorial_taskflow_api_virtualenv.py took 0.180 seconds
[2026-09-22T16:23:31.995+0000] {processor.py:161} INFO - Started process (PID=536) to work on /home/airflow/.local/lib/python3.12/site-packages/airflow/example_dags/tutorial_taskflow_api_virtualenv.py
[2026-09-22T16:23:31.997+0000] {processor.py:830} INFO - Processing file /home/airflow/.local/lib/python3.12/site-packages/airflow/example_dags/tutorial_taskflow_api_virtualenv.py for tasks to queue
[2026-09-22T16:23:32.000+0000] {logging_mixin.py:188} INFO - [2026-09-22T16:23:32.000+0000] {dagbag.py:545} INFO - Filling up the DagBag from /home/airflow/.local/lib/python3.12/site-packages/airflow/example_dags/tutorial_taskflow_api_virtualenv.py
[2026-09-22T16:23:32.021+0000] {processor.py:840} INFO - DAG(s) 'tutorial_taskflow_api_virtualenv' retrieved from /home/airflow/.local/lib/python3.12/site-packages/airflow/example_dags/tutorial_taskflow_api_virtualenv.py
[2026-09-22T16:23:32.056+0000] {logging_mixin.py:188} INFO - [2026-09-22T16:23:32.055+0000] {dag.py:3089} INFO - Sync 1 DAGs
[2026-09-22T16:23:32.072+0000] {logging_mixin.py:188} INFO - [2026-09-22T16:23:32.071+0000] {dag.py:3947} INFO - Setting next_dagrun for tutorial_taskflow_api_virtualenv to None, run_after=None
[2026-09-22T16:23:32.158+0000] {processor.py:183} INFO - Processing /home/airflow/.local/lib/python3.12/site-packages/airflow/example_dags/tutorial_taskflow_api_virtualenv.py took 0.172 seconds
[2026-09-22T16:24:02.505+0000] {processor.py:161} INFO - Started process (PID=594) to work on /home/airflow/.local/lib/python3.12/site-packages/airflow/example_dags/tutorial_taskflow_api_virtualenv.py
[2026-09-22T16:24:02.507+0000] {processor.py:830} INFO - Processing file /home/airflow/.local/lib/python3.12/site-packages/airflow/example_dags/tutorial_taskflow_api_virtualenv.py for tasks to queue
[2026-09-22T16:24:02.511+0000] {logging_mixin.py:188} INFO - [2026-09-22T16:24:02.510+0000] {dagbag.py:545} INFO - Filling up the DagBag from /home/airflow/.local/lib/python3.12/site-packages/airflow/example_dags/tutorial_taskflow_api_virtualenv.py
[2026-09-22T16:24:02.529+0000] {processor.py:840} INFO - DAG(s) 'tutorial_taskflow_api_virtualenv' retrieved from /home/airflow/.local/lib/python3.12/site-packages/airflow/example_dags/tutorial_taskflow_api_virtualenv.py
[2026-09-22T16:24:02.565+0000] {logging_mixin.py:188} INFO - [2026-09-22T16:24:02.564+0000] {dag.py:3089} INFO - Sync 1 DAGs
[2026-09-22T16:24:02.588+0000] {logging_mixin.py:188} INFO - [2026-09-22T16:24:02.588+0000] {dag.py:3947} INFO - Setting next_dagrun for tutorial_taskflow_api_virtualenv to None, run_after=None
[2026-09-22T16:24:02.624+0000] {processor.py:183} INFO - Processing /home/airflow/.local/lib/python3.12/site-packages/airflow/example_dags/tutorial_taskflow_api_virtualenv.py took 0.131 seconds
[2026-09-22T16:24:32.745+0000] {processor.py:161} INFO - Started process (PID=652) to work on /home/airflow/.local/lib/python3.12/site-packages/airflow/example_dags/tutorial_taskflow_api_virtualenv.py
[2026-09-22T16:24:32.746+0000] {processor.py:830} INFO - Processing file /home/airflow/.local/lib/python3.12/site-packages/airflow/example_dags/tutorial_taskflow_api_virtualenv.py for tasks to queue
[2026-09-22T16:24:32.749+0000] {logging_mixin.py:188} INFO - [2026-09-22T16:24:32.749+0000] {dagbag.py:545} INFO - Filling up the DagBag from /home/airflow/.local/lib/python3.12/site-packages/airflow/example_dags/tutorial_taskflow_api_virtualenv.py
[2026-09-22T16:24:32.766+0000] {processor.py:840} INFO - DAG(s) 'tutorial_taskflow_api_virtualenv' retrieved from /home/airflow/.local/lib/python3.12/site-packages/airflow/example_dags/tutorial_taskflow_api_virtualenv.py
[2026-09-22T16:24:32.803+0000] {logging_mixin.py:188} INFO - [2026-09-22T16:24:32.803+0000] {dag.py:3089} INFO - Sync 1 DAGs
[2026-09-22T16:24:32.822+0000] {logging_mixin.py:188} INFO - [2026-09-22T16:24:32.822+0000] {dag.py:3947} INFO - Setting next_dagrun for tutorial_taskflow_api_virtualenv to None, run_after=None
[2026-09-22T16:24:32.876+0000] {processor.py:183} INFO - Processing /home/airflow/.local/lib/python3.12/site-packages/airflow/example_dags/tutorial_taskflow_api_virtualenv.py took 0.139 seconds
[2026-09-22T16:25:03.265+0000] {processor.py:161} INFO - Started process (PID=710) to work on /home/airflow/.local/lib/python3.12/site-packages/airflow/example_dags/tutorial_taskflow_api_virtualenv.py
[2026-09-22T16:25:03.267+0000] {processor.py:830} INFO - Processing file /home/airflow/.local/lib/python3.12/site-packages/airflow/example_dags/tutorial_taskflow_api_virtualenv.py for tasks to queue
[2026-09-22T16:25:03.271+0000] {logging_mixin.py:188} INFO - [2026-09-22T16:25:03.270+0000] {dagbag.py:545} INFO - Filling up the DagBag from /home/airflow/.local/lib/python3.12/site-packages/airflow/example_dags/tutorial_taskflow_api_virtualenv.py
[2026-09-22T16:25:03.290+0000] {processor.py:840} INFO - DAG(s) 'tutorial_taskflow_api_virtualenv' retrieved from /home/airflow/.local/lib/python3.12/site-packages/airflow/example_dags/tutorial_taskflow_api_virtualenv.py
[2026-09-22T16:25:03.324+0000] {logging_mixin.py:188} INFO - [2026-09-22T16:25:03.324+0000] {dag.py:3089} INFO - Sync 1 DAGs
[2026-09-22T16:25:03.345+0000] {logging_mixin.py:188} INFO - [2026-09-22T16:25:03.345+0000] {dag.py:3947} INFO - Setting next_dagrun for tutorial_taskflow_api_virtualenv to None, run_after=None
[2026-09-22T16:25:03.428+0000] {processor.py:183} INFO - Processing /home/airflow/.local/lib/python3.12/site-packages/airflow/example_dags/tutorial_taskflow_api_virtualenv.py took 0.170 seconds
[2026-09-22T16:25:33.760+0000] {processor.py:161} INFO - Started process (PID=768) to work on /home/airflow/.local/lib/python3.12/site-packages/airflow/example_dags/tutorial_taskflow_api_virtualenv.py
[2026-09-22T16:25:33.762+0000] {processor.py:830} INFO - Processing file /home/airflow/.local/lib/python3.12/site-packages/airflow/example_dags/tutorial_taskflow_api_virtualenv.py for tasks to queue
[2026-09-22T16:25:33.766+0000] {logging_mixin.py:188} INFO - [2026-09-22T16:25:33.765+0000] {dagbag.py:545} INFO - Filling up the DagBag from /home/airflow/.local/lib/python3.12/site-packages/airflow/example_dags/tutorial_taskflow_api_virtualenv.py
[2026-09-22T16:25:33.783+0000] {processor.py:840} INFO - DAG(s) 'tutorial_taskflow_api_virtualenv' retrieved from /home/airflow/.local/lib/python3.12/site-packages/airflow/example_dags/tutorial_taskflow_api_virtualenv.py
[2026-09-22T16:25:33.818+0000] {logging_mixin.py:188} INFO - [2026-09-22T16:25:33.818+0000] {dag.py:3089} INFO - Sync 1 DAGs
[2026-09-22T16:25:33.837+0000] {logging_mixin.py:188} INFO - [2026-09-22T16:25:33.837+0000] {dag.py:3947} INFO - Setting next_dagrun for tutorial_taskflow_api_virtualenv to None, run_after=None
[2026-09-22T16:25:33.904+0000] {processor.py:183} INFO - Processing /home/airflow/.local/lib/python3.12/site-packages/airflow/example_dags/tutorial_taskflow_api_virtualenv.py took 0.153 seconds
[2026-09-22T16:26:04.081+0000] {processor.py:161} INFO - Started process (PID=826) to work on /home/airflow/.local/lib/python3.12/site-packages/airflow/example_dags/tutorial_taskflow_api_virtualenv.py
[2026-09-22T16:26:04.083+0000] {processor.py:830} INFO - Processing file /home/airflow/.local/lib/python3.12/site-packages/airflow/example_dags/tutorial_taskflow_api_virtualenv.py for tasks to queue
[2026-09-22T16:26:04.086+0000] {logging_mixin.py:188} INFO - [2026-09-22T16:26:04.086+0000] {dagbag.py:545} INFO - Filling up the DagBag from /home/airflow/.local/lib/python3.12/site-packages/airflow/example_dags/tutorial_taskflow_api_virtualenv.py
[2026-09-22T16:26:04.102+0000] {processor.py:840} INFO - DAG(s) 'tutorial_taskflow_api_virtualenv' retrieved from /home/airflow/.local/lib/python3.12/site-packages/airflow/example_dags/tutorial_taskflow_api_virtualenv.py
[2026-09-22T16:26:04.128+0000] {logging_mixin.py:188} INFO - [2026-09-22T16:26:04.128+0000] {dag.py:3089} INFO - Sync 1 DAGs
[2026-09-22T16:26:04.149+0000] {logging_mixin.py:188} INFO - [2026-09-22T16:26:04.149+0000] {dag.py:3947} INFO - Setting next_dagrun for tutorial_taskflow_api_virtualenv to None, run_after=None
[2026-09-22T16:26:04.232+0000] {processor.py:183} INFO - Processing /home/airflow/.local/lib/python3.12/site-packages/airflow/example_dags/tutorial_taskflow_api_virtualenv.py took 0.161 seconds
[2026-09-22T16:26:34.682+0000] {processor.py:161} INFO - Started process (PID=884) to work on /home/airflow/.local/lib/python3.12/site-packages/airflow/example_dags/tutorial_taskflow_api_virtualenv.py
[2026-09-22T16:26:34.684+0000] {processor.py:830} INFO - Processing file /home/airflow/.local/lib/python3.12/site-packages/airflow/example_dags/tutorial_taskflow_api_virtualenv.py for tasks to queue
[2026-09-22T16:26:34.687+0000] {logging_mixin.py:188} INFO - [2026-09-22T16:26:34.686+0000] {dagbag.py:545} INFO - Filling up the DagBag from /home/airflow/.local/lib/python3.12/site-packages/airflow/example_dags/tutorial_taskflow_api_virtualenv.py
[2026-09-22T16:26:34.701+0000] {processor.py:840} INFO - DAG(s) 'tutorial_taskflow_api_virtualenv' retrieved from /home/airflow/.local/lib/python3.12/site-packages/airflow/example_dags/tutorial_taskflow_api_virtualenv.py
[2026-09-22T16:26:34.729+0000] {logging_mixin.py:188} INFO - [2026-09-22T16:26:34.729+0000] {dag.py:3089} INFO - Sync 1 DAGs
[2026-09-22T16:26:34.746+0000] {logging_mixin.py:188} INFO - [2026-09-22T16:26:34.746+0000] {dag.py:3947} INFO - Setting next_dagrun for tutorial_taskflow_api_virtualenv to None, run_after=None
[2026-09-22T16:26:34.829+0000] {processor.py:183} INFO - Processing /home/airflow/.local/lib/python3.12/site-packages/airflow/example_dags/tutorial_taskflow_api_virtualenv.py took 0.155 seconds
[2026-09-22T16:27:05.152+0000] {processor.py:161} INFO - Started process (PID=942) to work on /home/airflow/.local/lib/python3.12/site-packages/airflow/example_dags/tutorial_taskflow_api_virtualenv.py
[2026-09-22T16:27:05.154+0000] {processor.py:830} INFO - Processing file /home/airflow/.local/lib/python3.12/site-packages/airflow/example_dags/tutorial_taskflow_api_virtualenv.py for tasks to queue
[2026-09-22T16:27:05.157+0000] {logging_mixin.py:188} INFO - [2026-09-22T16:27:05.157+0000] {dagbag.py:545} INFO - Filling up the DagBag from /home/airflow/.local/lib/python3.12/site-packages/airflow/example_dags/tutorial_taskflow_api_virtualenv.py
[2026-09-22T16:27:05.179+0000] {processor.py:840} INFO - DAG(s) 'tutorial_taskflow_api_virtualenv' retrieved from /home/airflow/.local/lib/python3.12/site-packages/airflow/example_dags/tutorial_taskflow_api_virtualenv.py
[2026-09-22T16:27:05.213+0000] {logging_mixin.py:188} INFO - [2026-09-22T16:27:05.213+0000] {dag.py:3089} INFO - Sync 1 DAGs
[2026-09-22T16:27:05.235+0000] {logging_mixin.py:188} INFO - [2026-09-22T16:27:05.234+0000] {dag.py:3947} INFO - Setting next_dagrun for tutorial_taskflow_api_virtualenv to None, run_after=None
[2026-09-22T16:27:05.270+0000] {processor.py:183} INFO - Processing /home/airflow/.local/lib/python3.12/site-packages/airflow/example_dags/tutorial_taskflow_api_virtualenv.py took 0.130 seconds
[2026-09-22T16:27:36.033+0000] {processor.py:161} INFO - Started process (PID=1000) to work on /home/airflow/.local/lib/python3.12/site-packages/airflow/example_dags/tutorial_taskflow_api_virtualenv.py
[2026-09-22T16:27:36.034+0000] {processor.py:830} INFO - Processing file /home/airflow/.local/lib/python3.12/site-packages/airflow/example_dags/tutorial_taskflow_api_virtualenv.py for tasks to queue
[2026-09-22T16:27:36.037+0000] {logging_mixin.py:188} INFO - [2026-09-22T16:27:36.037+0000] {dagbag.py:545} INFO - Filling up the DagBag from /home/airflow/.local/lib/python3.12/site-packages/airflow/example_dags/tutorial_taskflow_api_virtualenv.py
[2026-09-22T16:27:36.049+0000] {processor.py:840} INFO - DAG(s) 'tutorial_taskflow_api_virtualenv' retrieved from /home/airflow/.local/lib/python3.12/site-packages/airflow/example_dags/tutorial_taskflow_api_virtualenv.py
[2026-09-22T16:27:36.073+0000] {logging_mixin.py:188} INFO - [2026-09-22T16:27:36.072+0000] {dag.py:3089} INFO - Sync 1 DAGs
[2026-09-22T16:27:36.092+0000] {logging_mixin.py:188} INFO - [2026-09-22T16:27:36.091+0000] {dag.py:3947} INFO - Setting next_dagrun for tutorial_taskflow_api_virtualenv to None, run_after=None
[2026-09-22T16:27:36.183+0000] {processor.py:183} INFO - Processing /home/airflow/.local/lib/python3.12/site-packages/airflow/example_dags/tutorial_taskflow_api_virtualenv.py took 0.158 seconds
[2026-09-22T16:28:06.564+0000] {processor.py:161} INFO - Started process (PID=1058) to work on /home/airflow/.local/lib/python3.12/site-packages/airflow/example_dags/tutorial_taskflow_api_virtualenv.py
[2026-09-22T16:28:06.566+0000] {processor.py:830} INFO - Processing file /home/airflow/.local/lib/python3.12/site-packages/airflow/example_dags/tutorial_taskflow_api_virtualenv.py for tasks to queue
[2026-09-22T16:28:06.569+0000] {logging_mixin.py:188} INFO - [2026-09-22T16:28:06.569+0000] {dagbag.py:545} INFO - Filling up the DagBag from /home/airflow/.local/lib/python3.12/site-packages/airflow/example_dags/tutorial_taskflow_api_virtualenv.py
[2026-09-22T16:28:06.585+0000] {processor.py:840} INFO - DAG(s) 'tutorial_taskflow_api_virtualenv' retrieved from /home/airflow/.local/lib/python3.12/site-packages/airflow/example_dags/tutorial_taskflow_api_virtualenv.py
[2026-09-22T16:28:06.615+0000] {logging_mixin.py:188} INFO - [2026-09-22T16:28:06.614+0000] {dag.py:3089} INFO - Sync 1 DAGs
[2026-09-22T16:28:06.630+0000] {logging_mixin.py:188} INFO - [2026-09-22T16:28:06.630+0000] {dag.py:3947} INFO - Setting next_dagrun for tutorial_taskflow_api_virtualenv to None, run_after=None
[2026-09-22T16:28:06.723+0000] {processor.py:183} INFO - Processing /home/airflow/.local/lib/python3.12/site-packages/airflow/example_dags/tutorial_taskflow_api_virtualenv.py took 0.167 seconds
[2026-09-22T16:28:37.640+0000] {processor.py:161} INFO - Started process (PID=1116) to work on /home/airflow/.local/lib/python3.12/site-packages/airflow/example_dags/tutorial_taskflow_api_virtualenv.py
[2026-09-22T16:28:37.642+0000] {processor.py:830} INFO - Processing file /home/airflow/.local/lib/python3.12/site-packages/airflow/example_dags/tutorial_taskflow_api_virtualenv.py for tasks to queue
[2026-09-22T16:28:37.645+0000] {logging_mixin.py:188} INFO - [2026-09-22T16:28:37.644+0000] {dagbag.py:545} INFO - Filling up the DagBag from /home/airflow/.local/lib/python3.12/site-packages/airflow/example_dags/tutorial_taskflow_api_virtualenv.py
[2026-09-22T16:28:37.658+0000] {processor.py:840} INFO - DAG(s) 'tutorial_taskflow_api_virtualenv' retrieved from /home/airflow/.local/lib/python3.12/site-packages/airflow/example_dags/tutorial_taskflow_api_virtualenv.py
[2026-09-22T16:28:37.684+0000] {logging_mixin.py:188} INFO - [2026-09-22T16:28:37.683+0000] {dag.py:3089} INFO - Sync 1 DAGs
[2026-09-22T16:28:37.702+0000] {logging_mixin.py:188} INFO - [2026-09-22T16:28:37.701+0000] {dag.py:3947} INFO - Setting next_dagrun for tutorial_taskflow_api_virtualenv to None, run_after=None
[2026-09-22T16:28:37.798+0000] {processor.py:183} INFO - Processing /home/airflow/.local/lib/python3.12/site-packages/airflow/example_dags/tutorial_taskflow_api_virtualenv.py took 0.165 seconds
[2026-09-22T16:29:08.596+0000] {processor.py:161} INFO - Started process (PID=1174) to work on /home/airflow/.local/lib/python3.12/site-packages/airflow/example_dags/tutorial_taskflow_api_virtualenv.py
[2026-09-22T16:29:08.598+0000] {processor.py:830} INFO - Processing file /home/airflow/.local/lib/python3.12/site-packages/airflow/example_dags/tutorial_taskflow_api_virtualenv.py for tasks to queue
[2026-09-22T16:29:08.602+0000] {logging_mixin.py:188} INFO - [2026-09-22T16:29:08.601+0000] {dagbag.py:545} INFO - Filling up the DagBag from /home/airflow/.local/lib/python3.12/site-packages/airflow/example_dags/tutorial_taskflow_api_virtualenv.py
[2026-09-22T16:29:08.621+0000] {processor.py:840} INFO - DAG(s) 'tutorial_taskflow_api_virtualenv' retrieved from /home/airflow/.local/lib/python3.12/site-packages/airflow/example_dags/tutorial_taskflow_api_virtualenv.py
[2026-09-22T16:29:08.652+0000] {logging_mixin.py:188} INFO - [2026-09-22T16:29:08.652+0000] {dag.py:3089} INFO - Sync 1 DAGs
[2026-09-22T16:29:08.670+0000] {logging_mixin.py:188} INFO - [2026-09-22T16:29:08.669+0000] {dag.py:3947} INFO - Setting next_dagrun for tutorial_taskflow_api_virtualenv to None, run_after=None
[2026-09-22T16:29:08.700+0000] {processor.py:183} INFO - Processing /home/airflow/.local/lib/python3.12/site-packages/airflow/example_dags/tutorial_taskflow_api_virtualenv.py took 0.115 seconds
[2026-09-22T16:29:38.948+0000] {processor.py:161} INFO - Started process (PID=1231) to work on /home/airflow/.local/lib/python3.12/site-packages/airflow/example_dags/tutorial_taskflow_api_virtualenv.py
[2026-09-22T16:29:38.950+0000] {processor.py:830} INFO - Processing file /home/airflow/.local/lib/python3.12/site-packages/airflow/example_dags/tutorial_taskflow_api_virtualenv.py for tasks to queue
[2026-09-22T16:29:38.954+0000] {logging_mixin.py:188} INFO - [2026-09-22T16:29:38.953+0000] {dagbag.py:545} INFO - Filling up the DagBag from /home/airflow/.local/lib/python3.12/site-packages/airflow/example_dags/tutorial_taskflow_api_virtualenv.py
[2026-09-22T16:29:38.969+0000] {processor.py:840} INFO - DAG(s) 'tutorial_taskflow_api_virtualenv' retrieved from /home/airflow/.local/lib/python3.12/site-packages/airflow/example_dags/tutorial_taskflow_api_virtualenv.py
[2026-09-22T16:29:38.997+0000] {logging_mixin.py:188} INFO - [2026-09-22T16:29:38.997+0000] {dag.py:3089} INFO - Sync 1 DAGs
[2026-09-22T16:29:39.018+0000] {logging_mixin.py:188} INFO - [2026-09-22T16:29:39.017+0000] {dag.py:3947} INFO - Setting next_dagrun for tutorial_taskflow_api_virtualenv to None, run_after=None
[2026-09-22T16:29:39.097+0000] {processor.py:183} INFO - Processing /home/airflow/.local/lib/python3.12/site-packages/airflow/example_dags/tutorial_taskflow_api_virtualenv.py took 0.158 seconds
[2026-09-22T16:30:09.897+0000] {processor.py:161} INFO - Started process (PID=1289) to work on /home/airflow/.local/lib/python3.12/site-packages/airflow/example_dags/tutorial_taskflow_api_virtualenv.py
[2026-09-22T16:30:09.899+0000] {processor.py:830} INFO - Processing file /home/airflow/.local/lib/python3.12/site-packages/airflow/example_dags/tutorial_taskflow_api_virtualenv.py for tasks to queue
[2026-09-22T16:30:09.902+0000] {logging_mixin.py:188} INFO - [2026-09-22T16:30:09.902+0000] {dagbag.py:545} INFO - Filling up the DagBag from /home/airflow/.local/lib/python3.12/site-packages/airflow/example_dags/tutorial_taskflow_api_virtualenv.py
[2026-09-22T16:30:09.921+0000] {processor.py:840} INFO - DAG(s) 'tutorial_taskflow_api_virtualenv' retrieved from /home/airflow/.local/lib/python3.12/site-packages/airflow/example_dags/tutorial_taskflow_api_virtualenv.py
[2026-09-22T16:30:09.954+0000] {logging_mixin.py:188} INFO - [2026-09-22T16:30:09.954+0000] {dag.py:3089} INFO - Sync 1 DAGs
[2026-09-22T16:30:09.976+0000] {logging_mixin.py:188} INFO - [2026-09-22T16:30:09.975+0000] {dag.py:3947} INFO - Setting next_dagrun for tutorial_taskflow_api_virtualenv to None, run_after=None
[2026-09-22T16:30:10.058+0000] {processor.py:183} INFO - Processing /home/airflow/.local/lib/python3.12/site-packages/airflow/example_dags/tutorial_taskflow_api_virtualenv.py took 0.171 seconds
[2026-09-22T16:30:40.628+0000] {processor.py:161} INFO - Started process (PID=1347) to work on /home/airflow/.local/lib/python3.12/site-packages/airflow/example_dags/tutorial_taskflow_api_virtualenv.py
[2026-09-22T16:30:40.630+0000] {processor.py:830} INFO - Processing file /home/airflow/.local/lib/python3.12/site-packages/airflow/example_dags/tutorial_taskflow_api_virtualenv.py for tasks to queue
[2026-09-22T16:30:40.634+0000] {logging_mixin.py:188} INFO - [2026-09-22T16:30:40.633+0000] {dagbag.py:545} INFO - Filling up the DagBag from /home/airflow/.local/lib/python3.12/site-packages/airflow/example_dags/tutorial_taskflow_api_virtualenv.py
[2026-09-22T16:30:40.655+0000] {processor.py:840} INFO - DAG(s) 'tutorial_taskflow_api_virtualenv' retrieved from /home/airflow/.local/lib/python3.12/site-packages/airflow/example_dags/tutorial_taskflow_api_virtualenv.py
[2026-09-22T16:30:40.698+0000] {logging_mixin.py:188} INFO - [2026-09-22T16:30:40.697+0000] {dag.py:3089} INFO - Sync 1 DAGs
[2026-09-22T16:30:40.720+0000] {logging_mixin.py:188} INFO - [2026-09-22T16:30:40.719+0000] {dag.py:3947} INFO - Setting next_dagrun for tutorial_taskflow_api_virtualenv to None, run_after=None
[2026-09-22T16:30:40.822+0000] {processor.py:183} INFO - Processing /home/airflow/.local/lib/python3.12/site-packages/airflow/example_dags/tutorial_taskflow_api_virtualenv.py took 0.214 seconds
[2026-09-22T16:31:11.281+0000] {processor.py:161} INFO - Started process (PID=1405) to work on /home/airflow/.local/lib/python3.12/site-packages/airflow/example_dags/tutorial_taskflow_api_virtualenv.py
[2026-09-22T16:31:11.282+0000] {processor.py:830} INFO - Processing file /home/airflow/.local/lib/python3.12/site-packages/airflow/example_dags/tutorial_taskflow_api_virtualenv.py for tasks to queue
[2026-09-22T16:31:11.285+0000] {logging_mixin.py:188} INFO - [2026-09-22T16:31:11.285+0000] {dagbag.py:545} INFO - Filling up the DagBag from /home/airflow/.local/lib/python3.12/site-packages/airflow/example_dags/tutorial_taskflow_api_virtualenv.py
[2026-09-22T16:31:11.304+0000] {processor.py:840} INFO - DAG(s) 'tutorial_taskflow_api_virtualenv' retrieved from /home/airflow/.local/lib/python3.12/site-packages/airflow/example_dags/tutorial_taskflow_api_virtualenv.py
[2026-09-22T16:31:11.340+0000] {logging_mixin.py:188} INFO - [2026-09-22T16:31:11.339+0000] {dag.py:3089} INFO - Sync 1 DAGs
[2026-09-22T16:31:11.363+0000] {logging_mixin.py:188} INFO - [2026-09-22T16:31:11.362+0000] {dag.py:3947} INFO - Setting next_dagrun for tutorial_taskflow_api_virtualenv to None, run_after=None
[2026-09-22T16:31:11.395+0000] {processor.py:183} INFO - Processing /home/airflow/.local/lib/python3.12/site-packages/airflow/example_dags/tutorial_taskflow_api_virtualenv.py took 0.123 seconds
[2026-09-22T16:31:41.824+0000] {processor.py:161} INFO - Started process (PID=1463) to work on /home/airflow/.local/lib/python3.12/site-packages/airflow/example_dags/tutorial_taskflow_api_virtualenv.py
[2026-09-22T16:31:41.828+0000] {processor.py:830} INFO - Processing file /home/airflow/.local/lib/python3.12/site-packages/airflow/example_dags/tutorial_taskflow_api_virtualenv.py for tasks to queue
[2026-09-22T16:31:41.838+0000] {logging_mixin.py:188} INFO - [2026-09-22T16:31:41.837+0000] {dagbag.py:545} INFO - Filling up the DagBag from /home/airflow/.local/lib/python3.12/site-packages/airflow/example_dags/tutorial_taskflow_api_virtualenv.py
[2026-09-22T16:31:41.858+0000] {processor.py:840} INFO - DAG(s) 'tutorial_taskflow_api_virtualenv' retrieved from /home/airflow/.local/lib/python3.12/site-packages/airflow/example_dags/tutorial_taskflow_api_virtualenv.py
[2026-09-22T16:31:41.890+0000] {logging_mixin.py:188} INFO - [2026-09-22T16:31:41.889+0000] {dag.py:3089} INFO - Sync 1 DAGs
[2026-09-22T16:31:41.919+0000] {logging_mixin.py:188} INFO - [2026-09-22T16:31:41.918+0000] {dag.py:3947} INFO - Setting next_dagrun for tutorial_taskflow_api_virtualenv to None, run_after=None
[2026-09-22T16:31:41.954+0000] {processor.py:183} INFO - Processing /home/airflow/.local/lib/python3.12/site-packages/airflow/example_dags/tutorial_taskflow_api_virtualenv.py took 0.146 seconds
[2026-09-22T16:32:12.484+0000] {processor.py:161} INFO - Started process (PID=1520) to work on /home/airflow/.local/lib/python3.12/site-packages/airflow/example_dags/tutorial_taskflow_api_virtualenv.py
[2026-09-22T16:32:12.488+0000] {processor.py:830} INFO - Processing file /home/airflow/.local/lib/python3.12/site-packages/airflow/example_dags/tutorial_taskflow_api_virtualenv.py for tasks to queue
[2026-09-22T16:32:12.493+0000] {logging_mixin.py:188} INFO - [2026-09-22T16:32:12.493+0000] {dagbag.py:545} INFO - Filling up the DagBag from /home/airflow/.local/lib/python3.12/site-packages/airflow/example_dags/tutorial_taskflow_api_virtualenv.py
[2026-09-22T16:32:12.520+0000] {processor.py:840} INFO - DAG(s) 'tutorial_taskflow_api_virtualenv' retrieved from /home/airflow/.local/lib/python3.12/site-packages/airflow/example_dags/tutorial_taskflow_api_virtualenv.py
[2026-09-22T16:32:12.556+0000] {logging_mixin.py:188} INFO - [2026-09-22T16:32:12.556+0000] {dag.py:3089} INFO - Sync 1 DAGs
[2026-09-22T16:32:12.591+0000] {logging_mixin.py:188} INFO - [2026-09-22T16:32:12.591+0000] {dag.py:3947} INFO - Setting next_dagrun for tutorial_taskflow_api_virtualenv to None, run_after=None
[2026-09-22T16:32:12.724+0000] {processor.py:183} INFO - Processing /home/airflow/.local/lib/python3.12/site-packages/airflow/example_dags/tutorial_taskflow_api_virtualenv.py took 0.249 seconds
[2026-09-22T16:32:43.609+0000] {processor.py:161} INFO - Started process (PID=1579) to work on /home/airflow/.local/lib/python3.12/site-packages/airflow/example_dags/tutorial_taskflow_api_virtualenv.py
[2026-09-22T16:32:43.610+0000] {processor.py:830} INFO - Processing file /home/airflow/.local/lib/python3.12/site-packages/airflow/example_dags/tutorial_taskflow_api_virtualenv.py for tasks to queue
[2026-09-22T16:32:43.617+0000] {logging_mixin.py:188} INFO - [2026-09-22T16:32:43.616+0000] {dagbag.py:545} INFO - Filling up the DagBag from /home/airflow/.local/lib/python3.12/site-packages/airflow/example_dags/tutorial_taskflow_api_virtualenv.py
[2026-09-22T16:32:43.641+0000] {processor.py:840} INFO - DAG(s) 'tutorial_taskflow_api_virtualenv' retrieved from /home/airflow/.local/lib/python3.12/site-packages/airflow/example_dags/tutorial_taskflow_api_virtualenv.py
[2026-09-22T16:32:43.682+0000] {logging_mixin.py:188} INFO - [2026-09-22T16:32:43.681+0000] {dag.py:3089} INFO - Sync 1 DAGs
[2026-09-22T16:32:43.703+0000] {logging_mixin.py:188} INFO - [2026-09-22T16:32:43.702+0000] {dag.py:3947} INFO - Setting next_dagrun for tutorial_taskflow_api_virtualenv to None, run_after=None
[2026-09-22T16:32:43.813+0000] {processor.py:183} INFO - Processing /home/airflow/.local/lib/python3.12/site-packages/airflow/example_dags/tutorial_taskflow_api_virtualenv.py took 0.221 seconds
[2026-09-22T16:33:14.156+0000] {processor.py:161} INFO - Started process (PID=1637) to work on /home/airflow/.local/lib/python3.12/site-packages/airflow/example_dags/tutorial_taskflow_api_virtualenv.py
[2026-09-22T16:33:14.157+0000] {processor.py:830} INFO - Processing file /home/airflow/.local/lib/python3.12/site-packages/airflow/example_dags/tutorial_taskflow_api_virtualenv.py for tasks to queue
[2026-09-22T16:33:14.160+0000] {logging_mixin.py:188} INFO - [2026-09-22T16:33:14.159+0000] {dagbag.py:545} INFO - Filling up the DagBag from /home/airflow/.local/lib/python3.12/site-packages/airflow/example_dags/tutorial_taskflow_api_virtualenv.py
[2026-09-22T16:33:14.177+0000] {processor.py:840} INFO - DAG(s) 'tutorial_taskflow_api_virtualenv' retrieved from /home/airflow/.local/lib/python3.12/site-packages/airflow/example_dags/tutorial_taskflow_api_virtualenv.py
[2026-09-22T16:33:14.208+0000] {logging_mixin.py:188} INFO - [2026-09-22T16:33:14.207+0000] {dag.py:3089} INFO - Sync 1 DAGs
[2026-09-22T16:33:14.230+0000] {logging_mixin.py:188} INFO - [2026-09-22T16:33:14.230+0000] {dag.py:3947} INFO - Setting next_dagrun for tutorial_taskflow_api_virtualenv to None, run_after=None
[2026-09-22T16:33:14.266+0000] {processor.py:183} INFO - Processing /home/airflow/.local/lib/python3.12/site-packages/airflow/example_dags/tutorial_taskflow_api_virtualenv.py took 0.121 seconds
[2026-09-22T16:33:44.373+0000] {processor.py:161} INFO - Started process (PID=1695) to work on /home/airflow/.local/lib/python3.12/site-packages/airflow/example_dags/tutorial_taskflow_api_virtualenv.py
[2026-09-22T16:33:44.375+0000] {processor.py:830} INFO - Processing file /home/airflow/.local/lib/python3.12/site-packages/airflow/example_dags/tutorial_taskflow_api_virtualenv.py for tasks to queue
[2026-09-22T16:33:44.378+0000] {logging_mixin.py:188} INFO - [2026-09-22T16:33:44.378+0000] {dagbag.py:545} INFO - Filling up the DagBag from /home/airflow/.local/lib/python3.12/site-packages/airflow/example_dags/tutorial_taskflow_api_virtualenv.py
[2026-09-22T16:33:44.396+0000] {processor.py:840} INFO - DAG(s) 'tutorial_taskflow_api_virtualenv' retrieved from /home/airflow/.local/lib/python3.12/site-packages/airflow/example_dags/tutorial_taskflow_api_virtualenv.py
[2026-09-22T16:33:44.430+0000] {logging_mixin.py:188} INFO - [2026-09-22T16:33:44.429+0000] {dag.py:3089} INFO - Sync 1 DAGs
[2026-09-22T16:33:44.458+0000] {logging_mixin.py:188} INFO - [2026-09-22T16:33:44.458+0000] {dag.py:3947} INFO - Setting next_dagrun for tutorial_taskflow_api_virtualenv to None, run_after=None
[2026-09-22T16:33:44.504+0000] {processor.py:183} INFO - Processing /home/airflow/.local/lib/python3.12/site-packages/airflow/example_dags/tutorial_taskflow_api_virtualenv.py took 0.142 seconds
[2026-09-22T16:34:14.770+0000] {processor.py:161} INFO - Started process (PID=1753) to work on /home/airflow/.local/lib/python3.12/site-packages/airflow/example_dags/tutorial_taskflow_api_virtualenv.py
[2026-09-22T16:34:14.772+0000] {processor.py:830} INFO - Processing file /home/airflow/.local/lib/python3.12/site-packages/airflow/example_dags/tutorial_taskflow_api_virtualenv.py for tasks to queue
[2026-09-22T16:34:14.775+0000] {logging_mixin.py:188} INFO - [2026-09-22T16:34:14.775+0000] {dagbag.py:545} INFO - Filling up the DagBag from /home/airflow/.local/lib/python3.12/site-packages/airflow/example_dags/tutorial_taskflow_api_virtualenv.py
[2026-09-22T16:34:14.792+0000] {processor.py:840} INFO - DAG(s) 'tutorial_taskflow_api_virtualenv' retrieved from /home/airflow/.local/lib/python3.12/site-packages/airflow/example_dags/tutorial_taskflow_api_virtualenv.py
[2026-09-22T16:34:14.827+0000] {logging_mixin.py:188} INFO - [2026-09-22T16:34:14.827+0000] {dag.py:3089} INFO - Sync 1 DAGs
[2026-09-22T16:34:14.844+0000] {logging_mixin.py:188} INFO - [2026-09-22T16:34:14.844+0000] {dag.py:3947} INFO - Setting next_dagrun for tutorial_taskflow_api_virtualenv to None, run_after=None
[2026-09-22T16:34:14.942+0000] {processor.py:183} INFO - Processing /home/airflow/.local/lib/python3.12/site-packages/airflow/example_dags/tutorial_taskflow_api_virtualenv.py took 0.182 seconds
[2026-09-22T16:34:45.403+0000] {processor.py:161} INFO - Started process (PID=1811) to work on /home/airflow/.local/lib/python3.12/site-packages/airflow/example_dags/tutorial_taskflow_api_virtualenv.py
[2026-09-22T16:34:45.405+0000] {processor.py:830} INFO - Processing file /home/airflow/.local/lib/python3.12/site-packages/airflow/example_dags/tutorial_taskflow_api_virtualenv.py for tasks to queue
[2026-09-22T16:34:45.407+0000] {logging_mixin.py:188} INFO - [2026-09-22T16:34:45.407+0000] {dagbag.py:545} INFO - Filling up the DagBag from /home/airflow/.local/lib/python3.12/site-packages/airflow/example_dags/tutorial_taskflow_api_virtualenv.py
[2026-09-22T16:34:45.421+0000] {processor.py:840} INFO - DAG(s) 'tutorial_taskflow_api_virtualenv' retrieved from /home/airflow/.local/lib/python3.12/site-packages/airflow/example_dags/tutorial_taskflow_api_virtualenv.py
[2026-09-22T16:34:45.449+0000] {logging_mixin.py:188} INFO - [2026-09-22T16:34:45.448+0000] {dag.py:3089} INFO - Sync 1 DAGs
[2026-09-22T16:34:45.464+0000] {logging_mixin.py:188} INFO - [2026-09-22T16:34:45.464+0000] {dag.py:3947} INFO - Setting next_dagrun for tutorial_taskflow_api_virtualenv to None, run_after=None
[2026-09-22T16:34:45.558+0000] {processor.py:183} INFO - Processing /home/airflow/.local/lib/python3.12/site-packages/airflow/example_dags/tutorial_taskflow_api_virtualenv.py took 0.162 seconds
[2026-09-22T16:35:15.912+0000] {processor.py:161} INFO - Started process (PID=1869) to work on /home/airflow/.local/lib/python3.12/site-packages/airflow/example_dags/tutorial_taskflow_api_virtualenv.py
[2026-09-22T16:35:15.913+0000] {processor.py:830} INFO - Processing file /home/airflow/.local/lib/python3.12/site-packages/airflow/example_dags/tutorial_taskflow_api_virtualenv.py for tasks to queue
[2026-09-22T16:35:15.915+0000] {logging_mixin.py:188} INFO - [2026-09-22T16:35:15.915+0000] {dagbag.py:545} INFO - Filling up the DagBag from /home/airflow/.local/lib/python3.12/site-packages/airflow/example_dags/tutorial_taskflow_api_virtualenv.py
[2026-09-22T16:35:15.931+0000] {processor.py:840} INFO - DAG(s) 'tutorial_taskflow_api_virtualenv' retrieved from /home/airflow/.local/lib/python3.12/site-packages/airflow/example_dags/tutorial_taskflow_api_virtualenv.py
[2026-09-22T16:35:15.960+0000] {logging_mixin.py:188} INFO - [2026-09-22T16:35:15.960+0000] {dag.py:3089} INFO - Sync 1 DAGs
[2026-09-22T16:35:15.979+0000] {logging_mixin.py:188} INFO - [2026-09-22T16:35:15.979+0000] {dag.py:3947} INFO - Setting next_dagrun for tutorial_taskflow_api_virtualenv to None, run_after=None
[2026-09-22T16:35:16.060+0000] {processor.py:183} INFO - Processing /home/airflow/.local/lib/python3.12/site-packages/airflow/example_dags/tutorial_taskflow_api_virtualenv.py took 0.155 seconds
[2026-09-22T16:35:46.301+0000] {processor.py:161} INFO - Started process (PID=1927) to work on /home/airflow/.local/lib/python3.12/site-packages/airflow/example_dags/tutorial_taskflow_api_virtualenv.py
[2026-09-22T16:35:46.302+0000] {processor.py:830} INFO - Processing file /home/airflow/.local/lib/python3.12/site-packages/airflow/example_dags/tutorial_taskflow_api_virtualenv.py for tasks to queue
[2026-09-22T16:35:46.305+0000] {logging_mixin.py:188} INFO - [2026-09-22T16:35:46.305+0000] {dagbag.py:545} INFO - Filling up the DagBag from /home/airflow/.local/lib/python3.12/site-packages/airflow/example_dags/tutorial_taskflow_api_virtualenv.py
[2026-09-22T16:35:46.322+0000] {processor.py:840} INFO - DAG(s) 'tutorial_taskflow_api_virtualenv' retrieved from /home/airflow/.local/lib/python3.12/site-packages/airflow/example_dags/tutorial_taskflow_api_virtualenv.py
[2026-09-22T16:35:46.364+0000] {logging_mixin.py:188} INFO - [2026-09-22T16:35:46.364+0000] {dag.py:3089} INFO - Sync 1 DAGs
[2026-09-22T16:35:46.387+0000] {logging_mixin.py:188} INFO - [2026-09-22T16:35:46.387+0000] {dag.py:3947} INFO - Setting next_dagrun for tutorial_taskflow_api_virtualenv to None, run_after=None
[2026-09-22T16:35:46.423+0000] {processor.py:183} INFO - Processing /home/airflow/.local/lib/python3.12/site-packages/airflow/example_dags/tutorial_taskflow_api_virtualenv.py took 0.131 seconds
[2026-09-22T16:36:16.864+0000] {processor.py:161} INFO - Started process (PID=1985) to work on /home/airflow/.local/lib/python3.12/site-packages/airflow/example_dags/tutorial_taskflow_api_virtualenv.py
[2026-09-22T16:36:16.867+0000] {processor.py:830} INFO - Processing file /home/airflow/.local/lib/python3.12/site-packages/airflow/example_dags/tutorial_taskflow_api_virtualenv.py for tasks to queue
[2026-09-22T16:36:16.870+0000] {logging_mixin.py:188} INFO - [2026-09-22T16:36:16.870+0000] {dagbag.py:545} INFO - Filling up the DagBag from /home/airflow/.local/lib/python3.12/site-packages/airflow/example_dags/tutorial_taskflow_api_virtualenv.py
[2026-09-22T16:36:16.892+0000] {processor.py:840} INFO - DAG(s) 'tutorial_taskflow_api_virtualenv' retrieved from /home/airflow/.local/lib/python3.12/site-packages/airflow/example_dags/tutorial_taskflow_api_virtualenv.py
[2026-09-22T16:36:16.921+0000] {logging_mixin.py:188} INFO - [2026-09-22T16:36:16.920+0000] {dag.py:3089} INFO - Sync 1 DAGs
[2026-09-22T16:36:16.940+0000] {logging_mixin.py:188} INFO - [2026-09-22T16:36:16.940+0000] {dag.py:3947} INFO - Setting next_dagrun for tutorial_taskflow_api_virtualenv to None, run_after=None
[2026-09-22T16:36:17.154+0000] {processor.py:183} INFO - Processing /home/airflow/.local/lib/python3.12/site-packages/airflow/example_dags/tutorial_taskflow_api_virtualenv.py took 0.302 seconds
[2026-09-22T16:36:48.288+0000] {processor.py:161} INFO - Started process (PID=2043) to work on /home/airflow/.local/lib/python3.12/site-packages/airflow/example_dags/tutorial_taskflow_api_virtualenv.py
[2026-09-22T16:36:48.289+0000] {processor.py:830} INFO - Processing file /home/airflow/.local/lib/python3.12/site-packages/airflow/example_dags/tutorial_taskflow_api_virtualenv.py for tasks to queue
[2026-09-22T16:36:48.293+0000] {logging_mixin.py:188} INFO - [2026-09-22T16:36:48.292+0000] {dagbag.py:545} INFO - Filling up the DagBag from /home/airflow/.local/lib/python3.12/site-packages/airflow/example_dags/tutorial_taskflow_api_virtualenv.py
[2026-09-22T16:36:48.308+0000] {processor.py:840} INFO - DAG(s) 'tutorial_taskflow_api_virtualenv' retrieved from /home/airflow/.local/lib/python3.12/site-packages/airflow/example_dags/tutorial_taskflow_api_virtualenv.py
[2026-09-22T16:36:48.346+0000] {logging_mixin.py:188} INFO - [2026-09-22T16:36:48.345+0000] {dag.py:3089} INFO - Sync 1 DAGs
[2026-09-22T16:36:48.370+0000] {logging_mixin.py:188} INFO - [2026-09-22T16:36:48.370+0000] {dag.py:3947} INFO - Setting next_dagrun for tutorial_taskflow_api_virtualenv to None, run_after=None
[2026-09-22T16:36:48.454+0000] {processor.py:183} INFO - Processing /home/airflow/.local/lib/python3.12/site-packages/airflow/example_dags/tutorial_taskflow_api_virtualenv.py took 0.176 seconds
[2026-09-22T16:37:18.612+0000] {processor.py:161} INFO - Started process (PID=2099) to work on /home/airflow/.local/lib/python3.12/site-packages/airflow/example_dags/tutorial_taskflow_api_virtualenv.py
[2026-09-22T16:37:18.614+0000] {processor.py:830} INFO - Processing file /home/airflow/.local/lib/python3.12/site-packages/airflow/example_dags/tutorial_taskflow_api_virtualenv.py for tasks to queue
[2026-09-22T16:37:18.618+0000] {logging_mixin.py:188} INFO - [2026-09-22T16:37:18.617+0000] {dagbag.py:545} INFO - Filling up the DagBag from /home/airflow/.local/lib/python3.12/site-packages/airflow/example_dags/tutorial_taskflow_api_virtualenv.py
[2026-09-22T16:37:18.636+0000] {processor.py:840} INFO - DAG(s) 'tutorial_taskflow_api_virtualenv' retrieved from /home/airflow/.local/lib/python3.12/site-packages/airflow/example_dags/tutorial_taskflow_api_virtualenv.py
[2026-09-22T16:37:18.668+0000] {logging_mixin.py:188} INFO - [2026-09-22T16:37:18.667+0000] {dag.py:3089} INFO - Sync 1 DAGs
[2026-09-22T16:37:18.693+0000] {logging_mixin.py:188} INFO - [2026-09-22T16:37:18.693+0000] {dag.py:3947} INFO - Setting next_dagrun for tutorial_taskflow_api_virtualenv to None, run_after=None
[2026-09-22T16:37:18.766+0000] {processor.py:183} INFO - Processing /home/airflow/.local/lib/python3.12/site-packages/airflow/example_dags/tutorial_taskflow_api_virtualenv.py took 0.162 seconds
[2026-09-22T16:37:49.817+0000] {processor.py:161} INFO - Started process (PID=2157) to work on /home/airflow/.local/lib/python3.12/site-packages/airflow/example_dags/tutorial_taskflow_api_virtualenv.py
[2026-09-22T16:37:49.819+0000] {processor.py:830} INFO - Processing file /home/airflow/.local/lib/python3.12/site-packages/airflow/example_dags/tutorial_taskflow_api_virtualenv.py for tasks to queue
[2026-09-22T16:37:49.822+0000] {logging_mixin.py:188} INFO - [2026-09-22T16:37:49.822+0000] {dagbag.py:545} INFO - Filling up the DagBag from /home/airflow/.local/lib/python3.12/site-packages/airflow/example_dags/tutorial_taskflow_api_virtualenv.py
[2026-09-22T16:37:49.838+0000] {processor.py:840} INFO - DAG(s) 'tutorial_taskflow_api_virtualenv' retrieved from /home/airflow/.local/lib/python3.12/site-packages/airflow/example_dags/tutorial_taskflow_api_virtualenv.py
[2026-09-22T16:37:50.060+0000] {logging_mixin.py:188} INFO - [2026-09-22T16:37:50.060+0000] {dag.py:3089} INFO - Sync 1 DAGs
[2026-09-22T16:37:50.077+0000] {logging_mixin.py:188} INFO - [2026-09-22T16:37:50.077+0000] {dag.py:3947} INFO - Setting next_dagrun for tutorial_taskflow_api_virtualenv to None, run_after=None
[2026-09-22T16:37:50.104+0000] {processor.py:183} INFO - Processing /home/airflow/.local/lib/python3.12/site-packages/airflow/example_dags/tutorial_taskflow_api_virtualenv.py took 0.300 seconds
[2026-09-22T16:38:20.626+0000] {processor.py:161} INFO - Started process (PID=2215) to work on /home/airflow/.local/lib/python3.12/site-packages/airflow/example_dags/tutorial_taskflow_api_virtualenv.py
[2026-09-22T16:38:20.627+0000] {processor.py:830} INFO - Processing file /home/airflow/.local/lib/python3.12/site-packages/airflow/example_dags/tutorial_taskflow_api_virtualenv.py for tasks to queue
[2026-09-22T16:38:20.632+0000] {logging_mixin.py:188} INFO - [2026-09-22T16:38:20.631+0000] {dagbag.py:545} INFO - Filling up the DagBag from /home/airflow/.local/lib/python3.12/site-packages/airflow/example_dags/tutorial_taskflow_api_virtualenv.py
[2026-09-22T16:38:20.652+0000] {processor.py:840} INFO - DAG(s) 'tutorial_taskflow_api_virtualenv' retrieved from /home/airflow/.local/lib/python3.12/site-packages/airflow/example_dags/tutorial_taskflow_api_virtualenv.py
[2026-09-22T16:38:20.699+0000] {logging_mixin.py:188} INFO - [2026-09-22T16:38:20.697+0000] {dag.py:3089} INFO - Sync 1 DAGs
[2026-09-22T16:38:20.727+0000] {logging_mixin.py:188} INFO - [2026-09-22T16:38:20.726+0000] {dag.py:3947} INFO - Setting next_dagrun for tutorial_taskflow_api_virtualenv to None, run_after=None
[2026-09-22T16:38:21.017+0000] {processor.py:183} INFO - Processing /home/airflow/.local/lib/python3.12/site-packages/airflow/example_dags/tutorial_taskflow_api_virtualenv.py took 0.401 seconds
[2026-09-22T16:41:44.802+0000] {processor.py:161} INFO - Started process (PID=68) to work on /home/airflow/.local/lib/python3.12/site-packages/airflow/example_dags/tutorial_taskflow_api_virtualenv.py
[2026-09-22T16:41:44.805+0000] {processor.py:830} INFO - Processing file /home/airflow/.local/lib/python3.12/site-packages/airflow/example_dags/tutorial_taskflow_api_virtualenv.py for tasks to queue
[2026-09-22T16:41:44.809+0000] {logging_mixin.py:188} INFO - [2026-09-22T16:41:44.808+0000] {dagbag.py:545} INFO - Filling up the DagBag from /home/airflow/.local/lib/python3.12/site-packages/airflow/example_dags/tutorial_taskflow_api_virtualenv.py
[2026-09-22T16:41:44.837+0000] {processor.py:840} INFO - DAG(s) 'tutorial_taskflow_api_virtualenv' retrieved from /home/airflow/.local/lib/python3.12/site-packages/airflow/example_dags/tutorial_taskflow_api_virtualenv.py
[2026-09-22T16:41:45.059+0000] {logging_mixin.py:188} INFO - [2026-09-22T16:41:45.058+0000] {dag.py:3089} INFO - Sync 1 DAGs
[2026-09-22T16:41:45.080+0000] {logging_mixin.py:188} INFO - [2026-09-22T16:41:45.079+0000] {dag.py:3947} INFO - Setting next_dagrun for tutorial_taskflow_api_virtualenv to None, run_after=None
[2026-09-22T16:41:45.190+0000] {processor.py:183} INFO - Processing /home/airflow/.local/lib/python3.12/site-packages/airflow/example_dags/tutorial_taskflow_api_virtualenv.py took 0.400 seconds
[2026-09-22T16:42:15.709+0000] {processor.py:161} INFO - Started process (PID=133) to work on /home/airflow/.local/lib/python3.12/site-packages/airflow/example_dags/tutorial_taskflow_api_virtualenv.py
[2026-09-22T16:42:15.711+0000] {processor.py:830} INFO - Processing file /home/airflow/.local/lib/python3.12/site-packages/airflow/example_dags/tutorial_taskflow_api_virtualenv.py for tasks to queue
[2026-09-22T16:42:15.717+0000] {logging_mixin.py:188} INFO - [2026-09-22T16:42:15.716+0000] {dagbag.py:545} INFO - Filling up the DagBag from /home/airflow/.local/lib/python3.12/site-packages/airflow/example_dags/tutorial_taskflow_api_virtualenv.py
[2026-09-22T16:42:15.742+0000] {processor.py:840} INFO - DAG(s) 'tutorial_taskflow_api_virtualenv' retrieved from /home/airflow/.local/lib/python3.12/site-packages/airflow/example_dags/tutorial_taskflow_api_virtualenv.py
[2026-09-22T16:42:15.793+0000] {logging_mixin.py:188} INFO - [2026-09-22T16:42:15.793+0000] {dag.py:3089} INFO - Sync 1 DAGs
[2026-09-22T16:42:15.817+0000] {logging_mixin.py:188} INFO - [2026-09-22T16:42:15.817+0000] {dag.py:3947} INFO - Setting next_dagrun for tutorial_taskflow_api_virtualenv to None, run_after=None
[2026-09-22T16:42:15.852+0000] {processor.py:183} INFO - Processing /home/airflow/.local/lib/python3.12/site-packages/airflow/example_dags/tutorial_taskflow_api_virtualenv.py took 0.153 seconds
[2026-09-22T16:43:45.606+0000] {processor.py:161} INFO - Started process (PID=67) to work on /home/airflow/.local/lib/python3.12/site-packages/airflow/example_dags/tutorial_taskflow_api_virtualenv.py
[2026-09-22T16:43:45.609+0000] {processor.py:830} INFO - Processing file /home/airflow/.local/lib/python3.12/site-packages/airflow/example_dags/tutorial_taskflow_api_virtualenv.py for tasks to queue
[2026-09-22T16:43:45.612+0000] {logging_mixin.py:188} INFO - [2026-09-22T16:43:45.611+0000] {dagbag.py:545} INFO - Filling up the DagBag from /home/airflow/.local/lib/python3.12/site-packages/airflow/example_dags/tutorial_taskflow_api_virtualenv.py
[2026-09-22T16:43:45.637+0000] {processor.py:840} INFO - DAG(s) 'tutorial_taskflow_api_virtualenv' retrieved from /home/airflow/.local/lib/python3.12/site-packages/airflow/example_dags/tutorial_taskflow_api_virtualenv.py
[2026-09-22T16:43:45.880+0000] {logging_mixin.py:188} INFO - [2026-09-22T16:43:45.880+0000] {dag.py:3089} INFO - Sync 1 DAGs
[2026-09-22T16:43:45.901+0000] {logging_mixin.py:188} INFO - [2026-09-22T16:43:45.901+0000] {dag.py:3947} INFO - Setting next_dagrun for tutorial_taskflow_api_virtualenv to None, run_after=None
[2026-09-22T16:43:45.990+0000] {processor.py:183} INFO - Processing /home/airflow/.local/lib/python3.12/site-packages/airflow/example_dags/tutorial_taskflow_api_virtualenv.py took 0.394 seconds
[2026-09-22T16:44:16.257+0000] {processor.py:161} INFO - Started process (PID=131) to work on /home/airflow/.local/lib/python3.12/site-packages/airflow/example_dags/tutorial_taskflow_api_virtualenv.py
[2026-09-22T16:44:16.259+0000] {processor.py:830} INFO - Processing file /home/airflow/.local/lib/python3.12/site-packages/airflow/example_dags/tutorial_taskflow_api_virtualenv.py for tasks to queue
[2026-09-22T16:44:16.263+0000] {logging_mixin.py:188} INFO - [2026-09-22T16:44:16.263+0000] {dagbag.py:545} INFO - Filling up the DagBag from /home/airflow/.local/lib/python3.12/site-packages/airflow/example_dags/tutorial_taskflow_api_virtualenv.py
[2026-09-22T16:44:16.279+0000] {processor.py:840} INFO - DAG(s) 'tutorial_taskflow_api_virtualenv' retrieved from /home/airflow/.local/lib/python3.12/site-packages/airflow/example_dags/tutorial_taskflow_api_virtualenv.py
[2026-09-22T16:44:16.311+0000] {logging_mixin.py:188} INFO - [2026-09-22T16:44:16.311+0000] {dag.py:3089} INFO - Sync 1 DAGs
[2026-09-22T16:44:16.336+0000] {logging_mixin.py:188} INFO - [2026-09-22T16:44:16.335+0000] {dag.py:3947} INFO - Setting next_dagrun for tutorial_taskflow_api_virtualenv to None, run_after=None
[2026-09-22T16:44:16.374+0000] {processor.py:183} INFO - Processing /home/airflow/.local/lib/python3.12/site-packages/airflow/example_dags/tutorial_taskflow_api_virtualenv.py took 0.123 seconds
[2026-09-22T16:44:47.005+0000] {processor.py:161} INFO - Started process (PID=195) to work on /home/airflow/.local/lib/python3.12/site-packages/airflow/example_dags/tutorial_taskflow_api_virtualenv.py
[2026-09-22T16:44:47.008+0000] {processor.py:830} INFO - Processing file /home/airflow/.local/lib/python3.12/site-packages/airflow/example_dags/tutorial_taskflow_api_virtualenv.py for tasks to queue
[2026-09-22T16:44:47.014+0000] {logging_mixin.py:188} INFO - [2026-09-22T16:44:47.012+0000] {dagbag.py:545} INFO - Filling up the DagBag from /home/airflow/.local/lib/python3.12/site-packages/airflow/example_dags/tutorial_taskflow_api_virtualenv.py
[2026-09-22T16:44:47.043+0000] {processor.py:840} INFO - DAG(s) 'tutorial_taskflow_api_virtualenv' retrieved from /home/airflow/.local/lib/python3.12/site-packages/airflow/example_dags/tutorial_taskflow_api_virtualenv.py
[2026-09-22T16:44:47.072+0000] {logging_mixin.py:188} INFO - [2026-09-22T16:44:47.071+0000] {dag.py:3089} INFO - Sync 1 DAGs
[2026-09-22T16:44:47.090+0000] {logging_mixin.py:188} INFO - [2026-09-22T16:44:47.090+0000] {dag.py:3947} INFO - Setting next_dagrun for tutorial_taskflow_api_virtualenv to None, run_after=None
[2026-09-22T16:44:47.181+0000] {processor.py:183} INFO - Processing /home/airflow/.local/lib/python3.12/site-packages/airflow/example_dags/tutorial_taskflow_api_virtualenv.py took 0.194 seconds
[2026-09-22T16:45:17.538+0000] {processor.py:161} INFO - Started process (PID=253) to work on /home/airflow/.local/lib/python3.12/site-packages/airflow/example_dags/tutorial_taskflow_api_virtualenv.py
[2026-09-22T16:45:17.541+0000] {processor.py:830} INFO - Processing file /home/airflow/.local/lib/python3.12/site-packages/airflow/example_dags/tutorial_taskflow_api_virtualenv.py for tasks to queue
[2026-09-22T16:45:17.544+0000] {logging_mixin.py:188} INFO - [2026-09-22T16:45:17.544+0000] {dagbag.py:545} INFO - Filling up the DagBag from /home/airflow/.local/lib/python3.12/site-packages/airflow/example_dags/tutorial_taskflow_api_virtualenv.py
[2026-09-22T16:45:17.562+0000] {processor.py:840} INFO - DAG(s) 'tutorial_taskflow_api_virtualenv' retrieved from /home/airflow/.local/lib/python3.12/site-packages/airflow/example_dags/tutorial_taskflow_api_virtualenv.py
[2026-09-22T16:45:17.595+0000] {logging_mixin.py:188} INFO - [2026-09-22T16:45:17.594+0000] {dag.py:3089} INFO - Sync 1 DAGs
[2026-09-22T16:45:17.616+0000] {logging_mixin.py:188} INFO - [2026-09-22T16:45:17.616+0000] {dag.py:3947} INFO - Setting next_dagrun for tutorial_taskflow_api_virtualenv to None, run_after=None
[2026-09-22T16:45:17.711+0000] {processor.py:183} INFO - Processing /home/airflow/.local/lib/python3.12/site-packages/airflow/example_dags/tutorial_taskflow_api_virtualenv.py took 0.183 seconds
[2026-09-22T16:45:48.375+0000] {processor.py:161} INFO - Started process (PID=311) to work on /home/airflow/.local/lib/python3.12/site-packages/airflow/example_dags/tutorial_taskflow_api_virtualenv.py
[2026-09-22T16:45:48.378+0000] {processor.py:830} INFO - Processing file /home/airflow/.local/lib/python3.12/site-packages/airflow/example_dags/tutorial_taskflow_api_virtualenv.py for tasks to queue
[2026-09-22T16:45:48.383+0000] {logging_mixin.py:188} INFO - [2026-09-22T16:45:48.382+0000] {dagbag.py:545} INFO - Filling up the DagBag from /home/airflow/.local/lib/python3.12/site-packages/airflow/example_dags/tutorial_taskflow_api_virtualenv.py
[2026-09-22T16:45:48.404+0000] {processor.py:840} INFO - DAG(s) 'tutorial_taskflow_api_virtualenv' retrieved from /home/airflow/.local/lib/python3.12/site-packages/airflow/example_dags/tutorial_taskflow_api_virtualenv.py
[2026-09-22T16:45:48.440+0000] {logging_mixin.py:188} INFO - [2026-09-22T16:45:48.440+0000] {dag.py:3089} INFO - Sync 1 DAGs
[2026-09-22T16:45:48.469+0000] {logging_mixin.py:188} INFO - [2026-09-22T16:45:48.468+0000] {dag.py:3947} INFO - Setting next_dagrun for tutorial_taskflow_api_virtualenv to None, run_after=None
[2026-09-22T16:45:48.572+0000] {processor.py:183} INFO - Processing /home/airflow/.local/lib/python3.12/site-packages/airflow/example_dags/tutorial_taskflow_api_virtualenv.py took 0.218 seconds
[2026-09-22T16:46:18.835+0000] {processor.py:161} INFO - Started process (PID=369) to work on /home/airflow/.local/lib/python3.12/site-packages/airflow/example_dags/tutorial_taskflow_api_virtualenv.py
[2026-09-22T16:46:18.837+0000] {processor.py:830} INFO - Processing file /home/airflow/.local/lib/python3.12/site-packages/airflow/example_dags/tutorial_taskflow_api_virtualenv.py for tasks to queue
[2026-09-22T16:46:18.840+0000] {logging_mixin.py:188} INFO - [2026-09-22T16:46:18.840+0000] {dagbag.py:545} INFO - Filling up the DagBag from /home/airflow/.local/lib/python3.12/site-packages/airflow/example_dags/tutorial_taskflow_api_virtualenv.py
[2026-09-22T16:46:18.860+0000] {processor.py:840} INFO - DAG(s) 'tutorial_taskflow_api_virtualenv' retrieved from /home/airflow/.local/lib/python3.12/site-packages/airflow/example_dags/tutorial_taskflow_api_virtualenv.py
[2026-09-22T16:46:18.888+0000] {logging_mixin.py:188} INFO - [2026-09-22T16:46:18.888+0000] {dag.py:3089} INFO - Sync 1 DAGs
[2026-09-22T16:46:18.906+0000] {logging_mixin.py:188} INFO - [2026-09-22T16:46:18.906+0000] {dag.py:3947} INFO - Setting next_dagrun for tutorial_taskflow_api_virtualenv to None, run_after=None
[2026-09-22T16:46:18.941+0000] {processor.py:183} INFO - Processing /home/airflow/.local/lib/python3.12/site-packages/airflow/example_dags/tutorial_taskflow_api_virtualenv.py took 0.115 seconds
[2026-09-22T16:46:49.156+0000] {processor.py:161} INFO - Started process (PID=427) to work on /home/airflow/.local/lib/python3.12/site-packages/airflow/example_dags/tutorial_taskflow_api_virtualenv.py
[2026-09-22T16:46:49.157+0000] {processor.py:830} INFO - Processing file /home/airflow/.local/lib/python3.12/site-packages/airflow/example_dags/tutorial_taskflow_api_virtualenv.py for tasks to queue
[2026-09-22T16:46:49.160+0000] {logging_mixin.py:188} INFO - [2026-09-22T16:46:49.160+0000] {dagbag.py:545} INFO - Filling up the DagBag from /home/airflow/.local/lib/python3.12/site-packages/airflow/example_dags/tutorial_taskflow_api_virtualenv.py
[2026-09-22T16:46:49.177+0000] {processor.py:840} INFO - DAG(s) 'tutorial_taskflow_api_virtualenv' retrieved from /home/airflow/.local/lib/python3.12/site-packages/airflow/example_dags/tutorial_taskflow_api_virtualenv.py
[2026-09-22T16:46:49.208+0000] {logging_mixin.py:188} INFO - [2026-09-22T16:46:49.208+0000] {dag.py:3089} INFO - Sync 1 DAGs
[2026-09-22T16:46:49.227+0000] {logging_mixin.py:188} INFO - [2026-09-22T16:46:49.227+0000] {dag.py:3947} INFO - Setting next_dagrun for tutorial_taskflow_api_virtualenv to None, run_after=None
[2026-09-22T16:46:49.265+0000] {processor.py:183} INFO - Processing /home/airflow/.local/lib/python3.12/site-packages/airflow/example_dags/tutorial_taskflow_api_virtualenv.py took 0.117 seconds
[2026-09-22T16:47:19.533+0000] {processor.py:161} INFO - Started process (PID=485) to work on /home/airflow/.local/lib/python3.12/site-packages/airflow/example_dags/tutorial_taskflow_api_virtualenv.py
[2026-09-22T16:47:19.538+0000] {processor.py:830} INFO - Processing file /home/airflow/.local/lib/python3.12/site-packages/airflow/example_dags/tutorial_taskflow_api_virtualenv.py for tasks to queue
[2026-09-22T16:47:19.545+0000] {logging_mixin.py:188} INFO - [2026-09-22T16:47:19.544+0000] {dagbag.py:545} INFO - Filling up the DagBag from /home/airflow/.local/lib/python3.12/site-packages/airflow/example_dags/tutorial_taskflow_api_virtualenv.py
[2026-09-22T16:47:19.570+0000] {processor.py:840} INFO - DAG(s) 'tutorial_taskflow_api_virtualenv' retrieved from /home/airflow/.local/lib/python3.12/site-packages/airflow/example_dags/tutorial_taskflow_api_virtualenv.py
[2026-09-22T16:47:19.595+0000] {logging_mixin.py:188} INFO - [2026-09-22T16:47:19.595+0000] {dag.py:3089} INFO - Sync 1 DAGs
[2026-09-22T16:47:19.609+0000] {logging_mixin.py:188} INFO - [2026-09-22T16:47:19.609+0000] {dag.py:3947} INFO - Setting next_dagrun for tutorial_taskflow_api_virtualenv to None, run_after=None
[2026-09-22T16:47:19.646+0000] {processor.py:183} INFO - Processing /home/airflow/.local/lib/python3.12/site-packages/airflow/example_dags/tutorial_taskflow_api_virtualenv.py took 0.137 seconds
[2026-09-22T16:47:50.043+0000] {processor.py:161} INFO - Started process (PID=543) to work on /home/airflow/.local/lib/python3.12/site-packages/airflow/example_dags/tutorial_taskflow_api_virtualenv.py
[2026-09-22T16:47:50.047+0000] {processor.py:830} INFO - Processing file /home/airflow/.local/lib/python3.12/site-packages/airflow/example_dags/tutorial_taskflow_api_virtualenv.py for tasks to queue
[2026-09-22T16:47:50.053+0000] {logging_mixin.py:188} INFO - [2026-09-22T16:47:50.052+0000] {dagbag.py:545} INFO - Filling up the DagBag from /home/airflow/.local/lib/python3.12/site-packages/airflow/example_dags/tutorial_taskflow_api_virtualenv.py
[2026-09-22T16:47:50.092+0000] {processor.py:840} INFO - DAG(s) 'tutorial_taskflow_api_virtualenv' retrieved from /home/airflow/.local/lib/python3.12/site-packages/airflow/example_dags/tutorial_taskflow_api_virtualenv.py
[2026-09-22T16:47:50.158+0000] {logging_mixin.py:188} INFO - [2026-09-22T16:47:50.158+0000] {dag.py:3089} INFO - Sync 1 DAGs
[2026-09-22T16:47:50.221+0000] {logging_mixin.py:188} INFO - [2026-09-22T16:47:50.220+0000] {dag.py:3947} INFO - Setting next_dagrun for tutorial_taskflow_api_virtualenv to None, run_after=None
[2026-09-22T16:47:50.265+0000] {processor.py:183} INFO - Processing /home/airflow/.local/lib/python3.12/site-packages/airflow/example_dags/tutorial_taskflow_api_virtualenv.py took 0.237 seconds
[2026-09-22T16:48:20.931+0000] {processor.py:161} INFO - Started process (PID=601) to work on /home/airflow/.local/lib/python3.12/site-packages/airflow/example_dags/tutorial_taskflow_api_virtualenv.py
[2026-09-22T16:48:20.934+0000] {processor.py:830} INFO - Processing file /home/airflow/.local/lib/python3.12/site-packages/airflow/example_dags/tutorial_taskflow_api_virtualenv.py for tasks to queue
[2026-09-22T16:48:20.937+0000] {logging_mixin.py:188} INFO - [2026-09-22T16:48:20.937+0000] {dagbag.py:545} INFO - Filling up the DagBag from /home/airflow/.local/lib/python3.12/site-packages/airflow/example_dags/tutorial_taskflow_api_virtualenv.py
[2026-09-22T16:48:20.958+0000] {processor.py:840} INFO - DAG(s) 'tutorial_taskflow_api_virtualenv' retrieved from /home/airflow/.local/lib/python3.12/site-packages/airflow/example_dags/tutorial_taskflow_api_virtualenv.py
[2026-09-22T16:48:21.005+0000] {logging_mixin.py:188} INFO - [2026-09-22T16:48:21.005+0000] {dag.py:3089} INFO - Sync 1 DAGs
[2026-09-22T16:48:21.030+0000] {logging_mixin.py:188} INFO - [2026-09-22T16:48:21.030+0000] {dag.py:3947} INFO - Setting next_dagrun for tutorial_taskflow_api_virtualenv to None, run_after=None
[2026-09-22T16:48:21.096+0000] {processor.py:183} INFO - Processing /home/airflow/.local/lib/python3.12/site-packages/airflow/example_dags/tutorial_taskflow_api_virtualenv.py took 0.176 seconds
[2026-09-22T16:48:51.591+0000] {processor.py:161} INFO - Started process (PID=659) to work on /home/airflow/.local/lib/python3.12/site-packages/airflow/example_dags/tutorial_taskflow_api_virtualenv.py
[2026-09-22T16:48:51.594+0000] {processor.py:830} INFO - Processing file /home/airflow/.local/lib/python3.12/site-packages/airflow/example_dags/tutorial_taskflow_api_virtualenv.py for tasks to queue
[2026-09-22T16:48:51.600+0000] {logging_mixin.py:188} INFO - [2026-09-22T16:48:51.600+0000] {dagbag.py:545} INFO - Filling up the DagBag from /home/airflow/.local/lib/python3.12/site-packages/airflow/example_dags/tutorial_taskflow_api_virtualenv.py
[2026-09-22T16:48:51.623+0000] {processor.py:840} INFO - DAG(s) 'tutorial_taskflow_api_virtualenv' retrieved from /home/airflow/.local/lib/python3.12/site-packages/airflow/example_dags/tutorial_taskflow_api_virtualenv.py
[2026-09-22T16:48:51.659+0000] {logging_mixin.py:188} INFO - [2026-09-22T16:48:51.659+0000] {dag.py:3089} INFO - Sync 1 DAGs
[2026-09-22T16:48:51.682+0000] {logging_mixin.py:188} INFO - [2026-09-22T16:48:51.682+0000] {dag.py:3947} INFO - Setting next_dagrun for tutorial_taskflow_api_virtualenv to None, run_after=None
[2026-09-22T16:48:51.799+0000] {processor.py:183} INFO - Processing /home/airflow/.local/lib/python3.12/site-packages/airflow/example_dags/tutorial_taskflow_api_virtualenv.py took 0.225 seconds
[2026-09-22T16:49:21.889+0000] {processor.py:161} INFO - Started process (PID=718) to work on /home/airflow/.local/lib/python3.12/site-packages/airflow/example_dags/tutorial_taskflow_api_virtualenv.py
[2026-09-22T16:49:21.891+0000] {processor.py:830} INFO - Processing file /home/airflow/.local/lib/python3.12/site-packages/airflow/example_dags/tutorial_taskflow_api_virtualenv.py for tasks to queue
[2026-09-22T16:49:21.895+0000] {logging_mixin.py:188} INFO - [2026-09-22T16:49:21.894+0000] {dagbag.py:545} INFO - Filling up the DagBag from /home/airflow/.local/lib/python3.12/site-packages/airflow/example_dags/tutorial_taskflow_api_virtualenv.py
[2026-09-22T16:49:21.919+0000] {processor.py:840} INFO - DAG(s) 'tutorial_taskflow_api_virtualenv' retrieved from /home/airflow/.local/lib/python3.12/site-packages/airflow/example_dags/tutorial_taskflow_api_virtualenv.py
[2026-09-22T16:49:21.960+0000] {logging_mixin.py:188} INFO - [2026-09-22T16:49:21.960+0000] {dag.py:3089} INFO - Sync 1 DAGs
[2026-09-22T16:49:21.989+0000] {logging_mixin.py:188} INFO - [2026-09-22T16:49:21.989+0000] {dag.py:3947} INFO - Setting next_dagrun for tutorial_taskflow_api_virtualenv to None, run_after=None
[2026-09-22T16:49:22.083+0000] {processor.py:183} INFO - Processing /home/airflow/.local/lib/python3.12/site-packages/airflow/example_dags/tutorial_taskflow_api_virtualenv.py took 0.207 seconds
[2026-09-22T16:49:52.232+0000] {processor.py:161} INFO - Started process (PID=776) to work on /home/airflow/.local/lib/python3.12/site-packages/airflow/example_dags/tutorial_taskflow_api_virtualenv.py
[2026-09-22T16:49:52.234+0000] {processor.py:830} INFO - Processing file /home/airflow/.local/lib/python3.12/site-packages/airflow/example_dags/tutorial_taskflow_api_virtualenv.py for tasks to queue
[2026-09-22T16:49:52.237+0000] {logging_mixin.py:188} INFO - [2026-09-22T16:49:52.237+0000] {dagbag.py:545} INFO - Filling up the DagBag from /home/airflow/.local/lib/python3.12/site-packages/airflow/example_dags/tutorial_taskflow_api_virtualenv.py
[2026-09-22T16:49:52.264+0000] {processor.py:840} INFO - DAG(s) 'tutorial_taskflow_api_virtualenv' retrieved from /home/airflow/.local/lib/python3.12/site-packages/airflow/example_dags/tutorial_taskflow_api_virtualenv.py
[2026-09-22T16:49:52.300+0000] {logging_mixin.py:188} INFO - [2026-09-22T16:49:52.299+0000] {dag.py:3089} INFO - Sync 1 DAGs
[2026-09-22T16:49:52.319+0000] {logging_mixin.py:188} INFO - [2026-09-22T16:49:52.319+0000] {dag.py:3947} INFO - Setting next_dagrun for tutorial_taskflow_api_virtualenv to None, run_after=None
[2026-09-22T16:49:52.377+0000] {processor.py:183} INFO - Processing /home/airflow/.local/lib/python3.12/site-packages/airflow/example_dags/tutorial_taskflow_api_virtualenv.py took 0.156 seconds
[2026-09-22T16:50:22.623+0000] {processor.py:161} INFO - Started process (PID=835) to work on /home/airflow/.local/lib/python3.12/site-packages/airflow/example_dags/tutorial_taskflow_api_virtualenv.py
[2026-09-22T16:50:22.625+0000] {processor.py:830} INFO - Processing file /home/airflow/.local/lib/python3.12/site-packages/airflow/example_dags/tutorial_taskflow_api_virtualenv.py for tasks to queue
[2026-09-22T16:50:22.628+0000] {logging_mixin.py:188} INFO - [2026-09-22T16:50:22.628+0000] {dagbag.py:545} INFO - Filling up the DagBag from /home/airflow/.local/lib/python3.12/site-packages/airflow/example_dags/tutorial_taskflow_api_virtualenv.py
[2026-09-22T16:50:22.648+0000] {processor.py:840} INFO - DAG(s) 'tutorial_taskflow_api_virtualenv' retrieved from /home/airflow/.local/lib/python3.12/site-packages/airflow/example_dags/tutorial_taskflow_api_virtualenv.py
[2026-09-22T16:50:22.690+0000] {logging_mixin.py:188} INFO - [2026-09-22T16:50:22.689+0000] {dag.py:3089} INFO - Sync 1 DAGs
[2026-09-22T16:50:22.713+0000] {logging_mixin.py:188} INFO - [2026-09-22T16:50:22.712+0000] {dag.py:3947} INFO - Setting next_dagrun for tutorial_taskflow_api_virtualenv to None, run_after=None
[2026-09-22T16:50:22.754+0000] {processor.py:183} INFO - Processing /home/airflow/.local/lib/python3.12/site-packages/airflow/example_dags/tutorial_taskflow_api_virtualenv.py took 0.142 seconds
[2026-09-22T16:50:53.223+0000] {processor.py:161} INFO - Started process (PID=893) to work on /home/airflow/.local/lib/python3.12/site-packages/airflow/example_dags/tutorial_taskflow_api_virtualenv.py
[2026-09-22T16:50:53.225+0000] {processor.py:830} INFO - Processing file /home/airflow/.local/lib/python3.12/site-packages/airflow/example_dags/tutorial_taskflow_api_virtualenv.py for tasks to queue
[2026-09-22T16:50:53.229+0000] {logging_mixin.py:188} INFO - [2026-09-22T16:50:53.228+0000] {dagbag.py:545} INFO - Filling up the DagBag from /home/airflow/.local/lib/python3.12/site-packages/airflow/example_dags/tutorial_taskflow_api_virtualenv.py
[2026-09-22T16:50:53.252+0000] {processor.py:840} INFO - DAG(s) 'tutorial_taskflow_api_virtualenv' retrieved from /home/airflow/.local/lib/python3.12/site-packages/airflow/example_dags/tutorial_taskflow_api_virtualenv.py
[2026-09-22T16:50:53.293+0000] {logging_mixin.py:188} INFO - [2026-09-22T16:50:53.293+0000] {dag.py:3089} INFO - Sync 1 DAGs
[2026-09-22T16:50:53.319+0000] {logging_mixin.py:188} INFO - [2026-09-22T16:50:53.318+0000] {dag.py:3947} INFO - Setting next_dagrun for tutorial_taskflow_api_virtualenv to None, run_after=None
[2026-09-22T16:50:53.389+0000] {processor.py:183} INFO - Processing /home/airflow/.local/lib/python3.12/site-packages/airflow/example_dags/tutorial_taskflow_api_virtualenv.py took 0.181 seconds
[2026-09-22T16:51:23.505+0000] {processor.py:161} INFO - Started process (PID=951) to work on /home/airflow/.local/lib/python3.12/site-packages/airflow/example_dags/tutorial_taskflow_api_virtualenv.py
[2026-09-22T16:51:23.508+0000] {processor.py:830} INFO - Processing file /home/airflow/.local/lib/python3.12/site-packages/airflow/example_dags/tutorial_taskflow_api_virtualenv.py for tasks to queue
[2026-09-22T16:51:23.512+0000] {logging_mixin.py:188} INFO - [2026-09-22T16:51:23.511+0000] {dagbag.py:545} INFO - Filling up the DagBag from /home/airflow/.local/lib/python3.12/site-packages/airflow/example_dags/tutorial_taskflow_api_virtualenv.py
[2026-09-22T16:51:23.532+0000] {processor.py:840} INFO - DAG(s) 'tutorial_taskflow_api_virtualenv' retrieved from /home/airflow/.local/lib/python3.12/site-packages/airflow/example_dags/tutorial_taskflow_api_virtualenv.py
[2026-09-22T16:51:23.572+0000] {logging_mixin.py:188} INFO - [2026-09-22T16:51:23.572+0000] {dag.py:3089} INFO - Sync 1 DAGs
[2026-09-22T16:51:23.597+0000] {logging_mixin.py:188} INFO - [2026-09-22T16:51:23.597+0000] {dag.py:3947} INFO - Setting next_dagrun for tutorial_taskflow_api_virtualenv to None, run_after=None
[2026-09-22T16:51:23.672+0000] {processor.py:183} INFO - Processing /home/airflow/.local/lib/python3.12/site-packages/airflow/example_dags/tutorial_taskflow_api_virtualenv.py took 0.179 seconds
[2026-09-22T16:52:21.411+0000] {processor.py:161} INFO - Started process (PID=1001) to work on /home/airflow/.local/lib/python3.12/site-packages/airflow/example_dags/tutorial_taskflow_api_virtualenv.py
[2026-09-22T16:52:21.413+0000] {processor.py:830} INFO - Processing file /home/airflow/.local/lib/python3.12/site-packages/airflow/example_dags/tutorial_taskflow_api_virtualenv.py for tasks to queue
[2026-09-22T16:52:21.426+0000] {logging_mixin.py:188} INFO - [2026-09-22T16:52:21.425+0000] {dagbag.py:545} INFO - Filling up the DagBag from /home/airflow/.local/lib/python3.12/site-packages/airflow/example_dags/tutorial_taskflow_api_virtualenv.py
[2026-09-22T16:52:21.474+0000] {processor.py:840} INFO - DAG(s) 'tutorial_taskflow_api_virtualenv' retrieved from /home/airflow/.local/lib/python3.12/site-packages/airflow/example_dags/tutorial_taskflow_api_virtualenv.py
[2026-09-22T16:52:21.547+0000] {logging_mixin.py:188} INFO - [2026-09-22T16:52:21.544+0000] {dag.py:3089} INFO - Sync 1 DAGs
[2026-09-22T16:52:21.594+0000] {logging_mixin.py:188} INFO - [2026-09-22T16:52:21.593+0000] {dag.py:3947} INFO - Setting next_dagrun for tutorial_taskflow_api_virtualenv to None, run_after=None
[2026-09-22T16:52:21.631+0000] {processor.py:183} INFO - Processing /home/airflow/.local/lib/python3.12/site-packages/airflow/example_dags/tutorial_taskflow_api_virtualenv.py took 0.240 seconds
[2026-09-22T16:52:52.069+0000] {processor.py:161} INFO - Started process (PID=1059) to work on /home/airflow/.local/lib/python3.12/site-packages/airflow/example_dags/tutorial_taskflow_api_virtualenv.py
[2026-09-22T16:52:52.071+0000] {processor.py:830} INFO - Processing file /home/airflow/.local/lib/python3.12/site-packages/airflow/example_dags/tutorial_taskflow_api_virtualenv.py for tasks to queue
[2026-09-22T16:52:52.074+0000] {logging_mixin.py:188} INFO - [2026-09-22T16:52:52.074+0000] {dagbag.py:545} INFO - Filling up the DagBag from /home/airflow/.local/lib/python3.12/site-packages/airflow/example_dags/tutorial_taskflow_api_virtualenv.py
[2026-09-22T16:52:52.086+0000] {processor.py:840} INFO - DAG(s) 'tutorial_taskflow_api_virtualenv' retrieved from /home/airflow/.local/lib/python3.12/site-packages/airflow/example_dags/tutorial_taskflow_api_virtualenv.py
[2026-09-22T16:52:52.112+0000] {logging_mixin.py:188} INFO - [2026-09-22T16:52:52.112+0000] {dag.py:3089} INFO - Sync 1 DAGs
[2026-09-22T16:52:52.125+0000] {logging_mixin.py:188} INFO - [2026-09-22T16:52:52.125+0000] {dag.py:3947} INFO - Setting next_dagrun for tutorial_taskflow_api_virtualenv to None, run_after=None
[2026-09-22T16:52:52.154+0000] {processor.py:183} INFO - Processing /home/airflow/.local/lib/python3.12/site-packages/airflow/example_dags/tutorial_taskflow_api_virtualenv.py took 0.090 seconds
[2026-09-22T16:53:22.553+0000] {processor.py:161} INFO - Started process (PID=1117) to work on /home/airflow/.local/lib/python3.12/site-packages/airflow/example_dags/tutorial_taskflow_api_virtualenv.py
[2026-09-22T16:53:22.554+0000] {processor.py:830} INFO - Processing file /home/airflow/.local/lib/python3.12/site-packages/airflow/example_dags/tutorial_taskflow_api_virtualenv.py for tasks to queue
[2026-09-22T16:53:22.556+0000] {logging_mixin.py:188} INFO - [2026-09-22T16:53:22.556+0000] {dagbag.py:545} INFO - Filling up the DagBag from /home/airflow/.local/lib/python3.12/site-packages/airflow/example_dags/tutorial_taskflow_api_virtualenv.py
[2026-09-22T16:53:22.566+0000] {processor.py:840} INFO - DAG(s) 'tutorial_taskflow_api_virtualenv' retrieved from /home/airflow/.local/lib/python3.12/site-packages/airflow/example_dags/tutorial_taskflow_api_virtualenv.py
[2026-09-22T16:53:22.585+0000] {logging_mixin.py:188} INFO - [2026-09-22T16:53:22.584+0000] {dag.py:3089} INFO - Sync 1 DAGs
[2026-09-22T16:53:22.597+0000] {logging_mixin.py:188} INFO - [2026-09-22T16:53:22.597+0000] {dag.py:3947} INFO - Setting next_dagrun for tutorial_taskflow_api_virtualenv to None, run_after=None
[2026-09-22T16:53:22.620+0000] {processor.py:183} INFO - Processing /home/airflow/.local/lib/python3.12/site-packages/airflow/example_dags/tutorial_taskflow_api_virtualenv.py took 0.072 seconds
[2026-09-22T16:53:52.904+0000] {processor.py:161} INFO - Started process (PID=1175) to work on /home/airflow/.local/lib/python3.12/site-packages/airflow/example_dags/tutorial_taskflow_api_virtualenv.py
[2026-09-22T16:53:52.905+0000] {processor.py:830} INFO - Processing file /home/airflow/.local/lib/python3.12/site-packages/airflow/example_dags/tutorial_taskflow_api_virtualenv.py for tasks to queue
[2026-09-22T16:53:52.907+0000] {logging_mixin.py:188} INFO - [2026-09-22T16:53:52.907+0000] {dagbag.py:545} INFO - Filling up the DagBag from /home/airflow/.local/lib/python3.12/site-packages/airflow/example_dags/tutorial_taskflow_api_virtualenv.py
[2026-09-22T16:53:52.917+0000] {processor.py:840} INFO - DAG(s) 'tutorial_taskflow_api_virtualenv' retrieved from /home/airflow/.local/lib/python3.12/site-packages/airflow/example_dags/tutorial_taskflow_api_virtualenv.py
[2026-09-22T16:53:52.944+0000] {logging_mixin.py:188} INFO - [2026-09-22T16:53:52.944+0000] {dag.py:3089} INFO - Sync 1 DAGs
[2026-09-22T16:53:52.956+0000] {logging_mixin.py:188} INFO - [2026-09-22T16:53:52.956+0000] {dag.py:3947} INFO - Setting next_dagrun for tutorial_taskflow_api_virtualenv to None, run_after=None
[2026-09-22T16:53:52.978+0000] {processor.py:183} INFO - Processing /home/airflow/.local/lib/python3.12/site-packages/airflow/example_dags/tutorial_taskflow_api_virtualenv.py took 0.080 seconds
[2026-09-22T16:54:23.153+0000] {processor.py:161} INFO - Started process (PID=1233) to work on /home/airflow/.local/lib/python3.12/site-packages/airflow/example_dags/tutorial_taskflow_api_virtualenv.py
[2026-09-22T16:54:23.155+0000] {processor.py:830} INFO - Processing file /home/airflow/.local/lib/python3.12/site-packages/airflow/example_dags/tutorial_taskflow_api_virtualenv.py for tasks to queue
[2026-09-22T16:54:23.157+0000] {logging_mixin.py:188} INFO - [2026-09-22T16:54:23.157+0000] {dagbag.py:545} INFO - Filling up the DagBag from /home/airflow/.local/lib/python3.12/site-packages/airflow/example_dags/tutorial_taskflow_api_virtualenv.py
[2026-09-22T16:54:23.169+0000] {processor.py:840} INFO - DAG(s) 'tutorial_taskflow_api_virtualenv' retrieved from /home/airflow/.local/lib/python3.12/site-packages/airflow/example_dags/tutorial_taskflow_api_virtualenv.py
[2026-09-22T16:54:23.193+0000] {logging_mixin.py:188} INFO - [2026-09-22T16:54:23.192+0000] {dag.py:3089} INFO - Sync 1 DAGs
[2026-09-22T16:54:23.205+0000] {logging_mixin.py:188} INFO - [2026-09-22T16:54:23.204+0000] {dag.py:3947} INFO - Setting next_dagrun for tutorial_taskflow_api_virtualenv to None, run_after=None
[2026-09-22T16:54:23.226+0000] {processor.py:183} INFO - Processing /home/airflow/.local/lib/python3.12/site-packages/airflow/example_dags/tutorial_taskflow_api_virtualenv.py took 0.083 seconds
[2026-09-22T16:54:53.680+0000] {processor.py:161} INFO - Started process (PID=1291) to work on /home/airflow/.local/lib/python3.12/site-packages/airflow/example_dags/tutorial_taskflow_api_virtualenv.py
[2026-09-22T16:54:53.682+0000] {processor.py:830} INFO - Processing file /home/airflow/.local/lib/python3.12/site-packages/airflow/example_dags/tutorial_taskflow_api_virtualenv.py for tasks to queue
[2026-09-22T16:54:53.684+0000] {logging_mixin.py:188} INFO - [2026-09-22T16:54:53.684+0000] {dagbag.py:545} INFO - Filling up the DagBag from /home/airflow/.local/lib/python3.12/site-packages/airflow/example_dags/tutorial_taskflow_api_virtualenv.py
[2026-09-22T16:54:53.694+0000] {processor.py:840} INFO - DAG(s) 'tutorial_taskflow_api_virtualenv' retrieved from /home/airflow/.local/lib/python3.12/site-packages/airflow/example_dags/tutorial_taskflow_api_virtualenv.py
[2026-09-22T16:54:53.718+0000] {logging_mixin.py:188} INFO - [2026-09-22T16:54:53.718+0000] {dag.py:3089} INFO - Sync 1 DAGs
[2026-09-22T16:54:53.731+0000] {logging_mixin.py:188} INFO - [2026-09-22T16:54:53.731+0000] {dag.py:3947} INFO - Setting next_dagrun for tutorial_taskflow_api_virtualenv to None, run_after=None
[2026-09-22T16:54:53.757+0000] {processor.py:183} INFO - Processing /home/airflow/.local/lib/python3.12/site-packages/airflow/example_dags/tutorial_taskflow_api_virtualenv.py took 0.083 seconds
[2026-09-22T16:55:24.072+0000] {processor.py:161} INFO - Started process (PID=1349) to work on /home/airflow/.local/lib/python3.12/site-packages/airflow/example_dags/tutorial_taskflow_api_virtualenv.py
[2026-09-22T16:55:24.074+0000] {processor.py:830} INFO - Processing file /home/airflow/.local/lib/python3.12/site-packages/airflow/example_dags/tutorial_taskflow_api_virtualenv.py for tasks to queue
[2026-09-22T16:55:24.076+0000] {logging_mixin.py:188} INFO - [2026-09-22T16:55:24.075+0000] {dagbag.py:545} INFO - Filling up the DagBag from /home/airflow/.local/lib/python3.12/site-packages/airflow/example_dags/tutorial_taskflow_api_virtualenv.py
[2026-09-22T16:55:24.089+0000] {processor.py:840} INFO - DAG(s) 'tutorial_taskflow_api_virtualenv' retrieved from /home/airflow/.local/lib/python3.12/site-packages/airflow/example_dags/tutorial_taskflow_api_virtualenv.py
[2026-09-22T16:55:24.109+0000] {logging_mixin.py:188} INFO - [2026-09-22T16:55:24.108+0000] {dag.py:3089} INFO - Sync 1 DAGs
[2026-09-22T16:55:24.121+0000] {logging_mixin.py:188} INFO - [2026-09-22T16:55:24.121+0000] {dag.py:3947} INFO - Setting next_dagrun for tutorial_taskflow_api_virtualenv to None, run_after=None
[2026-09-22T16:55:24.144+0000] {processor.py:183} INFO - Processing /home/airflow/.local/lib/python3.12/site-packages/airflow/example_dags/tutorial_taskflow_api_virtualenv.py took 0.078 seconds
[2026-09-22T16:55:54.710+0000] {processor.py:161} INFO - Started process (PID=1407) to work on /home/airflow/.local/lib/python3.12/site-packages/airflow/example_dags/tutorial_taskflow_api_virtualenv.py
[2026-09-22T16:55:54.712+0000] {processor.py:830} INFO - Processing file /home/airflow/.local/lib/python3.12/site-packages/airflow/example_dags/tutorial_taskflow_api_virtualenv.py for tasks to queue
[2026-09-22T16:55:54.713+0000] {logging_mixin.py:188} INFO - [2026-09-22T16:55:54.713+0000] {dagbag.py:545} INFO - Filling up the DagBag from /home/airflow/.local/lib/python3.12/site-packages/airflow/example_dags/tutorial_taskflow_api_virtualenv.py
[2026-09-22T16:55:54.724+0000] {processor.py:840} INFO - DAG(s) 'tutorial_taskflow_api_virtualenv' retrieved from /home/airflow/.local/lib/python3.12/site-packages/airflow/example_dags/tutorial_taskflow_api_virtualenv.py
[2026-09-22T16:55:54.743+0000] {logging_mixin.py:188} INFO - [2026-09-22T16:55:54.742+0000] {dag.py:3089} INFO - Sync 1 DAGs
[2026-09-22T16:55:54.756+0000] {logging_mixin.py:188} INFO - [2026-09-22T16:55:54.755+0000] {dag.py:3947} INFO - Setting next_dagrun for tutorial_taskflow_api_virtualenv to None, run_after=None
[2026-09-22T16:55:54.777+0000] {processor.py:183} INFO - Processing /home/airflow/.local/lib/python3.12/site-packages/airflow/example_dags/tutorial_taskflow_api_virtualenv.py took 0.071 seconds
[2026-09-22T16:56:25.442+0000] {processor.py:161} INFO - Started process (PID=1465) to work on /home/airflow/.local/lib/python3.12/site-packages/airflow/example_dags/tutorial_taskflow_api_virtualenv.py
[2026-09-22T16:56:25.444+0000] {processor.py:830} INFO - Processing file /home/airflow/.local/lib/python3.12/site-packages/airflow/example_dags/tutorial_taskflow_api_virtualenv.py for tasks to queue
[2026-09-22T16:56:25.446+0000] {logging_mixin.py:188} INFO - [2026-09-22T16:56:25.446+0000] {dagbag.py:545} INFO - Filling up the DagBag from /home/airflow/.local/lib/python3.12/site-packages/airflow/example_dags/tutorial_taskflow_api_virtualenv.py
[2026-09-22T16:56:25.460+0000] {processor.py:840} INFO - DAG(s) 'tutorial_taskflow_api_virtualenv' retrieved from /home/airflow/.local/lib/python3.12/site-packages/airflow/example_dags/tutorial_taskflow_api_virtualenv.py
[2026-09-22T16:56:25.484+0000] {logging_mixin.py:188} INFO - [2026-09-22T16:56:25.483+0000] {dag.py:3089} INFO - Sync 1 DAGs
[2026-09-22T16:56:25.497+0000] {logging_mixin.py:188} INFO - [2026-09-22T16:56:25.497+0000] {dag.py:3947} INFO - Setting next_dagrun for tutorial_taskflow_api_virtualenv to None, run_after=None
[2026-09-22T16:56:25.527+0000] {processor.py:183} INFO - Processing /home/airflow/.local/lib/python3.12/site-packages/airflow/example_dags/tutorial_taskflow_api_virtualenv.py took 0.093 seconds
[2026-09-22T16:57:59.027+0000] {processor.py:161} INFO - Started process (PID=91) to work on /home/airflow/.local/lib/python3.12/site-packages/airflow/example_dags/tutorial_taskflow_api_virtualenv.py
[2026-09-22T16:57:59.029+0000] {processor.py:830} INFO - Processing file /home/airflow/.local/lib/python3.12/site-packages/airflow/example_dags/tutorial_taskflow_api_virtualenv.py for tasks to queue
[2026-09-22T16:57:59.032+0000] {logging_mixin.py:188} INFO - [2026-09-22T16:57:59.031+0000] {dagbag.py:545} INFO - Filling up the DagBag from /home/airflow/.local/lib/python3.12/site-packages/airflow/example_dags/tutorial_taskflow_api_virtualenv.py
[2026-09-22T16:57:59.056+0000] {processor.py:840} INFO - DAG(s) 'tutorial_taskflow_api_virtualenv' retrieved from /home/airflow/.local/lib/python3.12/site-packages/airflow/example_dags/tutorial_taskflow_api_virtualenv.py
[2026-09-22T16:57:59.225+0000] {logging_mixin.py:188} INFO - [2026-09-22T16:57:59.225+0000] {dag.py:3089} INFO - Sync 1 DAGs
[2026-09-22T16:57:59.242+0000] {logging_mixin.py:188} INFO - [2026-09-22T16:57:59.241+0000] {dag.py:3947} INFO - Setting next_dagrun for tutorial_taskflow_api_virtualenv to None, run_after=None
[2026-09-22T16:57:59.273+0000] {processor.py:183} INFO - Processing /home/airflow/.local/lib/python3.12/site-packages/airflow/example_dags/tutorial_taskflow_api_virtualenv.py took 0.258 seconds
[2026-09-22T16:58:29.416+0000] {processor.py:161} INFO - Started process (PID=149) to work on /home/airflow/.local/lib/python3.12/site-packages/airflow/example_dags/tutorial_taskflow_api_virtualenv.py
[2026-09-22T16:58:29.418+0000] {processor.py:830} INFO - Processing file /home/airflow/.local/lib/python3.12/site-packages/airflow/example_dags/tutorial_taskflow_api_virtualenv.py for tasks to queue
[2026-09-22T16:58:29.421+0000] {logging_mixin.py:188} INFO - [2026-09-22T16:58:29.420+0000] {dagbag.py:545} INFO - Filling up the DagBag from /home/airflow/.local/lib/python3.12/site-packages/airflow/example_dags/tutorial_taskflow_api_virtualenv.py
[2026-09-22T16:58:29.455+0000] {processor.py:840} INFO - DAG(s) 'tutorial_taskflow_api_virtualenv' retrieved from /home/airflow/.local/lib/python3.12/site-packages/airflow/example_dags/tutorial_taskflow_api_virtualenv.py
[2026-09-22T16:58:29.493+0000] {logging_mixin.py:188} INFO - [2026-09-22T16:58:29.493+0000] {dag.py:3089} INFO - Sync 1 DAGs
[2026-09-22T16:58:29.510+0000] {logging_mixin.py:188} INFO - [2026-09-22T16:58:29.510+0000] {dag.py:3947} INFO - Setting next_dagrun for tutorial_taskflow_api_virtualenv to None, run_after=None
[2026-09-22T16:58:29.530+0000] {processor.py:183} INFO - Processing /home/airflow/.local/lib/python3.12/site-packages/airflow/example_dags/tutorial_taskflow_api_virtualenv.py took 0.121 seconds
[2026-09-22T16:59:00.459+0000] {processor.py:161} INFO - Started process (PID=207) to work on /home/airflow/.local/lib/python3.12/site-packages/airflow/example_dags/tutorial_taskflow_api_virtualenv.py
[2026-09-22T16:59:00.460+0000] {processor.py:830} INFO - Processing file /home/airflow/.local/lib/python3.12/site-packages/airflow/example_dags/tutorial_taskflow_api_virtualenv.py for tasks to queue
[2026-09-22T16:59:00.462+0000] {logging_mixin.py:188} INFO - [2026-09-22T16:59:00.462+0000] {dagbag.py:545} INFO - Filling up the DagBag from /home/airflow/.local/lib/python3.12/site-packages/airflow/example_dags/tutorial_taskflow_api_virtualenv.py
[2026-09-22T16:59:00.475+0000] {processor.py:840} INFO - DAG(s) 'tutorial_taskflow_api_virtualenv' retrieved from /home/airflow/.local/lib/python3.12/site-packages/airflow/example_dags/tutorial_taskflow_api_virtualenv.py
[2026-09-22T16:59:00.497+0000] {logging_mixin.py:188} INFO - [2026-09-22T16:59:00.497+0000] {dag.py:3089} INFO - Sync 1 DAGs
[2026-09-22T16:59:00.511+0000] {logging_mixin.py:188} INFO - [2026-09-22T16:59:00.510+0000] {dag.py:3947} INFO - Setting next_dagrun for tutorial_taskflow_api_virtualenv to None, run_after=None
[2026-09-22T16:59:00.533+0000] {processor.py:183} INFO - Processing /home/airflow/.local/lib/python3.12/site-packages/airflow/example_dags/tutorial_taskflow_api_virtualenv.py took 0.082 seconds
[2026-09-22T16:59:30.742+0000] {processor.py:161} INFO - Started process (PID=265) to work on /home/airflow/.local/lib/python3.12/site-packages/airflow/example_dags/tutorial_taskflow_api_virtualenv.py
[2026-09-22T16:59:30.743+0000] {processor.py:830} INFO - Processing file /home/airflow/.local/lib/python3.12/site-packages/airflow/example_dags/tutorial_taskflow_api_virtualenv.py for tasks to queue
[2026-09-22T16:59:30.746+0000] {logging_mixin.py:188} INFO - [2026-09-22T16:59:30.745+0000] {dagbag.py:545} INFO - Filling up the DagBag from /home/airflow/.local/lib/python3.12/site-packages/airflow/example_dags/tutorial_taskflow_api_virtualenv.py
[2026-09-22T16:59:30.756+0000] {processor.py:840} INFO - DAG(s) 'tutorial_taskflow_api_virtualenv' retrieved from /home/airflow/.local/lib/python3.12/site-packages/airflow/example_dags/tutorial_taskflow_api_virtualenv.py
[2026-09-22T16:59:30.776+0000] {logging_mixin.py:188} INFO - [2026-09-22T16:59:30.775+0000] {dag.py:3089} INFO - Sync 1 DAGs
[2026-09-22T16:59:30.788+0000] {logging_mixin.py:188} INFO - [2026-09-22T16:59:30.788+0000] {dag.py:3947} INFO - Setting next_dagrun for tutorial_taskflow_api_virtualenv to None, run_after=None
[2026-09-22T16:59:30.814+0000] {processor.py:183} INFO - Processing /home/airflow/.local/lib/python3.12/site-packages/airflow/example_dags/tutorial_taskflow_api_virtualenv.py took 0.077 seconds
[2026-09-22T17:00:01.117+0000] {processor.py:161} INFO - Started process (PID=323) to work on /home/airflow/.local/lib/python3.12/site-packages/airflow/example_dags/tutorial_taskflow_api_virtualenv.py
[2026-09-22T17:00:01.121+0000] {processor.py:830} INFO - Processing file /home/airflow/.local/lib/python3.12/site-packages/airflow/example_dags/tutorial_taskflow_api_virtualenv.py for tasks to queue
[2026-09-22T17:00:01.124+0000] {logging_mixin.py:188} INFO - [2026-09-22T17:00:01.124+0000] {dagbag.py:545} INFO - Filling up the DagBag from /home/airflow/.local/lib/python3.12/site-packages/airflow/example_dags/tutorial_taskflow_api_virtualenv.py
[2026-09-22T17:00:01.138+0000] {processor.py:840} INFO - DAG(s) 'tutorial_taskflow_api_virtualenv' retrieved from /home/airflow/.local/lib/python3.12/site-packages/airflow/example_dags/tutorial_taskflow_api_virtualenv.py
[2026-09-22T17:00:01.160+0000] {logging_mixin.py:188} INFO - [2026-09-22T17:00:01.160+0000] {dag.py:3089} INFO - Sync 1 DAGs
[2026-09-22T17:00:01.174+0000] {logging_mixin.py:188} INFO - [2026-09-22T17:00:01.174+0000] {dag.py:3947} INFO - Setting next_dagrun for tutorial_taskflow_api_virtualenv to None, run_after=None
[2026-09-22T17:00:01.195+0000] {processor.py:183} INFO - Processing /home/airflow/.local/lib/python3.12/site-packages/airflow/example_dags/tutorial_taskflow_api_virtualenv.py took 0.084 seconds
[2026-09-22T17:00:31.674+0000] {processor.py:161} INFO - Started process (PID=381) to work on /home/airflow/.local/lib/python3.12/site-packages/airflow/example_dags/tutorial_taskflow_api_virtualenv.py
[2026-09-22T17:00:31.675+0000] {processor.py:830} INFO - Processing file /home/airflow/.local/lib/python3.12/site-packages/airflow/example_dags/tutorial_taskflow_api_virtualenv.py for tasks to queue
[2026-09-22T17:00:31.677+0000] {logging_mixin.py:188} INFO - [2026-09-22T17:00:31.677+0000] {dagbag.py:545} INFO - Filling up the DagBag from /home/airflow/.local/lib/python3.12/site-packages/airflow/example_dags/tutorial_taskflow_api_virtualenv.py
[2026-09-22T17:00:31.687+0000] {processor.py:840} INFO - DAG(s) 'tutorial_taskflow_api_virtualenv' retrieved from /home/airflow/.local/lib/python3.12/site-packages/airflow/example_dags/tutorial_taskflow_api_virtualenv.py
[2026-09-22T17:00:31.707+0000] {logging_mixin.py:188} INFO - [2026-09-22T17:00:31.707+0000] {dag.py:3089} INFO - Sync 1 DAGs
[2026-09-22T17:00:31.717+0000] {logging_mixin.py:188} INFO - [2026-09-22T17:00:31.717+0000] {dag.py:3947} INFO - Setting next_dagrun for tutorial_taskflow_api_virtualenv to None, run_after=None
[2026-09-22T17:00:31.738+0000] {processor.py:183} INFO - Processing /home/airflow/.local/lib/python3.12/site-packages/airflow/example_dags/tutorial_taskflow_api_virtualenv.py took 0.070 seconds
[2026-09-22T17:01:02.126+0000] {processor.py:161} INFO - Started process (PID=439) to work on /home/airflow/.local/lib/python3.12/site-packages/airflow/example_dags/tutorial_taskflow_api_virtualenv.py
[2026-09-22T17:01:02.127+0000] {processor.py:830} INFO - Processing file /home/airflow/.local/lib/python3.12/site-packages/airflow/example_dags/tutorial_taskflow_api_virtualenv.py for tasks to queue
[2026-09-22T17:01:02.130+0000] {logging_mixin.py:188} INFO - [2026-09-22T17:01:02.130+0000] {dagbag.py:545} INFO - Filling up the DagBag from /home/airflow/.local/lib/python3.12/site-packages/airflow/example_dags/tutorial_taskflow_api_virtualenv.py
[2026-09-22T17:01:02.143+0000] {processor.py:840} INFO - DAG(s) 'tutorial_taskflow_api_virtualenv' retrieved from /home/airflow/.local/lib/python3.12/site-packages/airflow/example_dags/tutorial_taskflow_api_virtualenv.py
[2026-09-22T17:01:02.170+0000] {logging_mixin.py:188} INFO - [2026-09-22T17:01:02.169+0000] {dag.py:3089} INFO - Sync 1 DAGs
[2026-09-22T17:01:02.185+0000] {logging_mixin.py:188} INFO - [2026-09-22T17:01:02.185+0000] {dag.py:3947} INFO - Setting next_dagrun for tutorial_taskflow_api_virtualenv to None, run_after=None
[2026-09-22T17:01:02.214+0000] {processor.py:183} INFO - Processing /home/airflow/.local/lib/python3.12/site-packages/airflow/example_dags/tutorial_taskflow_api_virtualenv.py took 0.096 seconds
[2026-09-22T17:01:32.694+0000] {processor.py:161} INFO - Started process (PID=497) to work on /home/airflow/.local/lib/python3.12/site-packages/airflow/example_dags/tutorial_taskflow_api_virtualenv.py
[2026-09-22T17:01:32.695+0000] {processor.py:830} INFO - Processing file /home/airflow/.local/lib/python3.12/site-packages/airflow/example_dags/tutorial_taskflow_api_virtualenv.py for tasks to queue
[2026-09-22T17:01:32.697+0000] {logging_mixin.py:188} INFO - [2026-09-22T17:01:32.697+0000] {dagbag.py:545} INFO - Filling up the DagBag from /home/airflow/.local/lib/python3.12/site-packages/airflow/example_dags/tutorial_taskflow_api_virtualenv.py
[2026-09-22T17:01:32.710+0000] {processor.py:840} INFO - DAG(s) 'tutorial_taskflow_api_virtualenv' retrieved from /home/airflow/.local/lib/python3.12/site-packages/airflow/example_dags/tutorial_taskflow_api_virtualenv.py
[2026-09-22T17:01:32.728+0000] {logging_mixin.py:188} INFO - [2026-09-22T17:01:32.728+0000] {dag.py:3089} INFO - Sync 1 DAGs
[2026-09-22T17:01:32.740+0000] {logging_mixin.py:188} INFO - [2026-09-22T17:01:32.740+0000] {dag.py:3947} INFO - Setting next_dagrun for tutorial_taskflow_api_virtualenv to None, run_after=None
[2026-09-22T17:01:32.761+0000] {processor.py:183} INFO - Processing /home/airflow/.local/lib/python3.12/site-packages/airflow/example_dags/tutorial_taskflow_api_virtualenv.py took 0.077 seconds
[2026-09-22T17:02:03.694+0000] {processor.py:161} INFO - Started process (PID=555) to work on /home/airflow/.local/lib/python3.12/site-packages/airflow/example_dags/tutorial_taskflow_api_virtualenv.py
[2026-09-22T17:02:03.695+0000] {processor.py:830} INFO - Processing file /home/airflow/.local/lib/python3.12/site-packages/airflow/example_dags/tutorial_taskflow_api_virtualenv.py for tasks to queue
[2026-09-22T17:02:03.697+0000] {logging_mixin.py:188} INFO - [2026-09-22T17:02:03.697+0000] {dagbag.py:545} INFO - Filling up the DagBag from /home/airflow/.local/lib/python3.12/site-packages/airflow/example_dags/tutorial_taskflow_api_virtualenv.py
[2026-09-22T17:02:03.709+0000] {processor.py:840} INFO - DAG(s) 'tutorial_taskflow_api_virtualenv' retrieved from /home/airflow/.local/lib/python3.12/site-packages/airflow/example_dags/tutorial_taskflow_api_virtualenv.py
[2026-09-22T17:02:03.729+0000] {logging_mixin.py:188} INFO - [2026-09-22T17:02:03.729+0000] {dag.py:3089} INFO - Sync 1 DAGs
[2026-09-22T17:02:03.742+0000] {logging_mixin.py:188} INFO - [2026-09-22T17:02:03.742+0000] {dag.py:3947} INFO - Setting next_dagrun for tutorial_taskflow_api_virtualenv to None, run_after=None
[2026-09-22T17:02:03.766+0000] {processor.py:183} INFO - Processing /home/airflow/.local/lib/python3.12/site-packages/airflow/example_dags/tutorial_taskflow_api_virtualenv.py took 0.078 seconds
[2026-09-22T17:03:30.045+0000] {processor.py:161} INFO - Started process (PID=89) to work on /home/airflow/.local/lib/python3.12/site-packages/airflow/example_dags/tutorial_taskflow_api_virtualenv.py
[2026-09-22T17:03:30.047+0000] {processor.py:830} INFO - Processing file /home/airflow/.local/lib/python3.12/site-packages/airflow/example_dags/tutorial_taskflow_api_virtualenv.py for tasks to queue
[2026-09-22T17:03:30.050+0000] {logging_mixin.py:188} INFO - [2026-09-22T17:03:30.049+0000] {dagbag.py:545} INFO - Filling up the DagBag from /home/airflow/.local/lib/python3.12/site-packages/airflow/example_dags/tutorial_taskflow_api_virtualenv.py
[2026-09-22T17:03:30.078+0000] {processor.py:840} INFO - DAG(s) 'tutorial_taskflow_api_virtualenv' retrieved from /home/airflow/.local/lib/python3.12/site-packages/airflow/example_dags/tutorial_taskflow_api_virtualenv.py
[2026-09-22T17:03:30.253+0000] {logging_mixin.py:188} INFO - [2026-09-22T17:03:30.252+0000] {dag.py:3089} INFO - Sync 1 DAGs
[2026-09-22T17:03:30.270+0000] {logging_mixin.py:188} INFO - [2026-09-22T17:03:30.270+0000] {dag.py:3947} INFO - Setting next_dagrun for tutorial_taskflow_api_virtualenv to None, run_after=None
[2026-09-22T17:03:30.296+0000] {processor.py:183} INFO - Processing /home/airflow/.local/lib/python3.12/site-packages/airflow/example_dags/tutorial_taskflow_api_virtualenv.py took 0.260 seconds
[2026-09-22T17:04:00.886+0000] {processor.py:161} INFO - Started process (PID=147) to work on /home/airflow/.local/lib/python3.12/site-packages/airflow/example_dags/tutorial_taskflow_api_virtualenv.py
[2026-09-22T17:04:00.888+0000] {processor.py:830} INFO - Processing file /home/airflow/.local/lib/python3.12/site-packages/airflow/example_dags/tutorial_taskflow_api_virtualenv.py for tasks to queue
[2026-09-22T17:04:00.889+0000] {logging_mixin.py:188} INFO - [2026-09-22T17:04:00.889+0000] {dagbag.py:545} INFO - Filling up the DagBag from /home/airflow/.local/lib/python3.12/site-packages/airflow/example_dags/tutorial_taskflow_api_virtualenv.py
[2026-09-22T17:04:00.899+0000] {processor.py:840} INFO - DAG(s) 'tutorial_taskflow_api_virtualenv' retrieved from /home/airflow/.local/lib/python3.12/site-packages/airflow/example_dags/tutorial_taskflow_api_virtualenv.py
[2026-09-22T17:04:00.918+0000] {logging_mixin.py:188} INFO - [2026-09-22T17:04:00.918+0000] {dag.py:3089} INFO - Sync 1 DAGs
[2026-09-22T17:04:00.928+0000] {logging_mixin.py:188} INFO - [2026-09-22T17:04:00.928+0000] {dag.py:3947} INFO - Setting next_dagrun for tutorial_taskflow_api_virtualenv to None, run_after=None
[2026-09-22T17:04:00.949+0000] {processor.py:183} INFO - Processing /home/airflow/.local/lib/python3.12/site-packages/airflow/example_dags/tutorial_taskflow_api_virtualenv.py took 0.068 seconds
[2026-09-22T17:04:31.705+0000] {processor.py:161} INFO - Started process (PID=205) to work on /home/airflow/.local/lib/python3.12/site-packages/airflow/example_dags/tutorial_taskflow_api_virtualenv.py
[2026-09-22T17:04:31.706+0000] {processor.py:830} INFO - Processing file /home/airflow/.local/lib/python3.12/site-packages/airflow/example_dags/tutorial_taskflow_api_virtualenv.py for tasks to queue
[2026-09-22T17:04:31.708+0000] {logging_mixin.py:188} INFO - [2026-09-22T17:04:31.708+0000] {dagbag.py:545} INFO - Filling up the DagBag from /home/airflow/.local/lib/python3.12/site-packages/airflow/example_dags/tutorial_taskflow_api_virtualenv.py
[2026-09-22T17:04:31.721+0000] {processor.py:840} INFO - DAG(s) 'tutorial_taskflow_api_virtualenv' retrieved from /home/airflow/.local/lib/python3.12/site-packages/airflow/example_dags/tutorial_taskflow_api_virtualenv.py
[2026-09-22T17:04:31.745+0000] {logging_mixin.py:188} INFO - [2026-09-22T17:04:31.745+0000] {dag.py:3089} INFO - Sync 1 DAGs
[2026-09-22T17:04:31.761+0000] {logging_mixin.py:188} INFO - [2026-09-22T17:04:31.761+0000] {dag.py:3947} INFO - Setting next_dagrun for tutorial_taskflow_api_virtualenv to None, run_after=None
[2026-09-22T17:04:31.787+0000] {processor.py:183} INFO - Processing /home/airflow/.local/lib/python3.12/site-packages/airflow/example_dags/tutorial_taskflow_api_virtualenv.py took 0.088 seconds
[2026-09-22T17:05:02.441+0000] {processor.py:161} INFO - Started process (PID=263) to work on /home/airflow/.local/lib/python3.12/site-packages/airflow/example_dags/tutorial_taskflow_api_virtualenv.py
[2026-09-22T17:05:02.442+0000] {processor.py:830} INFO - Processing file /home/airflow/.local/lib/python3.12/site-packages/airflow/example_dags/tutorial_taskflow_api_virtualenv.py for tasks to queue
[2026-09-22T17:05:02.444+0000] {logging_mixin.py:188} INFO - [2026-09-22T17:05:02.443+0000] {dagbag.py:545} INFO - Filling up the DagBag from /home/airflow/.local/lib/python3.12/site-packages/airflow/example_dags/tutorial_taskflow_api_virtualenv.py
[2026-09-22T17:05:02.455+0000] {processor.py:840} INFO - DAG(s) 'tutorial_taskflow_api_virtualenv' retrieved from /home/airflow/.local/lib/python3.12/site-packages/airflow/example_dags/tutorial_taskflow_api_virtualenv.py
[2026-09-22T17:05:02.477+0000] {logging_mixin.py:188} INFO - [2026-09-22T17:05:02.477+0000] {dag.py:3089} INFO - Sync 1 DAGs
[2026-09-22T17:05:02.490+0000] {logging_mixin.py:188} INFO - [2026-09-22T17:05:02.490+0000] {dag.py:3947} INFO - Setting next_dagrun for tutorial_taskflow_api_virtualenv to None, run_after=None
[2026-09-22T17:05:02.511+0000] {processor.py:183} INFO - Processing /home/airflow/.local/lib/python3.12/site-packages/airflow/example_dags/tutorial_taskflow_api_virtualenv.py took 0.078 seconds
[2026-09-22T17:05:32.868+0000] {processor.py:161} INFO - Started process (PID=321) to work on /home/airflow/.local/lib/python3.12/site-packages/airflow/example_dags/tutorial_taskflow_api_virtualenv.py
[2026-09-22T17:05:32.869+0000] {processor.py:830} INFO - Processing file /home/airflow/.local/lib/python3.12/site-packages/airflow/example_dags/tutorial_taskflow_api_virtualenv.py for tasks to queue
[2026-09-22T17:05:32.871+0000] {logging_mixin.py:188} INFO - [2026-09-22T17:05:32.870+0000] {dagbag.py:545} INFO - Filling up the DagBag from /home/airflow/.local/lib/python3.12/site-packages/airflow/example_dags/tutorial_taskflow_api_virtualenv.py
[2026-09-22T17:05:32.879+0000] {processor.py:840} INFO - DAG(s) 'tutorial_taskflow_api_virtualenv' retrieved from /home/airflow/.local/lib/python3.12/site-packages/airflow/example_dags/tutorial_taskflow_api_virtualenv.py
[2026-09-22T17:05:32.898+0000] {logging_mixin.py:188} INFO - [2026-09-22T17:05:32.897+0000] {dag.py:3089} INFO - Sync 1 DAGs
[2026-09-22T17:05:32.909+0000] {logging_mixin.py:188} INFO - [2026-09-22T17:05:32.909+0000] {dag.py:3947} INFO - Setting next_dagrun for tutorial_taskflow_api_virtualenv to None, run_after=None
[2026-09-22T17:05:32.927+0000] {processor.py:183} INFO - Processing /home/airflow/.local/lib/python3.12/site-packages/airflow/example_dags/tutorial_taskflow_api_virtualenv.py took 0.065 seconds
[2026-09-22T17:06:03.160+0000] {processor.py:161} INFO - Started process (PID=379) to work on /home/airflow/.local/lib/python3.12/site-packages/airflow/example_dags/tutorial_taskflow_api_virtualenv.py
[2026-09-22T17:06:03.162+0000] {processor.py:830} INFO - Processing file /home/airflow/.local/lib/python3.12/site-packages/airflow/example_dags/tutorial_taskflow_api_virtualenv.py for tasks to queue
[2026-09-22T17:06:03.163+0000] {logging_mixin.py:188} INFO - [2026-09-22T17:06:03.163+0000] {dagbag.py:545} INFO - Filling up the DagBag from /home/airflow/.local/lib/python3.12/site-packages/airflow/example_dags/tutorial_taskflow_api_virtualenv.py
[2026-09-22T17:06:03.176+0000] {processor.py:840} INFO - DAG(s) 'tutorial_taskflow_api_virtualenv' retrieved from /home/airflow/.local/lib/python3.12/site-packages/airflow/example_dags/tutorial_taskflow_api_virtualenv.py
[2026-09-22T17:06:03.203+0000] {logging_mixin.py:188} INFO - [2026-09-22T17:06:03.202+0000] {dag.py:3089} INFO - Sync 1 DAGs
[2026-09-22T17:06:03.217+0000] {logging_mixin.py:188} INFO - [2026-09-22T17:06:03.217+0000] {dag.py:3947} INFO - Setting next_dagrun for tutorial_taskflow_api_virtualenv to None, run_after=None
[2026-09-22T17:06:03.245+0000] {processor.py:183} INFO - Processing /home/airflow/.local/lib/python3.12/site-packages/airflow/example_dags/tutorial_taskflow_api_virtualenv.py took 0.093 seconds
[2026-09-22T17:06:33.553+0000] {processor.py:161} INFO - Started process (PID=437) to work on /home/airflow/.local/lib/python3.12/site-packages/airflow/example_dags/tutorial_taskflow_api_virtualenv.py
[2026-09-22T17:06:33.554+0000] {processor.py:830} INFO - Processing file /home/airflow/.local/lib/python3.12/site-packages/airflow/example_dags/tutorial_taskflow_api_virtualenv.py for tasks to queue
[2026-09-22T17:06:33.556+0000] {logging_mixin.py:188} INFO - [2026-09-22T17:06:33.556+0000] {dagbag.py:545} INFO - Filling up the DagBag from /home/airflow/.local/lib/python3.12/site-packages/airflow/example_dags/tutorial_taskflow_api_virtualenv.py
[2026-09-22T17:06:33.565+0000] {processor.py:840} INFO - DAG(s) 'tutorial_taskflow_api_virtualenv' retrieved from /home/airflow/.local/lib/python3.12/site-packages/airflow/example_dags/tutorial_taskflow_api_virtualenv.py
[2026-09-22T17:06:33.586+0000] {logging_mixin.py:188} INFO - [2026-09-22T17:06:33.585+0000] {dag.py:3089} INFO - Sync 1 DAGs
[2026-09-22T17:06:33.595+0000] {logging_mixin.py:188} INFO - [2026-09-22T17:06:33.595+0000] {dag.py:3947} INFO - Setting next_dagrun for tutorial_taskflow_api_virtualenv to None, run_after=None
[2026-09-22T17:06:33.615+0000] {processor.py:183} INFO - Processing /home/airflow/.local/lib/python3.12/site-packages/airflow/example_dags/tutorial_taskflow_api_virtualenv.py took 0.069 seconds
[2026-09-22T17:07:03.926+0000] {processor.py:161} INFO - Started process (PID=495) to work on /home/airflow/.local/lib/python3.12/site-packages/airflow/example_dags/tutorial_taskflow_api_virtualenv.py
[2026-09-22T17:07:03.927+0000] {processor.py:830} INFO - Processing file /home/airflow/.local/lib/python3.12/site-packages/airflow/example_dags/tutorial_taskflow_api_virtualenv.py for tasks to queue
[2026-09-22T17:07:03.929+0000] {logging_mixin.py:188} INFO - [2026-09-22T17:07:03.929+0000] {dagbag.py:545} INFO - Filling up the DagBag from /home/airflow/.local/lib/python3.12/site-packages/airflow/example_dags/tutorial_taskflow_api_virtualenv.py
[2026-09-22T17:07:03.941+0000] {processor.py:840} INFO - DAG(s) 'tutorial_taskflow_api_virtualenv' retrieved from /home/airflow/.local/lib/python3.12/site-packages/airflow/example_dags/tutorial_taskflow_api_virtualenv.py
[2026-09-22T17:07:03.964+0000] {logging_mixin.py:188} INFO - [2026-09-22T17:07:03.964+0000] {dag.py:3089} INFO - Sync 1 DAGs
[2026-09-22T17:07:03.981+0000] {logging_mixin.py:188} INFO - [2026-09-22T17:07:03.981+0000] {dag.py:3947} INFO - Setting next_dagrun for tutorial_taskflow_api_virtualenv to None, run_after=None
[2026-09-22T17:07:04.015+0000] {processor.py:183} INFO - Processing /home/airflow/.local/lib/python3.12/site-packages/airflow/example_dags/tutorial_taskflow_api_virtualenv.py took 0.094 seconds
[2026-09-22T17:07:35.035+0000] {processor.py:161} INFO - Started process (PID=553) to work on /home/airflow/.local/lib/python3.12/site-packages/airflow/example_dags/tutorial_taskflow_api_virtualenv.py
[2026-09-22T17:07:35.036+0000] {processor.py:830} INFO - Processing file /home/airflow/.local/lib/python3.12/site-packages/airflow/example_dags/tutorial_taskflow_api_virtualenv.py for tasks to queue
[2026-09-22T17:07:35.038+0000] {logging_mixin.py:188} INFO - [2026-09-22T17:07:35.037+0000] {dagbag.py:545} INFO - Filling up the DagBag from /home/airflow/.local/lib/python3.12/site-packages/airflow/example_dags/tutorial_taskflow_api_virtualenv.py
[2026-09-22T17:07:35.046+0000] {processor.py:840} INFO - DAG(s) 'tutorial_taskflow_api_virtualenv' retrieved from /home/airflow/.local/lib/python3.12/site-packages/airflow/example_dags/tutorial_taskflow_api_virtualenv.py
[2026-09-22T17:07:35.062+0000] {logging_mixin.py:188} INFO - [2026-09-22T17:07:35.062+0000] {dag.py:3089} INFO - Sync 1 DAGs
[2026-09-22T17:07:35.073+0000] {logging_mixin.py:188} INFO - [2026-09-22T17:07:35.073+0000] {dag.py:3947} INFO - Setting next_dagrun for tutorial_taskflow_api_virtualenv to None, run_after=None
[2026-09-22T17:07:35.092+0000] {processor.py:183} INFO - Processing /home/airflow/.local/lib/python3.12/site-packages/airflow/example_dags/tutorial_taskflow_api_virtualenv.py took 0.063 seconds
[2026-09-22T17:08:05.281+0000] {processor.py:161} INFO - Started process (PID=611) to work on /home/airflow/.local/lib/python3.12/site-packages/airflow/example_dags/tutorial_taskflow_api_virtualenv.py
[2026-09-22T17:08:05.282+0000] {processor.py:830} INFO - Processing file /home/airflow/.local/lib/python3.12/site-packages/airflow/example_dags/tutorial_taskflow_api_virtualenv.py for tasks to queue
[2026-09-22T17:08:05.283+0000] {logging_mixin.py:188} INFO - [2026-09-22T17:08:05.283+0000] {dagbag.py:545} INFO - Filling up the DagBag from /home/airflow/.local/lib/python3.12/site-packages/airflow/example_dags/tutorial_taskflow_api_virtualenv.py
[2026-09-22T17:08:05.296+0000] {processor.py:840} INFO - DAG(s) 'tutorial_taskflow_api_virtualenv' retrieved from /home/airflow/.local/lib/python3.12/site-packages/airflow/example_dags/tutorial_taskflow_api_virtualenv.py
[2026-09-22T17:08:05.316+0000] {logging_mixin.py:188} INFO - [2026-09-22T17:08:05.315+0000] {dag.py:3089} INFO - Sync 1 DAGs
[2026-09-22T17:08:05.329+0000] {logging_mixin.py:188} INFO - [2026-09-22T17:08:05.328+0000] {dag.py:3947} INFO - Setting next_dagrun for tutorial_taskflow_api_virtualenv to None, run_after=None
[2026-09-22T17:08:05.350+0000] {processor.py:183} INFO - Processing /home/airflow/.local/lib/python3.12/site-packages/airflow/example_dags/tutorial_taskflow_api_virtualenv.py took 0.076 seconds
[2026-09-22T17:08:35.712+0000] {processor.py:161} INFO - Started process (PID=675) to work on /home/airflow/.local/lib/python3.12/site-packages/airflow/example_dags/tutorial_taskflow_api_virtualenv.py
[2026-09-22T17:08:35.713+0000] {processor.py:830} INFO - Processing file /home/airflow/.local/lib/python3.12/site-packages/airflow/example_dags/tutorial_taskflow_api_virtualenv.py for tasks to queue
[2026-09-22T17:08:35.715+0000] {logging_mixin.py:188} INFO - [2026-09-22T17:08:35.715+0000] {dagbag.py:545} INFO - Filling up the DagBag from /home/airflow/.local/lib/python3.12/site-packages/airflow/example_dags/tutorial_taskflow_api_virtualenv.py
[2026-09-22T17:08:35.724+0000] {processor.py:840} INFO - DAG(s) 'tutorial_taskflow_api_virtualenv' retrieved from /home/airflow/.local/lib/python3.12/site-packages/airflow/example_dags/tutorial_taskflow_api_virtualenv.py
[2026-09-22T17:08:35.742+0000] {logging_mixin.py:188} INFO - [2026-09-22T17:08:35.742+0000] {dag.py:3089} INFO - Sync 1 DAGs
[2026-09-22T17:08:35.752+0000] {logging_mixin.py:188} INFO - [2026-09-22T17:08:35.752+0000] {dag.py:3947} INFO - Setting next_dagrun for tutorial_taskflow_api_virtualenv to None, run_after=None
[2026-09-22T17:08:35.772+0000] {processor.py:183} INFO - Processing /home/airflow/.local/lib/python3.12/site-packages/airflow/example_dags/tutorial_taskflow_api_virtualenv.py took 0.065 seconds
[2026-09-22T17:09:05.836+0000] {processor.py:161} INFO - Started process (PID=733) to work on /home/airflow/.local/lib/python3.12/site-packages/airflow/example_dags/tutorial_taskflow_api_virtualenv.py
[2026-09-22T17:09:05.837+0000] {processor.py:830} INFO - Processing file /home/airflow/.local/lib/python3.12/site-packages/airflow/example_dags/tutorial_taskflow_api_virtualenv.py for tasks to queue
[2026-09-22T17:09:05.839+0000] {logging_mixin.py:188} INFO - [2026-09-22T17:09:05.839+0000] {dagbag.py:545} INFO - Filling up the DagBag from /home/airflow/.local/lib/python3.12/site-packages/airflow/example_dags/tutorial_taskflow_api_virtualenv.py
[2026-09-22T17:09:05.848+0000] {processor.py:840} INFO - DAG(s) 'tutorial_taskflow_api_virtualenv' retrieved from /home/airflow/.local/lib/python3.12/site-packages/airflow/example_dags/tutorial_taskflow_api_virtualenv.py
[2026-09-22T17:09:05.869+0000] {logging_mixin.py:188} INFO - [2026-09-22T17:09:05.869+0000] {dag.py:3089} INFO - Sync 1 DAGs
[2026-09-22T17:09:05.880+0000] {logging_mixin.py:188} INFO - [2026-09-22T17:09:05.880+0000] {dag.py:3947} INFO - Setting next_dagrun for tutorial_taskflow_api_virtualenv to None, run_after=None
[2026-09-22T17:09:05.901+0000] {processor.py:183} INFO - Processing /home/airflow/.local/lib/python3.12/site-packages/airflow/example_dags/tutorial_taskflow_api_virtualenv.py took 0.071 seconds
[2026-09-22T17:09:35.956+0000] {processor.py:161} INFO - Started process (PID=791) to work on /home/airflow/.local/lib/python3.12/site-packages/airflow/example_dags/tutorial_taskflow_api_virtualenv.py
[2026-09-22T17:09:35.957+0000] {processor.py:830} INFO - Processing file /home/airflow/.local/lib/python3.12/site-packages/airflow/example_dags/tutorial_taskflow_api_virtualenv.py for tasks to queue
[2026-09-22T17:09:35.959+0000] {logging_mixin.py:188} INFO - [2026-09-22T17:09:35.959+0000] {dagbag.py:545} INFO - Filling up the DagBag from /home/airflow/.local/lib/python3.12/site-packages/airflow/example_dags/tutorial_taskflow_api_virtualenv.py
[2026-09-22T17:09:35.968+0000] {processor.py:840} INFO - DAG(s) 'tutorial_taskflow_api_virtualenv' retrieved from /home/airflow/.local/lib/python3.12/site-packages/airflow/example_dags/tutorial_taskflow_api_virtualenv.py
[2026-09-22T17:09:35.985+0000] {logging_mixin.py:188} INFO - [2026-09-22T17:09:35.985+0000] {dag.py:3089} INFO - Sync 1 DAGs
[2026-09-22T17:09:35.994+0000] {logging_mixin.py:188} INFO - [2026-09-22T17:09:35.994+0000] {dag.py:3947} INFO - Setting next_dagrun for tutorial_taskflow_api_virtualenv to None, run_after=None
[2026-09-22T17:09:36.013+0000] {processor.py:183} INFO - Processing /home/airflow/.local/lib/python3.12/site-packages/airflow/example_dags/tutorial_taskflow_api_virtualenv.py took 0.061 seconds
[2026-09-22T17:10:06.359+0000] {processor.py:161} INFO - Started process (PID=849) to work on /home/airflow/.local/lib/python3.12/site-packages/airflow/example_dags/tutorial_taskflow_api_virtualenv.py
[2026-09-22T17:10:06.360+0000] {processor.py:830} INFO - Processing file /home/airflow/.local/lib/python3.12/site-packages/airflow/example_dags/tutorial_taskflow_api_virtualenv.py for tasks to queue
[2026-09-22T17:10:06.362+0000] {logging_mixin.py:188} INFO - [2026-09-22T17:10:06.361+0000] {dagbag.py:545} INFO - Filling up the DagBag from /home/airflow/.local/lib/python3.12/site-packages/airflow/example_dags/tutorial_taskflow_api_virtualenv.py
[2026-09-22T17:10:06.372+0000] {processor.py:840} INFO - DAG(s) 'tutorial_taskflow_api_virtualenv' retrieved from /home/airflow/.local/lib/python3.12/site-packages/airflow/example_dags/tutorial_taskflow_api_virtualenv.py
[2026-09-22T17:10:06.393+0000] {logging_mixin.py:188} INFO - [2026-09-22T17:10:06.393+0000] {dag.py:3089} INFO - Sync 1 DAGs
[2026-09-22T17:10:06.406+0000] {logging_mixin.py:188} INFO - [2026-09-22T17:10:06.405+0000] {dag.py:3947} INFO - Setting next_dagrun for tutorial_taskflow_api_virtualenv to None, run_after=None
[2026-09-22T17:10:06.428+0000] {processor.py:183} INFO - Processing /home/airflow/.local/lib/python3.12/site-packages/airflow/example_dags/tutorial_taskflow_api_virtualenv.py took 0.077 seconds
[2026-09-22T17:10:37.194+0000] {processor.py:161} INFO - Started process (PID=907) to work on /home/airflow/.local/lib/python3.12/site-packages/airflow/example_dags/tutorial_taskflow_api_virtualenv.py
[2026-09-22T17:10:37.195+0000] {processor.py:830} INFO - Processing file /home/airflow/.local/lib/python3.12/site-packages/airflow/example_dags/tutorial_taskflow_api_virtualenv.py for tasks to queue
[2026-09-22T17:10:37.197+0000] {logging_mixin.py:188} INFO - [2026-09-22T17:10:37.196+0000] {dagbag.py:545} INFO - Filling up the DagBag from /home/airflow/.local/lib/python3.12/site-packages/airflow/example_dags/tutorial_taskflow_api_virtualenv.py
[2026-09-22T17:10:37.206+0000] {processor.py:840} INFO - DAG(s) 'tutorial_taskflow_api_virtualenv' retrieved from /home/airflow/.local/lib/python3.12/site-packages/airflow/example_dags/tutorial_taskflow_api_virtualenv.py
[2026-09-22T17:10:37.226+0000] {logging_mixin.py:188} INFO - [2026-09-22T17:10:37.225+0000] {dag.py:3089} INFO - Sync 1 DAGs
[2026-09-22T17:10:37.238+0000] {logging_mixin.py:188} INFO - [2026-09-22T17:10:37.238+0000] {dag.py:3947} INFO - Setting next_dagrun for tutorial_taskflow_api_virtualenv to None, run_after=None
[2026-09-22T17:10:37.259+0000] {processor.py:183} INFO - Processing /home/airflow/.local/lib/python3.12/site-packages/airflow/example_dags/tutorial_taskflow_api_virtualenv.py took 0.070 seconds
[2026-09-22T17:11:07.671+0000] {processor.py:161} INFO - Started process (PID=965) to work on /home/airflow/.local/lib/python3.12/site-packages/airflow/example_dags/tutorial_taskflow_api_virtualenv.py
[2026-09-22T17:11:07.672+0000] {processor.py:830} INFO - Processing file /home/airflow/.local/lib/python3.12/site-packages/airflow/example_dags/tutorial_taskflow_api_virtualenv.py for tasks to queue
[2026-09-22T17:11:07.674+0000] {logging_mixin.py:188} INFO - [2026-09-22T17:11:07.673+0000] {dagbag.py:545} INFO - Filling up the DagBag from /home/airflow/.local/lib/python3.12/site-packages/airflow/example_dags/tutorial_taskflow_api_virtualenv.py
[2026-09-22T17:11:07.685+0000] {processor.py:840} INFO - DAG(s) 'tutorial_taskflow_api_virtualenv' retrieved from /home/airflow/.local/lib/python3.12/site-packages/airflow/example_dags/tutorial_taskflow_api_virtualenv.py
[2026-09-22T17:11:07.705+0000] {logging_mixin.py:188} INFO - [2026-09-22T17:11:07.705+0000] {dag.py:3089} INFO - Sync 1 DAGs
[2026-09-22T17:11:07.725+0000] {logging_mixin.py:188} INFO - [2026-09-22T17:11:07.724+0000] {dag.py:3947} INFO - Setting next_dagrun for tutorial_taskflow_api_virtualenv to None, run_after=None
[2026-09-22T17:11:07.746+0000] {processor.py:183} INFO - Processing /home/airflow/.local/lib/python3.12/site-packages/airflow/example_dags/tutorial_taskflow_api_virtualenv.py took 0.082 seconds
[2026-09-22T17:11:37.913+0000] {processor.py:161} INFO - Started process (PID=1023) to work on /home/airflow/.local/lib/python3.12/site-packages/airflow/example_dags/tutorial_taskflow_api_virtualenv.py
[2026-09-22T17:11:37.914+0000] {processor.py:830} INFO - Processing file /home/airflow/.local/lib/python3.12/site-packages/airflow/example_dags/tutorial_taskflow_api_virtualenv.py for tasks to queue
[2026-09-22T17:11:37.916+0000] {logging_mixin.py:188} INFO - [2026-09-22T17:11:37.916+0000] {dagbag.py:545} INFO - Filling up the DagBag from /home/airflow/.local/lib/python3.12/site-packages/airflow/example_dags/tutorial_taskflow_api_virtualenv.py
[2026-09-22T17:11:37.925+0000] {processor.py:840} INFO - DAG(s) 'tutorial_taskflow_api_virtualenv' retrieved from /home/airflow/.local/lib/python3.12/site-packages/airflow/example_dags/tutorial_taskflow_api_virtualenv.py
[2026-09-22T17:11:37.941+0000] {logging_mixin.py:188} INFO - [2026-09-22T17:11:37.941+0000] {dag.py:3089} INFO - Sync 1 DAGs
[2026-09-22T17:11:37.951+0000] {logging_mixin.py:188} INFO - [2026-09-22T17:11:37.951+0000] {dag.py:3947} INFO - Setting next_dagrun for tutorial_taskflow_api_virtualenv to None, run_after=None
[2026-09-22T17:11:37.972+0000] {processor.py:183} INFO - Processing /home/airflow/.local/lib/python3.12/site-packages/airflow/example_dags/tutorial_taskflow_api_virtualenv.py took 0.064 seconds
[2026-09-22T17:12:08.226+0000] {processor.py:161} INFO - Started process (PID=1081) to work on /home/airflow/.local/lib/python3.12/site-packages/airflow/example_dags/tutorial_taskflow_api_virtualenv.py
[2026-09-22T17:12:08.227+0000] {processor.py:830} INFO - Processing file /home/airflow/.local/lib/python3.12/site-packages/airflow/example_dags/tutorial_taskflow_api_virtualenv.py for tasks to queue
[2026-09-22T17:12:08.229+0000] {logging_mixin.py:188} INFO - [2026-09-22T17:12:08.229+0000] {dagbag.py:545} INFO - Filling up the DagBag from /home/airflow/.local/lib/python3.12/site-packages/airflow/example_dags/tutorial_taskflow_api_virtualenv.py
[2026-09-22T17:12:08.242+0000] {processor.py:840} INFO - DAG(s) 'tutorial_taskflow_api_virtualenv' retrieved from /home/airflow/.local/lib/python3.12/site-packages/airflow/example_dags/tutorial_taskflow_api_virtualenv.py
[2026-09-22T17:12:08.261+0000] {logging_mixin.py:188} INFO - [2026-09-22T17:12:08.261+0000] {dag.py:3089} INFO - Sync 1 DAGs
[2026-09-22T17:12:08.273+0000] {logging_mixin.py:188} INFO - [2026-09-22T17:12:08.273+0000] {dag.py:3947} INFO - Setting next_dagrun for tutorial_taskflow_api_virtualenv to None, run_after=None
[2026-09-22T17:12:08.295+0000] {processor.py:183} INFO - Processing /home/airflow/.local/lib/python3.12/site-packages/airflow/example_dags/tutorial_taskflow_api_virtualenv.py took 0.074 seconds
[2026-09-22T17:12:38.355+0000] {processor.py:161} INFO - Started process (PID=1139) to work on /home/airflow/.local/lib/python3.12/site-packages/airflow/example_dags/tutorial_taskflow_api_virtualenv.py
[2026-09-22T17:12:38.356+0000] {processor.py:830} INFO - Processing file /home/airflow/.local/lib/python3.12/site-packages/airflow/example_dags/tutorial_taskflow_api_virtualenv.py for tasks to queue
[2026-09-22T17:12:38.358+0000] {logging_mixin.py:188} INFO - [2026-09-22T17:12:38.358+0000] {dagbag.py:545} INFO - Filling up the DagBag from /home/airflow/.local/lib/python3.12/site-packages/airflow/example_dags/tutorial_taskflow_api_virtualenv.py
[2026-09-22T17:12:38.369+0000] {processor.py:840} INFO - DAG(s) 'tutorial_taskflow_api_virtualenv' retrieved from /home/airflow/.local/lib/python3.12/site-packages/airflow/example_dags/tutorial_taskflow_api_virtualenv.py
[2026-09-22T17:12:38.386+0000] {logging_mixin.py:188} INFO - [2026-09-22T17:12:38.385+0000] {dag.py:3089} INFO - Sync 1 DAGs
[2026-09-22T17:12:38.395+0000] {logging_mixin.py:188} INFO - [2026-09-22T17:12:38.395+0000] {dag.py:3947} INFO - Setting next_dagrun for tutorial_taskflow_api_virtualenv to None, run_after=None
[2026-09-22T17:12:38.412+0000] {processor.py:183} INFO - Processing /home/airflow/.local/lib/python3.12/site-packages/airflow/example_dags/tutorial_taskflow_api_virtualenv.py took 0.063 seconds
[2026-09-22T17:13:08.677+0000] {processor.py:161} INFO - Started process (PID=1197) to work on /home/airflow/.local/lib/python3.12/site-packages/airflow/example_dags/tutorial_taskflow_api_virtualenv.py
[2026-09-22T17:13:08.678+0000] {processor.py:830} INFO - Processing file /home/airflow/.local/lib/python3.12/site-packages/airflow/example_dags/tutorial_taskflow_api_virtualenv.py for tasks to queue
[2026-09-22T17:13:08.680+0000] {logging_mixin.py:188} INFO - [2026-09-22T17:13:08.679+0000] {dagbag.py:545} INFO - Filling up the DagBag from /home/airflow/.local/lib/python3.12/site-packages/airflow/example_dags/tutorial_taskflow_api_virtualenv.py
[2026-09-22T17:13:08.690+0000] {processor.py:840} INFO - DAG(s) 'tutorial_taskflow_api_virtualenv' retrieved from /home/airflow/.local/lib/python3.12/site-packages/airflow/example_dags/tutorial_taskflow_api_virtualenv.py
[2026-09-22T17:13:08.708+0000] {logging_mixin.py:188} INFO - [2026-09-22T17:13:08.708+0000] {dag.py:3089} INFO - Sync 1 DAGs
[2026-09-22T17:13:08.719+0000] {logging_mixin.py:188} INFO - [2026-09-22T17:13:08.719+0000] {dag.py:3947} INFO - Setting next_dagrun for tutorial_taskflow_api_virtualenv to None, run_after=None
[2026-09-22T17:13:08.738+0000] {processor.py:183} INFO - Processing /home/airflow/.local/lib/python3.12/site-packages/airflow/example_dags/tutorial_taskflow_api_virtualenv.py took 0.067 seconds
[2026-09-22T17:13:38.830+0000] {processor.py:161} INFO - Started process (PID=1255) to work on /home/airflow/.local/lib/python3.12/site-packages/airflow/example_dags/tutorial_taskflow_api_virtualenv.py
[2026-09-22T17:13:38.831+0000] {processor.py:830} INFO - Processing file /home/airflow/.local/lib/python3.12/site-packages/airflow/example_dags/tutorial_taskflow_api_virtualenv.py for tasks to queue
[2026-09-22T17:13:38.833+0000] {logging_mixin.py:188} INFO - [2026-09-22T17:13:38.832+0000] {dagbag.py:545} INFO - Filling up the DagBag from /home/airflow/.local/lib/python3.12/site-packages/airflow/example_dags/tutorial_taskflow_api_virtualenv.py
[2026-09-22T17:13:38.842+0000] {processor.py:840} INFO - DAG(s) 'tutorial_taskflow_api_virtualenv' retrieved from /home/airflow/.local/lib/python3.12/site-packages/airflow/example_dags/tutorial_taskflow_api_virtualenv.py
[2026-09-22T17:13:38.860+0000] {logging_mixin.py:188} INFO - [2026-09-22T17:13:38.860+0000] {dag.py:3089} INFO - Sync 1 DAGs
[2026-09-22T17:13:38.870+0000] {logging_mixin.py:188} INFO - [2026-09-22T17:13:38.870+0000] {dag.py:3947} INFO - Setting next_dagrun for tutorial_taskflow_api_virtualenv to None, run_after=None
[2026-09-22T17:13:38.888+0000] {processor.py:183} INFO - Processing /home/airflow/.local/lib/python3.12/site-packages/airflow/example_dags/tutorial_taskflow_api_virtualenv.py took 0.064 seconds
