[2026-09-22T16:19:30.550+0000] {processor.py:161} INFO - Started process (PID=85) to work on /home/airflow/.local/lib/python3.12/site-packages/airflow/example_dags/tutorial.py
[2026-09-22T16:19:30.561+0000] {processor.py:830} INFO - Processing file /home/airflow/.local/lib/python3.12/site-packages/airflow/example_dags/tutorial.py for tasks to queue
[2026-09-22T16:19:30.583+0000] {logging_mixin.py:188} INFO - [2026-09-22T16:19:30.582+0000] {dagbag.py:545} INFO - Filling up the DagBag from /home/airflow/.local/lib/python3.12/site-packages/airflow/example_dags/tutorial.py
[2026-09-22T16:19:30.600+0000] {processor.py:840} INFO - DAG(s) 'tutorial' retrieved from /home/airflow/.local/lib/python3.12/site-packages/airflow/example_dags/tutorial.py
[2026-09-22T16:19:30.855+0000] {logging_mixin.py:188} INFO - [2026-09-22T16:19:30.854+0000] {dag.py:3089} INFO - Sync 1 DAGs
[2026-09-22T16:19:30.891+0000] {logging_mixin.py:188} INFO - [2026-09-22T16:19:30.891+0000] {dag.py:3947} INFO - Setting next_dagrun for tutorial to 2026-09-21 00:00:00+00:00, run_after=2026-09-22 00:00:00+00:00
[2026-09-22T16:19:30.943+0000] {processor.py:183} INFO - Processing /home/airflow/.local/lib/python3.12/site-packages/airflow/example_dags/tutorial.py took 0.404 seconds
[2026-09-22T16:20:01.756+0000] {processor.py:161} INFO - Started process (PID=143) to work on /home/airflow/.local/lib/python3.12/site-packages/airflow/example_dags/tutorial.py
[2026-09-22T16:20:01.758+0000] {processor.py:830} INFO - Processing file /home/airflow/.local/lib/python3.12/site-packages/airflow/example_dags/tutorial.py for tasks to queue
[2026-09-22T16:20:01.762+0000] {logging_mixin.py:188} INFO - [2026-09-22T16:20:01.761+0000] {dagbag.py:545} INFO - Filling up the DagBag from /home/airflow/.local/lib/python3.12/site-packages/airflow/example_dags/tutorial.py
[2026-09-22T16:20:01.771+0000] {processor.py:840} INFO - DAG(s) 'tutorial' retrieved from /home/airflow/.local/lib/python3.12/site-packages/airflow/example_dags/tutorial.py
[2026-09-22T16:20:01.808+0000] {logging_mixin.py:188} INFO - [2026-09-22T16:20:01.807+0000] {dag.py:3089} INFO - Sync 1 DAGs
[2026-09-22T16:20:01.846+0000] {logging_mixin.py:188} INFO - [2026-09-22T16:20:01.846+0000] {dag.py:3947} INFO - Setting next_dagrun for tutorial to 2026-09-21 00:00:00+00:00, run_after=2026-09-22 00:00:00+00:00
[2026-09-22T16:20:01.885+0000] {processor.py:183} INFO - Processing /home/airflow/.local/lib/python3.12/site-packages/airflow/example_dags/tutorial.py took 0.138 seconds
[2026-09-22T16:20:32.204+0000] {processor.py:161} INFO - Started process (PID=200) to work on /home/airflow/.local/lib/python3.12/site-packages/airflow/example_dags/tutorial.py
[2026-09-22T16:20:32.206+0000] {processor.py:830} INFO - Processing file /home/airflow/.local/lib/python3.12/site-packages/airflow/example_dags/tutorial.py for tasks to queue
[2026-09-22T16:20:32.209+0000] {logging_mixin.py:188} INFO - [2026-09-22T16:20:32.209+0000] {dagbag.py:545} INFO - Filling up the DagBag from /home/airflow/.local/lib/python3.12/site-packages/airflow/example_dags/tutorial.py
[2026-09-22T16:20:32.222+0000] {processor.py:840} INFO - DAG(s) 'tutorial' retrieved from /home/airflow/.local/lib/python3.12/site-packages/airflow/example_dags/tutorial.py
[2026-09-22T16:20:32.261+0000] {logging_mixin.py:188} INFO - [2026-09-22T16:20:32.260+0000] {dag.py:3089} INFO - Sync 1 DAGs
[2026-09-22T16:20:32.302+0000] {logging_mixin.py:188} INFO - [2026-09-22T16:20:32.301+0000] {dag.py:3947} INFO - Setting next_dagrun for tutorial to 2026-09-21 00:00:00+00:00, run_after=2026-09-22 00:00:00+00:00
[2026-09-22T16:20:32.333+0000] {processor.py:183} INFO - Processing /home/airflow/.local/lib/python3.12/site-packages/airflow/example_dags/tutorial.py took 0.143 seconds
[2026-09-22T16:21:02.454+0000] {processor.py:161} INFO - Started process (PID=258) to work on /home/airflow/.local/lib/python3.12/site-packages/airflow/example_dags/tutorial.py
[2026-09-22T16:21:02.456+0000] {processor.py:830} INFO - Processing file /home/airflow/.local/lib/python3.12/site-packages/airflow/example_dags/tutorial.py for tasks to queue
[2026-09-22T16:21:02.459+0000] {logging_mixin.py:188} INFO - [2026-09-22T16:21:02.459+0000] {dagbag.py:545} INFO - Filling up the DagBag from /home/airflow/.local/lib/python3.12/site-packages/airflow/example_dags/tutorial.py
[2026-09-22T16:21:02.469+0000] {processor.py:840} INFO - DAG(s) 'tutorial' retrieved from /home/airflow/.local/lib/python3.12/site-packages/airflow/example_dags/tutorial.py
[2026-09-22T16:21:02.506+0000] {logging_mixin.py:188} INFO - [2026-09-22T16:21:02.506+0000] {dag.py:3089} INFO - Sync 1 DAGs
[2026-09-22T16:21:02.541+0000] {logging_mixin.py:188} INFO - [2026-09-22T16:21:02.540+0000] {dag.py:3947} INFO - Setting next_dagrun for tutorial to 2026-09-21 00:00:00+00:00, run_after=2026-09-22 00:00:00+00:00
[2026-09-22T16:21:02.572+0000] {processor.py:183} INFO - Processing /home/airflow/.local/lib/python3.12/site-packages/airflow/example_dags/tutorial.py took 0.128 seconds
[2026-09-22T16:21:32.747+0000] {processor.py:161} INFO - Started process (PID=316) to work on /home/airflow/.local/lib/python3.12/site-packages/airflow/example_dags/tutorial.py
[2026-09-22T16:21:32.749+0000] {processor.py:830} INFO - Processing file /home/airflow/.local/lib/python3.12/site-packages/airflow/example_dags/tutorial.py for tasks to queue
[2026-09-22T16:21:32.752+0000] {logging_mixin.py:188} INFO - [2026-09-22T16:21:32.751+0000] {dagbag.py:545} INFO - Filling up the DagBag from /home/airflow/.local/lib/python3.12/site-packages/airflow/example_dags/tutorial.py
[2026-09-22T16:21:32.762+0000] {processor.py:840} INFO - DAG(s) 'tutorial' retrieved from /home/airflow/.local/lib/python3.12/site-packages/airflow/example_dags/tutorial.py
[2026-09-22T16:21:32.790+0000] {logging_mixin.py:188} INFO - [2026-09-22T16:21:32.790+0000] {dag.py:3089} INFO - Sync 1 DAGs
[2026-09-22T16:21:32.817+0000] {logging_mixin.py:188} INFO - [2026-09-22T16:21:32.817+0000] {dag.py:3947} INFO - Setting next_dagrun for tutorial to 2026-09-21 00:00:00+00:00, run_after=2026-09-22 00:00:00+00:00
[2026-09-22T16:21:32.845+0000] {processor.py:183} INFO - Processing /home/airflow/.local/lib/python3.12/site-packages/airflow/example_dags/tutorial.py took 0.106 seconds
[2026-09-22T16:22:02.978+0000] {processor.py:161} INFO - Started process (PID=374) to work on /home/airflow/.local/lib/python3.12/site-packages/airflow/example_dags/tutorial.py
[2026-09-22T16:22:02.980+0000] {processor.py:830} INFO - Processing file /home/airflow/.local/lib/python3.12/site-packages/airflow/example_dags/tutorial.py for tasks to queue
[2026-09-22T16:22:02.983+0000] {logging_mixin.py:188} INFO - [2026-09-22T16:22:02.983+0000] {dagbag.py:545} INFO - Filling up the DagBag from /home/airflow/.local/lib/python3.12/site-packages/airflow/example_dags/tutorial.py
[2026-09-22T16:22:02.994+0000] {processor.py:840} INFO - DAG(s) 'tutorial' retrieved from /home/airflow/.local/lib/python3.12/site-packages/airflow/example_dags/tutorial.py
[2026-09-22T16:22:03.027+0000] {logging_mixin.py:188} INFO - [2026-09-22T16:22:03.027+0000] {dag.py:3089} INFO - Sync 1 DAGs
[2026-09-22T16:22:03.062+0000] {logging_mixin.py:188} INFO - [2026-09-22T16:22:03.062+0000] {dag.py:3947} INFO - Setting next_dagrun for tutorial to 2026-09-21 00:00:00+00:00, run_after=2026-09-22 00:00:00+00:00
[2026-09-22T16:22:03.138+0000] {processor.py:183} INFO - Processing /home/airflow/.local/lib/python3.12/site-packages/airflow/example_dags/tutorial.py took 0.168 seconds
[2026-09-22T16:22:33.880+0000] {processor.py:161} INFO - Started process (PID=432) to work on /home/airflow/.local/lib/python3.12/site-packages/airflow/example_dags/tutorial.py
[2026-09-22T16:22:33.883+0000] {processor.py:830} INFO - Processing file /home/airflow/.local/lib/python3.12/site-packages/airflow/example_dags/tutorial.py for tasks to queue
[2026-09-22T16:22:33.886+0000] {logging_mixin.py:188} INFO - [2026-09-22T16:22:33.886+0000] {dagbag.py:545} INFO - Filling up the DagBag from /home/airflow/.local/lib/python3.12/site-packages/airflow/example_dags/tutorial.py
[2026-09-22T16:22:33.897+0000] {processor.py:840} INFO - DAG(s) 'tutorial' retrieved from /home/airflow/.local/lib/python3.12/site-packages/airflow/example_dags/tutorial.py
[2026-09-22T16:22:33.933+0000] {logging_mixin.py:188} INFO - [2026-09-22T16:22:33.933+0000] {dag.py:3089} INFO - Sync 1 DAGs
[2026-09-22T16:22:33.977+0000] {logging_mixin.py:188} INFO - [2026-09-22T16:22:33.977+0000] {dag.py:3947} INFO - Setting next_dagrun for tutorial to 2026-09-21 00:00:00+00:00, run_after=2026-09-22 00:00:00+00:00
[2026-09-22T16:22:34.003+0000] {processor.py:183} INFO - Processing /home/airflow/.local/lib/python3.12/site-packages/airflow/example_dags/tutorial.py took 0.135 seconds
[2026-09-22T16:23:05.108+0000] {processor.py:161} INFO - Started process (PID=490) to work on /home/airflow/.local/lib/python3.12/site-packages/airflow/example_dags/tutorial.py
[2026-09-22T16:23:05.110+0000] {processor.py:830} INFO - Processing file /home/airflow/.local/lib/python3.12/site-packages/airflow/example_dags/tutorial.py for tasks to queue
[2026-09-22T16:23:05.112+0000] {logging_mixin.py:188} INFO - [2026-09-22T16:23:05.112+0000] {dagbag.py:545} INFO - Filling up the DagBag from /home/airflow/.local/lib/python3.12/site-packages/airflow/example_dags/tutorial.py
[2026-09-22T16:23:05.121+0000] {processor.py:840} INFO - DAG(s) 'tutorial' retrieved from /home/airflow/.local/lib/python3.12/site-packages/airflow/example_dags/tutorial.py
[2026-09-22T16:23:05.147+0000] {logging_mixin.py:188} INFO - [2026-09-22T16:23:05.147+0000] {dag.py:3089} INFO - Sync 1 DAGs
[2026-09-22T16:23:05.173+0000] {logging_mixin.py:188} INFO - [2026-09-22T16:23:05.173+0000] {dag.py:3947} INFO - Setting next_dagrun for tutorial to 2026-09-21 00:00:00+00:00, run_after=2026-09-22 00:00:00+00:00
[2026-09-22T16:23:05.196+0000] {processor.py:183} INFO - Processing /home/airflow/.local/lib/python3.12/site-packages/airflow/example_dags/tutorial.py took 0.098 seconds
[2026-09-22T16:23:35.606+0000] {processor.py:161} INFO - Started process (PID=548) to work on /home/airflow/.local/lib/python3.12/site-packages/airflow/example_dags/tutorial.py
[2026-09-22T16:23:35.607+0000] {processor.py:830} INFO - Processing file /home/airflow/.local/lib/python3.12/site-packages/airflow/example_dags/tutorial.py for tasks to queue
[2026-09-22T16:23:35.610+0000] {logging_mixin.py:188} INFO - [2026-09-22T16:23:35.609+0000] {dagbag.py:545} INFO - Filling up the DagBag from /home/airflow/.local/lib/python3.12/site-packages/airflow/example_dags/tutorial.py
[2026-09-22T16:23:35.619+0000] {processor.py:840} INFO - DAG(s) 'tutorial' retrieved from /home/airflow/.local/lib/python3.12/site-packages/airflow/example_dags/tutorial.py
[2026-09-22T16:23:35.647+0000] {logging_mixin.py:188} INFO - [2026-09-22T16:23:35.646+0000] {dag.py:3089} INFO - Sync 1 DAGs
[2026-09-22T16:23:35.675+0000] {logging_mixin.py:188} INFO - [2026-09-22T16:23:35.675+0000] {dag.py:3947} INFO - Setting next_dagrun for tutorial to 2026-09-21 00:00:00+00:00, run_after=2026-09-22 00:00:00+00:00
[2026-09-22T16:23:35.765+0000] {processor.py:183} INFO - Processing /home/airflow/.local/lib/python3.12/site-packages/airflow/example_dags/tutorial.py took 0.169 seconds
[2026-09-22T16:24:05.905+0000] {processor.py:161} INFO - Started process (PID=606) to work on /home/airflow/.local/lib/python3.12/site-packages/airflow/example_dags/tutorial.py
[2026-09-22T16:24:05.906+0000] {processor.py:830} INFO - Processing file /home/airflow/.local/lib/python3.12/site-packages/airflow/example_dags/tutorial.py for tasks to queue
[2026-09-22T16:24:05.909+0000] {logging_mixin.py:188} INFO - [2026-09-22T16:24:05.909+0000] {dagbag.py:545} INFO - Filling up the DagBag from /home/airflow/.local/lib/python3.12/site-packages/airflow/example_dags/tutorial.py
[2026-09-22T16:24:05.918+0000] {processor.py:840} INFO - DAG(s) 'tutorial' retrieved from /home/airflow/.local/lib/python3.12/site-packages/airflow/example_dags/tutorial.py
[2026-09-22T16:24:05.945+0000] {logging_mixin.py:188} INFO - [2026-09-22T16:24:05.945+0000] {dag.py:3089} INFO - Sync 1 DAGs
[2026-09-22T16:24:05.975+0000] {logging_mixin.py:188} INFO - [2026-09-22T16:24:05.975+0000] {dag.py:3947} INFO - Setting next_dagrun for tutorial to 2026-09-21 00:00:00+00:00, run_after=2026-09-22 00:00:00+00:00
[2026-09-22T16:24:06.006+0000] {processor.py:183} INFO - Processing /home/airflow/.local/lib/python3.12/site-packages/airflow/example_dags/tutorial.py took 0.112 seconds
[2026-09-22T16:24:36.121+0000] {processor.py:161} INFO - Started process (PID=664) to work on /home/airflow/.local/lib/python3.12/site-packages/airflow/example_dags/tutorial.py
[2026-09-22T16:24:36.122+0000] {processor.py:830} INFO - Processing file /home/airflow/.local/lib/python3.12/site-packages/airflow/example_dags/tutorial.py for tasks to queue
[2026-09-22T16:24:36.125+0000] {logging_mixin.py:188} INFO - [2026-09-22T16:24:36.125+0000] {dagbag.py:545} INFO - Filling up the DagBag from /home/airflow/.local/lib/python3.12/site-packages/airflow/example_dags/tutorial.py
[2026-09-22T16:24:36.133+0000] {processor.py:840} INFO - DAG(s) 'tutorial' retrieved from /home/airflow/.local/lib/python3.12/site-packages/airflow/example_dags/tutorial.py
[2026-09-22T16:24:36.160+0000] {logging_mixin.py:188} INFO - [2026-09-22T16:24:36.160+0000] {dag.py:3089} INFO - Sync 1 DAGs
[2026-09-22T16:24:36.188+0000] {logging_mixin.py:188} INFO - [2026-09-22T16:24:36.187+0000] {dag.py:3947} INFO - Setting next_dagrun for tutorial to 2026-09-21 00:00:00+00:00, run_after=2026-09-22 00:00:00+00:00
[2026-09-22T16:24:36.215+0000] {processor.py:183} INFO - Processing /home/airflow/.local/lib/python3.12/site-packages/airflow/example_dags/tutorial.py took 0.104 seconds
[2026-09-22T16:25:06.529+0000] {processor.py:161} INFO - Started process (PID=722) to work on /home/airflow/.local/lib/python3.12/site-packages/airflow/example_dags/tutorial.py
[2026-09-22T16:25:06.531+0000] {processor.py:830} INFO - Processing file /home/airflow/.local/lib/python3.12/site-packages/airflow/example_dags/tutorial.py for tasks to queue
[2026-09-22T16:25:06.533+0000] {logging_mixin.py:188} INFO - [2026-09-22T16:25:06.533+0000] {dagbag.py:545} INFO - Filling up the DagBag from /home/airflow/.local/lib/python3.12/site-packages/airflow/example_dags/tutorial.py
[2026-09-22T16:25:06.541+0000] {processor.py:840} INFO - DAG(s) 'tutorial' retrieved from /home/airflow/.local/lib/python3.12/site-packages/airflow/example_dags/tutorial.py
[2026-09-22T16:25:06.570+0000] {logging_mixin.py:188} INFO - [2026-09-22T16:25:06.570+0000] {dag.py:3089} INFO - Sync 1 DAGs
[2026-09-22T16:25:06.608+0000] {logging_mixin.py:188} INFO - [2026-09-22T16:25:06.607+0000] {dag.py:3947} INFO - Setting next_dagrun for tutorial to 2026-09-21 00:00:00+00:00, run_after=2026-09-22 00:00:00+00:00
[2026-09-22T16:25:06.680+0000] {processor.py:183} INFO - Processing /home/airflow/.local/lib/python3.12/site-packages/airflow/example_dags/tutorial.py took 0.158 seconds
[2026-09-22T16:25:36.916+0000] {processor.py:161} INFO - Started process (PID=780) to work on /home/airflow/.local/lib/python3.12/site-packages/airflow/example_dags/tutorial.py
[2026-09-22T16:25:36.918+0000] {processor.py:830} INFO - Processing file /home/airflow/.local/lib/python3.12/site-packages/airflow/example_dags/tutorial.py for tasks to queue
[2026-09-22T16:25:36.921+0000] {logging_mixin.py:188} INFO - [2026-09-22T16:25:36.921+0000] {dagbag.py:545} INFO - Filling up the DagBag from /home/airflow/.local/lib/python3.12/site-packages/airflow/example_dags/tutorial.py
[2026-09-22T16:25:36.931+0000] {processor.py:840} INFO - DAG(s) 'tutorial' retrieved from /home/airflow/.local/lib/python3.12/site-packages/airflow/example_dags/tutorial.py
[2026-09-22T16:25:36.964+0000] {logging_mixin.py:188} INFO - [2026-09-22T16:25:36.963+0000] {dag.py:3089} INFO - Sync 1 DAGs
[2026-09-22T16:25:36.996+0000] {logging_mixin.py:188} INFO - [2026-09-22T16:25:36.995+0000] {dag.py:3947} INFO - Setting next_dagrun for tutorial to 2026-09-21 00:00:00+00:00, run_after=2026-09-22 00:00:00+00:00
[2026-09-22T16:25:37.067+0000] {processor.py:183} INFO - Processing /home/airflow/.local/lib/python3.12/site-packages/airflow/example_dags/tutorial.py took 0.160 seconds
[2026-09-22T16:26:07.647+0000] {processor.py:161} INFO - Started process (PID=838) to work on /home/airflow/.local/lib/python3.12/site-packages/airflow/example_dags/tutorial.py
[2026-09-22T16:26:07.649+0000] {processor.py:830} INFO - Processing file /home/airflow/.local/lib/python3.12/site-packages/airflow/example_dags/tutorial.py for tasks to queue
[2026-09-22T16:26:07.654+0000] {logging_mixin.py:188} INFO - [2026-09-22T16:26:07.654+0000] {dagbag.py:545} INFO - Filling up the DagBag from /home/airflow/.local/lib/python3.12/site-packages/airflow/example_dags/tutorial.py
[2026-09-22T16:26:07.662+0000] {processor.py:840} INFO - DAG(s) 'tutorial' retrieved from /home/airflow/.local/lib/python3.12/site-packages/airflow/example_dags/tutorial.py
[2026-09-22T16:26:07.684+0000] {logging_mixin.py:188} INFO - [2026-09-22T16:26:07.684+0000] {dag.py:3089} INFO - Sync 1 DAGs
[2026-09-22T16:26:07.709+0000] {logging_mixin.py:188} INFO - [2026-09-22T16:26:07.709+0000] {dag.py:3947} INFO - Setting next_dagrun for tutorial to 2026-09-21 00:00:00+00:00, run_after=2026-09-22 00:00:00+00:00
[2026-09-22T16:26:07.742+0000] {processor.py:183} INFO - Processing /home/airflow/.local/lib/python3.12/site-packages/airflow/example_dags/tutorial.py took 0.103 seconds
[2026-09-22T16:26:38.044+0000] {processor.py:161} INFO - Started process (PID=896) to work on /home/airflow/.local/lib/python3.12/site-packages/airflow/example_dags/tutorial.py
[2026-09-22T16:26:38.046+0000] {processor.py:830} INFO - Processing file /home/airflow/.local/lib/python3.12/site-packages/airflow/example_dags/tutorial.py for tasks to queue
[2026-09-22T16:26:38.048+0000] {logging_mixin.py:188} INFO - [2026-09-22T16:26:38.048+0000] {dagbag.py:545} INFO - Filling up the DagBag from /home/airflow/.local/lib/python3.12/site-packages/airflow/example_dags/tutorial.py
[2026-09-22T16:26:38.056+0000] {processor.py:840} INFO - DAG(s) 'tutorial' retrieved from /home/airflow/.local/lib/python3.12/site-packages/airflow/example_dags/tutorial.py
[2026-09-22T16:26:38.086+0000] {logging_mixin.py:188} INFO - [2026-09-22T16:26:38.085+0000] {dag.py:3089} INFO - Sync 1 DAGs
[2026-09-22T16:26:38.118+0000] {logging_mixin.py:188} INFO - [2026-09-22T16:26:38.118+0000] {dag.py:3947} INFO - Setting next_dagrun for tutorial to 2026-09-21 00:00:00+00:00, run_after=2026-09-22 00:00:00+00:00
[2026-09-22T16:26:38.149+0000] {processor.py:183} INFO - Processing /home/airflow/.local/lib/python3.12/site-packages/airflow/example_dags/tutorial.py took 0.115 seconds
[2026-09-22T16:27:08.566+0000] {processor.py:161} INFO - Started process (PID=954) to work on /home/airflow/.local/lib/python3.12/site-packages/airflow/example_dags/tutorial.py
[2026-09-22T16:27:08.567+0000] {processor.py:830} INFO - Processing file /home/airflow/.local/lib/python3.12/site-packages/airflow/example_dags/tutorial.py for tasks to queue
[2026-09-22T16:27:08.572+0000] {logging_mixin.py:188} INFO - [2026-09-22T16:27:08.571+0000] {dagbag.py:545} INFO - Filling up the DagBag from /home/airflow/.local/lib/python3.12/site-packages/airflow/example_dags/tutorial.py
[2026-09-22T16:27:08.582+0000] {processor.py:840} INFO - DAG(s) 'tutorial' retrieved from /home/airflow/.local/lib/python3.12/site-packages/airflow/example_dags/tutorial.py
[2026-09-22T16:27:08.607+0000] {logging_mixin.py:188} INFO - [2026-09-22T16:27:08.607+0000] {dag.py:3089} INFO - Sync 1 DAGs
[2026-09-22T16:27:08.640+0000] {logging_mixin.py:188} INFO - [2026-09-22T16:27:08.640+0000] {dag.py:3947} INFO - Setting next_dagrun for tutorial to 2026-09-21 00:00:00+00:00, run_after=2026-09-22 00:00:00+00:00
[2026-09-22T16:27:08.731+0000] {processor.py:183} INFO - Processing /home/airflow/.local/lib/python3.12/site-packages/airflow/example_dags/tutorial.py took 0.178 seconds
[2026-09-22T16:27:39.650+0000] {processor.py:161} INFO - Started process (PID=1012) to work on /home/airflow/.local/lib/python3.12/site-packages/airflow/example_dags/tutorial.py
[2026-09-22T16:27:39.652+0000] {processor.py:830} INFO - Processing file /home/airflow/.local/lib/python3.12/site-packages/airflow/example_dags/tutorial.py for tasks to queue
[2026-09-22T16:27:39.655+0000] {logging_mixin.py:188} INFO - [2026-09-22T16:27:39.655+0000] {dagbag.py:545} INFO - Filling up the DagBag from /home/airflow/.local/lib/python3.12/site-packages/airflow/example_dags/tutorial.py
[2026-09-22T16:27:39.663+0000] {processor.py:840} INFO - DAG(s) 'tutorial' retrieved from /home/airflow/.local/lib/python3.12/site-packages/airflow/example_dags/tutorial.py
[2026-09-22T16:27:39.697+0000] {logging_mixin.py:188} INFO - [2026-09-22T16:27:39.697+0000] {dag.py:3089} INFO - Sync 1 DAGs
[2026-09-22T16:27:39.741+0000] {logging_mixin.py:188} INFO - [2026-09-22T16:27:39.741+0000] {dag.py:3947} INFO - Setting next_dagrun for tutorial to 2026-09-21 00:00:00+00:00, run_after=2026-09-22 00:00:00+00:00
[2026-09-22T16:27:39.800+0000] {processor.py:183} INFO - Processing /home/airflow/.local/lib/python3.12/site-packages/airflow/example_dags/tutorial.py took 0.159 seconds
[2026-09-22T16:28:10.242+0000] {processor.py:161} INFO - Started process (PID=1070) to work on /home/airflow/.local/lib/python3.12/site-packages/airflow/example_dags/tutorial.py
[2026-09-22T16:28:10.244+0000] {processor.py:830} INFO - Processing file /home/airflow/.local/lib/python3.12/site-packages/airflow/example_dags/tutorial.py for tasks to queue
[2026-09-22T16:28:10.248+0000] {logging_mixin.py:188} INFO - [2026-09-22T16:28:10.248+0000] {dagbag.py:545} INFO - Filling up the DagBag from /home/airflow/.local/lib/python3.12/site-packages/airflow/example_dags/tutorial.py
[2026-09-22T16:28:10.258+0000] {processor.py:840} INFO - DAG(s) 'tutorial' retrieved from /home/airflow/.local/lib/python3.12/site-packages/airflow/example_dags/tutorial.py
[2026-09-22T16:28:10.295+0000] {logging_mixin.py:188} INFO - [2026-09-22T16:28:10.295+0000] {dag.py:3089} INFO - Sync 1 DAGs
[2026-09-22T16:28:10.330+0000] {logging_mixin.py:188} INFO - [2026-09-22T16:28:10.330+0000] {dag.py:3947} INFO - Setting next_dagrun for tutorial to 2026-09-21 00:00:00+00:00, run_after=2026-09-22 00:00:00+00:00
[2026-09-22T16:28:10.365+0000] {processor.py:183} INFO - Processing /home/airflow/.local/lib/python3.12/site-packages/airflow/example_dags/tutorial.py took 0.136 seconds
[2026-09-22T16:28:41.368+0000] {processor.py:161} INFO - Started process (PID=1128) to work on /home/airflow/.local/lib/python3.12/site-packages/airflow/example_dags/tutorial.py
[2026-09-22T16:28:41.370+0000] {processor.py:830} INFO - Processing file /home/airflow/.local/lib/python3.12/site-packages/airflow/example_dags/tutorial.py for tasks to queue
[2026-09-22T16:28:41.372+0000] {logging_mixin.py:188} INFO - [2026-09-22T16:28:41.372+0000] {dagbag.py:545} INFO - Filling up the DagBag from /home/airflow/.local/lib/python3.12/site-packages/airflow/example_dags/tutorial.py
[2026-09-22T16:28:41.380+0000] {processor.py:840} INFO - DAG(s) 'tutorial' retrieved from /home/airflow/.local/lib/python3.12/site-packages/airflow/example_dags/tutorial.py
[2026-09-22T16:28:41.406+0000] {logging_mixin.py:188} INFO - [2026-09-22T16:28:41.406+0000] {dag.py:3089} INFO - Sync 1 DAGs
[2026-09-22T16:28:41.433+0000] {logging_mixin.py:188} INFO - [2026-09-22T16:28:41.433+0000] {dag.py:3947} INFO - Setting next_dagrun for tutorial to 2026-09-21 00:00:00+00:00, run_after=2026-09-22 00:00:00+00:00
[2026-09-22T16:28:41.522+0000] {processor.py:183} INFO - Processing /home/airflow/.local/lib/python3.12/site-packages/airflow/example_dags/tutorial.py took 0.164 seconds
[2026-09-22T16:29:11.811+0000] {processor.py:161} INFO - Started process (PID=1186) to work on /home/airflow/.local/lib/python3.12/site-packages/airflow/example_dags/tutorial.py
[2026-09-22T16:29:11.814+0000] {processor.py:830} INFO - Processing file /home/airflow/.local/lib/python3.12/site-packages/airflow/example_dags/tutorial.py for tasks to queue
[2026-09-22T16:29:11.819+0000] {logging_mixin.py:188} INFO - [2026-09-22T16:29:11.818+0000] {dagbag.py:545} INFO - Filling up the DagBag from /home/airflow/.local/lib/python3.12/site-packages/airflow/example_dags/tutorial.py
[2026-09-22T16:29:11.829+0000] {processor.py:840} INFO - DAG(s) 'tutorial' retrieved from /home/airflow/.local/lib/python3.12/site-packages/airflow/example_dags/tutorial.py
[2026-09-22T16:29:11.862+0000] {logging_mixin.py:188} INFO - [2026-09-22T16:29:11.861+0000] {dag.py:3089} INFO - Sync 1 DAGs
[2026-09-22T16:29:11.895+0000] {logging_mixin.py:188} INFO - [2026-09-22T16:29:11.895+0000] {dag.py:3947} INFO - Setting next_dagrun for tutorial to 2026-09-21 00:00:00+00:00, run_after=2026-09-22 00:00:00+00:00
[2026-09-22T16:29:11.926+0000] {processor.py:183} INFO - Processing /home/airflow/.local/lib/python3.12/site-packages/airflow/example_dags/tutorial.py took 0.126 seconds
[2026-09-22T16:29:42.422+0000] {processor.py:161} INFO - Started process (PID=1243) to work on /home/airflow/.local/lib/python3.12/site-packages/airflow/example_dags/tutorial.py
[2026-09-22T16:29:42.424+0000] {processor.py:830} INFO - Processing file /home/airflow/.local/lib/python3.12/site-packages/airflow/example_dags/tutorial.py for tasks to queue
[2026-09-22T16:29:42.427+0000] {logging_mixin.py:188} INFO - [2026-09-22T16:29:42.427+0000] {dagbag.py:545} INFO - Filling up the DagBag from /home/airflow/.local/lib/python3.12/site-packages/airflow/example_dags/tutorial.py
[2026-09-22T16:29:42.436+0000] {processor.py:840} INFO - DAG(s) 'tutorial' retrieved from /home/airflow/.local/lib/python3.12/site-packages/airflow/example_dags/tutorial.py
[2026-09-22T16:29:42.467+0000] {logging_mixin.py:188} INFO - [2026-09-22T16:29:42.467+0000] {dag.py:3089} INFO - Sync 1 DAGs
[2026-09-22T16:29:42.497+0000] {logging_mixin.py:188} INFO - [2026-09-22T16:29:42.497+0000] {dag.py:3947} INFO - Setting next_dagrun for tutorial to 2026-09-21 00:00:00+00:00, run_after=2026-09-22 00:00:00+00:00
[2026-09-22T16:29:42.580+0000] {processor.py:183} INFO - Processing /home/airflow/.local/lib/python3.12/site-packages/airflow/example_dags/tutorial.py took 0.168 seconds
[2026-09-22T16:30:12.714+0000] {processor.py:161} INFO - Started process (PID=1301) to work on /home/airflow/.local/lib/python3.12/site-packages/airflow/example_dags/tutorial.py
[2026-09-22T16:30:12.716+0000] {processor.py:830} INFO - Processing file /home/airflow/.local/lib/python3.12/site-packages/airflow/example_dags/tutorial.py for tasks to queue
[2026-09-22T16:30:12.720+0000] {logging_mixin.py:188} INFO - [2026-09-22T16:30:12.719+0000] {dagbag.py:545} INFO - Filling up the DagBag from /home/airflow/.local/lib/python3.12/site-packages/airflow/example_dags/tutorial.py
[2026-09-22T16:30:12.729+0000] {processor.py:840} INFO - DAG(s) 'tutorial' retrieved from /home/airflow/.local/lib/python3.12/site-packages/airflow/example_dags/tutorial.py
[2026-09-22T16:30:12.759+0000] {logging_mixin.py:188} INFO - [2026-09-22T16:30:12.758+0000] {dag.py:3089} INFO - Sync 1 DAGs
[2026-09-22T16:30:12.792+0000] {logging_mixin.py:188} INFO - [2026-09-22T16:30:12.792+0000] {dag.py:3947} INFO - Setting next_dagrun for tutorial to 2026-09-21 00:00:00+00:00, run_after=2026-09-22 00:00:00+00:00
[2026-09-22T16:30:12.820+0000] {processor.py:183} INFO - Processing /home/airflow/.local/lib/python3.12/site-packages/airflow/example_dags/tutorial.py took 0.115 seconds
[2026-09-22T16:30:42.939+0000] {processor.py:161} INFO - Started process (PID=1359) to work on /home/airflow/.local/lib/python3.12/site-packages/airflow/example_dags/tutorial.py
[2026-09-22T16:30:42.941+0000] {processor.py:830} INFO - Processing file /home/airflow/.local/lib/python3.12/site-packages/airflow/example_dags/tutorial.py for tasks to queue
[2026-09-22T16:30:42.945+0000] {logging_mixin.py:188} INFO - [2026-09-22T16:30:42.944+0000] {dagbag.py:545} INFO - Filling up the DagBag from /home/airflow/.local/lib/python3.12/site-packages/airflow/example_dags/tutorial.py
[2026-09-22T16:30:42.956+0000] {processor.py:840} INFO - DAG(s) 'tutorial' retrieved from /home/airflow/.local/lib/python3.12/site-packages/airflow/example_dags/tutorial.py
[2026-09-22T16:30:42.997+0000] {logging_mixin.py:188} INFO - [2026-09-22T16:30:42.996+0000] {dag.py:3089} INFO - Sync 1 DAGs
[2026-09-22T16:30:43.040+0000] {logging_mixin.py:188} INFO - [2026-09-22T16:30:43.039+0000] {dag.py:3947} INFO - Setting next_dagrun for tutorial to 2026-09-21 00:00:00+00:00, run_after=2026-09-22 00:00:00+00:00
[2026-09-22T16:30:43.132+0000] {processor.py:183} INFO - Processing /home/airflow/.local/lib/python3.12/site-packages/airflow/example_dags/tutorial.py took 0.208 seconds
[2026-09-22T16:31:13.264+0000] {processor.py:161} INFO - Started process (PID=1417) to work on /home/airflow/.local/lib/python3.12/site-packages/airflow/example_dags/tutorial.py
[2026-09-22T16:31:13.266+0000] {processor.py:830} INFO - Processing file /home/airflow/.local/lib/python3.12/site-packages/airflow/example_dags/tutorial.py for tasks to queue
[2026-09-22T16:31:13.270+0000] {logging_mixin.py:188} INFO - [2026-09-22T16:31:13.269+0000] {dagbag.py:545} INFO - Filling up the DagBag from /home/airflow/.local/lib/python3.12/site-packages/airflow/example_dags/tutorial.py
[2026-09-22T16:31:13.281+0000] {processor.py:840} INFO - DAG(s) 'tutorial' retrieved from /home/airflow/.local/lib/python3.12/site-packages/airflow/example_dags/tutorial.py
[2026-09-22T16:31:13.320+0000] {logging_mixin.py:188} INFO - [2026-09-22T16:31:13.319+0000] {dag.py:3089} INFO - Sync 1 DAGs
[2026-09-22T16:31:13.358+0000] {logging_mixin.py:188} INFO - [2026-09-22T16:31:13.357+0000] {dag.py:3947} INFO - Setting next_dagrun for tutorial to 2026-09-21 00:00:00+00:00, run_after=2026-09-22 00:00:00+00:00
[2026-09-22T16:31:13.388+0000] {processor.py:183} INFO - Processing /home/airflow/.local/lib/python3.12/site-packages/airflow/example_dags/tutorial.py took 0.135 seconds
[2026-09-22T16:31:43.553+0000] {processor.py:161} INFO - Started process (PID=1475) to work on /home/airflow/.local/lib/python3.12/site-packages/airflow/example_dags/tutorial.py
[2026-09-22T16:31:43.555+0000] {processor.py:830} INFO - Processing file /home/airflow/.local/lib/python3.12/site-packages/airflow/example_dags/tutorial.py for tasks to queue
[2026-09-22T16:31:43.558+0000] {logging_mixin.py:188} INFO - [2026-09-22T16:31:43.558+0000] {dagbag.py:545} INFO - Filling up the DagBag from /home/airflow/.local/lib/python3.12/site-packages/airflow/example_dags/tutorial.py
[2026-09-22T16:31:43.571+0000] {processor.py:840} INFO - DAG(s) 'tutorial' retrieved from /home/airflow/.local/lib/python3.12/site-packages/airflow/example_dags/tutorial.py
[2026-09-22T16:31:43.608+0000] {logging_mixin.py:188} INFO - [2026-09-22T16:31:43.607+0000] {dag.py:3089} INFO - Sync 1 DAGs
[2026-09-22T16:31:43.639+0000] {logging_mixin.py:188} INFO - [2026-09-22T16:31:43.639+0000] {dag.py:3947} INFO - Setting next_dagrun for tutorial to 2026-09-21 00:00:00+00:00, run_after=2026-09-22 00:00:00+00:00
[2026-09-22T16:31:43.670+0000] {processor.py:183} INFO - Processing /home/airflow/.local/lib/python3.12/site-packages/airflow/example_dags/tutorial.py took 0.126 seconds
[2026-09-22T16:32:14.646+0000] {processor.py:161} INFO - Started process (PID=1533) to work on /home/airflow/.local/lib/python3.12/site-packages/airflow/example_dags/tutorial.py
[2026-09-22T16:32:14.648+0000] {processor.py:830} INFO - Processing file /home/airflow/.local/lib/python3.12/site-packages/airflow/example_dags/tutorial.py for tasks to queue
[2026-09-22T16:32:14.651+0000] {logging_mixin.py:188} INFO - [2026-09-22T16:32:14.651+0000] {dagbag.py:545} INFO - Filling up the DagBag from /home/airflow/.local/lib/python3.12/site-packages/airflow/example_dags/tutorial.py
[2026-09-22T16:32:14.660+0000] {processor.py:840} INFO - DAG(s) 'tutorial' retrieved from /home/airflow/.local/lib/python3.12/site-packages/airflow/example_dags/tutorial.py
[2026-09-22T16:32:14.685+0000] {logging_mixin.py:188} INFO - [2026-09-22T16:32:14.685+0000] {dag.py:3089} INFO - Sync 1 DAGs
[2026-09-22T16:32:14.713+0000] {logging_mixin.py:188} INFO - [2026-09-22T16:32:14.713+0000] {dag.py:3947} INFO - Setting next_dagrun for tutorial to 2026-09-21 00:00:00+00:00, run_after=2026-09-22 00:00:00+00:00
[2026-09-22T16:32:14.792+0000] {processor.py:183} INFO - Processing /home/airflow/.local/lib/python3.12/site-packages/airflow/example_dags/tutorial.py took 0.155 seconds
[2026-09-22T16:32:45.627+0000] {processor.py:161} INFO - Started process (PID=1591) to work on /home/airflow/.local/lib/python3.12/site-packages/airflow/example_dags/tutorial.py
[2026-09-22T16:32:45.628+0000] {processor.py:830} INFO - Processing file /home/airflow/.local/lib/python3.12/site-packages/airflow/example_dags/tutorial.py for tasks to queue
[2026-09-22T16:32:45.631+0000] {logging_mixin.py:188} INFO - [2026-09-22T16:32:45.630+0000] {dagbag.py:545} INFO - Filling up the DagBag from /home/airflow/.local/lib/python3.12/site-packages/airflow/example_dags/tutorial.py
[2026-09-22T16:32:45.640+0000] {processor.py:840} INFO - DAG(s) 'tutorial' retrieved from /home/airflow/.local/lib/python3.12/site-packages/airflow/example_dags/tutorial.py
[2026-09-22T16:32:45.674+0000] {logging_mixin.py:188} INFO - [2026-09-22T16:32:45.674+0000] {dag.py:3089} INFO - Sync 1 DAGs
[2026-09-22T16:32:45.712+0000] {logging_mixin.py:188} INFO - [2026-09-22T16:32:45.712+0000] {dag.py:3947} INFO - Setting next_dagrun for tutorial to 2026-09-21 00:00:00+00:00, run_after=2026-09-22 00:00:00+00:00
[2026-09-22T16:32:45.812+0000] {processor.py:183} INFO - Processing /home/airflow/.local/lib/python3.12/site-packages/airflow/example_dags/tutorial.py took 0.199 seconds
[2026-09-22T16:33:16.207+0000] {processor.py:161} INFO - Started process (PID=1649) to work on /home/airflow/.local/lib/python3.12/site-packages/airflow/example_dags/tutorial.py
[2026-09-22T16:33:16.209+0000] {processor.py:830} INFO - Processing file /home/airflow/.local/lib/python3.12/site-packages/airflow/example_dags/tutorial.py for tasks to queue
[2026-09-22T16:33:16.212+0000] {logging_mixin.py:188} INFO - [2026-09-22T16:33:16.212+0000] {dagbag.py:545} INFO - Filling up the DagBag from /home/airflow/.local/lib/python3.12/site-packages/airflow/example_dags/tutorial.py
[2026-09-22T16:33:16.220+0000] {processor.py:840} INFO - DAG(s) 'tutorial' retrieved from /home/airflow/.local/lib/python3.12/site-packages/airflow/example_dags/tutorial.py
[2026-09-22T16:33:16.256+0000] {logging_mixin.py:188} INFO - [2026-09-22T16:33:16.255+0000] {dag.py:3089} INFO - Sync 1 DAGs
[2026-09-22T16:33:16.296+0000] {logging_mixin.py:188} INFO - [2026-09-22T16:33:16.296+0000] {dag.py:3947} INFO - Setting next_dagrun for tutorial to 2026-09-21 00:00:00+00:00, run_after=2026-09-22 00:00:00+00:00
[2026-09-22T16:33:16.330+0000] {processor.py:183} INFO - Processing /home/airflow/.local/lib/python3.12/site-packages/airflow/example_dags/tutorial.py took 0.131 seconds
[2026-09-22T16:33:46.441+0000] {processor.py:161} INFO - Started process (PID=1707) to work on /home/airflow/.local/lib/python3.12/site-packages/airflow/example_dags/tutorial.py
[2026-09-22T16:33:46.443+0000] {processor.py:830} INFO - Processing file /home/airflow/.local/lib/python3.12/site-packages/airflow/example_dags/tutorial.py for tasks to queue
[2026-09-22T16:33:46.446+0000] {logging_mixin.py:188} INFO - [2026-09-22T16:33:46.446+0000] {dagbag.py:545} INFO - Filling up the DagBag from /home/airflow/.local/lib/python3.12/site-packages/airflow/example_dags/tutorial.py
[2026-09-22T16:33:46.455+0000] {processor.py:840} INFO - DAG(s) 'tutorial' retrieved from /home/airflow/.local/lib/python3.12/site-packages/airflow/example_dags/tutorial.py
[2026-09-22T16:33:46.479+0000] {logging_mixin.py:188} INFO - [2026-09-22T16:33:46.479+0000] {dag.py:3089} INFO - Sync 1 DAGs
[2026-09-22T16:33:46.505+0000] {logging_mixin.py:188} INFO - [2026-09-22T16:33:46.504+0000] {dag.py:3947} INFO - Setting next_dagrun for tutorial to 2026-09-21 00:00:00+00:00, run_after=2026-09-22 00:00:00+00:00
[2026-09-22T16:33:46.536+0000] {processor.py:183} INFO - Processing /home/airflow/.local/lib/python3.12/site-packages/airflow/example_dags/tutorial.py took 0.104 seconds
[2026-09-22T16:34:16.755+0000] {processor.py:161} INFO - Started process (PID=1765) to work on /home/airflow/.local/lib/python3.12/site-packages/airflow/example_dags/tutorial.py
[2026-09-22T16:34:16.757+0000] {processor.py:830} INFO - Processing file /home/airflow/.local/lib/python3.12/site-packages/airflow/example_dags/tutorial.py for tasks to queue
[2026-09-22T16:34:16.761+0000] {logging_mixin.py:188} INFO - [2026-09-22T16:34:16.760+0000] {dagbag.py:545} INFO - Filling up the DagBag from /home/airflow/.local/lib/python3.12/site-packages/airflow/example_dags/tutorial.py
[2026-09-22T16:34:16.776+0000] {processor.py:840} INFO - DAG(s) 'tutorial' retrieved from /home/airflow/.local/lib/python3.12/site-packages/airflow/example_dags/tutorial.py
[2026-09-22T16:34:16.820+0000] {logging_mixin.py:188} INFO - [2026-09-22T16:34:16.819+0000] {dag.py:3089} INFO - Sync 1 DAGs
[2026-09-22T16:34:16.862+0000] {logging_mixin.py:188} INFO - [2026-09-22T16:34:16.861+0000] {dag.py:3947} INFO - Setting next_dagrun for tutorial to 2026-09-21 00:00:00+00:00, run_after=2026-09-22 00:00:00+00:00
[2026-09-22T16:34:16.899+0000] {processor.py:183} INFO - Processing /home/airflow/.local/lib/python3.12/site-packages/airflow/example_dags/tutorial.py took 0.154 seconds
[2026-09-22T16:34:47.616+0000] {processor.py:161} INFO - Started process (PID=1823) to work on /home/airflow/.local/lib/python3.12/site-packages/airflow/example_dags/tutorial.py
[2026-09-22T16:34:47.618+0000] {processor.py:830} INFO - Processing file /home/airflow/.local/lib/python3.12/site-packages/airflow/example_dags/tutorial.py for tasks to queue
[2026-09-22T16:34:47.622+0000] {logging_mixin.py:188} INFO - [2026-09-22T16:34:47.621+0000] {dagbag.py:545} INFO - Filling up the DagBag from /home/airflow/.local/lib/python3.12/site-packages/airflow/example_dags/tutorial.py
[2026-09-22T16:34:47.629+0000] {processor.py:840} INFO - DAG(s) 'tutorial' retrieved from /home/airflow/.local/lib/python3.12/site-packages/airflow/example_dags/tutorial.py
[2026-09-22T16:34:47.657+0000] {logging_mixin.py:188} INFO - [2026-09-22T16:34:47.657+0000] {dag.py:3089} INFO - Sync 1 DAGs
[2026-09-22T16:34:47.685+0000] {logging_mixin.py:188} INFO - [2026-09-22T16:34:47.684+0000] {dag.py:3947} INFO - Setting next_dagrun for tutorial to 2026-09-21 00:00:00+00:00, run_after=2026-09-22 00:00:00+00:00
[2026-09-22T16:34:47.972+0000] {processor.py:183} INFO - Processing /home/airflow/.local/lib/python3.12/site-packages/airflow/example_dags/tutorial.py took 0.365 seconds
[2026-09-22T16:35:18.423+0000] {processor.py:161} INFO - Started process (PID=1881) to work on /home/airflow/.local/lib/python3.12/site-packages/airflow/example_dags/tutorial.py
[2026-09-22T16:35:18.425+0000] {processor.py:830} INFO - Processing file /home/airflow/.local/lib/python3.12/site-packages/airflow/example_dags/tutorial.py for tasks to queue
[2026-09-22T16:35:18.427+0000] {logging_mixin.py:188} INFO - [2026-09-22T16:35:18.427+0000] {dagbag.py:545} INFO - Filling up the DagBag from /home/airflow/.local/lib/python3.12/site-packages/airflow/example_dags/tutorial.py
[2026-09-22T16:35:18.437+0000] {processor.py:840} INFO - DAG(s) 'tutorial' retrieved from /home/airflow/.local/lib/python3.12/site-packages/airflow/example_dags/tutorial.py
[2026-09-22T16:35:18.464+0000] {logging_mixin.py:188} INFO - [2026-09-22T16:35:18.463+0000] {dag.py:3089} INFO - Sync 1 DAGs
[2026-09-22T16:35:18.494+0000] {logging_mixin.py:188} INFO - [2026-09-22T16:35:18.494+0000] {dag.py:3947} INFO - Setting next_dagrun for tutorial to 2026-09-21 00:00:00+00:00, run_after=2026-09-22 00:00:00+00:00
[2026-09-22T16:35:18.574+0000] {processor.py:183} INFO - Processing /home/airflow/.local/lib/python3.12/site-packages/airflow/example_dags/tutorial.py took 0.158 seconds
[2026-09-22T16:35:49.048+0000] {processor.py:161} INFO - Started process (PID=1939) to work on /home/airflow/.local/lib/python3.12/site-packages/airflow/example_dags/tutorial.py
[2026-09-22T16:35:49.051+0000] {processor.py:830} INFO - Processing file /home/airflow/.local/lib/python3.12/site-packages/airflow/example_dags/tutorial.py for tasks to queue
[2026-09-22T16:35:49.057+0000] {logging_mixin.py:188} INFO - [2026-09-22T16:35:49.056+0000] {dagbag.py:545} INFO - Filling up the DagBag from /home/airflow/.local/lib/python3.12/site-packages/airflow/example_dags/tutorial.py
[2026-09-22T16:35:49.069+0000] {processor.py:840} INFO - DAG(s) 'tutorial' retrieved from /home/airflow/.local/lib/python3.12/site-packages/airflow/example_dags/tutorial.py
[2026-09-22T16:35:49.113+0000] {logging_mixin.py:188} INFO - [2026-09-22T16:35:49.113+0000] {dag.py:3089} INFO - Sync 1 DAGs
[2026-09-22T16:35:49.165+0000] {logging_mixin.py:188} INFO - [2026-09-22T16:35:49.164+0000] {dag.py:3947} INFO - Setting next_dagrun for tutorial to 2026-09-21 00:00:00+00:00, run_after=2026-09-22 00:00:00+00:00
[2026-09-22T16:35:49.253+0000] {processor.py:183} INFO - Processing /home/airflow/.local/lib/python3.12/site-packages/airflow/example_dags/tutorial.py took 0.220 seconds
[2026-09-22T16:36:19.898+0000] {processor.py:161} INFO - Started process (PID=1997) to work on /home/airflow/.local/lib/python3.12/site-packages/airflow/example_dags/tutorial.py
[2026-09-22T16:36:19.899+0000] {processor.py:830} INFO - Processing file /home/airflow/.local/lib/python3.12/site-packages/airflow/example_dags/tutorial.py for tasks to queue
[2026-09-22T16:36:19.903+0000] {logging_mixin.py:188} INFO - [2026-09-22T16:36:19.902+0000] {dagbag.py:545} INFO - Filling up the DagBag from /home/airflow/.local/lib/python3.12/site-packages/airflow/example_dags/tutorial.py
[2026-09-22T16:36:19.910+0000] {processor.py:840} INFO - DAG(s) 'tutorial' retrieved from /home/airflow/.local/lib/python3.12/site-packages/airflow/example_dags/tutorial.py
[2026-09-22T16:36:19.942+0000] {logging_mixin.py:188} INFO - [2026-09-22T16:36:19.941+0000] {dag.py:3089} INFO - Sync 1 DAGs
[2026-09-22T16:36:19.991+0000] {logging_mixin.py:188} INFO - [2026-09-22T16:36:19.991+0000] {dag.py:3947} INFO - Setting next_dagrun for tutorial to 2026-09-21 00:00:00+00:00, run_after=2026-09-22 00:00:00+00:00
[2026-09-22T16:36:20.092+0000] {processor.py:183} INFO - Processing /home/airflow/.local/lib/python3.12/site-packages/airflow/example_dags/tutorial.py took 0.203 seconds
[2026-09-22T16:36:51.136+0000] {processor.py:161} INFO - Started process (PID=2055) to work on /home/airflow/.local/lib/python3.12/site-packages/airflow/example_dags/tutorial.py
[2026-09-22T16:36:51.139+0000] {processor.py:830} INFO - Processing file /home/airflow/.local/lib/python3.12/site-packages/airflow/example_dags/tutorial.py for tasks to queue
[2026-09-22T16:36:51.146+0000] {logging_mixin.py:188} INFO - [2026-09-22T16:36:51.145+0000] {dagbag.py:545} INFO - Filling up the DagBag from /home/airflow/.local/lib/python3.12/site-packages/airflow/example_dags/tutorial.py
[2026-09-22T16:36:51.158+0000] {processor.py:840} INFO - DAG(s) 'tutorial' retrieved from /home/airflow/.local/lib/python3.12/site-packages/airflow/example_dags/tutorial.py
[2026-09-22T16:36:51.192+0000] {logging_mixin.py:188} INFO - [2026-09-22T16:36:51.192+0000] {dag.py:3089} INFO - Sync 1 DAGs
[2026-09-22T16:36:51.233+0000] {logging_mixin.py:188} INFO - [2026-09-22T16:36:51.232+0000] {dag.py:3947} INFO - Setting next_dagrun for tutorial to 2026-09-21 00:00:00+00:00, run_after=2026-09-22 00:00:00+00:00
[2026-09-22T16:36:51.266+0000] {processor.py:183} INFO - Processing /home/airflow/.local/lib/python3.12/site-packages/airflow/example_dags/tutorial.py took 0.144 seconds
[2026-09-22T16:37:22.146+0000] {processor.py:161} INFO - Started process (PID=2113) to work on /home/airflow/.local/lib/python3.12/site-packages/airflow/example_dags/tutorial.py
[2026-09-22T16:37:22.147+0000] {processor.py:830} INFO - Processing file /home/airflow/.local/lib/python3.12/site-packages/airflow/example_dags/tutorial.py for tasks to queue
[2026-09-22T16:37:22.150+0000] {logging_mixin.py:188} INFO - [2026-09-22T16:37:22.150+0000] {dagbag.py:545} INFO - Filling up the DagBag from /home/airflow/.local/lib/python3.12/site-packages/airflow/example_dags/tutorial.py
[2026-09-22T16:37:22.157+0000] {processor.py:840} INFO - DAG(s) 'tutorial' retrieved from /home/airflow/.local/lib/python3.12/site-packages/airflow/example_dags/tutorial.py
[2026-09-22T16:37:22.186+0000] {logging_mixin.py:188} INFO - [2026-09-22T16:37:22.185+0000] {dag.py:3089} INFO - Sync 1 DAGs
[2026-09-22T16:37:22.216+0000] {logging_mixin.py:188} INFO - [2026-09-22T16:37:22.215+0000] {dag.py:3947} INFO - Setting next_dagrun for tutorial to 2026-09-21 00:00:00+00:00, run_after=2026-09-22 00:00:00+00:00
[2026-09-22T16:37:22.249+0000] {processor.py:183} INFO - Processing /home/airflow/.local/lib/python3.12/site-packages/airflow/example_dags/tutorial.py took 0.111 seconds
[2026-09-22T16:37:52.589+0000] {processor.py:161} INFO - Started process (PID=2171) to work on /home/airflow/.local/lib/python3.12/site-packages/airflow/example_dags/tutorial.py
[2026-09-22T16:37:52.591+0000] {processor.py:830} INFO - Processing file /home/airflow/.local/lib/python3.12/site-packages/airflow/example_dags/tutorial.py for tasks to queue
[2026-09-22T16:37:52.594+0000] {logging_mixin.py:188} INFO - [2026-09-22T16:37:52.594+0000] {dagbag.py:545} INFO - Filling up the DagBag from /home/airflow/.local/lib/python3.12/site-packages/airflow/example_dags/tutorial.py
[2026-09-22T16:37:52.606+0000] {processor.py:840} INFO - DAG(s) 'tutorial' retrieved from /home/airflow/.local/lib/python3.12/site-packages/airflow/example_dags/tutorial.py
[2026-09-22T16:37:52.649+0000] {logging_mixin.py:188} INFO - [2026-09-22T16:37:52.648+0000] {dag.py:3089} INFO - Sync 1 DAGs
[2026-09-22T16:37:52.690+0000] {logging_mixin.py:188} INFO - [2026-09-22T16:37:52.690+0000] {dag.py:3947} INFO - Setting next_dagrun for tutorial to 2026-09-21 00:00:00+00:00, run_after=2026-09-22 00:00:00+00:00
[2026-09-22T16:37:52.722+0000] {processor.py:183} INFO - Processing /home/airflow/.local/lib/python3.12/site-packages/airflow/example_dags/tutorial.py took 0.144 seconds
[2026-09-22T16:38:23.787+0000] {processor.py:161} INFO - Started process (PID=2227) to work on /home/airflow/.local/lib/python3.12/site-packages/airflow/example_dags/tutorial.py
[2026-09-22T16:38:23.790+0000] {processor.py:830} INFO - Processing file /home/airflow/.local/lib/python3.12/site-packages/airflow/example_dags/tutorial.py for tasks to queue
[2026-09-22T16:38:23.794+0000] {logging_mixin.py:188} INFO - [2026-09-22T16:38:23.794+0000] {dagbag.py:545} INFO - Filling up the DagBag from /home/airflow/.local/lib/python3.12/site-packages/airflow/example_dags/tutorial.py
[2026-09-22T16:38:23.809+0000] {processor.py:840} INFO - DAG(s) 'tutorial' retrieved from /home/airflow/.local/lib/python3.12/site-packages/airflow/example_dags/tutorial.py
[2026-09-22T16:38:23.854+0000] {logging_mixin.py:188} INFO - [2026-09-22T16:38:23.854+0000] {dag.py:3089} INFO - Sync 1 DAGs
[2026-09-22T16:38:24.077+0000] {logging_mixin.py:188} INFO - [2026-09-22T16:38:24.076+0000] {dag.py:3947} INFO - Setting next_dagrun for tutorial to 2026-09-21 00:00:00+00:00, run_after=2026-09-22 00:00:00+00:00
[2026-09-22T16:38:24.161+0000] {processor.py:183} INFO - Processing /home/airflow/.local/lib/python3.12/site-packages/airflow/example_dags/tutorial.py took 0.396 seconds
[2026-09-22T16:41:47.758+0000] {processor.py:161} INFO - Started process (PID=86) to work on /home/airflow/.local/lib/python3.12/site-packages/airflow/example_dags/tutorial.py
[2026-09-22T16:41:47.761+0000] {processor.py:830} INFO - Processing file /home/airflow/.local/lib/python3.12/site-packages/airflow/example_dags/tutorial.py for tasks to queue
[2026-09-22T16:41:47.765+0000] {logging_mixin.py:188} INFO - [2026-09-22T16:41:47.764+0000] {dagbag.py:545} INFO - Filling up the DagBag from /home/airflow/.local/lib/python3.12/site-packages/airflow/example_dags/tutorial.py
[2026-09-22T16:41:47.773+0000] {processor.py:840} INFO - DAG(s) 'tutorial' retrieved from /home/airflow/.local/lib/python3.12/site-packages/airflow/example_dags/tutorial.py
[2026-09-22T16:41:47.929+0000] {logging_mixin.py:188} INFO - [2026-09-22T16:41:47.929+0000] {dag.py:3089} INFO - Sync 1 DAGs
[2026-09-22T16:41:47.971+0000] {logging_mixin.py:188} INFO - [2026-09-22T16:41:47.970+0000] {dag.py:3947} INFO - Setting next_dagrun for tutorial to 2026-09-21 00:00:00+00:00, run_after=2026-09-22 00:00:00+00:00
[2026-09-22T16:41:48.016+0000] {processor.py:183} INFO - Processing /home/airflow/.local/lib/python3.12/site-packages/airflow/example_dags/tutorial.py took 0.264 seconds
[2026-09-22T16:42:18.104+0000] {processor.py:161} INFO - Started process (PID=144) to work on /home/airflow/.local/lib/python3.12/site-packages/airflow/example_dags/tutorial.py
[2026-09-22T16:42:18.106+0000] {processor.py:830} INFO - Processing file /home/airflow/.local/lib/python3.12/site-packages/airflow/example_dags/tutorial.py for tasks to queue
[2026-09-22T16:42:18.110+0000] {logging_mixin.py:188} INFO - [2026-09-22T16:42:18.109+0000] {dagbag.py:545} INFO - Filling up the DagBag from /home/airflow/.local/lib/python3.12/site-packages/airflow/example_dags/tutorial.py
[2026-09-22T16:42:18.125+0000] {processor.py:840} INFO - DAG(s) 'tutorial' retrieved from /home/airflow/.local/lib/python3.12/site-packages/airflow/example_dags/tutorial.py
[2026-09-22T16:42:18.163+0000] {logging_mixin.py:188} INFO - [2026-09-22T16:42:18.163+0000] {dag.py:3089} INFO - Sync 1 DAGs
[2026-09-22T16:42:18.209+0000] {logging_mixin.py:188} INFO - [2026-09-22T16:42:18.209+0000] {dag.py:3947} INFO - Setting next_dagrun for tutorial to 2026-09-21 00:00:00+00:00, run_after=2026-09-22 00:00:00+00:00
[2026-09-22T16:42:18.254+0000] {processor.py:183} INFO - Processing /home/airflow/.local/lib/python3.12/site-packages/airflow/example_dags/tutorial.py took 0.162 seconds
[2026-09-22T16:43:48.384+0000] {processor.py:161} INFO - Started process (PID=86) to work on /home/airflow/.local/lib/python3.12/site-packages/airflow/example_dags/tutorial.py
[2026-09-22T16:43:48.386+0000] {processor.py:830} INFO - Processing file /home/airflow/.local/lib/python3.12/site-packages/airflow/example_dags/tutorial.py for tasks to queue
[2026-09-22T16:43:48.389+0000] {logging_mixin.py:188} INFO - [2026-09-22T16:43:48.389+0000] {dagbag.py:545} INFO - Filling up the DagBag from /home/airflow/.local/lib/python3.12/site-packages/airflow/example_dags/tutorial.py
[2026-09-22T16:43:48.398+0000] {processor.py:840} INFO - DAG(s) 'tutorial' retrieved from /home/airflow/.local/lib/python3.12/site-packages/airflow/example_dags/tutorial.py
[2026-09-22T16:43:48.536+0000] {logging_mixin.py:188} INFO - [2026-09-22T16:43:48.536+0000] {dag.py:3089} INFO - Sync 1 DAGs
[2026-09-22T16:43:48.561+0000] {logging_mixin.py:188} INFO - [2026-09-22T16:43:48.561+0000] {dag.py:3947} INFO - Setting next_dagrun for tutorial to 2026-09-21 00:00:00+00:00, run_after=2026-09-22 00:00:00+00:00
[2026-09-22T16:43:48.644+0000] {processor.py:183} INFO - Processing /home/airflow/.local/lib/python3.12/site-packages/airflow/example_dags/tutorial.py took 0.267 seconds
[2026-09-22T16:44:18.980+0000] {processor.py:161} INFO - Started process (PID=143) to work on /home/airflow/.local/lib/python3.12/site-packages/airflow/example_dags/tutorial.py
[2026-09-22T16:44:18.983+0000] {processor.py:830} INFO - Processing file /home/airflow/.local/lib/python3.12/site-packages/airflow/example_dags/tutorial.py for tasks to queue
[2026-09-22T16:44:18.988+0000] {logging_mixin.py:188} INFO - [2026-09-22T16:44:18.987+0000] {dagbag.py:545} INFO - Filling up the DagBag from /home/airflow/.local/lib/python3.12/site-packages/airflow/example_dags/tutorial.py
[2026-09-22T16:44:18.999+0000] {processor.py:840} INFO - DAG(s) 'tutorial' retrieved from /home/airflow/.local/lib/python3.12/site-packages/airflow/example_dags/tutorial.py
[2026-09-22T16:44:19.022+0000] {logging_mixin.py:188} INFO - [2026-09-22T16:44:19.022+0000] {dag.py:3089} INFO - Sync 1 DAGs
[2026-09-22T16:44:19.050+0000] {logging_mixin.py:188} INFO - [2026-09-22T16:44:19.049+0000] {dag.py:3947} INFO - Setting next_dagrun for tutorial to 2026-09-21 00:00:00+00:00, run_after=2026-09-22 00:00:00+00:00
[2026-09-22T16:44:19.100+0000] {processor.py:183} INFO - Processing /home/airflow/.local/lib/python3.12/site-packages/airflow/example_dags/tutorial.py took 0.131 seconds
[2026-09-22T16:44:49.566+0000] {processor.py:161} INFO - Started process (PID=207) to work on /home/airflow/.local/lib/python3.12/site-packages/airflow/example_dags/tutorial.py
[2026-09-22T16:44:49.568+0000] {processor.py:830} INFO - Processing file /home/airflow/.local/lib/python3.12/site-packages/airflow/example_dags/tutorial.py for tasks to queue
[2026-09-22T16:44:49.571+0000] {logging_mixin.py:188} INFO - [2026-09-22T16:44:49.571+0000] {dagbag.py:545} INFO - Filling up the DagBag from /home/airflow/.local/lib/python3.12/site-packages/airflow/example_dags/tutorial.py
[2026-09-22T16:44:49.583+0000] {processor.py:840} INFO - DAG(s) 'tutorial' retrieved from /home/airflow/.local/lib/python3.12/site-packages/airflow/example_dags/tutorial.py
[2026-09-22T16:44:49.621+0000] {logging_mixin.py:188} INFO - [2026-09-22T16:44:49.621+0000] {dag.py:3089} INFO - Sync 1 DAGs
[2026-09-22T16:44:49.676+0000] {logging_mixin.py:188} INFO - [2026-09-22T16:44:49.675+0000] {dag.py:3947} INFO - Setting next_dagrun for tutorial to 2026-09-21 00:00:00+00:00, run_after=2026-09-22 00:00:00+00:00
[2026-09-22T16:44:49.715+0000] {processor.py:183} INFO - Processing /home/airflow/.local/lib/python3.12/site-packages/airflow/example_dags/tutorial.py took 0.162 seconds
[2026-09-22T16:45:20.513+0000] {processor.py:161} INFO - Started process (PID=265) to work on /home/airflow/.local/lib/python3.12/site-packages/airflow/example_dags/tutorial.py
[2026-09-22T16:45:20.515+0000] {processor.py:830} INFO - Processing file /home/airflow/.local/lib/python3.12/site-packages/airflow/example_dags/tutorial.py for tasks to queue
[2026-09-22T16:45:20.521+0000] {logging_mixin.py:188} INFO - [2026-09-22T16:45:20.521+0000] {dagbag.py:545} INFO - Filling up the DagBag from /home/airflow/.local/lib/python3.12/site-packages/airflow/example_dags/tutorial.py
[2026-09-22T16:45:20.534+0000] {processor.py:840} INFO - DAG(s) 'tutorial' retrieved from /home/airflow/.local/lib/python3.12/site-packages/airflow/example_dags/tutorial.py
[2026-09-22T16:45:20.611+0000] {logging_mixin.py:188} INFO - [2026-09-22T16:45:20.611+0000] {dag.py:3089} INFO - Sync 1 DAGs
[2026-09-22T16:45:20.672+0000] {logging_mixin.py:188} INFO - [2026-09-22T16:45:20.671+0000] {dag.py:3947} INFO - Setting next_dagrun for tutorial to 2026-09-21 00:00:00+00:00, run_after=2026-09-22 00:00:00+00:00
[2026-09-22T16:45:20.764+0000] {processor.py:183} INFO - Processing /home/airflow/.local/lib/python3.12/site-packages/airflow/example_dags/tutorial.py took 0.259 seconds
[2026-09-22T16:45:51.019+0000] {processor.py:161} INFO - Started process (PID=323) to work on /home/airflow/.local/lib/python3.12/site-packages/airflow/example_dags/tutorial.py
[2026-09-22T16:45:51.020+0000] {processor.py:830} INFO - Processing file /home/airflow/.local/lib/python3.12/site-packages/airflow/example_dags/tutorial.py for tasks to queue
[2026-09-22T16:45:51.023+0000] {logging_mixin.py:188} INFO - [2026-09-22T16:45:51.023+0000] {dagbag.py:545} INFO - Filling up the DagBag from /home/airflow/.local/lib/python3.12/site-packages/airflow/example_dags/tutorial.py
[2026-09-22T16:45:51.033+0000] {processor.py:840} INFO - DAG(s) 'tutorial' retrieved from /home/airflow/.local/lib/python3.12/site-packages/airflow/example_dags/tutorial.py
[2026-09-22T16:45:51.069+0000] {logging_mixin.py:188} INFO - [2026-09-22T16:45:51.068+0000] {dag.py:3089} INFO - Sync 1 DAGs
[2026-09-22T16:45:51.113+0000] {logging_mixin.py:188} INFO - [2026-09-22T16:45:51.112+0000] {dag.py:3947} INFO - Setting next_dagrun for tutorial to 2026-09-21 00:00:00+00:00, run_after=2026-09-22 00:00:00+00:00
[2026-09-22T16:45:51.155+0000] {processor.py:183} INFO - Processing /home/airflow/.local/lib/python3.12/site-packages/airflow/example_dags/tutorial.py took 0.144 seconds
[2026-09-22T16:46:21.466+0000] {processor.py:161} INFO - Started process (PID=381) to work on /home/airflow/.local/lib/python3.12/site-packages/airflow/example_dags/tutorial.py
[2026-09-22T16:46:21.468+0000] {processor.py:830} INFO - Processing file /home/airflow/.local/lib/python3.12/site-packages/airflow/example_dags/tutorial.py for tasks to queue
[2026-09-22T16:46:21.472+0000] {logging_mixin.py:188} INFO - [2026-09-22T16:46:21.471+0000] {dagbag.py:545} INFO - Filling up the DagBag from /home/airflow/.local/lib/python3.12/site-packages/airflow/example_dags/tutorial.py
[2026-09-22T16:46:21.482+0000] {processor.py:840} INFO - DAG(s) 'tutorial' retrieved from /home/airflow/.local/lib/python3.12/site-packages/airflow/example_dags/tutorial.py
[2026-09-22T16:46:21.509+0000] {logging_mixin.py:188} INFO - [2026-09-22T16:46:21.508+0000] {dag.py:3089} INFO - Sync 1 DAGs
[2026-09-22T16:46:21.533+0000] {logging_mixin.py:188} INFO - [2026-09-22T16:46:21.533+0000] {dag.py:3947} INFO - Setting next_dagrun for tutorial to 2026-09-21 00:00:00+00:00, run_after=2026-09-22 00:00:00+00:00
[2026-09-22T16:46:21.560+0000] {processor.py:183} INFO - Processing /home/airflow/.local/lib/python3.12/site-packages/airflow/example_dags/tutorial.py took 0.105 seconds
[2026-09-22T16:46:52.567+0000] {processor.py:161} INFO - Started process (PID=439) to work on /home/airflow/.local/lib/python3.12/site-packages/airflow/example_dags/tutorial.py
[2026-09-22T16:46:52.568+0000] {processor.py:830} INFO - Processing file /home/airflow/.local/lib/python3.12/site-packages/airflow/example_dags/tutorial.py for tasks to queue
[2026-09-22T16:46:52.573+0000] {logging_mixin.py:188} INFO - [2026-09-22T16:46:52.572+0000] {dagbag.py:545} INFO - Filling up the DagBag from /home/airflow/.local/lib/python3.12/site-packages/airflow/example_dags/tutorial.py
[2026-09-22T16:46:52.585+0000] {processor.py:840} INFO - DAG(s) 'tutorial' retrieved from /home/airflow/.local/lib/python3.12/site-packages/airflow/example_dags/tutorial.py
[2026-09-22T16:46:52.619+0000] {logging_mixin.py:188} INFO - [2026-09-22T16:46:52.619+0000] {dag.py:3089} INFO - Sync 1 DAGs
[2026-09-22T16:46:52.657+0000] {logging_mixin.py:188} INFO - [2026-09-22T16:46:52.656+0000] {dag.py:3947} INFO - Setting next_dagrun for tutorial to 2026-09-21 00:00:00+00:00, run_after=2026-09-22 00:00:00+00:00
[2026-09-22T16:46:52.741+0000] {processor.py:183} INFO - Processing /home/airflow/.local/lib/python3.12/site-packages/airflow/example_dags/tutorial.py took 0.186 seconds
[2026-09-22T16:47:22.973+0000] {processor.py:161} INFO - Started process (PID=497) to work on /home/airflow/.local/lib/python3.12/site-packages/airflow/example_dags/tutorial.py
[2026-09-22T16:47:22.975+0000] {processor.py:830} INFO - Processing file /home/airflow/.local/lib/python3.12/site-packages/airflow/example_dags/tutorial.py for tasks to queue
[2026-09-22T16:47:22.979+0000] {logging_mixin.py:188} INFO - [2026-09-22T16:47:22.978+0000] {dagbag.py:545} INFO - Filling up the DagBag from /home/airflow/.local/lib/python3.12/site-packages/airflow/example_dags/tutorial.py
[2026-09-22T16:47:22.989+0000] {processor.py:840} INFO - DAG(s) 'tutorial' retrieved from /home/airflow/.local/lib/python3.12/site-packages/airflow/example_dags/tutorial.py
[2026-09-22T16:47:23.024+0000] {logging_mixin.py:188} INFO - [2026-09-22T16:47:23.024+0000] {dag.py:3089} INFO - Sync 1 DAGs
[2026-09-22T16:47:23.058+0000] {logging_mixin.py:188} INFO - [2026-09-22T16:47:23.058+0000] {dag.py:3947} INFO - Setting next_dagrun for tutorial to 2026-09-21 00:00:00+00:00, run_after=2026-09-22 00:00:00+00:00
[2026-09-22T16:47:23.093+0000] {processor.py:183} INFO - Processing /home/airflow/.local/lib/python3.12/site-packages/airflow/example_dags/tutorial.py took 0.130 seconds
[2026-09-22T16:47:53.594+0000] {processor.py:161} INFO - Started process (PID=555) to work on /home/airflow/.local/lib/python3.12/site-packages/airflow/example_dags/tutorial.py
[2026-09-22T16:47:53.596+0000] {processor.py:830} INFO - Processing file /home/airflow/.local/lib/python3.12/site-packages/airflow/example_dags/tutorial.py for tasks to queue
[2026-09-22T16:47:53.600+0000] {logging_mixin.py:188} INFO - [2026-09-22T16:47:53.600+0000] {dagbag.py:545} INFO - Filling up the DagBag from /home/airflow/.local/lib/python3.12/site-packages/airflow/example_dags/tutorial.py
[2026-09-22T16:47:53.612+0000] {processor.py:840} INFO - DAG(s) 'tutorial' retrieved from /home/airflow/.local/lib/python3.12/site-packages/airflow/example_dags/tutorial.py
[2026-09-22T16:47:53.648+0000] {logging_mixin.py:188} INFO - [2026-09-22T16:47:53.648+0000] {dag.py:3089} INFO - Sync 1 DAGs
[2026-09-22T16:47:53.687+0000] {logging_mixin.py:188} INFO - [2026-09-22T16:47:53.686+0000] {dag.py:3947} INFO - Setting next_dagrun for tutorial to 2026-09-21 00:00:00+00:00, run_after=2026-09-22 00:00:00+00:00
[2026-09-22T16:47:53.720+0000] {processor.py:183} INFO - Processing /home/airflow/.local/lib/python3.12/site-packages/airflow/example_dags/tutorial.py took 0.138 seconds
[2026-09-22T16:48:24.270+0000] {processor.py:161} INFO - Started process (PID=613) to work on /home/airflow/.local/lib/python3.12/site-packages/airflow/example_dags/tutorial.py
[2026-09-22T16:48:24.273+0000] {processor.py:830} INFO - Processing file /home/airflow/.local/lib/python3.12/site-packages/airflow/example_dags/tutorial.py for tasks to queue
[2026-09-22T16:48:24.277+0000] {logging_mixin.py:188} INFO - [2026-09-22T16:48:24.277+0000] {dagbag.py:545} INFO - Filling up the DagBag from /home/airflow/.local/lib/python3.12/site-packages/airflow/example_dags/tutorial.py
[2026-09-22T16:48:24.287+0000] {processor.py:840} INFO - DAG(s) 'tutorial' retrieved from /home/airflow/.local/lib/python3.12/site-packages/airflow/example_dags/tutorial.py
[2026-09-22T16:48:24.312+0000] {logging_mixin.py:188} INFO - [2026-09-22T16:48:24.311+0000] {dag.py:3089} INFO - Sync 1 DAGs
[2026-09-22T16:48:24.342+0000] {logging_mixin.py:188} INFO - [2026-09-22T16:48:24.342+0000] {dag.py:3947} INFO - Setting next_dagrun for tutorial to 2026-09-21 00:00:00+00:00, run_after=2026-09-22 00:00:00+00:00
[2026-09-22T16:48:24.371+0000] {processor.py:183} INFO - Processing /home/airflow/.local/lib/python3.12/site-packages/airflow/example_dags/tutorial.py took 0.110 seconds
[2026-09-22T16:48:55.284+0000] {processor.py:161} INFO - Started process (PID=671) to work on /home/airflow/.local/lib/python3.12/site-packages/airflow/example_dags/tutorial.py
[2026-09-22T16:48:55.286+0000] {processor.py:830} INFO - Processing file /home/airflow/.local/lib/python3.12/site-packages/airflow/example_dags/tutorial.py for tasks to queue
[2026-09-22T16:48:55.291+0000] {logging_mixin.py:188} INFO - [2026-09-22T16:48:55.289+0000] {dagbag.py:545} INFO - Filling up the DagBag from /home/airflow/.local/lib/python3.12/site-packages/airflow/example_dags/tutorial.py
[2026-09-22T16:48:55.303+0000] {processor.py:840} INFO - DAG(s) 'tutorial' retrieved from /home/airflow/.local/lib/python3.12/site-packages/airflow/example_dags/tutorial.py
[2026-09-22T16:48:55.348+0000] {logging_mixin.py:188} INFO - [2026-09-22T16:48:55.347+0000] {dag.py:3089} INFO - Sync 1 DAGs
[2026-09-22T16:48:55.397+0000] {logging_mixin.py:188} INFO - [2026-09-22T16:48:55.396+0000] {dag.py:3947} INFO - Setting next_dagrun for tutorial to 2026-09-21 00:00:00+00:00, run_after=2026-09-22 00:00:00+00:00
[2026-09-22T16:48:55.428+0000] {processor.py:183} INFO - Processing /home/airflow/.local/lib/python3.12/site-packages/airflow/example_dags/tutorial.py took 0.155 seconds
[2026-09-22T16:49:26.303+0000] {processor.py:161} INFO - Started process (PID=730) to work on /home/airflow/.local/lib/python3.12/site-packages/airflow/example_dags/tutorial.py
[2026-09-22T16:49:26.304+0000] {processor.py:830} INFO - Processing file /home/airflow/.local/lib/python3.12/site-packages/airflow/example_dags/tutorial.py for tasks to queue
[2026-09-22T16:49:26.308+0000] {logging_mixin.py:188} INFO - [2026-09-22T16:49:26.308+0000] {dagbag.py:545} INFO - Filling up the DagBag from /home/airflow/.local/lib/python3.12/site-packages/airflow/example_dags/tutorial.py
[2026-09-22T16:49:26.322+0000] {processor.py:840} INFO - DAG(s) 'tutorial' retrieved from /home/airflow/.local/lib/python3.12/site-packages/airflow/example_dags/tutorial.py
[2026-09-22T16:49:26.361+0000] {logging_mixin.py:188} INFO - [2026-09-22T16:49:26.360+0000] {dag.py:3089} INFO - Sync 1 DAGs
[2026-09-22T16:49:26.401+0000] {logging_mixin.py:188} INFO - [2026-09-22T16:49:26.401+0000] {dag.py:3947} INFO - Setting next_dagrun for tutorial to 2026-09-21 00:00:00+00:00, run_after=2026-09-22 00:00:00+00:00
[2026-09-22T16:49:26.495+0000] {processor.py:183} INFO - Processing /home/airflow/.local/lib/python3.12/site-packages/airflow/example_dags/tutorial.py took 0.208 seconds
[2026-09-22T16:49:56.883+0000] {processor.py:161} INFO - Started process (PID=788) to work on /home/airflow/.local/lib/python3.12/site-packages/airflow/example_dags/tutorial.py
[2026-09-22T16:49:56.886+0000] {processor.py:830} INFO - Processing file /home/airflow/.local/lib/python3.12/site-packages/airflow/example_dags/tutorial.py for tasks to queue
[2026-09-22T16:49:56.891+0000] {logging_mixin.py:188} INFO - [2026-09-22T16:49:56.890+0000] {dagbag.py:545} INFO - Filling up the DagBag from /home/airflow/.local/lib/python3.12/site-packages/airflow/example_dags/tutorial.py
[2026-09-22T16:49:56.903+0000] {processor.py:840} INFO - DAG(s) 'tutorial' retrieved from /home/airflow/.local/lib/python3.12/site-packages/airflow/example_dags/tutorial.py
[2026-09-22T16:49:56.950+0000] {logging_mixin.py:188} INFO - [2026-09-22T16:49:56.950+0000] {dag.py:3089} INFO - Sync 1 DAGs
[2026-09-22T16:49:57.001+0000] {logging_mixin.py:188} INFO - [2026-09-22T16:49:57.001+0000] {dag.py:3947} INFO - Setting next_dagrun for tutorial to 2026-09-21 00:00:00+00:00, run_after=2026-09-22 00:00:00+00:00
[2026-09-22T16:49:57.037+0000] {processor.py:183} INFO - Processing /home/airflow/.local/lib/python3.12/site-packages/airflow/example_dags/tutorial.py took 0.167 seconds
[2026-09-22T16:50:27.278+0000] {processor.py:161} INFO - Started process (PID=847) to work on /home/airflow/.local/lib/python3.12/site-packages/airflow/example_dags/tutorial.py
[2026-09-22T16:50:27.280+0000] {processor.py:830} INFO - Processing file /home/airflow/.local/lib/python3.12/site-packages/airflow/example_dags/tutorial.py for tasks to queue
[2026-09-22T16:50:27.284+0000] {logging_mixin.py:188} INFO - [2026-09-22T16:50:27.283+0000] {dagbag.py:545} INFO - Filling up the DagBag from /home/airflow/.local/lib/python3.12/site-packages/airflow/example_dags/tutorial.py
[2026-09-22T16:50:27.291+0000] {processor.py:840} INFO - DAG(s) 'tutorial' retrieved from /home/airflow/.local/lib/python3.12/site-packages/airflow/example_dags/tutorial.py
[2026-09-22T16:50:27.320+0000] {logging_mixin.py:188} INFO - [2026-09-22T16:50:27.319+0000] {dag.py:3089} INFO - Sync 1 DAGs
[2026-09-22T16:50:27.350+0000] {logging_mixin.py:188} INFO - [2026-09-22T16:50:27.350+0000] {dag.py:3947} INFO - Setting next_dagrun for tutorial to 2026-09-21 00:00:00+00:00, run_after=2026-09-22 00:00:00+00:00
[2026-09-22T16:50:27.387+0000] {processor.py:183} INFO - Processing /home/airflow/.local/lib/python3.12/site-packages/airflow/example_dags/tutorial.py took 0.118 seconds
[2026-09-22T16:50:58.079+0000] {processor.py:161} INFO - Started process (PID=905) to work on /home/airflow/.local/lib/python3.12/site-packages/airflow/example_dags/tutorial.py
[2026-09-22T16:50:58.091+0000] {processor.py:830} INFO - Processing file /home/airflow/.local/lib/python3.12/site-packages/airflow/example_dags/tutorial.py for tasks to queue
[2026-09-22T16:50:58.098+0000] {logging_mixin.py:188} INFO - [2026-09-22T16:50:58.097+0000] {dagbag.py:545} INFO - Filling up the DagBag from /home/airflow/.local/lib/python3.12/site-packages/airflow/example_dags/tutorial.py
[2026-09-22T16:50:58.134+0000] {processor.py:840} INFO - DAG(s) 'tutorial' retrieved from /home/airflow/.local/lib/python3.12/site-packages/airflow/example_dags/tutorial.py
[2026-09-22T16:50:58.237+0000] {logging_mixin.py:188} INFO - [2026-09-22T16:50:58.234+0000] {dag.py:3089} INFO - Sync 1 DAGs
[2026-09-22T16:50:58.339+0000] {logging_mixin.py:188} INFO - [2026-09-22T16:50:58.339+0000] {dag.py:3947} INFO - Setting next_dagrun for tutorial to 2026-09-21 00:00:00+00:00, run_after=2026-09-22 00:00:00+00:00
[2026-09-22T16:50:58.400+0000] {processor.py:183} INFO - Processing /home/airflow/.local/lib/python3.12/site-packages/airflow/example_dags/tutorial.py took 0.352 seconds
[2026-09-22T16:51:28.993+0000] {processor.py:161} INFO - Started process (PID=963) to work on /home/airflow/.local/lib/python3.12/site-packages/airflow/example_dags/tutorial.py
[2026-09-22T16:51:29.005+0000] {processor.py:830} INFO - Processing file /home/airflow/.local/lib/python3.12/site-packages/airflow/example_dags/tutorial.py for tasks to queue
[2026-09-22T16:51:29.010+0000] {logging_mixin.py:188} INFO - [2026-09-22T16:51:29.009+0000] {dagbag.py:545} INFO - Filling up the DagBag from /home/airflow/.local/lib/python3.12/site-packages/airflow/example_dags/tutorial.py
[2026-09-22T16:51:29.030+0000] {processor.py:840} INFO - DAG(s) 'tutorial' retrieved from /home/airflow/.local/lib/python3.12/site-packages/airflow/example_dags/tutorial.py
[2026-09-22T16:51:29.088+0000] {logging_mixin.py:188} INFO - [2026-09-22T16:51:29.088+0000] {dag.py:3089} INFO - Sync 1 DAGs
[2026-09-22T16:51:29.171+0000] {logging_mixin.py:188} INFO - [2026-09-22T16:51:29.171+0000] {dag.py:3947} INFO - Setting next_dagrun for tutorial to 2026-09-21 00:00:00+00:00, run_after=2026-09-22 00:00:00+00:00
[2026-09-22T16:51:29.228+0000] {processor.py:183} INFO - Processing /home/airflow/.local/lib/python3.12/site-packages/airflow/example_dags/tutorial.py took 0.250 seconds
[2026-09-22T16:52:22.947+0000] {processor.py:161} INFO - Started process (PID=1013) to work on /home/airflow/.local/lib/python3.12/site-packages/airflow/example_dags/tutorial.py
[2026-09-22T16:52:22.949+0000] {processor.py:830} INFO - Processing file /home/airflow/.local/lib/python3.12/site-packages/airflow/example_dags/tutorial.py for tasks to queue
[2026-09-22T16:52:22.952+0000] {logging_mixin.py:188} INFO - [2026-09-22T16:52:22.952+0000] {dagbag.py:545} INFO - Filling up the DagBag from /home/airflow/.local/lib/python3.12/site-packages/airflow/example_dags/tutorial.py
[2026-09-22T16:52:22.969+0000] {processor.py:840} INFO - DAG(s) 'tutorial' retrieved from /home/airflow/.local/lib/python3.12/site-packages/airflow/example_dags/tutorial.py
[2026-09-22T16:52:23.013+0000] {logging_mixin.py:188} INFO - [2026-09-22T16:52:23.012+0000] {dag.py:3089} INFO - Sync 1 DAGs
[2026-09-22T16:52:23.071+0000] {logging_mixin.py:188} INFO - [2026-09-22T16:52:23.070+0000] {dag.py:3947} INFO - Setting next_dagrun for tutorial to 2026-09-21 00:00:00+00:00, run_after=2026-09-22 00:00:00+00:00
[2026-09-22T16:52:23.124+0000] {processor.py:183} INFO - Processing /home/airflow/.local/lib/python3.12/site-packages/airflow/example_dags/tutorial.py took 0.185 seconds
[2026-09-22T16:52:53.334+0000] {processor.py:161} INFO - Started process (PID=1071) to work on /home/airflow/.local/lib/python3.12/site-packages/airflow/example_dags/tutorial.py
[2026-09-22T16:52:53.334+0000] {processor.py:830} INFO - Processing file /home/airflow/.local/lib/python3.12/site-packages/airflow/example_dags/tutorial.py for tasks to queue
[2026-09-22T16:52:53.336+0000] {logging_mixin.py:188} INFO - [2026-09-22T16:52:53.336+0000] {dagbag.py:545} INFO - Filling up the DagBag from /home/airflow/.local/lib/python3.12/site-packages/airflow/example_dags/tutorial.py
[2026-09-22T16:52:53.342+0000] {processor.py:840} INFO - DAG(s) 'tutorial' retrieved from /home/airflow/.local/lib/python3.12/site-packages/airflow/example_dags/tutorial.py
[2026-09-22T16:52:53.359+0000] {logging_mixin.py:188} INFO - [2026-09-22T16:52:53.359+0000] {dag.py:3089} INFO - Sync 1 DAGs
[2026-09-22T16:52:53.376+0000] {logging_mixin.py:188} INFO - [2026-09-22T16:52:53.376+0000] {dag.py:3947} INFO - Setting next_dagrun for tutorial to 2026-09-21 00:00:00+00:00, run_after=2026-09-22 00:00:00+00:00
[2026-09-22T16:52:53.392+0000] {processor.py:183} INFO - Processing /home/airflow/.local/lib/python3.12/site-packages/airflow/example_dags/tutorial.py took 0.064 seconds
[2026-09-22T16:53:23.525+0000] {processor.py:161} INFO - Started process (PID=1129) to work on /home/airflow/.local/lib/python3.12/site-packages/airflow/example_dags/tutorial.py
[2026-09-22T16:53:23.526+0000] {processor.py:830} INFO - Processing file /home/airflow/.local/lib/python3.12/site-packages/airflow/example_dags/tutorial.py for tasks to queue
[2026-09-22T16:53:23.528+0000] {logging_mixin.py:188} INFO - [2026-09-22T16:53:23.528+0000] {dagbag.py:545} INFO - Filling up the DagBag from /home/airflow/.local/lib/python3.12/site-packages/airflow/example_dags/tutorial.py
[2026-09-22T16:53:23.534+0000] {processor.py:840} INFO - DAG(s) 'tutorial' retrieved from /home/airflow/.local/lib/python3.12/site-packages/airflow/example_dags/tutorial.py
[2026-09-22T16:53:23.554+0000] {logging_mixin.py:188} INFO - [2026-09-22T16:53:23.553+0000] {dag.py:3089} INFO - Sync 1 DAGs
[2026-09-22T16:53:23.576+0000] {logging_mixin.py:188} INFO - [2026-09-22T16:53:23.576+0000] {dag.py:3947} INFO - Setting next_dagrun for tutorial to 2026-09-21 00:00:00+00:00, run_after=2026-09-22 00:00:00+00:00
[2026-09-22T16:53:23.597+0000] {processor.py:183} INFO - Processing /home/airflow/.local/lib/python3.12/site-packages/airflow/example_dags/tutorial.py took 0.078 seconds
[2026-09-22T16:53:53.758+0000] {processor.py:161} INFO - Started process (PID=1187) to work on /home/airflow/.local/lib/python3.12/site-packages/airflow/example_dags/tutorial.py
[2026-09-22T16:53:53.759+0000] {processor.py:830} INFO - Processing file /home/airflow/.local/lib/python3.12/site-packages/airflow/example_dags/tutorial.py for tasks to queue
[2026-09-22T16:53:53.760+0000] {logging_mixin.py:188} INFO - [2026-09-22T16:53:53.760+0000] {dagbag.py:545} INFO - Filling up the DagBag from /home/airflow/.local/lib/python3.12/site-packages/airflow/example_dags/tutorial.py
[2026-09-22T16:53:53.765+0000] {processor.py:840} INFO - DAG(s) 'tutorial' retrieved from /home/airflow/.local/lib/python3.12/site-packages/airflow/example_dags/tutorial.py
[2026-09-22T16:53:53.785+0000] {logging_mixin.py:188} INFO - [2026-09-22T16:53:53.784+0000] {dag.py:3089} INFO - Sync 1 DAGs
[2026-09-22T16:53:53.807+0000] {logging_mixin.py:188} INFO - [2026-09-22T16:53:53.807+0000] {dag.py:3947} INFO - Setting next_dagrun for tutorial to 2026-09-21 00:00:00+00:00, run_after=2026-09-22 00:00:00+00:00
[2026-09-22T16:53:53.835+0000] {processor.py:183} INFO - Processing /home/airflow/.local/lib/python3.12/site-packages/airflow/example_dags/tutorial.py took 0.083 seconds
[2026-09-22T16:54:24.013+0000] {processor.py:161} INFO - Started process (PID=1245) to work on /home/airflow/.local/lib/python3.12/site-packages/airflow/example_dags/tutorial.py
[2026-09-22T16:54:24.014+0000] {processor.py:830} INFO - Processing file /home/airflow/.local/lib/python3.12/site-packages/airflow/example_dags/tutorial.py for tasks to queue
[2026-09-22T16:54:24.016+0000] {logging_mixin.py:188} INFO - [2026-09-22T16:54:24.015+0000] {dagbag.py:545} INFO - Filling up the DagBag from /home/airflow/.local/lib/python3.12/site-packages/airflow/example_dags/tutorial.py
[2026-09-22T16:54:24.021+0000] {processor.py:840} INFO - DAG(s) 'tutorial' retrieved from /home/airflow/.local/lib/python3.12/site-packages/airflow/example_dags/tutorial.py
[2026-09-22T16:54:24.043+0000] {logging_mixin.py:188} INFO - [2026-09-22T16:54:24.043+0000] {dag.py:3089} INFO - Sync 1 DAGs
[2026-09-22T16:54:24.072+0000] {logging_mixin.py:188} INFO - [2026-09-22T16:54:24.072+0000] {dag.py:3947} INFO - Setting next_dagrun for tutorial to 2026-09-21 00:00:00+00:00, run_after=2026-09-22 00:00:00+00:00
[2026-09-22T16:54:24.098+0000] {processor.py:183} INFO - Processing /home/airflow/.local/lib/python3.12/site-packages/airflow/example_dags/tutorial.py took 0.091 seconds
[2026-09-22T16:54:54.538+0000] {processor.py:161} INFO - Started process (PID=1303) to work on /home/airflow/.local/lib/python3.12/site-packages/airflow/example_dags/tutorial.py
[2026-09-22T16:54:54.540+0000] {processor.py:830} INFO - Processing file /home/airflow/.local/lib/python3.12/site-packages/airflow/example_dags/tutorial.py for tasks to queue
[2026-09-22T16:54:54.542+0000] {logging_mixin.py:188} INFO - [2026-09-22T16:54:54.541+0000] {dagbag.py:545} INFO - Filling up the DagBag from /home/airflow/.local/lib/python3.12/site-packages/airflow/example_dags/tutorial.py
[2026-09-22T16:54:54.548+0000] {processor.py:840} INFO - DAG(s) 'tutorial' retrieved from /home/airflow/.local/lib/python3.12/site-packages/airflow/example_dags/tutorial.py
[2026-09-22T16:54:54.568+0000] {logging_mixin.py:188} INFO - [2026-09-22T16:54:54.568+0000] {dag.py:3089} INFO - Sync 1 DAGs
[2026-09-22T16:54:54.596+0000] {logging_mixin.py:188} INFO - [2026-09-22T16:54:54.596+0000] {dag.py:3947} INFO - Setting next_dagrun for tutorial to 2026-09-21 00:00:00+00:00, run_after=2026-09-22 00:00:00+00:00
[2026-09-22T16:54:54.622+0000] {processor.py:183} INFO - Processing /home/airflow/.local/lib/python3.12/site-packages/airflow/example_dags/tutorial.py took 0.091 seconds
[2026-09-22T16:55:24.982+0000] {processor.py:161} INFO - Started process (PID=1361) to work on /home/airflow/.local/lib/python3.12/site-packages/airflow/example_dags/tutorial.py
[2026-09-22T16:55:24.983+0000] {processor.py:830} INFO - Processing file /home/airflow/.local/lib/python3.12/site-packages/airflow/example_dags/tutorial.py for tasks to queue
[2026-09-22T16:55:24.985+0000] {logging_mixin.py:188} INFO - [2026-09-22T16:55:24.985+0000] {dagbag.py:545} INFO - Filling up the DagBag from /home/airflow/.local/lib/python3.12/site-packages/airflow/example_dags/tutorial.py
[2026-09-22T16:55:24.995+0000] {processor.py:840} INFO - DAG(s) 'tutorial' retrieved from /home/airflow/.local/lib/python3.12/site-packages/airflow/example_dags/tutorial.py
[2026-09-22T16:55:25.024+0000] {logging_mixin.py:188} INFO - [2026-09-22T16:55:25.024+0000] {dag.py:3089} INFO - Sync 1 DAGs
[2026-09-22T16:55:25.050+0000] {logging_mixin.py:188} INFO - [2026-09-22T16:55:25.050+0000] {dag.py:3947} INFO - Setting next_dagrun for tutorial to 2026-09-21 00:00:00+00:00, run_after=2026-09-22 00:00:00+00:00
[2026-09-22T16:55:25.071+0000] {processor.py:183} INFO - Processing /home/airflow/.local/lib/python3.12/site-packages/airflow/example_dags/tutorial.py took 0.096 seconds
[2026-09-22T16:55:55.470+0000] {processor.py:161} INFO - Started process (PID=1419) to work on /home/airflow/.local/lib/python3.12/site-packages/airflow/example_dags/tutorial.py
[2026-09-22T16:55:55.472+0000] {processor.py:830} INFO - Processing file /home/airflow/.local/lib/python3.12/site-packages/airflow/example_dags/tutorial.py for tasks to queue
[2026-09-22T16:55:55.475+0000] {logging_mixin.py:188} INFO - [2026-09-22T16:55:55.475+0000] {dagbag.py:545} INFO - Filling up the DagBag from /home/airflow/.local/lib/python3.12/site-packages/airflow/example_dags/tutorial.py
[2026-09-22T16:55:55.482+0000] {processor.py:840} INFO - DAG(s) 'tutorial' retrieved from /home/airflow/.local/lib/python3.12/site-packages/airflow/example_dags/tutorial.py
[2026-09-22T16:55:55.504+0000] {logging_mixin.py:188} INFO - [2026-09-22T16:55:55.503+0000] {dag.py:3089} INFO - Sync 1 DAGs
[2026-09-22T16:55:55.523+0000] {logging_mixin.py:188} INFO - [2026-09-22T16:55:55.523+0000] {dag.py:3947} INFO - Setting next_dagrun for tutorial to 2026-09-21 00:00:00+00:00, run_after=2026-09-22 00:00:00+00:00
[2026-09-22T16:55:55.544+0000] {processor.py:183} INFO - Processing /home/airflow/.local/lib/python3.12/site-packages/airflow/example_dags/tutorial.py took 0.081 seconds
[2026-09-22T16:56:26.362+0000] {processor.py:161} INFO - Started process (PID=1483) to work on /home/airflow/.local/lib/python3.12/site-packages/airflow/example_dags/tutorial.py
[2026-09-22T16:56:26.363+0000] {processor.py:830} INFO - Processing file /home/airflow/.local/lib/python3.12/site-packages/airflow/example_dags/tutorial.py for tasks to queue
[2026-09-22T16:56:26.366+0000] {logging_mixin.py:188} INFO - [2026-09-22T16:56:26.365+0000] {dagbag.py:545} INFO - Filling up the DagBag from /home/airflow/.local/lib/python3.12/site-packages/airflow/example_dags/tutorial.py
[2026-09-22T16:56:26.375+0000] {processor.py:840} INFO - DAG(s) 'tutorial' retrieved from /home/airflow/.local/lib/python3.12/site-packages/airflow/example_dags/tutorial.py
[2026-09-22T16:56:26.401+0000] {logging_mixin.py:188} INFO - [2026-09-22T16:56:26.401+0000] {dag.py:3089} INFO - Sync 1 DAGs
[2026-09-22T16:56:26.430+0000] {logging_mixin.py:188} INFO - [2026-09-22T16:56:26.429+0000] {dag.py:3947} INFO - Setting next_dagrun for tutorial to 2026-09-21 00:00:00+00:00, run_after=2026-09-22 00:00:00+00:00
[2026-09-22T16:56:26.455+0000] {processor.py:183} INFO - Processing /home/airflow/.local/lib/python3.12/site-packages/airflow/example_dags/tutorial.py took 0.107 seconds
[2026-09-22T16:58:03.788+0000] {processor.py:161} INFO - Started process (PID=103) to work on /home/airflow/.local/lib/python3.12/site-packages/airflow/example_dags/tutorial.py
[2026-09-22T16:58:03.790+0000] {processor.py:830} INFO - Processing file /home/airflow/.local/lib/python3.12/site-packages/airflow/example_dags/tutorial.py for tasks to queue
[2026-09-22T16:58:03.794+0000] {logging_mixin.py:188} INFO - [2026-09-22T16:58:03.793+0000] {dagbag.py:545} INFO - Filling up the DagBag from /home/airflow/.local/lib/python3.12/site-packages/airflow/example_dags/tutorial.py
[2026-09-22T16:58:03.804+0000] {processor.py:840} INFO - DAG(s) 'tutorial' retrieved from /home/airflow/.local/lib/python3.12/site-packages/airflow/example_dags/tutorial.py
[2026-09-22T16:58:03.976+0000] {logging_mixin.py:188} INFO - [2026-09-22T16:58:03.976+0000] {dag.py:3089} INFO - Sync 1 DAGs
[2026-09-22T16:58:04.003+0000] {logging_mixin.py:188} INFO - [2026-09-22T16:58:04.003+0000] {dag.py:3947} INFO - Setting next_dagrun for tutorial to 2026-09-21 00:00:00+00:00, run_after=2026-09-22 00:00:00+00:00
[2026-09-22T16:58:04.033+0000] {processor.py:183} INFO - Processing /home/airflow/.local/lib/python3.12/site-packages/airflow/example_dags/tutorial.py took 0.256 seconds
[2026-09-22T16:58:34.201+0000] {processor.py:161} INFO - Started process (PID=161) to work on /home/airflow/.local/lib/python3.12/site-packages/airflow/example_dags/tutorial.py
[2026-09-22T16:58:34.203+0000] {processor.py:830} INFO - Processing file /home/airflow/.local/lib/python3.12/site-packages/airflow/example_dags/tutorial.py for tasks to queue
[2026-09-22T16:58:34.205+0000] {logging_mixin.py:188} INFO - [2026-09-22T16:58:34.205+0000] {dagbag.py:545} INFO - Filling up the DagBag from /home/airflow/.local/lib/python3.12/site-packages/airflow/example_dags/tutorial.py
[2026-09-22T16:58:34.211+0000] {processor.py:840} INFO - DAG(s) 'tutorial' retrieved from /home/airflow/.local/lib/python3.12/site-packages/airflow/example_dags/tutorial.py
[2026-09-22T16:58:34.231+0000] {logging_mixin.py:188} INFO - [2026-09-22T16:58:34.231+0000] {dag.py:3089} INFO - Sync 1 DAGs
[2026-09-22T16:58:34.251+0000] {logging_mixin.py:188} INFO - [2026-09-22T16:58:34.251+0000] {dag.py:3947} INFO - Setting next_dagrun for tutorial to 2026-09-21 00:00:00+00:00, run_after=2026-09-22 00:00:00+00:00
[2026-09-22T16:58:34.272+0000] {processor.py:183} INFO - Processing /home/airflow/.local/lib/python3.12/site-packages/airflow/example_dags/tutorial.py took 0.076 seconds
[2026-09-22T16:59:05.159+0000] {processor.py:161} INFO - Started process (PID=219) to work on /home/airflow/.local/lib/python3.12/site-packages/airflow/example_dags/tutorial.py
[2026-09-22T16:59:05.160+0000] {processor.py:830} INFO - Processing file /home/airflow/.local/lib/python3.12/site-packages/airflow/example_dags/tutorial.py for tasks to queue
[2026-09-22T16:59:05.162+0000] {logging_mixin.py:188} INFO - [2026-09-22T16:59:05.162+0000] {dagbag.py:545} INFO - Filling up the DagBag from /home/airflow/.local/lib/python3.12/site-packages/airflow/example_dags/tutorial.py
[2026-09-22T16:59:05.167+0000] {processor.py:840} INFO - DAG(s) 'tutorial' retrieved from /home/airflow/.local/lib/python3.12/site-packages/airflow/example_dags/tutorial.py
[2026-09-22T16:59:05.190+0000] {logging_mixin.py:188} INFO - [2026-09-22T16:59:05.189+0000] {dag.py:3089} INFO - Sync 1 DAGs
[2026-09-22T16:59:05.209+0000] {logging_mixin.py:188} INFO - [2026-09-22T16:59:05.209+0000] {dag.py:3947} INFO - Setting next_dagrun for tutorial to 2026-09-21 00:00:00+00:00, run_after=2026-09-22 00:00:00+00:00
[2026-09-22T16:59:05.228+0000] {processor.py:183} INFO - Processing /home/airflow/.local/lib/python3.12/site-packages/airflow/example_dags/tutorial.py took 0.075 seconds
[2026-09-22T16:59:35.553+0000] {processor.py:161} INFO - Started process (PID=277) to work on /home/airflow/.local/lib/python3.12/site-packages/airflow/example_dags/tutorial.py
[2026-09-22T16:59:35.555+0000] {processor.py:830} INFO - Processing file /home/airflow/.local/lib/python3.12/site-packages/airflow/example_dags/tutorial.py for tasks to queue
[2026-09-22T16:59:35.557+0000] {logging_mixin.py:188} INFO - [2026-09-22T16:59:35.557+0000] {dagbag.py:545} INFO - Filling up the DagBag from /home/airflow/.local/lib/python3.12/site-packages/airflow/example_dags/tutorial.py
[2026-09-22T16:59:35.563+0000] {processor.py:840} INFO - DAG(s) 'tutorial' retrieved from /home/airflow/.local/lib/python3.12/site-packages/airflow/example_dags/tutorial.py
[2026-09-22T16:59:35.582+0000] {logging_mixin.py:188} INFO - [2026-09-22T16:59:35.582+0000] {dag.py:3089} INFO - Sync 1 DAGs
[2026-09-22T16:59:35.605+0000] {logging_mixin.py:188} INFO - [2026-09-22T16:59:35.605+0000] {dag.py:3947} INFO - Setting next_dagrun for tutorial to 2026-09-21 00:00:00+00:00, run_after=2026-09-22 00:00:00+00:00
[2026-09-22T16:59:35.625+0000] {processor.py:183} INFO - Processing /home/airflow/.local/lib/python3.12/site-packages/airflow/example_dags/tutorial.py took 0.080 seconds
[2026-09-22T17:00:05.799+0000] {processor.py:161} INFO - Started process (PID=335) to work on /home/airflow/.local/lib/python3.12/site-packages/airflow/example_dags/tutorial.py
[2026-09-22T17:00:05.801+0000] {processor.py:830} INFO - Processing file /home/airflow/.local/lib/python3.12/site-packages/airflow/example_dags/tutorial.py for tasks to queue
[2026-09-22T17:00:05.804+0000] {logging_mixin.py:188} INFO - [2026-09-22T17:00:05.803+0000] {dagbag.py:545} INFO - Filling up the DagBag from /home/airflow/.local/lib/python3.12/site-packages/airflow/example_dags/tutorial.py
[2026-09-22T17:00:05.811+0000] {processor.py:840} INFO - DAG(s) 'tutorial' retrieved from /home/airflow/.local/lib/python3.12/site-packages/airflow/example_dags/tutorial.py
[2026-09-22T17:00:05.831+0000] {logging_mixin.py:188} INFO - [2026-09-22T17:00:05.831+0000] {dag.py:3089} INFO - Sync 1 DAGs
[2026-09-22T17:00:05.852+0000] {logging_mixin.py:188} INFO - [2026-09-22T17:00:05.852+0000] {dag.py:3947} INFO - Setting next_dagrun for tutorial to 2026-09-21 00:00:00+00:00, run_after=2026-09-22 00:00:00+00:00
[2026-09-22T17:00:05.874+0000] {processor.py:183} INFO - Processing /home/airflow/.local/lib/python3.12/site-packages/airflow/example_dags/tutorial.py took 0.080 seconds
[2026-09-22T17:00:36.379+0000] {processor.py:161} INFO - Started process (PID=393) to work on /home/airflow/.local/lib/python3.12/site-packages/airflow/example_dags/tutorial.py
[2026-09-22T17:00:36.380+0000] {processor.py:830} INFO - Processing file /home/airflow/.local/lib/python3.12/site-packages/airflow/example_dags/tutorial.py for tasks to queue
[2026-09-22T17:00:36.382+0000] {logging_mixin.py:188} INFO - [2026-09-22T17:00:36.382+0000] {dagbag.py:545} INFO - Filling up the DagBag from /home/airflow/.local/lib/python3.12/site-packages/airflow/example_dags/tutorial.py
[2026-09-22T17:00:36.392+0000] {processor.py:840} INFO - DAG(s) 'tutorial' retrieved from /home/airflow/.local/lib/python3.12/site-packages/airflow/example_dags/tutorial.py
[2026-09-22T17:00:36.412+0000] {logging_mixin.py:188} INFO - [2026-09-22T17:00:36.412+0000] {dag.py:3089} INFO - Sync 1 DAGs
[2026-09-22T17:00:36.433+0000] {logging_mixin.py:188} INFO - [2026-09-22T17:00:36.432+0000] {dag.py:3947} INFO - Setting next_dagrun for tutorial to 2026-09-21 00:00:00+00:00, run_after=2026-09-22 00:00:00+00:00
[2026-09-22T17:00:36.454+0000] {processor.py:183} INFO - Processing /home/airflow/.local/lib/python3.12/site-packages/airflow/example_dags/tutorial.py took 0.084 seconds
[2026-09-22T17:01:06.881+0000] {processor.py:161} INFO - Started process (PID=451) to work on /home/airflow/.local/lib/python3.12/site-packages/airflow/example_dags/tutorial.py
[2026-09-22T17:01:06.883+0000] {processor.py:830} INFO - Processing file /home/airflow/.local/lib/python3.12/site-packages/airflow/example_dags/tutorial.py for tasks to queue
[2026-09-22T17:01:06.886+0000] {logging_mixin.py:188} INFO - [2026-09-22T17:01:06.885+0000] {dagbag.py:545} INFO - Filling up the DagBag from /home/airflow/.local/lib/python3.12/site-packages/airflow/example_dags/tutorial.py
[2026-09-22T17:01:06.897+0000] {processor.py:840} INFO - DAG(s) 'tutorial' retrieved from /home/airflow/.local/lib/python3.12/site-packages/airflow/example_dags/tutorial.py
[2026-09-22T17:01:06.922+0000] {logging_mixin.py:188} INFO - [2026-09-22T17:01:06.922+0000] {dag.py:3089} INFO - Sync 1 DAGs
[2026-09-22T17:01:06.948+0000] {logging_mixin.py:188} INFO - [2026-09-22T17:01:06.948+0000] {dag.py:3947} INFO - Setting next_dagrun for tutorial to 2026-09-21 00:00:00+00:00, run_after=2026-09-22 00:00:00+00:00
[2026-09-22T17:01:06.974+0000] {processor.py:183} INFO - Processing /home/airflow/.local/lib/python3.12/site-packages/airflow/example_dags/tutorial.py took 0.102 seconds
[2026-09-22T17:01:37.485+0000] {processor.py:161} INFO - Started process (PID=509) to work on /home/airflow/.local/lib/python3.12/site-packages/airflow/example_dags/tutorial.py
[2026-09-22T17:01:37.487+0000] {processor.py:830} INFO - Processing file /home/airflow/.local/lib/python3.12/site-packages/airflow/example_dags/tutorial.py for tasks to queue
[2026-09-22T17:01:37.490+0000] {logging_mixin.py:188} INFO - [2026-09-22T17:01:37.490+0000] {dagbag.py:545} INFO - Filling up the DagBag from /home/airflow/.local/lib/python3.12/site-packages/airflow/example_dags/tutorial.py
[2026-09-22T17:01:37.496+0000] {processor.py:840} INFO - DAG(s) 'tutorial' retrieved from /home/airflow/.local/lib/python3.12/site-packages/airflow/example_dags/tutorial.py
[2026-09-22T17:01:37.516+0000] {logging_mixin.py:188} INFO - [2026-09-22T17:01:37.516+0000] {dag.py:3089} INFO - Sync 1 DAGs
[2026-09-22T17:01:37.537+0000] {logging_mixin.py:188} INFO - [2026-09-22T17:01:37.537+0000] {dag.py:3947} INFO - Setting next_dagrun for tutorial to 2026-09-21 00:00:00+00:00, run_after=2026-09-22 00:00:00+00:00
[2026-09-22T17:01:37.559+0000] {processor.py:183} INFO - Processing /home/airflow/.local/lib/python3.12/site-packages/airflow/example_dags/tutorial.py took 0.080 seconds
[2026-09-22T17:02:08.502+0000] {processor.py:161} INFO - Started process (PID=567) to work on /home/airflow/.local/lib/python3.12/site-packages/airflow/example_dags/tutorial.py
[2026-09-22T17:02:08.503+0000] {processor.py:830} INFO - Processing file /home/airflow/.local/lib/python3.12/site-packages/airflow/example_dags/tutorial.py for tasks to queue
[2026-09-22T17:02:08.505+0000] {logging_mixin.py:188} INFO - [2026-09-22T17:02:08.504+0000] {dagbag.py:545} INFO - Filling up the DagBag from /home/airflow/.local/lib/python3.12/site-packages/airflow/example_dags/tutorial.py
[2026-09-22T17:02:08.510+0000] {processor.py:840} INFO - DAG(s) 'tutorial' retrieved from /home/airflow/.local/lib/python3.12/site-packages/airflow/example_dags/tutorial.py
[2026-09-22T17:02:08.529+0000] {logging_mixin.py:188} INFO - [2026-09-22T17:02:08.529+0000] {dag.py:3089} INFO - Sync 1 DAGs
[2026-09-22T17:02:08.549+0000] {logging_mixin.py:188} INFO - [2026-09-22T17:02:08.549+0000] {dag.py:3947} INFO - Setting next_dagrun for tutorial to 2026-09-21 00:00:00+00:00, run_after=2026-09-22 00:00:00+00:00
[2026-09-22T17:02:08.569+0000] {processor.py:183} INFO - Processing /home/airflow/.local/lib/python3.12/site-packages/airflow/example_dags/tutorial.py took 0.073 seconds
[2026-09-22T17:03:32.511+0000] {processor.py:161} INFO - Started process (PID=101) to work on /home/airflow/.local/lib/python3.12/site-packages/airflow/example_dags/tutorial.py
[2026-09-22T17:03:32.513+0000] {processor.py:830} INFO - Processing file /home/airflow/.local/lib/python3.12/site-packages/airflow/example_dags/tutorial.py for tasks to queue
[2026-09-22T17:03:32.516+0000] {logging_mixin.py:188} INFO - [2026-09-22T17:03:32.516+0000] {dagbag.py:545} INFO - Filling up the DagBag from /home/airflow/.local/lib/python3.12/site-packages/airflow/example_dags/tutorial.py
[2026-09-22T17:03:32.524+0000] {processor.py:840} INFO - DAG(s) 'tutorial' retrieved from /home/airflow/.local/lib/python3.12/site-packages/airflow/example_dags/tutorial.py
[2026-09-22T17:03:32.654+0000] {logging_mixin.py:188} INFO - [2026-09-22T17:03:32.654+0000] {dag.py:3089} INFO - Sync 1 DAGs
[2026-09-22T17:03:32.683+0000] {logging_mixin.py:188} INFO - [2026-09-22T17:03:32.683+0000] {dag.py:3947} INFO - Setting next_dagrun for tutorial to 2026-09-21 00:00:00+00:00, run_after=2026-09-22 00:00:00+00:00
[2026-09-22T17:03:32.712+0000] {processor.py:183} INFO - Processing /home/airflow/.local/lib/python3.12/site-packages/airflow/example_dags/tutorial.py took 0.207 seconds
[2026-09-22T17:04:03.684+0000] {processor.py:161} INFO - Started process (PID=159) to work on /home/airflow/.local/lib/python3.12/site-packages/airflow/example_dags/tutorial.py
[2026-09-22T17:04:03.686+0000] {processor.py:830} INFO - Processing file /home/airflow/.local/lib/python3.12/site-packages/airflow/example_dags/tutorial.py for tasks to queue
[2026-09-22T17:04:03.688+0000] {logging_mixin.py:188} INFO - [2026-09-22T17:04:03.687+0000] {dagbag.py:545} INFO - Filling up the DagBag from /home/airflow/.local/lib/python3.12/site-packages/airflow/example_dags/tutorial.py
[2026-09-22T17:04:03.693+0000] {processor.py:840} INFO - DAG(s) 'tutorial' retrieved from /home/airflow/.local/lib/python3.12/site-packages/airflow/example_dags/tutorial.py
[2026-09-22T17:04:03.713+0000] {logging_mixin.py:188} INFO - [2026-09-22T17:04:03.713+0000] {dag.py:3089} INFO - Sync 1 DAGs
[2026-09-22T17:04:03.731+0000] {logging_mixin.py:188} INFO - [2026-09-22T17:04:03.731+0000] {dag.py:3947} INFO - Setting next_dagrun for tutorial to 2026-09-21 00:00:00+00:00, run_after=2026-09-22 00:00:00+00:00
[2026-09-22T17:04:03.759+0000] {processor.py:183} INFO - Processing /home/airflow/.local/lib/python3.12/site-packages/airflow/example_dags/tutorial.py took 0.080 seconds
[2026-09-22T17:04:34.525+0000] {processor.py:161} INFO - Started process (PID=217) to work on /home/airflow/.local/lib/python3.12/site-packages/airflow/example_dags/tutorial.py
[2026-09-22T17:04:34.526+0000] {processor.py:830} INFO - Processing file /home/airflow/.local/lib/python3.12/site-packages/airflow/example_dags/tutorial.py for tasks to queue
[2026-09-22T17:04:34.528+0000] {logging_mixin.py:188} INFO - [2026-09-22T17:04:34.528+0000] {dagbag.py:545} INFO - Filling up the DagBag from /home/airflow/.local/lib/python3.12/site-packages/airflow/example_dags/tutorial.py
[2026-09-22T17:04:34.534+0000] {processor.py:840} INFO - DAG(s) 'tutorial' retrieved from /home/airflow/.local/lib/python3.12/site-packages/airflow/example_dags/tutorial.py
[2026-09-22T17:04:34.554+0000] {logging_mixin.py:188} INFO - [2026-09-22T17:04:34.553+0000] {dag.py:3089} INFO - Sync 1 DAGs
[2026-09-22T17:04:34.572+0000] {logging_mixin.py:188} INFO - [2026-09-22T17:04:34.571+0000] {dag.py:3947} INFO - Setting next_dagrun for tutorial to 2026-09-21 00:00:00+00:00, run_after=2026-09-22 00:00:00+00:00
[2026-09-22T17:04:34.596+0000] {processor.py:183} INFO - Processing /home/airflow/.local/lib/python3.12/site-packages/airflow/example_dags/tutorial.py took 0.076 seconds
[2026-09-22T17:05:05.421+0000] {processor.py:161} INFO - Started process (PID=275) to work on /home/airflow/.local/lib/python3.12/site-packages/airflow/example_dags/tutorial.py
[2026-09-22T17:05:05.424+0000] {processor.py:830} INFO - Processing file /home/airflow/.local/lib/python3.12/site-packages/airflow/example_dags/tutorial.py for tasks to queue
[2026-09-22T17:05:05.427+0000] {logging_mixin.py:188} INFO - [2026-09-22T17:05:05.427+0000] {dagbag.py:545} INFO - Filling up the DagBag from /home/airflow/.local/lib/python3.12/site-packages/airflow/example_dags/tutorial.py
[2026-09-22T17:05:05.437+0000] {processor.py:840} INFO - DAG(s) 'tutorial' retrieved from /home/airflow/.local/lib/python3.12/site-packages/airflow/example_dags/tutorial.py
[2026-09-22T17:05:05.470+0000] {logging_mixin.py:188} INFO - [2026-09-22T17:05:05.469+0000] {dag.py:3089} INFO - Sync 1 DAGs
[2026-09-22T17:05:05.498+0000] {logging_mixin.py:188} INFO - [2026-09-22T17:05:05.497+0000] {dag.py:3947} INFO - Setting next_dagrun for tutorial to 2026-09-21 00:00:00+00:00, run_after=2026-09-22 00:00:00+00:00
[2026-09-22T17:05:05.520+0000] {processor.py:183} INFO - Processing /home/airflow/.local/lib/python3.12/site-packages/airflow/example_dags/tutorial.py took 0.108 seconds
[2026-09-22T17:05:35.690+0000] {processor.py:161} INFO - Started process (PID=333) to work on /home/airflow/.local/lib/python3.12/site-packages/airflow/example_dags/tutorial.py
[2026-09-22T17:05:35.692+0000] {processor.py:830} INFO - Processing file /home/airflow/.local/lib/python3.12/site-packages/airflow/example_dags/tutorial.py for tasks to queue
[2026-09-22T17:05:35.697+0000] {logging_mixin.py:188} INFO - [2026-09-22T17:05:35.696+0000] {dagbag.py:545} INFO - Filling up the DagBag from /home/airflow/.local/lib/python3.12/site-packages/airflow/example_dags/tutorial.py
[2026-09-22T17:05:35.711+0000] {processor.py:840} INFO - DAG(s) 'tutorial' retrieved from /home/airflow/.local/lib/python3.12/site-packages/airflow/example_dags/tutorial.py
[2026-09-22T17:05:35.746+0000] {logging_mixin.py:188} INFO - [2026-09-22T17:05:35.746+0000] {dag.py:3089} INFO - Sync 1 DAGs
[2026-09-22T17:05:35.779+0000] {logging_mixin.py:188} INFO - [2026-09-22T17:05:35.779+0000] {dag.py:3947} INFO - Setting next_dagrun for tutorial to 2026-09-21 00:00:00+00:00, run_after=2026-09-22 00:00:00+00:00
[2026-09-22T17:05:35.806+0000] {processor.py:183} INFO - Processing /home/airflow/.local/lib/python3.12/site-packages/airflow/example_dags/tutorial.py took 0.125 seconds
[2026-09-22T17:06:05.984+0000] {processor.py:161} INFO - Started process (PID=391) to work on /home/airflow/.local/lib/python3.12/site-packages/airflow/example_dags/tutorial.py
[2026-09-22T17:06:05.985+0000] {processor.py:830} INFO - Processing file /home/airflow/.local/lib/python3.12/site-packages/airflow/example_dags/tutorial.py for tasks to queue
[2026-09-22T17:06:05.988+0000] {logging_mixin.py:188} INFO - [2026-09-22T17:06:05.988+0000] {dagbag.py:545} INFO - Filling up the DagBag from /home/airflow/.local/lib/python3.12/site-packages/airflow/example_dags/tutorial.py
[2026-09-22T17:06:05.992+0000] {processor.py:840} INFO - DAG(s) 'tutorial' retrieved from /home/airflow/.local/lib/python3.12/site-packages/airflow/example_dags/tutorial.py
[2026-09-22T17:06:06.012+0000] {logging_mixin.py:188} INFO - [2026-09-22T17:06:06.012+0000] {dag.py:3089} INFO - Sync 1 DAGs
[2026-09-22T17:06:06.032+0000] {logging_mixin.py:188} INFO - [2026-09-22T17:06:06.032+0000] {dag.py:3947} INFO - Setting next_dagrun for tutorial to 2026-09-21 00:00:00+00:00, run_after=2026-09-22 00:00:00+00:00
[2026-09-22T17:06:06.060+0000] {processor.py:183} INFO - Processing /home/airflow/.local/lib/python3.12/site-packages/airflow/example_dags/tutorial.py took 0.082 seconds
[2026-09-22T17:06:36.238+0000] {processor.py:161} INFO - Started process (PID=449) to work on /home/airflow/.local/lib/python3.12/site-packages/airflow/example_dags/tutorial.py
[2026-09-22T17:06:36.239+0000] {processor.py:830} INFO - Processing file /home/airflow/.local/lib/python3.12/site-packages/airflow/example_dags/tutorial.py for tasks to queue
[2026-09-22T17:06:36.241+0000] {logging_mixin.py:188} INFO - [2026-09-22T17:06:36.241+0000] {dagbag.py:545} INFO - Filling up the DagBag from /home/airflow/.local/lib/python3.12/site-packages/airflow/example_dags/tutorial.py
[2026-09-22T17:06:36.247+0000] {processor.py:840} INFO - DAG(s) 'tutorial' retrieved from /home/airflow/.local/lib/python3.12/site-packages/airflow/example_dags/tutorial.py
[2026-09-22T17:06:36.271+0000] {logging_mixin.py:188} INFO - [2026-09-22T17:06:36.271+0000] {dag.py:3089} INFO - Sync 1 DAGs
[2026-09-22T17:06:36.293+0000] {logging_mixin.py:188} INFO - [2026-09-22T17:06:36.293+0000] {dag.py:3947} INFO - Setting next_dagrun for tutorial to 2026-09-21 00:00:00+00:00, run_after=2026-09-22 00:00:00+00:00
[2026-09-22T17:06:36.315+0000] {processor.py:183} INFO - Processing /home/airflow/.local/lib/python3.12/site-packages/airflow/example_dags/tutorial.py took 0.084 seconds
[2026-09-22T17:07:07.008+0000] {processor.py:161} INFO - Started process (PID=507) to work on /home/airflow/.local/lib/python3.12/site-packages/airflow/example_dags/tutorial.py
[2026-09-22T17:07:07.009+0000] {processor.py:830} INFO - Processing file /home/airflow/.local/lib/python3.12/site-packages/airflow/example_dags/tutorial.py for tasks to queue
[2026-09-22T17:07:07.011+0000] {logging_mixin.py:188} INFO - [2026-09-22T17:07:07.011+0000] {dagbag.py:545} INFO - Filling up the DagBag from /home/airflow/.local/lib/python3.12/site-packages/airflow/example_dags/tutorial.py
[2026-09-22T17:07:07.018+0000] {processor.py:840} INFO - DAG(s) 'tutorial' retrieved from /home/airflow/.local/lib/python3.12/site-packages/airflow/example_dags/tutorial.py
[2026-09-22T17:07:07.044+0000] {logging_mixin.py:188} INFO - [2026-09-22T17:07:07.044+0000] {dag.py:3089} INFO - Sync 1 DAGs
[2026-09-22T17:07:07.063+0000] {logging_mixin.py:188} INFO - [2026-09-22T17:07:07.062+0000] {dag.py:3947} INFO - Setting next_dagrun for tutorial to 2026-09-21 00:00:00+00:00, run_after=2026-09-22 00:00:00+00:00
[2026-09-22T17:07:07.093+0000] {processor.py:183} INFO - Processing /home/airflow/.local/lib/python3.12/site-packages/airflow/example_dags/tutorial.py took 0.092 seconds
[2026-09-22T17:07:37.712+0000] {processor.py:161} INFO - Started process (PID=565) to work on /home/airflow/.local/lib/python3.12/site-packages/airflow/example_dags/tutorial.py
[2026-09-22T17:07:37.714+0000] {processor.py:830} INFO - Processing file /home/airflow/.local/lib/python3.12/site-packages/airflow/example_dags/tutorial.py for tasks to queue
[2026-09-22T17:07:37.717+0000] {logging_mixin.py:188} INFO - [2026-09-22T17:07:37.716+0000] {dagbag.py:545} INFO - Filling up the DagBag from /home/airflow/.local/lib/python3.12/site-packages/airflow/example_dags/tutorial.py
[2026-09-22T17:07:37.723+0000] {processor.py:840} INFO - DAG(s) 'tutorial' retrieved from /home/airflow/.local/lib/python3.12/site-packages/airflow/example_dags/tutorial.py
[2026-09-22T17:07:37.742+0000] {logging_mixin.py:188} INFO - [2026-09-22T17:07:37.742+0000] {dag.py:3089} INFO - Sync 1 DAGs
[2026-09-22T17:07:37.760+0000] {logging_mixin.py:188} INFO - [2026-09-22T17:07:37.760+0000] {dag.py:3947} INFO - Setting next_dagrun for tutorial to 2026-09-21 00:00:00+00:00, run_after=2026-09-22 00:00:00+00:00
[2026-09-22T17:07:37.784+0000] {processor.py:183} INFO - Processing /home/airflow/.local/lib/python3.12/site-packages/airflow/example_dags/tutorial.py took 0.079 seconds
[2026-09-22T17:08:08.034+0000] {processor.py:161} INFO - Started process (PID=623) to work on /home/airflow/.local/lib/python3.12/site-packages/airflow/example_dags/tutorial.py
[2026-09-22T17:08:08.035+0000] {processor.py:830} INFO - Processing file /home/airflow/.local/lib/python3.12/site-packages/airflow/example_dags/tutorial.py for tasks to queue
[2026-09-22T17:08:08.037+0000] {logging_mixin.py:188} INFO - [2026-09-22T17:08:08.037+0000] {dagbag.py:545} INFO - Filling up the DagBag from /home/airflow/.local/lib/python3.12/site-packages/airflow/example_dags/tutorial.py
[2026-09-22T17:08:08.042+0000] {processor.py:840} INFO - DAG(s) 'tutorial' retrieved from /home/airflow/.local/lib/python3.12/site-packages/airflow/example_dags/tutorial.py
[2026-09-22T17:08:08.060+0000] {logging_mixin.py:188} INFO - [2026-09-22T17:08:08.059+0000] {dag.py:3089} INFO - Sync 1 DAGs
[2026-09-22T17:08:08.080+0000] {logging_mixin.py:188} INFO - [2026-09-22T17:08:08.080+0000] {dag.py:3947} INFO - Setting next_dagrun for tutorial to 2026-09-21 00:00:00+00:00, run_after=2026-09-22 00:00:00+00:00
[2026-09-22T17:08:08.104+0000] {processor.py:183} INFO - Processing /home/airflow/.local/lib/python3.12/site-packages/airflow/example_dags/tutorial.py took 0.075 seconds
[2026-09-22T17:08:38.353+0000] {processor.py:161} INFO - Started process (PID=687) to work on /home/airflow/.local/lib/python3.12/site-packages/airflow/example_dags/tutorial.py
[2026-09-22T17:08:38.354+0000] {processor.py:830} INFO - Processing file /home/airflow/.local/lib/python3.12/site-packages/airflow/example_dags/tutorial.py for tasks to queue
[2026-09-22T17:08:38.356+0000] {logging_mixin.py:188} INFO - [2026-09-22T17:08:38.356+0000] {dagbag.py:545} INFO - Filling up the DagBag from /home/airflow/.local/lib/python3.12/site-packages/airflow/example_dags/tutorial.py
[2026-09-22T17:08:38.362+0000] {processor.py:840} INFO - DAG(s) 'tutorial' retrieved from /home/airflow/.local/lib/python3.12/site-packages/airflow/example_dags/tutorial.py
[2026-09-22T17:08:38.380+0000] {logging_mixin.py:188} INFO - [2026-09-22T17:08:38.380+0000] {dag.py:3089} INFO - Sync 1 DAGs
[2026-09-22T17:08:38.398+0000] {logging_mixin.py:188} INFO - [2026-09-22T17:08:38.398+0000] {dag.py:3947} INFO - Setting next_dagrun for tutorial to 2026-09-21 00:00:00+00:00, run_after=2026-09-22 00:00:00+00:00
[2026-09-22T17:08:38.418+0000] {processor.py:183} INFO - Processing /home/airflow/.local/lib/python3.12/site-packages/airflow/example_dags/tutorial.py took 0.072 seconds
[2026-09-22T17:09:08.522+0000] {processor.py:161} INFO - Started process (PID=745) to work on /home/airflow/.local/lib/python3.12/site-packages/airflow/example_dags/tutorial.py
[2026-09-22T17:09:08.523+0000] {processor.py:830} INFO - Processing file /home/airflow/.local/lib/python3.12/site-packages/airflow/example_dags/tutorial.py for tasks to queue
[2026-09-22T17:09:08.525+0000] {logging_mixin.py:188} INFO - [2026-09-22T17:09:08.525+0000] {dagbag.py:545} INFO - Filling up the DagBag from /home/airflow/.local/lib/python3.12/site-packages/airflow/example_dags/tutorial.py
[2026-09-22T17:09:08.530+0000] {processor.py:840} INFO - DAG(s) 'tutorial' retrieved from /home/airflow/.local/lib/python3.12/site-packages/airflow/example_dags/tutorial.py
[2026-09-22T17:09:08.551+0000] {logging_mixin.py:188} INFO - [2026-09-22T17:09:08.551+0000] {dag.py:3089} INFO - Sync 1 DAGs
[2026-09-22T17:09:08.570+0000] {logging_mixin.py:188} INFO - [2026-09-22T17:09:08.570+0000] {dag.py:3947} INFO - Setting next_dagrun for tutorial to 2026-09-21 00:00:00+00:00, run_after=2026-09-22 00:00:00+00:00
[2026-09-22T17:09:08.593+0000] {processor.py:183} INFO - Processing /home/airflow/.local/lib/python3.12/site-packages/airflow/example_dags/tutorial.py took 0.078 seconds
[2026-09-22T17:09:38.711+0000] {processor.py:161} INFO - Started process (PID=803) to work on /home/airflow/.local/lib/python3.12/site-packages/airflow/example_dags/tutorial.py
[2026-09-22T17:09:38.712+0000] {processor.py:830} INFO - Processing file /home/airflow/.local/lib/python3.12/site-packages/airflow/example_dags/tutorial.py for tasks to queue
[2026-09-22T17:09:38.714+0000] {logging_mixin.py:188} INFO - [2026-09-22T17:09:38.714+0000] {dagbag.py:545} INFO - Filling up the DagBag from /home/airflow/.local/lib/python3.12/site-packages/airflow/example_dags/tutorial.py
[2026-09-22T17:09:38.720+0000] {processor.py:840} INFO - DAG(s) 'tutorial' retrieved from /home/airflow/.local/lib/python3.12/site-packages/airflow/example_dags/tutorial.py
[2026-09-22T17:09:38.740+0000] {logging_mixin.py:188} INFO - [2026-09-22T17:09:38.740+0000] {dag.py:3089} INFO - Sync 1 DAGs
[2026-09-22T17:09:38.758+0000] {logging_mixin.py:188} INFO - [2026-09-22T17:09:38.758+0000] {dag.py:3947} INFO - Setting next_dagrun for tutorial to 2026-09-21 00:00:00+00:00, run_after=2026-09-22 00:00:00+00:00
[2026-09-22T17:09:38.778+0000] {processor.py:183} INFO - Processing /home/airflow/.local/lib/python3.12/site-packages/airflow/example_dags/tutorial.py took 0.072 seconds
[2026-09-22T17:10:09.057+0000] {processor.py:161} INFO - Started process (PID=861) to work on /home/airflow/.local/lib/python3.12/site-packages/airflow/example_dags/tutorial.py
[2026-09-22T17:10:09.059+0000] {processor.py:830} INFO - Processing file /home/airflow/.local/lib/python3.12/site-packages/airflow/example_dags/tutorial.py for tasks to queue
[2026-09-22T17:10:09.061+0000] {logging_mixin.py:188} INFO - [2026-09-22T17:10:09.060+0000] {dagbag.py:545} INFO - Filling up the DagBag from /home/airflow/.local/lib/python3.12/site-packages/airflow/example_dags/tutorial.py
[2026-09-22T17:10:09.068+0000] {processor.py:840} INFO - DAG(s) 'tutorial' retrieved from /home/airflow/.local/lib/python3.12/site-packages/airflow/example_dags/tutorial.py
[2026-09-22T17:10:09.088+0000] {logging_mixin.py:188} INFO - [2026-09-22T17:10:09.088+0000] {dag.py:3089} INFO - Sync 1 DAGs
[2026-09-22T17:10:09.107+0000] {logging_mixin.py:188} INFO - [2026-09-22T17:10:09.107+0000] {dag.py:3947} INFO - Setting next_dagrun for tutorial to 2026-09-21 00:00:00+00:00, run_after=2026-09-22 00:00:00+00:00
[2026-09-22T17:10:09.127+0000] {processor.py:183} INFO - Processing /home/airflow/.local/lib/python3.12/site-packages/airflow/example_dags/tutorial.py took 0.075 seconds
[2026-09-22T17:10:40.009+0000] {processor.py:161} INFO - Started process (PID=919) to work on /home/airflow/.local/lib/python3.12/site-packages/airflow/example_dags/tutorial.py
[2026-09-22T17:10:40.010+0000] {processor.py:830} INFO - Processing file /home/airflow/.local/lib/python3.12/site-packages/airflow/example_dags/tutorial.py for tasks to queue
[2026-09-22T17:10:40.012+0000] {logging_mixin.py:188} INFO - [2026-09-22T17:10:40.012+0000] {dagbag.py:545} INFO - Filling up the DagBag from /home/airflow/.local/lib/python3.12/site-packages/airflow/example_dags/tutorial.py
[2026-09-22T17:10:40.018+0000] {processor.py:840} INFO - DAG(s) 'tutorial' retrieved from /home/airflow/.local/lib/python3.12/site-packages/airflow/example_dags/tutorial.py
[2026-09-22T17:10:40.038+0000] {logging_mixin.py:188} INFO - [2026-09-22T17:10:40.038+0000] {dag.py:3089} INFO - Sync 1 DAGs
[2026-09-22T17:10:40.061+0000] {logging_mixin.py:188} INFO - [2026-09-22T17:10:40.061+0000] {dag.py:3947} INFO - Setting next_dagrun for tutorial to 2026-09-21 00:00:00+00:00, run_after=2026-09-22 00:00:00+00:00
[2026-09-22T17:10:40.085+0000] {processor.py:183} INFO - Processing /home/airflow/.local/lib/python3.12/site-packages/airflow/example_dags/tutorial.py took 0.081 seconds
[2026-09-22T17:11:10.345+0000] {processor.py:161} INFO - Started process (PID=977) to work on /home/airflow/.local/lib/python3.12/site-packages/airflow/example_dags/tutorial.py
[2026-09-22T17:11:10.346+0000] {processor.py:830} INFO - Processing file /home/airflow/.local/lib/python3.12/site-packages/airflow/example_dags/tutorial.py for tasks to queue
[2026-09-22T17:11:10.348+0000] {logging_mixin.py:188} INFO - [2026-09-22T17:11:10.348+0000] {dagbag.py:545} INFO - Filling up the DagBag from /home/airflow/.local/lib/python3.12/site-packages/airflow/example_dags/tutorial.py
[2026-09-22T17:11:10.354+0000] {processor.py:840} INFO - DAG(s) 'tutorial' retrieved from /home/airflow/.local/lib/python3.12/site-packages/airflow/example_dags/tutorial.py
[2026-09-22T17:11:10.374+0000] {logging_mixin.py:188} INFO - [2026-09-22T17:11:10.374+0000] {dag.py:3089} INFO - Sync 1 DAGs
[2026-09-22T17:11:10.394+0000] {logging_mixin.py:188} INFO - [2026-09-22T17:11:10.394+0000] {dag.py:3947} INFO - Setting next_dagrun for tutorial to 2026-09-21 00:00:00+00:00, run_after=2026-09-22 00:00:00+00:00
[2026-09-22T17:11:10.425+0000] {processor.py:183} INFO - Processing /home/airflow/.local/lib/python3.12/site-packages/airflow/example_dags/tutorial.py took 0.085 seconds
[2026-09-22T17:11:40.614+0000] {processor.py:161} INFO - Started process (PID=1035) to work on /home/airflow/.local/lib/python3.12/site-packages/airflow/example_dags/tutorial.py
[2026-09-22T17:11:40.615+0000] {processor.py:830} INFO - Processing file /home/airflow/.local/lib/python3.12/site-packages/airflow/example_dags/tutorial.py for tasks to queue
[2026-09-22T17:11:40.617+0000] {logging_mixin.py:188} INFO - [2026-09-22T17:11:40.617+0000] {dagbag.py:545} INFO - Filling up the DagBag from /home/airflow/.local/lib/python3.12/site-packages/airflow/example_dags/tutorial.py
[2026-09-22T17:11:40.622+0000] {processor.py:840} INFO - DAG(s) 'tutorial' retrieved from /home/airflow/.local/lib/python3.12/site-packages/airflow/example_dags/tutorial.py
[2026-09-22T17:11:40.640+0000] {logging_mixin.py:188} INFO - [2026-09-22T17:11:40.640+0000] {dag.py:3089} INFO - Sync 1 DAGs
[2026-09-22T17:11:40.658+0000] {logging_mixin.py:188} INFO - [2026-09-22T17:11:40.657+0000] {dag.py:3947} INFO - Setting next_dagrun for tutorial to 2026-09-21 00:00:00+00:00, run_after=2026-09-22 00:00:00+00:00
[2026-09-22T17:11:40.681+0000] {processor.py:183} INFO - Processing /home/airflow/.local/lib/python3.12/site-packages/airflow/example_dags/tutorial.py took 0.072 seconds
[2026-09-22T17:12:10.942+0000] {processor.py:161} INFO - Started process (PID=1093) to work on /home/airflow/.local/lib/python3.12/site-packages/airflow/example_dags/tutorial.py
[2026-09-22T17:12:10.944+0000] {processor.py:830} INFO - Processing file /home/airflow/.local/lib/python3.12/site-packages/airflow/example_dags/tutorial.py for tasks to queue
[2026-09-22T17:12:10.946+0000] {logging_mixin.py:188} INFO - [2026-09-22T17:12:10.946+0000] {dagbag.py:545} INFO - Filling up the DagBag from /home/airflow/.local/lib/python3.12/site-packages/airflow/example_dags/tutorial.py
[2026-09-22T17:12:10.953+0000] {processor.py:840} INFO - DAG(s) 'tutorial' retrieved from /home/airflow/.local/lib/python3.12/site-packages/airflow/example_dags/tutorial.py
[2026-09-22T17:12:10.976+0000] {logging_mixin.py:188} INFO - [2026-09-22T17:12:10.975+0000] {dag.py:3089} INFO - Sync 1 DAGs
[2026-09-22T17:12:10.996+0000] {logging_mixin.py:188} INFO - [2026-09-22T17:12:10.996+0000] {dag.py:3947} INFO - Setting next_dagrun for tutorial to 2026-09-21 00:00:00+00:00, run_after=2026-09-22 00:00:00+00:00
[2026-09-22T17:12:11.018+0000] {processor.py:183} INFO - Processing /home/airflow/.local/lib/python3.12/site-packages/airflow/example_dags/tutorial.py took 0.082 seconds
[2026-09-22T17:12:41.079+0000] {processor.py:161} INFO - Started process (PID=1151) to work on /home/airflow/.local/lib/python3.12/site-packages/airflow/example_dags/tutorial.py
[2026-09-22T17:12:41.080+0000] {processor.py:830} INFO - Processing file /home/airflow/.local/lib/python3.12/site-packages/airflow/example_dags/tutorial.py for tasks to queue
[2026-09-22T17:12:41.083+0000] {logging_mixin.py:188} INFO - [2026-09-22T17:12:41.083+0000] {dagbag.py:545} INFO - Filling up the DagBag from /home/airflow/.local/lib/python3.12/site-packages/airflow/example_dags/tutorial.py
[2026-09-22T17:12:41.090+0000] {processor.py:840} INFO - DAG(s) 'tutorial' retrieved from /home/airflow/.local/lib/python3.12/site-packages/airflow/example_dags/tutorial.py
[2026-09-22T17:12:41.112+0000] {logging_mixin.py:188} INFO - [2026-09-22T17:12:41.112+0000] {dag.py:3089} INFO - Sync 1 DAGs
[2026-09-22T17:12:41.139+0000] {logging_mixin.py:188} INFO - [2026-09-22T17:12:41.139+0000] {dag.py:3947} INFO - Setting next_dagrun for tutorial to 2026-09-21 00:00:00+00:00, run_after=2026-09-22 00:00:00+00:00
[2026-09-22T17:12:41.161+0000] {processor.py:183} INFO - Processing /home/airflow/.local/lib/python3.12/site-packages/airflow/example_dags/tutorial.py took 0.088 seconds
[2026-09-22T17:13:11.522+0000] {processor.py:161} INFO - Started process (PID=1209) to work on /home/airflow/.local/lib/python3.12/site-packages/airflow/example_dags/tutorial.py
[2026-09-22T17:13:11.523+0000] {processor.py:830} INFO - Processing file /home/airflow/.local/lib/python3.12/site-packages/airflow/example_dags/tutorial.py for tasks to queue
[2026-09-22T17:13:11.525+0000] {logging_mixin.py:188} INFO - [2026-09-22T17:13:11.525+0000] {dagbag.py:545} INFO - Filling up the DagBag from /home/airflow/.local/lib/python3.12/site-packages/airflow/example_dags/tutorial.py
[2026-09-22T17:13:11.531+0000] {processor.py:840} INFO - DAG(s) 'tutorial' retrieved from /home/airflow/.local/lib/python3.12/site-packages/airflow/example_dags/tutorial.py
[2026-09-22T17:13:11.548+0000] {logging_mixin.py:188} INFO - [2026-09-22T17:13:11.547+0000] {dag.py:3089} INFO - Sync 1 DAGs
[2026-09-22T17:13:11.567+0000] {logging_mixin.py:188} INFO - [2026-09-22T17:13:11.567+0000] {dag.py:3947} INFO - Setting next_dagrun for tutorial to 2026-09-21 00:00:00+00:00, run_after=2026-09-22 00:00:00+00:00
[2026-09-22T17:13:11.589+0000] {processor.py:183} INFO - Processing /home/airflow/.local/lib/python3.12/site-packages/airflow/example_dags/tutorial.py took 0.073 seconds
